gene_id	baseMean	log2FoldChange	lfcSE	stat	pvalue	padj
ENSMUSG00000032011	85101.0541720352	1.16788576202631	0.0577011415250315	20.2402540254713	4.3293219023102e-91	7.31265762519216e-87
ENSMUSG00000054423	26411.1966484768	-1.12524188136704	0.0565859108406106	-19.8855486224581	5.42853058203066e-88	4.58466550305399e-84
ENSMUSG00000071547	290.058023437387	0.494898548080755	0.0765015271176006	6.46913292750328	9.8566860406692e-11	5.54964279709812e-07
ENSMUSG00000037428	16683.7522086158	-0.427349057682547	0.069042394273787	-6.18966161555606	6.02935065196795e-10	2.54604404655976e-06
ENSMUSG00000021721	736.109369998505	-0.38187217721178	0.0622334082443875	-6.13612829482497	8.4556879267455e-10	2.85650049541317e-06
ENSMUSG00000066113	343.552194222797	1.00339132183029	0.166906643266014	6.01169193865513	1.83596963560113e-09	5.16856051915644e-06
ENSMUSG00000021675	6807.00530093294	-0.258541974333091	0.0437146587548922	-5.9143084195792	3.33272890176879e-09	8.0418748399681e-06
ENSMUSG00000034910	626.124838111709	0.311732293906425	0.053430346764436	5.83436778504906	5.39949032132578e-09	1.14003488771892e-05
ENSMUSG00000037362	3474.04167500216	1.95183723378299	0.34097931093254	5.72421015352788	1.03916053299998e-08	1.7663968861801e-05
ENSMUSG00000039084	281.172985047038	3.05360361027507	0.534011197449507	5.71823891495048	1.07633736685091e-08	1.7663968861801e-05
ENSMUSG00000062542	10768.6288298582	-0.208094193177368	0.0364634381552198	-5.70692736904128	1.15033839014748e-08	1.7663968861801e-05
ENSMUSG00000054889	48.774280820478	3.00042636843903	0.533845822379683	5.62039870437548	1.90517269879122e-08	2.68168933794021e-05
ENSMUSG00000037697	4465.50885451883	-0.2687297724693	0.0483119622763502	-5.56238579033767	2.66111188183697e-08	3.45760313816218e-05
ENSMUSG00000032939	6348.76048046223	-0.171705037835919	0.0311032230596628	-5.5204901918541	3.38055263975652e-08	4.07863675986625e-05
ENSMUSG00000040732	264.589642080553	0.808492650986179	0.147262177927577	5.49015818157867	4.01573937022245e-08	4.52199024682849e-05
ENSMUSG00000070576	83.618507110194	1.64890595592466	0.308794472161839	5.3398169480847	9.30404765683152e-08	9.82216681072132e-05
ENSMUSG00000001420	11064.3872077762	-0.211280193240375	0.0398772416678946	-5.29826498532566	1.16908222990948e-07	0.000116158634972948
ENSMUSG00000059991	9142.41596863668	-0.275029871352051	0.0534115252433616	-5.14926076532955	2.61515094796362e-07	0.000224122717989769
ENSMUSG00000031849	1380.19567686289	1.3472713143515	0.262186860046809	5.13859204885772	2.76804594078783e-07	0.000224122717989769
ENSMUSG00000031842	518.166104058393	-0.391176399172671	0.076167288914247	-5.1357532183281	2.8101621916543e-07	0.000224122717989769
ENSMUSG00000074199	206.203043613713	3.07992497106757	0.600719755708924	5.12705790311969	2.94305023360853e-07	0.000224122717989769
ENSMUSG00000052504	161.087995285593	1.27157566605821	0.248327035527723	5.12056878283899	3.04615483191268e-07	0.000224122717989769
ENSMUSG00000045136	30567.1848252027	-0.176543677111386	0.0344871912292401	-5.11910859709859	3.06983164171192e-07	0.000224122717989769
ENSMUSG00000079355	31.9168720505826	1.88359469250476	0.368451838068163	5.11218698861886	3.184503718995e-07	0.000224122717989769
ENSMUSG00000056481	387.326277313124	1.7416336824133	0.341976674266245	5.09284349919535	3.52732853261109e-07	0.000238320424977336
ENSMUSG00000031934	4859.37487557887	-0.165952921825373	0.0327885189157943	-5.06131192603009	4.16381348033748e-07	0.000270503744216847
ENSMUSG00000052684	12732.0800475042	-0.228556511492266	0.0452503582110764	-5.05093264513251	4.39658092704165e-07	0.000275046846069113
ENSMUSG00000029822	25563.6594773664	-0.234378489063949	0.0468760900196885	-4.99995816557028	5.73427548895038e-07	0.000345920168870932
ENSMUSG00000040152	4676.37408368252	2.49472706237062	0.500486798600191	4.98460113103504	6.20897641027842e-07	0.000361640760503492
ENSMUSG00000032271	54.9447224501561	1.23270889266119	0.25237742748293	4.88438647210064	1.03751399961012e-06	0.000584154965580486
ENSMUSG00000025358	96.8918896889355	0.637656807039431	0.131153901600984	4.86189735307613	1.16265912369551e-06	0.000623339173583215
ENSMUSG00000061947	55.4936569454114	-1.00529733421167	0.206989212893357	-4.85676195468992	1.19320895408808e-06	0.000623339173583215
ENSMUSG00000028680	896.818904164854	-0.317232361274883	0.0653801374885149	-4.8521213546027	1.22147839093925e-06	0.000623339173583215
ENSMUSG00000072294	635.913102110926	0.430751920406043	0.0888735696154467	4.84679440996793	1.25472333798054e-06	0.000623339173583215
ENSMUSG00000022665	749.975741798623	0.822796011932562	0.172229975924605	4.77731014891825	1.77655649514647e-06	0.000805205466815924
ENSMUSG00000036412	119.125387565091	1.97238208060779	0.412986036356236	4.77590501124459	1.78900830895046e-06	0.000805205466815924
ENSMUSG00000040151	5974.29391285692	-0.151012794068521	0.031632996190714	-4.77390106071748	1.80691176639107e-06	0.000805205466815924
ENSMUSG00000004360	2660.34947272899	-0.286005141285627	0.059969660870913	-4.76916389274344	1.84992113444165e-06	0.000805205466815924
ENSMUSG00000024011	1362.22956794963	1.83162901959933	0.384380714272259	4.76514286900975	1.88719881211408e-06	0.000805205466815924
ENSMUSG00000031891	35.337706560793	2.64390835124692	0.555086534718491	4.76305618292068	1.90682722589764e-06	0.000805205466815924
ENSMUSG00000031595	191.242415221196	1.34514257709232	0.28335769777639	4.74715381882386	2.06299062725674e-06	0.000849901821585209
ENSMUSG00000046056	46.4918427393838	2.51151164147355	0.530331314458809	4.73574079636707	2.18256392193702e-06	0.000877754457272338
ENSMUSG00000032181	53485.1422404897	-0.297672711496513	0.0630347886463315	-4.72235598609939	2.33128161520719e-06	0.000912959339789247
ENSMUSG00000046491	156.915822749563	1.17496015679566	0.249046020654988	4.71784352829861	2.38357701307185e-06	0.000912959339789247
ENSMUSG00000013089	7941.01102440208	-0.219537229050393	0.0466016451080284	-4.71093302696671	2.46585266427702e-06	0.000912959339789247
ENSMUSG00000040254	924.859011987032	0.912594199738829	0.193787596698603	4.70924979351586	2.48630215086764e-06	0.000912959339789247
ENSMUSG00000056174	1443.76823909427	1.88140149249423	0.40197006568503	4.68045173783768	2.862434918622e-06	0.00102871038745626
ENSMUSG00000027506	19900.3634511882	-0.133027567346682	0.0285445719623722	-4.66034549482966	3.15679049858249e-06	0.00110282008587853
ENSMUSG00000027204	1628.99691891877	1.4009207803919	0.300781931418752	4.65759619862778	3.19922942443005e-06	0.00110282008587853
ENSMUSG00000038546	3215.32006635395	-0.159876441400584	0.0344177710670952	-4.64517127180941	3.39794435593545e-06	0.00114789356232211
ENSMUSG00000070972	261.021826651543	0.475407788750831	0.102691495755675	4.62947574433941	3.66592662130841e-06	0.00121414052079452
ENSMUSG00000020186	845.078723479371	0.380303541752992	0.0827571124837432	4.59541821046135	4.31882176091347e-06	0.00138104013170906
ENSMUSG00000060534	106.31853760456	0.981300311467094	0.213571460576068	4.59471648889895	4.33338031973122e-06	0.00138104013170906
ENSMUSG00000140213	222.751366062181	-0.432781006688085	0.0943011524757305	-4.58935013333443	4.4462808710646e-06	0.00139078018876208
ENSMUSG00000028381	8504.02809470683	-0.243527463268067	0.053116803191121	-4.58475376222896	4.54521766123714e-06	0.00139436350114917
ENSMUSG00000028004	1560.62680865171	-0.36147224072396	0.0789144572722437	-4.58055790052426	4.6373720559252e-06	0.00139436350114917
ENSMUSG00000032725	47.6642350452423	2.03122515313821	0.44413677922792	4.57342253138607	4.79821136585462e-06	0.00139436350114917
ENSMUSG00000034226	2692.30215534041	-0.209381913861579	0.0457963023397512	-4.57202663019008	4.83029531893892e-06	0.00139436350114917
ENSMUSG00000026574	161.008835355276	1.54702381527532	0.338495741923766	4.57029032768081	4.87048999868574e-06	0.00139436350114917
ENSMUSG00000051236	805.599364799393	0.321164935456791	0.070456284713674	4.55835752285218	5.15552207982323e-06	0.00144314973154703
ENSMUSG00000041324	251.048802110311	1.2775473432747	0.280405110014934	4.55607725268152	5.21177749241425e-06	0.00144314973154703
ENSMUSG00000075122	44.3449491132197	1.46860622642538	0.323269373266145	4.54297978056923	5.54645733377863e-06	0.00151105178749766
ENSMUSG00000038210	86.9155714904451	2.21547372640786	0.488234760183061	4.53772223341325	5.6865091907333e-06	0.00152461629747105
ENSMUSG00000026051	1030.17517205749	1.79964334039067	0.397704787786921	4.5250733600795	6.03745596449039e-06	0.00159341669837824
ENSMUSG00000044317	146.870619299108	1.48031306271814	0.327531673332098	4.51960278423879	6.19557632597321e-06	0.00160999199572329
ENSMUSG00000020241	4412.25175918381	1.79104249748378	0.396891214405288	4.51267861942351	6.40139837831782e-06	0.00162402956011857
ENSMUSG00000019461	3725.41946940418	-0.129567348940248	0.0287203593162864	-4.51134150215087	6.44189097909799e-06	0.00162402956011857
ENSMUSG00000072676	4424.59413667545	-0.241696851867604	0.0536401214557567	-4.5058968046327	6.60932040859993e-06	0.00164173575031855
ENSMUSG00000018672	487.303910416706	0.614723396765561	0.136547775839679	4.50189241813288	6.7351073004113e-06	0.00164873474509054
ENSMUSG00000050377	2113.76035632771	-0.506383555857131	0.112607163106371	-4.49690358844039	6.89502340283999e-06	0.00166376914710529
ENSMUSG00000072941	1505.66238655463	0.461751217228501	0.102947853702276	4.48529231667014	7.28140397104012e-06	0.001732256260209
ENSMUSG00000026674	2225.68001254764	1.08250641683614	0.24224125546126	4.46871204813935	7.86919788495794e-06	0.00182387763239775
ENSMUSG00000040025	4293.09119421864	-0.157181859944346	0.0351915725717308	-4.46646308925136	7.95233749567475e-06	0.00182387763239775
ENSMUSG00000027188	297.067362588493	1.93285804590886	0.432848359416801	4.46543923260585	7.99046502856159e-06	0.00182387763239775
ENSMUSG00000037553	9283.27670121672	-0.17054031389964	0.0383215969097322	-4.4502402731638	8.57742708968528e-06	0.00193075145098807
ENSMUSG00000025784	608.976851383366	1.68503507440737	0.37887188958579	4.44750619067985	8.68729561749414e-06	0.00193075145098807
ENSMUSG00000046707	2290.43704528976	-0.118589009548623	0.0268331594754475	-4.41949482904286	9.89318885004586e-06	0.00213839557232397
ENSMUSG00000017664	1941.85500131646	-0.138907550454295	0.0314546640156757	-4.41611935149171	1.00488614468975e-05	0.00213839557232397
ENSMUSG00000032657	35415.5865957923	-0.174723467782546	0.039580321427053	-4.41440244755373	1.01289377288054e-05	0.00213839557232397
ENSMUSG00000021943	150.407731960561	1.27167496057579	0.288128549228623	4.41356805488494	1.01680734517804e-05	0.00213839557232397
ENSMUSG00000047420	134.901517156996	1.81164037714806	0.410693768425148	4.41117084414257	1.02813154854352e-05	0.00213839557232397
ENSMUSG00000039197	15412.0270522249	-0.167219966017484	0.0379323191682491	-4.40837706958487	1.04148106956326e-05	0.00213839557232397
ENSMUSG00000016128	4769.52593521713	-0.191807718149141	0.043538023696261	-4.40552192922835	1.05529474986927e-05	0.00213839557232397
ENSMUSG00000018507	5489.11215919931	-0.192397166078147	0.0437051596878052	-4.40216137985718	1.07177786567311e-05	0.00213839557232397
ENSMUSG00000031375	7902.99241599338	1.41600065363495	0.321724089499495	4.40128886785512	1.07609746993983e-05	0.00213839557232397
ENSMUSG00000045216	7347.26734851887	-0.179466871542279	0.0409904337971328	-4.3782623143362	1.19629312621679e-05	0.0023496031622009
ENSMUSG00000022620	2328.87781773701	-0.147821191066996	0.0339175304698035	-4.35825335805624	1.31104560436143e-05	0.00254538750612287
ENSMUSG00000031877	216.627956759205	0.748379165457167	0.172046616003971	4.34986274557062	1.36222768841762e-05	0.0025850789376924
ENSMUSG00000038855	12133.9388867777	-0.162974009148314	0.0374870492098292	-4.34747499692724	1.37713763912937e-05	0.0025850789376924
ENSMUSG00000030074	470.4352731115	2.2147470949746	0.509437918387105	4.3474327588071	1.37740278486955e-05	0.0025850789376924
ENSMUSG00000057193	10965.3851544985	-0.175965885806889	0.0405863869314657	-4.33558882942759	1.45370453641763e-05	0.00269829926644289
ENSMUSG00000058914	87.5627641195535	3.01895428380521	0.697168978762316	4.33030495585841	1.48902985196873e-05	0.00273382643800042
ENSMUSG00000052957	1036.86467976881	1.64228521753471	0.379809376029505	4.32397229026576	1.53244553121056e-05	0.002783283598675
ENSMUSG00000042436	283.322860832636	1.89909666002941	0.442092444314062	4.29570033248588	1.74142692844901e-05	0.00312919598387577
ENSMUSG00000052688	273.324298960098	1.01319404248898	0.236909983570183	4.27670470961319	1.8968013492434e-05	0.00337251279895476
ENSMUSG00000027215	5524.98247847532	-0.206744452101625	0.0484105825046513	-4.27064582587414	1.94907727497044e-05	0.00340769719788377
ENSMUSG00000037907	5714.3102599262	-0.164155590017582	0.0384462009460967	-4.26974801093445	1.95693936531126e-05	0.00340769719788377
ENSMUSG00000025150	213.810858611584	0.850852228642793	0.199703629195398	4.26057469296307	2.03901923221723e-05	0.00350977721425624
ENSMUSG00000074796	1313.83743535874	-0.254463677684751	0.059780551499516	-4.25662981190147	2.07531559204103e-05	0.00350977721425624
ENSMUSG00000071379	8188.48565111642	-0.142542659951641	0.0334893991398081	-4.2563516698693	2.07789782384479e-05	0.00350977721425624
ENSMUSG00000020604	459.790357148434	0.301874331515994	0.0711505016711152	4.24275759728825	2.20789880855282e-05	0.00369243750250156
ENSMUSG00000027611	1010.27671808777	0.67802318009785	0.159964256372918	4.23859176713329	2.24926240103344e-05	0.00372473443292705
ENSMUSG00000060962	44.9499521655412	1.98477018957133	0.468511910702486	4.23632813645093	2.27204676094544e-05	0.00372593610088635
ENSMUSG00000024043	7541.04373573679	-0.235870987332383	0.0557218951601781	-4.23300368112657	2.30590729261636e-05	0.00374510385380606
ENSMUSG00000010461	57.5040814122324	1.62012300535171	0.38293548717728	4.23079881494942	2.32862876204353e-05	0.00374598746854068
ENSMUSG00000107881	299.254415928081	0.491807903370214	0.116424261247221	4.22427334390283	2.3971296383103e-05	0.00381980346421691
ENSMUSG00000028049	4401.711172644	-0.134353830741811	0.0318350628383097	-4.22030989617311	2.43966714298293e-05	0.00385125399178735
ENSMUSG00000004473	169.269767328801	1.27709078805258	0.30430132480064	4.19679667477378	2.70716767365646e-05	0.004233960108864
ENSMUSG00000023903	6700.83787579517	-0.250338438028982	0.0597752917699756	-4.18799190462043	2.81433552962936e-05	0.00434760973906336
ENSMUSG00000033470	814.929140417065	-0.430698767368967	0.102959154343745	-4.18320031972111	2.87433908048625e-05	0.00434760973906336
ENSMUSG00000027800	1383.95417050635	0.534385200664096	0.127773792459837	4.18227549152594	2.88605957776223e-05	0.00434760973906336
ENSMUSG00000032368	815.847413512723	1.38810785814187	0.331935240080631	4.18186347976999	2.89129568454282e-05	0.00434760973906336
ENSMUSG00000026904	1104.80549495314	1.92320093457616	0.460039533348218	4.18051231505886	2.90853058145853e-05	0.00434760973906336
ENSMUSG00000041559	1424.71459858455	2.61324697636466	0.625427600423082	4.17833650864925	2.93648967542786e-05	0.00434928961717628
ENSMUSG00000028716	32.5513371166032	2.52725628373198	0.605290691553264	4.17527696856971	2.97623721194214e-05	0.00434928961717628
ENSMUSG00000010307	1310.89026715758	0.440714738414847	0.105589373717351	4.17385502820181	2.99488368943616e-05	0.00434928961717628
ENSMUSG00000048027	21482.976761768	-0.182359638467404	0.0437115596797155	-4.17188587649569	3.02088938832413e-05	0.00434928961717628
ENSMUSG00000031111	23.8854624894471	1.98216830555094	0.47542062120238	4.16929392027183	3.05544747363577e-05	0.00434928961717628
ENSMUSG00000032332	2213.67905874436	1.42051476993961	0.340853734044046	4.16752004763442	3.07931438301287e-05	0.00434928961717628
ENSMUSG00000038077	10697.5662955922	-0.212899513697368	0.0510950137204674	-4.16673757760605	3.08989849068234e-05	0.00434928961717628
ENSMUSG00000038119	664.453717389993	0.918058706796865	0.220692255332823	4.15990450327471	3.18380686248002e-05	0.00444443650530165
ENSMUSG00000048583	332.973733379999	2.06556340445151	0.497090773715358	4.15530424959021	3.24854968515412e-05	0.00445099078642818
ENSMUSG00000024981	5053.28307359814	-0.125323024120203	0.030162741038466	-4.15489507271174	3.25436851903756e-05	0.00445099078642818
ENSMUSG00000036972	125.550780398017	1.63972367213137	0.394736492546057	4.1539703146145	3.26755584344973e-05	0.00445099078642818
ENSMUSG00000020866	197.195847689872	1.75271269179198	0.422359115920856	4.14981617709516	3.32742382651782e-05	0.004496281268297
ENSMUSG00000017929	6614.4178692983	-0.150719757076496	0.0363402865131612	-4.14745648804697	3.36189336579583e-05	0.00450680482870296
ENSMUSG00000019975	867.597595724359	0.322799226259715	0.0779315873911896	4.14208457784101	3.44163371680149e-05	0.00457737284334599
ENSMUSG00000098557	2058.52787205043	0.965972118784588	0.234092484060285	4.12645507463547	3.68397930518712e-05	0.00482145428121695
ENSMUSG00000026586	801.060874376596	1.33141531051837	0.322656811661814	4.12641314981401	3.68465065002508e-05	0.00482145428121695
ENSMUSG00000024538	422.391894957889	1.00122646922579	0.242734127915953	4.12478656306816	3.71078714438579e-05	0.00482145428121695
ENSMUSG00000040033	4621.45537581133	-0.203090166082383	0.0492755109175193	-4.12152329424507	3.76375405170821e-05	0.00484120911359895
ENSMUSG00000029070	1827.1370274324	0.59631898881697	0.144731109101694	4.120185304446	3.7856780875908e-05	0.00484120911359895
ENSMUSG00000025586	12713.523328601	-0.144680421550787	0.0351286287293899	-4.11859007265325	3.81197567999917e-05	0.00484120911359895
ENSMUSG00000037406	221.721170099905	0.751119133733036	0.182519214692609	4.11528799857065	3.86696278085341e-05	0.00487439315905932
ENSMUSG00000028780	1951.77514584371	0.497442450184243	0.120998011648545	4.11116218693851	3.93672536558527e-05	0.00492557245556302
ENSMUSG00000048387	227.201638473751	2.31239771142067	0.563189801993951	4.10589414658027	4.02753896714628e-05	0.00496995563151476
ENSMUSG00000074793	360.377551847684	0.50743313548031	0.123592566763737	4.10569299406438	4.0310456545943e-05	0.00496995563151476
ENSMUSG00000052188	65.4285021201774	0.740828482547731	0.180606544068193	4.1018916915215	4.09786092384129e-05	0.00500134546440058
ENSMUSG00000030201	3742.31869398584	0.33771487011759	0.0823680863201697	4.10006939829672	4.13026263735654e-05	0.00500134546440058
ENSMUSG00000029484	625.14800407148	1.2504648124126	0.305061599505852	4.09905676243138	4.14837297221027e-05	0.00500134546440058
ENSMUSG00000022146	3436.2031672785	-0.321590232632293	0.0784852177889357	-4.09746244824243	4.17703902396893e-05	0.00500134546440058
ENSMUSG00000046186	665.513653808942	0.791357800986026	0.193220068135086	4.09562944793479	4.21022894033847e-05	0.00500134546440058
ENSMUSG00000027577	426.607582532534	-0.419025184515458	0.10234314362179	-4.09431613771771	4.23416258012719e-05	0.00500134546440058
ENSMUSG00000048368	227.061220162209	1.20088437893928	0.293702543976257	4.088777586606	4.33652394067192e-05	0.00508668235290899
ENSMUSG00000063687	222.127706649703	-0.462436287621937	0.113477242035761	-4.07514563559983	4.598555895105e-05	0.00535684190511853
ENSMUSG00000021948	20512.862423462	-0.225437582810624	0.0553490734429994	-4.07301457435937	4.64085190714533e-05	0.00536908421668437
ENSMUSG00000036622	13721.2264289898	-0.150765691317982	0.0370377992335902	-4.07058989566664	4.68942405250982e-05	0.00537613797643384
ENSMUSG00000020053	877.610315237832	1.44130068437457	0.354167963562645	4.0695399715893	4.7106057694169e-05	0.00537613797643384
ENSMUSG00000001119	3423.73844287712	1.53724857631195	0.379167297892259	4.05427521006509	5.02899828589653e-05	0.00570099396289116
ENSMUSG00000071656	312.255673021462	0.887291925944862	0.219120866444244	4.04932647603708	5.1365247075477e-05	0.00576253475381684
ENSMUSG00000004530	6824.31104773804	-0.103257281624317	0.0255041624397642	-4.04864428966017	5.1515170672331e-05	0.00576253475381684
ENSMUSG00000053819	15234.9042865147	-0.171676700653525	0.0424714410552973	-4.04216801662095	5.29592623152306e-05	0.00588509802478
ENSMUSG00000046768	897.824752567298	0.588694218501651	0.145742900426322	4.0392651496548	5.36189247171731e-05	0.00591945919867825
ENSMUSG00000011256	7634.32334987701	-0.250916835784713	0.0621981558739784	-4.03415233553071	5.47997597123008e-05	0.0060105372811719
ENSMUSG00000069378	126.626854784101	2.30803626788465	0.572686450809658	4.03019185214103	5.57313465100609e-05	0.00607007490913369
ENSMUSG00000006958	80.9835645226309	1.36057963612601	0.337840036880921	4.02728950863091	5.64235412511186e-05	0.00607007490913369
ENSMUSG00000039005	372.983564795266	0.365396993856073	0.0907348942105996	4.027083483538	5.64729855315523e-05	0.00607007490913369
ENSMUSG00000030218	3611.99053814742	1.69716640963787	0.421571641877732	4.02580781306465	5.67800506567475e-05	0.00607007490913369
ENSMUSG00000024087	3729.82132705603	0.348915040121213	0.0867688811701646	4.0212001747141	5.79023736124645e-05	0.00611839010509429
ENSMUSG00000022032	1151.18269735188	1.39707908417544	0.347447383095737	4.02098030420475	5.79564511760752e-05	0.00611839010509429
ENSMUSG00000031250	32.3190506151592	1.94334514476439	0.483531382914545	4.01906724864608	5.84289936658734e-05	0.00612365397942162
ENSMUSG00000118669	3395.12139870474	-0.130097070551633	0.0323797673955854	-4.01785068318218	5.87313921417501e-05	0.00612365397942162
ENSMUSG00000002980	48963.9387595079	-0.155487907735518	0.0387265602339795	-4.01501984157865	5.94407940294038e-05	0.00615959786472797
ENSMUSG00000003420	1857.5614364374	0.616253034778818	0.153669788444698	4.01024196763694	6.06565554538293e-05	0.00624725535469897
ENSMUSG00000020122	485.343243947078	0.989003089335976	0.246812709997594	4.00709951017358	6.14689693907207e-05	0.00625761944305194
ENSMUSG00000030748	4118.35590673666	-0.182439032610647	0.0455315332633085	-4.00687215068299	6.15281461366782e-05	0.00625761944305194
ENSMUSG00000021614	400.668761585048	0.754155699245468	0.188276836954636	4.00556813808793	6.18685955236324e-05	0.00625761944305194
ENSMUSG00000036103	759.678695533029	1.28704443731524	0.321526659856012	4.00291670336641	6.25663350243368e-05	0.00629052360057186
ENSMUSG00000041730	9127.13181101187	-0.167536400631248	0.0418907411025842	-3.99936587946668	6.35124280825023e-05	0.00634786048959494
ENSMUSG00000059588	544.605386386704	0.332639520015562	0.0832673997256792	3.99483496676284	6.47393324713984e-05	0.00641809206591426
ENSMUSG00000075592	669.436823200866	0.401916189089285	0.100630653647456	3.99397374976153	6.49750602848463e-05	0.00641809206591426
ENSMUSG00000004040	26639.7097090271	-0.183818059831127	0.0461970221894906	-3.97900234948356	6.92050571434118e-05	0.00676032310275177
ENSMUSG00000035279	166.800755020116	0.694682348119576	0.174592360576812	3.97888169805661	6.92401809706978e-05	0.00676032310275177
ENSMUSG00000030862	479.50885990947	0.935861463883384	0.235297961784523	3.97734624127518	6.968865608709e-05	0.00676500626417837
ENSMUSG00000028266	2240.25730251524	0.43805781240502	0.110576868992937	3.96156824112103	7.44590942811535e-05	0.00717777921494153
ENSMUSG00000020911	119.285096075369	1.65898520360455	0.418881982540092	3.96050742871416	7.47906661434912e-05	0.00717777921494153
ENSMUSG00000027082	488.52351763848	1.35621116382031	0.342768600686954	3.9566376882313	7.60120837731183e-05	0.00725378591532057
ENSMUSG00000022604	1029.31372312321	-0.216331890286331	0.0547190738549312	-3.95350058116592	7.70160767830532e-05	0.00730830647720534
ENSMUSG00000040569	758.534447346949	1.48965287028901	0.377373985655609	3.94741801743714	7.89985563699044e-05	0.00743890496446078
ENSMUSG00000026043	11647.3834978588	1.14408817380728	0.289893065045334	3.94658690309948	7.92731569239796e-05	0.00743890496446078
ENSMUSG00000023186	34265.5217087105	-0.201055912923178	0.0509837930516777	-3.94352598911944	8.02922855641145e-05	0.00749291157714618
ENSMUSG00000032733	329.976059510311	0.514199995528316	0.130443263847172	3.94194364939193	8.08239680005578e-05	0.00750108595328254
ENSMUSG00000036545	1428.25323382171	1.01420410686043	0.257624483594306	3.93675357524459	8.25913413487406e-05	0.00762322593836927
ENSMUSG00000020251	191.031887349524	0.617598610694536	0.157314895618825	3.92587496730749	8.64150375249916e-05	0.00793223357464494
ENSMUSG00000054580	299.233327643644	-0.326671693360726	0.0832372007528131	-3.92458768923324	8.68784092895218e-05	0.00793223357464494
ENSMUSG00000006731	1993.32836608656	-0.160993395344321	0.0410593954779617	-3.92098796073929	8.8186669222947e-05	0.00800839263357418
ENSMUSG00000034463	2167.7047102223	1.40329315889829	0.3580918197763	3.9188081977827	8.89878909397842e-05	0.00803793832012778
ENSMUSG00000028412	15684.5542065994	-0.102275546255902	0.0261239992377403	-3.91500341602174	9.04029279140537e-05	0.0080746250139392
ENSMUSG00000003032	692.641668859405	1.25092261183035	0.319550671019722	3.91462990153804	9.05429816330036e-05	0.0080746250139392
ENSMUSG00000073889	955.192698527508	0.488058397331581	0.12469966413734	3.91387098520209	9.08281778845804e-05	0.0080746250139392
ENSMUSG00000039661	11784.9660906047	-0.127447641865012	0.0326298762908784	-3.90585734156276	9.38918946577693e-05	0.00822992064575262
ENSMUSG00000030766	4632.55873355361	-0.185234320892764	0.0474272113733269	-3.90565490841697	9.39705368368066e-05	0.00822992064575262
ENSMUSG00000033420	1838.79588933653	0.507185025364776	0.129864812451726	3.90548460194565	9.40367464703247e-05	0.00822992064575262
ENSMUSG00000032374	580.024253349521	0.80749182605026	0.20702046483486	3.90054107304992	9.59779404603405e-05	0.00835651233152377
ENSMUSG00000002017	4824.14196200267	-0.137049223125791	0.0351927256082499	-3.8942486197677	9.85035818986041e-05	0.00853243077871447
ENSMUSG00000006641	1432.10453436222	0.524718501432214	0.134956099445865	3.8880680724082	0.00010104529075651	0.00870793880698069
ENSMUSG00000045671	5861.56464974514	-0.146629730460755	0.037781156616385	-3.88102809952525	0.000104015820864071	0.00887843281833729
ENSMUSG00000030790	115.555214883764	1.22888967122937	0.316668101664026	3.88068663932934	0.000104161975929392	0.00887843281833729
ENSMUSG00000041930	790.091338243888	-0.395856212292315	0.102033615035465	-3.87966467869166	0.000104600564256061	0.00887843281833729
ENSMUSG00000039476	168.173174709224	1.20618801480668	0.31116131366245	3.87640738692588	0.000106010133983981	0.00895308586561713
ENSMUSG00000040430	20521.6023587593	-0.230217791786441	0.0594459774048413	-3.87272279533067	0.000107626215206888	0.00901106370069618
ENSMUSG00000040562	677.498076260998	0.697183340744556	0.180038524464083	3.87241198971079	0.000107763594076172	0.00901106370069618
ENSMUSG00000125545	50.6269704559674	0.808554472189025	0.208991722700691	3.86883490762457	0.000109356652727324	0.00909922769072529
ENSMUSG00000054457	1302.24765095657	-0.236707909376718	0.0612274471083697	-3.86604244592716	0.000110615694630541	0.00915887106864938
ENSMUSG00000041703	45.4213853637156	1.81804553850617	0.470537228827344	3.86376555801342	0.000111652386786744	0.00919961202543851
ENSMUSG00000038916	9873.81163023277	-0.216942999360933	0.0561954126373435	-3.86051083494969	0.00011315022299089	0.00927776901232582
ENSMUSG00000022817	2333.69913998728	0.504221375571044	0.130778410649469	3.85553986370526	0.000115474510782936	0.00942260851031192
ENSMUSG00000003559	594.376780373854	0.316468998842603	0.08215021991382	3.85232077497292	0.000117003609933525	0.00948082295195179
ENSMUSG00000041445	834.807885099218	0.617356578147199	0.160296708032867	3.85133659775856	0.000117474902163269	0.00948082295195179
ENSMUSG00000004791	420.748503970821	0.401841457989247	0.104383495720102	3.84966469284341	0.000118279632189519	0.00948082295195179
ENSMUSG00000008540	835.511169420332	0.309977537119263	0.0805328296285702	3.84908289636571	0.000118560882626667	0.00948082295195179
ENSMUSG00000024529	2294.4058549616	0.822891741939818	0.213838721365272	3.84818865678766	0.000118994403280669	0.00948082295195179
ENSMUSG00000058571	623.211363050681	0.73995536434538	0.192441385749449	3.84509476204236	0.000120505860061543	0.00955617127840153
ENSMUSG00000032006	265.749158895165	0.573059369263339	0.149094751395822	3.84359183605305	0.000121246597826532	0.00956998263499042
ENSMUSG00000029563	355.16776249734	0.804497355478753	0.20938501641718	3.84219162022495	0.00012194057446695	0.00957999182940117
ENSMUSG00000028173	3102.87874586816	0.388355362199759	0.10116702947815	3.83875422855661	0.000123660132846321	0.00960723300435255
ENSMUSG00000075590	6458.24833710263	-0.119029455632935	0.0310094224514438	-3.83849314895555	0.000123791667901991	0.00960723300435255
ENSMUSG00000033149	612.353532621604	0.800247160777134	0.208515652792009	3.83782776046731	0.000124127495324497	0.00960723300435255
ENSMUSG00000054958	56.6557756213475	1.5147228751532	0.394770732829879	3.83696852169118	0.000124562431351205	0.00960723300435255
ENSMUSG00000030341	2679.24156145665	0.282206816103789	0.0736936905156212	3.8294569606874	0.000128426340718889	0.00981980724461056
ENSMUSG00000022442	4418.75058768651	-0.150634987010017	0.0393369424467974	-3.82935168928669	0.000128481285954587	0.00981980724461056
ENSMUSG00000058587	2544.34622636816	0.413849865376047	0.108258677022199	3.82278702049153	0.000131951745845069	0.0100396258516624
ENSMUSG00000054675	445.715517034017	1.4869177832128	0.389398330943469	3.81850065872179	0.000134265226024094	0.0101274411378609
ENSMUSG00000039037	1642.19888913697	-0.333620905000583	0.0873712826484813	-3.81842746137574	0.000134305062748259	0.0101274411378609
ENSMUSG00000021835	292.939149400438	1.89264170241466	0.495828780636687	3.81712755759024	0.000135014376429033	0.0101356792545013
ENSMUSG00000026223	16742.3628874803	0.204029223399325	0.0534848470167962	3.81471079715816	0.00013634251132137	0.0101900945076516
ENSMUSG00000074743	3399.76607867962	1.17529011890746	0.308564270432914	3.80889892811808	0.000139586997598974	0.010386625446891
ENSMUSG00000032012	2513.36616157243	-0.314880088556491	0.0828917755891672	-3.79868915002035	0.000145463394352714	0.0107764131316302
ENSMUSG00000024659	1005.11967769978	1.21335981022651	0.319710208050424	3.79518632709763	0.000147532614680353	0.0108488890373639
ENSMUSG00000022974	437.178632747283	-0.23869597597513	0.0629289029485833	-3.79310562858786	0.000148774832258027	0.0108488890373639
ENSMUSG00000035258	822.934855143614	0.664085919017077	0.175089148937318	3.79284451976415	0.000148931412918127	0.0108488890373639
ENSMUSG00000028476	660.155332172172	0.540542704777747	0.142521415541827	3.7927121529263	0.000149010849367617	0.0108488890373639
ENSMUSG00000044080	836.90520415056	0.493091456051668	0.130524567067519	3.77776741290853	0.000158240555833441	0.0114714215818998
ENSMUSG00000030077	6364.96875834414	-0.219373975105127	0.0581299835574937	-3.77385235088109	0.000160745918330665	0.0116032448996721
ENSMUSG00000024899	196.954268748825	0.966302957564366	0.256417365241743	3.76847705557447	0.000164246579120579	0.0117840378367205
ENSMUSG00000071172	6288.82080670935	0.135163622556984	0.0358731795413794	3.76781830562506	0.000164680490238907	0.0117840378367205
ENSMUSG00000005124	396.701915575358	0.407831989920312	0.10826971875621	3.76681490083692	0.000165343494600838	0.0117840378367205
ENSMUSG00000028995	1242.09970262955	0.179210326639678	0.047620186242295	3.76332687419245	0.000167667814213334	0.0118848628946743
ENSMUSG00000001034	1374.71161275292	-0.183532774702133	0.0487783595738354	-3.76258603826808	0.000168165427258728	0.0118848628946743
ENSMUSG00000050953	1886.9407289797	0.594653763391799	0.158202321661079	3.75881818388065	0.000170717835260625	0.0119881233102898
ENSMUSG00000049922	1740.74652386108	-0.206295228951404	0.0548909376785548	-3.75827482050832	0.000171088911104756	0.0119881233102898
ENSMUSG00000062421	1566.75855038582	0.319780860185368	0.0851091896041425	3.7573011994677	0.000171755718494473	0.0119881233102898
ENSMUSG00000026185	16509.9455840226	1.16675932839805	0.310793365710877	3.75413202829901	0.000173943167137646	0.0120908396548229
ENSMUSG00000030067	1180.8154895	0.359912585448	0.095943257270352	3.75130671698822	0.000175915339169902	0.012177811450487
ENSMUSG00000031214	2745.01056216424	-0.157871454339363	0.0421109997942979	-3.74893626630874	0.000177586204210916	0.0122219382848588
ENSMUSG00000023885	919.247725736929	1.22296333483942	0.326266891107661	3.74835255482872	0.000177999930026361	0.0122219382848588
ENSMUSG00000028497	457.99690154297	1.23253310902613	0.329093130370348	3.74524107397529	0.000180220635159996	0.0123243188197874
ENSMUSG00000038893	370.531106858203	0.390032312090719	0.104251000588824	3.74128123363577	0.000183084505858848	0.0124696789857331
ENSMUSG00000027347	11410.7077922701	-0.30177489535221	0.0807136153781516	-3.73883506442331	0.000184874966448862	0.0125410564589869
ENSMUSG00000017969	484.785149917466	1.68430037670373	0.450665830398975	3.73735984202002	0.000185962690599389	0.0125643832276571
ENSMUSG00000026989	75.285094476523	2.60306135719855	0.696711745840862	3.73620995015222	0.000186814708170237	0.0125716622936394
ENSMUSG00000022123	65.024906077057	1.1706693372227	0.313513829982788	3.734027737427	0.00018844172712949	0.0125949367325083
ENSMUSG00000010122	732.778083655003	1.7547040917188	0.470021265690582	3.73324404618308	0.000189029276861368	0.0125949367325083
ENSMUSG00000042638	68.3481620131994	1.94717636416607	0.521646045015869	3.73275400584478	0.000189397544849749	0.0125949367325083
ENSMUSG00000034403	8560.41983638348	-0.113848415642494	0.030580515824614	-3.72290697434405	0.00019694209892375	0.0130452901683179
ENSMUSG00000032925	962.089765815409	1.16020789610494	0.311942336946619	3.71930244371889	0.000199773728348357	0.0131811642403598
ENSMUSG00000006931	584.536720855309	0.509490556703027	0.137198669118958	3.7135240449109	0.000204393035241494	0.0134334737675645
ENSMUSG00000019188	8591.34588265464	-0.14561479755586	0.0392602879689253	-3.70895897837314	0.000208113138138586	0.0136249574275149
ENSMUSG00000022012	2955.69371864223	-0.186136781562945	0.0502324094764627	-3.7055117105255	0.000210964381812366	0.0137582987381957
ENSMUSG00000060743	4186.38849243377	0.290994922486105	0.078593531781595	3.70253016870086	0.000213459967970469	0.0137930918878778
ENSMUSG00000024206	65.2489971917027	0.568878501102977	0.153655356964681	3.70230177678569	0.000213652273424797	0.0137930918878778
ENSMUSG00000048126	892.781348499248	1.07153312746706	0.289467664405782	3.70173687505547	0.000214128618403889	0.0137930918878778
ENSMUSG00000034579	1654.26099477629	-0.212792181719451	0.0574960957241536	-3.70098489365877	0.00021476426301059	0.0137930918878778
ENSMUSG00000048373	185.62942429769	2.88667649944034	0.780452260198204	3.698722710736	0.000216687169417919	0.0138638749190836
ENSMUSG00000032194	1607.84109380499	0.547701320185072	0.14820696136304	3.695516830977	0.000219439941957461	0.0138736292615035
ENSMUSG00000021477	60385.0061052716	-0.145178561821043	0.0392869138709439	-3.69534146402921	0.000219591466297677	0.0138736292615035
ENSMUSG00000041731	209.629441620278	1.13850219600381	0.308108413193693	3.69513504744218	0.000219769944675174	0.0138736292615035
ENSMUSG00000020620	3183.62361998214	-0.216276440533894	0.0585365494253721	-3.6947247942864	0.000220125075015271	0.0138736292615035
ENSMUSG00000033152	3310.23375296446	0.290159792274804	0.0786885316705203	3.68744702836422	0.000226515227430852	0.0141797987023291
ENSMUSG00000027661	83.0689900975634	0.817285281917182	0.221649772884587	3.68728228899536	0.000226661870204775	0.0141797987023291
ENSMUSG00000000957	2124.79281593123	0.535819688537138	0.145398179256076	3.68518843412371	0.00022853349599335	0.0142441301875412
ENSMUSG00000071531	1499.21982569096	-0.318614942981917	0.0865015645885238	-3.68334312214495	0.00023019497289357	0.0142490942647341
ENSMUSG00000030849	243.427505983267	1.02258641220991	0.277643377906725	3.68309311001631	0.000230420948158261	0.0142490942647341
ENSMUSG00000068874	242.284133364506	0.626415398588643	0.170280400595963	3.6787287109747	0.000234399436063527	0.0142490942647341
ENSMUSG00000026159	9527.37386110368	-0.174440435186746	0.0474306022654464	-3.67780350353736	0.000235251074072364	0.0142490942647341
ENSMUSG00000028613	2393.5564429936	-0.252621665996289	0.0686952470288496	-3.67742568696487	0.000235599682136282	0.0142490942647341
ENSMUSG00000029470	2018.85409562986	-0.139366246960516	0.0379017956694693	-3.67703546755118	0.000235960243019072	0.0142490942647341
ENSMUSG00000081683	30.7846910238015	1.4843745877053	0.403728864882513	3.67666202944706	0.000236305782846626	0.0142490942647341
ENSMUSG00000025429	2286.35736273575	-0.23927466061372	0.0650819844896769	-3.67651144152916	0.000236445255146191	0.0142490942647341
ENSMUSG00000012017	459.716937977864	1.21055800486457	0.329273184667053	3.6764548746617	0.000236497666495377	0.0142490942647341
ENSMUSG00000030116	2295.50423799917	0.567111857190452	0.154280027565067	3.67586048655115	0.000237049049102497	0.0142490942647341
ENSMUSG00000021388	330.731806900914	1.03732292198895	0.282299075231693	3.67455302904403	0.000238266156281096	0.0142714668288794
ENSMUSG00000070867	461.611441336927	1.6292746726953	0.44377204187767	3.67142252991328	0.000241204193868489	0.0143868403027778
ENSMUSG00000039007	1248.0060021814	0.486636104469036	0.132585598619489	3.67035416769241	0.000242214628661262	0.0143868403027778
ENSMUSG00000029121	8900.53771736395	-0.181615490971585	0.049496157586067	-3.66928464408133	0.000243230138317352	0.0143868403027778
ENSMUSG00000004885	393.716906424161	1.7704583411066	0.48255876714538	3.66889685080203	0.000243599332579152	0.0143868403027778
ENSMUSG00000034040	11313.4263037252	-0.172402535135322	0.0470164564327697	-3.66685514425883	0.000245551801962109	0.0144516219057212
ENSMUSG00000053965	541.373052039124	1.17689319966097	0.321197108048701	3.66408404736486	0.000248225272509168	0.0145492462127259
ENSMUSG00000032243	255.568118464477	0.580833573708724	0.158552363822206	3.66335486716583	0.000248933287281853	0.0145492462127259
ENSMUSG00000032289	962.112349567745	1.44378934984451	0.3943346051096	3.66133058356171	0.000250908754208332	0.0145674198288953
ENSMUSG00000020473	2957.98155789316	1.76184446219197	0.481211425264573	3.66126897594607	0.000250969106045145	0.0145674198288953
ENSMUSG00000001507	6931.99566110059	-0.268732606949371	0.0735234196577046	-3.65506131516301	0.000257120519163583	0.0148733653739455
ENSMUSG00000045827	1131.76266954148	0.456761948300731	0.125015709105059	3.65363642353845	0.000258552312728959	0.0149051437348288
ENSMUSG00000032334	815.996346802793	1.25054969837833	0.342427644606608	3.65201150688346	0.000260194222976495	0.0149487776200544
ENSMUSG00000015289	345.028361385868	0.297363258219966	0.0815348544293106	3.64706922335619	0.000265248483232743	0.0151874987467263
ENSMUSG00000022353	4279.73649120374	-0.168089196615336	0.046121351066394	-3.64449853980563	0.000267913656554468	0.0152040631172317
ENSMUSG00000035799	182.758833994113	1.04150807021579	0.285801648027241	3.64416397667699	0.00026826235741129	0.0152040631172317
ENSMUSG00000029675	1051.43769205465	1.45443589382	0.399210448447761	3.64328113022904	0.000269184554155321	0.0152040631172317
ENSMUSG00000033295	20729.6799235028	-0.193384080798208	0.0530879996853899	-3.64270799322333	0.000269784826942081	0.0152040631172317
ENSMUSG00000033697	5113.50766559721	-0.210965535828167	0.0579183231497694	-3.64246622407622	0.000270038418990558	0.0152040631172317
ENSMUSG00000040502	1517.58441816939	-0.156636192285863	0.0430266030768566	-3.64044988645909	0.000272162077735167	0.0152727231063944
ENSMUSG00000010505	5406.19205636516	-0.202310720556073	0.055588529270659	-3.63943286880334	0.000273239156269964	0.0152823926773376
ENSMUSG00000035000	270.388065102525	2.24382533791064	0.61671511673397	3.63834982640543	0.000274390550429357	0.0152961412122187
ENSMUSG00000037492	2716.13775002317	-0.255035259635033	0.0701582892886021	-3.63514079691885	0.000277828858436681	0.0154070596879136
ENSMUSG00000001911	1445.38412080888	0.587701537196802	0.161744113930581	3.63352658044197	0.000279573631079968	0.0154070596879136
ENSMUSG00000079057	790.554876388333	0.326651070234016	0.0899058636412238	3.63325657531684	0.000279866474400878	0.0154070596879136
ENSMUSG00000041649	901.981416031701	-0.25259064839276	0.0695506082609984	-3.63175326152258	0.000281502207285044	0.0154070596879136
ENSMUSG00000024479	11671.7920038524	-0.226551737120986	0.0624006119696422	-3.63060120678309	0.000282761798990741	0.0154070596879136
ENSMUSG00000070469	529.131723770418	1.09996765934607	0.303008641329624	3.63015277227518	0.000283253518342976	0.0154070596879136
ENSMUSG00000029321	668.561526583977	-0.315051304368039	0.0868115213821381	-3.62914160876418	0.000284365225418767	0.0154070596879136
ENSMUSG00000022098	953.36871364926	0.538166706823878	0.148307262600842	3.62872793541011	0.000284821209037777	0.0154070596879136
ENSMUSG00000028194	4233.40496903245	-0.168025718113205	0.0463120908561671	-3.6281177335536	0.000285495072691942	0.0154070596879136
ENSMUSG00000019539	1737.00787740487	0.584580116961868	0.16112517007254	3.62811171400896	0.000285501727684386	0.0154070596879136
ENSMUSG00000008575	2128.1297465002	0.226617350297916	0.0625068080346596	3.62548268617809	0.000288422221138019	0.0154498898813736
ENSMUSG00000034126	1550.33839631942	-0.122734750868358	0.0338536137565454	-3.62545492930214	0.000288453204039289	0.0154498898813736
ENSMUSG00000019102	45.3530893948271	1.61495300741478	0.445512849152579	3.62493025843503	0.000289039441271331	0.0154498898813736
ENSMUSG00000038611	2371.24592908818	-0.162028019622233	0.0447199886094186	-3.62316773014802	0.00029101697256486	0.0155065226611768
ENSMUSG00000058672	43117.9895390282	-0.143876701118419	0.0397292448702651	-3.62143055042313	0.00029297845958644	0.015514966125702
ENSMUSG00000055067	2666.42426863283	-0.150406842455892	0.0415337860379281	-3.62131307554151	0.000293111549050832	0.015514966125702
ENSMUSG00000022595	191.201277531686	1.26219667773146	0.34867217259819	3.62000978835217	0.000294591871390376	0.015514966125702
ENSMUSG00000050295	502.548487689924	1.14365426333706	0.315945484787577	3.61978353356112	0.00029484957233736	0.015514966125702
ENSMUSG00000033767	2353.98343179725	-0.313593753244909	0.0866884823121501	-3.61747887240329	0.000297486605211842	0.0156051125733951
ENSMUSG00000061981	26612.4109889932	-0.0792958255877029	0.0219353816525158	-3.61497360036169	0.000300378229311334	0.0156407484507731
ENSMUSG00000056947	382.707381042689	-0.437042380878014	0.120907909839778	-3.61467154181365	0.000300728642756158	0.0156407484507731
ENSMUSG00000036402	2465.85667763589	0.238036193667256	0.0658561640805503	3.61448616072002	0.000300943890030269	0.0156407484507731
ENSMUSG00000058897	475.243449154532	0.827299909236517	0.228996825158188	3.61271344554681	0.000303009501107847	0.015699795960775
ENSMUSG00000026193	5647.8260854214	1.96690388081143	0.544978473378829	3.60914050167296	0.000307213193987622	0.015868923729801
ENSMUSG00000022579	76.8989694331603	0.627457964529058	0.174067354508898	3.6046849008496	0.000312531879348195	0.0160578966833707
ENSMUSG00000032058	245.132161104661	0.561989759116702	0.155914039522447	3.6044846303645	0.000312772956534779	0.0160578966833707
ENSMUSG00000042821	107.435509364143	1.16198618464621	0.322593303395436	3.60201582740807	0.000315759134400145	0.0161044942824507
ENSMUSG00000039217	180.122041704162	0.546703589948175	0.151788767976491	3.6017394253628	0.000316095116954903	0.0161044942824507
ENSMUSG00000032290	6965.19825160618	-0.131262591655569	0.0364487528371665	-3.60129171612484	0.000316640043400017	0.0161044942824507
ENSMUSG00000040479	36284.5853492582	-0.200477905430461	0.055685374274759	-3.60018960169462	0.000317985224202367	0.0161044942824507
ENSMUSG00000022419	12486.4029493268	-0.174067291744102	0.0483545553312412	-3.59981165273252	0.000318447758589694	0.0161044942824507
ENSMUSG00000039308	410.945326505877	0.249198768296363	0.0692640572158172	3.59780784310532	0.00032091056202094	0.0161805979196886
ENSMUSG00000025789	102.959039789619	0.667705568178672	0.185792944377055	3.59381552629687	0.000325870596684097	0.0163341881747999
ENSMUSG00000046733	60.6385977288063	1.37986148894385	0.383956181449279	3.59379938548049	0.000325890794796494	0.0163341881747999
ENSMUSG00000029247	7441.09150136806	0.0889889056009777	0.0247871476752214	3.59012286395243	0.000330522130600743	0.0165173056449028
ENSMUSG00000001120	20606.5463903777	-0.126063474302609	0.0351394561227993	-3.58751922232557	0.000333839128520285	0.0165559918315289
ENSMUSG00000049907	577.699377968875	0.345215785218121	0.0962282303583725	3.58746891564431	0.000333903524098966	0.0165559918315289
ENSMUSG00000003352	22284.2094017125	-0.115425349154311	0.0321769258270946	-3.58720872760061	0.000334236766002685	0.0165559918315289
ENSMUSG00000046743	466.08715580018	0.391843517832641	0.109291719930018	3.58529921647814	0.000336691956134109	0.0166288416112901
ENSMUSG00000021950	75.569549674202	2.32604373506271	0.649113056606989	3.58341849911523	0.000339126610352727	0.0166912863059967
ENSMUSG00000106350	260.520731767091	-0.499143090171226	0.139316534870835	-3.58279862927969	0.000339932655808589	0.0166912863059967
ENSMUSG00000005087	20280.9900635307	-0.201987901762316	0.0564300121545756	-3.57944104653073	0.000344329913650661	0.0167914673947512
ENSMUSG00000020918	3106.90988471001	-0.128813826449721	0.0359941734725074	-3.57874105785787	0.000345253331593153	0.0167914673947512
ENSMUSG00000029838	7660.55612866949	0.343995162268852	0.0961290397017295	3.57847288744593	0.000345607712617147	0.0167914673947512
ENSMUSG00000040183	1797.24412425969	-0.200274737930698	0.0559705776641331	-3.57821459575603	0.000345949360805957	0.0167914673947512
ENSMUSG00000017943	5051.38712375322	-0.139900528964986	0.0391094277819743	-3.5771561206392	0.000347352732254881	0.0168112750731152
ENSMUSG00000029426	13269.5657200338	-0.126583735999549	0.0354004756734478	-3.57576370349435	0.000349206969304785	0.0168527283386489
ENSMUSG00000041762	3148.81956847439	-0.224656574914467	0.0628625416556336	-3.573774922197	0.000351871425773857	0.0169329351930092
ENSMUSG00000068196	1795.38639088053	1.29472726779461	0.362470576478615	3.5719513577428	0.00035433123334827	0.0170028660866069
ENSMUSG00000027931	269.804710304375	0.776625573379878	0.217638966838263	3.56841233287522	0.000359150983447096	0.0171853236866994
ENSMUSG00000020894	34705.4007997088	-0.119502400565495	0.0335415800522103	-3.56281368914284	0.000366901081771009	0.017506571107893
ENSMUSG00000002059	656.450852562442	0.433601235976518	0.121730113586794	3.56198826404082	0.000368056840630031	0.0175122481551602
ENSMUSG00000045763	15503.440663302	-0.13302095505031	0.0373857800369569	-3.55806284953303	0.000373599932207413	0.017724206135484
ENSMUSG00000044177	64.5542264106052	1.13712714332606	0.319655390171506	3.55735325694321	0.000374610241570527	0.017724206135484
ENSMUSG00000024913	868.946315258469	0.50809505197758	0.142929164961368	3.55487315772756	0.000378161474705149	0.0178422499140913
ENSMUSG00000029671	163.880211562473	0.841858029167451	0.236950665505641	3.55288315975381	0.000381033663778245	0.0179276869495218
ENSMUSG00000007021	12491.5917057812	-0.12758256274482	0.0359173946089577	-3.55211072890573	0.000382154005955685	0.0179304536516596
ENSMUSG00000021136	1340.74323726576	1.11697244007832	0.31468857051355	3.54945347476553	0.000386031673737198	0.0180244984430274
ENSMUSG00000002732	428.884498845158	0.480796166183118	0.135463874133168	3.54925746262411	0.000386319160962825	0.0180244984430274
ENSMUSG00000019326	219.505533084909	0.925000022184509	0.260669920565292	3.54854913899748	0.000387359714334197	0.0180244984430274
ENSMUSG00000110924	914.202412500141	-0.487028718720711	0.137329430250285	-3.5464264129917	0.000390493784259097	0.0181204134887923
ENSMUSG00000020814	1883.66786149754	0.228594437804332	0.0645507941739944	3.54131100522424	0.000398143977682529	0.0183825513638472
ENSMUSG00000023336	440.057441772262	1.02874718114336	0.29050850129684	3.54119475523434	0.000398319448177614	0.0183825513638472
ENSMUSG00000029061	128.162064932674	0.853236672287717	0.241189923723091	3.53761325977827	0.000403760977579767	0.0185829064640323
ENSMUSG00000029189	3202.81411765768	-0.229625835286898	0.064991277103215	-3.53317930531232	0.000410593895137634	0.0187995083943655
ENSMUSG00000056427	370.778002311516	0.655518107699792	0.185535437262971	3.53311538415534	0.000410693185573435	0.0187995083943655
ENSMUSG00000048939	297.761731847003	2.76345863562223	0.782357343196417	3.53222048678138	0.000412085610397441	0.0188122649870897
ENSMUSG00000007039	1328.2371424002	0.286531904381354	0.0811681203507499	3.53010397608285	0.000415396382912832	0.0188613080795573
ENSMUSG00000022114	1206.71130349878	-0.193860453587095	0.0549342632068726	-3.5289533757293	0.000417206627693479	0.0188613080795573
ENSMUSG00000032766	519.553683154827	0.7422914352354	0.210382591771144	3.52829304452563	0.00041824885442133	0.0188613080795573
ENSMUSG00000054484	1976.943912536	-0.161199658532596	0.0456908949086749	-3.52804774025099	0.000418636646832409	0.0188613080795573
ENSMUSG00000020265	4819.62373808902	0.099710759254279	0.0282665094604945	3.52752289396169	0.000419467484868411	0.0188613080795573
ENSMUSG00000039910	1024.63374992411	0.418001351819626	0.118505447933994	3.52727540469233	0.000419859797401785	0.0188613080795573
ENSMUSG00000033949	21850.1069221308	-0.162890469504303	0.0462310740928713	-3.52339790282788	0.000426051207858226	0.0190886762650751
ENSMUSG00000033033	212.640943082832	0.59411233545918	0.168752750700996	3.5206083041091	0.000430558120906166	0.0191956794054782
ENSMUSG00000031274	144.594814460524	0.659121075640098	0.187223003000057	3.52051331876083	0.000430712361297509	0.0191956794054782
ENSMUSG00000024639	28931.1776564602	-0.184747932758818	0.052532444849852	-3.51683484914634	0.000436725419602222	0.0194124449013188
ENSMUSG00000037440	62.7177207385368	1.90500734712069	0.541863229614318	3.5156608586942	0.000438660935069673	0.0194473014547555
ENSMUSG00000029193	1883.8133754957	-0.363223474152703	0.103372404771824	-3.51373729724536	0.000441849558386036	0.0194901447426787
ENSMUSG00000029392	1086.75213100363	0.284853568104276	0.0810755788746562	3.51343243006211	0.000442356908279244	0.0194901447426787
ENSMUSG00000030223	926.63147404633	-0.366029293569274	0.104231068968591	-3.51171006103345	0.00044523344670483	0.0194901447426787
ENSMUSG00000027656	431.460307898868	2.09257836122486	0.596184318881171	3.50995203153262	0.000448187539648026	0.0194901447426787
ENSMUSG00000031556	3100.90462578211	0.113496525243238	0.0323367450647052	3.5098314631276	0.000448390804773267	0.0194901447426787
ENSMUSG00000020810	3557.79539565134	0.218741314099877	0.0623236152283482	3.50976613436862	0.000448500977841504	0.0194901447426787
ENSMUSG00000036814	535.471300261781	2.54239269248684	0.724401553148769	3.50964555699222	0.000448704390770565	0.0194901447426787
ENSMUSG00000085645	36.0944915060184	0.936327515710337	0.266800833915902	3.50946247793767	0.000449013408080035	0.0194901447426787
ENSMUSG00000032297	4232.91883943781	-0.15981820081492	0.0455468943624849	-3.50887152794671	0.000450012222464313	0.0194901447426787
ENSMUSG00000103529	74.5859145722862	0.504832315047226	0.144066540092407	3.50416074907761	0.000458048772694615	0.0197874726843599
ENSMUSG00000026042	1832.9111977136	0.796492660263873	0.227465093183164	3.50160391257266	0.000462466588615952	0.0199074735114961
ENSMUSG00000025324	275.515446888652	0.70864186033356	0.202400229607071	3.50119099029324	0.000463183771832217	0.0199074735114961
ENSMUSG00000050541	188.146556498322	0.763258996103506	0.218165590816914	3.49853060349942	0.000467829397072898	0.0200561074770516
ENSMUSG00000027907	4086.26799465343	0.309360797360166	0.0884503682016894	3.49756370323687	0.000469528562984606	0.020077930410725
ENSMUSG00000052854	25.1397988880362	1.82265074400192	0.521220489176136	3.49689005296564	0.000470715791998527	0.020077930410725
ENSMUSG00000022052	6760.11765724552	-0.125781075304453	0.0359957711895463	-3.4943292266782	0.000475254550831484	0.0202186743560371
ENSMUSG00000009687	1517.1264287495	0.895030062347548	0.256185381299146	3.49368124679381	0.000476409472127332	0.0202186743560371
ENSMUSG00000078532	962.568400453881	-0.344054294602726	0.0985110397010805	-3.49254556288022	0.000478439965766118	0.0202273667407474
ENSMUSG00000030231	1604.03631269194	-0.191954028291535	0.0549660655238232	-3.49222791302642	0.000479009336113846	0.0202273667407474
ENSMUSG00000019256	1500.64057302061	-0.247432154976894	0.0708722139796608	-3.49124348010213	0.000480777896325756	0.0202514200669285
ENSMUSG00000040584	2014.26948576476	0.756580505749655	0.216848905205289	3.48897544598349	0.000484875685981544	0.0203121923716187
ENSMUSG00000024617	12197.8782108002	-0.234530888653106	0.0672218267819372	-3.48890977649131	0.000484994818696478	0.0203121923716187
ENSMUSG00000031351	68.1400633713885	0.980910471668446	0.281187994055842	3.48845076036085	0.000485828294247467	0.0203121923716187
ENSMUSG00000042842	174.236748053103	0.876031714226522	0.251232793717445	3.48693218454504	0.000488595234279161	0.0203296078826527
ENSMUSG00000026837	1428.80644031128	0.900882084369087	0.258384348783151	3.48659695763984	0.000489208015530535	0.0203296078826527
ENSMUSG00000038766	766.945996254399	0.246455180523981	0.0706936295210145	3.48624313384163	0.000489855568541805	0.0203296078826527
ENSMUSG00000019689	485.631902510104	0.234248320175543	0.0672179564355983	3.48490689983973	0.000492308302656933	0.0203813224023977
ENSMUSG00000029096	1282.27847022594	1.46398175884778	0.420299405133446	3.48318779652558	0.00049548066066228	0.0204625032744415
ENSMUSG00000003746	863.858597019535	0.673299327200913	0.193387869209536	3.48160062962063	0.000498426462269748	0.0205339545712154
ENSMUSG00000036995	599.74190839296	0.233767798662951	0.0671693834778466	3.48027310299865	0.000500902901012181	0.0205857686155639
ENSMUSG00000023411	142.257503320356	1.16609680902928	0.335242316869435	3.47836997404905	0.00050447311582393	0.0206821732994709
ENSMUSG00000039109	818.376707566295	0.855521215278819	0.246023056609928	3.47740259416115	0.000506296973477404	0.0207066880847623
ENSMUSG00000042961	719.874235829105	0.321212641263521	0.0925100850664633	3.47219052963521	0.000516229818326385	0.0210002599105739
ENSMUSG00000023048	12107.649532227	-0.116877943485433	0.0336656225177366	-3.47172975707955	0.000517116614315775	0.0210002599105739
ENSMUSG00000000031	3576.12264699628	1.49823363612146	0.43155819211875	3.47168391999657	0.000517204909288896	0.0210002599105739
ENSMUSG00000027684	121.800946728698	0.436568136898282	0.125778299043383	3.47093370015843	0.000518652039976955	0.0210085170437668
ENSMUSG00000042487	1850.2170337062	-0.121295371408744	0.0349601125640786	-3.46953606589285	0.000521358064928154	0.0210676054418695
ENSMUSG00000052534	2651.1320430251	0.175865015463941	0.0507530796252848	3.4651102309923	0.000530014188113979	0.0213662760177404
ENSMUSG00000026614	35.9385898752597	1.94730440335969	0.562661075830291	3.46088344655111	0.000538405862593688	0.0216342676990292
ENSMUSG00000039831	1208.60816088468	0.515565099872243	0.148986808462346	3.46047482453821	0.000539223651725256	0.0216342676990292
ENSMUSG00000049516	2292.62040946658	-0.15311060908692	0.0442920306446607	-3.45684329344194	0.000546542573773192	0.02182870018635
ENSMUSG00000047496	285.956097808667	0.980715450349127	0.283707132467678	3.4567881385952	0.000546654441941036	0.02182870018635
ENSMUSG00000040938	52.6399124734842	2.03509807368718	0.58920172535989	3.45399204736565	0.00055235366348969	0.0220042587971801
ENSMUSG00000086283	38.9921481488133	1.32046533697602	0.382404875831384	3.45305570203625	0.000554274536585469	0.0220288263469768
ENSMUSG00000041000	1593.76586748258	-0.214337732739504	0.0621123071028265	-3.45080939248754	0.000558908144143789	0.0221608391143961
ENSMUSG00000021939	111837.897297077	-0.118884697456955	0.0344761392574473	-3.44831817069755	0.000564089127482865	0.0223138863051829
ENSMUSG00000008999	783.555529754287	0.887653693893502	0.257468861501801	3.44761571832752	0.000565558078341287	0.0223197231337913
ENSMUSG00000030339	1086.82514931377	0.283606729600713	0.0823302055423229	3.44474701274639	0.000571594102628535	0.0224887507838928
ENSMUSG00000020085	301.121887555279	0.261489495243711	0.0759191122636254	3.44431708231389	0.000572503868159014	0.0224887507838928
ENSMUSG00000027016	2542.24685268168	-0.190869763560097	0.055459763078828	-3.4415899557451	0.00057830615045049	0.0226639656316919
ENSMUSG00000049872	677.370378498257	0.454010297281122	0.131998326219584	3.43951556268874	0.000582756278330735	0.0226876808743921
ENSMUSG00000047793	978.966919362197	0.621122008853186	0.18060519895646	3.43911477876627	0.000583619733529008	0.0226876808743921
ENSMUSG00000113853	91.3482418483017	-0.49270485666975	0.143270548844022	-3.43898212609037	0.000583905784798368	0.0226876808743921
ENSMUSG00000049288	2280.32290627096	0.215664982569694	0.0627150618489357	3.43880682266048	0.000584284008072972	0.0226876808743921
ENSMUSG00000044217	29.6270226719502	1.82383226875932	0.53052573851923	3.43778281869959	0.000586497893662128	0.0227214126647867
ENSMUSG00000024299	126.165910919868	0.731216651502149	0.212813669348921	3.43594776472405	0.000590484808954499	0.0228172659776405
ENSMUSG00000016024	2233.1797792643	1.26201556809758	0.367355930728862	3.43540273215039	0.000591673820271536	0.0228172659776405
ENSMUSG00000024909	857.020606040201	0.376608576893833	0.109647482579315	3.43472160084851	0.000593162869638039	0.0228225832142508
ENSMUSG00000060572	102.700265591462	1.11935464996945	0.326033071376581	3.43325493098996	0.000596381067771184	0.0228942559448251
ENSMUSG00000020821	3594.27092313013	0.390910200427078	0.113894006460584	3.43222802125556	0.0005986439999889	0.0229206697215069
ENSMUSG00000027397	6068.84593705152	-0.194029991970221	0.056544449824975	-3.43145954325867	0.000600342668934124	0.0229206697215069
ENSMUSG00000027808	3007.64742659648	0.212994444164865	0.0620776063121772	3.43109950299556	0.000601140056043311	0.0229206697215069
ENSMUSG00000097006	143.058114339702	0.33970703440471	0.099039740109159	3.4300073286773	0.000603564947076967	0.022961296218642
ENSMUSG00000071984	330.383756189217	0.536319782609345	0.156436254579133	3.4283599032221	0.000607239857457941	0.0230491874883642
ENSMUSG00000022637	2404.6576298647	-0.213479242540802	0.0623056583636751	-3.42632191276648	0.000611814813946156	0.0231412270200716
ENSMUSG00000012114	3580.1784523097	-0.157138088864511	0.0458655370447708	-3.42606015298859	0.00061240474086626	0.0231412270200716
ENSMUSG00000066392	3381.83655324128	-0.200746578183738	0.0586308540534549	-3.42390677101026	0.000617277935778798	0.0232176154156238
ENSMUSG00000120881	80.2547060404962	1.18207369689241	0.345297158470792	3.42335193874003	0.000618539377963382	0.0232176154156238
ENSMUSG00000049241	67.895936805644	1.95441193843602	0.57090670827861	3.42334730017262	0.000618549934108738	0.0232176154156238
ENSMUSG00000001642	2080.5415160738	0.174741379855293	0.0510986120403363	3.41968935902516	0.000626926822374159	0.0234437638888808
ENSMUSG00000030170	92.7473087140494	0.951645722800602	0.278299226018226	3.41950545970357	0.000627350735763076	0.0234437638888808
ENSMUSG00000027555	805.73588866718	0.692055739878598	0.20246244619104	3.41819311629568	0.000630383619412455	0.0234954165429438
ENSMUSG00000023484	113798.192469308	-0.109198515955396	0.031950830520037	-3.41770508553496	0.000631514955331033	0.0234954165429438
ENSMUSG00000042357	52.4424711024249	1.28468977441738	0.375979168878127	3.416917427236	0.000633344862387844	0.0235117100452595
ENSMUSG00000061535	509.703602584126	0.638368457392352	0.186911792702162	3.41534607401456	0.000637010213484236	0.0235589272738373
ENSMUSG00000030110	57784.5576593071	-0.240576804357299	0.0704434412065677	-3.41517677496523	0.000637406297089791	0.0235589272738373
ENSMUSG00000017493	8392.62473296688	0.398213174208746	0.116735794377521	3.41123454320217	0.000646694372722124	0.023821602272107
ENSMUSG00000096982	306.770944236633	-0.306144500707608	0.0897530445212148	-3.41096508024577	0.000647333813444859	0.023821602272107
ENSMUSG00000032180	565.484113447151	0.34189881243683	0.100381574967512	3.40599171259748	0.000659241803230226	0.0242070723877429
ENSMUSG00000034353	194.255238611201	1.61864104662908	0.475320574809811	3.40536709835618	0.000660751663271245	0.0242098836102269
ENSMUSG00000005103	16713.7906223017	-0.103397901055723	0.0303708389960646	-3.40451250191414	0.000662822661668165	0.0242331982212922
ENSMUSG00000010936	1848.49849698616	-0.13231251537884	0.0388901916717438	-3.40220784962018	0.000668437797854303	0.0243857080854363
ENSMUSG00000056124	8349.87268828648	-0.177572723063575	0.0522190729296248	-3.40053381075701	0.000672544180827334	0.0244826374102468
ENSMUSG00000035725	7191.829720217	-0.149057893543238	0.0438577247299224	-3.39866909332717	0.000677145900009833	0.0245159552783804
ENSMUSG00000020884	55.0468373264364	1.92958813184069	0.567848127544579	3.39807078379281	0.000678628589884536	0.0245159552783804
ENSMUSG00000024697	6667.09218314305	-0.217371441314698	0.0639843626483998	-3.39725883508717	0.000680645532939676	0.0245159552783804
ENSMUSG00000027935	311.499465109275	0.348715271385374	0.102647679707308	3.39720559081033	0.00068077799031458	0.0245159552783804
ENSMUSG00000024663	698.92100165222	0.476942403215677	0.140435783771284	3.39616008404547	0.00068338378832834	0.0245159552783804
ENSMUSG00000032435	13431.9994566842	-0.127460279812328	0.0375310258534011	-3.39613098533988	0.000683456445737704	0.0245159552783804
ENSMUSG00000056812	9558.02591582432	-0.171148997479228	0.050397575532782	-3.39597680384251	0.000683841545865303	0.0245159552783804
ENSMUSG00000039323	1053.02958832087	1.80252148987882	0.530935767865764	3.39498975012463	0.000686311699122126	0.0245159552783804
ENSMUSG00000031994	516.665518629758	-0.306455315209914	0.0902833521249074	-3.3943723620932	0.000687860958203428	0.0245159552783804
ENSMUSG00000004317	3424.89232213152	-0.166765930519442	0.0491307719044342	-3.39432750708301	0.000687973642883922	0.0245159552783804
ENSMUSG00000120113	271.112803186181	0.409754432383788	0.120739814345121	3.39369771774331	0.000689557611367784	0.0245206686602384
ENSMUSG00000040681	2008.59101015876	0.291512548996097	0.0859136629295366	3.39308718841595	0.000691096374558771	0.0245237581148576
ENSMUSG00000030410	4477.58177052575	-0.0949034522312759	0.027977987871738	-3.39207567986483	0.000693652781699903	0.0245628703054362
ENSMUSG00000023944	148849.979893015	-0.152361881500652	0.0449584413577023	-3.3889493696727	0.000701609638655629	0.0247539528600958
ENSMUSG00000060703	396.02890769534	0.637550226510624	0.188145986603703	3.38859328343533	0.000702521284304075	0.0247539528600958
ENSMUSG00000039405	1666.06556745381	0.65943376146197	0.194653127505721	3.38773781809691	0.000704715932247799	0.0247539528600958
ENSMUSG00000022564	30892.4834166691	-0.133295146191397	0.0393472399948526	-3.38766190992901	0.000704910977781426	0.0247539528600958
ENSMUSG00000028788	9383.65775853447	0.174533913890164	0.0515424971338561	3.38621377689362	0.000708641566403588	0.0248333292492178
ENSMUSG00000035642	1120.95106094571	0.143914835491712	0.0425410600010859	3.38296308291422	0.00071708270847126	0.0250771097904515
ENSMUSG00000035105	481.828877680731	0.584450564930928	0.17295608511127	3.37918474828408	0.000727011343988661	0.0253662402214826
ENSMUSG00000024990	490.955884269802	1.99449392857494	0.59037747190419	3.37833678196077	0.000729257089915435	0.0253662402214826
ENSMUSG00000023191	508.171216635153	0.696946549625762	0.20631249725942	3.37811116090274	0.000729855707041651	0.0253662402214826
ENSMUSG00000027737	286.880004749505	2.05595156688684	0.608808791684929	3.37700702579676	0.000732791783228035	0.0254159877012418
ENSMUSG00000030787	425.317315676672	0.583364502646265	0.172839683011914	3.37517688345942	0.000737682606649803	0.0255225265709915
ENSMUSG00000048776	383.210254030245	0.722666151193079	0.214161413647787	3.37439942557339	0.000739769425534617	0.0255225265709915
ENSMUSG00000055447	10882.7857651141	-0.151248189232648	0.0448417457772672	-3.37293266823087	0.000743721369629434	0.0255225265709915
ENSMUSG00000027601	1006.37930451502	0.164605063186199	0.0488019654787128	3.37291872512797	0.000743759031003885	0.0255225265709915
ENSMUSG00000054966	71.9338903605525	1.77571417019324	0.526524379959673	3.37252031962744	0.00074483590302257	0.0255225265709915
ENSMUSG00000090210	58.1411958783738	1.70343124711662	0.505096657354869	3.3724856862789	0.000744929583772352	0.0255225265709915
ENSMUSG00000020363	235.049113934855	0.690854937092478	0.204888027217311	3.3718658258139	0.000746608113998039	0.0255282543593945
ENSMUSG00000037185	253.169204132275	1.99441716091794	0.591764108890267	3.37029084892976	0.000750888833119964	0.0255925515394233
ENSMUSG00000031207	28387.2530263816	-0.135284442024497	0.0401443528128716	-3.36994950834332	0.000751819582208482	0.0255925515394233
ENSMUSG00000000555	328.58371781805	0.68702099872971	0.20389376432229	3.36950470757777	0.000753034048611295	0.0255925515394233
ENSMUSG00000031198	2676.32337123885	0.14558867488647	0.0432231093163766	3.36830638029339	0.000756314985171509	0.0256524425994618
ENSMUSG00000079278	39535.5791709278	-0.140125435006138	0.0416098700594414	-3.3676008794539	0.000758252800068617	0.0256666293506192
ENSMUSG00000078908	2561.4118268871	-0.129587262672661	0.0385123956385845	-3.36481957364479	0.000765937275720581	0.0258748930483927
ENSMUSG00000059970	1554.87799497125	-0.16682139504442	0.0495890629306252	-3.36407637461918	0.000768002869389225	0.025892887159388
ENSMUSG00000038775	214.636658050643	0.955671178653198	0.284257882154888	3.36198655744738	0.000773838906947391	0.0259614270915399
ENSMUSG00000058740	8780.1585081536	-0.207102153622555	0.0616399819930418	-3.35986719862983	0.00077979946858933	0.0259614270915399
ENSMUSG00000022178	231.400566888786	0.617755038155761	0.183863655925685	3.35985399096735	0.000779836747563422	0.0259614270915399
ENSMUSG00000004698	2587.34594239078	-0.173539114913682	0.0516537242858334	-3.35966316684888	0.000780375538296812	0.0259614270915399
ENSMUSG00000027827	9614.98680750389	-0.208049918346175	0.0619290504904374	-3.35948826436956	0.000780869677864287	0.0259614270915399
ENSMUSG00000059852	772.756711449044	-0.324431195364533	0.0965913303932183	-3.35880243127195	0.000782810117211748	0.0259614270915399
ENSMUSG00000043461	112.637541004887	0.788614796487107	0.234813694854276	3.35847019900827	0.000783751716065522	0.0259614270915399
ENSMUSG00000027848	2258.24673053176	0.421974539882939	0.12565682890311	3.35815047671074	0.000784658852267339	0.0259614270915399
ENSMUSG00000029718	2173.26995846889	0.765910234561321	0.228081745243417	3.35805144661583	0.000784940024297539	0.0259614270915399
ENSMUSG00000074785	23366.1945831395	-0.237227338770486	0.0706477928934383	-3.35788747326202	0.000785405792657444	0.0259614270915399
ENSMUSG00000021760	828.610873156947	0.451919174194198	0.134677986491212	3.35555339048439	0.000792063660086312	0.0261303657861678
ENSMUSG00000048612	454.659086996384	0.827702226654458	0.246751099963838	3.35440136548838	0.00079536903250389	0.0261323519230353
ENSMUSG00000038784	2060.20246166377	-0.188305672531289	0.0561478537282558	-3.35374658206261	0.000797253428330188	0.0261323519230353
ENSMUSG00000039963	683.609528630695	-0.182545510505962	0.0544326090706747	-3.35360574520591	0.000797659282620907	0.0261323519230353
ENSMUSG00000034435	183.601287960127	0.579908644818756	0.172971786743151	3.35261984476042	0.00080050575861448	0.0261323519230353
ENSMUSG00000026435	1607.65746764076	-0.284269070301588	0.0847905524802442	-3.35260311421867	0.000800554144006824	0.0261323519230353
ENSMUSG00000025776	346.306682860092	0.378113611498042	0.112792008605687	3.35230852054333	0.000801406565397684	0.0261323519230353
ENSMUSG00000029759	239.687405895032	0.562272398430523	0.167785329098024	3.35114161323383	0.000804791352360783	0.0261921594079499
ENSMUSG00000054555	135.732385178922	1.01152750747335	0.301925977955863	3.35024999942607	0.000807386545342832	0.0262120484206293
ENSMUSG00000030284	9984.66661928564	-0.146805321157294	0.0438278573077574	-3.34958928351057	0.00080931467799871	0.0262120484206293
ENSMUSG00000022150	1203.1276131521	0.820672440322518	0.245055044673101	3.3489310184056	0.000811239906759979	0.0262120484206293
ENSMUSG00000034165	1489.28024292091	0.514914518490894	0.153765236726876	3.34870565969021	0.000811899989530657	0.0262120484206293
ENSMUSG00000038271	3477.1575164002	-0.133608584364486	0.039903702292254	-3.3482753902367	0.000813161646581598	0.0262120484206293
ENSMUSG00000026102	2632.93400564604	-0.128643783103238	0.0384290778661346	-3.34756362230084	0.000815252721561361	0.0262212947843499
ENSMUSG00000032353	2152.64008713826	0.167287083020747	0.0499793832599089	3.34712179521704	0.000816553256560774	0.0262212947843499
ENSMUSG00000041361	113.482854452678	0.959917688458124	0.286887203358029	3.34597596972692	0.000819935012564179	0.0262799284577259
ENSMUSG00000021319	3829.18301998082	1.21871822398977	0.364520618899919	3.3433450970969	0.000827748922041682	0.0264766515399594
ENSMUSG00000015143	3367.15053696072	-0.1937692905692	0.0579721087751209	-3.34245716885767	0.000830401696127313	0.0264766515399594
ENSMUSG00000028040	35.9246789324655	0.814911637788904	0.243815263203531	3.34233233425028	0.000830775283652742	0.0264766515399594
ENSMUSG00000063011	242.951070061068	2.46031413270231	0.736608324714739	3.340057463585	0.000837610565067665	0.0266442185584895
ENSMUSG00000069920	224.387996708559	0.790778173660149	0.237300270695133	3.33239473913659	0.000861020347874684	0.0273205439849138
ENSMUSG00000006369	581.560390253531	1.40115439492198	0.420509003480012	3.33204374538102	0.000862107035933873	0.0273205439849138
ENSMUSG00000052180	99.3436674695838	1.07319468005122	0.322245943804492	3.330359002757	0.000867340778562361	0.0274349308814548
ENSMUSG00000001761	1233.11519529665	0.451526360628827	0.135607672280473	3.32965202510776	0.000869545805108586	0.027453267652503
ENSMUSG00000032440	2999.65285789463	0.426006839556858	0.127967360722332	3.32902731721741	0.000871498561001788	0.0274635861826142
ENSMUSG00000027012	22676.3519221202	-0.122096381135439	0.0367014332808086	-3.32674694749002	0.000878661263240153	0.0276377418945799
ENSMUSG00000024712	8630.35988751419	0.136536040757506	0.0410562249022923	3.32558682836626	0.000882326137770651	0.0276787351428248
ENSMUSG00000116114	56.8452020688038	1.31975636474449	0.396940913830247	3.32481817510222	0.000884762151612369	0.0276787351428248
ENSMUSG00000031691	14257.8285300286	-0.143250641640849	0.0430860372298445	-3.32475787635497	0.00088495351373213	0.0276787351428248
ENSMUSG00000019880	136.965679325182	1.71459204051861	0.515780796992187	3.32426497945907	0.00088651919437974	0.0276787351428248
ENSMUSG00000049562	675.304552702327	-0.183362327357966	0.0552120379439457	-3.32105704093236	0.0008967720746118	0.0278735392454936
ENSMUSG00000001555	754.572024347715	0.538310136414624	0.162094198167295	3.32097103104852	0.000897048477359777	0.0278735392454936
ENSMUSG00000024036	1560.28353455886	-0.290323876586725	0.0874267914428301	-3.32076554332401	0.000897709155736694	0.0278735392454936
ENSMUSG00000035095	1260.84776198754	-0.274845464262949	0.0827921861250705	-3.31970294693937	0.000901132787851214	0.0279000871171246
ENSMUSG00000030539	1908.6974943415	-0.201313115551615	0.0606460645867618	-3.31947533485229	0.00090186771451957	0.0279000871171246
ENSMUSG00000030314	2057.58325247454	-0.123444477600496	0.0372257786926804	-3.31610195772126	0.000912825193986451	0.0281833228814693
ENSMUSG00000031378	560.272088576421	0.268742998240744	0.0810533167614857	3.31563233903888	0.00091436036581879	0.0281833228814693
ENSMUSG00000025402	734.112086343792	0.267023532993829	0.0805473795985034	3.31511135836863	0.000916066237879568	0.0281844714463092
ENSMUSG00000026433	236.053868184159	0.408432361935267	0.123240077755807	3.31411963845522	0.000919321627044128	0.0282332029134589
ENSMUSG00000018500	267.279037379312	-0.289140389353766	0.0873697587746299	-3.30938752045319	0.000935003261125996	0.0286033986379112
ENSMUSG00000029458	15650.4169105328	-0.160866421458125	0.0486164955417602	-3.30888558843047	0.000936681057216743	0.0286033986379112
ENSMUSG00000041658	2622.5831222168	-0.103857904905313	0.0313927732530322	-3.30833800722851	0.000938514624715558	0.0286033986379112
ENSMUSG00000061524	270.763406102781	1.54779576904653	0.467964570313506	3.30750630973965	0.000941305912916942	0.0286033986379112
ENSMUSG00000024098	2717.17217652678	0.353338819806388	0.106838283360668	3.30723041115867	0.000942233562966574	0.0286033986379112
ENSMUSG00000025034	2535.13720765822	-0.10141568562778	0.0306698109182785	-3.30669419182296	0.000944038908889433	0.0286033986379112
ENSMUSG00000028517	4598.13805263935	0.35051282226761	0.106007026066942	3.30650557111437	0.000944674719488535	0.0286033986379112
ENSMUSG00000035478	3134.32917554982	0.0984126625198524	0.0297662894880638	3.30617837199075	0.000945778597010569	0.0286033986379112
ENSMUSG00000031070	295.343565712333	0.708876176998405	0.21442563098119	3.30593023676628	0.000946616531797547	0.0286033986379112
ENSMUSG00000003038	1380.42595162675	0.296849538209455	0.0898251899052227	3.30474712630911	0.000950621275389154	0.0286731142189254
ENSMUSG00000024524	33534.0835083428	-0.15844717064799	0.0479577711910152	-3.30388937419332	0.000953534511562552	0.0287051712423649
ENSMUSG00000026094	552.77820377885	0.486696556463264	0.147370339366331	3.30254078640235	0.000958131528991577	0.0287051712423649
ENSMUSG00000067586	9301.10660756851	-0.163482055852491	0.0495025826501291	-3.30249548812308	0.00095828629586624	0.0287051712423649
ENSMUSG00000033032	502.55352664596	0.527573132569448	0.159764293326977	3.30219676489105	0.000959307498733265	0.0287051712423649
ENSMUSG00000062300	2516.0373117264	-0.154201146842685	0.0467001463669074	-3.30194140359171	0.000960181265285429	0.0287051712423649
ENSMUSG00000021318	74.5937950041243	0.843491923874278	0.255573719025305	3.30038599857274	0.000965519313095362	0.0287459155945762
ENSMUSG00000030498	858.980446313514	0.191203595248935	0.0579403171929241	3.30000946684989	0.000966815670673874	0.0287459155945762
ENSMUSG00000031432	3570.59947623393	-0.091081145988706	0.0276012700010884	-3.2998896784501	0.000967228426910401	0.0287459155945762
ENSMUSG00000020953	129.045816246533	2.57220467797282	0.779558966187939	3.29956397083208	0.00096835154658184	0.0287459155945762
ENSMUSG00000036099	4698.70601033664	-0.131981589978066	0.0400088271757583	-3.29881176966953	0.000970949937485793	0.0287724831474957
ENSMUSG00000041577	1784.85862998565	0.974187250718514	0.295657661959444	3.29498394955226	0.000984273015020672	0.0291162092762069
ENSMUSG00000120718	1995.80835108643	-0.327766751346306	0.0995305573758394	-3.29312685458617	0.00099079760600291	0.0292579761590824
ENSMUSG00000020869	11710.344142504	-0.130280145212409	0.0395686906215111	-3.2925058465691	0.000992988332095437	0.0292714937476859
ENSMUSG00000019878	1904.11990000439	-0.115909523614528	0.0352258712823069	-3.29046576834416	0.0010002167079704	0.0294332062967388
ENSMUSG00000021396	97.7430265693982	-0.4493517253462	0.136591572159515	-3.28974707767062	0.00100277474395104	0.0294376056324455
ENSMUSG00000013584	635.28794182439	1.98646971919586	0.603939617985809	3.28918597163887	0.0010047760973683	0.0294376056324455
ENSMUSG00000022766	719.006812398059	1.3293395726883	0.404193031745299	3.28887305886556	0.0010058938002532	0.0294376056324455
ENSMUSG00000063531	1206.03280713613	-0.276571435030992	0.0841033936455989	-3.28846938325021	0.00100733740190359	0.0294376056324455
ENSMUSG00000041075	974.686777164228	0.6194062359652	0.188407030694372	3.28759618832899	0.00101046663503066	0.0294780516965508
ENSMUSG00000006527	1674.75000848649	-0.151927109163367	0.0462488484225028	-3.28499226133046	0.00101985172745852	0.0296906698247481
ENSMUSG00000032348	821.3173339813	0.43406195413244	0.132150605772455	3.2846005630866	0.00102127044983593	0.0296906698247481
ENSMUSG00000048424	135.06928002443	2.60891375959719	0.79445833837952	3.2838899581804	0.00102384890894286	0.0297144878366905
ENSMUSG00000022885	5556.92053529431	-0.142046747236293	0.0432858004757409	-3.28160148767265	0.00103219372081309	0.029903093466006
ENSMUSG00000020740	4376.64184909387	-0.158191175677065	0.0482122768494719	-3.28113887197173	0.00103388825908161	0.029903093466006
ENSMUSG00000058626	53.934157621624	-2.71677823588134	0.828202085041951	-3.2803325238474	0.00103684802776385	0.029937435960614
ENSMUSG00000067242	3772.92029515108	-0.222976078748577	0.0680222730465168	-3.27798629422594	0.00104550471896939	0.030135870662307
ENSMUSG00000031149	3533.06505810574	-0.11169979220424	0.0340831141321641	-3.27727659424259	0.00104813638530116	0.0301602584056592
ENSMUSG00000029227	3175.29064456024	-0.124372241650094	0.0379896107378899	-3.27384880324789	0.00106093362144908	0.0304765812923408
ENSMUSG00000024777	26162.3146930976	-0.105650055581145	0.0322783249084144	-3.2730959825491	0.00106376347569433	0.0305059912868472
ENSMUSG00000062444	10158.5664132805	-0.182248458797908	0.0556897001116262	-3.27257030353195	0.00106574364264761	0.030510976047391
ENSMUSG00000041845	87.2167166157228	0.568356340094111	0.173758288104827	3.27095959734149	0.00107183222176455	0.0306333638880289
ENSMUSG00000021703	12199.0577655151	-0.164769388771821	0.0503990702153506	-3.26929421649598	0.00107816129543715	0.0307622000696434
ENSMUSG00000025423	1148.94891750311	0.1203655874495	0.0368268665353638	3.26841783657907	0.00108150573384084	0.0308055874372777
ENSMUSG00000041958	5530.86145701523	-0.13019039000354	0.0398589845739895	-3.26627462779115	0.00108972510921192	0.0309364177186428
ENSMUSG00000001985	1892.6075225675	-0.230244272856238	0.0705003429014516	-3.2658603260708	0.00109132063740358	0.0309364177186428
ENSMUSG00000021224	2970.64319608181	-0.134036245625961	0.041048224298999	-3.26533602646556	0.00109334287843965	0.0309364177186428
ENSMUSG00000029436	776.511668475597	-0.259760928262328	0.0795646174006617	-3.2647794553483	0.00109549338344915	0.0309364177186428
ENSMUSG00000017631	15793.8836393128	-0.145700630903605	0.0446315721129122	-3.26451935269054	0.00109649972064437	0.0309364177186428
ENSMUSG00000005802	1651.06917154095	0.181529334463628	0.0556093455793822	3.26436739314788	0.00109708804768617	0.0309364177186428
ENSMUSG00000034533	54672.6550148186	-0.252263297122702	0.0772900570577215	-3.26385186822035	0.00109908613138771	0.0309411064087831
ENSMUSG00000059713	6277.06476527224	-0.141263242603824	0.0432975840759323	-3.26261258263478	0.00110390316034045	0.0310250054597514
ENSMUSG00000026200	296.58566417105	0.372325524694751	0.114193891020587	3.26046797571358	0.00111228526938691	0.0311589351590619
ENSMUSG00000054843	21302.5842385256	-0.184793744799712	0.0566773838066117	-3.26044944894148	0.00111235793623316	0.0311589351590619
ENSMUSG00000071604	1763.85298950911	-0.156202456475428	0.0479391487754397	-3.25834856198894	0.00112062669469047	0.0313385852649283
ENSMUSG00000023232	2681.23112171963	-0.202403645728321	0.0621384557507643	-3.25730086599121	0.0011247714630296	0.0314025037719552
ENSMUSG00000029033	4481.32446291587	-0.101002881010526	0.0310141026783664	-3.2566759083112	0.00112725058898855	0.0314105069661987
ENSMUSG00000056214	518.355735044082	0.364873718035531	0.112051915203677	3.25629166955601	0.00112877732096872	0.0314105069661987
ENSMUSG00000121513	5318.42257514169	-0.174188909705708	0.0535152222601219	-3.25494134844524	0.00113415785511408	0.0315083229123879
ENSMUSG00000027339	1757.02798399425	0.663351425713077	0.203849211338083	3.25412799666373	0.00113741019484935	0.0315467908065687
ENSMUSG00000039004	719.240160746589	1.23196570525976	0.378831682090635	3.25201339671747	0.00114590620684786	0.0317303307210939
ENSMUSG00000020704	6281.41367308592	-0.153406538247987	0.0471850554500067	-3.25116791291097	0.0011493195665455	0.0317727607177087
ENSMUSG00000039168	1337.24190664867	0.305580493728958	0.0940572656185922	3.2488770720606	0.00115861535878356	0.0319774052699561
ENSMUSG00000007613	1706.99619628941	0.17435411440804	0.053716235700596	3.24583642420248	0.00117106106003908	0.0322335051741718
ENSMUSG00000008305	5583.73571932403	-0.140560001349948	0.0433068168185728	-3.24567843300058	0.00117171109922097	0.0322335051741718
ENSMUSG00000011171	32.606154897379	0.953656552464777	0.293986861694015	3.2438747329374	0.00117915591429602	0.0323810284740701
ENSMUSG00000078786	601.100939203693	-0.163558803856503	0.0504276434646381	-3.24343539811049	0.00118097588691764	0.0323810284740701
ENSMUSG00000021763	376.929980962887	0.273739652574332	0.0844096582128684	3.24298970485109	0.00118282485160744	0.0323810284740701
ENSMUSG00000040055	283.687391457788	2.26277867310217	0.698084545053871	3.24141064164019	0.00118939716378087	0.0324645404741485
ENSMUSG00000025366	21168.4039752812	-0.162468206759228	0.0501242201467494	-3.24131141160036	0.00118981129963377	0.0324645404741485
ENSMUSG00000035413	358.184040218478	0.420361126482143	0.129719213091917	3.24054638062197	0.00119300862664557	0.0324645404741485
ENSMUSG00000020395	416.851472356774	-0.442249870562246	0.136479441823549	-3.24041382828939	0.0011935634145075	0.0324645404741485
ENSMUSG00000078349	210.062433557622	0.308585247341191	0.0952860388232323	3.23851480397518	0.00120153785158782	0.0325810843428463
ENSMUSG00000036769	2007.8130733755	-0.170168040132658	0.052545733937429	-3.2384748938	0.00120170597037436	0.0325810843428463
ENSMUSG00000030351	585.041488774389	1.37061529102171	0.42382639624819	3.23390733365055	0.00122109068552727	0.0330535941814763
ENSMUSG00000024608	10298.3348723498	0.38170493379536	0.118140904634926	3.23092949876156	0.00123388370281644	0.0332825240590718
ENSMUSG00000002997	22768.9192523795	-0.139850112739598	0.0432854102844305	-3.23088338127411	0.00123408279698677	0.0332825240590718
ENSMUSG00000049580	139.971014250698	1.0315739123278	0.319316899532431	3.23056472688515	0.00123545927328388	0.0332825240590718
ENSMUSG00000029231	1160.79311605786	0.869151790067189	0.269190610451293	3.22875968299962	0.00124328323572629	0.0333651490707077
ENSMUSG00000090386	66.1517151252736	0.498760202505284	0.154494597162907	3.22833426970503	0.00124513383974686	0.0333651490707077
ENSMUSG00000030319	256.735947822109	0.330324399835758	0.102323416868885	3.22823855910742	0.00124555054384509	0.0333651490707077
ENSMUSG00000021822	659.08538530116	0.303823394765912	0.0941201651897629	3.22803720279655	0.00124642762794486	0.0333651490707077
ENSMUSG00000131701	56.9091530980196	0.625006757391808	0.193662120017754	3.22730515050909	0.00124962116848244	0.0333977075266408
ENSMUSG00000118202	2053.27152475556	-0.210768583853029	0.0653415616075741	-3.22564350571931	0.00125689806641303	0.0335391236015522
ENSMUSG00000060538	690.617553878669	0.211521327330428	0.0655898277770956	3.22491054633158	0.00126012035937239	0.0335720709623959
ENSMUSG00000017897	738.896887604408	0.923624241830475	0.286580796357455	3.22291044469857	0.00126895220531531	0.0337541286613872
ENSMUSG00000036882	816.14675110752	-0.240160129429427	0.0745361430981695	-3.2220627395909	0.00127271262975897	0.0337672872874751
ENSMUSG00000047361	77.412767846074	1.23013268725498	0.381803748491374	3.22189787846667	0.00127344514842944	0.0337672872874751
ENSMUSG00000020827	14330.1003555189	-0.135411048233547	0.0420389004235432	-3.22108920236439	0.00127704393619259	0.0337860566998429
ENSMUSG00000029767	9426.60626142285	0.176907092775601	0.0549257572460447	3.22084030599942	0.00127815346819014	0.0337860566998429
ENSMUSG00000026721	8578.44238127305	-0.131839279726073	0.0409484471733967	-3.2196405194023	0.00128351437979302	0.0338747521704436
ENSMUSG00000040998	145.157638275356	0.939387223036544	0.292363348800054	3.21308134857555	0.00131319089638571	0.0345280255262919
ENSMUSG00000059013	1688.82641850578	-0.143067475361451	0.0445334200061888	-3.21258675712687	0.00131545411843248	0.0345280255262919
ENSMUSG00000041737	10984.8604111522	-0.21475445960707	0.0668481783007592	-3.21257011134784	0.0013155303511322	0.0345280255262919
ENSMUSG00000047045	4341.24598070283	-0.134627656066569	0.0419112713771185	-3.21220644573595	0.00131719684888353	0.0345280255262919
ENSMUSG00000073987	1064.72987456064	0.179213077627674	0.0557961582487658	3.21192503664244	0.00131848774284875	0.0345280255262919
ENSMUSG00000079465	51.2838254116382	0.705476635406664	0.219798212567846	3.20965592560905	0.00132893946021513	0.034671234851419
ENSMUSG00000120849	737.591977621	0.461638330225357	0.1438373393147	3.20944709089303	0.00132990520210895	0.034671234851419
ENSMUSG00000002190	10064.18730717	-0.177176704466952	0.0552055211618903	-3.20940189926621	0.00133011427290981	0.034671234851419
ENSMUSG00000000938	1900.26041728118	0.240372485305547	0.0749197280483266	3.20840039823017	0.00133475532430458	0.0347083122508898
ENSMUSG00000075602	1314.11036789855	0.771453362597819	0.240473850327991	3.20805510264674	0.0013363589174992	0.0347083122508898
ENSMUSG00000024052	2185.7128864536	-0.136312545108057	0.042494536584196	-3.20776636398837	0.00133770121812381	0.0347083122508898
ENSMUSG00000033542	152.941477648817	0.986899230369346	0.307813043366017	3.20616442882778	0.00134517098481588	0.0348485937185967
ENSMUSG00000078776	172.224288107549	-0.317182720645905	0.098992281090261	-3.20411568611797	0.00135478027585266	0.0349569209671635
ENSMUSG00000037885	1722.61428538393	-0.181691868146439	0.0567082487169844	-3.20397600450005	0.00135543772980001	0.0349569209671635
ENSMUSG00000053141	19298.1067835798	-0.267868452714214	0.0836106101311858	-3.20376148785334	0.00135644799062103	0.0349569209671635
ENSMUSG00000034115	26262.4384169347	-0.30333212203779	0.0946874118733464	-3.20351054101602	0.00135763070004495	0.0349569209671635
ENSMUSG00000022285	41661.4986663092	-0.107788867311331	0.0336561296747363	-3.20265188995401	0.00136168471169029	0.0350079398252066
ENSMUSG00000130119	638.009134855283	-0.639232233661422	0.199650360839021	-3.20175846903096	0.00136591473615886	0.0350387568184251
ENSMUSG00000025932	106.887153013807	1.32860158450528	0.414990501418092	3.20152287815076	0.00136703219130555	0.0350387568184251
ENSMUSG00000000753	5927.99665806843	0.206759359341594	0.0646012188081202	3.20054889298165	0.0013716609545716	0.0350797656893129
ENSMUSG00000029106	25258.4489656596	-0.0929400239297466	0.0290425647763115	-3.2001314155819	0.00137364939489313	0.0350797656893129
ENSMUSG00000096847	4428.81964652798	-0.182166031937968	0.0569290738074754	-3.19987696539774	0.00137486264201795	0.0350797656893129
ENSMUSG00000005611	443.444001990439	0.330787830676671	0.103422453500412	3.19841407238857	0.00138185707617591	0.0351719723385298
ENSMUSG00000024462	31715.2929054773	-0.156442198874636	0.0489149293446684	-3.19825053353956	0.00138264102970717	0.0351719723385298
ENSMUSG00000027463	447.403159767565	0.271411401169003	0.0848828094304624	3.19748371890716	0.00138632236997217	0.035192195826529
ENSMUSG00000024074	1814.79784978105	0.385636061532506	0.120616152322413	3.19721740502616	0.00138760300873058	0.035192195826529
ENSMUSG00000035596	3911.83706515465	-0.0930531737876609	0.0291105014747163	-3.19655001025941	0.00139081714229463	0.035220828111692
ENSMUSG00000026426	22265.7995344022	-0.0890687408430017	0.0278684254870788	-3.1960449607854	0.00139325399255899	0.0352297203417873
ENSMUSG00000034799	9210.03174537668	-0.199970434295752	0.0625809116299773	-3.19539024100702	0.00139641885833035	0.0352569670195185
ENSMUSG00000031616	430.492394393927	0.356510960557341	0.111674238663159	3.19241899318139	0.00141086512424916	0.035568541512974
ENSMUSG00000026626	1084.29726224188	0.331400208352377	0.103868737967579	3.19056739146884	0.00141993720724272	0.0357326099876647
ENSMUSG00000020585	17622.4330166315	0.194717198603027	0.0610355045167264	3.19022837846234	0.00142160404426681	0.0357326099876647
ENSMUSG00000042613	1625.51178440907	0.407097140903044	0.127659107175197	3.18893927672823	0.00142795869987279	0.0357866726754277
ENSMUSG00000020695	1231.65275362144	1.23227928020584	0.38642376011721	3.18893248135692	0.00142799226707941	0.0357866726754277
ENSMUSG00000026484	910.589692326303	0.184915375578508	0.0580208448126202	3.18705072591922	0.00143731564620868	0.0359669608594233
ENSMUSG00000067261	769.986391296419	-0.292931822213319	0.091939721909256	-3.18612908686455	0.00144190245725589	0.0359990118025383
ENSMUSG00000079507	72.4706189095849	2.79235883613319	0.876463857642474	3.18593723150675	0.00144285897758087	0.0359990118025383
ENSMUSG00000066456	774.363247924822	0.262063998704451	0.0822888918399294	3.18468255975819	0.00144912874302108	0.0360470014183036
ENSMUSG00000001552	15391.2974234177	-0.143067671884882	0.0449264128125851	-3.1844890995794	0.00145009772128891	0.0360470014183036
ENSMUSG00000015850	586.074763101325	0.586625741005849	0.184238171655427	3.18406188975318	0.0014522395902469	0.0360470014183036
ENSMUSG00000035954	2628.27597795405	-0.20422262061363	0.0641444638661674	-3.18379183961573	0.00145359502353264	0.0360470014183036
ENSMUSG00000028583	1574.70597822184	0.372732046874956	0.117085337625221	3.18342206150556	0.00145545290197638	0.0360470014183036
ENSMUSG00000029781	4129.03406207786	0.330409872678339	0.103813921073876	3.18271258093808	0.00145902367876636	0.0360825314173391
ENSMUSG00000020681	771.036909043888	0.91321748093584	0.287219968560727	3.17950553894988	0.00147526549916744	0.0362017715635045
ENSMUSG00000010797	27.6420470270962	1.03747245210594	0.326306554211625	3.17944104620433	0.00147559382006098	0.0362017715635045
ENSMUSG00000026602	48.2984768669083	2.71428341249037	0.853698731678297	3.17943943427716	0.00147560202695284	0.0362017715635045
ENSMUSG00000038555	10894.9212482159	-0.128510726990811	0.0404195408316423	-3.1794207540875	0.00147569713747915	0.0362017715635045
ENSMUSG00000063428	40.6165090207051	1.03406268440821	0.325251425194684	3.17927180115892	0.00147645573616637	0.0362017715635045
ENSMUSG00000000561	2291.48224715743	-0.119223335206283	0.0375041067206354	-3.17894080491948	0.00147814274537143	0.0362017715635045
ENSMUSG00000026213	1869.31874908783	-0.144335785030302	0.0454057098127875	-3.17880252561658	0.00147884804800296	0.0362017715635045
ENSMUSG00000021840	3718.25053102581	-0.085401019348024	0.0268776543123344	-3.17739853171758	0.00148602678993102	0.0362373695179201
ENSMUSG00000028597	339.520828600114	0.371589039544766	0.116955686280512	3.17717805232256	0.00148715703271688	0.0362373695179201
ENSMUSG00000029994	1466.96197566989	0.228759171441714	0.0720070200327337	3.17690096517981	0.0014885785868141	0.0362373695179201
ENSMUSG00000046714	421.589651022948	1.33812739792331	0.42128791132417	3.17627769977395	0.00149178073323534	0.0362373695179201
ENSMUSG00000042631	243.743627915994	-0.302735406618117	0.0953175734715473	-3.17607126988482	0.0014928427049827	0.0362373695179201
ENSMUSG00000032673	218.532884202135	0.343774435918562	0.108247738438248	3.17581171559231	0.00149417896194093	0.0362373695179201
ENSMUSG00000027487	345.947282825759	-0.31299885707774	0.098563992334889	-3.17559029076531	0.00149531978888108	0.0362373695179201
ENSMUSG00000015202	230.103563167009	0.301701786183884	0.0950387300988588	3.17451407305269	0.00150087612523587	0.0363199120793111
ENSMUSG00000039497	1146.30206153422	0.372448350158781	0.117414735241915	3.17207503292844	0.00151353896352027	0.0365739436807166
ENSMUSG00000032852	658.588949238496	-0.276062939612387	0.0870468931873371	-3.17142783049432	0.00151691554688674	0.0365956018589552
ENSMUSG00000032412	26141.8712664477	-0.149031301382762	0.0469971172275622	-3.17107325245387	0.00151876839163623	0.0365956018589552
ENSMUSG00000000915	3912.09018520998	-0.14391152608799	0.0453947830728758	-3.17022169391045	0.00152322672259861	0.0366464673484595
ENSMUSG00000051243	460.079782997465	0.414153242337354	0.130654223086865	3.16984198866656	0.00152521855106074	0.0366464673484595
ENSMUSG00000016494	3695.20044629349	0.280015963764327	0.0883726574034001	3.16858145937742	0.00153184815293166	0.036753476067001
ENSMUSG00000046500	2799.26794861063	-0.281257249185635	0.0887775464695197	-3.16811243800481	0.00153432168192841	0.0367606064247557
ENSMUSG00000015653	1365.39921536881	-0.233912249185183	0.0738651526141373	-3.16674698293947	0.001541543790072	0.0368349762268926
ENSMUSG00000038803	2323.5750048982	0.172342243462313	0.0544356656554433	3.1659802702363	0.00154561276749151	0.0368349762268926
ENSMUSG00000045733	3252.54627789312	-0.172625391748725	0.0545297648053649	-3.16570944996522	0.0015470523846705	0.0368349762268926
ENSMUSG00000035314	3933.47626449633	-0.170941321877177	0.0540000135215771	-3.16557924210284	0.00154774497868152	0.0368349762268926
ENSMUSG00000091537	2889.33536679687	0.14568455965871	0.0460230510243603	3.16546939883663	0.0015483294725649	0.0368349762268926
ENSMUSG00000022371	1275.9709433197	0.394157170159961	0.12453419301051	3.16505178723643	0.00155055350779344	0.0368360046415456
ENSMUSG00000021709	2165.74823373137	0.247980746207307	0.0784629388699479	3.16048251287572	0.00157508059592258	0.0373661325080454
ENSMUSG00000032067	1433.92641104813	0.183308671176896	0.0580182667536815	3.15949926520795	0.00158040498958683	0.0374398607000156
ENSMUSG00000049517	6752.52251436143	0.225100320475485	0.0712694422501294	3.15844088810834	0.00158615473207765	0.0375050602695101
ENSMUSG00000026062	382.139939286075	1.35687504926835	0.429653206510116	3.15807034303236	0.0015881723035202	0.0375050602695101
ENSMUSG00000020374	712.892023245511	-0.257765195622068	0.0816305020209131	-3.1577068527158	0.00159015375798974	0.0375050602695101
ENSMUSG00000019768	1062.22414203934	0.448333055432663	0.141996114748419	3.15736142659253	0.00159203884987501	0.0375050602695101
ENSMUSG00000028328	15938.6813194174	-0.151530606017492	0.0480171613701359	-3.15575935131675	0.00160080877243793	0.0376070358302319
ENSMUSG00000038393	4189.83720242763	0.417800129064151	0.132395893143533	3.15568798354799	0.00160120047952948	0.0376070358302319
ENSMUSG00000036022	906.918162475428	-0.181777228843858	0.0576091800335706	-3.15535178139892	0.00160304693610603	0.0376070358302319
ENSMUSG00000027447	20377.8261632686	0.269952841612398	0.0856132274454841	3.15316744464861	0.00161509135135919	0.0378370430177644
ENSMUSG00000021803	4153.53056790187	-0.162383699631929	0.0515418072214265	-3.1505239801608	0.00162977876912619	0.0380974612004788
ENSMUSG00000018459	622.999530910175	1.2000171435404	0.380914820898841	3.15035561154784	0.00163071839724979	0.0380974612004788
ENSMUSG00000010406	1193.51552559236	0.194860947087931	0.0618638160465376	3.14983716719553	0.00163361485293978	0.0381124150290136
ENSMUSG00000063796	241.025305430815	2.59844105328095	0.825148954997712	3.14905695213315	0.00163798269939414	0.038117769191193
ENSMUSG00000054263	21490.7456904067	-0.256063908519098	0.0813162011939546	-3.14899005068297	0.00163835773091031	0.038117769191193
ENSMUSG00000037034	38.8666070990756	1.43758684200508	0.457126164302123	3.14483605242722	0.00166179929655161	0.0386099751279962
ENSMUSG00000025432	57146.7760329955	-0.178510189485843	0.0567732451205361	-3.14426609060034	0.00166503963387058	0.0386321215050935
ENSMUSG00000096145	162.32899100935	0.34894618348673	0.111033356546382	3.1427148952393	0.00167388792556603	0.0387841439653441
ENSMUSG00000019997	1900.48557299252	1.71764833388877	0.546667588318446	3.14203433785469	0.00167778358064175	0.0388211540556435
ENSMUSG00000037621	108.252638933795	0.701412933548439	0.223367875436664	3.14016924849753	0.00168850253852502	0.0389731065956034
ENSMUSG00000019854	1865.60160209303	-0.125524890319939	0.0399749471539206	-3.14008896213458	0.00168896536782794	0.0389731065956034
ENSMUSG00000020044	19765.3047899349	0.527517286995042	0.168027493948225	3.13947006290285	0.00169253707457699	0.0390022424647748
ENSMUSG00000049409	1355.45449147821	-0.26230951485904	0.0835762021470225	-3.13856705761288	0.00169776084058347	0.0390693165644352
ENSMUSG00000001525	83721.210332008	-0.101611786948039	0.0324099018539877	-3.13520810417193	0.00171732238626542	0.0393964564898747
ENSMUSG00000024535	320.940695017241	0.24954668470042	0.079599681499889	3.13502114579149	0.00171841724224806	0.0393964564898747
ENSMUSG00000034361	3846.5863270284	-0.145243210844632	0.046330664532289	-3.13492612961354	0.00171897391705865	0.0393964564898747
ENSMUSG00000041390	878.867141769918	0.479141521933522	0.152889534862767	3.13390659709704	0.00172495753591097	0.0394800240366832
ENSMUSG00000036867	191.210536284299	0.651670206376648	0.207986068568168	3.13323969659564	0.00172888191968608	0.0394929331099636
ENSMUSG00000045237	890.855657266068	0.158496618285206	0.0505891442144327	3.13301639603519	0.00173019776812344	0.0394929331099636
ENSMUSG00000031748	52240.1981796598	-0.177848687739102	0.0567999453501196	-3.1311418812611	0.00174128013404755	0.0396922574145711
ENSMUSG00000054469	4905.45664783176	-0.162184941013622	0.051852598393705	-3.12780740093657	0.0017611554603494	0.0399406403893865
ENSMUSG00000030259	1319.98407850619	0.327472897408217	0.104708459548505	3.12747316520799	0.00176315914605281	0.0399406403893865
ENSMUSG00000020290	4816.92698650511	-0.141998699491961	0.0454094295077765	-3.12707516987509	0.00176554779311923	0.0399406403893865
ENSMUSG00000000184	1023.24025455066	0.508956685496255	0.162783461988641	3.12658718077742	0.00176848061541329	0.0399406403893865
ENSMUSG00000037490	79.3721352906194	1.24732279402506	0.398962491125839	3.12641619643295	0.00176950929317713	0.0399406403893865
ENSMUSG00000078302	417.288713555073	1.1024790540177	0.352672805695435	3.12606766445664	0.00177160783843016	0.0399406403893865
ENSMUSG00000039364	282.517515015456	-0.479436770581926	0.153368036654483	-3.12605403994335	0.00177168991941	0.0399406403893865
ENSMUSG00000027849	5465.83090710658	-0.22572525014408	0.0722141613809966	-3.12577541340084	0.00177336927402919	0.0399406403893865
ENSMUSG00000002014	2159.15203973901	0.230794014226023	0.07383611136732	3.12576068744829	0.00177345807187495	0.0399406403893865
ENSMUSG00000052310	1967.7821606569	0.292898397814333	0.0937220226482038	3.1251822094553	0.00177694954374471	0.0399659850111743
ENSMUSG00000045064	107.10819665303	0.435742664369721	0.139481592838304	3.12401554572768	0.00178401030951046	0.0399930441941284
ENSMUSG00000018661	3631.63191991135	-0.109044041639616	0.0349073440432912	-3.12381375977452	0.00178523415113154	0.0399930441941284
ENSMUSG00000051379	5691.6137247449	-0.280396728279292	0.0897611284764944	-3.12381019533103	0.00178525577658947	0.0399930441941284
ENSMUSG00000058351	222.318718934952	0.281752865462798	0.0902506785792738	3.12189193364694	0.00179692885600293	0.0401831175568132
ENSMUSG00000020183	112.901898060753	1.24553471029832	0.399000766973317	3.12163487741269	0.00179849842359545	0.0401831175568132
ENSMUSG00000031060	1571.58403020571	-0.124735711780885	0.0399772660221584	-3.12016613921889	0.00180749063120495	0.0402472111479412
ENSMUSG00000029088	12012.0522422385	-0.173575961079679	0.0556323045515797	-3.12005699707707	0.00180816048998753	0.0402472111479412
ENSMUSG00000071862	2051.43753883847	-0.141329989692258	0.0452995066762545	-3.11990129831461	0.00180911648445392	0.0402472111479412
ENSMUSG00000027669	7683.26313051299	-0.171019765748753	0.0548208567320434	-3.11961132940103	0.00181089813938993	0.0402472111479412
ENSMUSG00000075706	16288.9241976599	0.186192986967456	0.0597200271666415	3.11776460596555	0.00182228284451974	0.0404158073387078
ENSMUSG00000031644	4451.44944971706	-0.152073384680868	0.0487789126008519	-3.11760505867061	0.00182326950400185	0.0404158073387078
ENSMUSG00000057719	46.7753199223358	1.4684474065234	0.47124678052844	3.11609005556863	0.00183266295645542	0.040570786366302
ENSMUSG00000041126	984.464332487478	0.215996634781146	0.0693854693400936	3.11299522559164	0.00185199013728724	0.0408911628438012
ENSMUSG00000026155	5660.86472718257	-0.11045390631329	0.0354830158478963	-3.11286692164974	0.00185279542207858	0.0408911628438012
ENSMUSG00000031871	1444.20559864054	0.520724846378027	0.16729514655324	3.11261179482163	0.00185439765190644	0.0408911628438012
ENSMUSG00000009731	13882.6788549897	-0.213227021525397	0.0685467428733838	-3.1106805748489	0.00186656731470743	0.0411058520374487
ENSMUSG00000048349	13531.7201945583	-0.150007335712471	0.0482435280585114	-3.10937739732751	0.00187482075337933	0.0412338507100653
ENSMUSG00000027878	1025.56125397653	0.572859975916893	0.184316080511324	3.10803037004521	0.00188338712973729	0.0413613208602485
ENSMUSG00000036242	13697.9327241614	-0.228096703533633	0.0733973480119172	-3.10769679984347	0.00188551400523304	0.0413613208602485
ENSMUSG00000107761	305.839208003712	-0.307089062191902	0.0988456532083056	-3.10675332930168	0.00189154161359874	0.0413875442424152
ENSMUSG00000027340	5685.58933023881	0.237843517539446	0.0765650983227868	3.10642215251568	0.00189366161620992	0.0413875442424152
ENSMUSG00000047414	1084.65493616585	0.483002740778856	0.155488337981857	3.10635991771432	0.00189406025098496	0.0413875442424152
ENSMUSG00000031488	71.8336300746091	0.722600491705269	0.232780456638559	3.1042145983383	0.00190784895270447	0.0416072529243674
ENSMUSG00000046223	1607.30022271194	-0.342645584276708	0.110387340222328	-3.10402971560503	0.00190904156156443	0.0416072529243674
ENSMUSG00000026956	1102.43566595776	0.188185068845617	0.0606724727846875	3.10165483964107	0.00192442199375289	0.0418458669489647
ENSMUSG00000063415	636.065335630526	1.6335406788811	0.526681110398065	3.10157445678368	0.0019249445633382	0.0418458669489647
ENSMUSG00000026430	5692.05116970352	-0.134631761632364	0.0434281586084573	-3.10010292736992	0.00193453404352693	0.0420002757444901
ENSMUSG00000044337	683.027137036028	0.862173983633486	0.278208099136145	3.09902546442967	0.00194158331580579	0.0420992089695451
ENSMUSG00000020460	8611.04084483943	0.16477706419288	0.0531805304438363	3.09844717263399	0.00194537649293061	0.042111678473618
ENSMUSG00000032359	857.331369470439	0.948123038119167	0.306026010081155	3.09817795509517	0.00194714468580283	0.042111678473618
ENSMUSG00000067279	440.964154874372	1.26868695672232	0.409653540880483	3.09697544416555	0.00195506068203048	0.0421989916164938
ENSMUSG00000032320	2715.74902562421	0.119848858036584	0.0387007962098514	3.09680600333686	0.00195617846401721	0.0421989916164938
ENSMUSG00000056423	71.5449152336638	1.50855566656224	0.487602434528911	3.09382308154327	0.00197595278818868	0.0425711971241007
ENSMUSG00000078350	518.869507849637	0.3521230409478	0.113851062809419	3.09283929599529	0.00198251460820147	0.0426581582766001
ENSMUSG00000032340	2231.65980496087	0.21860592518586	0.0707229939880353	3.091016271495	0.00199472702661649	0.0428627379662787
ENSMUSG00000037060	2911.95299340655	0.255943986583097	0.082820248923171	3.09035519587155	0.00199917259571455	0.0428627379662787
ENSMUSG00000038954	1292.54081451822	-0.11499886203975	0.0372166133800095	-3.08998728244093	0.00200165065874657	0.0428627379662787
ENSMUSG00000021408	432.764261385745	0.328624002578728	0.106353913816338	3.08990981889231	0.00200217276984156	0.0428627379662787
ENSMUSG00000004568	2975.67858412683	-0.154731069496567	0.0501211558546218	-3.08714088608352	0.0020209179039793	0.0432092712862206
ENSMUSG00000026466	1890.56886082055	0.242183546681389	0.0784869627706487	3.08565318534605	0.00203105572596152	0.0433711280242933
ENSMUSG00000052981	5292.33344957661	-0.128571094658447	0.0416731111757109	-3.08522908492093	0.00203395426111794	0.0433781836168474
ENSMUSG00000018697	810.768662020034	-0.151146212789014	0.0489993907334653	-3.0846549421641	0.00203788431533527	0.043407192900792
ENSMUSG00000019775	4221.02317826275	-0.131622296306782	0.042701792724598	-3.08235996450243	0.00205366331303182	0.0435171160530951
ENSMUSG00000036295	1941.58390204012	-0.186096268330823	0.0603902405538331	-3.08156196471734	0.00205917612872263	0.0435171160530951
ENSMUSG00000024650	127.118172142677	2.78173945128824	0.902776244147016	3.08131662670915	0.00206087372192916	0.0435171160530951
ENSMUSG00000074577	134.094110687863	0.291526722086968	0.0946154307842886	3.08117523400187	0.00206185265851774	0.0435171160530951
ENSMUSG00000024589	16183.5325520465	-0.200307045531025	0.065011611384648	-3.08109645746031	0.00206239825525977	0.0435171160530951
ENSMUSG00000026833	19776.3000041262	-0.103430025911149	0.0335718093758221	-3.08085944231642	0.0020640405921173	0.0435171160530951
ENSMUSG00000068735	646.303912992509	1.51779250364995	0.492720673174115	3.08043194914536	0.00206700583241769	0.0435171160530951
ENSMUSG00000058355	9117.25016212438	-0.0947055398403952	0.0307451001671941	-3.08034578926006	0.00206760394011752	0.0435171160530951
ENSMUSG00000042216	4304.97977941174	-0.169515681293001	0.0550343277576723	-3.08018082894397	0.002068749510389	0.0435171160530951
ENSMUSG00000037098	4765.43433185245	-0.129198055022311	0.041945073466602	-3.08017233836012	0.00206880848917384	0.0435171160530951
ENSMUSG00000030587	102.551816427788	0.403604015409939	0.13107114378616	3.07927438299013	0.00207505473934447	0.0435942159232183
ENSMUSG00000059534	4664.23147806013	0.183869676633682	0.0597476493492158	3.07743783456638	0.00208788382493243	0.0438092493005386
ENSMUSG00000015013	1643.74075594254	0.153002892356503	0.0497353239341197	3.07634253190294	0.00209556957888944	0.0439159624776942
ENSMUSG00000027603	7482.61495080449	-0.132196238833716	0.0429845842847563	-3.07543369404173	0.00210196659599561	0.0439954371412166
ENSMUSG00000018339	6800.39026236945	0.341317073801301	0.110999228592237	3.07494996253669	0.00210537872470184	0.0440123168798747
ENSMUSG00000021033	2016.12257270244	0.104200776864087	0.0339017746592097	3.07360832615823	0.00211486891322967	0.0441452675859504
ENSMUSG00000029428	6502.38823930429	-0.123678237718456	0.0402426474781905	-3.07331265383282	0.00211696564706766	0.0441452675859504
ENSMUSG00000028164	466.568695339844	0.324386944100332	0.105609865774095	3.07155909841049	0.00212944005647013	0.0443506436422157
ENSMUSG00000063727	158.173685333006	1.78162866396207	0.580410765335177	3.06959961869972	0.00214345908321939	0.0445876445500723
ENSMUSG00000026380	62.98528507725	1.03199659773246	0.336608432426895	3.06586674104368	0.00217040023177905	0.045052671353317
ENSMUSG00000053436	4574.20580934998	-0.10611481463796	0.0346159330163702	-3.06549052390924	0.00217313263745182	0.045052671353317
ENSMUSG00000064345	98460.6929142101	0.247697833615369	0.080812360810683	3.06509834795749	0.00217598430608217	0.045052671353317
ENSMUSG00000017446	3203.03194165681	0.181964333872146	0.0593678846830952	3.06502976893095	0.00217648332391846	0.045052671353317
ENSMUSG00000041625	1927.61696240422	0.173997845710921	0.0567991899828156	3.06338604060311	0.00218847540906722	0.0452454567130409
ENSMUSG00000031239	2308.11946786015	0.365354521071307	0.119349849529058	3.06120638201855	0.00220447086685668	0.0455175686586038
ENSMUSG00000029019	631.389170714504	-0.359921503522107	0.117588380055491	-3.06085944335875	0.00220702674391075	0.0455175686586038
ENSMUSG00000045377	133.697234657343	0.563314101148897	0.184079323207641	3.06017042725369	0.00221211074020049	0.0455667835521054
ENSMUSG00000020773	450.111769160306	0.51557591421936	0.168521777528439	3.05940230266295	0.00221779109957475	0.0456281479450879
ENSMUSG00000046861	4419.94943366897	-0.104584582868832	0.034197468345881	-3.05825512611168	0.00222629947977113	0.0457345211641374
ENSMUSG00000022935	18702.3598039924	-0.211124517287425	0.0690406139016048	-3.05797566615377	0.00222837670464064	0.0457345211641374
ENSMUSG00000034981	36516.293368514	-0.210697915468787	0.0689269833167269	-3.05682775206638	0.00223692779017146	0.0458286173872436
ENSMUSG00000030946	289.333973178053	0.234569287914568	0.0767410915963209	3.05663215150061	0.00223838786007199	0.0458286173872436
ENSMUSG00000057722	550.884025309809	0.674579879051403	0.220745786730902	3.05591281737007	0.00224376487859696	0.0458575522293708
ENSMUSG00000062151	3063.95819379812	-0.170076951910392	0.0556616504035095	-3.05554992849562	0.00224648195985627	0.0458575522293708
ENSMUSG00000038712	5868.76867658995	-0.100483472434348	0.0328912199696604	-3.05502418356742	0.00225042375174385	0.0458575522293708
ENSMUSG00000028540	704.798346150566	-0.17895427832409	0.0585819480096948	-3.05476831010253	0.00225234446417501	0.0458575522293708
ENSMUSG00000024261	37896.5902328474	-0.155727044822946	0.0509806401818261	-3.05463101811853	0.00225337566457745	0.0458575522293708
ENSMUSG00000024644	6430.08523866604	-0.0985836776982177	0.0322820822927112	-3.05382028347274	0.0022594739186902	0.045926322455591
ENSMUSG00000020521	335.065237852452	0.298272394059306	0.0976884728500593	3.05330184163202	0.00226338150164315	0.0459504530579982
ENSMUSG00000040612	1231.87293833397	0.922912733518812	0.302315878124357	3.05280933057434	0.00226709937355563	0.0459706788940314
ENSMUSG00000039159	6413.33561817187	-0.0850166919574088	0.0278617527263721	-3.0513763004198	0.0022779488904399	0.0461352934153721
ENSMUSG00000032402	416.581875269701	0.625741756744883	0.20511805010968	3.05064208835004	0.00228352604210695	0.0461862336606914
ENSMUSG00000027071	17606.6866636215	-0.168311619016625	0.0551873982346021	-3.04981978496488	0.00228978719230853	0.0461862336606914
ENSMUSG00000028830	4880.17881047854	-0.134780078548283	0.0441935076405544	-3.04977101262271	0.00229015904631937	0.0461862336606914
ENSMUSG00000057596	75.2382122844734	0.922652530415715	0.302560518058183	3.04948093140919	0.00229237184994909	0.0461862336606914
ENSMUSG00000038457	59.9195588548835	0.80895988515313	0.265322500016061	3.04896827485103	0.00229628729711582	0.0461862336606914
ENSMUSG00000022208	10766.9944168366	-0.165477775011749	0.0542747248835057	-3.04889200943768	0.00229687030223082	0.0461862336606914
ENSMUSG00000026235	278.765724825712	0.500750998872253	0.164364833399039	3.04658234074043	0.00231459074474824	0.0464872202967213
ENSMUSG00000005803	418.255748040051	0.294299658469383	0.0966359932396723	3.0454455798832	0.00232335820100384	0.0465631251565167
ENSMUSG00000047216	3370.372104374	-0.263794054548779	0.0866326981233724	-3.04497101282836	0.00232702736875594	0.0465631251565167
ENSMUSG00000003955	1730.06630025794	0.113585693946033	0.0373029466950051	3.04495231636064	0.00232717203115874	0.0465631251565167
ENSMUSG00000030562	183.879572004111	0.546770237404475	0.17958305809257	3.04466492113432	0.00232939676497878	0.0465631251565167
ENSMUSG00000035632	1319.89112624731	-0.115554744264498	0.0379899381033336	-3.04171972984495	0.00235230808049894	0.0469591905225186
ENSMUSG00000090101	62.6173836200478	0.479528243809694	0.157686933696183	3.04101444913378	0.00235782515549188	0.0469591905225186
ENSMUSG00000140383	97.4452854375982	0.536933090269339	0.176571128238247	3.04088836961418	0.00235881266291176	0.0469591905225186
ENSMUSG00000064341	163195.008134175	0.221996631199396	0.0730085262137453	3.04069459708667	0.00236033110849673	0.0469591905225186
ENSMUSG00000015133	634.918693171181	0.433374624220343	0.142547575784177	3.04021041281327	0.00236412919950736	0.0469794191869162
ENSMUSG00000078234	97.0648972289888	2.44865700049386	0.80577526061658	3.03888332165987	0.00237456801790952	0.0471314082144649
ENSMUSG00000033063	522.591053634558	-0.228480515557729	0.0751980665948986	-3.0383828455136	0.00237851567855878	0.0471543524959347
ENSMUSG00000040852	213.499798796491	0.354528375175407	0.116776422254456	3.03595852939294	0.00239772340314934	0.0474521308302191
ENSMUSG00000030036	1360.76024653835	-0.148353168719479	0.0488682436784467	-3.0357786069752	0.00239915456331816	0.0474521308302191
ENSMUSG00000024172	679.852678591183	-0.315711809802463	0.104028131194379	-3.03486957016029	0.00240639729444428	0.0474925072484887
ENSMUSG00000036339	1308.90319990433	-0.264117523054268	0.0870300988657881	-3.0347836725036	0.00240708271607434	0.0474925072484887
ENSMUSG00000070550	834.40607242936	-0.329545333107847	0.108615140239743	-3.03406442582914	0.00241282897227941	0.0474925072484887
ENSMUSG00000037772	867.083242200155	0.149651396799317	0.0493284718960974	3.03377321548768	0.00241515909934371	0.0474925072484887
ENSMUSG00000074971	263.56970064789	0.889691665263752	0.293263568802056	3.0337612984048	0.00241525449804344	0.0474925072484887
ENSMUSG00000020102	1378.09364005078	-0.13023098189697	0.042937047460185	-3.03306793551027	0.00242081095247078	0.0475464160444
ENSMUSG00000034275	2688.51753488868	-0.323855537833479	0.106803554598901	-3.03225430136396	0.00242734615251015	0.0475536650723047
ENSMUSG00000061787	5739.77011829795	0.20867178545471	0.0688221081917013	3.03204581983253	0.00242902329614033	0.0475536650723047
ENSMUSG00000031255	57.3813926005569	0.74374398572555	0.245300500202127	3.03197092999283	0.00242962601133142	0.0475536650723047
ENSMUSG00000021395	9287.38467543221	-0.0921363640565642	0.0303998657243197	-3.03081483622658	0.00243894766323765	0.0476808622450776
ENSMUSG00000026748	2023.0494951847	0.189547491536336	0.062552433189852	3.03021772088455	0.00244377504676976	0.0476919904839063
ENSMUSG00000003949	835.985314637078	1.12581004265018	0.371548813330987	3.03004612652948	0.00244516391919146	0.0476919904839063
ENSMUSG00000028337	14113.7920966319	-0.144424973858128	0.0477114770532331	-3.02704889427315	0.00246954009503474	0.0481118820590909
ENSMUSG00000030255	1534.73111198784	0.24073467200079	0.0795461766365762	3.02635126136405	0.00247524567808829	0.0481246706558935
ENSMUSG00000044117	7767.50813041362	-0.109142938384076	0.0360691674250541	-3.02593450793833	0.00247865984348197	0.0481246706558935
ENSMUSG00000028820	5847.06935497269	-0.133970579676472	0.0442762795064143	-3.0257867456335	0.00247987138959415	0.0481246706558935
ENSMUSG00000036781	1268.51173275097	0.18470042407569	0.0610463495794445	3.02557688294407	0.0024815930460768	0.0481246706558935
ENSMUSG00000001424	4522.94400278674	-0.0986011649653819	0.0326066885341115	-3.02395518828078	0.00249493390899807	0.0482442984142792
ENSMUSG00000021215	1706.37403064228	0.281379270271453	0.0930510178099963	3.02392469092611	0.00249518542270659	0.0482442984142792
ENSMUSG00000109511	1781.42059844649	-0.131605683364344	0.0435286037617549	-3.02342992862029	0.0024992690022815	0.0482442984142792
ENSMUSG00000034997	1015.05634370333	-0.20733303874422	0.068582976270309	-3.02309771344786	0.00250201440970477	0.0482442984142792
ENSMUSG00000031785	10868.3238555723	-0.199556623061168	0.0660107177678868	-3.02309427633961	0.00250204282818712	0.0482442984142792
ENSMUSG00000035212	1957.17931146739	0.172781441344745	0.0571863751081909	3.02137425248339	0.00251630132669033	0.0484119991579202
ENSMUSG00000022391	17231.9942658009	-0.12557626943244	0.0415643925072408	-3.02124635673586	0.00251736450851593	0.0484119991579202
ENSMUSG00000006611	588.691059325425	0.335921496034597	0.11119513171831	3.02100902120055	0.00251933853885571	0.0484119991579202
ENSMUSG00000035713	4268.93224189215	-0.176348877471339	0.058414330669112	-3.01893174930424	0.00253667670603769	0.0486897798200939
ENSMUSG00000021540	1678.48125742847	0.167531558212268	0.055509296089081	3.01808111461934	0.00254380805998606	0.048771239433853
ENSMUSG00000030108	436.645890239637	1.46161073583721	0.484682943508047	3.01560175660058	0.0025646986650789	0.0490692222724585
ENSMUSG00000035629	5313.24645968442	-0.113852017568667	0.0377606452668671	-3.01509724645956	0.00256896873569872	0.0490692222724585
ENSMUSG00000021696	13292.0591544709	-0.154852130893678	0.051359703450828	-3.01505110990243	0.00256935955034973	0.0490692222724585
ENSMUSG00000058396	101.627999804023	1.21404826710382	0.402687972590558	3.01486100837243	0.00257097044053791	0.0490692222724585
ENSMUSG00000043716	15427.3326538078	0.153644518258245	0.0509868692403834	3.01341346404052	0.00258326702514269	0.0492482656000961
ENSMUSG00000026176	2313.12233475343	0.318583893809108	0.105753175720326	3.01252318560751	0.00259085643708772	0.0493372672816784
ENSMUSG00000061288	2309.73722155096	-0.104210328567536	0.0346079524186512	-3.01116712444895	0.00260245571928337	0.0495023418405578
ENSMUSG00000033501	29.784849315914	0.679997666092789	0.225948852545238	3.00952033361906	0.00261660563399074	0.049715507045824
ENSMUSG00000036686	1996.00303743248	-0.11461424836731	0.0381089629550621	-3.00754047026844	0.00263371054266182	0.0499378574583245
ENSMUSG00000020888	296.052671166261	0.257751454299479	0.0857034202830539	3.00748153863871	0.0026342212418073	0.0499378574583245
