gene_id	baseMean	log2FoldChange	lfcSE	stat	pvalue	padj
ENSMUSG00000026628	14650.8125638744	5.97087651689662	0.0941891565617516	63.3923981788927	0	0
ENSMUSG00000036390	7407.1258322948	3.51628381182173	0.0724754324795279	48.5169069231145	0	0
ENSMUSG00000051379	5691.6137247449	3.75342209906902	0.0875892431257382	42.8525463301563	0	0
ENSMUSG00000052684	12732.0800475042	1.92466208007051	0.0447278106347712	43.030545263807	0	0
ENSMUSG00000063632	2497.65847078636	3.27322619438355	0.0815434024066693	40.1409077592749	0	0
ENSMUSG00000019647	4767.59580221023	3.51563819831424	0.0922561998998657	38.1073380664941	9.68488229735137e-318	3.46492805658241e-314
ENSMUSG00000073680	829.441405581674	5.54718215950102	0.154983970950955	35.7919733599833	1.47234069152606e-280	4.51503789775691e-277
ENSMUSG00000037428	16683.7522086158	2.23334483939714	0.0687638658572622	32.478465420095	2.14788593951927e-231	5.76331494721509e-228
ENSMUSG00000042816	871.386730841559	4.65751605272948	0.145084620087904	32.1020660212472	4.12567580510634e-226	9.84019520360142e-223
ENSMUSG00000001473	1906.16456694685	2.17804187964076	0.0726109072705223	29.9960703083651	1.10426535925146e-197	2.37041602016918e-194
ENSMUSG00000046223	1607.30022271194	3.12497870564791	0.106531154312643	29.3339420361189	3.82978808968239e-189	7.47365737573838e-186
ENSMUSG00000031574	608.571398802081	3.94265223732176	0.134734450159408	29.2623915610083	3.1235139259497e-188	5.58744582786968e-185
ENSMUSG00000039328	1574.49890743604	1.94874145625898	0.0680701637486667	28.6284232171712	2.97606204356582e-180	4.91416521747569e-177
ENSMUSG00000004951	15797.5889209086	1.15400372698632	0.0403174781701016	28.6229144123925	3.48506314057231e-180	5.34359752682322e-177
ENSMUSG00000003752	1040.75557864385	1.72179335266923	0.0607489491071149	28.3427677017638	1.02770856633247e-176	1.47071947232619e-173
ENSMUSG00000046688	3648.23954981493	1.91971429402471	0.072020633351394	26.6550598723325	1.563603670825e-156	2.09776977487059e-153
ENSMUSG00000025473	1048.38171593927	2.67016631453317	0.100441403425887	26.5843190502949	1.03061616334989e-155	1.30136509190993e-152
ENSMUSG00000050164	465.540162224075	2.33155773759956	0.0885930212458266	26.3176230453863	1.20541509671143e-152	1.43752447033375e-149
ENSMUSG00000022044	2658.90010350879	2.07391787287171	0.0789072574748482	26.2829800355534	3.00194082016397e-152	3.3915611392442e-149
ENSMUSG00000028494	3835.80421163028	1.199389952076	0.0456580618150285	26.2689633417864	4.34094981465579e-152	4.65914143607006e-149
ENSMUSG00000030898	448.701168850465	6.17845771760935	0.23732810837264	26.0334005945401	2.07417565636951e-149	2.12020260188704e-146
ENSMUSG00000046731	1157.2547643915	1.63392703070226	0.063125729535217	25.8836934279026	1.01645829457232e-147	9.91786079604062e-145
ENSMUSG00000056749	929.498103792387	1.94436523806295	0.0770792108511756	25.2255467666518	2.10137984378745e-140	1.96122694464093e-137
ENSMUSG00000015652	387.376097678084	2.67526035113891	0.106464153614926	25.1282733230112	2.4422148463663e-139	2.18435766217079e-136
ENSMUSG00000024143	13685.106165604	1.53293614421736	0.0610719350465419	25.1005006317408	4.91111908979586e-139	4.21688329526232e-136
ENSMUSG00000022895	2049.89222855337	1.13335063437207	0.0453439529360882	24.9945265241765	7.01129338370458e-138	5.78863168363856e-135
ENSMUSG00000038059	1749.77928784434	2.69216254781066	0.107957441681895	24.9372577366489	2.93582953369431e-137	2.33409321371415e-134
ENSMUSG00000019876	3057.61380875515	1.29063197350217	0.0517688322718526	24.9306757920422	3.4603411033182e-137	2.65284579013673e-134
ENSMUSG00000037447	1684.07878809883	1.8055691627389	0.0727909655487179	24.8048524858549	7.94680411929468e-136	5.88227921464757e-133
ENSMUSG00000033902	1460.65785989145	1.82585789644729	0.0741866175805356	24.611688145307	9.47018878429875e-134	6.77623574812523e-131
ENSMUSG00000030748	4118.35590673666	1.09624298779403	0.0447473150990216	24.4985198635526	1.53178110348885e-132	1.06068429572554e-129
ENSMUSG00000023905	1035.38057915614	2.51087707860323	0.103053966970479	24.3646814617287	4.05192617948362e-131	2.71808273027486e-128
ENSMUSG00000030102	2295.87096949066	1.63859398402026	0.0681394382492478	24.0476591254896	8.83204302266103e-128	5.74511016740733e-125
ENSMUSG00000032802	35809.8462137625	1.43039735984769	0.0596208913077799	23.9915460583032	3.40737755557505e-127	2.151257841411e-124
ENSMUSG00000032515	732.838162314317	2.16141638893824	0.0907816747925388	23.8089503622584	2.69788638990457e-125	1.65465226416261e-122
ENSMUSG00000025089	18094.3565992795	1.37916750420633	0.0579474298936647	23.8003222358117	3.31420987725251e-125	1.97618970069729e-122
ENSMUSG00000021765	585.461361445122	2.86047565011735	0.120468533223654	23.7445876825508	1.24971757930801e-124	7.25038852903399e-122
ENSMUSG00000025348	17267.5888143636	1.97624146955947	0.0839510197181691	23.540410541693	1.57398516053147e-122	8.89135933051804e-120
ENSMUSG00000030256	4878.68276452917	1.17199794359236	0.0499163950158558	23.4792184655979	6.65134159791444e-122	3.66096663438029e-119
ENSMUSG00000087006	6980.27573345325	1.06897963115035	0.0455322038898685	23.4774410159446	6.93530866572304e-122	3.72183339546027e-119
ENSMUSG00000040151	5974.29391285692	0.725295073034696	0.0311342650850102	23.2957184328688	4.89917738764397e-120	2.56501809276013e-117
ENSMUSG00000001054	2799.2354268083	0.876378666719636	0.0386799917559398	22.6571575363652	1.18591654316423e-113	6.04660185829642e-111
ENSMUSG00000037705	1376.82144081684	1.55923686228411	0.0688215591542438	22.656226935945	1.21123581434243e-113	6.04660185829642e-111
ENSMUSG00000014599	3174.22723421352	1.99222586895281	0.0883317633663757	22.5539012584817	1.22954441825668e-112	5.99850010961317e-110
ENSMUSG00000024891	855.81203921781	1.8186967616482	0.0806661728991502	22.5459656295081	1.47099958165736e-112	7.01699489330153e-110
ENSMUSG00000025612	1844.17118470893	0.947772873917866	0.0423060707666182	22.4027629307922	3.6991147801582e-111	1.7261999537147e-108
ENSMUSG00000024664	6754.00289146635	1.00185891536629	0.0447316308953475	22.3971023482287	4.20024105837158e-111	1.91834839487244e-108
ENSMUSG00000020427	3547.49401207581	2.81230142064615	0.125750676996759	22.3641056081045	8.80304257116923e-111	3.93679399651497e-108
ENSMUSG00000023067	7936.99608629144	1.60422929835886	0.071775098605186	22.3507780488504	1.18658116006493e-110	5.1981941187661e-108
ENSMUSG00000117324	220.340043252387	5.20557186540359	0.234069805289943	22.2393993063541	1.42855839000041e-109	6.13308687994978e-107
ENSMUSG00000024404	6556.06578101262	0.784774479269532	0.0353656626430058	22.1902947837098	4.26190756759012e-109	1.79384525188019e-106
ENSMUSG00000000078	7150.77758731966	1.15718862566327	0.0524838459237576	22.0484723498407	9.88029454044183e-108	4.07866158856008e-105
ENSMUSG00000030681	3314.68776251488	1.12544628666141	0.0510484234180147	22.0466414299534	1.02881458013417e-107	4.1668931655019e-105
ENSMUSG00000006304	14315.8102743024	0.48965436083764	0.0222802334035647	21.9770750139134	4.77235946475533e-107	1.89710126426737e-104
ENSMUSG00000041831	1537.96956528915	0.953391052009884	0.0435674868602569	21.8830857760489	3.76487817624035e-106	1.46939772602137e-103
ENSMUSG00000038650	7164.15518718129	1.11612794237668	0.0510167500439863	21.8776762811109	4.23898359534396e-106	1.6248932474581e-103
ENSMUSG00000058093	1484.70782679059	1.63369688646298	0.0747181489911548	21.8647933403219	5.62193518661106e-106	2.11720106518935e-103
ENSMUSG00000109901	3862.49638991449	1.0045055282297	0.0460866897047829	21.7960008554369	2.53196644641124e-105	9.37089512735579e-103
ENSMUSG00000061950	2720.50654352894	0.848885797648615	0.0390568522551439	21.7346188603004	9.65815649579957e-105	3.51393198879379e-102
ENSMUSG00000027495	2349.86381932736	1.43647621096385	0.066232717433795	21.688317596205	2.64483780322983e-104	9.46234804735524e-102
ENSMUSG00000048807	2303.51668566845	0.885342916653973	0.0408519124560609	21.6720066069421	3.76965622848998e-104	1.32654820656993e-101
ENSMUSG00000044934	3112.84782387295	1.50241114681761	0.0693975462698922	21.6493410440568	6.16554882094268e-104	2.13467211274767e-101
ENSMUSG00000028226	1044.75889419369	1.80887618193392	0.0837501599835274	21.5984803168102	1.8562196831878e-103	6.32470027290624e-101
ENSMUSG00000031074	419.275608392955	7.7778419559648	0.375246810876621	20.7272699741134	1.96632775700487e-95	6.59518619247913e-93
ENSMUSG00000030272	4748.05152695502	1.59438841486393	0.0773028943652391	20.6252098056095	1.63022239817386e-94	5.38374676910769e-92
ENSMUSG00000004846	2878.22150137967	0.754671974471102	0.0366006839054729	20.6190675677034	1.85091292492726e-94	6.01995406764979e-92
ENSMUSG00000033983	1428.14312542502	1.1389183514585	0.0553362830735517	20.5817645891518	3.99857569921713e-94	1.28109590984171e-91
ENSMUSG00000035621	5082.5328188002	0.962876956637273	0.046964085031094	20.5024106399554	2.04888103752262e-93	6.46783534580301e-91
ENSMUSG00000020205	1574.78076299018	1.56401869950507	0.0765471567560133	20.4320939638586	8.67029072547267e-93	2.69734001033328e-90
ENSMUSG00000001542	3147.50142084087	1.10440607218199	0.0541405305584431	20.3988778977668	1.71096689797421e-92	5.2468022045592e-90
ENSMUSG00000034300	7954.5631218731	1.24816015167028	0.0615462921088218	20.2800218973934	1.93045348113316e-91	5.83649498957809e-89
ENSMUSG00000031681	3345.47673658897	0.983270335299482	0.0485620579866678	20.2477072855814	3.72162676554444e-91	1.10956166873857e-88
ENSMUSG00000050989	2418.24226926508	0.896979637836319	0.0444924283548615	20.1602760515163	2.18658767618047e-90	6.42976589820411e-88
ENSMUSG00000048216	1081.6373102224	0.946796221924008	0.0471505606852856	20.0802749355105	1.09785506420744e-89	3.18466983895633e-87
ENSMUSG00000026558	10153.4016431673	1.32331034563107	0.0659074324909776	20.0783173553639	1.14197838164242e-89	3.26849439204483e-87
ENSMUSG00000035673	4900.65767972314	1.66009074667257	0.08273094436739	20.0661404190005	1.4590479234364e-89	4.12104246374812e-87
ENSMUSG00000020737	9133.13652634719	0.633607765157268	0.0316712255707057	20.005786127308	4.90393509668325e-89	1.36711520500523e-86
ENSMUSG00000058153	2101.88202868088	2.45373237218184	0.123089523263528	19.934534695764	2.04195077703867e-88	5.61955325383487e-86
ENSMUSG00000030095	4073.29293959981	1.13428442201159	0.0569743648033461	19.9086804377146	3.42210321658188e-88	9.29859084141097e-86
ENSMUSG00000024261	37896.5902328474	1.01326724621317	0.0509101846062166	19.9030361812799	3.83010125649768e-88	1.02771191964974e-85
ENSMUSG00000037280	344.919228857203	1.9154103278357	0.0962431708413281	19.9017791194095	3.92738042338012e-88	1.0408042983738e-85
ENSMUSG00000029552	1244.94797600063	1.44843992482711	0.0730347517192868	19.8322016674237	1.5701431030768e-87	4.1103282744691e-85
ENSMUSG00000032939	6348.76048046223	0.60560843996304	0.0307334021362154	19.7052196590175	1.94496347721229e-86	5.03019108455891e-84
ENSMUSG00000033060	1217.87563110409	2.06499216521104	0.105254068653914	19.6191196370845	1.06176004736896e-85	2.71330252105026e-83
ENSMUSG00000028793	5509.71245759808	0.943766062318876	0.0481163357861764	19.6142546371957	1.16837029149712e-85	2.95061607967968e-83
ENSMUSG00000024691	732.333607723706	1.50437075332768	0.0767408860102587	19.6032497347838	1.45057584318878e-85	3.62070477324306e-83
ENSMUSG00000043003	507.125383304546	1.75214366291744	0.0900049873275627	19.4671841521484	2.08417966177575e-84	5.14241386433082e-82
ENSMUSG00000036160	1377.02005483812	0.810102379686637	0.0417539574796733	19.4018107165294	7.45005490863214e-84	1.81730543941702e-81
ENSMUSG00000003644	1483.30246962822	0.889764163358997	0.0458618889384618	19.4009488914182	7.57600629521925e-84	1.82726461947389e-81
ENSMUSG00000029378	168.637121672424	4.41847527446124	0.229175579614381	19.2798695301477	7.92762033741955e-83	1.89082553514498e-80
ENSMUSG00000042688	2540.40609857712	0.938584477936297	0.048755523307762	19.2508338391042	1.38909123453621e-82	3.27672883962135e-80
ENSMUSG00000005087	20280.9900635307	1.08289231449519	0.0563092152462971	19.2311739696354	2.02980898625918e-82	4.73607388033038e-80
ENSMUSG00000026836	1559.22596640028	0.955644887796747	0.0502671303193851	19.0113277150458	1.37429715978742e-80	3.1721142830104e-78
ENSMUSG00000027611	1010.27671808777	2.89149901664077	0.152362766445839	18.9777271973374	2.60628982113209e-80	5.95176779791718e-78
ENSMUSG00000026670	4880.36753563257	0.577352474427214	0.0304636665752242	18.9521662798387	4.23773755005575e-80	9.57550255257861e-78
ENSMUSG00000021400	3866.20160604624	0.617828900476253	0.0326048709801985	18.9489754721456	4.50264322587052e-80	1.00680978631809e-77
ENSMUSG00000003153	7363.47907798268	0.727123955029513	0.0384826655210024	18.8948438260514	1.25759185184279e-79	2.78303780326365e-77
ENSMUSG00000021453	1529.8576352721	1.99475475800274	0.10592862911733	18.8311202988691	4.19785601062744e-79	9.19501807389068e-77
ENSMUSG00000038943	459.616617433238	1.43958397494591	0.0766354984902054	18.7848190891575	1.0052825430382e-78	2.17973687564221e-76
ENSMUSG00000028896	826.087782287964	1.29624676922103	0.0690212164602115	18.7804103679957	1.09232599356513e-78	2.3447869777869e-76
ENSMUSG00000002459	372.760853016128	2.07291912760623	0.110793127997356	18.7098168006926	4.11788070283235e-78	8.75192348188111e-76
ENSMUSG00000068566	11178.3925071722	1.03851693495223	0.0556002072495622	18.6782925159043	7.43599318189256e-78	1.56491205531868e-75
ENSMUSG00000048482	4344.33838217333	1.41629307937827	0.0758381257398679	18.6752120461981	7.87764755926482e-78	1.6417629369629e-75
ENSMUSG00000024256	16968.6980780171	1.97678882135342	0.10587725774768	18.6705706532784	8.59297242524713e-78	1.77362255846495e-75
ENSMUSG00000015745	2570.59166486235	1.02105078311582	0.0548321969933703	18.6213728266128	2.15615051362015e-77	4.40799304051144e-75
ENSMUSG00000034832	2001.86850536044	1.23534850639962	0.0666928307276051	18.5229580589431	1.34821768263713e-76	2.7302679976876e-74
ENSMUSG00000056076	10597.307244829	0.551977120204718	0.029899296033924	18.4612079019666	4.23758079625907e-76	8.50129994135488e-74
ENSMUSG00000037458	16118.7509556964	0.969522938162916	0.0525303713970655	18.4564264896303	4.62977971159429e-76	9.20211586010028e-74
ENSMUSG00000014195	10692.7185018228	0.488293966556926	0.0264648356307673	18.4506706699228	5.15019557699689e-76	1.01425778216344e-73
ENSMUSG00000021070	853.59090350935	1.69659692127381	0.0919909032929032	18.4430944858946	5.92511437580639e-76	1.15614720845143e-73
ENSMUSG00000079442	1306.40434284594	1.48356645015516	0.0804423242512845	18.4426104536813	5.9784002673115e-76	1.15614720845143e-73
ENSMUSG00000121792	230.04204995772	2.86428552299127	0.15584984373484	18.3784946737868	1.95313772311764e-75	3.74339771111101e-73
ENSMUSG00000035671	2392.52672143667	1.04110953561979	0.0568974828748355	18.2979893488443	8.58595391639459e-75	1.63102731654271e-72
ENSMUSG00000018736	12089.3348221421	0.591144036464466	0.0325621120590053	18.1543517629711	1.18619972481887e-73	2.23359327131244e-71
ENSMUSG00000042804	6060.737785486	0.95327245023881	0.0528972113596347	18.0212231559383	1.32775214190522e-72	2.47839369375109e-70
ENSMUSG00000002250	1187.05780401373	0.832678180172722	0.0462215564187828	18.0149316615039	1.48764611968887e-72	2.75291479355528e-70
ENSMUSG00000027198	3589.60302266623	0.78953289110205	0.0438494801418272	18.0055245478025	1.76321438349299e-72	3.23497093641543e-70
ENSMUSG00000032641	813.718108516769	1.10710900804458	0.0618266637368642	17.9066593784918	1.04629755482962e-71	1.90337485694683e-69
ENSMUSG00000044734	13539.6043592525	1.47126474021318	0.0821709016644011	17.9049360590207	1.07919010466889e-71	1.94671384763213e-69
ENSMUSG00000018507	5489.11215919931	0.775020568265511	0.0433128707522633	17.8935396062385	1.32423040200334e-71	2.36882748411697e-69
ENSMUSG00000078532	962.568400453881	1.71892343954909	0.0960853030849039	17.8895563042581	1.42236384423718e-71	2.52334399011532e-69
ENSMUSG00000037638	633.553383592348	1.1344852710992	0.0635149843978592	17.8616948717607	2.34411919911908e-71	4.12449694494182e-69
ENSMUSG00000021501	3181.70941829881	0.56883080694246	0.0318873847630832	17.838741281819	3.53571047306946e-71	6.17053341584627e-69
ENSMUSG00000041870	3656.79767874792	0.861504954851536	0.0484107582324081	17.7957335581414	7.62621717927922e-71	1.32019659653555e-68
ENSMUSG00000038894	5845.86501492394	1.27105817932839	0.0715540923787203	17.7635986576554	1.3527651897692e-70	2.32307660508684e-68
ENSMUSG00000025648	2134.17189612547	1.25755163527525	0.0708301491082359	17.7544682752761	1.59170929770419e-70	2.7117168082951e-68
ENSMUSG00000037568	588.697551665735	1.97059562346033	0.11136566061118	17.6948227366103	4.59674539370076e-70	7.76958556072288e-68
ENSMUSG00000066838	566.851170833567	1.2801482944195	0.0727147953044997	17.605059452602	2.25270955639745e-69	3.77786432325216e-67
ENSMUSG00000024883	279.320328959232	2.97754832589864	0.169906232928048	17.5246562447157	9.29013388057113e-69	1.54590708434372e-66
ENSMUSG00000039473	3147.66954673284	0.924146034187637	0.0531216698485706	17.3967805760252	8.72720616179161e-68	1.44106313437707e-65
ENSMUSG00000025337	5786.1518956787	0.505868278943645	0.0291242557960051	17.3693117684069	1.40905838111779e-67	2.3089196342805e-65
ENSMUSG00000035828	4122.25121477928	0.870109371356135	0.0501467500756492	17.3512614485191	1.92960120655454e-67	3.13794087120452e-65
ENSMUSG00000101797	153.615137613325	3.54967493052863	0.204874219522958	17.326118136259	2.9883042368917e-67	4.82307810143739e-65
ENSMUSG00000024376	977.399148230697	1.56317012031043	0.0905082923580097	17.2710155012895	7.77619498317895e-67	1.24570001126059e-64
ENSMUSG00000032578	930.021506619748	1.39258385946212	0.0807690870307966	17.2415451338597	1.29528078453343e-66	2.05959239413293e-64
ENSMUSG00000007812	2684.86980878364	0.695168103340416	0.040431303301806	17.1938089195696	2.95467402103757e-66	4.66360533349945e-64
ENSMUSG00000031545	6685.80763144893	0.436621571556275	0.0254026145060876	17.188056428272	3.26288383853757e-66	5.11248645825164e-64
ENSMUSG00000007041	9278.33852101609	0.75501541448607	0.0439912753607263	17.1628444116471	5.03844388662647e-66	7.83733597611042e-64
ENSMUSG00000005069	3122.66587960876	0.705439453051119	0.0412648456495496	17.095409953601	1.60562974263953e-65	2.47960057953239e-63
ENSMUSG00000029518	4816.0245355124	0.522773894572223	0.0305990578730821	17.0846402114918	1.9313073158259e-65	2.96124591725134e-63
ENSMUSG00000020142	5620.53263195213	0.913112717958908	0.0534980861089497	17.0681380283276	2.56242659333786e-65	3.90106732287876e-63
ENSMUSG00000045136	30567.1848252027	0.58430094650821	0.0344212136379123	16.9750245489499	1.25701701979913e-64	1.9002202357048e-62
ENSMUSG00000054855	261.255807007118	2.07062523252239	0.121987909616869	16.9740201223684	1.27870762485673e-64	1.91949215910311e-62
ENSMUSG00000029201	1870.48737871915	0.986309862627801	0.0582274592988357	16.9389129202057	2.32379185659515e-64	3.46406361067163e-62
ENSMUSG00000042507	1395.29841289161	0.685738870137499	0.0405538240063065	16.909351631818	3.83908529329393e-64	5.68343482109293e-62
ENSMUSG00000106350	260.520731767091	2.21357804507891	0.131150919603349	16.8780977805846	6.52124544423788e-64	9.58801744561715e-62
ENSMUSG00000120463	158.436988553588	2.05471267873659	0.122013406981083	16.840056593577	1.24117735519507e-63	1.81245667391955e-61
ENSMUSG00000027313	805.07562846668	1.72646873028431	0.102984446524997	16.7643638291075	4.44748924425893e-63	6.45066244035555e-61
ENSMUSG00000028789	8909.57985564902	0.62001273949268	0.0370587407340214	16.7305398729721	7.85232994628424e-63	1.13126251427475e-60
ENSMUSG00000026796	11090.836122207	0.892709782026478	0.0533974651829507	16.7182052362949	9.65843568982192e-63	1.38218653678478e-60
ENSMUSG00000021140	8983.5485447101	1.19498800746084	0.0719937267714478	16.5985018563418	7.14521402587302e-62	1.0157560548304e-59
ENSMUSG00000036002	4196.91943596272	1.04342438002122	0.0629480400904291	16.5759629453478	1.03983800416011e-61	1.46849753929612e-59
ENSMUSG00000039954	1249.37954975539	1.04224093057216	0.0629463983909024	16.5575943535285	1.41124762703414e-61	1.97998964456959e-59
ENSMUSG00000027540	3093.63016500366	0.826467827439016	0.0499528928541946	16.5449442508036	1.74125867687862e-61	2.42713368557639e-59
ENSMUSG00000038023	4892.97856692216	0.588352080404626	0.0357185420175558	16.4718951886516	5.84113939036224e-61	8.0894127840978e-59
ENSMUSG00000019461	3725.41946940418	0.46287373246671	0.0281635940626885	16.4351798082451	1.07106549662492e-60	1.47381358657376e-58
ENSMUSG00000043895	638.046520754241	1.32988280675818	0.0813391789747144	16.3498430094998	4.36102097477687e-60	5.96265453787008e-58
ENSMUSG00000022661	5170.42527562215	0.499275414500721	0.0306023546956645	16.3149345684649	7.72889630898668e-60	1.05005372258676e-57
ENSMUSG00000039232	673.693892985536	1.3684203360128	0.0842199788781875	16.2481676466818	2.30140644657717e-59	3.107043445423e-57
ENSMUSG00000040511	908.843665132445	1.17659414916235	0.07255924443046	16.2156339746617	3.91021806461731e-59	5.24604631094219e-57
ENSMUSG00000011179	5911.12757149094	0.98124577341965	0.0606044608713943	16.1909826324815	5.83886508743126e-59	7.78491167495649e-57
ENSMUSG00000026655	5469.80545573694	0.684758021933115	0.0422970523898361	16.1892610298693	6.00453453697262e-59	7.95637891176879e-57
ENSMUSG00000100426	89.39809808081	2.61480719621308	0.161790783429767	16.1616573007581	9.40001843457777e-59	1.23791899212667e-56
ENSMUSG00000027035	1777.08229395475	1.13352589281624	0.0702093524234568	16.144941573874	1.23265173795647e-58	1.61342086627887e-56
ENSMUSG00000027583	1225.01062759768	1.00698275755548	0.0624697534310386	16.119525086122	1.86033405777477e-58	2.42023823540564e-56
ENSMUSG00000028063	7738.89182389133	0.437690784729427	0.0272392157635974	16.0684062466423	4.24870032779238e-58	5.49413260460188e-56
ENSMUSG00000029321	668.561526583977	1.34304022226962	0.0839569600841298	15.9967704991202	1.34577293849351e-57	1.7298420298025e-55
ENSMUSG00000050359	670.256000956344	5.43689050454909	0.341612167135342	15.9153889340103	4.95580849213205e-57	6.33222530310158e-55
ENSMUSG00000041548	24920.1933220943	0.331957665682108	0.0208908451143291	15.8901022847763	7.42063934987576e-57	9.4255292475996e-55
ENSMUSG00000000278	2989.64979841804	1.01406513400341	0.0641004778476848	15.8199309592205	2.26741166887785e-56	2.86307405200776e-54
ENSMUSG00000109770	74.5358630554165	3.77886256265642	0.241461731100792	15.6499439701235	3.32512144498505e-55	4.17409689696193e-53
ENSMUSG00000026675	7002.70318945165	0.814341719385433	0.0522080875580331	15.5979994187727	7.51111838110126e-55	9.37405041678602e-53
ENSMUSG00000051343	13567.4871421799	0.796946276399833	0.0511988990485523	15.5656916693478	1.24516783365431e-54	1.54501576400135e-52
ENSMUSG00000024785	778.073941172081	0.7582535198256	0.0488722411354608	15.5150142945957	2.74573603711157e-54	3.38735458463431e-52
ENSMUSG00000034226	2692.30215534041	0.700299560848726	0.0451391081821948	15.5142533614557	2.77847835152558e-54	3.40816093107703e-52
ENSMUSG00000001420	11064.3872077762	0.614765812176324	0.0397206426664626	15.4772372979602	4.94246507850328e-54	6.02812246449724e-52
ENSMUSG00000034591	4085.95160616298	0.90425103268926	0.0584589693077243	15.4681316382665	5.69356672153803e-54	6.90497758443703e-52
ENSMUSG00000015341	5819.21959549973	0.547775580775813	0.0355702334261745	15.3998309264041	1.64097842076961e-53	1.97894622360901e-51
ENSMUSG00000026254	5494.10651401441	0.546982119681962	0.0356449324429282	15.3452982568489	3.80805152035519e-53	4.56668346010863e-51
ENSMUSG00000029121	8900.53771736395	0.754646472098091	0.0492849755727666	15.3118970503271	6.36791532103266e-53	7.59409279340484e-51
ENSMUSG00000028645	5343.6649202495	1.25866313536895	0.0823840363372752	15.2779979147424	1.0718331030701e-52	1.27115852986203e-50
ENSMUSG00000030678	8469.82308591307	0.482287090013753	0.0316488002307027	15.2387163651747	1.95676979572697e-52	2.30791321071842e-50
ENSMUSG00000063506	2135.79198230791	0.785916780298465	0.0516838941802305	15.2062222238487	3.21572455116857e-52	3.77206247078604e-50
ENSMUSG00000028849	19650.2392785192	0.83365821429422	0.0549181262494796	15.1800192618939	4.79640890741844e-52	5.59563660905675e-50
ENSMUSG00000027597	4500.81131594782	0.596176756422	0.03932893651696	15.1587306756924	6.63390415053204e-52	7.69748035109842e-50
ENSMUSG00000053436	4574.20580934998	0.515075062739594	0.0341704234323513	15.0737102734273	2.41179629775919e-51	2.78342039396229e-49
ENSMUSG00000025809	26674.8372910107	0.593325119247245	0.0393948321745681	15.0609886245505	2.92381827474418e-51	3.35629321313682e-49
ENSMUSG00000039364	282.517515015456	2.1975148315151	0.145957331009175	15.0558715778173	3.15908352118818e-51	3.60706845030987e-49
ENSMUSG00000040025	4293.09119421864	0.522753461913038	0.0347607165306088	15.0386273382116	4.09962881034509e-51	4.65622391761205e-49
ENSMUSG00000048696	1783.18096071274	0.748710823850254	0.049805053666466	15.0328283724823	4.47483932605926e-51	5.0556263670099e-49
ENSMUSG00000028156	7509.82279171035	0.763959377440845	0.0509627073845286	14.9905571475343	8.46402240401211e-51	9.51249764002743e-49
ENSMUSG00000025503	10445.0122781526	0.493086467613119	0.0328962130099908	14.9891559695144	8.64447717900167e-51	9.66470557939842e-49
ENSMUSG00000025239	1377.24080957932	0.704258875585478	0.0470132094591563	14.9800212256795	9.91853585738392e-51	1.10316730940209e-48
ENSMUSG00000005370	1580.43794069195	1.08545205694241	0.0727309630006509	14.9242085098295	2.29340694088601e-50	2.5376429584051e-48
ENSMUSG00000018362	2653.56349201422	0.70481245171663	0.0473574218171498	14.8828298643021	4.26088922887169e-50	4.69047426599794e-48
ENSMUSG00000030878	4865.73197636523	0.471934290285473	0.0317396113774793	14.8689372617943	5.24391449346927e-50	5.74315655698017e-48
ENSMUSG00000057561	5696.76809684769	0.521180885451026	0.0350957237563502	14.8502674875518	6.92916255665293e-50	7.55032504777217e-48
ENSMUSG00000023030	1863.85744532912	0.740183710234948	0.0498977562368171	14.8340079005156	8.82997131992448e-50	9.57293759361105e-48
ENSMUSG00000022043	11959.5322752429	0.411959084544869	0.02781508349412	14.8106362733714	1.25050967367063e-49	1.34891661582984e-47
ENSMUSG00000011008	84.6477679775343	2.65756708529084	0.179489425334301	14.8062599250128	1.33462590195979e-49	1.43245398057344e-47
ENSMUSG00000048490	5690.85663427969	1.11013265232842	0.0750372131487834	14.7944280676743	1.59131207681071e-49	1.69945796222979e-47
ENSMUSG00000015243	5483.56214935576	1.20907985376611	0.0817818720926782	14.7842036728621	1.85235136621014e-49	1.96844427856767e-47
ENSMUSG00000022272	3763.02970904109	1.26021968263811	0.0853433061126762	14.7664736701702	2.40996411747876e-49	2.54838865742852e-47
ENSMUSG00000022096	2217.51243744058	1.14142151706998	0.0773260022361555	14.7611603349679	2.60755663337691e-49	2.74381424961121e-47
ENSMUSG00000013089	7941.01102440208	0.68228604008658	0.0463924310807519	14.7068395467135	5.82657691605527e-49	6.10113658927036e-47
ENSMUSG00000126371	708.537932838266	1.70872723261972	0.116262319376379	14.6971713774951	6.72090497878903e-49	7.00344399391676e-47
ENSMUSG00000025139	13739.2001483256	0.462756401217802	0.0314944702604261	14.6932587654688	7.12053832675547e-49	7.3840326435813e-47
ENSMUSG00000020592	3538.718415784	1.22155562617943	0.0832248806866697	14.6777696297147	8.94857600105237e-49	9.23510252108607e-47
ENSMUSG00000025746	63.9019948519848	4.38540533326156	0.299490290612233	14.6428965169345	1.4955856544993e-48	1.53608811767856e-46
ENSMUSG00000002233	5050.84266675844	1.16269987296316	0.0795044884092061	14.624329974665	1.96495756389342e-48	2.0085609079303e-46
ENSMUSG00000046378	651.175136702632	1.03597285562258	0.0708503342391174	14.6219896737002	2.03368988792852e-48	2.06896621489448e-46
ENSMUSG00000032231	80011.6233770914	0.236121643479748	0.0161605720361131	14.6109706359466	2.39087246746386e-48	2.42087115031035e-46
ENSMUSG00000023387	97.8304266714923	2.90286558377865	0.199028931242552	14.5851438062589	3.49185409828007e-48	3.51906760909296e-46
ENSMUSG00000047368	3812.18945763242	0.635616243075566	0.0435831042423334	14.5840057546469	3.55057005122026e-48	3.56152040745299e-46
ENSMUSG00000032280	3353.20974229799	0.739145952765151	0.0507331162514765	14.5692992541857	4.40385081180086e-48	4.39688658261011e-46
ENSMUSG00000021843	6721.74828012363	0.7679385571213	0.0527660579040637	14.5536465603992	5.53709862731721e-48	5.50274810805515e-46
ENSMUSG00000073563	5323.81975457248	0.454729734685739	0.0312540759720271	14.5494538086082	5.88712144852623e-48	5.82363820341309e-46
ENSMUSG00000031078	9670.97897874501	0.551923096653765	0.0381736771613	14.4582114613076	2.22504757390219e-47	2.19095739547635e-45
ENSMUSG00000045648	763.830491477755	-1.03308061029421	0.0718531939493383	-14.377657463948	7.1473033357671e-47	7.0056627125834e-45
ENSMUSG00000021091	16083.9390977412	0.825564775722583	0.0574695690117629	14.365250860914	8.54965707112288e-47	8.34213357676017e-45
ENSMUSG00000022607	2709.87844528569	0.561495569681502	0.03920310427031	14.3227323481815	1.57795126578885e-46	1.53268334259835e-44
ENSMUSG00000055994	250.910381849873	1.44820676719487	0.101199191772949	14.3104578388736	1.8826977311116e-46	1.82044997729917e-44
ENSMUSG00000043091	1106.40355511007	1.28236364542715	0.089651350364481	14.3038965973591	2.06893251192318e-46	1.99155629152211e-44
ENSMUSG00000040312	213.039524587266	1.52107958644511	0.106597356804792	14.2693930885229	3.39520499411227e-46	3.25363707158991e-44
ENSMUSG00000024014	1202.62881836842	1.09583294408876	0.0768337579408831	14.2623890000526	3.75380488050434e-46	3.58129669177361e-44
ENSMUSG00000037062	8060.10732142625	0.431568895225894	0.0303342173294646	14.2271313790152	6.21805795122998e-46	5.90605451243818e-44
ENSMUSG00000034247	1657.78472790137	0.873111042265059	0.0614120030963194	14.2172702117477	7.1591539072352e-46	6.76997347016347e-44
ENSMUSG00000024772	4586.61079576645	0.644671620838117	0.045352948872223	14.2145469449938	7.44315806585678e-46	7.00766802814394e-44
ENSMUSG00000023169	5945.42587655327	0.921847878121557	0.0649487010253307	14.1934767527071	1.00547537745585e-45	9.42512421505117e-44
ENSMUSG00000027293	5681.9887513382	0.603415840047724	0.0425599800667629	14.178010400878	1.25350276139628e-45	1.16989957722315e-43
ENSMUSG00000035392	1310.28606866784	0.579479667117241	0.0408917061289677	14.1710806902904	1.38354835991299e-45	1.28568177895637e-43
ENSMUSG00000020580	5824.31540450657	0.665847399753719	0.0470059218091357	14.1651811969	1.50478286507146e-45	1.39231331817345e-43
ENSMUSG00000020435	2280.11298300148	0.871981504248013	0.0616626834147753	14.1411540328631	2.11782623808928e-45	1.95112695394097e-43
ENSMUSG00000063889	674.641735426865	0.994592757145503	0.0704207771256623	14.1235697437803	2.71863478845206e-45	2.49394078499624e-43
ENSMUSG00000021990	8658.67667287266	0.860085442981187	0.0609304261874443	14.1158612666724	3.0328777915125e-45	2.77037253925989e-43
ENSMUSG00000069094	1530.30813178707	1.0386071137424	0.0737441463929362	14.0839261764359	4.76852006990518e-45	4.33733270426206e-43
ENSMUSG00000028869	3897.25479629018	0.490603416355499	0.034852411327452	14.0765989402021	5.28948388810879e-45	4.79088865578663e-43
ENSMUSG00000027560	708.98352965116	1.26678405282884	0.0900245375727288	14.0715419038441	5.68169463467879e-45	5.12450659781575e-43
ENSMUSG00000021133	12657.0053047998	0.594984213444026	0.0423748556074852	14.0409732355271	8.7502640429639e-45	7.85912836595243e-43
ENSMUSG00000067787	3337.9758482269	0.437332471416587	0.0312401063629174	13.9990711406703	1.57921225976549e-44	1.41247376533858e-42
ENSMUSG00000044364	252.50604007136	1.60872202712932	0.115259843414476	13.957350448103	2.83789246655651e-44	2.52772612809552e-42
ENSMUSG00000027613	4119.01905364041	0.453828543769711	0.0325320131934387	13.9502139345389	3.13663120495417e-44	2.78226964651018e-42
ENSMUSG00000033039	3613.512684194	0.849421041966884	0.0609543436367078	13.9353652469706	3.86219538167509e-44	3.41176485856121e-42
ENSMUSG00000059923	12367.9367320074	0.352966841243634	0.0254193182671417	13.8857713465863	7.72641038276828e-44	6.79734119985672e-42
ENSMUSG00000049303	1171.10431149735	0.644677836710598	0.0464834463972317	13.8689767363934	9.76600452429578e-44	8.55661441300135e-42
ENSMUSG00000022848	6054.87772448029	0.396279777043805	0.0286129587693885	13.8496609259356	1.27813996606592e-43	1.11530701266549e-41
ENSMUSG00000021996	7893.60073264104	0.580478241845817	0.0419866856738466	13.8252932454584	1.79379977729181e-43	1.55893546637028e-41
ENSMUSG00000042406	10118.8935355523	0.736606342064523	0.0533662206325141	13.8028575629681	2.44947051749985e-43	2.12017476325209e-41
ENSMUSG00000052557	9814.97183204193	1.33699862956613	0.0972399426427122	13.7494798251645	5.12970143417277e-43	4.42225586288967e-41
ENSMUSG00000079049	79.1553736940247	2.42450349807611	0.176384828023482	13.7455331348189	5.41725230475362e-43	4.65146951895364e-41
ENSMUSG00000055078	674.212616839128	1.0296471062644	0.074929415524349	13.7415606282129	5.72287399291237e-43	4.89431128015366e-41
ENSMUSG00000038267	4680.92037161168	0.954173682141407	0.0695908476526307	13.7111949965641	8.70128387266305e-43	7.41197458772163e-41
ENSMUSG00000057594	3317.58934840825	0.611995894419843	0.0448068622034473	13.6585305090335	1.79570933098265e-42	1.52358484185271e-40
ENSMUSG00000023079	1460.51956594788	0.609861254390291	0.044656862650562	13.6566077013163	1.84374773010614e-42	1.55818459741962e-40
ENSMUSG00000040322	1275.15692448709	0.824119209736139	0.0603528240209382	13.6550231593177	1.8842942449402e-42	1.58620628477985e-40
ENSMUSG00000042726	3103.74527114849	0.752387893656091	0.0553060485525364	13.6040797226976	3.78705267736267e-42	3.17550284266668e-40
ENSMUSG00000017929	6614.4178692983	0.490390843458677	0.0360881056514987	13.588711144729	4.67235745899262e-42	3.902600202908e-40
ENSMUSG00000029777	20004.0123693135	0.583380519836076	0.0429549069560256	13.5812311369526	5.17492186677319e-42	4.30561522450206e-40
ENSMUSG00000007458	7526.32430015897	0.347969499356417	0.0256362726029401	13.5733265418823	5.76452740317765e-42	4.77765811724368e-40
ENSMUSG00000020271	15886.7248198083	0.470655646762248	0.0347294922001242	13.5520451623697	7.70529948182277e-42	6.36161379526183e-40
ENSMUSG00000005950	900.610579419339	0.835173262617397	0.061649700744752	13.5470773179461	8.24480414808412e-42	6.78095654570014e-40
ENSMUSG00000020838	139.709712447587	3.36608242734789	0.248603769462025	13.5399492720165	9.08516356336781e-42	7.44359240653639e-40
ENSMUSG00000046854	367.20041938242	1.13181946213948	0.0836164771330382	13.5358424672532	9.60746435431439e-42	7.84159048782178e-40
ENSMUSG00000005667	2299.83431677946	0.729547161001019	0.0539349468794781	13.5264277284123	1.09202713511882e-41	8.87933881911384e-40
ENSMUSG00000029641	289.706988822495	2.01990765964991	0.149348186521532	13.5248221400981	1.11613269012967e-41	9.04109597219751e-40
ENSMUSG00000001507	6931.99566110059	0.990845853632629	0.0732975347146384	13.5181334200418	1.22238093046933e-41	9.86452220054684e-40
ENSMUSG00000055723	1034.13585623278	0.985695654752482	0.0730495573625065	13.4935198835086	1.70749892058841e-41	1.37277797113674e-39
ENSMUSG00000031628	1186.08260883883	0.741540829429715	0.0551066986133379	13.4564553509695	2.82129195702954e-41	2.2597706399103e-39
ENSMUSG00000144135	210.992189252395	1.56538071038732	0.116408174058654	13.4473435653975	3.1913238063332e-41	2.54665267013935e-39
ENSMUSG00000025408	1214.18728167489	1.06598307380302	0.0793506041747065	13.4338368924833	3.83039357917087e-41	3.0453047618697e-39
ENSMUSG00000039879	2842.01533979712	0.772431666340563	0.0575246345802517	13.4278413409642	4.15342972340256e-41	3.28994547758522e-39
ENSMUSG00000010755	1758.87794907188	0.721057386576891	0.0537046736876787	13.4263433154854	4.23828591177538e-41	3.34481784493273e-39
ENSMUSG00000040435	3032.58949525586	1.10658391066985	0.0826495479699396	13.3888682739357	7.02429110566994e-41	5.52320266938868e-39
ENSMUSG00000032078	3161.71690959216	0.423355781000009	0.0316209127147005	13.3884744194367	7.06163482228619e-41	5.53230120785384e-39
ENSMUSG00000035199	14141.1138271537	0.394636291424841	0.029492497593593	13.3809044206067	7.81901115698431e-41	6.10337794530273e-39
ENSMUSG00000055407	21732.9837174077	0.658839981826486	0.0492671237367997	13.3728119657688	8.71815903775817e-41	6.78057977914916e-39
ENSMUSG00000001847	20679.6353489482	0.244113139226465	0.0183127097935701	13.3302576176999	1.54363696005946e-40	1.19623505359698e-38
ENSMUSG00000042121	3114.32951668432	0.732245049050792	0.0550074119951106	13.3117524074006	1.97787539467817e-40	1.52723284971804e-38
ENSMUSG00000050271	766.159186455294	1.25384157844031	0.0942577136793452	13.3022702280446	2.24545336221667e-40	1.72763089151767e-38
ENSMUSG00000033316	2970.11351226555	0.704660970973415	0.0530585003063842	13.2808309112466	2.99057132205791e-40	2.29270014283197e-38
ENSMUSG00000030077	6364.96875834414	0.768182025238504	0.0578844813708079	13.2709494331914	3.41229800338426e-40	2.60670423276322e-38
ENSMUSG00000018909	30942.5069091072	0.621938959406029	0.0469080974324871	13.2586694717508	4.0196419582666e-40	3.05977426511173e-38
ENSMUSG00000034245	6425.44513679199	-0.405500914821462	0.0305919486767151	-13.255151514101	4.21265257097168e-40	3.1953639607236e-38
ENSMUSG00000020248	1639.41415205091	0.537767628627024	0.0405766906753685	13.2531169909691	4.3284528018346e-40	3.2716397128233e-38
ENSMUSG00000050410	504.068971006452	0.916402301953907	0.0691972941450625	13.2433256715616	4.93157593668838e-40	3.71442838796325e-38
ENSMUSG00000024349	721.87141502092	1.72679946784506	0.130468612594937	13.2353631536362	5.48310677830126e-40	4.11539755604947e-38
ENSMUSG00000030057	14629.7467509638	0.392438056380237	0.0297127382669439	13.2077378010237	7.91680753151848e-40	5.92133067845211e-38
ENSMUSG00000020064	1711.39886249755	0.606352072149416	0.0459508358130757	13.1956701422365	9.29248112330235e-40	6.92612499280584e-38
ENSMUSG00000024521	368.227735982592	2.04699683136343	0.155519250405173	13.1623373057059	1.4454417657653e-39	1.07362812954733e-37
ENSMUSG00000053091	1358.58552599593	0.773834764034125	0.0588135600300637	13.15742090155	1.54262216789521e-39	1.14185956744961e-37
ENSMUSG00000026317	2257.03989951163	0.573325382817627	0.0436791563616512	13.1258346216821	2.34188292795401e-39	1.72752092547975e-37
ENSMUSG00000026821	6996.04089011915	0.608628571873032	0.0463778366225379	13.1232635283652	2.4227261263064e-39	1.78103558312648e-37
ENSMUSG00000061039	475.087971247752	1.73819930325965	0.132623856889837	13.1062340066273	3.03288747400037e-39	2.22197824289734e-37
ENSMUSG00000074115	74.556656373811	3.72269293574647	0.284755559901457	13.0732932380135	4.67949397951035e-39	3.41666727089011e-37
ENSMUSG00000044667	533.592553098279	1.23330347894815	0.0944301067005798	13.0604901555256	5.53701268365178e-39	4.02906828024641e-37
ENSMUSG00000033955	7271.67061223245	0.611496953640706	0.04684328146255	13.0541015605318	6.02162164538303e-39	4.36689629188487e-37
ENSMUSG00000028145	2866.11040370306	0.547662892044293	0.0420119627650058	13.035879687594	7.64798072179666e-39	5.52766175670327e-37
ENSMUSG00000026107	494.05643930279	1.07847364464545	0.0835294280555112	12.9113016783585	3.88674602029563e-38	2.79976141180087e-36
ENSMUSG00000024360	7280.56119486576	0.398312866744821	0.0309896245534918	12.8531039818596	8.26270201063294e-38	5.93201208562698e-36
ENSMUSG00000027455	6468.47151636964	0.311187139720621	0.0242687584829965	12.8225405489386	1.22615979031909e-37	8.7735820196632e-36
ENSMUSG00000023048	12107.649532227	0.429007065118572	0.0335243986958773	12.7968608478376	1.70713655063589e-37	1.21745492345349e-35
ENSMUSG00000054008	9044.26535231273	0.722694800844715	0.0565145679084474	12.7877612373409	1.91923252183248e-37	1.36418030839921e-35
ENSMUSG00000044229	715.783673224738	0.911693057285073	0.0713256782820905	12.7821154911329	2.06378617259922e-37	1.4620869300665e-35
ENSMUSG00000057531	3332.69273768623	0.659987246173681	0.0516626000638608	12.7749521967122	2.26286690564255e-37	1.59785200646457e-35
ENSMUSG00000038552	2363.54430114259	0.716152124803852	0.0561418480276057	12.7561195429782	2.88204227924896e-37	2.02839080545436e-35
ENSMUSG00000058355	9117.25016212438	0.389634370567522	0.0305487158246007	12.7545253556535	2.94160994523786e-37	2.06354898968876e-35
ENSMUSG00000000134	3362.02838839005	0.474333105360754	0.0372482571690054	12.7343704487589	3.80906121596519e-37	2.6633650834498e-35
ENSMUSG00000002980	48963.9387595079	0.492616600087826	0.0386947729264345	12.7308306221198	3.9857625206946e-37	2.77786942432566e-35
ENSMUSG00000008393	10861.0876363237	0.606913955080438	0.0477475256417505	12.7108985632912	5.14399363455745e-37	3.5734940893013e-35
ENSMUSG00000004768	1335.96652398937	0.59467795645055	0.0467868974592427	12.7103524436214	5.18004488635547e-37	3.58693043646795e-35
ENSMUSG00000058057	2710.14158221253	0.641803891936766	0.0505766482289708	12.6897276591203	6.74198076990057e-37	4.65348421886449e-35
ENSMUSG00000015837	49257.2640525198	0.454047968916869	0.0357842846776242	12.6884740887606	6.85074938605064e-37	4.71340340772317e-35
ENSMUSG00000022951	6295.00775003128	0.490745778650207	0.0388075782794834	12.645617181159	1.18291979387974e-36	8.11263779406469e-35
ENSMUSG00000034783	54.757532016138	4.92451715009523	0.389464750818667	12.6443205443978	1.20259655225229e-36	8.22131770402791e-35
ENSMUSG00000028901	1043.38964618752	0.612898122425516	0.0484907297309994	12.6394905959458	1.27879750274709e-36	8.71449752189493e-35
ENSMUSG00000030677	301.930005249485	1.59633056323926	0.126321769062784	12.6370187425562	1.31963252456238e-36	8.96431385197976e-35
ENSMUSG00000030309	1538.7586356301	0.694307283296492	0.0551189898938243	12.5965168199551	2.20676514199938e-36	1.49433503274949e-34
ENSMUSG00000029131	6005.36838363361	0.259288521550681	0.0206056700180114	12.5833579458487	2.60707657454376e-36	1.75985867135711e-34
ENSMUSG00000034275	2688.51753488868	1.33674476007874	0.106238968094891	12.5824335839254	2.63776830000154e-36	1.77499480651514e-34
ENSMUSG00000036737	4694.52364990418	0.401839807261623	0.0319465477207028	12.5785049068452	2.77226943857775e-36	1.85967299276593e-34
ENSMUSG00000037580	483.133975740171	1.03856260440544	0.0826258549855893	12.5694627255182	3.10829024597558e-36	2.07858437445831e-34
ENSMUSG00000023286	2787.58486666022	0.341089402062673	0.0271774066477448	12.5504764484575	3.95125378818961e-36	2.63408738562976e-34
ENSMUSG00000023087	1279.36973796432	0.859684572535835	0.0685063301271476	12.5489800860776	4.02662940868409e-36	2.67602560021092e-34
ENSMUSG00000027584	975.231630654877	-1.00441524242231	0.0802457406391495	-12.5167421276474	6.04664773875548e-36	4.00609075185571e-34
ENSMUSG00000017428	6515.09663715703	0.387484708570347	0.0309998806494813	12.4995548515711	7.50704628742234e-36	4.95834632633255e-34
ENSMUSG00000031955	3053.9253334151	0.572145040957811	0.0457801573831829	12.4976643520231	7.68768793574857e-36	5.06208310517727e-34
ENSMUSG00000045318	1075.52869080862	-0.844775313491829	0.0678567920319613	-12.4493847733611	1.40927281777279e-35	9.25120804474333e-34
ENSMUSG00000044626	73.2756071051371	2.10831779713168	0.169403458347034	12.4455416536577	1.47877762146426e-35	9.67787817754629e-34
ENSMUSG00000001627	1183.29920482075	1.47333207370428	0.118571206465664	12.4257154634834	1.89523203170392e-35	1.23656689339077e-33
ENSMUSG00000036057	5053.82650425245	0.787369498205582	0.0634242884047711	12.4143213587297	2.1853197098702e-35	1.42151736036587e-33
ENSMUSG00000015316	53.4497156216035	4.66159478716864	0.375857461569159	12.4025601825411	2.53105421771802e-35	1.64143836367175e-33
ENSMUSG00000032502	6098.45425235742	0.862007537682446	0.0695547455221868	12.3932239448347	2.84376570520342e-35	1.83868297071978e-33
ENSMUSG00000039096	913.143384554549	0.800722224487022	0.0646295103993034	12.3894211721531	2.98187866435613e-35	1.92219241468675e-33
ENSMUSG00000029765	9721.46662919868	1.13684992293429	0.0918059001372554	12.3831902005713	3.22273038000217e-35	2.07123144721936e-33
ENSMUSG00000000811	1304.56706440016	0.484181868740968	0.0391008146267803	12.3829100074388	3.2340037838161e-35	2.07227239472825e-33
ENSMUSG00000020015	1951.52809420869	0.505841545959923	0.0408526015900227	12.382113409479	3.26626893236154e-35	2.0867181220855e-33
ENSMUSG00000030917	1093.28241600231	0.98773270658898	0.0799540906144953	12.3537482447447	4.64936719955042e-35	2.96152273903707e-33
ENSMUSG00000022433	4375.39432327619	0.498896159475024	0.0404029788720687	12.348004365092	4.99347581384925e-35	3.17130034970675e-33
ENSMUSG00000073747	131.184844467752	1.62666049548065	0.131862075471372	12.3360753246585	5.79105890419927e-35	3.66698732854105e-33
ENSMUSG00000022346	926.981362100544	0.968895092725732	0.078571283016744	12.3314149333574	6.13597066530396e-35	3.8739631265122e-33
ENSMUSG00000036478	2374.9644077554	0.723432094894434	0.058694597241616	12.3253609172311	6.61466627601483e-35	4.1639421196755e-33
ENSMUSG00000053113	1160.52346273461	1.91730059276864	0.15605480413878	12.2860722125772	1.07608752408263e-34	6.75417976373034e-33
ENSMUSG00000042246	1245.05052959797	0.771552397969812	0.0628264629019131	12.2806913254752	1.15011246154206e-34	7.19775921267111e-33
ENSMUSG00000036437	3036.90078662894	1.14669638642367	0.0934773270915497	12.26710713819	1.36026999010129e-34	8.48824290916115e-33
ENSMUSG00000030616	8414.37551810965	0.686991278043039	0.0560183018455878	12.263693389648	1.41882481665103e-34	8.8279691345597e-33
ENSMUSG00000035572	2037.89313326147	0.497621190035486	0.0405913332071332	12.2592965226389	1.49794635020926e-34	9.26737437931962e-33
ENSMUSG00000047604	505.346658009442	0.945084741773803	0.077091315814702	12.2592892829255	1.49808017778063e-34	9.26737437931962e-33
ENSMUSG00000026072	636.863331673734	0.954855876183207	0.0778992655915309	12.2575722496544	1.53015770437367e-34	9.43861071324286e-33
ENSMUSG00000005813	4085.88253265684	0.546885782322707	0.0446405467233913	12.2508755484427	1.66191925911302e-34	1.02219939301204e-32
ENSMUSG00000027954	1877.40319641736	0.55892222081406	0.0456961787376137	12.2312682647575	2.1160864057433e-34	1.29782602244816e-32
ENSMUSG00000030650	155.14151646809	1.48836260894919	0.121779922201599	12.2217405138862	2.37935302461869e-34	1.45513367596766e-32
ENSMUSG00000017679	3331.13991891445	0.468509610345794	0.0383440435504172	12.2185760020267	2.47379905733144e-34	1.50859575467831e-32
ENSMUSG00000026247	315.809457496734	3.53861528606199	0.28967155006674	12.2159572980042	2.5547644263948e-34	1.55355731379577e-32
ENSMUSG00000023032	2402.31487782688	1.11387305652025	0.0911974316612165	12.2138643186587	2.62136374904188e-34	1.58955350951788e-32
ENSMUSG00000051048	1640.61427088239	0.646053999582919	0.0529566243739886	12.1996824234939	3.12038561178445e-34	1.88682246598775e-32
ENSMUSG00000055809	154.991185577035	1.21364990839052	0.0996869678498328	12.1746095258785	4.24420346149742e-34	2.55915931192426e-32
ENSMUSG00000024789	1936.47255304789	0.574511234021484	0.0472032322643928	12.1710147051701	4.43534186142715e-34	2.66692012317634e-32
ENSMUSG00000017299	1463.42428429364	0.559006726306824	0.0460154152658531	12.1482490829904	5.86072902116675e-34	3.51414550749624e-32
ENSMUSG00000010095	8007.65219486033	0.494589135364271	0.0411042072494882	12.0325671861833	2.39593068376255e-33	1.43261972305423e-31
ENSMUSG00000038949	16670.5699625156	0.589620675431239	0.0490527276879955	12.0201404329964	2.78497739241713e-33	1.66062013071183e-31
ENSMUSG00000004040	26639.7097090271	0.554609899250419	0.0461446428157323	12.0189444626351	2.82557799112191e-33	1.68016224812806e-31
ENSMUSG00000042292	2294.11765379891	0.620295959134769	0.0517593177700451	11.9842375413564	4.29780424203441e-33	2.54852668120195e-31
ENSMUSG00000061589	784.500502442551	0.793967230300326	0.066327364157678	11.9704324208158	5.07633666135995e-33	3.00189098547528e-31
ENSMUSG00000003269	3623.5589117272	0.43966499374298	0.0368049722922318	11.9458042313423	6.82865935386086e-33	4.02703301346091e-31
ENSMUSG00000025178	12919.8900559284	0.429423764576559	0.0359813002351102	11.9346372079554	7.80986480076946e-33	4.59305637844705e-31
ENSMUSG00000022602	329.457732034405	1.20967278827846	0.101388889048625	11.9310192628535	8.15685800496055e-33	4.78401950640664e-31
ENSMUSG00000106554	404.450156727438	1.17376965128389	0.098685941097466	11.893990554588	1.27181456740628e-32	7.43890231715072e-31
ENSMUSG00000022555	862.468317476918	0.671811886609945	0.056573297031691	11.8750704282554	1.59499675968832e-32	9.30385881616018e-31
ENSMUSG00000020027	2312.90197001882	0.730141286914554	0.0615311022781745	11.8662149690359	1.77309651706161e-32	1.03147126924782e-30
ENSMUSG00000029578	9330.61508427719	0.362233860972769	0.0305392708204591	11.8612478700735	1.88149885349513e-32	1.09157444294936e-30
ENSMUSG00000103523	40.500388760953	3.79947011455554	0.320501422736487	11.8547683255666	2.032856875025e-32	1.17620770025032e-30
ENSMUSG00000109511	1781.42059844649	0.505559497527763	0.0426825540813778	11.8446402378797	2.29400666863071e-32	1.32374051475341e-30
ENSMUSG00000035778	2176.45205634101	0.667886987149549	0.0564759329406081	11.8260461115697	2.86313503050566e-32	1.64772269610816e-30
ENSMUSG00000029135	1755.37325548881	1.24303731437839	0.10512017200453	11.8249170513612	2.90189225952925e-32	1.66556201184639e-30
ENSMUSG00000054136	101.915627579169	7.20494447133697	0.609415213357254	11.8227184248406	2.97886562696794e-32	1.70518212129317e-30
ENSMUSG00000139679	70.0772428981314	2.86701604213062	0.242592284216761	11.8182490897727	3.14164058049376e-32	1.79357597608721e-30
ENSMUSG00000020395	416.851472356774	1.56957290080162	0.133130614867157	11.7897217132799	4.40995783822601e-32	2.51098554258248e-30
ENSMUSG00000036990	3731.37415476795	0.546866985527172	0.0465697666144001	11.7429616956266	7.67507518101499e-32	4.3585493078219e-30
ENSMUSG00000047554	4501.50179129743	0.436817831686771	0.0372458453457041	11.7279612701059	9.1639315605138e-32	5.19031543213692e-30
ENSMUSG00000029860	6609.30667100863	0.552585211305532	0.0472030414786641	11.7065594503122	1.17970184398353e-31	6.66407362709223e-30
ENSMUSG00000044017	714.207984190004	0.887471080065101	0.0758360648954687	11.7024938106741	1.23762049477663e-31	6.97290329156828e-30
ENSMUSG00000031485	2433.7195859713	0.473338097816564	0.0404734380243388	11.6950306403899	1.35138417363623e-31	7.59393001865845e-30
ENSMUSG00000004347	8243.71431302787	0.811878881555913	0.0695087075932297	11.6802471182041	1.6082728820949e-31	9.01388660236267e-30
ENSMUSG00000039770	12002.15216303	0.319882741582858	0.0274319151468646	11.6609700733717	2.01730821397147e-31	1.12769630523728e-29
ENSMUSG00000031310	3577.51605881459	0.583924783348785	0.050203937578662	11.6310554811336	2.86532529015419e-31	1.59758630333636e-29
ENSMUSG00000033769	6078.70879967229	0.627380469362189	0.0539537241220251	11.6281216833757	2.96551115664023e-31	1.64916224063314e-29
ENSMUSG00000018143	1439.21685047082	0.793694029217962	0.068539089535695	11.5801659256738	5.19454143744607e-31	2.88129267432086e-29
ENSMUSG00000037722	603.230885732031	0.881752890027129	0.0761622529372007	11.5772952613964	5.37141490417993e-31	2.9717214518847e-29
ENSMUSG00000029826	2346.31656916249	0.911739890840201	0.0789741908391515	11.5447829367086	7.84392431278412e-31	4.32847504622684e-29
ENSMUSG00000050335	2490.132693086	1.19640308519802	0.103659718725489	11.5416393166792	8.13597122200621e-31	4.47812200645091e-29
ENSMUSG00000037851	8541.18767342149	0.746948759717155	0.0647507975461492	11.535746091541	8.71284673370188e-31	4.78337514029781e-29
ENSMUSG00000021209	1755.36217651367	0.80012775782822	0.0693830460913756	11.5320356038343	9.09670237628443e-31	4.98137278595208e-29
ENSMUSG00000029651	2376.97781892074	0.815200275034056	0.0708560790791724	11.5050153159502	1.24467252939591e-30	6.79850903715335e-29
ENSMUSG00000047649	750.307085630129	0.660178016128485	0.0574028721980115	11.500783686419	1.30723077771284e-30	7.12208524730557e-29
ENSMUSG00000050064	468.963465313796	1.08480847887542	0.0943628533316232	11.4961390057064	1.37949255699234e-30	7.49675626035384e-29
ENSMUSG00000028255	41.9654622701542	4.04431837275088	0.351952716172332	11.4910844181995	1.46264221998192e-30	7.92855502377066e-29
ENSMUSG00000024190	2311.22163378615	1.099728782246	0.0957848893925797	11.4812345581848	1.63922998738194e-30	8.86340325167275e-29
ENSMUSG00000055782	1646.49591270924	-0.699525120019773	0.060944780616268	-11.4780152286421	1.70141395352745e-30	9.1765205845277e-29
ENSMUSG00000063919	1228.15139518414	1.03466535256672	0.090149850497394	11.4771721401427	1.71808216785375e-30	9.24319594364628e-29
ENSMUSG00000032307	7369.64851244357	0.525564569000603	0.0458132776984828	11.4718831614619	1.82640830725083e-30	9.80142018086158e-29
ENSMUSG00000037536	2033.16810007627	0.479557322921054	0.041819304138537	11.46736735103	1.92424554635947e-30	1.03007119446764e-28
ENSMUSG00000030223	926.63147404633	1.17950773863878	0.102944998583008	11.4576497632151	2.1527739772359e-30	1.14953846257079e-28
ENSMUSG00000035236	1532.23845905369	0.738549550077642	0.064488849761626	11.4523604128092	2.28828295400213e-30	1.21886555559826e-28
ENSMUSG00000027797	15217.2157891521	0.491566406191273	0.0429345420774649	11.4492057538278	2.37309852818101e-30	1.26091418331519e-28
ENSMUSG00000066477	603.824804225915	-1.04622401360756	0.0913916288581512	-11.4477006994963	2.4146553657397e-30	1.27982696496218e-28
ENSMUSG00000035047	1481.83415543263	0.503921739391629	0.044132554851148	11.4183677127072	3.3853233121277e-30	1.78988547335304e-28
ENSMUSG00000031960	14202.0375359493	0.761018050254131	0.0666546694137768	11.4173254019146	3.42616067644678e-30	1.80702616905667e-28
ENSMUSG00000021260	520.53687459693	1.15374920808477	0.101367245432674	11.3818739293954	5.14814606906154e-30	2.70858096859007e-28
ENSMUSG00000020358	11108.3319063079	0.250597256544015	0.0220268483672074	11.3769002431184	5.45026776836528e-30	2.86052439891758e-28
ENSMUSG00000129931	61.6864239760584	2.34084674586147	0.205769676260738	11.3760530142221	5.5034577817076e-30	2.88139572541794e-28
ENSMUSG00000004562	3016.82746065134	0.531138768440959	0.0467137177022873	11.3700813072934	5.89326668241304e-30	3.07797719232794e-28
ENSMUSG00000059866	275.188967144662	1.26107418352664	0.110921667444602	11.3690518054685	5.96318448349162e-30	3.10693490588911e-28
ENSMUSG00000004865	3607.91242951144	0.355414708949811	0.0312674525623197	11.3669224648675	6.11041982432664e-30	3.17593878811127e-28
ENSMUSG00000003762	832.343508102526	0.556827471060992	0.0490244200359513	11.3581653929338	6.7548265354382e-30	3.50239387463083e-28
ENSMUSG00000048616	371.680606889914	-1.18363319609781	0.104545853758033	-11.3216655998361	1.02505600819787e-29	5.30213307758445e-28
ENSMUSG00000036882	816.14675110752	0.825539463094217	0.0729863825765007	11.3108696985897	1.15934620295349e-29	5.98233788283644e-28
ENSMUSG00000041594	2095.94550834259	0.570791648512217	0.0504898796005483	11.3050705018124	1.23854646803446e-29	6.37569268173328e-28
ENSMUSG00000058589	4066.4883457014	0.671525292555556	0.059486370458546	11.2887252555359	1.49184575015024e-29	7.66123465854668e-28
ENSMUSG00000030029	1273.03449328986	0.739504518559272	0.0655449179804483	11.2824081766318	1.60296848335292e-29	8.21224855934458e-28
ENSMUSG00000027806	2565.74443017637	0.699206031007472	0.0623662026205231	11.2112971710319	3.5889466521894e-29	1.83429354371185e-27
ENSMUSG00000017615	4666.91688435787	0.424030903936067	0.0378530898765554	11.2020156166615	3.98560636867532e-29	2.03218589809939e-27
ENSMUSG00000033545	3363.23673219027	0.463847709669347	0.0414546165071241	11.1892896075793	4.6010506465107e-29	2.34043017009475e-27
ENSMUSG00000026930	2593.95141639158	0.506622832894506	0.0454236303347002	11.1532880388797	6.90082934332915e-29	3.50196696652254e-27
ENSMUSG00000057421	2791.04697866778	0.446737271705967	0.0401461380167617	11.1277770110651	9.18987621808971e-29	4.65259157777155e-27
ENSMUSG00000040033	4621.45537581133	0.545055901702607	0.0490077725750882	11.1218256424017	9.82408388244347e-29	4.96197140283604e-27
ENSMUSG00000032666	5292.89685198652	0.516888069001521	0.0464905640345752	11.1181285866334	1.02397313414121e-28	5.15976697123832e-27
ENSMUSG00000021360	32396.0028826047	0.45607813249143	0.041051729090743	11.1098397702881	1.1236094765803e-28	5.64857166844795e-27
ENSMUSG00000073155	3895.76847628778	-0.292783954930653	0.0263755437168749	-11.1005846201127	1.24625999813011e-28	6.25051801865911e-27
ENSMUSG00000026426	22265.7995344022	0.308538124324542	0.0277964471094718	11.0999122697018	1.25567081872561e-28	6.28303724819673e-27
ENSMUSG00000059316	11492.5329979455	0.509389770501338	0.0458969418398201	11.0985558096464	1.27487217452978e-28	6.36428048801307e-27
ENSMUSG00000050747	52.2686897467682	5.77302971366457	0.52116658423075	11.0771294406483	1.61982856029428e-28	8.06757305690883e-27
ENSMUSG00000024803	39.6574137235373	4.83285994247812	0.436454456887465	11.072999407414	1.69626328990581e-28	8.42870087525881e-27
ENSMUSG00000098188	1482.58852824711	0.628112108831226	0.0567315614825044	11.0716520472459	1.72196478563712e-28	8.53665036685598e-27
ENSMUSG00000026020	2042.62475903971	0.461325135584592	0.0416795319229136	11.0683857111883	1.78588624768071e-28	8.83314151905855e-27
ENSMUSG00000031934	4859.37487557887	0.360073186697665	0.0325325936935402	11.0680749924087	1.7920881939552e-28	8.84344026929707e-27
ENSMUSG00000018565	3498.85573632386	0.306245509232068	0.0276932388384244	11.0584937723916	1.99418156366316e-28	9.81814253339298e-27
ENSMUSG00000036186	1177.78865703052	-0.618737358371725	0.0559730637427195	-11.0541985197693	2.09196935841071e-28	1.02760215669667e-26
ENSMUSG00000038733	7070.44283367469	0.332438147009096	0.0300917176165605	11.0474965651726	2.25413226578238e-28	1.10473066706129e-26
ENSMUSG00000021306	2422.28334971389	0.746774873858214	0.0676080398272845	11.0456519042109	2.30091446393886e-28	1.12508951897293e-26
ENSMUSG00000019188	8591.34588265464	0.431869347377547	0.039100685328205	11.0450582579948	2.31617372896568e-28	1.12997693786312e-26
ENSMUSG00000032497	2873.00258386827	0.32588851427134	0.0295190652642868	11.0399333906284	2.45214875325136e-28	1.19360147703614e-26
ENSMUSG00000047606	963.375574584446	-1.00491421586451	0.0911332839214489	-11.026862773108	2.83585631203087e-28	1.37725094104196e-26
ENSMUSG00000023915	17733.0046982772	0.591785762726445	0.0537201894716635	11.0160773546527	3.19688917661271e-28	1.54908404210312e-26
ENSMUSG00000024912	65.2478699791269	3.09401623843857	0.281512472095982	10.9906897389032	4.23675864376161e-28	2.04833921276997e-26
ENSMUSG00000059479	1242.20765889935	-0.662074983116216	0.0602472674894673	-10.9892947963484	4.30274771733708e-28	2.07556814607546e-26
ENSMUSG00000037960	4089.61849479349	0.31808249476796	0.0289845422877294	10.9742114127716	5.08475793704494e-28	2.44729627526024e-26
ENSMUSG00000024927	2359.09459251362	0.532101229438593	0.0485358814370935	10.9630486494459	5.75281379210473e-28	2.76247407313102e-26
ENSMUSG00000038335	1943.43894266898	0.357141291192491	0.032577407493223	10.9628518250504	5.76534233095452e-28	2.76247407313102e-26
ENSMUSG00000029458	15650.4169105328	0.531647310447659	0.0485315078473862	10.954683545368	6.30985218921798e-28	3.016643365117e-26
ENSMUSG00000050721	1906.9531128559	0.807437524141441	0.073760063676289	10.9468116470865	6.88278076184714e-28	3.28323937408468e-26
ENSMUSG00000042608	1941.84556506277	0.597379412573337	0.0546337671432793	10.9342526391542	7.90546655496032e-28	3.76272162015029e-26
ENSMUSG00000053716	1040.19014296241	0.663253912286926	0.0606887619781742	10.9287764434123	8.39730233602881e-28	3.98797548551315e-26
ENSMUSG00000023232	2681.23112171963	0.673114844304371	0.0616653942525872	10.915601083279	9.7084937086427e-28	4.60049726158332e-26
ENSMUSG00000036206	2433.72824775165	0.484519210962522	0.0444544482166212	10.8992289950719	1.16238041283468e-27	5.49595989909895e-26
ENSMUSG00000025793	7926.19933242811	0.479466921914383	0.0439981734346198	10.8974278813383	1.18561509116488e-27	5.59349748284511e-26
ENSMUSG00000045975	3955.23280579078	0.757411571245096	0.0695258522678365	10.8939559392569	1.23171118874403e-27	5.79822639859197e-26
ENSMUSG00000038591	59.303854406734	3.75398786801733	0.345019873392382	10.8804974945545	1.42781555303361e-27	6.70667147952285e-26
ENSMUSG00000051007	1903.31990817832	-0.398662005251614	0.0366853429238855	-10.8670649768425	1.654374844349e-27	7.75388873554491e-26
ENSMUSG00000027692	4555.42999618621	0.968414366229036	0.089557200431777	10.8133613105376	2.97562938394815e-27	1.39160915807911e-25
ENSMUSG00000120751	129.13477378922	1.29324229701342	0.119670983962085	10.8066488149137	3.20152877696123e-27	1.49400036361412e-25
ENSMUSG00000002733	2550.49530398544	0.534063325838474	0.0494778935287352	10.793978638729	3.67526097638961e-27	1.7113482021514e-25
ENSMUSG00000003435	11726.9076123244	0.482594538307746	0.0448136211971118	10.7689252824507	4.82601504563213e-27	2.24232118981687e-25
ENSMUSG00000027952	5474.00044798977	0.38047046494787	0.0353705914786676	10.7566893580882	5.51147355825451e-27	2.55527627217044e-25
ENSMUSG00000050730	1621.59642146639	0.679052983534849	0.0631320553837288	10.7560727970511	5.54845969192074e-27	2.56688008074937e-25
ENSMUSG00000055044	1194.80562069026	0.950816610595112	0.0884773893907956	10.746436091095	6.15957935966005e-27	2.84347377493468e-25
ENSMUSG00000024238	4978.56307662764	0.44299678783156	0.0412964302923006	10.727241669461	7.58258271147217e-27	3.49286953829317e-25
ENSMUSG00000026718	7362.31855204076	0.478280949274322	0.0446289139881773	10.7168404187703	8.48525881293499e-27	3.90031189889642e-25
ENSMUSG00000121135	520.776472814672	0.812190316871077	0.0758172702582473	10.7124711045994	8.89551372081209e-27	4.08015165664428e-25
ENSMUSG00000026078	2676.23572302664	0.383439440519196	0.0358091452523403	10.707863530871	9.34945423528026e-27	4.27921928815621e-25
ENSMUSG00000048483	1733.53843116745	-0.728368134482499	0.0680560302149732	-10.7024775347865	9.90926995801442e-27	4.52579550890931e-25
ENSMUSG00000028893	556.648040576708	1.03567227540688	0.0969289817406881	10.6848566528594	1.19834038068598e-26	5.46148080930046e-25
ENSMUSG00000034595	2148.87617986488	0.477669222271225	0.0447086420393403	10.6840467632838	1.20884497420741e-26	5.49768352041024e-25
ENSMUSG00000025279	1288.33657468181	1.4021945771366	0.131460174083452	10.6663070158912	1.46327063706322e-26	6.6407119440167e-25
ENSMUSG00000045613	942.010740298579	-0.99057592810627	0.092879602440141	-10.6651611557519	1.48142010068272e-26	6.70889533359815e-25
ENSMUSG00000046598	1705.86262845468	0.385407066839904	0.0361699830940552	10.6554395073314	1.64465956288671e-26	7.43247624777393e-25
ENSMUSG00000038861	2657.71701078808	0.374362188608163	0.0351359306344895	10.6546825955049	1.65809307161394e-26	7.47744241076991e-25
ENSMUSG00000024947	4221.39288141165	0.473699036102974	0.0444979262507185	10.645418247897	1.83159861121356e-26	8.24257773339838e-25
ENSMUSG00000067006	141.175838844715	1.55860012579709	0.14646683738678	10.6413175405791	1.91403435643248e-26	8.59553587765264e-25
ENSMUSG00000029071	3985.1390985032	0.418549445150755	0.0393428165426138	10.6385226562874	1.97231665628152e-26	8.83877856863027e-25
ENSMUSG00000042743	6999.56813785421	0.467285544270245	0.0439467126084594	10.6330033928476	2.09262767699042e-26	9.3584053571409e-25
ENSMUSG00000094002	713.356689967879	0.698046080345228	0.0657273213201165	10.6203336196448	2.39702897306938e-26	1.06974270137021e-24
ENSMUSG00000036894	1298.11497068836	0.501198707382489	0.0472678023889888	10.6033850115961	2.87386048638864e-26	1.27988151868918e-24
ENSMUSG00000022125	2504.32564175357	0.425603091031401	0.0402044073208538	10.5859809755395	3.46135855304496e-26	1.53833380330566e-24
ENSMUSG00000040433	3698.78993586477	0.515648102287591	0.0487164706525497	10.5846769148209	3.50989512238433e-26	1.55668199787401e-24
ENSMUSG00000044453	38.2036871967862	3.37762620509861	0.319488438391525	10.5719825797246	4.01906988488992e-26	1.77883204431025e-24
ENSMUSG00000024036	1560.28353455886	0.916266438645773	0.086696999917176	10.5686060592767	4.16641217608705e-26	1.84025110641738e-24
ENSMUSG00000037514	2262.20809205098	0.355097768877653	0.0336916335543444	10.5396423805003	5.67141498588234e-26	2.49984792786346e-24
ENSMUSG00000064210	6812.76750795376	0.687705200542013	0.0653064095880071	10.5304395828905	6.25417323889883e-26	2.75106726938939e-24
ENSMUSG00000032902	4915.98254319069	0.46814425979045	0.0444748029506792	10.5260558503115	6.55226744800836e-26	2.87629801715639e-24
ENSMUSG00000032715	276.490638645411	1.22274296322299	0.11632220933888	10.5116896435554	7.63138677162741e-26	3.34317037632151e-24
ENSMUSG00000022237	951.226005944831	0.702422766800389	0.0668613122807064	10.5056682682413	8.13445981310539e-26	3.55629968122444e-24
ENSMUSG00000024777	26162.3146930976	0.338385396057637	0.0322228630848007	10.5014068789328	8.51021891035156e-26	3.71301542946355e-24
ENSMUSG00000085882	659.402730586992	-0.503282322388253	0.0479981076158983	-10.4854617689459	1.00752280100942e-25	4.38691368082519e-24
ENSMUSG00000035594	77.1469459193831	2.47535743589792	0.236081014970994	10.48520329431	1.0102815558018e-25	4.39002102770069e-24
ENSMUSG00000024335	11783.6953153647	0.31873050458901	0.0304016623125114	10.4839827938566	1.02340969642361e-25	4.4380833421069e-24
ENSMUSG00000026074	8928.3402478837	0.423814344257549	0.0404465257859613	10.4783868582515	1.08579943834274e-25	4.69914732731152e-24
ENSMUSG00000031904	2105.83760854685	0.561182983467491	0.0535625398101379	10.4771540979331	1.10004238169937e-25	4.75120920836193e-24
ENSMUSG00000040365	2309.15376665264	0.402350336940234	0.0384118057973892	10.4746530028427	1.12951068995168e-25	4.86869005431781e-24
ENSMUSG00000048047	1532.12053007169	0.55779417754869	0.0533513032202321	10.4551181298447	1.38825672833363e-25	5.97200780168531e-24
ENSMUSG00000020547	1333.80737286553	0.550309225511181	0.0526813208173963	10.4460028141409	1.52831513672237e-25	6.56136254497647e-24
ENSMUSG00000025485	7420.73701750204	0.321476214178362	0.0307837650418204	10.4430440442106	1.57672067260891e-25	6.75566585992472e-24
ENSMUSG00000020694	3451.22784049046	0.281258511055482	0.027038053033415	10.4023211548512	2.41966047837067e-25	1.03466995674711e-23
ENSMUSG00000028466	3088.56301594542	0.367729955497775	0.0354113893462254	10.3845108109821	2.916606585232e-25	1.24468940275527e-23
ENSMUSG00000027919	51.5193639826028	6.35345033436601	0.613323742668004	10.359048398694	3.8073090626614e-25	1.62158127656924e-23
ENSMUSG00000031168	2269.79349930241	0.519275671684439	0.0501499868250833	10.3544528036589	3.99464176915262e-25	1.6979996082501e-23
ENSMUSG00000037876	2548.81212330727	0.646468927502994	0.0624680564829543	10.3487920691017	4.23798862969143e-25	1.79787873369479e-23
ENSMUSG00000022526	2120.68914094544	0.524515889824028	0.0507075960100496	10.3439313060725	4.45862935720569e-25	1.88775025210606e-23
ENSMUSG00000025007	1747.39209154349	0.430180350865619	0.0416015623575506	10.3404854646653	4.62190165844778e-25	1.95302639764252e-23
ENSMUSG00000029175	2841.5947134073	0.434802938670652	0.0420613936722464	10.3373402711939	4.77609316495086e-25	2.01421642198105e-23
ENSMUSG00000071637	1153.57720862164	1.1709615299163	0.113295501278525	10.3354636036043	4.87051257277495e-25	2.05000829190563e-23
ENSMUSG00000066441	4501.68816999618	0.570292885887097	0.0552012113920709	10.3311661375789	5.09375198938649e-25	2.1397745636824e-23
ENSMUSG00000049866	4141.33177686917	0.418553138707124	0.040534266836426	10.325908703275	5.38068770080387e-25	2.25589535518469e-23
ENSMUSG00000025162	16856.3471494241	0.35505491678995	0.0343985753881236	10.32179131792	5.61653613471349e-25	2.3501864457653e-23
ENSMUSG00000099655	93.6749860169192	1.57980962991665	0.153066853965267	10.3210433153289	5.66046896501456e-25	2.36396161095335e-23
ENSMUSG00000028811	7218.97580062893	0.390735609295975	0.0379439255946906	10.297711772623	7.21572631371038e-25	3.00762681650693e-23
ENSMUSG00000010660	821.756930636924	0.740637710999795	0.0719733951634398	10.2904373111471	7.78221202367796e-25	3.23746052907502e-23
ENSMUSG00000052921	598.743363686543	1.01686307332231	0.0988605535368449	10.2858322854052	8.16337157501965e-25	3.38945714176735e-23
ENSMUSG00000015776	2919.62592704972	0.489891479977916	0.0476569836204428	10.2795318285267	8.71498980957266e-25	3.61150523653063e-23
ENSMUSG00000031278	7330.58963848656	0.592771725536539	0.0577144055519681	10.2707758984503	9.54339943838101e-25	3.94717942859897e-23
ENSMUSG00000090291	188.23133953017	1.97990741191908	0.193083758376627	10.2541375233493	1.13383663440849e-24	4.68056484504091e-23
ENSMUSG00000031668	4121.60839620083	0.49078908354477	0.0478857073314225	10.2491768608107	1.19355617782985e-24	4.91763472424098e-23
ENSMUSG00000028233	1739.37671617717	0.530841663072482	0.0518024746918929	10.2474189935864	1.21545779200421e-24	4.99827911171694e-23
ENSMUSG00000034161	392.446866982543	-1.16137433732732	0.113347235603485	-10.246163756389	1.23134025464651e-24	5.05391011591624e-23
ENSMUSG00000095930	503.891163854176	-0.569997063883597	0.0556397958061581	-10.2444132949264	1.25383260150603e-24	5.13640660761992e-23
ENSMUSG00000027796	3391.91560871583	-0.724518846297339	0.0707437850993303	-10.2414487050707	1.29285789130755e-24	5.28618809424913e-23
ENSMUSG00000053175	884.855136757999	1.38751331890058	0.135514499837295	10.2388550344538	1.32798590531394e-24	5.41949533145801e-23
ENSMUSG00000068739	12145.8631957752	0.331240750146969	0.0324097680838984	10.2203986554144	1.60678706799057e-24	6.54483704013008e-23
ENSMUSG00000020089	5945.27714106996	0.375864465124378	0.0367915871692977	10.216043776389	1.68060539378508e-24	6.83255215586943e-23
ENSMUSG00000059796	17221.7301114586	0.196431992837817	0.0192321068420478	10.2137532019296	1.72077057741137e-24	6.98262026743147e-23
ENSMUSG00000032599	3259.47627718098	0.336253228712063	0.0329746308392935	10.1973311043523	2.03795780914777e-24	8.25411364738982e-23
ENSMUSG00000040640	7089.45285371442	0.603357595121352	0.0591962329457197	10.1924998449581	2.1418451859872e-24	8.65854025657274e-23
ENSMUSG00000036693	2094.80832793605	0.462093985197986	0.0454091717688396	10.1762257975179	2.53191774713536e-24	1.02161929248135e-22
ENSMUSG00000101581	194.408698821999	1.53676457791484	0.151025373425759	10.1755390041812	2.54984352398873e-24	1.02692197159366e-22
ENSMUSG00000030199	1878.70316026045	0.532714511214528	0.0523783500908596	10.1705095767705	2.6850027362251e-24	1.0793308752024e-22
ENSMUSG00000037815	12855.7697211642	0.400350041564431	0.0393753897497878	10.1675194609747	2.76869721420993e-24	1.11089447477066e-22
ENSMUSG00000003154	1584.51487717172	0.454307404870452	0.0447416517254904	10.1540150474959	3.18004893307042e-24	1.27356213427779e-22
ENSMUSG00000040857	2556.76492511101	0.577050615903363	0.0568321759219956	10.1535900489784	3.19393282001517e-24	1.27674044533418e-22
ENSMUSG00000022353	4279.73649120374	0.465237973821769	0.0458414389606687	10.1488518765944	3.35284541053533e-24	1.33777285469426e-22
ENSMUSG00000020349	25315.7086073403	0.218957377165085	0.0216177385576831	10.1285977060383	4.12522855263412e-24	1.64289714491362e-22
ENSMUSG00000039633	2621.28631586884	0.48960383270571	0.0483509769530499	10.1260380567104	4.23461260846633e-24	1.68333693061738e-22
ENSMUSG00000024517	30.3608456360142	4.58301667470974	0.45271981518212	10.1232959570504	4.35498203972912e-24	1.72798603446997e-22
ENSMUSG00000078956	41.6634207068559	2.53841355651513	0.250956499268997	10.1149544399495	4.74237614921299e-24	1.87822594869015e-22
ENSMUSG00000038967	2178.89045483222	-0.475026136579607	0.047006964749699	-10.1054415895391	5.2259597000334e-24	2.06593832266882e-22
ENSMUSG00000040118	18572.1950941431	0.716052938100818	0.0708739830103092	10.1031846622288	5.34767743957093e-24	2.1101699249601e-22
ENSMUSG00000026773	6835.19142661619	0.528881863111158	0.0523560952270736	10.1016292528567	5.43319200105238e-24	2.13997980724019e-22
ENSMUSG00000023307	5426.18778853773	0.283179876302093	0.0281229718482586	10.0693439452284	7.54798739138076e-24	2.96749262533662e-22
ENSMUSG00000025340	2829.77991624712	0.405037260623423	0.0403122752612258	10.0474919363583	9.42352421253669e-24	3.69808721656879e-22
ENSMUSG00000039108	3896.36702204897	0.347876082837494	0.0346418587233312	10.042073250625	9.95592561423839e-24	3.89988867217594e-22
ENSMUSG00000039114	27471.171249058	-0.505088248877705	0.050333445573407	-10.0348434946914	1.0712915723078e-23	4.18876956123118e-22
ENSMUSG00000062866	10664.4737507686	0.54725328892618	0.0546407514634717	10.0154788188085	1.3032927502635e-23	5.08663312311933e-22
ENSMUSG00000085007	812.551094294379	0.769864552401073	0.0769039171490677	10.0107326250859	1.3673616349387e-23	5.3270026961151e-22
ENSMUSG00000037348	3483.0247952855	-0.488925495586765	0.0488895297881577	-10.0006176722361	1.51449442156034e-23	5.88951761833593e-22
ENSMUSG00000029752	10676.6557296507	0.407068143263514	0.0407347760385642	9.99313566565671	1.63331635285018e-23	6.34010286261881e-22
ENSMUSG00000021587	6438.76776754768	0.71730824813752	0.0717888197155982	9.99192145767601	1.65345116625725e-23	6.40667558391303e-22
ENSMUSG00000033159	2593.58254323497	0.478134960892999	0.0478629795347176	9.98966143647998	1.6915850848818e-23	6.54262440217526e-22
ENSMUSG00000028599	726.640396821551	1.08785102120067	0.109063309841705	9.97449117195863	1.97109144162559e-23	7.60997282121131e-22
ENSMUSG00000033350	5097.89746169768	0.554335362175514	0.0555799346990504	9.97365983204339	1.98766586983393e-23	7.66018591774778e-22
ENSMUSG00000004530	6824.31104773804	0.251834510692746	0.0253023212591248	9.95302004561838	2.44644028918847e-23	9.41134180066661e-22
ENSMUSG00000044147	3523.3167954912	0.318601954971255	0.0320274313522904	9.94778355675003	2.57862244926277e-23	9.90209472198114e-22
ENSMUSG00000027605	6083.15846335605	0.319018820322318	0.0320749374409489	9.9460465327374	2.62401245563774e-23	1.00584020308428e-21
ENSMUSG00000031532	13693.6904819327	0.328366410242343	0.0330202452284311	9.94439647466981	2.66786233616564e-23	1.02082589854067e-21
ENSMUSG00000048706	734.63458604034	-0.574778580263615	0.0579153066993918	-9.92446752025317	3.25837200766239e-23	1.24455895936799e-21
ENSMUSG00000052298	4915.88855567846	0.26795181972256	0.0270128967701925	9.9194033872825	3.4279904194795e-23	1.30702029031167e-21
ENSMUSG00000030662	7962.5036336435	0.401711847538292	0.0405299778334893	9.91147464202074	3.71127445377294e-23	1.41252158554415e-21
ENSMUSG00000018648	403.864745401185	0.732336511433338	0.0739812516569493	9.89894730125923	4.20679659486734e-23	1.59828487974199e-21
ENSMUSG00000036180	3849.87186860963	0.392659423904574	0.0397136546342482	9.88726490978629	4.72767941372153e-23	1.79301000521107e-21
ENSMUSG00000031834	3458.36783241772	-0.298552438995609	0.0302163752849081	-9.88048487552127	5.05875333806911e-23	1.9151886976189e-21
ENSMUSG00000011877	6907.01200925149	0.337925992681871	0.0342304339794728	9.87209197769791	5.50052733332877e-23	2.07877323481048e-21
ENSMUSG00000024270	8911.25379821354	0.626483580712262	0.0635248792978476	9.86201922202611	6.08138998259619e-23	2.29425513824973e-21
ENSMUSG00000040046	53.8753100634632	2.4796084509527	0.251499776123176	9.85928691140576	6.24916164484965e-23	2.35341234856741e-21
ENSMUSG00000039985	156.594365567284	1.52801386824483	0.155034894857191	9.85593514061688	6.46123919996844e-23	2.42901857559584e-21
ENSMUSG00000031937	3936.75972692531	0.645778087811476	0.0655464772312137	9.85221655060895	6.70487155253203e-23	2.51620232074567e-21
ENSMUSG00000052512	719.602704378903	0.798554482137159	0.0811270842073712	9.84325382748815	7.33009989791832e-23	2.74603707519572e-21
ENSMUSG00000072825	11650.7033422516	0.58719304079941	0.0596577041460309	9.84270261829171	7.37038235140999e-23	2.75631755322939e-21
ENSMUSG00000009566	717.982220734965	0.584273602586452	0.059374277942616	9.84051718744505	7.53226231822135e-23	2.81195726822503e-21
ENSMUSG00000026986	618.514996714675	-0.615593881870415	0.0625709400764286	-9.83833519391725	7.69739839371531e-23	2.86861725554675e-21
ENSMUSG00000059991	9142.41596863668	0.524470431717662	0.053313784256025	9.83742645614939	7.76722539742527e-23	2.88962323017558e-21
ENSMUSG00000025060	7372.11806268518	0.534174506979305	0.0543546930508607	9.82756919406146	8.56614061078948e-23	3.18132827597244e-21
ENSMUSG00000079215	9709.373696158	0.440409149282528	0.0448637836815415	9.81658507469416	9.55247616109603e-23	3.54151041924158e-21
ENSMUSG00000030707	6658.17631245227	-0.447778883680127	0.0456239113838205	-9.81456587343192	9.74565628895991e-23	3.60690099825541e-21
ENSMUSG00000028602	37.6811746526024	2.85331634179464	0.290902315129086	9.8085033820666	1.03492049262943e-22	3.82368387173552e-21
ENSMUSG00000109604	85.3604697867527	1.62471826992408	0.165796414050693	9.79947774640842	1.13169242229687e-22	4.17403943935129e-21
ENSMUSG00000008435	1650.69989469329	0.627300422122431	0.0642266385533458	9.76698199145831	1.56030796325739e-22	5.74503786265578e-21
ENSMUSG00000055491	1432.24367260399	0.588153551776211	0.0602718566934071	9.758344674332	1.69905718928583e-22	6.24519890842631e-21
ENSMUSG00000062234	7428.5631902079	0.343623923097929	0.0352332075670761	9.75284246952952	1.7937412237774e-22	6.58195711275312e-21
ENSMUSG00000052837	1795.86843647167	0.795089955765154	0.0815477338859423	9.74999448638531	1.84478289595178e-22	6.75769789155305e-21
ENSMUSG00000007411	3297.1313734816	0.25409683668304	0.0260636053414791	9.74910544239466	1.86100886481876e-22	6.80552236664386e-21
ENSMUSG00000013483	593.274316622397	0.886356248943145	0.0910003797953589	9.74013790861509	2.03278299091966e-22	7.4210407624288e-21
ENSMUSG00000032803	6982.11421633597	0.252405230321205	0.0259152932447846	9.7396247048835	2.0430748727585e-22	7.44594995222988e-21
ENSMUSG00000028840	884.953220345229	0.438487829627361	0.0450670679324869	9.72967290182359	2.25316312049873e-22	8.19769483807217e-21
ENSMUSG00000047281	466.820428519074	0.924837109698552	0.0950981096283845	9.72508405595594	2.35710639854846e-22	8.5613614130696e-21
ENSMUSG00000097828	88.6167583478112	1.41857483346429	0.146152096982607	9.70615449761973	2.83844469427801e-22	1.02922388188128e-20
ENSMUSG00000021111	5024.93724094817	0.402844447973418	0.0415146156491593	9.70367764880358	2.90822791794758e-22	1.05274908071944e-20
ENSMUSG00000025351	5315.18502923235	0.636586411633822	0.065625888320514	9.70023306236651	3.00810714460463e-22	1.08707117788019e-20
ENSMUSG00000042616	1261.87231264847	-0.452343801438816	0.0466333102215214	-9.70001484539817	3.01454768902631e-22	1.08756774273342e-20
ENSMUSG00000048796	1824.28127443202	0.352079896245803	0.0363071245379912	9.69726742963055	3.09681310123336e-22	1.11537231595764e-20
ENSMUSG00000021796	5591.84964111783	0.226726709804301	0.0233819128227092	9.69667073534283	3.11497138754088e-22	1.12003309556034e-20
ENSMUSG00000081219	51.4490819486991	2.3204340358982	0.239346916656954	9.69485660525129	3.17082772190012e-22	1.13821049963726e-20
ENSMUSG00000031383	29.4880205943383	4.68661274460865	0.483863571622852	9.68581438956028	3.46436374949258e-22	1.24150304251432e-20
ENSMUSG00000028703	3374.01219237422	0.294415247851021	0.0304056339101925	9.68291760404074	3.56397174482002e-22	1.27507029123844e-20
ENSMUSG00000046719	1088.10073833306	0.809774567692266	0.0836911497056101	9.67574911493879	3.82281609355464e-22	1.36540050356479e-20
ENSMUSG00000049649	330.381938881655	0.807047588582296	0.0834143688420217	9.67516268223238	3.8447967154557e-22	1.37097020421881e-20
ENSMUSG00000019842	497.31235433999	0.555087416728132	0.0573831247027116	9.67335640232051	3.9132885043325e-22	1.39307878995027e-20
ENSMUSG00000027227	4144.07830539088	-0.357572499071201	0.0369744330642998	-9.6708041053495	4.0121313648574e-22	1.42590085890776e-20
ENSMUSG00000057315	2365.98147668824	-0.335983440121694	0.034770192391427	-9.66297328295873	4.33107548560475e-22	1.5367085351073e-20
ENSMUSG00000044465	2928.57283715025	0.612288302836725	0.0633787641792551	9.66078008566058	4.42481587098688e-22	1.5673778463136e-20
ENSMUSG00000115432	1729.81468415928	-0.725917330728663	0.0751532606266588	-9.65915949189251	4.49536964992252e-22	1.58974637405662e-20
ENSMUSG00000022744	4307.72509304661	0.377782297549032	0.0391170692607026	9.65773522119552	4.55829478672104e-22	1.60934795874595e-20
ENSMUSG00000016534	24531.9663026977	0.217055908294269	0.0225036681526209	9.64535678459999	5.1432029264529e-22	1.81287346501212e-20
ENSMUSG00000025366	21168.4039752812	0.482516243972596	0.0500697252329063	9.63688619676071	5.58566010405909e-22	1.96560294743824e-20
ENSMUSG00000090946	990.134406637295	0.585428326246546	0.0607514840690393	9.63644485756516	5.60971837032803e-22	1.97083820846909e-20
ENSMUSG00000027963	3440.47911551556	-0.52670431455154	0.0546775670896519	-9.63291423862974	5.8059069976191e-22	2.03643136619104e-20
ENSMUSG00000024750	14453.9302386247	0.370389457201255	0.0384732929053127	9.62718367031454	6.13889267927388e-22	2.14971403349581e-20
ENSMUSG00000045009	1997.94880129166	-0.748815905453655	0.0778048609415732	-9.6242817786921	6.31465109574426e-22	2.20765961598121e-20
ENSMUSG00000070056	7432.33996860793	0.712773795091128	0.0741070112670068	9.61816949442222	6.7013059385164e-22	2.33902818335273e-20
ENSMUSG00000034543	1712.91175477627	0.473992840134608	0.0492964520774457	9.61515119566731	6.90078926738847e-22	2.40474581840521e-20
ENSMUSG00000029110	4082.48395850421	0.369642478720101	0.0384458785913803	9.61461910257857	6.93656023952992e-22	2.41329338900728e-20
ENSMUSG00000021890	5511.69247496433	0.497291353224215	0.0517450279557055	9.61041809949169	7.22549886677656e-22	2.50975014035964e-20
ENSMUSG00000041598	3429.30492230184	0.65408342683284	0.0681609667660219	9.5961582980202	8.29797547494112e-22	2.87761456454097e-20
ENSMUSG00000060716	1902.43404794703	0.602209885129717	0.0627863427036964	9.59141525365935	8.68849301242525e-22	3.00818050007613e-20
ENSMUSG00000031618	1209.95400569484	-0.584987774832093	0.0611352401708805	-9.56874910766655	1.0820690202013e-21	3.74036933778441e-20
ENSMUSG00000045664	1789.60600638363	0.37365786408097	0.039086537304906	9.55975867511982	1.18031604777054e-21	4.07341869476566e-20
ENSMUSG00000027465	2906.17109055874	0.504120661646693	0.0527583394145324	9.55527916990943	1.2325117289228e-21	4.24672500370094e-20
ENSMUSG00000045763	15503.440663302	0.355703542971265	0.037308364959973	9.53414987102461	1.51118613007756e-21	5.19857715837258e-20
ENSMUSG00000037860	118.890713713615	2.83653425189366	0.297614900943613	9.53088787859814	1.55943708299332e-21	5.35598022776553e-20
ENSMUSG00000045767	8323.36017963913	0.581490440240855	0.0610151370997069	9.53026524042095	1.56881879787091e-21	5.37959493851388e-20
ENSMUSG00000020250	10390.7102861609	0.865490081514591	0.0908480645267383	9.52678613488635	1.62227780970215e-21	5.55403755391809e-20
ENSMUSG00000028434	2685.10957199907	0.444922172384599	0.046725678001799	9.52200570246343	1.69868319814821e-21	5.80635884258751e-20
ENSMUSG00000109336	3849.78972143645	0.468836583947685	0.0492673087124469	9.51618012431106	1.79661933643807e-21	6.13135622829565e-20
ENSMUSG00000037709	1105.30307695706	-0.816656756928574	0.0858949093720205	-9.50762696997027	1.95061337997501e-21	6.64632806580058e-20
ENSMUSG00000039191	1866.26626678041	0.451360633952487	0.0475002223032504	9.50228466449936	2.05334979142086e-21	6.98529423496674e-20
ENSMUSG00000132840	27.2984541259524	3.32700507853149	0.350237632482037	9.49927926063776	2.11347999077149e-21	7.1784749180223e-20
ENSMUSG00000024424	5549.80803655932	0.343879013391529	0.0362741840828903	9.47999306078752	2.54299983164255e-21	8.6237021146981e-20
ENSMUSG00000000001	4904.99503633045	0.253640116544535	0.0267618949072199	9.47765909042964	2.60051304473663e-21	8.80482855178493e-20
ENSMUSG00000003134	1256.93038745845	-0.451031857068989	0.0477042705748861	-9.4547480054424	3.23800959502322e-21	1.09460021994911e-19
ENSMUSG00000020732	3205.98497431486	-0.398155802602691	0.0421179157137722	-9.45335959425213	3.28126387287928e-21	1.10747814929601e-19
ENSMUSG00000022270	8815.35531591916	0.376275514901825	0.0398404113159509	9.44456903112281	3.56869846109903e-21	1.20260096021902e-19
ENSMUSG00000035184	1421.48426624141	0.841365483586356	0.0891109425601362	9.44177515593625	3.66516577851962e-21	1.23317317557527e-19
ENSMUSG00000048668	667.344673777942	0.416766954478221	0.0441513424533543	9.4395080946527	3.74533516502301e-21	1.25817472069459e-19
ENSMUSG00000057329	3332.52249042414	-0.401016824997551	0.0425110150158043	-9.43324512125777	3.97593705554091e-21	1.33176170061483e-19
ENSMUSG00000019256	1500.64057302061	0.662148824493346	0.0701932800177229	9.4332224441736	3.97679702829639e-21	1.33176170061483e-19
ENSMUSG00000022656	2528.17470411206	0.410100790551354	0.0435005615452186	9.42748268031107	4.2004866889073e-21	1.4044804869795e-19
ENSMUSG00000049536	1370.61892335115	-0.362757704729043	0.0384846780038212	-9.42602935882754	4.25907237614344e-21	1.42185455095327e-19
ENSMUSG00000032593	3500.86472886826	-0.692989703717609	0.0735486335159029	-9.42219685927637	4.41747065451714e-21	1.4724444886625e-19
ENSMUSG00000039844	6158.94749645612	0.427993404355732	0.0454350785777773	9.41988916389962	4.51564438936979e-21	1.50283445677848e-19
ENSMUSG00000035725	7191.829720217	0.410744243297814	0.0436986096938047	9.39948081130936	5.48329666797942e-21	1.8220502519326e-19
ENSMUSG00000021222	1194.94457632086	-0.503069928116638	0.0535831942300954	-9.38857668612232	6.08164968511314e-21	2.0177541289125e-19
ENSMUSG00000046999	2756.5609781945	-0.586036737711839	0.0625121021265361	-9.37477252845523	6.93250916659183e-21	2.2965006445997e-19
ENSMUSG00000046962	753.847848806832	0.615147181944535	0.065701975100343	9.36268934084636	7.77324608618878e-21	2.5710400691237e-19
ENSMUSG00000019763	908.219824929912	0.385703458210908	0.0411999735596147	9.3617404305566	7.84338824704518e-21	2.5902488017088e-19
ENSMUSG00000051316	1066.83412194186	0.399890891375351	0.0427277367498615	9.35904688133632	8.04592002936824e-21	2.653052524584e-19
ENSMUSG00000112143	168.361375316594	-0.840180304083205	0.0898295308977691	-9.35305233909521	8.5154078881731e-21	2.80355438232398e-19
ENSMUSG00000001552	15391.2974234177	0.419387962050726	0.044850349444002	9.35082930790436	8.69631550301634e-21	2.85873060624424e-19
ENSMUSG00000040010	4303.534018037	0.666795659970296	0.0713327644736333	9.34767725449311	8.95935837496869e-21	2.94069704705012e-19
ENSMUSG00000000346	9036.67068194904	0.31309218962088	0.0334964225535924	9.34703367560967	9.01402532493116e-21	2.9541231698469e-19
ENSMUSG00000076434	52.1200893779821	2.04744264227511	0.219125672287949	9.34369132058888	9.3032810998279e-21	3.04418766989274e-19
ENSMUSG00000017677	1226.08632451086	0.61879755271809	0.0662273629001734	9.34353302955492	9.31720534389048e-21	3.04418766989274e-19
ENSMUSG00000040463	2615.3097842818	0.343123002923375	0.0367263369770721	9.34269603684089	9.39117564050449e-21	3.06369264892203e-19
ENSMUSG00000020671	12469.7456086579	0.277424325177371	0.0297080010889001	9.33837064120162	9.78279287347255e-21	3.18660746315572e-19
ENSMUSG00000047547	19937.5482230231	0.255764758343747	0.0273961606260214	9.33578839148784	1.00242407452448e-20	3.2603083611731e-19
ENSMUSG00000004099	2025.68998522	0.534939944214785	0.0573054537011682	9.33488716456807	1.01098877797608e-20	3.28318988018678e-19
ENSMUSG00000022858	4104.1018610821	0.249993851192338	0.0267951669126545	9.32981130542144	1.06059556233626e-20	3.43908524790183e-19
ENSMUSG00000024497	1495.32559846741	-0.754348039764206	0.0808746702236889	-9.32737082794621	1.08529597416827e-20	3.51387079660575e-19
ENSMUSG00000020798	37.2261173915309	2.55147158149933	0.27366159027909	9.32345521670486	1.12612008463593e-20	3.64055628566187e-19
ENSMUSG00000027997	292.151720214845	1.02314918951177	0.109779316197981	9.32005431393446	1.16280761284021e-20	3.75350800259066e-19
ENSMUSG00000058354	61.801105758582	9.09346253216542	0.976673039575794	9.3106517367522	1.27050327255741e-20	4.09498847578339e-19
ENSMUSG00000018848	3812.20303056127	0.319470319091308	0.0343327721944733	9.30511283160335	1.33850142409968e-20	4.30768689201256e-19
ENSMUSG00000047591	676.958721169241	-0.820922226888404	0.0882423488801321	-9.3030414229288	1.36484512271292e-20	4.38549572430692e-19
ENSMUSG00000053007	457.243056014625	0.640949876008601	0.0688979160906977	9.30289205213188	1.36676448316469e-20	4.38549572430692e-19
ENSMUSG00000040212	1898.10468988712	0.75732809712241	0.081417126931003	9.30182782996271	1.38051681615774e-20	4.4230110411406e-19
ENSMUSG00000049643	760.036017998727	0.459817357655099	0.0494507931855047	9.29848295719316	1.42463772731415e-20	4.55756683375939e-19
ENSMUSG00000023952	2530.47942488401	0.558122146432381	0.0600316275775828	9.29713500955948	1.44280958642833e-20	4.60883193188549e-19
ENSMUSG00000086968	2876.91788185612	-0.460175740047395	0.0495364325450644	-9.28964231787913	1.54807678471939e-20	4.93774387233082e-19
ENSMUSG00000061947	55.4936569454114	1.81870344640262	0.196123348903564	9.27326326299321	1.80536129082585e-20	5.74983463929788e-19
ENSMUSG00000020594	7445.18824693205	0.260903374740852	0.0281508632755308	9.26804170043458	1.89594777175263e-20	6.02939479532472e-19
ENSMUSG00000011256	7634.32334987701	0.575112557959334	0.0620754060065424	9.26474098129492	1.95551378455788e-20	6.20962409753246e-19
ENSMUSG00000020448	2348.81555782938	0.352759578125549	0.0381437124748603	9.24817106772304	2.28366634511472e-20	7.24094265350556e-19
ENSMUSG00000053289	2095.05039413732	0.345771744725089	0.0374052333082538	9.24394032983593	2.37583102219821e-20	7.52206323340809e-19
ENSMUSG00000000787	25820.5699804055	0.333271835857204	0.0360561194653119	9.24314210179582	2.39362792935614e-20	7.56724847298363e-19
ENSMUSG00000008859	6683.7894208251	0.276806446478451	0.0299602194629063	9.23913280479021	2.48503037488683e-20	7.84465618048833e-19
ENSMUSG00000008730	7018.04197813816	0.54683655625987	0.0592061799525129	9.23613982017531	2.55550486148942e-20	8.05528155018089e-19
ENSMUSG00000069072	12540.0162429845	0.762764075511118	0.0827140828679097	9.22169537597623	2.9243924585961e-20	9.20454670325864e-19
ENSMUSG00000038523	42.3942252883371	2.57067548157568	0.278780720171732	9.22113796101869	2.9396367268218e-20	9.23898125592339e-19
ENSMUSG00000037949	3931.48421119509	0.297903694103178	0.0323201044807492	9.21728747135141	3.04710774019968e-20	9.56275069460912e-19
ENSMUSG00000059288	1082.70912495385	0.540683028273379	0.0586621171321789	9.21690274244788	3.05805701888728e-20	9.58310247699773e-19
ENSMUSG00000050022	408.057469226099	1.14984187109985	0.124781089076181	9.21487285944314	3.11647414461202e-20	9.7519291528049e-19
ENSMUSG00000054934	1399.29634610934	0.416365402500046	0.045194039549182	9.2128388312565	3.17611693973531e-20	9.92409406526319e-19
ENSMUSG00000025422	1483.74884909205	-0.52110229522534	0.0565829734872857	-9.20952475822841	3.27571989189096e-20	1.02204365115307e-18
ENSMUSG00000029310	2749.57827157237	0.280410132679644	0.0304792399268367	9.20003692194256	3.57826789798467e-20	1.11482001013264e-18
ENSMUSG00000002332	8450.97338184145	0.256716795522938	0.0279105169659781	9.19785168565194	3.6517735982445e-20	1.13607205883937e-18
ENSMUSG00000022948	131.934983583489	1.26447187321564	0.137776399925364	9.17771021670344	4.40355191717883e-20	1.36796881988655e-18
ENSMUSG00000046722	4301.53819251531	0.438555654232971	0.0477916908982631	9.17639962073218	4.45745727878473e-20	1.38271355413863e-18
ENSMUSG00000022094	1301.74617390615	0.484940101461193	0.052883220307611	9.17001836575751	4.72938457685878e-20	1.4649490523355e-18
ENSMUSG00000038776	4237.9438332982	-0.508761178550093	0.0554912863979439	-9.16830752312392	4.80503568626693e-20	1.48623769512112e-18
ENSMUSG00000038676	24.4984527287889	3.90806673044054	0.426619304332888	9.16054827043434	5.16343055581911e-20	1.5947942490822e-18
ENSMUSG00000059743	17676.030297128	0.345674229940757	0.0377532870400195	9.15613598292336	5.37888634699845e-20	1.65895365409007e-18
ENSMUSG00000038467	15775.7632875564	0.171708705149398	0.0187626611923873	9.15161785360524	5.60871812706213e-20	1.72735643207339e-18
ENSMUSG00000052681	10418.0725865431	0.40033369994474	0.0437731127650659	9.14565299692908	5.92706865251015e-20	1.82278589820606e-18
ENSMUSG00000054676	2928.64720074626	-0.305672834382114	0.0334252870585155	-9.14495764380401	5.96532356571698e-20	1.83192611819286e-18
ENSMUSG00000066595	2320.18185984733	0.487606471762466	0.0533403293641902	9.14142221419837	6.16363274142372e-20	1.89012200610574e-18
ENSMUSG00000037553	9283.27670121672	0.349301761367403	0.0382119680898116	9.14116123373756	6.17852726816924e-20	1.891986681006e-18
ENSMUSG00000048388	12174.7417767251	0.471441578916408	0.0515922939896992	9.13782936286057	6.37183734188049e-20	1.94840256952716e-18
ENSMUSG00000020097	3879.67753582609	0.304199226143763	0.0333451061899025	9.1227547578145	7.32385655081234e-20	2.23632865888674e-18
ENSMUSG00000042185	1152.91754533262	0.505221271853484	0.0553893735444987	9.12126712261151	7.42510364825693e-20	2.26402379138471e-18
ENSMUSG00000025403	1353.02795942465	0.525300517068476	0.0576455977997546	9.11258686037448	8.04406396112548e-20	2.44927485091517e-18
ENSMUSG00000020638	1934.6020794349	-0.467709972142719	0.0513278478044343	-9.11220696267559	8.07228785692787e-20	2.45438712658376e-18
ENSMUSG00000122577	35.4633647629881	3.28903020470713	0.36105650037057	9.10946126529071	8.27920578667479e-20	2.51374018977031e-18
ENSMUSG00000028826	4045.66120392649	0.367714226637856	0.0403710158834773	9.10837189976066	8.36274610345505e-20	2.53551847255319e-18
ENSMUSG00000039372	1818.57517742306	0.613681793839896	0.0675046115820808	9.09096103891662	9.81674484798129e-20	2.97216142322661e-18
ENSMUSG00000046610	56.512174932518	2.10410883130928	0.231506852994926	9.08875397893899	1.00180523522199e-19	3.02883819426411e-18
ENSMUSG00000032508	648.444768232255	0.604510026865015	0.0665339102461266	9.0857432642809	1.02992548495201e-19	3.10947685794371e-18
ENSMUSG00000028370	924.265534471763	0.934990837116507	0.103007451514709	9.07692427458023	1.11686261503757e-19	3.3672152941568e-18
ENSMUSG00000026864	20165.4474145256	0.544758637399278	0.060025376852104	9.07547217473544	1.1318567052094e-19	3.40763478738077e-18
ENSMUSG00000021072	3269.89320299722	0.358873992078353	0.0395813737322217	9.06673918157134	1.22632013364585e-19	3.68686106286301e-18
ENSMUSG00000002633	1597.38526145393	0.833089925112588	0.0918872933088678	9.06643231194393	1.22977749226687e-19	3.69208442643364e-18
ENSMUSG00000087088	700.097561298278	-0.629875913658487	0.0694921972036321	-9.06398040362387	1.25775019750058e-19	3.77079130440607e-18
ENSMUSG00000008384	760.300042576559	0.549111119513831	0.0607114795908834	9.04460117286101	1.50212505075732e-19	4.49715709059367e-18
ENSMUSG00000059816	26.9512960755784	3.76129678629925	0.416130094849787	9.03875214230056	1.58470426965247e-19	4.73778020227855e-18
ENSMUSG00000026209	3264.23264036912	0.276371857302064	0.0306000877256472	9.03173414991307	1.68972510103791e-19	5.04473421681222e-18
ENSMUSG00000021411	575.867835496685	0.668934271848219	0.0740762913470889	9.03034236303606	1.71135538495474e-19	5.10221592964424e-18
ENSMUSG00000032540	2820.86877030459	0.465679939689881	0.0516134855122952	9.02244704204191	1.8393392330777e-19	5.47617974719083e-18
ENSMUSG00000036523	609.98652699694	-0.604600100471647	0.0670150008578739	-9.02186216118819	1.84918796404568e-19	5.49787657011144e-18
ENSMUSG00000005986	3792.27279763872	-0.438700781117675	0.0486390813181899	-9.01951207194389	1.88928888040601e-19	5.60933265654154e-18
ENSMUSG00000028680	896.818904164854	0.581729616644582	0.0645365076713117	9.01396182773579	1.987438966706e-19	5.89259183139654e-18
ENSMUSG00000057465	28.3322229520563	2.97000779936497	0.329959589027061	9.00112588975675	2.23414591643865e-19	6.61492086100303e-18
ENSMUSG00000027978	1647.80925531099	0.651013070054851	0.0723278010333112	9.00086910916899	2.23937802486992e-19	6.62127943276278e-18
ENSMUSG00000003623	5993.75394292617	0.360871876973784	0.0401064396893658	8.99785370551027	2.30173256917699e-19	6.7962849147116e-18
ENSMUSG00000053581	5056.07860663001	0.503124196237712	0.0559766469645103	8.98810885469251	2.51520854599571e-19	7.41641025389338e-18
ENSMUSG00000006344	472.017496509765	0.848477081780065	0.0944155688884078	8.98662256415467	2.54944342585538e-19	7.50704424957635e-18
ENSMUSG00000015357	2213.09934896265	0.370957064329371	0.0412809546980016	8.98615516630308	2.56030421816203e-19	7.52869730781727e-18
ENSMUSG00000096606	3148.01625487122	-0.565780824964412	0.0629695169469996	-8.98499547710712	2.58744941140679e-19	7.59811067924188e-18
ENSMUSG00000032462	2588.73984990495	0.537058232180644	0.0597811222123157	8.9837428991924	2.61708836602796e-19	7.67464738595029e-18
ENSMUSG00000025198	1356.69658460669	0.445444165488086	0.0496148060112759	8.97804912079773	2.75610040063386e-19	8.07127574352067e-18
ENSMUSG00000049807	4011.4226352819	0.37123233981451	0.0413509157306766	8.97760867576404	2.76715283348476e-19	8.09260255089697e-18
ENSMUSG00000044835	1383.77953002227	0.598473433203961	0.0666803627697346	8.97525760726067	2.82689497603682e-19	8.25607177627298e-18
ENSMUSG00000004270	2305.45931986172	0.329487280470008	0.0367508358551338	8.96543637180926	3.09054673583715e-19	9.01381470536417e-18
ENSMUSG00000027944	3286.76041182993	0.368271751000536	0.0410806533258536	8.96460307189829	3.11400391837627e-19	9.06990612101288e-18
ENSMUSG00000039671	4177.41085030919	0.451405760395829	0.0504464801525428	8.94821123358546	3.61289167156986e-19	1.05087171574416e-17
ENSMUSG00000005089	494.073303168817	0.812801924418926	0.0908575923875534	8.94588886916479	3.68968184494897e-19	1.07175521628788e-17
ENSMUSG00000073805	121.861723924491	1.29460961717784	0.14475354498258	8.94354343676789	3.76887103268057e-19	1.09327818361515e-17
ENSMUSG00000037907	5714.3102599262	0.342144837057649	0.0382696228924105	8.94037649703366	3.87846695007591e-19	1.12355157287894e-17
ENSMUSG00000045174	2184.43326789116	0.422243009492888	0.0472314867783305	8.93986275457689	3.89654003163102e-19	1.12726588030986e-17
ENSMUSG00000029145	2258.0710786387	0.295564597824319	0.0330637024647477	8.93924684144034	3.91831709617463e-19	1.13204030668216e-17
ENSMUSG00000061244	5290.25826391089	0.282429933319298	0.0316453999610846	8.92483374097379	4.46369169167651e-19	1.28787104641839e-17
ENSMUSG00000067586	9301.10660756851	0.440635030377042	0.0493869483096451	8.9220947124402	4.57550676749838e-19	1.31836011102175e-17
ENSMUSG00000038250	2066.04469489938	0.31326860658456	0.0351814566748161	8.90436713522459	5.36914767540522e-19	1.54496144772451e-17
ENSMUSG00000042428	10791.8493120244	-0.333944911576071	0.0375086513413751	-8.90314366509103	5.42868428296028e-19	1.5600018315666e-17
ENSMUSG00000056050	9501.98088235257	0.591962946747006	0.0665292565185846	8.89778388823035	5.69728169819628e-19	1.63499798039414e-17
ENSMUSG00000063952	685.444261957213	0.569769225143657	0.0640657107859119	8.8935128972135	5.92067871295198e-19	1.69683964288688e-17
ENSMUSG00000067369	1974.34434465199	-0.295581718364272	0.0332376777624788	-8.89297141865748	5.94961210938879e-19	1.70285831386853e-17
ENSMUSG00000020794	3008.8761210128	0.301548526280135	0.0339423053352123	8.88414983313771	6.44114308276134e-19	1.8410862505267e-17
ENSMUSG00000040652	10592.472259986	0.201133167414923	0.0226400601041188	8.88395024085345	6.45271607862873e-19	1.84194153382772e-17
ENSMUSG00000048027	21482.976761768	0.387753234772529	0.0436662905314316	8.87992156085295	6.69075261888138e-19	1.90735319677168e-17
ENSMUSG00000062526	1295.9254697723	-0.440276492028535	0.0495888250315765	-8.8785425294546	6.77420966601084e-19	1.92858335133407e-17
ENSMUSG00000028291	3829.21014141016	0.306223944055419	0.0344993032985767	8.87623559830129	6.9161266842777e-19	1.96637848218152e-17
ENSMUSG00000050108	24.0465370897272	4.68662749620077	0.528590759344996	8.86626830557577	7.56380907056534e-19	2.14768155434862e-17
ENSMUSG00000058886	2101.67372106886	-0.317571266041224	0.035824509242712	-8.86463688559332	7.67537993534822e-19	2.17648224164049e-17
ENSMUSG00000037411	954.657096351988	3.3211346017843	0.374825243027464	8.86048809028841	7.96648728715612e-19	2.25605034440756e-17
ENSMUSG00000032786	3211.28178180286	0.411849007468703	0.046500814816952	8.85681270510904	8.23346989704193e-19	2.32858583412256e-17
ENSMUSG00000078676	3940.42569780623	0.343735615177508	0.0388598727592289	8.8455157150733	9.1106558832872e-19	2.57328077882425e-17
ENSMUSG00000141611	115.472471581069	1.02778618001546	0.116249434965253	8.84121441383923	9.46837557206339e-19	2.67080354835628e-17
ENSMUSG00000020340	37187.1935653747	0.434913959473004	0.04920928056223	8.83804750859977	9.74058581781573e-19	2.74398182631539e-17
ENSMUSG00000028382	5531.16652314693	0.371480838681184	0.0420375108351972	8.83688951369	9.8420387392649e-19	2.7689279630021e-17
ENSMUSG00000009633	324.405510160619	-0.769876700407598	0.0872372370079999	-8.82509266469545	1.09369213535738e-18	3.07293133214417e-17
ENSMUSG00000002058	2843.31117201786	-0.515819749644792	0.0584775231004118	-8.82082075807276	1.1362377348397e-18	3.18829793674105e-17
ENSMUSG00000031709	15215.1159005393	0.497615379421309	0.0564315115504173	8.81804094467196	1.16479663352704e-18	3.26416769390229e-17
ENSMUSG00000001334	2035.11259143764	-0.782194741718574	0.0887449583702278	-8.81396257413744	1.20798397847773e-18	3.38078019322074e-17
ENSMUSG00000037465	1393.38437546897	0.562490375525628	0.0638443105334702	8.81034458396639	1.24761750734893e-18	3.48715591311877e-17
ENSMUSG00000048004	626.3707774389	-0.897667923534009	0.102047899969176	-8.79653499783092	1.41105572407425e-18	3.93884553614798e-17
ENSMUSG00000135102	504.63099377881	3.25353357634125	0.369984473977795	8.79370299343024	1.4470979607952e-18	4.03420841901686e-17
ENSMUSG00000044067	493.612232509464	-0.627271307725074	0.0714046837562027	-8.78473616474193	1.56731964671221e-18	4.36369436268797e-17
ENSMUSG00000038712	5868.76867658995	0.286835765835887	0.0326840640460192	8.77601284320156	1.69372495067327e-18	4.7095206983358e-17
ENSMUSG00000069355	36.2820388871264	8.36889588527465	0.953825970278476	8.77402812048754	1.723861532611e-18	4.78711664411743e-17
ENSMUSG00000024613	1452.19833125142	0.395922956594953	0.0451688538274866	8.76539745965442	1.86118864601031e-18	5.16179269706167e-17
ENSMUSG00000023277	1506.11232250997	0.444255956496812	0.050715224619492	8.75981443107058	1.95572066974479e-18	5.41696772861183e-17
ENSMUSG00000024525	632.204185068027	-0.46926939468965	0.0535895689157894	-8.75673016566077	2.00996058138971e-18	5.56002755671539e-17
ENSMUSG00000051209	106.506827134373	1.37388226372466	0.156905854399318	8.75609306602541	2.02134835381909e-18	5.58433253064099e-17
ENSMUSG00000028559	7677.02141031272	-0.23517738991748	0.0268645531796998	-8.75418952045672	2.05575399183617e-18	5.67208421449296e-17
ENSMUSG00000074345	233.500376657621	-1.08504770918625	0.123989370222812	-8.75113493387699	2.11217637486102e-18	5.82027959727428e-17
ENSMUSG00000130552	25.0325924931899	4.45872158399354	0.509889821999633	8.74448045757765	2.24044153448786e-18	6.16580999734825e-17
ENSMUSG00000041617	2479.94661966813	-0.5110955683666	0.0584792215680187	-8.73978063767712	2.33563494006375e-18	6.4195569300139e-17
ENSMUSG00000032309	2756.02098784361	-0.386227070690115	0.0442040576989416	-8.73736690239101	2.38606554883133e-18	6.54978044388918e-17
ENSMUSG00000039959	4220.19378225089	-0.517115760628476	0.059193451737053	-8.73602983866508	2.41446224152858e-18	6.61926519497477e-17
ENSMUSG00000019843	5159.97069245548	0.345160358213754	0.0395182732284996	8.73419636070619	2.45394504111888e-18	6.71892656283901e-17
ENSMUSG00000121080	121.727849286974	1.00893709513074	0.115517986913385	8.73402594772747	2.45764699621314e-18	6.72049049945366e-17
ENSMUSG00000035095	1260.84776198754	0.716516125206677	0.0820671039809813	8.73085670688132	2.52750733765211e-18	6.90273187150639e-17
ENSMUSG00000020755	2642.60824344363	0.234923363851838	0.0269099159327998	8.72999248449885	2.54689546129794e-18	6.94684345263298e-17
ENSMUSG00000024493	4674.16107479539	0.505554271233803	0.057971372169181	8.72075737242198	2.7634703138357e-18	7.52800174578643e-17
ENSMUSG00000027646	3341.53343003033	0.375318047437563	0.0430410199914296	8.72000820408756	2.7818163312116e-18	7.56837381061956e-17
ENSMUSG00000024843	4235.85333835973	0.528929740224698	0.0606827750109076	8.71630771878221	2.87421457494939e-18	7.80985950200806e-17
ENSMUSG00000042532	4672.42657312871	0.279810726305056	0.0321237819054117	8.71039179412178	3.02826275263735e-18	8.21803896942014e-17
ENSMUSG00000055976	27.8675246086582	2.70080982083684	0.310131156088985	8.70860527170608	3.07636547984429e-18	8.33803805433555e-17
ENSMUSG00000052316	101.110776234778	1.63106445002817	0.187415288404138	8.70294234753667	3.23388223558101e-18	8.75391123190188e-17
ENSMUSG00000037843	4915.58360587365	-0.598737623663446	0.0688626940049132	-8.69465873090482	3.47873768923639e-18	9.4048593497668e-17
ENSMUSG00000020680	1717.72957577723	0.543277720190987	0.062526059682453	8.68882067653225	3.66221192093449e-18	9.88843284211066e-17
ENSMUSG00000037306	3695.5551369947	0.322783258783805	0.0371612555557784	8.68601595818831	3.75372202030584e-18	1.01227885537544e-16
ENSMUSG00000021340	1075.70472844541	0.778302026629922	0.0897787483505344	8.66911202182392	4.35503338725387e-18	1.17296294467744e-16
ENSMUSG00000033991	2495.58408535157	0.537006992809789	0.061948684974669	8.66857775963079	4.37551314090241e-18	1.1770020687044e-16
ENSMUSG00000121307	89.3284377953325	1.15050859329634	0.132751452163974	8.66663659449261	4.45072683006769e-18	1.19573594661118e-16
ENSMUSG00000027367	3940.5652603075	-0.178623493285814	0.0206186679184069	-8.66319269473038	4.5873202140518e-18	1.23089269643545e-16
ENSMUSG00000029313	2914.97229210227	0.508704153214712	0.0587333307603464	8.66125156923949	4.66612500291112e-18	1.2504748977839e-16
ENSMUSG00000004698	2587.34594239078	0.444039873671106	0.0512716871157356	8.66052784002941	4.69584733610989e-18	1.25687105881465e-16
ENSMUSG00000046761	981.811246798083	0.495227113011333	0.0572610453533751	8.64858666053226	5.21411489958074e-18	1.39385044127522e-16
ENSMUSG00000031491	3026.68841280481	-0.797325547578684	0.092193623840995	-8.64838059683845	5.22353679187832e-18	1.39463234794105e-16
ENSMUSG00000032501	1056.69969655727	0.915423824094312	0.105892094777309	8.64487406750663	5.38646713313527e-18	1.43634662707928e-16
ENSMUSG00000003119	1790.06412248766	0.567934925918467	0.0657796883070852	8.63389505993286	5.92974035600441e-18	1.57925318215869e-16
ENSMUSG00000024975	2343.36630410692	-0.381488968950687	0.0442025372627581	-8.63047672315638	6.10967857973966e-18	1.62515936050423e-16
ENSMUSG00000025027	2834.21961438297	0.279632306767996	0.032414145211966	8.62686043205504	6.30590487830439e-18	1.67527913511983e-16
ENSMUSG00000053825	3422.48811351906	0.420817764857723	0.0487968684101744	8.62386826384909	6.4729578421722e-18	1.71753415377093e-16
ENSMUSG00000022861	2419.16122572855	-0.642175169161151	0.0745406232499383	-8.61510329753893	6.9878564705421e-18	1.85186823452663e-16
ENSMUSG00000019726	5423.15820274216	0.894024198292102	0.103787338447652	8.61400062535594	7.05543077324107e-18	1.86747073956095e-16
ENSMUSG00000031642	824.27574099948	0.531643095567151	0.0617339159401298	8.611847919752	7.18921759637109e-18	1.90053873058746e-16
ENSMUSG00000048304	3522.99251737709	-0.779027690712998	0.0904741791528777	-8.61049747018589	7.27442052762242e-18	1.92069755284063e-16
ENSMUSG00000042197	3086.66397696631	0.393646641724389	0.0457271439600898	8.60859891157775	7.3958928271147e-18	1.95037144259022e-16
ENSMUSG00000055067	2666.42426863283	0.354264510747283	0.0411544275585589	8.6081749100555	7.42329329343286e-18	1.95519526180159e-16
ENSMUSG00000055493	1983.81988989114	-0.287928797611453	0.0334691378000765	-8.60281490761305	7.77843642247005e-18	2.0462244637836e-16
ENSMUSG00000023571	688.216428470385	-0.561807149207702	0.0653139413419203	-8.60164212517241	7.85835080637878e-18	2.06471674920106e-16
ENSMUSG00000038115	79.2521644036433	1.66808533694211	0.194034506840586	8.59684890127591	8.19347516600947e-18	2.15013616031246e-16
ENSMUSG00000026384	1239.95263624575	0.494634556452614	0.0575478231836074	8.59519142669347	8.3126107782858e-18	2.1787362999595e-16
ENSMUSG00000047261	13546.3468501733	0.41177591096487	0.047913827099499	8.59409351938775	8.39246560178511e-18	2.19698373912097e-16
ENSMUSG00000041907	1584.63075369679	-0.326158068156889	0.0379584825977543	-8.59249490063087	8.51009457400028e-18	2.22506321711924e-16
ENSMUSG00000033294	1054.76975329164	0.404938827510588	0.0471693945381907	8.58477899653194	9.10112184812971e-18	2.37669928943981e-16
ENSMUSG00000129057	32.5408558089502	2.91195543200902	0.339673729516911	8.57280142373814	1.00997569617122e-17	2.63428168821524e-16
ENSMUSG00000026159	9527.37386110368	0.405303165729827	0.0473279716513039	8.56371299230739	1.09289691480472e-17	2.84710256956287e-16
ENSMUSG00000074886	4740.57845366371	0.355179124264738	0.0415028050767518	8.55795466373657	1.14887523280988e-17	2.98930372696932e-16
ENSMUSG00000016262	1742.63235964122	-0.446163155030971	0.0521370722354139	-8.55750305687315	1.1533832209712e-17	2.99740002679997e-16
ENSMUSG00000021282	14765.4596208325	0.272463682445915	0.0318591220254746	8.55214033293361	1.20826748362057e-17	3.13623576824657e-16
ENSMUSG00000031073	27.3628515164309	8.04506278216551	0.940946638100315	8.54996708251996	1.23123621069009e-17	3.19199474621661e-16
ENSMUSG00000027433	1940.875616942	0.469349211846853	0.0548994592784973	8.54925017505018	1.23890719102077e-17	3.20800745023546e-16
ENSMUSG00000021094	1716.86504534024	-0.370420648339747	0.0433581212093186	-8.54328181222335	1.30462721030904e-17	3.3741117706619e-16
ENSMUSG00000051359	11774.4933780541	-0.322904168313748	0.0378062071181576	-8.54103579617388	1.33023994916709e-17	3.43621308650069e-16
ENSMUSG00000002797	807.271027609453	0.512891490775997	0.06009980945083	8.5339952898788	1.41378599788944e-17	3.64763584503542e-16
ENSMUSG00000038205	7233.24860235065	0.513947556625381	0.0602765057729999	8.52649884120518	1.50843687656133e-17	3.88716758610631e-16
ENSMUSG00000042271	1891.74996127645	-0.380123788222359	0.0446076762450054	-8.5214882329792	1.57516020131632e-17	4.0542432711578e-16
ENSMUSG00000036667	16341.4360629388	0.509605424015152	0.0598128737362945	8.51999564946371	1.59559315107034e-17	4.1019164767516e-16
ENSMUSG00000029762	368.047181426894	0.929358482099202	0.109102797001374	8.5181911705481	1.6206453231989e-17	4.1613364243765e-16
ENSMUSG00000085905	43.8432914636842	1.83820367257062	0.215804222763592	8.51792262927274	1.62440659865572e-17	4.16601099722147e-16
ENSMUSG00000015839	3848.49803121902	0.339932226775709	0.0399505572315005	8.50882316373993	1.75707575130067e-17	4.50088163215037e-16
ENSMUSG00000049550	4155.11423406005	0.283165226144138	0.0332864345365888	8.50692572173448	1.78605873347415e-17	4.56967065229512e-16
ENSMUSG00000034145	8049.89128890212	0.632399053488061	0.0743725084237479	8.5031292730491	1.84547201377382e-17	4.71605979138915e-16
ENSMUSG00000025236	1336.30514706595	0.404574028945891	0.0475938546302934	8.50055184831322	1.88691502396306e-17	4.81623280670523e-16
ENSMUSG00000042448	1066.67062612063	-0.883549308193645	0.103955468548446	-8.49930571744657	1.9072798383231e-17	4.86243099874627e-16
ENSMUSG00000032373	59.6872408218494	1.69498286863293	0.199665713015555	8.48910332692364	2.08237517725148e-17	5.30252260437489e-16
ENSMUSG00000021477	60385.0061052716	0.333108001954409	0.039269851890526	8.48253777180078	2.20334542496859e-17	5.60391148013932e-16
ENSMUSG00000034006	9918.15683232235	0.336892063824368	0.0397988727024837	8.46486447851936	2.56450712346084e-17	6.51475856949235e-16
ENSMUSG00000120144	1174.94749487868	0.386446489636928	0.045667499818514	8.46217750419215	2.62430669317177e-17	6.65879048175238e-16
ENSMUSG00000000627	7842.2290812389	0.483181138490314	0.0571179608044049	8.45935554570869	2.68859158858075e-17	6.81384970961918e-16
ENSMUSG00000022332	2807.92237463854	0.316291976182552	0.0373909652129497	8.45904817864957	2.69568662057621e-17	6.8237746459067e-16
ENSMUSG00000074656	5724.87759258002	0.279786259899551	0.0330781043769705	8.45835228981086	2.71181832379179e-17	6.85652439794046e-16
ENSMUSG00000040843	3526.70797501731	0.241116130776526	0.0285198073405194	8.45433939639421	2.80671821508728e-17	7.08811920059571e-16
ENSMUSG00000019998	11585.297645185	0.158742468155543	0.0187812402887063	8.45218237535669	2.85907529685986e-17	7.21185785222017e-16
ENSMUSG00000034390	12514.9499550742	0.410090780633857	0.0485350813309606	8.44936836177217	2.92883022570007e-17	7.37913962733307e-16
ENSMUSG00000054499	1794.6845145594	0.337713793105854	0.0399819615386115	8.44665394367197	2.9977062552888e-17	7.54381740633405e-16
ENSMUSG00000105987	663.070974589479	0.572847019946326	0.0678533216592703	8.44243149691201	3.10803575531494e-17	7.81230626739936e-16
ENSMUSG00000056215	941.83402064738	-0.741988467195405	0.0879007752775496	-8.44120503889246	3.14082636401291e-17	7.88549458829253e-16
ENSMUSG00000024907	2047.46171488472	1.69369655406271	0.200835071884187	8.43327083348964	3.36135565719674e-17	8.429306137545e-16
ENSMUSG00000069227	1285.8057474068	0.65973992533762	0.0782795424903617	8.42799924921446	3.51625317239826e-17	8.80745514570608e-16
ENSMUSG00000087044	32.6750327677108	7.82263485835187	0.929543027593482	8.41557047510119	3.90987452236844e-17	9.78197744722156e-16
ENSMUSG00000021974	1054.44838031067	-0.658675556243197	0.0782722773531321	-8.41518323622456	3.92281238796075e-17	9.80292092199832e-16
ENSMUSG00000031751	12000.2788945875	0.178630691240937	0.0212632882221026	8.4008968591817	4.43081447687481e-17	1.10595190186738e-15
ENSMUSG00000128803	328.916988845388	-0.846458012358335	0.100970276273609	-8.38323953937301	5.14905395833758e-17	1.28373510185452e-15
ENSMUSG00000054204	1091.02366535217	1.25382717171038	0.149715832854061	8.37471326718381	5.53584875465847e-17	1.37856762607307e-15
ENSMUSG00000046707	2290.43704528976	0.220570557514493	0.0263734546007526	8.36335477674581	6.09595507660913e-17	1.51628935891647e-15
ENSMUSG00000002504	6244.80614128028	-0.366274704735535	0.0438191854666127	-8.35877483424724	6.33729334544068e-17	1.57449466381053e-15
ENSMUSG00000053797	26.5822034983416	8.11032466417698	0.971327003440773	8.34973663395276	6.84153468740781e-17	1.69780790288897e-15
ENSMUSG00000003541	1453.195976355	0.688984881701883	0.0825247406284231	8.34882819934103	6.89435346622107e-17	1.70893985572634e-15
ENSMUSG00000026994	353.069733337846	0.917716806254498	0.110005304695446	8.34247774500722	7.27498628259518e-17	1.80120940648429e-15
ENSMUSG00000024287	858.603327441449	0.445144262510778	0.0534003167790883	8.33598542780737	7.68553860731433e-17	1.90066557309458e-15
ENSMUSG00000024026	13126.2410079403	0.215992468950197	0.0259208115465261	8.33278188696003	7.8964558289145e-17	1.95057906586282e-15
ENSMUSG00000029475	1009.87460067495	0.534234738056921	0.064168430890562	8.32550727269687	8.3968379571549e-17	2.07179912170445e-15
ENSMUSG00000117926	19.486380051293	3.91017394086509	0.469749720870389	8.32395160048209	8.50783568864527e-17	2.09677612964936e-15
ENSMUSG00000031979	1566.2955549414	0.32938566387272	0.0395937417012104	8.3191345328863	8.86079298184918e-17	2.17971265798825e-15
ENSMUSG00000103280	34.3751692925559	2.82222045586954	0.33924659074318	8.31908273473572	8.86466575246316e-17	2.17971265798825e-15
ENSMUSG00000071537	207.508142327161	-0.81178266475961	0.0975953195046633	-8.31784422531473	8.95776357814271e-17	2.20008413007336e-15
ENSMUSG00000001248	3318.33533111538	0.45547106151051	0.0547892831844779	8.31314145828335	9.32013093305685e-17	2.28646777838855e-15
ENSMUSG00000025555	2785.46221893603	0.46660641666397	0.0561623823630546	8.30816637456104	9.71921950025272e-17	2.3816525775391e-15
ENSMUSG00000047407	249.388298736404	1.25666314753529	0.151269543984029	8.30744321981939	9.77861475778952e-17	2.39239423099342e-15
ENSMUSG00000059832	22.8042470953735	7.83264880926399	0.942856376290693	8.30736155179705	9.78534489337659e-17	2.39239423099342e-15
ENSMUSG00000021109	6523.53992784227	0.283380483197725	0.0341137480537619	8.30692900560585	9.82106659025363e-17	2.39839607993611e-15
ENSMUSG00000089715	12719.6151185381	-0.337958770323693	0.0407156432868175	-8.30046495748512	1.03704724906323e-16	2.52968821004446e-15
ENSMUSG00000029192	3864.08745635899	0.335037984060726	0.040374900428073	8.29817486875513	1.05722983240164e-16	2.57599268811959e-15
ENSMUSG00000054850	705.90285087541	-0.539063894382423	0.0650035166224603	-8.29284202442923	1.10574153403957e-16	2.6911392029131e-15
ENSMUSG00000052369	1293.31043540568	-0.347024850837173	0.0418474734460499	-8.29261176984939	1.10788482156358e-16	2.6933018776539e-15
ENSMUSG00000030203	1160.82437397427	0.420582317178487	0.0507364894814188	8.28954311733603	1.13684300013768e-16	2.76057373766465e-15
ENSMUSG00000052040	8438.22997163679	0.414986662238409	0.050067248523633	8.28858534222278	1.14603319873121e-16	2.77974560948748e-15
ENSMUSG00000049985	760.947041188188	-0.507780787024882	0.0612866095763124	-8.28534635110802	1.17765858440647e-16	2.85323015495138e-15
ENSMUSG00000031684	954.656699706087	-0.429678584527834	0.0518777840446104	-8.28251615678781	1.20599590169484e-16	2.91859166017828e-15
ENSMUSG00000033909	1001.58760325281	0.440123593040396	0.0531652127283057	8.27841309108634	1.24827550431594e-16	3.01750923149165e-15
ENSMUSG00000042109	6567.92041953371	0.46785719438436	0.0565364874207089	8.27531415071582	1.28117382735252e-16	3.09355201101792e-15
ENSMUSG00000029053	7181.5948857509	-0.359403668120473	0.0434556373409143	-8.27058789406104	1.33300061124694e-16	3.21507765404795e-15
ENSMUSG00000024359	18502.0101902154	0.30584618838987	0.0369806963539904	8.27042804879114	1.33478909851252e-16	3.21577809075979e-15
ENSMUSG00000026791	1120.5077864822	-0.350840709250074	0.0424259491780286	-8.26948403152677	1.34539993044851e-16	3.23770794921612e-15
ENSMUSG00000035849	2713.92212127569	-0.280448247436009	0.033918222240136	-8.26836517110115	1.35808375226475e-16	3.26457176104312e-15
ENSMUSG00000036902	2309.43582783013	0.809871790992319	0.0980620720127383	8.25876686439092	1.47185085992903e-16	3.5340884294448e-15
ENSMUSG00000014905	3300.82795535782	0.27919143074261	0.0338149496906131	8.25644968562862	1.50069446623362e-16	3.59931926392971e-15
ENSMUSG00000040420	1335.3410690563	-0.605057112723351	0.0733136068009006	-8.25299885144811	1.54468537823099e-16	3.70069378673062e-15
ENSMUSG00000097974	382.309596956699	-0.596018370859137	0.0722412265950795	-8.25039107101392	1.57877025298101e-16	3.7781362598094e-15
ENSMUSG00000043323	1245.14653556493	0.378480843337576	0.0458944551166981	8.24676624605727	1.62738310269389e-16	3.8901342630765e-15
ENSMUSG00000030533	4221.88751814206	0.367262301590975	0.044536749943255	8.24627531328418	1.6340795038717e-16	3.90179651057954e-15
ENSMUSG00000029419	997.791105354092	-0.685041674898898	0.0830808588966405	-8.24548137798078	1.64496644213717e-16	3.92342773854628e-15
ENSMUSG00000031799	7037.03345883942	0.566054345737133	0.0686911736901036	8.24056884354393	1.71393811979505e-16	4.08339574689463e-15
ENSMUSG00000039182	1280.42330037489	-0.326375262095435	0.0396200987505749	-8.23761859227318	1.75672160156797e-16	4.1806857981439e-15
ENSMUSG00000026824	1420.82602255691	-0.655065699228821	0.0795311232984234	-8.23659558750136	1.77180131858046e-16	4.21190333384808e-15
ENSMUSG00000026158	9517.25884724154	-0.393878574152289	0.0478439443079423	-8.23256902936623	1.83240491997154e-16	4.35115088629526e-15
ENSMUSG00000034586	5915.70424405856	0.333749730246946	0.040542611168291	8.23207288898	1.84001231098993e-16	4.36438721190163e-15
ENSMUSG00000031007	14116.4168911248	0.308017852779857	0.0374664334897069	8.22116823221188	2.01530331524495e-16	4.77488973124151e-15
ENSMUSG00000043673	3462.39030874435	-0.369002183007783	0.0449230155589124	-8.21410091056488	2.13759770729455e-16	5.05905979986601e-15
ENSMUSG00000023010	15629.7760053221	0.381092569473469	0.046419865290563	8.20968710460571	2.2176563830815e-16	5.24275461665501e-15
ENSMUSG00000121914	927.507633985562	0.63000633466738	0.07675260782092	8.20827269006048	2.24393132978154e-16	5.29903519527949e-15
ENSMUSG00000078915	131.056028723825	1.04889619904514	0.12779275102914	8.20779105699015	2.25294826444593e-16	5.31448213676882e-15
ENSMUSG00000030498	858.980446313514	-0.479436387519922	0.0584170576288382	-8.20713002298225	2.26538204609021e-16	5.33794632287294e-15
ENSMUSG00000021279	8335.81064873614	0.326296226803178	0.0397705566802818	8.20446717470654	2.31615789069755e-16	5.45160584229315e-15
ENSMUSG00000034083	1022.63115405367	0.345592777708643	0.0421271848152217	8.20355737570602	2.33376199605491e-16	5.48702464483185e-15
ENSMUSG00000069793	161.135701609712	1.49420134253871	0.182226341523149	8.1997000546098	2.40987562585567e-16	5.65978010772624e-15
ENSMUSG00000028677	4555.56631542124	-0.245025498684448	0.0298994547070654	-8.19498218562985	2.5063027967276e-16	5.87981375241034e-15
ENSMUSG00000020123	93.2867164038169	1.70440172920181	0.207994471629068	8.19445688076459	2.51727187548935e-16	5.89910022699284e-15
ENSMUSG00000001380	9552.59314577084	0.220083655958359	0.0268716402130242	8.1901831899226	2.60828871033296e-16	6.10572796684922e-15
ENSMUSG00000026584	1191.50299211808	0.409842445282454	0.0500441423264092	8.18961872918686	2.62055000707605e-16	6.12028165061383e-15
ENSMUSG00000037977	506.107482616145	-0.80817972527212	0.0986843092370032	-8.18954635768054	2.62212617480947e-16	6.12028165061383e-15
ENSMUSG00000004085	1662.58522956564	0.58547420740936	0.0714908058994904	8.18950353185951	2.62305931173238e-16	6.12028165061383e-15
ENSMUSG00000007739	8963.90514325894	0.184710265791373	0.0225694040561699	8.18410026829567	2.74345586544354e-16	6.39424794870912e-15
ENSMUSG00000056656	171.95851659312	-0.860228939192117	0.105173242999232	-8.1791614926089	2.8582582988775e-16	6.65210011464331e-15
ENSMUSG00000031652	2575.53436377005	0.417308825466264	0.051021511771598	8.17907605980752	2.86028529107229e-16	6.65210011464331e-15
ENSMUSG00000020023	4300.84377974405	0.411143139235212	0.0502711082256025	8.17851751726097	2.87357231685926e-16	6.67576876122303e-15
ENSMUSG00000027463	447.403159767565	-0.70363839918953	0.0860714315088068	-8.17505166179947	2.95739129699384e-16	6.86306611689404e-15
ENSMUSG00000005103	16713.7906223017	0.247577908496417	0.030302283396037	8.17027236068937	3.07694012626654e-16	7.13278582618116e-15
ENSMUSG00000030606	186.098306627737	-0.818722870279217	0.100209528623737	-8.17010998378531	3.0810843820808e-16	7.13468795531245e-15
ENSMUSG00000024798	885.16984280137	-0.481981356785867	0.0590219360172387	-8.16613939341286	3.18415327551847e-16	7.36541316942667e-15
ENSMUSG00000091204	2890.04118873483	-0.546409218112566	0.0669136792748154	-8.16588213403205	3.19094723550774e-16	7.37318335386536e-15
ENSMUSG00000070044	2647.21851184705	-0.33229978324875	0.0407121051652576	-8.16218620726898	3.29014464201344e-16	7.59421988015703e-15
ENSMUSG00000034430	1191.73434482428	0.436666743474471	0.053499723905761	8.16203732646646	3.29420360156284e-16	7.59542153718023e-15
ENSMUSG00000032120	6121.05324235008	0.347859926740786	0.0426490870496754	8.15632762163506	3.45364831072912e-16	7.95450800838104e-15
ENSMUSG00000036940	3100.94973677465	0.378174038677268	0.0463718486481549	8.15525043106763	3.48457075608124e-16	8.01712710075454e-15
ENSMUSG00000026811	3654.44775643671	-0.313497402698943	0.0384877514414635	-8.14538108768826	3.78089239825382e-16	8.68957561251782e-15
ENSMUSG00000029819	176.847397531706	4.89119136793954	0.600500208290481	8.14519512301904	3.78670781526303e-16	8.6936331510627e-15
ENSMUSG00000093904	11785.2030480419	-0.199240684534536	0.024467432577906	-8.14309731518173	3.85292342339222e-16	8.8362023724933e-15
ENSMUSG00000068742	6723.18844806827	0.420575774363119	0.0516546016792582	8.14207758245091	3.8855213390076e-16	8.90145155423022e-15
ENSMUSG00000020601	5844.56035254917	-0.411598349179909	0.0505602706964949	-8.14074654882026	3.92847988265392e-16	8.99027176557026e-15
ENSMUSG00000020021	621.439764266593	0.530510031700142	0.0651993703357377	8.13673550784821	4.06078515298247e-16	9.28315379061999e-15
ENSMUSG00000032652	3041.17018952139	-0.357944157285693	0.0440076046684131	-8.13368871091071	4.16421030362004e-16	9.5094615295221e-15
ENSMUSG00000037251	2069.08075029555	-0.306743369200182	0.0377257440838812	-8.13087658438635	4.26197094280648e-16	9.71988556594035e-15
ENSMUSG00000021831	3073.98442758548	0.44961661017429	0.055298099038751	8.13077877883675	4.26541144280062e-16	9.71988556594035e-15
ENSMUSG00000019907	3706.07704345954	0.414971873802408	0.0510604873406662	8.12706449575759	4.3981139362546e-16	1.00116557535144e-14
ENSMUSG00000038495	6228.4684196388	0.612080889047616	0.0753284676220286	8.1254923718722	4.45550012954036e-16	1.01315429852451e-14
ENSMUSG00000022841	27473.3029174091	0.161171076884597	0.0198555527903927	8.11717903732105	4.77144608215739e-16	1.08385038729725e-14
ENSMUSG00000025468	446.904395658667	-0.581972585609398	0.0717000434114243	-8.11676754879997	4.78764539328472e-16	1.08638050752907e-14
ENSMUSG00000035666	2471.20729383656	0.257822195789726	0.0317744396096472	8.11413824939488	4.89244168264448e-16	1.10898788975339e-14
ENSMUSG00000030788	4765.96925202399	-0.232995409801287	0.0287623857572204	-8.10069831369246	5.4644606893883e-16	1.23734296580601e-14
ENSMUSG00000026880	3429.50166243914	0.954934599401152	0.117890016858718	8.10021598814062	5.48616979444749e-16	1.24094963970084e-14
ENSMUSG00000030092	262.109686935043	-0.812316809263435	0.100349225610121	-8.09489863349283	5.73120574484468e-16	1.2950111844088e-14
ENSMUSG00000027787	1833.43586142569	0.2813749336869	0.0347861467816814	8.08870656048269	6.03016534062209e-16	1.36113069612822e-14
ENSMUSG00000034107	74.0447720508428	1.41601151151428	0.175147323268316	8.0846882789355	6.23233964421287e-16	1.4052878445659e-14
ENSMUSG00000047123	605.39444806649	0.59144801581502	0.0731703605145365	8.08316388843703	6.31077231498744e-16	1.42147994242938e-14
ENSMUSG00000025332	3251.59307640637	0.448162230414095	0.0554650316830104	8.08008607973755	6.47210719590538e-16	1.45629196087322e-14
ENSMUSG00000031337	1121.10731828367	0.371510979681837	0.0460157660363508	8.07355851445256	6.82784323324026e-16	1.53472756905482e-14
ENSMUSG00000040148	40.3753303851325	7.54829730201796	0.935198590616661	8.07133092131873	6.9535966815324e-16	1.56135885319848e-14
ENSMUSG00000070462	3901.71449823678	0.358007217031536	0.0443595680274633	8.0705749165522	6.99679163000841e-16	1.56919121473913e-14
ENSMUSG00000022494	57.9863027641643	1.90730597143035	0.236331610637188	8.07046491278907	7.00309877816122e-16	1.56919121473913e-14
ENSMUSG00000025959	25597.5824478089	0.52629869477954	0.0652171330001777	8.06994528229425	7.03296799436611e-16	1.5742407817212e-14
ENSMUSG00000024640	3571.86141732221	0.343416271775072	0.0425737527561895	8.06638479209812	7.24103469160944e-16	1.61912552802175e-14
ENSMUSG00000049409	1355.45449147821	-0.681827495779215	0.0845571472001541	-8.06351110882762	7.41337895817696e-16	1.65593748924273e-14
ENSMUSG00000121141	9566.59813943474	0.394539668864924	0.049019577160864	8.04861428262	8.37366962385498e-16	1.86849472084897e-14
ENSMUSG00000034928	6708.63417736797	0.327995837573551	0.0407798159857263	8.04309263407064	8.75990564272209e-16	1.9526493720319e-14
ENSMUSG00000028545	367.398931845669	0.656314420401298	0.081669416762526	8.0362324896931	9.26428886929194e-16	2.06293801730519e-14
ENSMUSG00000028771	2490.83935958467	0.380637980868376	0.0473682835226795	8.03571403819456	9.30354976095496e-16	2.06953367014154e-14
ENSMUSG00000038174	4293.84590374017	-0.510461186215108	0.0635751082849264	-8.02926176589994	9.80609302502468e-16	2.17711349145194e-14
ENSMUSG00000074994	1595.56857599065	0.467279496170137	0.0581971920995834	8.02924469913528	9.80745712398224e-16	2.17711349145194e-14
ENSMUSG00000020184	2014.32421823344	0.408879468574148	0.0509548376322199	8.02435033794718	1.02064637434992e-15	2.26334659832597e-14
ENSMUSG00000025893	1164.26948021601	0.431750334034697	0.0538329170806043	8.02019205810888	1.05579953698256e-15	2.33888471216384e-14
ENSMUSG00000033319	2337.27560118625	0.361845361884267	0.0451245484269139	8.01881402692218	1.06771016761173e-15	2.36283159360344e-14
ENSMUSG00000026443	1479.56442065373	-0.569966035562637	0.0711157556465205	-8.01462390972322	1.10474535684952e-15	2.44227227910729e-14
ENSMUSG00000026788	795.72885248144	0.374728622500001	0.0467695516872377	8.01223464800188	1.12642687261954e-15	2.48764189790648e-14
ENSMUSG00000051615	6200.9505771862	0.268272529294506	0.0334890414946921	8.0107556777051	1.14005736716757e-15	2.51515636625067e-14
ENSMUSG00000069895	2815.72060107789	0.301582666390243	0.0376943035658679	8.00074912813419	1.23664515588626e-15	2.72544403657644e-14
ENSMUSG00000029370	147.565977929472	-0.932069079521006	0.116569125485718	-7.9958486060291	1.28684427212642e-15	2.8331691431247e-14
ENSMUSG00000042410	4089.06079031301	0.296472958109879	0.0371095706472422	7.98912390898039	1.35901049484828e-15	2.9889876313948e-14
ENSMUSG00000048703	36.9092502772527	7.39122699207232	0.928255795466283	7.96248946483501	1.68611972189437e-15	3.70463111056136e-14
ENSMUSG00000027799	2642.92152633883	0.395021692735486	0.0496227718123449	7.96049229634557	1.71356124509851e-15	3.76107420115385e-14
ENSMUSG00000016528	2519.72517241786	0.375671762780164	0.0472161444640732	7.95642607087525	1.77079860699052e-15	3.88273369741149e-14
ENSMUSG00000025141	202.814683512808	-1.03192062558962	0.12975620757587	-7.95276499574206	1.82394135378623e-15	3.99517603065054e-14
ENSMUSG00000047109	113.559772579163	1.2303105286557	0.154733978934711	7.95113353334513	1.84812605325425e-15	4.0440238388538e-14
ENSMUSG00000045679	3469.17639901832	-0.403227647118316	0.0507168566276882	-7.95056464319951	1.85663329133297e-15	4.05850206026003e-14
ENSMUSG00000034761	2286.4352515195	0.269556905577145	0.0339118238821451	7.94875871359632	1.88389569419905e-15	4.11390691471788e-14
ENSMUSG00000058672	43117.9895390282	0.315513687742063	0.0397069595418048	7.94605508411894	1.92544832715477e-15	4.20037335271385e-14
ENSMUSG00000047648	1917.89632957089	0.504736321011668	0.0635626389253051	7.94077038879401	2.00929328220299e-15	4.37883143104257e-14
ENSMUSG00000020262	4757.9490945348	0.601329518283509	0.0757386142091613	7.93953684738494	2.02937597648917e-15	4.41811203968727e-14
ENSMUSG00000017221	8503.67243508269	0.197615585641127	0.0249020562920615	7.93571355407004	2.09288538557571e-15	4.55176065722069e-14
ENSMUSG00000026596	3673.49833220713	0.488385951416978	0.0615458202606351	7.93532281069217	2.09948530056159e-15	4.56149306294079e-14
ENSMUSG00000029084	313.902631065965	1.04904286109549	0.132246629698451	7.93247331510466	2.14823888664351e-15	4.66269928621734e-14
ENSMUSG00000040563	2895.17339381064	0.335318431711703	0.0422802041322136	7.93086122912594	2.17631299856728e-15	4.71886210376215e-14
ENSMUSG00000041992	4822.14855656286	-0.378644277566042	0.0477792014603303	-7.92487664073706	2.28372930281435e-15	4.94677429003156e-14
ENSMUSG00000066129	914.519824870788	-0.759075494867846	0.0958225189291925	-7.92168170228087	2.34319518430931e-15	5.07026329505173e-14
ENSMUSG00000034663	909.339554224751	0.424233298856745	0.0535542522205399	7.92156143100877	2.34546326841814e-15	5.07026329505173e-14
ENSMUSG00000051339	4944.669739554	0.452058379016939	0.0570747272612798	7.92046498877658	2.36623999826421e-15	5.11003096607038e-14
ENSMUSG00000113724	26.7426267642678	2.30122535100535	0.290658300380853	7.91728757785353	2.42747854840789e-15	5.23701050453505e-14
ENSMUSG00000040699	1909.9434306626	-0.389313779466377	0.0491765106206258	-7.91666131966446	2.43973130927783e-15	5.25815986796765e-14
ENSMUSG00000040723	794.41923817155	-0.668467260760491	0.0844624990266622	-7.91436754138043	2.48513142129703e-15	5.35063501399819e-14
ENSMUSG00000029090	2057.97766039021	-0.316441821171754	0.0399912854291144	-7.91276943904832	2.51725291392031e-15	5.41436383268672e-14
ENSMUSG00000006575	16806.2312184695	0.23950020708743	0.0302797841941017	7.90957443924196	2.58270232791859e-15	5.54957839550555e-14
ENSMUSG00000028437	4738.55038107681	0.286437649568847	0.0362321532480396	7.90562039214009	2.66602463602459e-15	5.72288848369038e-14
ENSMUSG00000042302	4848.59745404792	0.318822628468605	0.0403488231951487	7.90165866614267	2.75216224525216e-15	5.90188958607221e-14
ENSMUSG00000038323	1974.26193190724	-0.432076879389553	0.054690224858136	-7.90044071880014	2.77918995571377e-15	5.95390135622273e-14
ENSMUSG00000029189	3202.81411765768	0.511275672241619	0.0647400219895101	7.89736636673465	2.84858148470202e-15	6.09647558829646e-14
ENSMUSG00000039804	2044.24387148518	0.379170424441338	0.0480148933856521	7.89693359091457	2.85848570744147e-15	6.11157910318114e-14
ENSMUSG00000020189	5608.62228179879	0.425110244210618	0.0538477507573995	7.89467040370672	2.91083443509559e-15	6.21731064515044e-14
ENSMUSG00000031154	3891.38240122833	0.247238470680834	0.0313180934913323	7.89442916597911	2.91646975900878e-15	6.22315505436208e-14
ENSMUSG00000030854	417.777047814306	0.712571924897852	0.0902802342698072	7.89288963039566	2.95268726350216e-15	6.29417922525694e-14
ENSMUSG00000032263	905.73926146867	-0.471768596730623	0.0597925232094363	-7.89009346667227	3.01960298588587e-15	6.43043627926846e-14
ENSMUSG00000053950	1252.22648181884	0.386122326346407	0.048939720373632	7.88975342316104	3.02784181024345e-15	6.44159091166362e-14
ENSMUSG00000014867	7676.56165863564	0.247818380816421	0.0314206609900349	7.88711545231392	3.09251287366725e-15	6.57266151941992e-14
ENSMUSG00000025786	6987.10018820961	0.267603406224276	0.033931158217016	7.88665699274825	3.10389011806669e-15	6.59031704000193e-14
ENSMUSG00000031155	1345.07981574894	-0.373489692652838	0.047403149410995	-7.87900587394745	3.2999598452738e-15	6.99969743464896e-14
ENSMUSG00000070639	9667.23762844853	0.403205628605447	0.0511859488910756	7.87727173845061	3.34606690996719e-15	7.09049084791271e-14
ENSMUSG00000005583	1644.87427938638	-0.612342405673454	0.077767814721175	-7.87398241636231	3.43527244714841e-15	7.27234303259249e-14
ENSMUSG00000074102	3317.43774153977	0.330995802930597	0.0420489101561338	7.87168565609812	3.49894414205703e-15	7.39983595599962e-14
ENSMUSG00000026102	2632.93400564604	0.299473298790891	0.0380538417554367	7.8697257616074	3.55419485585775e-15	7.5092860999845e-14
ENSMUSG00000116815	108.501700819591	1.58030565190407	0.200849467274345	7.86810975079909	3.60039666667608e-15	7.59942132220932e-14
ENSMUSG00000026458	3775.92807095006	-0.379437468975322	0.0482335301987528	-7.86667422873255	3.64193391203025e-15	7.6795435516347e-14
ENSMUSG00000087231	154.596258733106	0.784211380656377	0.0997113276118538	7.86481736266791	3.69636336819866e-15	7.78666693442125e-14
ENSMUSG00000014668	1275.20751471054	0.393728182687287	0.0500688461367128	7.86373589701295	3.72843210939476e-15	7.84652192747724e-14
ENSMUSG00000120016	48.3866063510025	1.64135506164555	0.208809959043432	7.86052096923283	3.82539073779942e-15	8.04268732395714e-14
ENSMUSG00000048764	25.4813130660961	7.39908345383488	0.94152428455718	7.85862199753545	3.88382338436378e-15	8.15754919459421e-14
ENSMUSG00000067430	734.232018904228	-0.416631664290562	0.0530371614072322	-7.85546686957023	3.98285762670497e-15	8.35738238659324e-14
ENSMUSG00000036718	599.505672878302	0.77146397071111	0.0982509342838347	7.85197592607564	4.0953311672915e-15	8.58499793330853e-14
ENSMUSG00000026834	62.3427641413263	1.82152892153326	0.232015664745234	7.85088766973301	4.13102843410438e-15	8.65138110892534e-14
ENSMUSG00000023341	129.854115103419	1.04092615284986	0.132668838775218	7.84604857070847	4.29350711553896e-15	8.98288730430402e-14
ENSMUSG00000121309	695.115600617409	0.608330285167793	0.0776493306556078	7.83432748269105	4.71358772698818e-15	9.85217859274861e-14
ENSMUSG00000029821	587.776609589434	-0.447185342462874	0.0571298942642715	-7.827519168761	4.97590794984585e-15	1.03903540906022e-13
ENSMUSG00000066043	796.573849931148	0.464579119042404	0.0593535212503533	7.827321939044	4.9837174637573e-15	1.03965480152589e-13
ENSMUSG00000035021	344.467175501895	0.832294116268535	0.106408483318645	7.82168949609205	5.21190391179053e-15	1.08620125602423e-13
ENSMUSG00000016624	100.325810295424	1.16572250197862	0.149225057354839	7.81184154083908	5.63583891792624e-15	1.17266147858572e-13
ENSMUSG00000039620	415.257819479832	-0.674304808355185	0.0863187479863851	-7.81180014869472	5.63769051476969e-15	1.17266147858572e-13
ENSMUSG00000016181	746.614627758084	0.395041898097147	0.0505746119711632	7.81107126086095	5.67039417691923e-15	1.17832218201112e-13
ENSMUSG00000036046	4559.92407312816	0.434139493580603	0.0556308562943516	7.80393332943687	6.00069020140525e-15	1.24575257121243e-13
ENSMUSG00000040734	494.837431568621	0.568666147710363	0.0729355544455254	7.79683039408568	6.3481470143173e-15	1.31661182424478e-13
ENSMUSG00000020149	17897.6356148982	0.150759245294857	0.0193423319461783	7.79426419287793	6.47848739171461e-15	1.34234759025623e-13
ENSMUSG00000029397	1771.5543123629	0.290184047195226	0.0372692014688786	7.7861621864247	6.90752700739277e-15	1.42986475159781e-13
ENSMUSG00000140700	145.026768409262	2.7410626685148	0.352142209528825	7.7839650980279	7.02861555813873e-15	1.45352853151258e-13
ENSMUSG00000034675	7780.06456988163	0.313240199543067	0.0402510300219612	7.78216605568011	7.1293202794945e-15	1.47293541019855e-13
ENSMUSG00000003135	1855.43774987901	0.264982882718656	0.0340624375468687	7.77932825136337	7.29106552071997e-15	1.5049039660363e-13
ENSMUSG00000039178	4548.72590340253	0.324013216827259	0.0416513336077907	7.77917989081275	7.29962019925692e-15	1.50522235540105e-13
ENSMUSG00000033257	387.128125200013	0.895524992446832	0.115122405842911	7.77889400321263	7.31613275063793e-15	1.50717951655656e-13
ENSMUSG00000045725	212.299207671203	0.999388556528962	0.12850906599983	7.77679417987744	7.43854810807688e-15	1.53092879854246e-13
ENSMUSG00000021868	1283.09012914088	0.403167928659902	0.0518569212626766	7.77462137826677	7.56734007020797e-15	1.55594369681115e-13
ENSMUSG00000037253	3539.51713764743	0.367627445943462	0.0472894800037014	7.77397945409185	7.60580809965862e-15	1.56235671451935e-13
ENSMUSG00000026196	123.362693309556	0.978081117804489	0.125836873201066	7.77261142083275	7.68843231720707e-15	1.57781919809911e-13
ENSMUSG00000041915	2654.23335741951	0.361979462667159	0.0465761715693014	7.77177364456769	7.7394664253333e-15	1.58677541820635e-13
ENSMUSG00000022637	2404.6576298647	0.481553093129066	0.0619694892092061	7.77080946243344	7.79861343723428e-15	1.59737629812663e-13
ENSMUSG00000034674	1182.91966697023	0.409725736439479	0.05274259283148	7.76840338033076	7.94815989996965e-15	1.62645567600332e-13
ENSMUSG00000027397	6068.84593705152	0.437838223984277	0.0564044098849781	7.76248213352701	8.32831073333265e-15	1.70262398287351e-13
ENSMUSG00000039313	3027.78552424056	-0.727974564121971	0.0938047496254039	-7.76052989884879	8.45752620518594e-15	1.72739540932941e-13
ENSMUSG00000028036	2208.77888175262	-0.62692109318065	0.0808009614674246	-7.75883209549922	8.57150390724409e-15	1.74901048358271e-13
ENSMUSG00000051980	194.641041389582	0.921802281243196	0.118862922769093	7.75517091258069	8.82245754698649e-15	1.79850782244646e-13
ENSMUSG00000079014	543.411753100038	0.943759148294219	0.121725186183978	7.7531953565288	8.96086010410098e-15	1.82498883296615e-13
ENSMUSG00000027852	5953.39992149896	0.261935622182148	0.0338335124622028	7.74189858279628	9.79431036639194e-15	1.99284043909924e-13
ENSMUSG00000022451	4015.12767279885	0.212710515704952	0.0274812779708133	7.74019737840657	9.92625952594485e-15	2.0177754449236e-13
ENSMUSG00000048385	5510.2397285601	-0.691305266045087	0.0893598922482688	-7.73619180431006	1.02438883727866e-14	2.08037188089155e-13
ENSMUSG00000023266	952.479537451499	-0.429461664913518	0.0555315935599048	-7.73364561292907	1.04509705872473e-14	2.1204209321914e-13
ENSMUSG00000066867	17.2019665759131	3.75397141897987	0.485518288425853	7.73188468584982	1.05965911904026e-14	2.14793603865138e-13
ENSMUSG00000022052	6760.11765724552	0.277085469656802	0.0358490104309925	7.72923621393058	1.08193751745398e-14	2.19102554242143e-13
ENSMUSG00000044550	2292.63538230279	-0.264787932840548	0.034269730144813	-7.72658353951542	1.10471312181079e-14	2.23503976180872e-13
ENSMUSG00000000902	2781.20412702515	0.234508166416801	0.0303519409666006	7.72629884444142	1.10718534250622e-14	2.23793225633131e-13
ENSMUSG00000143703	38.3270510470534	1.51775955174601	0.196510272196947	7.72356342891264	1.13121817854225e-14	2.28435836506001e-13
ENSMUSG00000006024	19613.9798318023	0.217686900373654	0.028198361300152	7.71984222971427	1.16473784963148e-14	2.3498367180629e-13
ENSMUSG00000004127	1209.68842494443	0.38595606907738	0.0500052514682125	7.7183107322783	1.17881539200223e-14	2.37600480795492e-13
ENSMUSG00000000416	616.585306256735	0.746004196845551	0.0966999168546766	7.71463121283411	1.21332552522369e-14	2.44326882968591e-13
ENSMUSG00000074738	1883.31018866261	-0.322646284935153	0.0418374346385303	-7.71190412898813	1.23954236237113e-14	2.49372224467279e-13
ENSMUSG00000001985	1892.6075225675	0.540362047867959	0.0700712497294766	7.71160854065154	1.24241726766053e-14	2.4971656430338e-13
ENSMUSG00000021565	1720.96466358889	0.563034709802902	0.0730163838557505	7.71107359842992	1.24763683005606e-14	2.50531077586374e-13
ENSMUSG00000020451	9701.1375048781	0.287276753130058	0.0372638329003465	7.70926474199026	1.26544662253129e-14	2.53869880366885e-13
ENSMUSG00000039220	2072.16237231899	0.347580834421468	0.045097283605439	7.70735633353198	1.28450778273968e-14	2.57453259237068e-13
ENSMUSG00000117628	52.3781827206947	1.43752868191196	0.186727533675148	7.69853622344118	1.37633720027573e-14	2.75601253182078e-13
ENSMUSG00000085795	2590.45933377979	0.483714111361415	0.0629258947228424	7.68704383929601	1.50573552392308e-14	3.01231302483997e-13
ENSMUSG00000031729	5030.35062409926	0.254646607199793	0.0331365240526975	7.68477124501125	1.53270611650198e-14	3.06341429206996e-13
ENSMUSG00000034255	1846.79671696845	-0.453025334512908	0.0589807405648019	-7.68090278580295	1.57971328532671e-14	3.15443026816959e-13
ENSMUSG00000042506	14179.9972912691	0.359101528931958	0.0467546346905149	7.6805546938603	1.58401199380432e-14	3.1600744850375e-13
ENSMUSG00000031297	396.755936728213	1.03492603785844	0.134846747506093	7.67483129551696	1.65636499425567e-14	3.30134920767802e-13
ENSMUSG00000042757	647.10872065249	-0.688122198798137	0.0896735695646119	-7.6736345183887	1.67190022298919e-14	3.32922172418237e-13
ENSMUSG00000029348	1889.58668195053	-0.299378250024664	0.0390899151986786	-7.65870809652675	1.8781272933819e-14	3.7364115365835e-13
ENSMUSG00000032224	1913.90425865433	-0.459546675923423	0.0600336589693686	-7.65481704451666	1.93587648388756e-14	3.84773375954911e-13
ENSMUSG00000086150	18.5198383430724	2.8876260116275	0.377256095110489	7.65428590565724	1.94389368760512e-14	3.86009453266712e-13
ENSMUSG00000020611	6270.39104316385	0.333014976900865	0.0435151429436434	7.65285264791968	1.96569114939933e-14	3.89977136903938e-13
ENSMUSG00000024515	3309.67589203176	0.300758311066418	0.039341905096714	7.64473175173051	2.09381372347435e-14	4.15012053445064e-13
ENSMUSG00000078812	25701.548803945	0.204860593427305	0.0268042545543353	7.64283867742074	2.12484155049429e-14	4.20773512203971e-13
ENSMUSG00000058835	6452.34013430338	0.200114814953907	0.026186289759306	7.64196901482733	2.13924666789456e-14	4.23235658737554e-13
ENSMUSG00000009739	3037.7053016532	0.35431423417389	0.046368240506433	7.64131289658778	2.15017816721673e-14	4.25006671615785e-13
ENSMUSG00000032047	5879.92111507284	-0.299628569555122	0.0392332677122351	-7.63710460604027	2.22161000088514e-14	4.38721989687216e-13
ENSMUSG00000031994	516.665518629758	0.678851029633809	0.0889093402195135	7.63531736888108	2.25264822234884e-14	4.44442525192464e-13
ENSMUSG00000051351	1770.88056231414	0.326558380137761	0.0428157880279314	7.62705523310061	2.40176707833605e-14	4.7342821031737e-13
ENSMUSG00000034109	3585.96603624535	-0.327006058556025	0.0428813091784842	-7.62584130057534	2.42447950003761e-14	4.77466760989059e-13
ENSMUSG00000074480	103.726125083989	1.09279405639193	0.143326176172694	7.6245253000765	2.44934027112905e-14	4.81920607333238e-13
ENSMUSG00000040661	2459.21101130335	0.419733696436542	0.055063225658899	7.6227589541643	2.48310310776813e-14	4.88116220799914e-13
ENSMUSG00000001052	3677.28589489225	0.336500206559673	0.0441456186986626	7.62250516538502	2.48799161705464e-14	4.88629716849908e-13
ENSMUSG00000021613	1660.95015202683	-0.55145651203285	0.0723673105293049	-7.62024328387248	2.53198048395317e-14	4.96814379054284e-13
ENSMUSG00000026083	4272.00805588728	0.360070400713508	0.0472575098635901	7.61932657376277	2.55002563088969e-14	4.99898175275599e-13
ENSMUSG00000022351	18223.903522092	0.42997415276398	0.0564527159178742	7.61653617143052	2.60573593061858e-14	5.1035335298046e-13
ENSMUSG00000041769	4242.78807784018	0.214854275656818	0.0282330976194642	7.61001426597606	2.74065669880428e-14	5.36289304435119e-13
ENSMUSG00000009555	3013.07795171933	0.215466521307706	0.0283250584857467	7.60692237991776	2.80699774331508e-14	5.48770615282345e-13
ENSMUSG00000021895	1432.39566146924	-0.45177223772353	0.059410217357517	-7.60428521923878	2.86482814866605e-14	5.59566888437356e-13
ENSMUSG00000002307	1288.74880823474	0.277471474158916	0.0365168662327224	7.59844704062467	2.99705459207189e-14	5.84861580667411e-13
ENSMUSG00000035451	22.9344668268795	4.96158964683852	0.653051509539569	7.59754716796637	3.01796234091841e-14	5.8840671762175e-13
ENSMUSG00000020121	5296.93613570702	0.616114205373492	0.0811024951626218	7.59673551520328	3.03694338046169e-14	5.91570114382855e-13
ENSMUSG00000030138	1602.25642190199	0.349463048797365	0.0460212228174306	7.59351941133135	3.11331525062823e-14	6.05896873707938e-13
ENSMUSG00000051341	692.30780860138	0.535876722353002	0.0706240273305351	7.58773950747652	3.25534520923368e-14	6.32964132802629e-13
ENSMUSG00000032322	462.020010221747	-0.829935440613669	0.109410572186099	-7.58551412382717	3.31171242603085e-14	6.43118868173148e-13
ENSMUSG00000030443	277.604776923012	0.679865467091959	0.089627670331182	7.5854416898241	3.31356316127598e-14	6.43118868173148e-13
ENSMUSG00000026039	294.222091742139	-0.636798786790584	0.0839893297164771	-7.58190104552836	3.40527967765015e-14	6.60322796390588e-13
ENSMUSG00000021118	397.204309538348	0.496214592196728	0.0654749003025069	7.57869946963064	3.4903596122781e-14	6.76209922718066e-13
ENSMUSG00000122403	160.903532256167	0.783954651416522	0.103455307632434	7.57771321121419	3.51698751643072e-14	6.80230846349609e-13
ENSMUSG00000038806	1166.17691468746	0.273205747389359	0.0360539331119624	7.57769607384974	3.51745196798689e-14	6.80230846349609e-13
ENSMUSG00000028565	2814.42097198694	-0.372491529145333	0.0491792090995341	-7.57416672544378	3.6143999143412e-14	6.98350212072441e-13
ENSMUSG00000036529	8842.18987692141	0.334793711930901	0.0442372987344463	7.56813190472245	3.78629435761413e-14	7.30904628422167e-13
ENSMUSG00000062203	5836.08275118134	0.258438637281286	0.0341532437004755	7.56703051539695	3.81852225686972e-14	7.36463600772376e-13
ENSMUSG00000071633	35.8010863194419	1.62226832546475	0.214507040727311	7.56277425656639	3.94562031525025e-14	7.60293408322818e-13
ENSMUSG00000027508	1666.31886996335	0.5018222182576	0.0663609841533879	7.5620068728589	3.96897406287667e-14	7.64107598508615e-13
ENSMUSG00000020078	4266.0618840482	0.230389826255587	0.0304935700723249	7.55535759536017	4.17710616831837e-14	8.03456639866686e-13
ENSMUSG00000036052	1187.61296268558	0.462412552747548	0.0612609100097482	7.54824818426572	4.41151668274333e-14	8.47785291958535e-13
ENSMUSG00000026627	1218.99047284559	0.423360028212905	0.0561150283458634	7.54450350810726	4.54013812991396e-14	8.71722764729275e-13
ENSMUSG00000041773	643.170985658297	0.613742514093586	0.0814069117289499	7.53919416740787	4.72884432855272e-14	9.0714363142728e-13
ENSMUSG00000059263	5942.65983007771	0.262457110209789	0.0348158391067651	7.53843988665465	4.75627137329008e-14	9.11590368741471e-13
ENSMUSG00000034910	626.124838111709	-0.401547603114064	0.0533307084809705	-7.52938812461763	5.0978642532529e-14	9.76188707050195e-13
ENSMUSG00000041815	3666.73579666144	0.187596255423934	0.024919624468843	7.52805306751254	5.15024616017658e-14	9.85340321518274e-13
ENSMUSG00000051067	191.983747870654	-0.870116580973033	0.115606985513486	-7.52650522897276	5.21163937277258e-14	9.961981369184e-13
ENSMUSG00000027333	2291.01809318288	0.456282846735939	0.0606473676312627	7.52353918326923	5.33130128769206e-14	1.0181647103345e-12
ENSMUSG00000109953	24.0542569933616	2.67443680285926	0.355491833573977	7.52320180177281	5.34508251708104e-14	1.01920602381206e-12
ENSMUSG00000024816	2018.62005459437	0.349259052983924	0.0464244329761429	7.52317326446194	5.34624980346774e-14	1.01920602381206e-12
ENSMUSG00000050908	6189.33263610557	-0.283631477006878	0.0377121072042276	-7.52096602480706	5.43729791569706e-14	1.03564362962159e-12
ENSMUSG00000069539	3409.42018067706	0.277446804808653	0.0369000706814442	7.5188691968596	5.52520280180766e-14	1.05145393035109e-12
ENSMUSG00000051790	9988.40267028142	0.409004756591256	0.0544267742092612	7.5147712230511	5.70105404166918e-14	1.08395771530975e-12
ENSMUSG00000020423	655.527235760757	0.774501588082523	0.103096351201245	7.51240542519963	5.80506782811351e-14	1.10275739821491e-12
ENSMUSG00000035049	2121.11546661114	0.582140464050099	0.0775011147586788	7.51138181512298	5.85064765192852e-14	1.1104332669876e-12
ENSMUSG00000006527	1674.75000848649	0.34336218610505	0.045720836675562	7.509971625007	5.9140180391129e-14	1.12146918045581e-12
ENSMUSG00000037965	1476.40610366488	0.352072608485479	0.0468825275947499	7.50967634528532	5.92737235798791e-14	1.12300948840749e-12
ENSMUSG00000020841	8587.73814465199	0.47715859518591	0.0635496294784813	7.5084402395687	5.98359902478334e-14	1.13266258082892e-12
ENSMUSG00000052135	191.771262310413	-0.866013370129136	0.115443744319505	-7.50160500453219	6.30410990576049e-14	1.19228214305775e-12
ENSMUSG00000027015	627.54350064319	0.677418196714019	0.0903951999524817	7.49396203637051	6.6825059984523e-14	1.2627348042498e-12
ENSMUSG00000069911	541.927182676349	-0.867924515018253	0.115856922628131	-7.49134790852378	6.81698484392347e-14	1.28701316323361e-12
ENSMUSG00000119946	20.8963249048184	2.43165854873642	0.324608267618909	7.49105550075265	6.8321916436984e-14	1.28875066628849e-12
ENSMUSG00000022075	4414.49510766032	-0.357109950979661	0.0476873183379209	-7.48857271547785	6.96266087691323e-14	1.31220788747866e-12
ENSMUSG00000030609	2739.48591717832	0.401180556197585	0.0535779900167599	7.48778660924179	7.00447861911751e-14	1.31893103542085e-12
ENSMUSG00000047656	320.140623798671	-0.491301207118692	0.0656772703748926	-7.48053633036657	7.4019901409533e-14	1.39256021354692e-12
ENSMUSG00000053475	81.2172205458338	1.34082640372453	0.179246547309311	7.48034717461407	7.41265240847274e-14	1.39334497898665e-12
ENSMUSG00000027261	31.4452445018076	2.21099140733014	0.295657403073055	7.47822102321522	7.53354209784071e-14	1.41482952469159e-12
ENSMUSG00000032239	1840.55348453195	0.335441813326743	0.0448616018876038	7.47725892996773	7.58888013950365e-14	1.42397640799463e-12
ENSMUSG00000062867	2281.02399828126	0.310940094399038	0.0416121481017278	7.47233941489618	7.87814823120905e-14	1.47696358018457e-12
ENSMUSG00000016179	1433.588103244	-0.673437773946975	0.0901560246994476	-7.46969241592017	8.03824894598868e-14	1.50566362892315e-12
ENSMUSG00000038034	6270.88234731633	0.336572601342325	0.0450839855578305	7.46545801525452	8.30103569461792e-14	1.55353123121768e-12
ENSMUSG00000003344	6083.09927429241	-0.29788209976012	0.0399187054420121	-7.46221843774065	8.50776831332867e-14	1.59083409942433e-12
ENSMUSG00000012114	3580.1784523097	0.34033284370784	0.0456260279939299	7.45918193345951	8.70613242026516e-14	1.62650860342395e-12
ENSMUSG00000038331	96.2098566277148	2.35169500410097	0.315315176000358	7.45823602254495	8.76884896547319e-14	1.63680097298128e-12
ENSMUSG00000022476	1773.05162131138	0.347345919441124	0.0465741627460946	7.45791011498645	8.79056024112247e-14	1.63942802898293e-12
ENSMUSG00000001995	2147.30991897696	0.599387223986703	0.080407376964062	7.45438101101842	9.02907208218553e-14	1.6824484489253e-12
ENSMUSG00000036181	6449.45930754864	0.540273135872383	0.0724825197487247	7.45384042587576	9.06616455958873e-14	1.68789495608093e-12
ENSMUSG00000025151	31768.9309514197	0.217971088269806	0.0292436116809361	7.45363092110476	9.08058005267994e-14	1.68911379038845e-12
ENSMUSG00000027171	342.340952361514	0.957042184764525	0.128442969428219	7.45110603581438	9.25609287444106e-14	1.72027090599785e-12
ENSMUSG00000015709	4504.81719201947	0.339242887239582	0.0455400557605636	7.44932964121132	9.38156956408844e-14	1.74208280504085e-12
ENSMUSG00000074093	5355.45472188467	-0.254403574938138	0.0341734492441904	-7.44448045382447	9.7326681487915e-14	1.80571697910076e-12
ENSMUSG00000032602	1554.8758912037	0.369438178325184	0.0496434196005878	7.44183582230121	9.92955830951273e-14	1.84065542894646e-12
ENSMUSG00000075284	3697.66378779473	0.263952347036572	0.0354805406263666	7.43935527409698	1.0117787894888e-13	1.87392955092033e-12
ENSMUSG00000032513	2274.91981330189	-0.253175441215458	0.0340375415686828	-7.43812359963153	1.02125486906164e-13	1.88845315124358e-12
ENSMUSG00000031400	3939.51264996858	0.266842616083433	0.0358750688741034	7.43810742273041	1.02137990710602e-13	1.88845315124358e-12
ENSMUSG00000021852	800.970568098876	-0.493966103609451	0.0664502120433805	-7.43362719876614	1.05659490149024e-13	1.95188176896639e-12
ENSMUSG00000035498	23.927381448864	2.64938558944951	0.356504571448596	7.43156133646246	1.07323213969439e-13	1.9809115314428e-12
ENSMUSG00000024955	2497.19587475927	-0.365156967261715	0.0491381509987696	-7.43123133124927	1.07591354906218e-13	1.98415466015195e-12
ENSMUSG00000039903	942.547829728594	-0.354140048317433	0.0477216137952299	-7.42095709162358	1.16276985839661e-13	2.14166758196654e-12
ENSMUSG00000032314	4178.89670869026	-0.266825869095467	0.0359560258017721	-7.42089436041946	1.16332078662675e-13	2.14166758196654e-12
ENSMUSG00000033565	18158.5536448461	0.374534011201355	0.0504869250748249	7.4184357761197	1.18511619458217e-13	2.17992324189382e-12
ENSMUSG00000066798	914.69204367714	0.33302847178619	0.0449182297974466	7.41410499229247	1.22448888342126e-13	2.25041766879459e-12
ENSMUSG00000121318	562.844239557491	0.414635224612294	0.0559485790979198	7.41100544996165	1.25345432538298e-13	2.30168097080163e-12
ENSMUSG00000021939	111837.897297077	0.255319813992791	0.0344673662659875	7.40758118918827	1.28623742269479e-13	2.35986089876635e-12
ENSMUSG00000010110	2370.60529951899	0.41897799198171	0.056574551785226	7.40576776590783	1.30393849468259e-13	2.39029408427467e-12
ENSMUSG00000028862	440.995483778952	0.844917629625822	0.114098508149195	7.40515930778876	1.30993120266346e-13	2.39923064815477e-12
ENSMUSG00000055675	5518.16353090897	-0.412748838558033	0.0557647188736752	-7.40161246922162	1.34540656429253e-13	2.46210548244702e-12
ENSMUSG00000067931	956.322984929161	0.538024546250555	0.0727247273110356	7.39809644042368	1.38150507973286e-13	2.5260126100124e-12
ENSMUSG00000026749	1764.26730427292	0.324276678036289	0.0438889970574438	7.38856432768016	1.48422615478884e-13	2.71152328839976e-12
ENSMUSG00000070287	1431.86672864185	0.309463940234923	0.0419244699164072	7.38146339958407	1.56559056416284e-13	2.85773529339452e-12
ENSMUSG00000049940	6049.5293126272	0.184760296321147	0.0250390049682707	7.37889930351764	1.59603481342517e-13	2.9108312068806e-12
ENSMUSG00000034154	1000.1366326783	0.425073487647027	0.0576418347178759	7.37439204923854	1.65096689345062e-13	3.00845970584134e-12
ENSMUSG00000031207	28387.2530263816	0.295550271234173	0.0401118440688349	7.36815467089936	1.73006000577411e-13	3.14991247531358e-12
ENSMUSG00000031490	475.969830373546	0.730379816399611	0.0991544106619793	7.36608499332925	1.75711819994706e-13	3.19646604068336e-12
ENSMUSG00000027500	113415.880301751	0.224255656440303	0.0304484328258409	7.3650968416996	1.77018315056252e-13	3.21750647840602e-12
ENSMUSG00000034908	3909.55375860815	0.341029263137652	0.0463207201458866	7.36234803914068	1.80703083970387e-13	3.28170253850113e-12
ENSMUSG00000035431	130.040878975608	-1.34178503015296	0.18225954798883	-7.36194643824747	1.81247701044396e-13	3.2888107782071e-12
ENSMUSG00000027475	7607.01280638066	0.338504415882277	0.0459861903458422	7.36100149493864	1.82535522398585e-13	3.30938135456759e-12
ENSMUSG00000051671	627.813965410954	-0.487018199339229	0.0661786952537771	-7.35913872994395	1.85100586222097e-13	3.35305416358105e-12
ENSMUSG00000004791	420.748503970821	-0.774433497302365	0.105238098828137	-7.35887008532037	1.85473425110449e-13	3.35697516308676e-12
ENSMUSG00000035274	85.262190804592	1.043682642229	0.141916832279024	7.3541850213864	1.92095502224305e-13	3.47390231739421e-12
ENSMUSG00000048834	1371.65743805426	-0.418659763655438	0.0569596419742806	-7.35011227501181	1.98040434360281e-13	3.57839727607559e-12
ENSMUSG00000023074	1783.39827889069	0.401710533065903	0.0546824360669992	7.34624427802942	2.03853671634899e-13	3.68033886906203e-12
ENSMUSG00000032193	15335.5323322997	0.539244556733394	0.0734111191327638	7.3455433332677	2.04924922235158e-13	3.69657006781505e-12
ENSMUSG00000128101	64.7236851185776	1.29767935170513	0.176731369194992	7.34266563777576	2.09381149391132e-13	3.7737831677834e-12
ENSMUSG00000023883	1963.5816824825	0.413349858119537	0.0562991476377432	7.34202693048278	2.1038304837652e-13	3.7886598292369e-12
ENSMUSG00000086754	95.0325216407258	0.99194208095268	0.135115912151172	7.34141571603249	2.11346230459294e-13	3.80281490615189e-12
ENSMUSG00000060147	37286.3117144773	0.183191927660004	0.024967022912159	7.33735569132631	2.17855087547082e-13	3.9166476627183e-12
ENSMUSG00000004677	2215.84720126991	0.508086397339807	0.069287267650429	7.33304133023727	2.24987513104207e-13	4.04149117681581e-12
ENSMUSG00000041827	164.388081870488	1.01944751837336	0.139084970532371	7.32967418744998	2.30712933251158e-13	4.14087276351952e-12
ENSMUSG00000040220	1336.08628677862	0.273492032897027	0.0373281162317335	7.32670331390912	2.35883229523627e-13	4.23013317038779e-12
ENSMUSG00000084883	840.785459838608	-0.435895647213449	0.059511102657158	-7.3246104970468	2.39593577868011e-13	4.29308492697389e-12
ENSMUSG00000042510	369.37671892155	0.457500870766423	0.0625485040837654	7.3143375284201	2.58654248138344e-13	4.63042752795621e-12
ENSMUSG00000035944	909.285575512793	-0.353843733933563	0.0483780684833984	-7.3141352068446	2.59044214865894e-13	4.63042752795621e-12
ENSMUSG00000021703	12199.0577655151	0.368124799297227	0.0503306812161495	7.31412312335458	2.59067523575674e-13	4.63042752795621e-12
ENSMUSG00000027361	883.03230735613	0.326853772751523	0.0447158527158242	7.30957262134142	2.6799338581975e-13	4.78597838602892e-12
ENSMUSG00000045176	3261.36443184889	0.263397097824652	0.0360498736721427	7.30646382342778	2.74264297993533e-13	4.8938964428339e-12
ENSMUSG00000025318	9583.9934460664	-0.404826515644347	0.055411612350873	-7.30580646310987	2.75608636881083e-13	4.91379983329679e-12
ENSMUSG00000017715	7349.85893587318	0.242544006809895	0.0332097805666564	7.30339082858669	2.80604567974726e-13	4.99872004659375e-12
ENSMUSG00000020458	74785.929697026	0.373498209474281	0.0511621052936321	7.30029007466916	2.871479817452e-13	5.11002805408054e-12
ENSMUSG00000034220	10984.2210090489	0.316403787980913	0.0433417657736477	7.30020529466499	2.87328978909681e-13	5.11002805408054e-12
ENSMUSG00000027630	4052.41993445207	0.323664175990573	0.0443636916883711	7.29569978675634	2.97110734245336e-13	5.27961839512449e-12
ENSMUSG00000037979	28900.0963901652	0.359419274470995	0.0492700798764997	7.29487907005458	2.98927449404693e-13	5.30344664880909e-12
ENSMUSG00000028713	207.514942844793	1.22826031076155	0.16837314097036	7.294870807083	2.98945795446706e-13	5.30344664880909e-12
ENSMUSG00000032392	289.230429728158	0.594012738137607	0.0814679433878249	7.29136778757054	3.06823899081599e-13	5.43871330940182e-12
ENSMUSG00000090667	17781.3439866675	-0.376965801905667	0.0517092467077947	-7.29010430254137	3.09715155030685e-13	5.48543359561772e-12
ENSMUSG00000031842	518.166104058393	0.548667796799273	0.0752908660651325	7.28730887920233	3.16207400171533e-13	5.59580218638263e-12
ENSMUSG00000049999	489.671644162661	0.475119978008188	0.0652225261948643	7.28459944327638	3.22627426012975e-13	5.7047119660581e-12
ENSMUSG00000027405	3091.92322879431	0.285186495776909	0.0391682469262747	7.28106356952119	3.31198559091754e-13	5.85144713536098e-12
ENSMUSG00000078794	2063.3139078891	-0.322928448490716	0.0443726510979394	-7.27764603872658	3.39695193912656e-13	5.99662584911931e-12
ENSMUSG00000020312	10986.507257825	0.313092229135627	0.0430397810098262	7.27448471599209	3.47745243338942e-13	6.133688901819e-12
ENSMUSG00000062908	3473.09953219584	-0.276311319154264	0.0380890634263919	-7.25434794920183	4.03601374987783e-13	7.11306002913608e-12
ENSMUSG00000025190	13088.4234231779	0.375046781622076	0.0517276928096359	7.25040614129637	4.155237422953e-13	7.31717198696547e-12
ENSMUSG00000034551	376.167363479142	0.942652172726152	0.130021020785995	7.24999824665035	4.16777026958672e-13	7.33322595138922e-12
ENSMUSG00000034190	5559.4751536849	0.220845295865916	0.0304622223657488	7.24980906561271	4.17359558164504e-13	7.33746132314434e-12
ENSMUSG00000032382	4861.73664638235	0.273668218795446	0.0377602887958167	7.24751392329828	4.2449082715705e-13	7.45672675593554e-12
ENSMUSG00000011832	8618.96592046471	0.347882204819077	0.0480038223721679	7.2469688376477	4.26201974742564e-13	7.48066360574316e-12
ENSMUSG00000036480	12.7514861469803	6.86550755826781	0.947506437744586	7.24586903558169	4.29675148767613e-13	7.53546302569084e-12
ENSMUSG00000099848	17.0350468979227	4.98463662045667	0.688064197076245	7.24443539082199	4.34244352087396e-13	7.60937898931268e-12
ENSMUSG00000021646	776.51682286035	-0.407014222983793	0.0562122255673531	-7.24067084830348	4.46470765515641e-13	7.81724425167925e-12
ENSMUSG00000024410	2364.94895899305	0.279815768766089	0.0386478590765631	7.24013633489405	4.48233929352486e-13	7.8417192563003e-12
ENSMUSG00000039470	21550.5110174962	0.307989574086902	0.0425514631628178	7.23804896927795	4.55185104164046e-13	7.95684319705652e-12
ENSMUSG00000020307	4061.99413349257	0.256576265337546	0.035479060641779	7.23176602470163	4.76753082271782e-13	8.32708027993984e-12
ENSMUSG00000025873	5589.21725045012	0.218073884170228	0.0301559486834814	7.23153784545612	4.77554968312677e-13	8.33430483723572e-12
ENSMUSG00000038612	6084.40333375573	0.30063844814445	0.0415759897425807	7.23105932067677	4.79240942197405e-13	8.35693425281031e-12
ENSMUSG00000111375	1660.58467457366	0.489814602428981	0.0678614506276043	7.21786224578196	5.28111720133738e-13	9.20166086395359e-12
ENSMUSG00000031492	600.767528050282	-1.02499447920087	0.142048020068805	-7.21583080640182	5.36056747562543e-13	9.33105198046682e-12
ENSMUSG00000021149	2222.83835119163	0.218458208741156	0.0302752250184659	7.21574186840595	5.3640725537576e-13	9.33105198046682e-12
ENSMUSG00000045414	2412.46751376506	-0.433086652945626	0.0600249727499456	-7.21510786435166	5.38912415583153e-13	9.36703960559349e-12
ENSMUSG00000035245	1195.18431174901	0.398269544581338	0.0552051483516051	7.2143551185613	5.41901682017745e-13	9.40581947047896e-12
ENSMUSG00000072572	15.3880029446467	4.27022267412251	0.591908794559801	7.21432543893565	5.42019877246924e-13	9.40581947047896e-12
ENSMUSG00000061603	34609.0876880707	0.598962926148437	0.0830362381092909	7.21327145577203	5.46233676104861e-13	9.47128601879399e-12
ENSMUSG00000120996	99.5402033551508	0.925270550212676	0.128373058461003	7.20766928283285	5.69176598948635e-13	9.86113387653866e-12
ENSMUSG00000000827	6482.73833043249	0.273340012124646	0.0379321270983482	7.20602911131101	5.76070924029703e-13	9.97253101227549e-12
ENSMUSG00000030283	6343.74415239806	-0.493365179819322	0.0684847767934992	-7.20401237937821	5.84660546344555e-13	1.01130727540953e-11
ENSMUSG00000022507	6753.84273515083	0.328016081740363	0.0455647339839105	7.19890259550708	6.06990907319859e-13	1.04908750535653e-11
ENSMUSG00000121477	1284.99577157747	0.356015084212799	0.0494620087226383	7.19774819921243	6.12150542319442e-13	1.05715394540862e-11
ENSMUSG00000022241	2591.05753319246	0.280820025196969	0.0390209523407317	7.19664714343318	6.17111876477831e-13	1.06486523637244e-11
ENSMUSG00000028028	345.443917164013	0.511326660377366	0.0710721744389687	7.19447047193488	6.2703634607472e-13	1.08112146223614e-11
ENSMUSG00000070817	135.322286242603	-1.31054493837052	0.182167692236463	-7.1941677598318	6.28428905137024e-13	1.08265287942788e-11
ENSMUSG00000020577	7658.37485353573	0.219564913914879	0.0305287276899424	7.19207548198	6.38137320238375e-13	1.09849684973833e-11
ENSMUSG00000013076	10094.6673256761	0.282287960233682	0.0392661659417764	7.18908896407804	6.52250659276616e-13	1.12189203942563e-11
ENSMUSG00000032812	3545.55115679397	0.40810404076114	0.0567722917987129	7.18843696160937	6.5537232661439e-13	1.12635887614928e-11
ENSMUSG00000024091	8856.25793890384	0.174442544687785	0.0242991897437021	7.17894491658914	7.02514408544579e-13	1.20641394350543e-11
ENSMUSG00000004849	7420.05203850795	0.216017586878442	0.030107459213923	7.17488597571681	7.23674752139749e-13	1.24175877133748e-11
ENSMUSG00000045287	5785.11050453071	-0.491568301628611	0.0685165614788002	-7.17444499576511	7.26011036741702e-13	1.24477259702056e-11
ENSMUSG00000003410	9734.3420939983	0.443899932322874	0.0618881844929614	7.17261196074284	7.35801947568761e-13	1.26055264217965e-11
ENSMUSG00000028126	1419.09060901498	0.297478708606027	0.041516938319218	7.16523714534906	7.76520149204154e-13	1.32924892526446e-11
ENSMUSG00000032420	4749.46031818284	0.46056942965743	0.0642925414126797	7.16365257209441	7.85553425210075e-13	1.34364062355055e-11
ENSMUSG00000090061	2924.4488295402	-0.503098573171253	0.0702666104944895	-7.15985259045201	8.07638592925556e-13	1.38031608564809e-11
ENSMUSG00000022391	17231.9942658009	0.297128515298719	0.0415107891679787	7.15786235950251	8.19447671070928e-13	1.39938454313513e-11
ENSMUSG00000019979	575.461670008251	0.538941337438663	0.0752975709064953	7.15748636975184	8.21697570482658e-13	1.4021112915724e-11
ENSMUSG00000025762	1703.08101428898	0.356406147746228	0.049815788788515	7.1544816696428	8.39896681922182e-13	1.43202717824794e-11
ENSMUSG00000021978	13150.3306723238	0.333340676209532	0.0466196149832211	7.1502237058265	8.66365946590349e-13	1.47598503250067e-11
ENSMUSG00000074890	600.099082945731	0.413586918870555	0.0578614140324953	7.14788820470723	8.81230317066354e-13	1.5001181590917e-11
ENSMUSG00000024873	955.14391533586	-0.467834068767332	0.0654564694276998	-7.14725485284659	8.85304263101985e-13	1.50585905798314e-11
ENSMUSG00000031075	799.153770382997	0.579941207974981	0.0811871973467839	7.14325936758001	9.1143411763175e-13	1.54907717886644e-11
ENSMUSG00000048440	422.336921913391	0.417771661481914	0.0584861054584176	7.14309250389292	9.12541689986087e-13	1.54973258838935e-11
ENSMUSG00000050379	7462.90437376187	0.181188799314052	0.0253728222246941	7.14105816489385	9.26151478747164e-13	1.57160218520052e-11
ENSMUSG00000019297	1077.01504563596	0.321891859378172	0.0450818212572966	7.1401698157009	9.3215686604772e-13	1.58054338756559e-11
ENSMUSG00000032184	2032.41279050093	-0.276809298583008	0.0387744730894605	-7.13895706446747	9.40417004039683e-13	1.59329056106676e-11
ENSMUSG00000024302	5826.70563771248	0.388786969184209	0.0544617215747529	7.13871978230745	9.42041532451451e-13	1.59478419050496e-11
ENSMUSG00000035930	16.0857205442814	4.5452284363996	0.636735402568748	7.13833158650048	9.44705216629849e-13	1.59803326872942e-11
ENSMUSG00000022387	2501.48874445996	0.325478717399423	0.0456121564961963	7.13578884231367	9.62336465834081e-13	1.6265759508342e-11
ENSMUSG00000032411	2349.04539626693	-0.251335716801014	0.0352384353984337	-7.13243122060365	9.86113570510281e-13	1.6654534936722e-11
ENSMUSG00000040363	1832.31279138663	-0.268748366703781	0.0376839706929346	-7.13163612437925	9.91827956135605e-13	1.67378764987476e-11
ENSMUSG00000039041	4237.61131351335	0.239988429286665	0.0336733201866683	7.1269606904305	1.02609380632603e-12	1.73025370358166e-11
ENSMUSG00000026610	1772.36773531653	-0.81738726934287	0.114725341627786	-7.12473162202294	1.04283683698152e-12	1.75710640052161e-11
ENSMUSG00000010067	799.982925481276	0.56451813454899	0.079283623352562	7.12023631965791	1.07742168300842e-12	1.81395559587911e-11
ENSMUSG00000035642	1120.95106094571	-0.30381335189645	0.0426721173018442	-7.1197158966218	1.08149756501532e-12	1.81939080960963e-11
ENSMUSG00000063760	1463.68511164407	0.329841436950379	0.0463476589942443	7.1166795499065	1.10558124624294e-12	1.85845004164847e-11
ENSMUSG00000085224	5269.22908948599	-0.402433095530354	0.0565492183922235	-7.11651030681081	1.10693902347407e-12	1.85927645366936e-11
ENSMUSG00000032898	5313.49788751485	-0.40136992183671	0.0564242987389443	-7.11342330887814	1.13199399330038e-12	1.89987357780969e-11
ENSMUSG00000036712	3460.77258394368	-0.291367818912279	0.040961934293367	-7.11313623095821	1.13435208759126e-12	1.90234389939328e-11
ENSMUSG00000107060	1089.62494827101	-0.516117621508165	0.0725737100919237	-7.11163341180212	1.14677531983018e-12	1.92167673813229e-11
ENSMUSG00000105692	675.742780595765	0.622815788089878	0.0875810783194666	7.11130531891893	1.14950524224194e-12	1.92474879328905e-11
ENSMUSG00000030738	12477.2267756485	0.32791419472595	0.0461560239511473	7.10447232354812	1.20783121480977e-12	2.02083436142685e-11
ENSMUSG00000031785	10868.3238555723	0.468282881656818	0.065939748724907	7.10167828528495	1.23250877693448e-12	2.06051662037972e-11
ENSMUSG00000019947	1641.21065703958	0.474359237899533	0.0668559840373972	7.0952397863771	1.29127399499222e-12	2.15708074525315e-11
ENSMUSG00000032637	4583.40601307364	0.412566081630171	0.0581714620924179	7.09224191365039	1.31956578211602e-12	2.20262823319615e-11
ENSMUSG00000030641	206.581070773891	0.703255385028702	0.0991657653707464	7.09171539592796	1.3245970872759e-12	2.20930855287214e-11
ENSMUSG00000057378	492.292193207172	0.624523720284343	0.0881636713545928	7.08368549867348	1.40370278898939e-12	2.33943199289179e-11
ENSMUSG00000022673	911.457942914578	0.322283263387395	0.0454983677960624	7.08340274604942	1.40657117176123e-12	2.34239385360951e-11
ENSMUSG00000046062	3971.28509079226	0.291376543655978	0.0411416343983126	7.08227925111135	1.41802539324589e-12	2.3596382241408e-11
ENSMUSG00000030403	6207.46401224211	0.211112556486068	0.0298133316816763	7.08114607049506	1.42967105432989e-12	2.37717419459686e-11
ENSMUSG00000071531	1499.21982569096	0.60939166703837	0.0860831894490129	7.07910186575177	1.45091707150014e-12	2.41063358024939e-11
ENSMUSG00000004508	3423.6442139475	0.303885412794877	0.0429627206623366	7.07323484430256	1.51363001961282e-12	2.51288337208111e-11
ENSMUSG00000034780	3370.21368474711	-0.48046965805245	0.0679606368436422	-7.06982277340737	1.55131694004966e-12	2.57345977087373e-11
ENSMUSG00000036461	1718.56540251566	0.358820702339384	0.0507625902813254	7.06860505641667	1.56498850176589e-12	2.59413460840978e-11
ENSMUSG00000103906	253.833591172614	0.557617423396706	0.0789099760365433	7.06650098510323	1.5888904538004e-12	2.63172241367896e-11
ENSMUSG00000009907	11920.792862466	0.315014003601151	0.0446173420413754	7.06034894030727	1.66085008440366e-12	2.74879012427208e-11
ENSMUSG00000022244	845.394460248534	-0.41145630788821	0.0582920998314439	-7.05852609664033	1.68277898046485e-12	2.78293787324025e-11
ENSMUSG00000031311	7514.16751141274	0.247286154045469	0.0350513843318054	7.05496113090983	1.7264897637716e-12	2.85302765736114e-11
ENSMUSG00000046699	1583.09086264153	-0.598587246513069	0.0848701727762998	-7.05297546749223	1.75131737684743e-12	2.89182913933899e-11
ENSMUSG00000028972	14.3973647767786	6.83728456097143	0.969484358889622	7.05249599777182	1.75736469587621e-12	2.89958420919897e-11
ENSMUSG00000031647	7659.08664361258	0.502902908111586	0.0713238940657328	7.05097379635646	1.77669955279816e-12	2.92923445471316e-11
ENSMUSG00000060098	2603.99385601476	0.266040051824638	0.0377386533256648	7.0495375001554	1.79513452114173e-12	2.95735668694002e-11
ENSMUSG00000043850	1011.13207345808	-0.60691912940111	0.0861168858663123	-7.0476204904029	1.82003210693568e-12	2.99607432572709e-11
ENSMUSG00000033174	6164.00197321735	-0.295680904569193	0.0419633329457759	-7.04617302327405	1.8390555541384e-12	3.02507023181111e-11
ENSMUSG00000041986	1265.51520548598	0.350396038909844	0.0497314207512868	7.04576771820414	1.84441717123757e-12	3.03156653888098e-11
ENSMUSG00000023118	7406.76264186164	0.229010519514959	0.0325151717068457	7.04318960944448	1.87888269448556e-12	3.08585278652081e-11
ENSMUSG00000135716	14.4455286761105	2.98793693422531	0.424792070682327	7.03388113960297	2.00866255271909e-12	3.29647938506636e-11
ENSMUSG00000027340	5685.58933023881	0.536403289831952	0.0762668720623267	7.03324097772874	2.01790406742863e-12	3.30911602073514e-11
ENSMUSG00000028479	2667.1406175259	-0.296982865699061	0.0422452080419457	-7.02997758714275	2.06566716963069e-12	3.38485583689255e-11
ENSMUSG00000021929	5501.81453281827	0.266396461491604	0.0379173326255987	7.02571734467826	2.12969209272396e-12	3.48710682398266e-11
ENSMUSG00000025364	3247.21320081404	0.222312866952613	0.0316591726867618	7.02206811126095	2.18607912335569e-12	3.57670537057571e-11
ENSMUSG00000028412	15684.5542065994	0.18265266660098	0.0260595026000766	7.00906189208857	2.3992131269951e-12	3.9224302348878e-11
ENSMUSG00000041313	10777.235082149	0.57332400158061	0.0819250697167418	6.99815091476753	2.59362639658726e-12	4.23704598395298e-11
ENSMUSG00000049493	1213.95993222758	-0.522881853682701	0.0747354959961442	-6.99643250791669	2.62562165220058e-12	4.28605280502949e-11
ENSMUSG00000027984	2364.84638178367	-0.299867951694753	0.0428817790284491	-6.99289904683785	2.69263272641965e-12	4.39210137578452e-11
ENSMUSG00000022296	1516.32092320833	0.307646429145126	0.0439963403518371	6.9925458955197	2.69942161729969e-12	4.39983177197837e-11
ENSMUSG00000029802	6728.54915543523	0.319326717859596	0.0456794384496907	6.9906007756923	2.73711603610427e-12	4.45788564726966e-11
ENSMUSG00000031104	996.719561318158	0.459266313764015	0.0657099315249255	6.98929831618837	2.76264440199726e-12	4.4960519130609e-11
ENSMUSG00000030614	2613.19886042731	-0.223601804252846	0.0320135091726516	-6.98460774940175	2.85652940700021e-12	4.64532274626261e-11
ENSMUSG00000031812	34203.0893301786	0.202721282024716	0.029024556015636	6.98447486726435	2.85923420822684e-12	4.64620147719889e-11
ENSMUSG00000036053	5883.63346761152	0.297534072435857	0.0426033675433244	6.98381582472999	2.87268610766402e-12	4.66452949978183e-11
ENSMUSG00000001098	12673.4200107334	0.179010812887262	0.0256376246091957	6.98234784290644	2.90287296528091e-12	4.70998269635071e-11
ENSMUSG00000033581	214.371688048236	0.963773562133385	0.138034683162921	6.98211159724151	2.90775997633457e-12	4.71434861419924e-11
ENSMUSG00000003200	1519.28085511766	0.310226432144538	0.0444401870798229	6.98076341549402	2.93580343443789e-12	4.7562231338599e-11
ENSMUSG00000135546	23.7288842930792	1.92335763405193	0.275680743067588	6.97675729051696	3.02070886576256e-12	4.89008570983855e-11
ENSMUSG00000056493	2592.86528644772	0.356305627886548	0.051107756390901	6.97165465768681	3.13234710184504e-12	5.06699042111572e-11
ENSMUSG00000027177	7579.84180342041	0.330160872869801	0.0473732090266597	6.9693584127687	3.1838961983539e-12	5.14649968327296e-11
ENSMUSG00000025105	71.3242137616956	-1.75518265193477	0.251847875480407	-6.96921762229169	3.18708377066e-12	5.14777578788469e-11
ENSMUSG00000000552	2723.132202279	-0.423955636694753	0.0608381017845707	-6.96858751767094	3.20138806258032e-12	5.16699219183076e-11
ENSMUSG00000047786	18120.4872777503	0.459408210672717	0.0659725187258324	6.96363000148468	3.31614859760858e-12	5.34819277207106e-11
ENSMUSG00000102796	283.838395514633	-0.881620324453126	0.126613236565945	-6.9630976062597	3.32871018364979e-12	5.36442138154853e-11
ENSMUSG00000051934	2373.34974955024	0.294696958377303	0.0423330040584322	6.96139962027104	3.36908577492391e-12	5.42541599733809e-11
ENSMUSG00000038116	8168.8263014936	0.29587060406733	0.0425028391266338	6.96119624352171	3.37395385821452e-12	5.42918242282106e-11
ENSMUSG00000026171	1302.60066737226	0.402623358840013	0.0578535234253622	6.95935761560735	3.41827795935354e-12	5.49638611801371e-11
ENSMUSG00000030306	17892.8632930491	-0.309171025165524	0.0444266372749123	-6.95913632293104	3.42365104065977e-12	5.5009051825451e-11
ENSMUSG00000049612	1048.71696018987	-0.562489926994905	0.0809667613915501	-6.94717088009411	3.72684187335784e-12	5.98357424483915e-11
ENSMUSG00000049530	175.804101399178	-0.766142994121493	0.110297956800816	-6.94612136383497	3.75465797677588e-12	6.02372855975119e-11
ENSMUSG00000066232	7555.37895127165	0.327489518288922	0.0471484680483399	6.94592065967354	3.76000052431203e-12	6.02779471657073e-11
ENSMUSG00000070934	8058.02508068505	0.199145268453013	0.0286790427619549	6.94393010624453	3.81339226038213e-12	6.1088267359226e-11
ENSMUSG00000029622	18607.9405996659	0.297952420279892	0.0429300125211791	6.94042239407454	3.90929287926934e-12	6.25661686069904e-11
ENSMUSG00000032182	951.91980842939	-0.423339326002707	0.0609968843506409	-6.9403434373654	3.91147853678287e-12	6.25661686069904e-11
ENSMUSG00000022769	773.273869896035	0.536787936187636	0.0773540120600075	6.93936774438049	3.93858647250788e-12	6.2952864645461e-11
ENSMUSG00000032380	725.252043691498	-0.557019468944544	0.0803007479774027	-6.93666600840747	4.01461430802625e-12	6.41203204881633e-11
ENSMUSG00000085558	359.229781212826	-0.519941876430355	0.0749753522088651	-6.93483739805462	4.06688661827311e-12	6.49069056861343e-11
ENSMUSG00000004980	12708.5598006646	0.141310758220763	0.0203776631111015	6.9345909513922	4.07398232454998e-12	6.49718458980607e-11
ENSMUSG00000100666	59.142311588454	-1.17229045531095	0.169095223679714	-6.93272364411315	4.12814176389408e-12	6.57867046056053e-11
ENSMUSG00000120883	76.6292270620907	1.09435623376387	0.157866596156101	6.93215829320695	4.14467797899473e-12	6.60012295972559e-11
ENSMUSG00000019432	4720.81726530651	0.239953753053621	0.0346742173948665	6.92023558372066	4.50893178238653e-12	7.17485023281759e-11
ENSMUSG00000025006	8321.74132316123	0.242196920236206	0.035016044081778	6.91674135634992	4.62150733043262e-12	7.3485389892642e-11
ENSMUSG00000042719	5273.76031140435	0.341792416782605	0.0494287755499595	6.91484692832705	4.68368832591808e-12	7.44189886041136e-11
ENSMUSG00000061613	2164.85450761153	0.244948422052849	0.0354270957225028	6.914154746737	4.70661183169434e-12	7.47279064934547e-11
ENSMUSG00000037434	1181.28573884632	0.406713227266653	0.0588504783136941	6.91095873679609	4.81389078246436e-12	7.63747077135106e-11
ENSMUSG00000039747	3005.25579511722	-0.248205666445835	0.035923133788395	-6.90935450976768	4.86863898487925e-12	7.71862662107961e-11
ENSMUSG00000066406	3808.07766012321	0.489623766507562	0.0708724595597426	6.90851946650489	4.8973779601343e-12	7.75845869315446e-11
ENSMUSG00000054477	516.74551042175	-0.671193436584149	0.09718088017223	-6.9066408474035	4.9626420400268e-12	7.85605265716926e-11
ENSMUSG00000028057	5129.91744552185	0.233036800443891	0.033747804890851	6.9052432061164	5.01174905746702e-12	7.9279443822835e-11
ENSMUSG00000101693	1158.43782931675	-0.445217391901809	0.0644809047239431	-6.90463934722818	5.03311308856764e-12	7.95587669802599e-11
ENSMUSG00000006301	3948.34869964094	0.434550413877633	0.0629998106035756	6.89764635344744	5.28711637459452e-12	8.35123179522046e-11
ENSMUSG00000027286	1545.63885924201	-0.280727799877756	0.0407023238497284	-6.89709513673455	5.30766392056793e-12	8.37372299138548e-11
ENSMUSG00000035376	2154.09242835277	0.283554807605431	0.0411124459851033	6.89705515717005	5.3091572679007e-12	8.37372299138548e-11
ENSMUSG00000041255	19.0925088349867	6.03671177636421	0.875380423621772	6.89610095618555	5.34492178036004e-12	8.42394206587435e-11
ENSMUSG00000037509	3949.57171208479	-0.456963098005833	0.0662707890768528	-6.89539244018813	5.37163041300964e-12	8.45982527114196e-11
ENSMUSG00000044807	1554.91554092043	-0.402754167076545	0.0584476970384131	-6.89084750100326	5.54609690150542e-12	8.7281903290114e-11
ENSMUSG00000020484	5408.09106753388	0.393512683133075	0.0571270592874156	6.88837633236551	5.64327608983033e-12	8.87462011313538e-11
ENSMUSG00000060152	3977.92785787684	0.391174447276535	0.056794786224111	6.88750628856968	5.6778864045651e-12	8.92251168084878e-11
ENSMUSG00000037617	174.012830031084	-0.618846489258273	0.0898797384025734	-6.8852724791704	5.76770287948063e-12	9.05702340972431e-11
ENSMUSG00000051703	574.0654216855	0.390641027498038	0.0567535479343868	6.8831120117752	5.85589449835813e-12	9.18878883784763e-11
ENSMUSG00000057614	7359.93041989231	-0.31432730535804	0.0456819474925232	-6.88077725691283	5.95268667969615e-12	9.3338474993687e-11
ENSMUSG00000019590	3698.04501151154	0.26467557906054	0.0385078789278736	6.87328376502599	6.27405845899978e-12	9.83057948035688e-11
ENSMUSG00000034059	1584.30454673273	0.48342003936422	0.070358524240382	6.87080982131746	6.38384539127624e-12	9.99530453458321e-11
ENSMUSG00000019478	3311.90432075349	-0.345405863600634	0.0502769610253651	-6.87006248103131	6.41737905173743e-12	1.00382654961329e-10
ENSMUSG00000072621	19.2839826470046	2.48601168252338	0.361865395907206	6.86999008648197	6.4206366002937e-12	1.00382654961329e-10
ENSMUSG00000047117	94.86660566665	-0.937021172572248	0.136418120942206	-6.86874416756716	6.47695401063588e-12	1.01189443080284e-10
ENSMUSG00000028795	568.537082370223	-0.47038692841346	0.0684853826474991	-6.8684281262556	6.4913163546937e-12	1.01275028968495e-10
ENSMUSG00000045160	1026.67231233434	-0.379083398135443	0.0551922594896733	-6.86841599964522	6.49186806394524e-12	1.01275028968495e-10
ENSMUSG00000032500	2929.37911088978	0.32824417467667	0.0478178575584578	6.8644684525104	6.67392868463403e-12	1.04039617388783e-10
ENSMUSG00000004105	1975.25647285144	0.870718624544036	0.126911413907229	6.86083779021265	6.84578628542785e-12	1.0664125428374e-10
ENSMUSG00000074577	134.094110687863	-0.668413527035742	0.09750766954106	-6.85498412772829	7.13204375589518e-12	1.11019906645428e-10
ENSMUSG00000038797	339.928360424094	0.555368816433815	0.0810265229148647	6.85416079148979	7.17323635680379e-12	1.11580211329819e-10
ENSMUSG00000026275	7351.21174533019	0.239705487498065	0.0349763340873162	6.85336224487265	7.21341138360028e-12	1.12123887588967e-10
ENSMUSG00000019797	1080.93599759614	-0.24945654926034	0.0364102365097972	-6.85127516799339	7.31945672387732e-12	1.13689911747287e-10
ENSMUSG00000140213	222.751366062181	0.63273482193771	0.0923814313606036	6.84915585977316	7.42870267677331e-12	1.15303348994661e-10
ENSMUSG00000034310	287.25904766435	0.700165778058099	0.102248716906317	6.84767300013756	7.50608948085843e-12	1.16420315604124e-10
ENSMUSG00000019823	5925.29379485536	0.423564242459715	0.0618736964343811	6.84562692822009	7.61416732179215e-12	1.17983269397827e-10
ENSMUSG00000052397	3444.63339481164	0.4798219794565	0.0700924602914101	6.84555767427247	7.61785201646269e-12	1.17983269397827e-10
ENSMUSG00000019890	741.524949089345	1.06733423198356	0.155953393864928	6.84393077657532	7.70491641101457e-12	1.1924566379152e-10
ENSMUSG00000030313	1667.86800005815	0.506027650489219	0.073955946627568	6.84228481365407	7.79399316159155e-12	1.20537361099945e-10
ENSMUSG00000022516	2546.43800470562	-0.301753609366798	0.0441080230728649	-6.8412408524479	7.8510127486604e-12	1.21331778014935e-10
ENSMUSG00000029095	2355.33231542452	-0.359330852177824	0.052561727746682	-6.83635922147758	8.1231105634621e-12	1.25446540543365e-10
ENSMUSG00000046961	313.782494234226	-0.487048493556721	0.0712882772057882	-6.83209796402789	8.36816696838861e-12	1.29138082058540e-10
ENSMUSG00000023186	34265.5217087105	0.347912995362872	0.0509639378729538	6.8266505667237	8.69200636413976e-12	1.34039230325161e-10
ENSMUSG00000025086	800.430286145694	-0.351718499097055	0.0515576448234693	-6.82184960739228	8.98757310277588e-12	1.38497662759646e-10
ENSMUSG00000027599	4629.52811990539	-0.21469223096539	0.0314744330313149	-6.82116277525271	9.03065452839891e-12	1.39061714567153e-10
ENSMUSG00000028465	11573.9351947019	0.526823425315587	0.0772352773516006	6.82102069650519	9.03959161588757e-12	1.39099550986841e-10
ENSMUSG00000025532	2821.29316041695	0.238747287826183	0.0350106230170594	6.8192813281229	9.1497068757354e-12	1.40693128792648e-10
ENSMUSG00000023075	7590.9836267483	0.208380056077387	0.030573094735674	6.81579859281436	9.37415512943312e-12	1.44041241237231e-10
ENSMUSG00000028480	1397.5010632115	0.527333716726169	0.0773806010447714	6.81480512694727	9.43916286931067e-12	1.44936387805882e-10
ENSMUSG00000049086	1665.99640367457	-0.310810688041529	0.0456107842516194	-6.8144122742308	9.46499098566648e-12	1.4522908970573e-10
ENSMUSG00000021643	806.784653084047	-0.411697010718656	0.0604166280928763	-6.81429970050247	9.47240490420386e-12	1.45239031195457e-10
ENSMUSG00000025475	340.504692320124	-0.707361206351535	0.103870150864963	-6.81005274817733	9.75629666926455e-12	1.49485127981751e-10
ENSMUSG00000025484	1156.15342425513	0.354070411499081	0.052000420256304	6.808991345722	9.82853911351778e-12	1.50484608138925e-10
ENSMUSG00000031970	1124.42039836712	-0.516891188951848	0.0759179126719811	-6.8085537491683	9.85847567185579e-12	1.50835380450503e-10
ENSMUSG00000038456	1190.55876797879	0.369599186349807	0.0543652134598877	6.79845001661787	1.05750689096129e-11	1.6168406639156e-10
ENSMUSG00000048481	2836.74397883722	-0.314838114108042	0.0463188580064007	-6.79719076978398	1.06678799398109e-11	1.62986982767246e-10
ENSMUSG00000049907	577.699377968875	-0.657281794280325	0.0967294198480696	-6.7950556853613	1.08270700376781e-11	1.65301483235277e-10
ENSMUSG00000025795	4030.69355820649	-0.300094963876056	0.0441664894760262	-6.79463021481363	1.08590696950071e-11	1.65672203321266e-10
ENSMUSG00000078817	57.2936207866242	1.2526085700915	0.184381060524289	6.7935858841993	1.09380071508731e-11	1.66757998224888e-10
ENSMUSG00000030000	31261.0938850779	0.428081856881414	0.0630476427094515	6.78981542345976	1.12277097320683e-11	1.71053241382952e-10
ENSMUSG00000018476	1519.27239554322	0.387008067136944	0.0570158852629088	6.78772355024205	1.13916664293938e-11	1.73428022392459e-10
ENSMUSG00000001034	1374.71161275292	0.327410997224338	0.0482722057680517	6.78259864066602	1.18033217450098e-11	1.79567756611184e-10
ENSMUSG00000021823	6357.45146592151	0.314688856832495	0.0464181302578788	6.77943844537083	1.20643884811608e-11	1.8340946397776e-10
ENSMUSG00000000690	405.968484956613	-0.626365820876698	0.0924318748821224	-6.77651320689424	1.23110812334802e-11	1.87027367132261e-10
ENSMUSG00000042258	4095.7065258198	-0.354057036944742	0.0522820430679345	-6.77205817080801	1.26963066847179e-11	1.92692947191605e-10
ENSMUSG00000014164	669.959894624486	-0.474418844946481	0.0700560085220828	-6.77199365129311	1.2701971502661e-11	1.92692947191605e-10
ENSMUSG00000025743	16656.0562048392	0.365250514340544	0.0539593973219456	6.76898802559447	1.29686274684599e-11	1.9659926358613e-10
ENSMUSG00000040596	4403.49523741184	0.261811976779354	0.0387057734989182	6.7641582408028	1.34086470457489e-11	2.03126335556842e-10
ENSMUSG00000020412	1382.44323485485	0.383091654356793	0.0566378518343185	6.76388037239552	1.34344024295463e-11	2.03372977822737e-10
ENSMUSG00000002393	1324.93181155653	-0.314417440205269	0.0465045845807518	-6.7609987926955	1.37043666237164e-11	2.07313554576953e-10
ENSMUSG00000028890	1290.29701750206	0.379726608069149	0.0561759689578157	6.75959160320488	1.3838124639612e-11	2.09189565854867e-10
ENSMUSG00000037188	505.869821481311	-0.77443323921018	0.11463560479143	-6.75560826515635	1.42237248199918e-11	2.14867330743099e-10
ENSMUSG00000018841	1916.46169336748	-0.255483334917015	0.0378345980976232	-6.75263773802489	1.45181122915185e-11	2.19160195815567e-10
ENSMUSG00000021696	13292.0591544709	0.346398640752702	0.0512996748331448	6.75245295178546	1.45366209736195e-11	2.19285387083426e-10
ENSMUSG00000024232	546.536817856772	-0.764503868934033	0.113281001869066	-6.7487385909393	1.49136003068992e-11	2.24814146199367e-10
ENSMUSG00000033788	5556.64627670043	0.471315840340177	0.0698401779898245	6.74849139715604	1.49390256136152e-11	2.2503938513815e-10
ENSMUSG00000105157	18.361197767719	5.86563600083936	0.869872266143501	6.74310037132707	1.55042022365188e-11	2.33389344466418e-10
ENSMUSG00000069743	225.017199712519	-0.611495779768232	0.0906867320629597	-6.74294646921115	1.55206404529544e-11	2.33473067948927e-10
ENSMUSG00000072623	1668.09131976303	0.362537538885637	0.0537684937148906	6.74256453617624	1.55615083222272e-11	2.33923905913816e-10
ENSMUSG00000028917	4975.01182031581	0.271061461446891	0.0402132023899373	6.74060868911849	1.57724465217394e-11	2.3692885726778e-10
ENSMUSG00000037060	2911.95299340655	0.554423715288582	0.0822531071764838	6.74045922786844	1.57886806005844e-11	2.37006865574926e-10
ENSMUSG00000063406	1911.27232808839	0.311576455346866	0.0462471929083862	6.73719713030121	1.61471048199535e-11	2.42217856090232e-10
ENSMUSG00000141519	22.6585282796775	2.16281045976031	0.321064156090925	6.7363809342448	1.62380236449061e-11	2.43411603045778e-10
ENSMUSG00000038774	1575.05811188621	0.445706685794206	0.0661666398398386	6.73612392699815	1.62667561907989e-11	2.43672148214716e-10
ENSMUSG00000001415	6947.44990751393	0.255368964571253	0.0379290735136829	6.73280259479919	1.66425792368412e-11	2.49128037585797e-10
ENSMUSG00000032763	1631.09131669442	-0.229679430890576	0.034137360623278	-6.72809574897129	1.71897799314429e-11	2.57139941469236e-10
ENSMUSG00000046532	2176.54320480771	-0.443570490002061	0.0659412341127343	-6.7267544499353	1.73489140597374e-11	2.59219160359512e-10
ENSMUSG00000071757	784.748871899918	0.593486139095535	0.0882281513420382	6.72672078093011	1.73529271143492e-11	2.59219160359512e-10
ENSMUSG00000032816	702.133724608279	-0.445507179399094	0.0662436483193279	-6.72528145266885	1.75253352572798e-11	2.61612549814164e-10
ENSMUSG00000124749	64.0934809566247	1.35749381893753	0.201880272756823	6.72425195587441	1.76496800429307e-11	2.63223808754555e-10
ENSMUSG00000030779	3043.77314947715	0.343600902652003	0.0510992637687549	6.72418499426799	1.76577976617236e-11	2.63223808754555e-10
ENSMUSG00000093536	255.418226378416	-0.5697207783325	0.0847305450902575	-6.72391258342097	1.76908591780518e-11	2.63533645465691e-10
ENSMUSG00000047787	516.350146464623	-0.511747384194089	0.0761183089791649	-6.72305245685587	1.77956479674519e-11	2.64910803931569e-10
ENSMUSG00000002968	3130.09216163278	0.233485837776055	0.0347775536386958	6.71369355653192	1.89758615506962e-11	2.82284022208762e-10
ENSMUSG00000034648	16798.2645058488	-0.509570519772069	0.0759496943050702	-6.70931627091554	1.95538446525588e-11	2.90680629717332e-10
ENSMUSG00000023852	1353.95177894858	0.3487959530761	0.0520592707677155	6.69997769719827	2.08451351855507e-11	3.09662056673378e-10
ENSMUSG00000073478	678.495752659868	-0.422849185069544	0.0631208900390433	-6.69903711446386	2.097973095349e-11	3.11445992149113e-10
ENSMUSG00000019087	19835.3249016528	0.206365711344869	0.0308249846337305	6.69475471916541	2.16033678550175e-11	3.20482304337115e-10
ENSMUSG00000030110	57784.5576593071	0.471411003553504	0.0704322335293105	6.69311450072537	2.18470059290797e-11	3.2387281027184e-10
ENSMUSG00000030082	7500.72686034297	0.166342123752649	0.024863420139373	6.69023500468602	2.22812491014951e-11	3.29915275843594e-10
ENSMUSG00000021125	344.078907532291	0.864321692101983	0.129192048392316	6.69020812703045	2.2285341934837e-11	3.29915275843594e-10
ENSMUSG00000023068	5790.85620662743	0.221942648017164	0.0331750135670646	6.69005447634553	2.23087534465909e-11	3.30034253262936e-10
ENSMUSG00000035355	15.6365123801946	2.58781898550678	0.387059415250945	6.68584430074902	2.29597034918462e-11	3.39430437435241e-10
ENSMUSG00000047586	51.7007838508735	1.26783592019931	0.189641253746026	6.68544367407124	2.30226060623204e-11	3.40126126451321e-10
ENSMUSG00000062169	2835.45003650317	0.312840720622169	0.0468012505847856	6.68445216128196	2.31790102791631e-11	3.42201261796779e-10
ENSMUSG00000018820	5846.53273576642	0.207882428387604	0.0311123588160267	6.68166723123929	2.3623898550637e-11	3.48529626314759e-10
ENSMUSG00000029599	3980.13529147688	0.214129410739555	0.0320794258985062	6.67497639817569	2.47271956609206e-11	3.64556306358051e-10
ENSMUSG00000009470	5827.95613589163	0.284255148497615	0.0425927386886419	6.6737936382902	2.49274073414206e-11	3.6725581742686e-10
ENSMUSG00000020740	4376.64184909387	0.32057625145656	0.0480366487229462	6.67357652915174	2.49643304809051e-11	3.67547543280596e-10
ENSMUSG00000070305	838.10031018531	0.381934703496468	0.0572391659060185	6.67261126976536	2.51291386091484e-11	3.69720417672365e-10
ENSMUSG00000023045	80.0773624975503	1.02003836577758	0.152876852116183	6.67228786868514	2.51845938561065e-11	3.70282528572042e-10
ENSMUSG00000034509	884.187855038928	0.308524038714491	0.0462411050210826	6.67207322519275	2.52214660022623e-11	3.70570834500043e-10
ENSMUSG00000069495	1387.49195289062	0.303207599023291	0.0454538467122327	6.67066972225457	2.54638700309977e-11	3.7387649390246e-10
ENSMUSG00000025933	1316.62232297513	-0.274659640161991	0.0411751142182715	-6.67052527665146	2.54889468032604e-11	3.73988880436629e-10
ENSMUSG00000032583	1913.47980589823	0.226459505707191	0.0339595361291218	6.66850998335609	2.58413475996501e-11	3.78900524299241e-10
ENSMUSG00000034839	1700.47289158859	-0.331145751416637	0.0496597259326561	-6.66829599232395	2.5879045691208e-11	3.79194262667216e-10
ENSMUSG00000031198	2676.32337123885	-0.288145079084163	0.0432524059882433	-6.66194336478034	2.70230170413027e-11	3.95686278177765e-10
ENSMUSG00000030088	786.166557514675	0.371693026264741	0.0558121016632473	6.65972101368661	2.74347856851789e-11	4.01441792445842e-10
ENSMUSG00000030986	1961.54106697484	0.364852754549831	0.0547942246649545	6.65859872606583	2.76450564533611e-11	4.04243039392268e-10
ENSMUSG00000024732	551.881545877175	0.428898070518153	0.0644366843206611	6.65611638835722	2.81157639167029e-11	4.10846145837948e-10
ENSMUSG00000029420	1496.56257821028	-0.388753928977927	0.0584344223600784	-6.65282402523617	2.87521898374075e-11	4.19860208877408e-10
ENSMUSG00000027879	4867.14356468702	0.214760591907988	0.0322892980600779	6.65113845176817	2.90834531374118e-11	4.24408840956955e-10
ENSMUSG00000053930	392.307869562056	0.891899534608572	0.134130488521519	6.64949143509218	2.94107461399407e-11	4.288933944565e-10
ENSMUSG00000027833	1135.49471313026	-0.621134696110519	0.0934355466253435	-6.64773438529916	2.97638791039486e-11	4.33748424199158e-10
ENSMUSG00000085355	36.5407707302343	1.47117715753478	0.2213545118712	6.646248793839	3.00656892369413e-11	4.37849447191439e-10
ENSMUSG00000028207	5352.01045126066	-0.265211127671383	0.0399126250858474	-6.64479289700803	3.03643719982872e-11	4.4189939614592e-10
ENSMUSG00000057455	4878.76607102641	-0.24570167505711	0.0369792703381758	-6.64430836006676	3.04644191961644e-11	4.43055028770234e-10
ENSMUSG00000061079	620.765003583324	0.327687060791074	0.0493790439482533	6.63615644593025	3.21968116608607e-11	4.67932809148298e-10
ENSMUSG00000004446	1653.80467133451	-0.316030457113831	0.0476242351693824	-6.63591669220142	3.22491953978853e-11	4.68377015163062e-10
ENSMUSG00000063060	97.2018024173074	0.944694481666142	0.14236901631894	6.63553423414686	3.23329312746821e-11	4.69275661083385e-10
ENSMUSG00000030683	9313.16309374315	0.513430602463732	0.0773885462896254	6.63445208729243	3.25710124378682e-11	4.72411724994107e-10
ENSMUSG00000020134	1266.83393912531	0.350824720976177	0.0528941327624917	6.6325829095539	3.29862942872191e-11	4.77844840568126e-10
ENSMUSG00000036432	1078.45100230958	0.308356554027695	0.0464912923269526	6.63256576864245	3.29901264195455e-11	4.77844840568126e-10
ENSMUSG00000008590	1145.29902757662	-0.60768935306006	0.0916270058461785	-6.63220791128149	3.30702308841312e-11	4.78682114739554e-10
ENSMUSG00000038611	2371.24592908818	0.294518016517164	0.0444112265871944	6.63161185019118	3.32040787666206e-11	4.80295656876198e-10
ENSMUSG00000061911	8350.92886745392	0.459182124979357	0.0692605265880086	6.62978102535619	3.36185214698317e-11	4.85963085435292e-10
ENSMUSG00000069662	6552.2472916983	0.500986168922557	0.0755848420180433	6.62813013226863	3.39965709222783e-11	4.91097167844971e-10
ENSMUSG00000022860	104.2472104517	-0.890878320515742	0.134452958624713	-6.62594806115329	3.45026480894041e-11	4.98072524470174e-10
ENSMUSG00000034156	670.314876503343	-0.626382806207505	0.0945692668965068	-6.62353454524498	3.50709916367563e-11	5.05936765103905e-10
ENSMUSG00000021708	3127.45784311896	0.603980976470732	0.091228001922188	6.62056565686808	3.57826936687455e-11	5.15857153991465e-10
ENSMUSG00000024901	2802.6126884463	-0.363320608765892	0.0548892235725113	-6.61916101410922	3.61243211815667e-11	5.20324980353452e-10
ENSMUSG00000057229	1171.04986989197	-0.306017797752964	0.0462326940298813	-6.61907777978884	3.61446647226174e-11	5.20324980353452e-10
ENSMUSG00000024145	321.841954817587	-0.459879841738919	0.0694788196930698	-6.61899329566173	3.61653251973983e-11	5.20324980353452e-10
ENSMUSG00000075600	212.287079831129	0.662332037055803	0.100091474831011	6.61726723653587	3.65899694708653e-11	5.26081905332615e-10
ENSMUSG00000054988	393.78502891115	-0.684038244231236	0.103456274831651	-6.61185844304116	3.79524839447381e-11	5.45306573197957e-10
ENSMUSG00000086555	179.3210735346	-0.625281180621724	0.0945789825791434	-6.61120646015081	3.81200391501209e-11	5.47347665817054e-10
ENSMUSG00000022801	2172.56699022605	0.426958153911718	0.0645905084090479	6.61023058075062	3.83721869728916e-11	5.50599843288831e-10
ENSMUSG00000038070	1168.78259922496	-0.249068402759888	0.0377025298598793	-6.60614562697904	3.94454886254782e-11	5.65622484191393e-10
ENSMUSG00000045441	180.052629690959	-0.915249753237802	0.138637037170262	-6.60176942553795	4.06279073179272e-11	5.82188690578521e-10
ENSMUSG00000038683	6105.68370233261	0.273433649903662	0.0414208324204593	6.60135574118986	4.07414596442647e-11	5.83426399415468e-10
ENSMUSG00000025189	1674.12423072934	-0.547441661854839	0.0829438259635095	-6.60014962531005	4.10743021860402e-11	5.8780064715036e-10
ENSMUSG00000031921	1325.56140025181	0.241607566506761	0.0366195483514925	6.59777570678077	4.17372044718253e-11	5.96889294598402e-10
ENSMUSG00000015120	4798.30408027437	0.169078026789292	0.0256270662145089	6.59763491357304	4.17768472598847e-11	5.9705845757702e-10
ENSMUSG00000024240	1215.21884750139	0.32852314126238	0.0498094665711215	6.59559645741821	4.23549552051287e-11	6.04917810002191e-10
ENSMUSG00000032041	639.923779119963	0.448928647637823	0.0680760565636727	6.59451605011716	4.26645258854885e-11	6.08933984479984e-10
ENSMUSG00000133734	59.5015102300527	1.02925686968035	0.156104945654273	6.59336490183887	4.29968020870548e-11	6.1326867348885e-10
ENSMUSG00000097842	150.505559260535	-0.617879345286532	0.0937961790509873	-6.58746818407874	4.47389812824891e-11	6.37431248786055e-10
ENSMUSG00000040850	7403.63513174083	0.308304513670918	0.0468019360186299	6.58743077526097	4.47502511842255e-11	6.37431248786055e-10
ENSMUSG00000029430	13331.6805838899	0.17258138906186	0.0262045547825591	6.58593097627152	4.52043806608823e-11	6.43472967683355e-10
ENSMUSG00000020910	1020.61158976144	0.281754252515866	0.0427872054357851	6.5850117960782	4.54849277160033e-11	6.47037414414663e-10
ENSMUSG00000066607	7620.28485818362	-0.309352037748738	0.0469828346219123	-6.5843629963625	4.56839755641674e-11	6.49438555934051e-10
ENSMUSG00000028455	2343.58603924478	-0.284952693061423	0.0433093053432275	-6.57947964769153	4.72097522443301e-11	6.70426510611203e-10
ENSMUSG00000030967	3596.55830534749	0.250899876464638	0.0381339343384492	6.57943851892731	4.72228120769654e-11	6.70426510611203e-10
ENSMUSG00000020610	3223.53837768491	-0.19950892913979	0.0303251167803268	-6.57899953312696	4.73624259265876e-11	6.71964200224805e-10
ENSMUSG00000014606	5642.72833032813	-0.195719314020907	0.0297579018695468	-6.57705354627841	4.79862005233576e-11	6.80364452070273e-10
ENSMUSG00000020919	3338.54397296283	0.285090567271736	0.0433573037084954	6.5753758395238	4.85304254928645e-11	6.87206014842157e-10
ENSMUSG00000030663	5398.7577660443	0.200987027521672	0.0305666552900673	6.57536866936773	4.85327643017195e-11	6.87206014842157e-10
ENSMUSG00000039756	1674.96164931534	0.262276488803944	0.0399255234807785	6.56914339345388	5.06055339569783e-11	7.16083317020763e-10
ENSMUSG00000012428	855.959900241059	1.11869729963318	0.170318951263658	6.56824910753126	5.09103218863309e-11	7.1992158735967e-10
ENSMUSG00000039318	7504.90222218805	0.374299215593159	0.0570077673568556	6.56575819309203	5.17687664201319e-11	7.31578893992463e-10
ENSMUSG00000032625	7576.90757486225	0.494721012676811	0.0753625284236519	6.56454902754493	5.21905708860536e-11	7.37054470157912e-10
ENSMUSG00000041653	234.081362919333	-0.677630066655743	0.103426836670588	-6.55178180508392	5.68545739751255e-11	8.02393349737044e-10
ENSMUSG00000079685	61.8901256632935	1.2628968733585	0.192813615107038	6.54983245170432	5.76016725221392e-11	8.12403089592799e-10
ENSMUSG00000042901	4372.65657669644	-0.193533557130556	0.0295494427629288	-6.54948246175909	5.7736820826196e-11	8.13774521244335e-10
ENSMUSG00000030500	17935.1962945248	0.309659187119424	0.0472993562810936	6.54679495592205	5.87849851567316e-11	8.28004259432022e-10
ENSMUSG00000029569	1748.62034851775	0.227414776476928	0.034742683529031	6.54568828245233	5.922199288172e-11	8.3361265521246e-10
ENSMUSG00000050786	1191.55268395081	-0.423894041423494	0.0647945120092462	-6.54212877416229	6.0649242951007e-11	8.53143282559841e-10
ENSMUSG00000036943	2971.40408857458	0.291565209557653	0.0445705807349328	6.54165157262881	6.08431250552404e-11	8.55310099826974e-10
ENSMUSG00000062937	1352.0338929202	-0.309012872379896	0.0472426172392008	-6.54097699150089	6.11182350380783e-11	8.58615205057191e-10
ENSMUSG00000048076	19511.4986514038	0.0865208275242198	0.0132303772708133	6.53955860465807	6.17006609744426e-11	8.66230469900186e-10
ENSMUSG00000053510	8316.23608675382	0.181990065099774	0.0278418625495363	6.53656215621267	6.29489839971539e-11	8.83178359792749e-10
ENSMUSG00000026109	6233.36578072693	-0.230177164758261	0.0352296078348258	-6.53362835707534	6.41951263381773e-11	9.00073534928357e-10
ENSMUSG00000062901	3817.77021870007	0.329454615157204	0.0504253085532542	6.53351708912732	6.4242859648337e-11	9.00154846743604e-10
ENSMUSG00000073530	817.024337825632	0.768113241178871	0.117584970308012	6.53241004498118	6.47196700539708e-11	9.06244251388479e-10
ENSMUSG00000068615	124.157704587294	-1.01358572997183	0.155167753674136	-6.53219310051002	6.48135140770256e-11	9.06966683948782e-10
ENSMUSG00000024065	19412.2958405228	0.271116494536448	0.0415098162829925	6.53138266592451	6.51652637541091e-11	9.11294821984173e-10
ENSMUSG00000027907	4086.26799465343	0.574716417790633	0.0880370928403298	6.52811672044849	6.66017884076625e-11	9.30777337212814e-10
ENSMUSG00000049932	1126.2896469811	0.285184869286057	0.0436943976486573	6.52680628714012	6.71868480243387e-11	9.37996516862841e-10
ENSMUSG00000027207	1281.144570193	-0.246581793773094	0.0377800987865199	-6.5267641349068	6.72057506258758e-11	9.37996516862841e-10
ENSMUSG00000106416	61.1331414696688	1.12992862738593	0.173214322978789	6.52329788873345	6.87780712920661e-11	9.59317789704672e-10
ENSMUSG00000041168	3788.87339434808	0.206183955011623	0.0316108876180861	6.52256138779397	6.91167596552661e-11	9.63415819973989e-10
ENSMUSG00000032185	3842.58952219555	0.290018686403861	0.0444963037853826	6.51781522804	7.13387902944705e-11	9.93743330604221e-10
ENSMUSG00000006456	752.628079100028	0.357266205459709	0.0548253662533984	6.51643992323651	7.19956250643557e-11	1.00224259898279e-09
ENSMUSG00000021171	4593.89269493851	0.233674874182917	0.0358923478500321	6.51043713159343	7.49324251672421e-11	1.0424494093584e-09
ENSMUSG00000026473	28149.0181638559	0.429929178992396	0.0660585884738372	6.5083010237597	7.60054964119413e-11	1.05669299610021e-09
ENSMUSG00000024087	3729.82132705603	0.561398952004955	0.0862943218984483	6.50563026227396	7.73683073919012e-11	1.07494374529097e-09
ENSMUSG00000017204	41.3015800829003	1.31894949744461	0.202803131310484	6.50359532873953	7.8422685328339e-11	1.08888833328469e-09
ENSMUSG00000032370	726.660555552266	0.316142977515078	0.0486137573901645	6.50315866304626	7.86507630682551e-11	1.09134924371245e-09
ENSMUSG00000021266	8745.21318014107	0.264475314125533	0.0407208838000771	6.49483236719514	8.31259178007566e-11	1.15270087306915e-09
ENSMUSG00000022781	3344.49343368163	0.260400617273384	0.0400989259113342	6.493954921615	8.36117757703185e-11	1.15868972155304e-09
ENSMUSG00000113768	34.5165009833843	1.53379309152508	0.236240665577508	6.49250241390749	8.44221657854239e-11	1.16916529725801e-09
ENSMUSG00000020669	1589.23375412123	0.253491893703987	0.0390590512417533	6.48996546626327	8.58560516215861e-11	1.18825661128882e-09
ENSMUSG00000020083	1512.93801540548	-0.340882901240397	0.0525335697876328	-6.48885850739666	8.64891427600738e-11	1.19548923881488e-09
ENSMUSG00000040687	10526.5513637905	0.409298975828014	0.0630772071637043	6.48885697754118	8.64900208646003e-11	1.19548923881488e-09
ENSMUSG00000020175	860.424148011782	-0.405332572913052	0.0625110822113968	-6.48417142327369	8.92207346569099e-11	1.23244034114879e-09
ENSMUSG00000001517	153.58106104738	0.716011774255392	0.11044185899815	6.48315575951495	8.98236803263586e-11	1.23997113947628e-09
ENSMUSG00000032807	98.093704740307	1.38734147314485	0.21400601417278	6.48272189222103	9.00824570474321e-11	1.24274423070706e-09
ENSMUSG00000035969	11486.9021109239	0.332408759132057	0.0512804038242218	6.48217904584922	9.04072601957402e-11	1.24642405097094e-09
ENSMUSG00000022131	1240.44115575977	-0.256998163369591	0.0396984668306281	-6.47375538370445	9.55966215922837e-11	1.31712264383823e-09
ENSMUSG00000021699	2054.51144331722	-0.465828474685986	0.0719717337618035	-6.47238089647366	9.6470558467815e-11	1.3275559748527e-09
ENSMUSG00000007891	27081.2126330282	0.179903533601491	0.0277956197608604	6.47236993271931	9.64775608296937e-11	1.3275559748527e-09
ENSMUSG00000043629	650.372458280581	-0.467339367770325	0.0722313832231603	-6.47003209569545	9.79821030253465e-11	1.34739514640749e-09
ENSMUSG00000027502	7875.10661740371	0.137775404181567	0.0212958507926376	6.469589100859	9.82697714011328e-11	1.35048585972901e-09
ENSMUSG00000025578	406.666703875303	-0.43870673464939	0.0678206104799784	-6.46863440987312	9.88925308314362e-11	1.35817470686347e-09
ENSMUSG00000020777	12042.0759267216	0.231708877420359	0.0358223027377812	6.46828538959275	9.91211638055873e-11	1.36044431090201e-09
ENSMUSG00000059005	9662.65686894018	0.205392383657806	0.0317570414806252	6.4676170726771	9.95604016994339e-11	1.36559973346968e-09
ENSMUSG00000038332	2407.01736467348	-0.386533505243783	0.05978839667641	-6.46502543521614	1.01281771770724e-10	1.38832344369755e-09
ENSMUSG00000031442	3596.14429613695	-0.275497111038338	0.0426157521990388	-6.46467789073901	1.01514812636089e-10	1.39062984559431e-09
ENSMUSG00000070552	1065.20777581517	-0.532816927184262	0.0824431965244199	-6.46283683367906	1.02758077060393e-10	1.40676331771581e-09
ENSMUSG00000005442	14268.5491484065	0.357429628408054	0.0553139158283827	6.46183917835464	1.0343799884784e-10	1.41516895045744e-09
ENSMUSG00000036295	1941.58390204012	-0.393521521347123	0.0609138682371601	-6.46029439166462	1.04499487563581e-10	1.42878089174511e-09
ENSMUSG00000053411	1575.30534350976	-0.326240199136215	0.0505788334803685	-6.45013292492877	1.11752091438796e-10	1.52697033407078e-09
ENSMUSG00000027977	1091.81359823302	0.547581677841998	0.084988009762687	6.44304625288928	1.17098989180655e-10	1.59901202401523e-09
ENSMUSG00000028868	3757.18617504404	0.257779944217691	0.0400151540843871	6.44205801817143	1.17864204579478e-10	1.60843802638467e-09
ENSMUSG00000058291	2239.96605109501	0.314774358472179	0.0488817765479506	6.43950324030063	1.19865156880684e-10	1.63470486505766e-09
ENSMUSG00000025894	1520.45706904214	-0.208301188973167	0.0323538108187455	-6.43822732784479	1.20876870685969e-10	1.6474558134254e-09
ENSMUSG00000000148	1384.52949192983	0.343737188715994	0.0533957800078217	6.43753473899325	1.21429537728853e-10	1.65384565650587e-09
ENSMUSG00000020007	11.2002104944733	4.14858455601825	0.644445633610833	6.43744691506979	1.2149979503912e-10	1.65384565650587e-09
ENSMUSG00000028960	10351.5505507279	0.409690995807803	0.0636617027453716	6.43543886104412	1.23117080104336e-10	1.67389960944092e-09
ENSMUSG00000028041	5970.68131169946	0.165499875431011	0.0257170113328443	6.43542413576045	1.23129017204287e-10	1.67389960944092e-09
ENSMUSG00000062627	744.308039105199	0.549273585569341	0.0853551134228959	6.43515735077217	1.23345483352425e-10	1.67578110483744e-09
ENSMUSG00000020868	2340.02126530349	-0.388350906126268	0.0603522820325258	-6.4347344134721	1.2368941208867e-10	1.67939084117355e-09
ENSMUSG00000028613	2393.5564429936	0.440376020211573	0.0684537576662744	6.43318986750871	1.24953402967249e-10	1.69548024531919e-09
ENSMUSG00000063626	330.867518254012	0.620608921775458	0.096507872553539	6.4306559180565	1.27054476392865e-10	1.72143944922208e-09
ENSMUSG00000021294	335.008433061054	-0.582775705025658	0.0906249131758642	-6.43063463017879	1.27072273091204e-10	1.72143944922208e-09
ENSMUSG00000084898	208.969823594231	-0.878699131927637	0.136643562832725	-6.4305929508243	1.2710712415061e-10	1.72143944922208e-09
ENSMUSG00000027634	10606.6439337547	-0.165215181933851	0.0256989749991487	-6.4288627051983	1.28562178020756e-10	1.74004773858357e-09
ENSMUSG00000035064	2637.25060829234	0.264526078655229	0.0411478309132542	6.42867613636523	1.28720042455876e-10	1.7410865982091e-09
ENSMUSG00000031924	15398.6833147218	0.174972042847516	0.0272248967577707	6.42691299821273	1.30221300524895e-10	1.76028365054621e-09
ENSMUSG00000020156	1666.52053670934	-0.292421464559545	0.0455020887561195	-6.42655035303666	1.30532196872671e-10	1.7633757948828e-09
ENSMUSG00000120766	60.8515769123637	1.23147015617553	0.191659039491972	6.42531737318401	1.31594668495975e-10	1.77661078863811e-09
ENSMUSG00000022768	55.0504722115301	1.13350460879624	0.1764702430532	6.42320534717301	1.33434295137366e-10	1.80031463194136e-09
ENSMUSG00000003992	3699.73454512888	0.183454880874691	0.0285637000233556	6.42265815439477	1.3391499833045e-10	1.80566542346824e-09
ENSMUSG00000039137	1109.50314404664	-0.624700300301387	0.0973247514706795	-6.41871970759244	1.37425165772706e-10	1.85183214593654e-09
ENSMUSG00000049796	18.057989801605	3.28913307823708	0.51245772313444	6.41835009943678	1.37759159751412e-10	1.85516820779411e-09
ENSMUSG00000032741	4515.45677979091	-0.318018769910581	0.0495491503598309	-6.41824870055484	1.37850926771287e-10	1.85524012167551e-09
ENSMUSG00000037905	1816.13931591311	-0.285820126829833	0.0445331825654923	-6.41813834907251	1.37950863873408e-10	1.85542183202167e-09
ENSMUSG00000040675	1825.07995793943	0.312164601417093	0.0486409560923891	6.41773160922586	1.38319829632772e-10	1.85921945078089e-09
ENSMUSG00000026854	13629.5622358004	-0.387735526633257	0.0604190488899353	-6.41743843633803	1.38586373373849e-10	1.86163647737362e-09
ENSMUSG00000030847	15625.3636959972	0.371300192259416	0.0578649852656067	6.41666442245007	1.39292497317766e-10	1.86995168694382e-09
ENSMUSG00000042870	2793.05517162579	0.185559381641605	0.0289205490632411	6.41617768859917	1.39738338487198e-10	1.87476448372887e-09
ENSMUSG00000045967	13515.6124058666	0.543458587348821	0.0847066593009025	6.41577169769261	1.40111286819337e-10	1.87859393058331e-09
ENSMUSG00000026728	33293.7466141743	0.517412811520262	0.0806558547692488	6.4150682303293	1.40759805065046e-10	1.88611109583413e-09
ENSMUSG00000048799	9145.52398164815	0.400780662136284	0.0625556241482784	6.4067886396001	1.48616616535833e-10	1.99014615755346e-09
ENSMUSG00000019558	2886.42407146235	0.345649662944519	0.0539544103771852	6.40632824134574	1.49065862794481e-10	1.99491758774708e-09
ENSMUSG00000058407	2989.5269038258	0.184733739926955	0.0288676762997394	6.3993283702098	1.56061891930312e-10	2.08724272409724e-09
ENSMUSG00000017802	2948.63816484131	0.185062714910822	0.0289560185034807	6.39116579126983	1.6462576716042e-10	2.20040891523386e-09
ENSMUSG00000032267	611.198009177624	0.390107547010151	0.0610407633253852	6.39093493852027	1.64874528074051e-10	2.20099448471377e-09
ENSMUSG00000020400	3672.28212858094	0.257235028780049	0.0402499846457627	6.39093483001189	1.64874645086171e-10	2.20099448471377e-09
ENSMUSG00000038705	1000.13136638276	0.319505026180547	0.0500078061726443	6.3891030347843	1.66861604544256e-10	2.22613499263331e-09
ENSMUSG00000039257	442.296781021575	-1.0929495908089	0.171095549113158	-6.38794870161143	1.68125714330505e-10	2.24160657380039e-09
ENSMUSG00000042115	2051.06107263787	-0.453421364408717	0.0709862511355465	-6.3874533047663	1.68671088433644e-10	2.24748205109659e-09
ENSMUSG00000028954	7677.25071143168	0.190463491536682	0.029821619364131	6.38675885474443	1.69438507822992e-10	2.25630707749898e-09
ENSMUSG00000026100	87.8429653999765	1.44002302131534	0.225575270566562	6.38378053453526	1.72768647008571e-10	2.29922614797644e-09
ENSMUSG00000042354	1321.48697796117	0.340168965448292	0.0532993845897624	6.38223064049469	1.74526836997906e-10	2.32118530545047e-09
ENSMUSG00000038301	14374.9250425278	0.233283101357771	0.0365566786994928	6.38140853208877	1.75466514989201e-10	2.33223790139826e-09
ENSMUSG00000001768	1522.50906274656	-0.425586656180736	0.0667001450489545	-6.38059566239889	1.76400492639494e-10	2.34320109839071e-09
ENSMUSG00000030905	692.862695115141	0.508059798402911	0.0797026280342328	6.37444223526351	1.83630010065697e-10	2.43772529132359e-09
ENSMUSG00000020486	2451.5288993741	-0.264730958345215	0.0415321824149886	-6.3741162383433	1.84020985488031e-10	2.44140573206804e-09
ENSMUSG00000131224	47.934431944975	1.14671738990245	0.17999186485662	6.37094010229803	1.8787301004917e-10	2.49097099055928e-09
ENSMUSG00000037855	5007.43466741881	-0.362595880434756	0.056946230506913	-6.36733770096931	1.92337394585442e-10	2.54858920504388e-09
ENSMUSG00000031458	1088.38959765601	-0.390185262984937	0.0613459360508255	-6.36040931320481	2.01216826825772e-10	2.66460234709563e-09
ENSMUSG00000033323	1034.87175807465	0.288315435825618	0.0453327422382266	6.3599822466177	2.01777069225919e-10	2.67037396301083e-09
ENSMUSG00000050029	3718.55904904432	-0.211729653127381	0.0332958645063678	-6.35903756416621	2.03021759090915e-10	2.68519105400221e-09
ENSMUSG00000034667	5695.5991400131	0.267992768457215	0.0421595142060254	6.35663796189838	2.06217236286973e-10	2.72577536584739e-09
ENSMUSG00000040164	3672.82739179013	-0.498846361826487	0.0784870205296445	-6.35578161153503	2.07369465576199e-10	2.73931873726689e-09
ENSMUSG00000035086	7511.1827260942	0.137016711046421	0.0215628465215877	6.35429607632025	2.09383205946078e-10	2.76421887997448e-09
ENSMUSG00000028920	3026.17055266262	0.323227535052052	0.0508767039273824	6.35315399978353	2.1094434204267e-10	2.783116930724e-09
ENSMUSG00000032316	2300.87603628119	0.235916904092055	0.0371358766137974	6.3528028850786	2.11426571525509e-10	2.78776583806301e-09
ENSMUSG00000024228	1255.69375338953	-0.332213594378999	0.05232724020158	-6.34876964845105	2.17043737306727e-10	2.85851993522619e-09
ENSMUSG00000022443	13340.2991370405	0.413502521125206	0.0651312374763889	6.34875886206073	2.17058953434207e-10	2.85851993522619e-09
ENSMUSG00000048249	3705.94929100994	-0.250587104923045	0.0394778109715363	-6.34754305662286	2.18780758801441e-10	2.87942842944925e-09
ENSMUSG00000058254	16163.5852739989	0.188922462940284	0.0297663756850513	6.34684131313847	2.19780622436662e-10	2.89081546643713e-09
ENSMUSG00000021254	1935.94887698146	0.26173406892814	0.0412397175153856	6.34665038213448	2.20053437800617e-10	2.89263141201962e-09
ENSMUSG00000019872	2708.12183489398	-0.390383657410902	0.0615561460702719	-6.34191193459778	2.26931032984925e-10	2.98121270137968e-09
ENSMUSG00000075033	3246.98160305294	-0.398415543393323	0.0628244838851268	-6.34172409791407	2.27207950462784e-10	2.98302499366001e-09
ENSMUSG00000036430	1876.69284581242	-0.302341233652049	0.0476767258894664	-6.34148482328665	2.27561178191038e-10	2.98583633927189e-09
ENSMUSG00000038286	796.175194807502	-0.317622696594043	0.0500939108815299	-6.34054500845838	2.28953772520033e-10	3.00227347642946e-09
ENSMUSG00000012889	42.3806776954633	1.58044931992619	0.249276304158991	6.34015064230961	2.29540610785313e-10	3.00813110568835e-09
ENSMUSG00000032030	3302.80261205622	0.222089200129489	0.0350407351285486	6.33802913422748	2.32722829689619e-10	3.04797331428759e-09
ENSMUSG00000033610	978.184518211626	-0.42229934355357	0.0666359060392287	-6.3374142959047	2.33653100907597e-10	3.05829113663566e-09
ENSMUSG00000005982	3139.36658445443	-0.214913645183052	0.0339220206437076	-6.33552014605349	2.36541903320628e-10	3.09421602479012e-09
ENSMUSG00000097785	902.438310384168	-0.298711721349834	0.0471629331445782	-6.33361204304515	2.39487248962788e-10	3.13083634971694e-09
ENSMUSG00000026494	3463.03031376776	-0.481987929552159	0.0761114289982071	-6.33266167638914	2.40967567509638e-10	3.14827133546067e-09
ENSMUSG00000006522	67.1854014982487	1.53569198149733	0.242526575672781	6.33205650653848	2.41914851007765e-10	3.15872517745298e-09
ENSMUSG00000043372	228.085547340141	-0.555965572686913	0.0878203869453493	-6.33071194542665	2.44032553919305e-10	3.18443939357556e-09
ENSMUSG00000037487	10694.727446059	0.380008916516584	0.0600311730545483	6.33019308437106	2.44854600065669e-10	3.19322530073491e-09
ENSMUSG00000028820	5847.06935497269	0.279381601870933	0.0441413453696843	6.32924981173792	2.46355986847217e-10	3.21085465310405e-09
ENSMUSG00000022280	7319.23128554267	-0.229816802623073	0.0363333555346982	-6.32522923470691	2.52856923165361e-10	3.29358417030803e-09
ENSMUSG00000026739	1582.03344992622	0.224814776654053	0.035595523543905	6.3158159867141	2.68739668215904e-10	3.49834185441031e-09
ENSMUSG00000021458	2730.29499961849	0.285997182207815	0.0452966724644664	6.31386736922385	2.72147199508655e-10	3.54055259675927e-09
ENSMUSG00000054814	5915.38208611857	-0.235846964842318	0.0373716475620135	-6.31085275143302	2.7750212870095e-10	3.608031916835e-09
ENSMUSG00000028385	634.830050418378	0.522362050965532	0.0827830552711406	6.31001174400523	2.79014295010665e-10	3.62351590343376e-09
ENSMUSG00000095098	3420.87593019371	-0.297649841532783	0.0471711117747379	-6.31000267609099	2.79030643267307e-10	3.62351590343376e-09
ENSMUSG00000050910	7318.56302750593	0.309375280605422	0.0490395329896176	6.30869141170087	2.81404554868936e-10	3.65213432576577e-09
ENSMUSG00000097357	198.316096970668	0.616426637708089	0.0977509662198232	6.30609252825045	2.86167997163527e-10	3.71171131547569e-09
ENSMUSG00000045098	1850.05165671899	0.251635131015861	0.0399113560572563	6.30485044544386	2.88472307188771e-10	3.73862409877917e-09
ENSMUSG00000029014	2519.04109049802	0.174855951503671	0.0277338414402662	6.30478658646261	2.88591266732371e-10	3.73862409877917e-09
ENSMUSG00000031511	4258.16819718661	0.207158232209759	0.0328652562885709	6.30325929579923	2.9145069296249e-10	3.77338997293896e-09
ENSMUSG00000053907	8162.23049153714	0.294740024970568	0.0467699279940423	6.3019131654022	2.93993872068261e-10	3.80402197577896e-09
ENSMUSG00000056367	4283.64192680923	-0.268494068931738	0.0426059732412287	-6.3017940562363	2.94219939985785e-10	3.80465375405715e-09
ENSMUSG00000005871	18709.5893515569	0.484538976725585	0.0769002702809425	6.30087482079584	2.95970358651127e-10	3.82498477953347e-09
ENSMUSG00000028039	201.723782325265	-0.613412411876698	0.0974198622236109	-6.29658467868403	3.04275093129778e-10	3.92994533641626e-09
ENSMUSG00000028557	14879.3670977038	0.198679552198917	0.0316116892035807	6.28500270641697	3.27847980398939e-10	4.2318609424195e-09
ENSMUSG00000059182	1952.02258161437	0.275806816303749	0.0438849162342426	6.28477481491788	3.28329251550115e-10	4.23552627029733e-09
ENSMUSG00000019849	5187.65000087587	0.240307972587639	0.0382406090284495	6.2841042204338	3.2974944700947e-10	4.25129226997314e-09
ENSMUSG00000095493	11.3298529707687	3.58598658517693	0.570703464972764	6.28344982161281	3.31141124783146e-10	4.26667189951681e-09
ENSMUSG00000056091	1904.17874895836	-0.378162778181332	0.0602061408248283	-6.28113300405034	3.36114431197061e-10	4.32670806536321e-09
ENSMUSG00000026354	144.172351614888	-0.759573749324727	0.120930211457042	-6.28109171540273	3.36203719976979e-10	4.32670806536321e-09
ENSMUSG00000020917	51870.1981020996	0.332498830575938	0.0529381462681258	6.28089296689514	3.36633847787074e-10	4.32964779903974e-09
ENSMUSG00000034795	341.459061797797	-0.5105203336867	0.0812899543216071	-6.28023890463673	3.38053154038829e-10	4.34529880514821e-09
ENSMUSG00000028194	4233.40496903245	0.289798450462503	0.0461504589060812	6.2794272761677	3.39822502050329e-10	4.36542778516599e-09
ENSMUSG00000026430	5692.05116970352	-0.273601696112757	0.0435830946295916	-6.27770236230518	3.43612889590227e-10	4.41147983728697e-09
ENSMUSG00000024423	8113.68219150046	0.253647547606595	0.0404236084865383	6.27473788469586	3.50223789933283e-10	4.49366639253309e-09
ENSMUSG00000050511	805.927594006456	-0.838329458549326	0.133623150269946	-6.27383396406784	3.5226415783735e-10	4.51714600486055e-09
ENSMUSG00000072946	2612.57713551574	-0.242303997634152	0.0386237580175208	-6.27344437908492	3.53147120156011e-10	4.52576482463817e-09
ENSMUSG00000001729	14333.0930246808	0.157451724885162	0.0251041020313822	6.27195207732721	3.56549333635719e-10	4.56663961564699e-09
ENSMUSG00000002105	1528.76873007426	-0.254761016865923	0.0406197437588343	-6.27185189494247	3.56778876460077e-10	4.56685471800358e-09
ENSMUSG00000031723	1303.36201391834	-0.262107178356617	0.0417968081357711	-6.2709855141378	3.58769999179943e-10	4.58960476900873e-09
ENSMUSG00000061288	2309.73722155096	-0.219092113546237	0.0349477074774376	-6.2691412215718	3.63044760916802e-10	4.64152402491964e-09
ENSMUSG00000010453	5674.38221116622	0.237103415140084	0.0378447295929881	6.26516341086541	3.72434638317763e-10	4.75873925364827e-09
ENSMUSG00000130373	288.285559675674	-1.12440628626317	0.179513823972994	-6.26361948833714	3.76142682043909e-10	4.80325925803364e-09
ENSMUSG00000090150	1213.91060255171	-0.291561662787904	0.0465692598837135	-6.26081804855719	3.82963152975334e-10	4.8874477061644e-09
ENSMUSG00000044288	1879.63262733223	-0.43687205957509	0.0697832457280184	-6.26041473160776	3.83954970039493e-10	4.89719393159106e-09
ENSMUSG00000027469	315.924732580429	0.684743552232662	0.109403403128867	6.2588871337585	3.87734349248922e-10	4.94246172267064e-09
ENSMUSG00000047996	521.467899519834	-0.613445285476599	0.0980178081364527	-6.25850850105329	3.88676713753408e-10	4.95153373141286e-09
ENSMUSG00000027203	1160.10954808683	-0.311447265317449	0.0497854163114607	-6.25579312963891	3.95500720420267e-10	5.03547951633539e-09
ENSMUSG00000005718	172.340683457753	-0.678370379794433	0.108451197379355	-6.25507505852186	3.97324773122111e-10	5.05570455236469e-09
ENSMUSG00000039883	89.854571263187	-0.998341832444787	0.15966726685512	-6.25263932995525	4.03573419870392e-10	5.13217241169303e-09
ENSMUSG00000048832	4029.16999936748	0.232066458914498	0.0371179986352167	6.25212747042668	4.04898695895807e-10	5.14597714985162e-09
ENSMUSG00000032737	1448.73977504402	0.349856817085407	0.0559600650679138	6.25190154194454	4.0548500689903e-10	5.15037938348792e-09
ENSMUSG00000075273	457.624642585055	-0.42984523183228	0.0688185863488971	-6.24606308611233	4.20927220393636e-10	5.34336115492005e-09
ENSMUSG00000026663	4121.89275996488	0.334777313934381	0.0536078958283818	6.24492546781026	4.24002248434589e-10	5.37921528658209e-09
ENSMUSG00000034098	2103.4006292477	-0.373590681380545	0.0598277239984366	-6.24444081125847	4.25318945424176e-10	5.39273271262573e-09
ENSMUSG00000075277	293.70221771101	-0.580161802303208	0.0929534709845179	-6.24142160758944	4.33611739677923e-10	5.49290454499041e-09
ENSMUSG00000038622	1011.88228357594	-0.357271665387821	0.0572424285873165	-6.24137854044481	4.3373116573925e-10	5.49290454499041e-09
ENSMUSG00000084843	197.451963097293	-0.62158350921641	0.099625976367365	-6.23917106643308	4.39895722619165e-10	5.56768961187677e-09
ENSMUSG00000033233	937.148094080582	-0.381896668444327	0.0612151059822915	-6.23860176857006	4.41499355545717e-10	5.58469367480517e-09
ENSMUSG00000002658	3869.01570037656	0.19933978605916	0.031976878365008	6.23387260581683	4.55043182184957e-10	5.75262482260441e-09
ENSMUSG00000042589	821.547668514432	-0.528507929750356	0.0847828638482726	-6.23366451381229	4.55648358372881e-10	5.75688502697603e-09
ENSMUSG00000038762	4943.00783092508	0.205583789628891	0.0329822029114283	6.2331733929651	4.57079759657364e-10	5.77157301223823e-09
ENSMUSG00000001661	499.512300082813	-0.422347514896344	0.0677658094061705	-6.23245732025281	4.59174664423052e-10	5.79286462873739e-09
ENSMUSG00000001482	5422.98183665791	-0.209602081281927	0.033630969773605	-6.23241264503861	4.5930567400126e-10	5.79286462873739e-09
ENSMUSG00000047658	155.048315685879	-0.742350910301878	0.119120319627312	-6.23194189391403	4.60688366040597e-10	5.8044135817584e-09
ENSMUSG00000026090	246.571734810355	-0.643533351035535	0.103264111369389	-6.23191680538006	4.60762170097657e-10	5.8044135817584e-09
ENSMUSG00000000282	3504.4615765825	0.35801292601634	0.0574643883657939	6.23017030543128	4.65928389442072e-10	5.86605208666482e-09
ENSMUSG00000020869	11710.344142504	0.246004943371865	0.0395017482500271	6.22769761517318	4.73339510401032e-10	5.95586514083737e-09
ENSMUSG00000005514	3049.71671652144	0.29566912930727	0.0474969933860866	6.22500727370001	4.81533669703534e-10	6.05541989095259e-09
ENSMUSG00000024805	611.168616242821	0.511111597853722	0.082123542613912	6.22369154551228	4.85591322540905e-10	6.10287080191046e-09
ENSMUSG00000036249	1414.97419060093	0.212867935791808	0.0342092535344785	6.22252501292567	4.89216756679251e-10	6.14483727260199e-09
ENSMUSG00000039717	3604.77124722156	-0.284802091248382	0.0457716689552848	-6.22223523303487	4.90121443705361e-10	6.15260053250251e-09
ENSMUSG00000054027	4198.73652304787	0.299036324485612	0.0480613600844424	6.22196966461653	4.90951976700069e-10	6.1594243903236e-09
ENSMUSG00000042423	1762.36536398907	0.417846443600391	0.0671595773616996	6.22169554983955	4.91810677903337e-10	6.16659346487911e-09
ENSMUSG00000026048	1384.43609540737	0.223644526314277	0.0359619672519066	6.21891802380249	5.00594740016189e-10	6.27306870355372e-09
ENSMUSG00000033632	679.165197012762	-0.276948840102028	0.0445449882943432	-6.21728393488427	5.05833968191569e-10	6.33502448144704e-09
ENSMUSG00000027394	31340.1644764844	0.299316639972487	0.0481505526467255	6.2162659309133	5.09124912823351e-10	6.37188030901816e-09
ENSMUSG00000024292	346.653245218716	0.604969386846196	0.0973215691096675	6.21619022772313	5.09370474717002e-10	6.37188030901816e-09
ENSMUSG00000021830	3203.55928527668	-0.199018547363945	0.0320247151228525	-6.21452982799298	5.14785551411717e-10	6.43586875166215e-09
ENSMUSG00000071862	2051.43753883847	-0.28418005099777	0.0457311361373422	-6.21414806193106	5.16038529502053e-10	6.44777827374335e-09
ENSMUSG00000060373	9309.86666912393	0.166084804062559	0.0267398080036133	6.21114422512369	5.2600167638882e-10	6.56545076059366e-09
ENSMUSG00000052430	360.82082043904	-0.728559220976496	0.117299086544588	-6.21112442081599	5.26067982307887e-10	6.56545076059366e-09
ENSMUSG00000070426	1374.60131495696	0.28056604920345	0.0451818673124142	6.20970459816214	5.3084294147393e-10	6.62119383014491e-09
ENSMUSG00000060260	743.423610962096	-0.337134591880374	0.0542953453672496	-6.20927244499543	5.32304678870264e-10	6.63557040454651e-09
ENSMUSG00000004748	614.324266416778	-0.430198013014621	0.0692846547733736	-6.20913843652358	5.32758753437874e-10	6.63737632112443e-09
ENSMUSG00000032244	9973.61427144341	0.309320742996031	0.0498197953432312	6.20879192427388	5.33934629269028e-10	6.64816748949475e-09
ENSMUSG00000130420	441.786198902971	0.474760924597166	0.0764693760633794	6.2085105049592	5.34891478117573e-10	6.65622056189671e-09
ENSMUSG00000021186	6775.46417296339	0.437609133717177	0.0705009974472761	6.20713393515378	5.39596092670084e-10	6.71087469597683e-09
ENSMUSG00000039910	1024.63374992411	0.725099197255428	0.116840141619546	6.20590823671278	5.43819050015581e-10	6.75947870737375e-09
ENSMUSG00000031728	910.822049162189	0.266300328780148	0.0429155196043603	6.20522205568476	5.46197245574214e-10	6.78510999623616e-09
ENSMUSG00000030397	5983.3354407194	0.25620395909079	0.0412908602577492	6.2048588353813	5.47460214819918e-10	6.79686580180703e-09
ENSMUSG00000062012	526.389947912463	-0.369832446689025	0.0596188605708185	-6.20327935066317	5.52985530552714e-10	6.86149560626853e-09
ENSMUSG00000071661	219.38739022243	0.53977824779669	0.0870574435784791	6.20025382792339	5.63721698694213e-10	6.99067012372615e-09
ENSMUSG00000035615	7323.08662631068	-0.374966264536061	0.0604881584548651	-6.19900281500307	5.68220157375047e-10	7.0423867772591e-09
ENSMUSG00000044636	711.048854338882	0.411254756916348	0.0663658529612319	6.19678251037601	5.7629045083632e-10	7.13828668069962e-09
ENSMUSG00000032238	1350.10757838974	0.529385162103381	0.0854382272215072	6.19611594621336	5.78735009940656e-10	7.16443236642798e-09
ENSMUSG00000026630	42.6768094559443	1.51457901215267	0.244524568656119	6.1939747832974	5.8665616621114e-10	7.25830620397021e-09
ENSMUSG00000047013	1965.32592310241	-0.412372777496669	0.0666239508571455	-6.18955754186471	6.03333259606094e-10	7.45759978931714e-09
ENSMUSG00000037035	815.968010918502	0.74173075703328	0.11983646465322	6.18952469250226	6.03458997206926e-10	7.45759978931714e-09
ENSMUSG00000032492	1454.04185475349	-0.349132996618411	0.0564139548405791	-6.18877009429723	6.06354424770926e-10	7.48907024288417e-09
ENSMUSG00000020397	1277.51849971767	0.216067603382507	0.0349243310085368	6.18673564082565	6.14228418203492e-10	7.5819593014124e-09
ENSMUSG00000026353	6306.98190932662	0.149064453150224	0.0241197542648262	6.18018125365418	6.40280471134343e-10	7.89900034101713e-09
ENSMUSG00000026153	1598.46114482397	0.404221033233921	0.0654149432512587	6.17933782624115	6.43710196417588e-10	7.93675076180353e-09
ENSMUSG00000021712	3034.59006341828	-0.260660940398548	0.0421889753572013	-6.17841363037642	6.47488941325372e-10	7.97875867651574e-09
ENSMUSG00000030731	2026.71389537535	-0.343759436477972	0.0556933103080781	-6.17236494969327	6.72759874070541e-10	8.28540645828929e-09
ENSMUSG00000038838	1049.98664832176	-0.307331359829968	0.0498438536502467	-6.16588279843902	7.00909867336763e-10	8.62713945656591e-09
ENSMUSG00000039354	2841.80663232909	0.312671772855074	0.0507168714027909	6.16504457405999	7.04632886252747e-10	8.66799400361115e-09
ENSMUSG00000026234	15223.5738630507	0.221707499746797	0.0359643920570853	6.16463916295004	7.06440456367754e-10	8.68525248361409e-09
ENSMUSG00000018965	98857.6181268139	0.168967147815004	0.0274135450553738	6.16363726302821	7.10926962239595e-10	8.73540822635097e-09
ENSMUSG00000023249	1199.96007506369	0.368710276998564	0.059847493502934	6.16083072853316	7.23643116264646e-10	8.88656929847648e-09
ENSMUSG00000024644	6430.08523866604	0.197980129626733	0.0321439686773749	6.15916881993742	7.31277382472863e-10	8.97518598751428e-09
ENSMUSG00000020623	275.712141218374	-0.573698034689814	0.0931616189695224	-6.15809429930042	7.36255140331019e-10	9.0311159099118e-09
ENSMUSG00000021203	935.045656616264	0.323253348666216	0.0524942793694652	6.15787763064798	7.37262862942158e-10	9.03831217356731e-09
ENSMUSG00000018572	3392.04591410117	0.219694992314946	0.0357049099317521	6.15307510185238	7.59947953373433e-10	9.31109746981399e-09
ENSMUSG00000035781	3401.2240604377	-0.168366738411599	0.0273872088003082	-6.14764139125064	7.86435872872404e-10	9.63013830409528e-09
ENSMUSG00000028496	2141.99791829343	-0.280229937007802	0.0456133083914178	-6.14360034144175	8.06716702727373e-10	9.87285104945598e-09
ENSMUSG00000069814	3091.62303095835	0.326876874310673	0.0532122379181924	6.1428890627229	8.10338812287715e-10	9.91152874334364e-09
ENSMUSG00000031314	4308.36403549535	0.255133560413788	0.0415377099023486	6.14221537522371	8.13784117067905e-10	9.94800105750549e-09
ENSMUSG00000036880	3210.40668175887	-0.266569720797553	0.0434013847873951	-6.14196349041313	8.15075947153703e-10	9.95812195879419e-09
ENSMUSG00000079317	5228.64010344102	-0.190404144310159	0.0310034853417784	-6.1413786937555	8.18082884355844e-10	9.98366312559184e-09
ENSMUSG00000091722	1298.51238898501	-0.682638179150134	0.111153946204255	-6.14137601462864	8.18096684893136e-10	9.98366312559184e-09
ENSMUSG00000062070	20985.7574902574	0.163982409501623	0.0267192321322041	6.13724259328465	8.39661147620521e-10	1.02410035197853e-08
ENSMUSG00000005198	5942.18096888739	0.506386593618659	0.0825577921754631	6.13372257511947	8.58461700581131e-10	1.04643605137277e-08
ENSMUSG00000006392	1505.7381980176	0.257500802362782	0.0419863521492856	6.13296438440804	8.62564641091133e-10	1.05084066887981e-08
ENSMUSG00000036503	8025.83352746356	-0.143542127511108	0.0234155937163152	-6.13019380375964	8.77720876330572e-10	1.06869860075508e-08
ENSMUSG00000048895	2958.4201957223	-0.410044438472642	0.0668978337074604	-6.12941280379478	8.82039993265725e-10	1.07334866754207e-08
ENSMUSG00000044477	10801.5062431187	0.142389690836024	0.0232388093409934	6.12723693140542	8.94182697767688e-10	1.08750854335871e-08
ENSMUSG00000056692	12432.974341128	0.216134250105938	0.0352820610549585	6.12589638029559	9.01744794755559e-10	1.09608458461058e-08
ENSMUSG00000027329	316.957886102105	0.497238833395869	0.0811739796802036	6.12559388309914	9.03459797438151e-10	1.09754770864784e-08
ENSMUSG00000037892	434.579709188483	-0.673006026378659	0.109898090323532	-6.12391010978787	9.13064209493727e-10	1.10858802720545e-08
ENSMUSG00000113506	45.3379994999658	1.38023522143736	0.225415106898867	6.12308216794276	9.17823319526897e-10	1.11373631299968e-08
ENSMUSG00000039156	2304.35769097112	0.237632558989672	0.0388157191934415	6.12207023153195	9.23672912689592e-10	1.12020128496016e-08
ENSMUSG00000026817	7234.828545201	-0.251015491177486	0.0410044695682063	-6.12166170714512	9.26044713724113e-10	1.1224435812988e-08
ENSMUSG00000037826	639.262299423798	-0.378652506478107	0.0618611734212497	-6.121004267081	9.2987413885381e-10	1.12644911199977e-08
ENSMUSG00000022663	3617.91782554061	-0.210956992135468	0.0344710136516273	-6.11983721359206	9.36710008667489e-10	1.1340900759197e-08
ENSMUSG00000028251	1681.7710207674	-0.312058150781284	0.0510052153533783	-6.11816161581239	9.46610375536172e-10	1.14543057053323e-08
ENSMUSG00000002017	4824.14196200267	0.214277272579672	0.0350411107372781	6.11502512537981	9.6541751689783e-10	1.16752971367486e-08
ENSMUSG00000006589	1992.8033332223	0.335840219073162	0.0549304122016357	6.11392133451278	9.72122395355667e-10	1.17497631411626e-08
ENSMUSG00000028550	1401.74865722276	-0.252912999076897	0.0413721846660854	-6.11311684693848	9.77037769486768e-10	1.18025282835132e-08
ENSMUSG00000006435	2212.62009902473	0.308094461591854	0.0504038401056096	6.11251962045577	9.80702455925741e-10	1.18401343750855e-08
ENSMUSG00000029804	6827.45732459766	-0.290178328268786	0.0474849659546125	-6.11095159141837	9.90388068945399e-10	1.19503486722776e-08
ENSMUSG00000028986	3779.52779824328	0.258451739861148	0.042297082529008	6.11039164897242	9.93869348305669e-10	1.19856176577132e-08
ENSMUSG00000029500	2094.05426965763	0.176198680328404	0.0288437025751408	6.10874002286594	1.00420750499417e-09	1.21034914667069e-08
ENSMUSG00000021003	2689.7993093916	0.283380856816568	0.0464200832386986	6.10470376279559	1.02991522971094e-09	1.24063750398289e-08
ENSMUSG00000024042	699.024863828001	0.746410606278109	0.122313614881884	6.10243272589813	1.04466085028857e-09	1.25769432486229e-08
ENSMUSG00000024294	8146.52121884096	0.334132967007699	0.0547662853485492	6.10107048307505	1.05360431835058e-09	1.26775057722609e-08
ENSMUSG00000031016	529.631831318389	-0.504766551673951	0.0827397937311752	-6.1006503510748	1.05637762267338e-09	1.27037546489114e-08
ENSMUSG00000011114	3544.59480928758	0.206069577507728	0.0337934011808188	6.09792356812825	1.07455099562799e-09	1.29150681255041e-08
ENSMUSG00000063524	31793.3220094658	0.21849154970974	0.0358330171263698	6.0974924031432	1.07745238280446e-09	1.29426932564525e-08
ENSMUSG00000027748	320.94516163311	-0.67268454567734	0.110333168769868	-6.09684787609446	1.08180377033079e-09	1.29876956006268e-08
ENSMUSG00000044148	1645.94119354435	-0.180505990495573	0.029608958691727	-6.09633024838553	1.08531082579888e-09	1.30225165939624e-08
ENSMUSG00000044365	1187.34935036792	-0.330317379281623	0.0541926386665795	-6.09524443557552	1.09270352886396e-09	1.31038960617842e-08
ENSMUSG00000038459	1399.51344913074	0.294813306276975	0.0483717875617995	6.09473664582529	1.09617761767674e-09	1.31382181692066e-08
ENSMUSG00000018379	7136.50390837438	0.176758406987809	0.029006608831292	6.09372877801296	1.10310496433916e-09	1.32138678373351e-08
ENSMUSG00000026872	5546.13438690192	0.298665639850358	0.0490186411779857	6.09289920473131	1.10883885324509e-09	1.3275144910072e-08
ENSMUSG00000054766	7343.88809597909	0.138904067859911	0.0228103002630761	6.08953263472644	1.13240780557101e-09	1.35497580570721e-08
ENSMUSG00000025591	573.064390534445	0.349567597155942	0.0574077137781809	6.0892095181955	1.13469542641313e-09	1.35695665868435e-08
ENSMUSG00000050967	1669.14421008903	-0.397301986155095	0.0652583998462365	-6.08813558241128	1.14233116528594e-09	1.36532743842026e-08
ENSMUSG00000056648	800.438246805653	-0.559752550978926	0.0919541585003376	-6.08730002109552	1.14830667839944e-09	1.37170568494838e-08
ENSMUSG00000001672	170.436381448583	0.687383611704121	0.112962323147333	6.085069716631	1.16440631873998e-09	1.39016385083829e-08
ENSMUSG00000009647	2642.77577774914	-0.213745983835031	0.0351356667233859	-6.08344749845785	1.1762544657787e-09	1.40352853598697e-08
ENSMUSG00000042797	595.59020917433	-0.378908947716178	0.0622878503924856	-6.08319191188351	1.1781318720489e-09	1.40498770918898e-08
ENSMUSG00000025613	16432.0831295142	0.168771044146723	0.0277475007938875	6.08238721751479	1.18406183681623e-09	1.41127547968335e-08
ENSMUSG00000028078	3177.71309431964	-0.295835102406331	0.0486960415715494	-6.07513655851592	1.23882252402984e-09	1.47572498894698e-08
ENSMUSG00000042487	1850.2170337062	0.209813780818154	0.0345530950304558	6.07221380988358	1.26158803292961e-09	1.50201046671476e-08
ENSMUSG00000027927	13.0270179014099	5.29173187861671	0.871997115200243	6.06851993702013	1.29094392683472e-09	1.5361087767979e-08
ENSMUSG00000017478	1724.66868713332	0.195415916023395	0.0322023858467708	6.06836763441213	1.29216848933012e-09	1.53671406049642e-08
ENSMUSG00000032253	1499.72291486858	0.347025285350773	0.0572423743284387	6.06238454330443	1.34118080746738e-09	1.59328887612109e-08
ENSMUSG00000075023	55.9346315038883	1.56058952042321	0.257421954127123	6.06237927808029	1.34122472708041e-09	1.59328887612109e-08
ENSMUSG00000015653	1365.39921536881	0.445028600188547	0.0734377089511945	6.05994667513805	1.36166683393582e-09	1.61667811157446e-08
ENSMUSG00000136680	5.89579268015119	5.89909950260047	0.974413578965277	6.05399968755021	1.41292883799438e-09	1.67654621465259e-08
ENSMUSG00000041037	12775.2722129488	0.352271178903117	0.0581889661185476	6.05391713242403	1.41365352115959e-09	1.67654621465259e-08
ENSMUSG00000022533	4347.00718064917	0.353171198179507	0.0583688731639668	6.05067699675127	1.44238390963433e-09	1.70967493120986e-08
ENSMUSG00000020932	158.142216325766	2.35559155172459	0.389390049278515	6.04943951723771	1.45350619693444e-09	1.72190750680986e-08
ENSMUSG00000050373	4914.42977622551	0.218112551159927	0.0360739962446827	6.04625419597298	1.48252131120917e-09	1.7548378605019e-08
ENSMUSG00000115003	22.8356380923554	1.74233872295705	0.288170450308726	6.04620883609137	1.48293854418636e-09	1.7548378605019e-08
ENSMUSG00000041231	4573.73602516493	-0.211718492629873	0.035020416788321	-6.04557318405415	1.48879750383436e-09	1.75994626625331e-08
ENSMUSG00000031568	1407.66496375479	0.24689591607048	0.0408391959771055	6.04556260629838	1.48889519217181e-09	1.75994626625331e-08
ENSMUSG00000129695	18.8762593234551	1.980166388065	0.327874950296798	6.03939516047967	1.54692982916377e-09	1.82704999330388e-08
ENSMUSG00000025821	858.491498361832	0.351274633424944	0.0581643149859985	6.03934961684848	1.54736648086577e-09	1.82704999330388e-08
ENSMUSG00000110937	38.4031016079382	1.26933353303702	0.210200035400814	6.03869324101983	1.55367287125569e-09	1.83348773251097e-08
ENSMUSG00000092124	47.1622286315299	1.05570481665529	0.174855265281909	6.03759237649057	1.56430614154489e-09	1.84502173815398e-08
ENSMUSG00000032305	2763.22412425673	-0.206558895590532	0.0342157221794324	-6.03695852179609	1.57046069442716e-09	1.85126355115724e-08
ENSMUSG00000021770	3798.17727370676	0.272038226072539	0.0450750897488125	6.03522317068057	1.58743146257819e-09	1.8702417000935e-08
ENSMUSG00000032869	4836.38088678845	0.18738029576204	0.0310774506066898	6.02946162262436	1.64506774284365e-09	1.93708305912681e-08
ENSMUSG00000022718	1239.76154263541	0.241878040354179	0.0401297457287795	6.02740027282837	1.66617996041607e-09	1.96002569332847e-08
ENSMUSG00000026701	5116.39203461335	0.257314449334613	0.0426909210886729	6.02738106306369	1.6663779420127e-09	1.96002569332847e-08
ENSMUSG00000057522	10848.1549467776	0.205526302076215	0.0341070656555587	6.025915690074	1.68154828082705e-09	1.97583412248592e-08
ENSMUSG00000022223	3039.96748436858	-0.233895421271346	0.0388149861558631	-6.02590505461293	1.68165887532925e-09	1.97583412248592e-08
ENSMUSG00000078566	9516.87375836924	-0.199184783968141	0.0330633711314887	-6.02433379149418	1.69807601539306e-09	1.99403171479362e-08
ENSMUSG00000020075	2049.16985132866	0.320996864535293	0.0532923117153097	6.02332408190651	1.70870815238814e-09	2.0043595818567e-08
ENSMUSG00000063851	11.2535025960577	4.76899225829898	0.791754597187795	6.02332120992766	1.70873848634946e-09	2.0043595818567e-08
ENSMUSG00000042129	4153.57467888949	-0.412629177563165	0.0685203143015018	-6.02199773555507	1.72277306061259e-09	2.01971854282413e-08
ENSMUSG00000030591	7296.84579203306	0.164556685406604	0.0273313715262998	6.02079867262637	1.7355852727498e-09	2.03362846423839e-08
ENSMUSG00000026839	972.581116077731	-0.292817340430528	0.0486573643473801	-6.01794495772549	1.76645233084917e-09	2.06866697948764e-08
ENSMUSG00000027071	17606.6866636215	0.331860369164575	0.0551493825126778	6.0174811402156	1.77151946564235e-09	2.07346983912097e-08
ENSMUSG00000028796	5686.31493009625	0.171273324610766	0.0284670464707693	6.01654705508823	1.78176722145361e-09	2.08432780249173e-08
ENSMUSG00000014932	1108.47737926897	0.340482511945503	0.0566056783162339	6.01498863847827	1.79899317139312e-09	2.10333264799154e-08
ENSMUSG00000051062	243.962163026252	-0.581463532442234	0.096681783138697	-6.01419950652009	1.80777761815013e-09	2.11245260485633e-08
ENSMUSG00000041141	732.966469328844	-0.479032615906611	0.0796533461137813	-6.01396726287348	1.81037085495437e-09	2.11433192450764e-08
ENSMUSG00000068999	7.30246928714197	5.78039758076768	0.961369213473094	6.01267182239496	1.82490239927734e-09	2.13014436666054e-08
ENSMUSG00000025958	2748.45576594638	0.387911938347571	0.0645335460413794	6.01101228962126	1.84368427156941e-09	2.15089818334288e-08
ENSMUSG00000005686	3182.27404081072	0.238076481881776	0.0396283617139086	6.00772960539059	1.88139264241536e-09	2.19369768941272e-08
ENSMUSG00000024511	6169.50173083441	-0.468770194899949	0.0780783730954696	-6.00384173382768	1.92702548405185e-09	2.24568561567085e-08
ENSMUSG00000038217	123.6058392172	0.78401924474371	0.130602103207256	6.00311346823815	1.93569240968015e-09	2.2545617615949e-08
ENSMUSG00000051695	10263.0787000856	0.19242015395017	0.0320584043063857	6.00217503376618	1.94691652391226e-09	2.26640510316164e-08
ENSMUSG00000070738	2399.62609085317	0.246686770238019	0.0411050579581197	6.00137264103502	1.95656378186395e-09	2.27640098327868e-08
ENSMUSG00000074892	1515.4123929821	-0.53404832236525	0.0890612594271459	-5.99641556609823	2.01720415586233e-09	2.3456827957606e-08
ENSMUSG00000121583	3177.63130681411	-0.207224534780743	0.0345634179472321	-5.99548734147509	2.02876099386084e-09	2.35784426065061e-08
ENSMUSG00000033981	1008.47957257171	-0.561234915344139	0.0936353766728626	-5.99383411789911	2.04950436837535e-09	2.3806634616637e-08
ENSMUSG00000029426	13269.5657200338	0.211778145428401	0.0353426899052358	5.9921343280956	2.07104742007412e-09	2.40438636664743e-08
ENSMUSG00000032278	2636.58731820663	-0.40510822182884	0.0676161461533737	-5.99129416382196	2.08177692982214e-09	2.41553640948984e-08
ENSMUSG00000035226	534.146380638337	0.580929121518628	0.0969640431411528	5.99118088210241	2.08322775648335e-09	2.41591393952844e-08
ENSMUSG00000061046	3632.8346343291	-0.286445758965658	0.0478123331980498	-5.99104331050178	2.08499099409466e-09	2.41665316842527e-08
ENSMUSG00000046556	1217.64383290281	0.286731175166948	0.0478667272884599	5.99019802291925	2.09585689101421e-09	2.42733366297909e-08
ENSMUSG00000026828	2049.27984157206	-0.520476936905363	0.0868887889097362	-5.99015066772373	2.09646725573615e-09	2.42733366297909e-08
ENSMUSG00000054162	5626.17409603142	-0.313363870419596	0.052324083460428	-5.98890319133041	2.11260858392372e-09	2.44470382008122e-08
ENSMUSG00000019927	3868.46974837583	0.151675710697786	0.0253266352151273	5.98878253701825	2.11417615813018e-09	2.4451996449581e-08
ENSMUSG00000008348	5814.09172901731	0.333427295116455	0.0556815226779767	5.988113813711	2.1228849620901e-09	2.45394984363092e-08
ENSMUSG00000025212	7926.43323489004	0.178925883492367	0.0298890267540537	5.98634023665895	2.14615190901674e-09	2.47951005807068e-08
ENSMUSG00000020381	560.434497166724	-0.415732652867461	0.0694556230561413	-5.98558668938039	2.15611246110376e-09	2.48967778859889e-08
ENSMUSG00000020956	561.794032976395	-0.344121976553767	0.0575066288950587	-5.98404015616599	2.1766961279858e-09	2.5120126792944e-08
ENSMUSG00000043020	11.1760013312188	3.34451580678253	0.558913653190834	5.98395796504292	2.17779539558692e-09	2.5120126792944e-08
ENSMUSG00000019878	1904.11990000439	0.208236917918191	0.0348183915377412	5.98065874733109	2.22237021047474e-09	2.56205150043237e-08
ENSMUSG00000038451	515.312782597028	0.421185421615442	0.0704294365379001	5.98024692968813	2.227996172788e-09	2.56715866049743e-08
ENSMUSG00000027357	1530.54303743105	0.245253700199286	0.0410190472594282	5.97901990868191	2.24484124285362e-09	2.58518037119612e-08
ENSMUSG00000029474	2583.33514474625	0.22593899340772	0.0378044572160939	5.97651732218321	2.27958324998498e-09	2.62378198628298e-08
ENSMUSG00000028786	271.549404494359	-0.468909046896272	0.0784837828044077	-5.9745979378295	2.306583329275e-09	2.6534361064425e-08
ENSMUSG00000026688	4085.11346015079	-0.301852492802569	0.0505371222517943	-5.97288645163906	2.33092142683238e-09	2.67999782262367e-08
ENSMUSG00000022876	894.521442952476	-0.461134722127172	0.0772353084433017	-5.97051700085707	2.36502936096208e-09	2.71775804402634e-08
ENSMUSG00000041740	12032.2894928921	0.132837330733224	0.0222498129098387	5.97026731287634	2.36865177296533e-09	2.72046436374927e-08
ENSMUSG00000049516	2292.62040946658	0.262558465658852	0.0439981117172433	5.96749395397241	2.409252125917e-09	2.76561530133339e-08
ENSMUSG00000020530	5586.65411857541	0.163986012795226	0.0274884181810278	5.96564020946129	2.43676697213777e-09	2.79570496119238e-08
ENSMUSG00000033434	1746.19657802136	0.310342358159785	0.052025654581236	5.96517930735879	2.4436554378712e-09	2.80211045028543e-08
ENSMUSG00000020635	10315.7047118097	-0.202883128400475	0.0340228954853764	-5.96313528011387	2.47443393779746e-09	2.83588888994982e-08
ENSMUSG00000044641	368.386607971172	0.440348594492285	0.0738588290940913	5.96203053708459	2.49122575213146e-09	2.85361003176382e-08
ENSMUSG00000003872	510.959036304492	-0.467083694009946	0.0784118687281673	-5.95679839781907	2.57227230261886e-09	2.94487451989421e-08
ENSMUSG00000043702	1892.42343970369	0.278002723686076	0.0466843597442254	5.95494348019764	2.60161725030976e-09	2.97553950535287e-08
ENSMUSG00000014075	491.007279128016	-0.348157348266194	0.0584653960596957	-5.95493012500437	2.60182970816516e-09	2.97553950535287e-08
ENSMUSG00000021546	21309.2590193051	0.132059108953997	0.0221779498909639	5.95452283025505	2.60831717966205e-09	2.98137042484694e-08
ENSMUSG00000029019	631.389170714504	0.695428501171119	0.116801858008429	5.95391642760453	2.61800527884264e-09	2.99085158678212e-08
ENSMUSG00000095677	171.380862797315	0.613825738471471	0.103105862469186	5.95335438520691	2.62701595100051e-09	2.99954917043495e-08
ENSMUSG00000020069	1286.44498080169	0.230559061343217	0.0387309617720323	5.95283594299236	2.63535439934052e-09	3.00747036343666e-08
ENSMUSG00000058301	3476.83125100688	0.290009125191337	0.0487528825358329	5.94855340047191	2.70522633821391e-09	3.08556793709351e-08
ENSMUSG00000031169	1678.72270558654	0.268976923300428	0.0452294818988055	5.94693797072948	2.73204880548892e-09	3.11450662021376e-08
ENSMUSG00000029207	4939.22377368392	0.377347062388872	0.0634686055839298	5.94541283705808	2.75760957938753e-09	3.14197702925333e-08
ENSMUSG00000061689	5701.56308229919	0.282432919264671	0.0475253616796172	5.94278316425314	2.80223007451633e-09	3.19112311827944e-08
ENSMUSG00000040813	5121.45481417972	0.19050726973651	0.0320723300181714	5.93992608671005	2.85150611761584e-09	3.24551592368725e-08
ENSMUSG00000041438	1310.25403672773	0.300230269277634	0.0505485904484571	5.93943899551006	2.85999075001495e-09	3.25344787704403e-08
ENSMUSG00000053519	1841.28189903865	-0.45147627791054	0.0760343140039748	-5.93779642553148	2.88878426697038e-09	3.28446202726622e-08
ENSMUSG00000005804	1713.0925314838	-0.230575112475734	0.0388425827742721	-5.93614265600428	2.91805921011123e-09	3.31599041843556e-08
ENSMUSG00000037151	2539.80881699807	0.263715938554235	0.0444372850458533	5.93456459552187	2.94626319439628e-09	3.34626908629156e-08
ENSMUSG00000019802	5634.89053570346	0.192367641453543	0.0324298740736035	5.93180352834368	2.99625034857391e-09	3.4012432566096e-08
ENSMUSG00000022285	41661.4986663092	0.199510482717074	0.0336362847687675	5.93140663686871	3.00350333193431e-09	3.40767455197156e-08
ENSMUSG00000028121	1385.43018897437	-0.375966218536136	0.0633916556105298	-5.93084712672633	3.01375713084454e-09	3.41750187906545e-08
ENSMUSG00000032318	10587.6814831542	-0.430265028874214	0.0725504351753625	-5.93056441128459	3.01895123800936e-09	3.42158433342708e-08
ENSMUSG00000038002	1695.19016480315	0.35657386188481	0.0601265707519986	5.93038747138189	3.02220644852024e-09	3.42346615429738e-08
ENSMUSG00000035861	15.1896032863858	2.14098801098721	0.361225337099349	5.92701505431321	3.08490705080495e-09	3.49264845741451e-08
ENSMUSG00000048217	8.85358109658684	5.85576263318202	0.988272483416961	5.9252511138787	3.11820522052754e-09	3.52848672977566e-08
ENSMUSG00000028381	8504.02809470683	0.314061004870926	0.0530629922587758	5.9186448313982	3.2460508644276e-09	3.66954394988894e-08
ENSMUSG00000026228	10.5092117596721	3.89631356023573	0.658313060583152	5.91863323626644	3.24627967988405e-09	3.66954394988894e-08
ENSMUSG00000022342	2455.68489433774	-0.32358709986588	0.0546739986712719	-5.91848241815001	3.2492573181093e-09	3.67097671529127e-08
ENSMUSG00000020459	1173.38452967046	-0.218306870111966	0.0368882993865158	-5.91805189565791	3.25777186386917e-09	3.67866022250477e-08
ENSMUSG00000007476	1386.8417242668	0.378050472494112	0.0638929114596306	5.91693920119723	3.27987863554358e-09	3.70167585649729e-08
ENSMUSG00000031765	2584.29092358296	0.645258164084468	0.109086107495228	5.91512685621031	3.31619895388745e-09	3.74070030184698e-08
ENSMUSG00000056515	2334.1728507441	0.3641143233129	0.0615594620771777	5.91483926315675	3.32199834827819e-09	3.7452739781586e-08
ENSMUSG00000050783	394.7491192504	0.54757141385223	0.0926248695835528	5.91171049756016	3.3857322724292e-09	3.8151248797882e-08
ENSMUSG00000039630	12737.539611415	0.253287615489451	0.0428655047319646	5.90889147516735	3.44417498491309e-09	3.87894334869592e-08
ENSMUSG00000033256	2168.55130331461	-0.572749521169849	0.0969355222577662	-5.90856177209033	3.45107405536458e-09	3.88467517946807e-08
ENSMUSG00000115936	211.314831094381	-0.598617448987772	0.101322818997805	-5.90802205178221	3.46239680581598e-09	3.89537787388081e-08
ENSMUSG00000025905	127.019558624414	-0.70619584399255	0.119628943738934	-5.90321891944211	3.56476731385622e-09	4.008449196398e-08
ENSMUSG00000000194	5305.46814142661	0.217411473024082	0.0368382523959128	5.90178574942943	3.59587949002548e-09	4.04131670852811e-08
ENSMUSG00000056501	741.79730360129	0.745544304962468	0.126523498448035	5.892536280671	3.80312559157404e-09	4.27199863677281e-08
ENSMUSG00000035530	18229.623437755	0.212691800824081	0.0360987941382687	5.89193644556133	3.8169598751941e-09	4.28529606071739e-08
ENSMUSG00000044164	329.806724823051	-0.534058171324666	0.090660567736289	-5.89074373412396	3.84461363477827e-09	4.31408658045741e-08
ENSMUSG00000063273	4752.8754145989	0.299749578817041	0.050888986659796	5.8902642495307	3.85578565716874e-09	4.3243623258508e-08
ENSMUSG00000075225	184.623666090339	0.626524170922213	0.106401144875235	5.88832170609507	3.90137126526427e-09	4.37320290235837e-08
ENSMUSG00000031788	1254.24026201189	-0.237163265243113	0.040282890794577	-5.88744403802918	3.92213912098736e-09	4.3941878064256e-08
ENSMUSG00000022747	1978.42273208461	-0.285016281597925	0.0484481737372698	-5.88291073970183	4.03113353337136e-09	4.51394431024254e-08
ENSMUSG00000059689	1380.68625033757	0.251754332415996	0.0428259206879298	5.87855038191743	4.13874844679186e-09	4.63203202079427e-08
ENSMUSG00000001076	511.643524857109	-0.570025932014489	0.0970586512920014	-5.87300487310053	4.27965887889321e-09	4.78724114092349e-08
ENSMUSG00000007946	15.1097133817493	5.31803011343012	0.905680137283439	5.87186346979122	4.30923576647794e-09	4.81781536266747e-08
ENSMUSG00000071540	286.500375153651	-1.27200261903596	0.216749972940881	-5.8685249265655	4.39689304185378e-09	4.91325903365088e-08
ENSMUSG00000038227	2658.81776300304	-0.236139535125585	0.0402661958795433	-5.8644609943288	4.50594000977185e-09	5.03249262485757e-08
ENSMUSG00000025213	335.481678162341	-0.430075895684565	0.0733680385630377	-5.8618971436049	4.57608466028427e-09	5.10817645957682e-08
ENSMUSG00000024587	26826.955791696	0.256946213509113	0.0438406966940909	5.86090625571072	4.60347819514497e-09	5.13608435223398e-08
ENSMUSG00000026888	1988.74720778247	-0.322518378356667	0.0550464792978615	-5.85901918652219	4.6560890685023e-09	5.19208352958287e-08
ENSMUSG00000039199	1279.17609973695	-0.25964530991963	0.0443161685785021	-5.85892955659494	4.65860242257952e-09	5.19218897212315e-08
ENSMUSG00000060275	542.526705757462	-0.482092876901403	0.0822907079520078	-5.85841207226654	4.6731392748723e-09	5.20568799555832e-08
ENSMUSG00000111874	16.4044736604196	1.96602958413948	0.335601030079281	5.85823465343665	4.67813336952555e-09	5.20854828372591e-08
ENSMUSG00000022114	1206.71130349878	0.319005535004674	0.0544566321258402	5.85797399786871	4.68547988435045e-09	5.21402339022638e-08
ENSMUSG00000004947	1156.16667256705	0.236947439180189	0.0404656687860112	5.85551768421779	4.75526415552054e-09	5.2889378426116e-08
ENSMUSG00000059552	1236.96887282891	0.237982076476437	0.040643697388972	5.85532546901133	4.76076748873669e-09	5.29231667080382e-08
ENSMUSG00000020962	2533.20500569443	0.408384812853386	0.0697528317481959	5.85474170177971	4.77751940846276e-09	5.30819004254978e-08
ENSMUSG00000028636	815.708349705637	-0.394227643108155	0.0673530073477998	-5.85315576292576	4.82331998408443e-09	5.3563055757039e-08
ENSMUSG00000019966	4678.80226690385	0.271890794281284	0.0464554810349157	5.85271723000634	4.83605966415663e-09	5.36767615050601e-08
ENSMUSG00000072694	4153.1183434142	-0.215822539303297	0.0368798496291494	-5.85204499133081	4.85565224465425e-09	5.3858286116846e-08
ENSMUSG00000051391	173009.29130928	0.262943370944283	0.0449323458246703	5.85198404664447	4.85743230793878e-09	5.3858286116846e-08
ENSMUSG00000050846	481.988248800553	0.355866849996658	0.060838118230452	5.84940593738699	4.93331768663733e-09	5.46714493863484e-08
ENSMUSG00000047746	333.703184347606	-0.963662714898074	0.164822008066607	-5.84668713967279	5.01459364981124e-09	5.5543481572161e-08
ENSMUSG00000029359	2363.17445523328	-0.379651879781086	0.0649419709294113	-5.84601721117687	5.03481975144614e-09	5.57387523385987e-08
ENSMUSG00000027360	171.712496041651	0.736639200081004	0.126047769410339	5.84412721880804	5.09231013047695e-09	5.63461491035146e-08
ENSMUSG00000009418	12301.8931928422	0.50412106197933	0.0862703178765401	5.84350532590791	5.11136634592532e-09	5.65278670693626e-08
ENSMUSG00000067071	1134.83196091069	-0.381142862552573	0.0652351794975354	-5.84259697740194	5.13932495268532e-09	5.68078009445638e-08
ENSMUSG00000010025	5142.88610316646	0.193503942202018	0.0331311181066074	5.84054970856619	5.20288577873132e-09	5.74807751550419e-08
ENSMUSG00000027994	1920.8876259089	0.262429471235366	0.0449459626531431	5.83877740611734	5.25852693259668e-09	5.80656065509878e-08
ENSMUSG00000046204	5974.32980400316	-0.261260770818753	0.044760725188617	-5.83683060803479	5.32031361892903e-09	5.87176617706584e-08
ENSMUSG00000106694	123.503923503776	0.820134544401677	0.140580851320284	5.83389940165585	5.41467746549367e-09	5.97284000381743e-08
ENSMUSG00000014077	23352.8016273652	0.146713164294416	0.0251698424452602	5.8289266058574	5.57850297552381e-09	6.15039264882352e-08
ENSMUSG00000087366	181.678601717371	0.552264108201076	0.0948907004229379	5.82000244217374	5.88467675854737e-09	6.48462378331509e-08
ENSMUSG00000048218	1702.51520391632	-0.413220864267916	0.0710196601015331	-5.81840104102379	5.9413216896414e-09	6.54368452487647e-08
ENSMUSG00000034570	2358.8538209968	-0.448192808842951	0.0770340652737974	-5.81811186064201	5.9516069918674e-09	6.55165106089362e-08
ENSMUSG00000047161	120.620093977889	-0.728749971777675	0.125275675935862	-5.81717054275384	5.98520701462114e-09	6.58526159794246e-08
ENSMUSG00000029513	604.272309169404	0.445293013090907	0.0765713917963934	5.815396620646	6.0490287883184e-09	6.65207233453089e-08
ENSMUSG00000105867	1542.20821108405	0.251594202188565	0.0432723288032629	5.81420527035728	6.09226199041375e-09	6.69618514522384e-08
ENSMUSG00000066877	477.493552598565	0.459713600206189	0.0790757716748088	5.81358348416396	6.11494536165828e-09	6.71767743773575e-08
ENSMUSG00000024855	2110.67863076695	0.320893707041128	0.0552053679169592	5.81272653637272	6.14634233878388e-09	6.74871532707595e-08
ENSMUSG00000008855	3307.64017487727	-0.203917687942353	0.0351008256939319	-5.80948407654142	6.26656537427223e-09	6.87720308405561e-08
ENSMUSG00000005802	1651.06917154095	0.317520688782709	0.0546578958282736	5.80923732922886	6.27580728069495e-09	6.88382621805815e-08
ENSMUSG00000051977	131.249812180627	0.828727965172901	0.142788674948736	5.80387741163948	6.47986604197822e-09	7.10402474244661e-08
ENSMUSG00000026933	5766.91114386452	0.381198716091478	0.0656993948407156	5.802164799473	6.54641722289169e-09	7.17332272111245e-08
ENSMUSG00000062778	262.01692037728	-0.42987029433592	0.07409187777728	-5.80185449784534	6.5585463064891e-09	7.18106289058801e-08
ENSMUSG00000039838	5570.80431935234	0.250438071824325	0.0431654852611279	5.80181296026929	6.56017158690166e-09	7.18106289058801e-08
ENSMUSG00000055069	2653.91815763298	0.259882815621495	0.0447998149821793	5.80097966308281	6.59285968086443e-09	7.21316645817716e-08
ENSMUSG00000004043	428.123767561727	0.537144924851533	0.0926230479467765	5.79925770916317	6.66091016043108e-09	7.28390715760639e-08
ENSMUSG00000032024	3662.84355523032	0.245440831903034	0.042349274728846	5.79563247480725	6.80641749291118e-09	7.43923410910547e-08
ENSMUSG00000050244	852.43448388422	0.388676664772978	0.0670694027984334	5.79514127986326	6.82636902800684e-09	7.45724364148574e-08
ENSMUSG00000001166	751.154975991353	-0.338325880182189	0.0583824280507052	-5.79499502638623	6.83232058607242e-09	7.45994881488456e-08
ENSMUSG00000114278	2220.84529616826	0.234787440941195	0.0405593023377645	5.78874456434093	7.09144413947512e-09	7.73893949659242e-08
ENSMUSG00000045045	1763.93778047114	0.262786058357993	0.0453988731579678	5.78838284033208	7.10672904889297e-09	7.75167915465124e-08
ENSMUSG00000045659	1018.76532732006	0.548114362611244	0.094705234106492	5.78758257431593	7.14065880379118e-09	7.78473244703816e-08
ENSMUSG00000031872	8519.80938973984	0.267534347920724	0.0462275500519065	5.7873356390361	7.15116015682734e-09	7.79222354956628e-08
ENSMUSG00000026565	1110.29414454048	0.452285716199325	0.0781557358992361	5.78698045633457	7.1662912617081e-09	7.8047492756888e-08
ENSMUSG00000018428	1346.86559757341	0.300720299924822	0.0519666950526294	5.78678901208295	7.1744598691237e-09	7.80968334435139e-08
ENSMUSG00000022812	23332.5194877513	0.378030851188913	0.0653286419392681	5.78660201662151	7.18244739541239e-09	7.81441539736049e-08
ENSMUSG00000021062	15202.1013115667	0.291969690567355	0.0504604444880658	5.7861101607301	7.20349837110417e-09	7.83334832999605e-08
ENSMUSG00000030726	722.229090955426	0.312645565776441	0.054052216967313	5.78413954723646	7.2884421711595e-09	7.92170631119543e-08
ENSMUSG00000054237	597.052369635674	-0.314267158478127	0.0543425362264279	-5.78307860289546	7.33457701235601e-09	7.96781529085193e-08
ENSMUSG00000024539	483.156039067191	0.410357028313533	0.0709607859716143	5.78287039376486	7.34366419799824e-09	7.97365177917199e-08
ENSMUSG00000040430	20521.6023587593	0.343615409859109	0.0594212347915032	5.7827039620564	7.35093590115615e-09	7.9775121362092e-08
ENSMUSG00000050377	2113.76035632771	0.650318551665163	0.112467073288402	5.78230172307887	7.36853937474018e-09	7.99257535210575e-08
ENSMUSG00000028668	2226.04960609943	0.17299084983204	0.029923704362405	5.78106399317922	7.42296456995399e-09	8.04754330599153e-08
ENSMUSG00000072235	108514.814368435	0.209595667143952	0.0362588616342461	5.78053633504011	7.44628530597802e-09	8.06875115487754e-08
ENSMUSG00000021555	2552.41024666582	0.224649795499671	0.038875976884735	5.77862766421907	7.53123867041905e-09	8.15668866292711e-08
ENSMUSG00000022687	1834.35588208758	-0.53230283793385	0.0921486027197363	-5.77656982551122	7.62388717670441e-09	8.25286748033974e-08
ENSMUSG00000044433	2499.07396271759	0.367628636954342	0.063644328062732	5.77629850364644	7.63618508615765e-09	8.26195105536307e-08
ENSMUSG00000031616	430.492394393927	-0.648065877980445	0.11219559585756	-5.7762149487865	7.63997616924238e-09	8.26195105536307e-08
ENSMUSG00000058756	18612.2064131422	-0.207851511604072	0.0360000508346231	-5.77364494730576	7.75748128955311e-09	8.38479825586843e-08
ENSMUSG00000021196	29673.3418071802	0.302509148735489	0.0524021788934233	5.77283531188156	7.79486194528289e-09	8.42096157611689e-08
ENSMUSG00000048833	3535.66184931018	0.202713513702628	0.0351283306227759	5.77065605193309	7.89635010271752e-09	8.52631042781359e-08
ENSMUSG00000044949	764.839586273456	-0.270196161097996	0.0468323993090914	-5.76942811139603	7.95410003097192e-09	8.58434948541192e-08
ENSMUSG00000049744	553.608407367552	-0.49528465537107	0.0858693738083016	-5.76788479297363	8.02726479752246e-09	8.65679951780654e-08
ENSMUSG00000048170	1212.91854251308	0.338896749311151	0.0587562456681118	5.7678421324846	8.02929648744658e-09	8.65679951780654e-08
ENSMUSG00000028426	15519.4350512037	0.179026527753335	0.0310415708632615	5.76731533793663	8.05442612592665e-09	8.67953369574004e-08
ENSMUSG00000004113	9324.7610012837	0.479081998314959	0.0831433550939131	5.7621201089831	8.30638508463107e-09	8.9465560575359e-08
ENSMUSG00000043019	3375.3001610681	0.265850369331332	0.0461409162369342	5.76170546692629	8.32682144289483e-09	8.96406966364997e-08
ENSMUSG00000026885	991.750833540551	0.265442890515535	0.0460744055586541	5.76117884315661	8.35284749677152e-09	8.98758016870664e-08
ENSMUSG00000026858	2990.04642492753	-0.256157549340199	0.0444676164702766	-5.76054148329316	8.38445198903865e-09	9.01706645274066e-08
ENSMUSG00000015766	536.086191828415	0.580566140938928	0.100854079888584	5.75649633193116	8.58776472727075e-09	9.23109452356505e-08
ENSMUSG00000023094	1504.47015159371	-0.236141372080283	0.0410256201228672	-5.75594887714229	8.61564585824872e-09	9.25642912878714e-08
ENSMUSG00000026156	412.344283630659	-0.40211445129958	0.0698857155944907	-5.75388615368604	8.72149020093954e-09	9.36545816174928e-08
ENSMUSG00000038909	7547.45022347821	0.230947986851838	0.0401431535434692	5.75311021845244	8.76163200862879e-09	9.40385963486128e-08
ENSMUSG00000048329	8.11998495353036	5.60221854615897	0.974179634255618	5.75070382213409	8.88726882881612e-09	9.53339717545792e-08
ENSMUSG00000038555	10894.9212482159	0.232055841624627	0.0403531236638991	5.75062896140132	8.89120522932394e-09	9.53339717545792e-08
ENSMUSG00000025090	536.011361264119	0.465244994211078	0.0809162699532276	5.74970885929376	8.93972560069272e-09	9.58063653242486e-08
ENSMUSG00000087646	98.6895222156019	-0.72104790489046	0.125470927025651	-5.74673290445245	9.09842781771923e-09	9.74585087500803e-08
ENSMUSG00000023903	6700.83787579517	0.343057687636692	0.0597077951601216	5.74560971003359	9.15903483036329e-09	9.80587738995403e-08
ENSMUSG00000024132	1042.66481267602	-0.244026482044023	0.042518128984345	-5.73935137488936	9.50398482899753e-09	1.01688747010769e-07
ENSMUSG00000056724	383.871877378388	0.562408352734676	0.0979927104618498	5.73928764786674	9.50756150426782e-09	1.01688747010769e-07
ENSMUSG00000042524	4138.98061818236	0.241413559374536	0.0420696562163233	5.73842481938005	9.55611667495379e-09	1.02157171585935e-07
ENSMUSG00000048355	812.821639182911	0.483431852196605	0.0843962176821029	5.72812224852964	1.01548379568282e-08	1.08503609547673e-07
ENSMUSG00000019969	4774.86258714388	0.200188867443458	0.0349532646855069	5.72732959981462	1.02023830241974e-08	1.08957390048469e-07
ENSMUSG00000022146	3436.2031672785	0.448828143549456	0.0783679371019322	5.72719099350121	1.02107191753296e-08	1.08992191853617e-07
ENSMUSG00000039395	363.498671648959	0.413982825574931	0.0723021848217737	5.72573051001718	1.0298959889948e-08	1.0987945974037e-07
ENSMUSG00000020549	1826.40510433491	0.276589734960018	0.048310893174958	5.72520433348951	1.03309321205878e-08	1.10165816642095e-07
ENSMUSG00000066900	5755.96228689408	-0.230952742747862	0.0403418743099516	-5.72488875884702	1.03501537388736e-08	1.10315988162195e-07
ENSMUSG00000002820	1938.77799853618	-0.241128198573186	0.0421277647454183	-5.72373587894692	1.04206714256333e-08	1.11012472864836e-07
ENSMUSG00000040289	1483.07730183721	-0.295754713462387	0.0517119833621895	-5.71926842161376	1.0698367390825e-08	1.13914263100918e-07
ENSMUSG00000037492	2716.13775002317	-0.403352077496908	0.0705292047980826	-5.71893698010152	1.07192538875275e-08	1.14080071368203e-07
ENSMUSG00000061013	393.20006259803	-0.441994950863348	0.077316838548609	-5.71667128610627	1.08630965848205e-08	1.15553632948343e-07
ENSMUSG00000014496	1921.10905717617	0.411852848646199	0.0720576724874716	5.71560021894693	1.09317470236376e-08	1.16226291039824e-07
ENSMUSG00000051223	14090.2020108129	0.11021892318518	0.0192998658887456	5.71086471898502	1.12403571446836e-08	1.19448270528603e-07
ENSMUSG00000037349	425.698586764269	-0.417854585787529	0.0731722470512211	-5.71056107508941	1.12604317188874e-08	1.1960238855895e-07
ENSMUSG00000048022	4298.60299654415	-0.302817075675742	0.0530605138874584	-5.70701362444432	1.14975582211438e-08	1.2206062550696e-07
ENSMUSG00000031133	1654.19023403234	-0.223794639675338	0.0392193559822853	-5.70622933676988	1.15506345761662e-08	1.22563480875919e-07
ENSMUSG00000052026	178.495440641811	-0.789806062684903	0.13843940867572	-5.70506671647914	1.16297527723548e-08	1.23342032120242e-07
ENSMUSG00000031983	3198.31315934906	-0.270107479088088	0.0473656642887379	-5.70260088492649	1.1799303397342e-08	1.25078442828318e-07
ENSMUSG00000078578	20681.7589528374	0.113446064969891	0.0198989677885869	5.70110300067718	1.19034680924409e-08	1.26120358377264e-07
ENSMUSG00000031139	190.099492779126	-0.630280561170475	0.110557615123464	-5.70092399756106	1.19159757992987e-08	1.26190595218424e-07
ENSMUSG00000018433	1186.1293229173	0.212612825608355	0.0373048477484258	5.69933503125815	1.20275648839693e-08	1.27282051081145e-07
ENSMUSG00000025511	1718.7213811153	-0.395800865782582	0.0694474259780952	-5.69928777356591	1.20308991728148e-08	1.27282051081145e-07
ENSMUSG00000031832	453.820942820543	0.346212641785079	0.0607493699244104	5.69903263549674	1.2048916080243e-08	1.2740986826527e-07
ENSMUSG00000058258	4029.966096759	0.336859571751235	0.0591121993543204	5.69864724085273	1.20761809469158e-08	1.2763530290817e-07
ENSMUSG00000022307	14333.4719398329	-0.344735288415047	0.0604971650208007	-5.69837096162303	1.20957632914867e-08	1.27779357684573e-07
ENSMUSG00000024773	2801.68030506384	0.326793051400429	0.0573591721217272	5.69731115900541	1.2171167437736e-08	1.28512680874786e-07
ENSMUSG00000037643	3249.09889712306	-0.184642467543709	0.0324119348667265	-5.69674313807349	1.22117694948286e-08	1.28877996055059e-07
ENSMUSG00000041408	3032.7554566735	0.202666015151796	0.0355808865006086	5.69592371309607	1.2270573836178e-08	1.29434957232136e-07
ENSMUSG00000034755	286.44690615341	-0.552171972098045	0.096944055494952	-5.69577958420356	1.22809453626994e-08	1.29480733377065e-07
ENSMUSG00000099839	10.909164311694	5.98843122526243	1.05148539730105	5.6952110230285	1.23219422099434e-08	1.29849195620346e-07
ENSMUSG00000025137	4961.68074728124	0.191343689503888	0.0336009324025456	5.69459463837354	1.23665376577126e-08	1.30255199882463e-07
ENSMUSG00000045589	2584.02797293785	-0.400881075826405	0.0704331564611193	-5.69165285170345	1.25815453768524e-08	1.32454856821733e-07
ENSMUSG00000036099	4698.70601033664	0.22675160696767	0.0398596362547679	5.6887525394953	1.27970754634614e-08	1.34657853871893e-07
ENSMUSG00000046841	2854.19236444493	0.335991592308999	0.0590702153936065	5.68800350684627	1.28533183878117e-08	1.35183406424677e-07
ENSMUSG00000032523	988.818263447585	-0.499600132961033	0.087848002574184	-5.68709723979372	1.2921688766874e-08	1.3583593098419e-07
ENSMUSG00000024949	5186.97972354734	0.263589301895783	0.0463517242833108	5.6867205259652	1.29502125687767e-08	1.36069144885639e-07
ENSMUSG00000027971	3534.95671655412	-0.575439398036512	0.101198938500235	-5.68621970313625	1.29882283266511e-08	1.36401814706405e-07
ENSMUSG00000033578	3165.06569518016	-0.318045203681063	0.0559385897860048	-5.68561354331164	1.30343849029947e-08	1.36819611896178e-07
ENSMUSG00000023832	10910.736335044	0.225958427260736	0.0397764038129432	5.68071533875593	1.34132557831302e-08	1.40727736383516e-07
ENSMUSG00000021730	9366.89337982872	0.462214354989107	0.0813832204369799	5.67947978105669	1.35105018729689e-08	1.41678765610723e-07
ENSMUSG00000056216	2426.31309775539	0.350037292283518	0.0616381670619439	5.67890495399944	1.35559774715635e-08	1.42086236525675e-07
ENSMUSG00000014039	552.929924320265	0.512889558558465	0.0903228443442146	5.67840353436917	1.35957670828802e-08	1.42433741435387e-07
ENSMUSG00000022715	49.5283401647321	1.11008595937895	0.195523952752426	5.67749344135115	1.36682765823119e-08	1.43123524446784e-07
ENSMUSG00000124597	22.3897787741682	1.73461500388962	0.305817107684874	5.67206660549886	1.41085099046922e-08	1.47661274312103e-07
ENSMUSG00000031153	5663.21789250152	0.157667885601988	0.0278016474931691	5.67117058946694	1.41825087726967e-08	1.48361698048258e-07
ENSMUSG00000016552	303.004434729556	-0.448662663067498	0.0791140209042341	-5.67108911845848	1.41892558507907e-08	1.48361698048258e-07
ENSMUSG00000021721	736.109369998505	0.351272826621645	0.0619973479556684	5.66593311173286	1.46226563439395e-08	1.52818861284812e-07
ENSMUSG00000036036	77.8582536296725	0.749562974192739	0.132321595301953	5.66470629742834	1.47276577320352e-08	1.53841314294826e-07
ENSMUSG00000073139	2047.37568118872	-0.212141193695008	0.0374527092098606	-5.66424160416026	1.47676211492011e-08	1.54137644405423e-07
ENSMUSG00000050296	67.01652392347	1.13652178213807	0.200649673232734	5.66420948425776	1.4770387335412e-08	1.54137644405423e-07
ENSMUSG00000093908	621.136372019921	0.519179114339449	0.0916637210481468	5.6639541620479	1.47923937537988e-08	1.54292285869312e-07
ENSMUSG00000039983	2229.06446298584	-0.212110593799574	0.0374545084966728	-5.66315250988854	1.4861695952989e-08	1.54939856885314e-07
ENSMUSG00000001082	779.00265339981	0.329833177853727	0.0582595468976141	5.66144426823948	1.50104257629209e-08	1.56414465741194e-07
ENSMUSG00000025175	338.057794538312	-0.440807354171779	0.0778740886216199	-5.6605138111292	1.50920441414123e-08	1.57188655768829e-07
ENSMUSG00000005610	65583.9406176542	0.199560971670018	0.0352556080035462	5.6604036342231	1.51017372003571e-08	1.57213332077045e-07
ENSMUSG00000069206	1201.26463254131	0.257918111181306	0.0455963432491718	5.65655253913352	1.54443716280074e-08	1.60702317676591e-07
ENSMUSG00000038372	960.67780558552	0.319835018904598	0.0565641835800712	5.65437346853678	1.56415774913525e-08	1.62675437223533e-07
ENSMUSG00000047592	147.01035629427	0.675366031282018	0.11946849447139	5.6530889944692	1.57589658265e-08	1.63816929991113e-07
ENSMUSG00000024101	2436.18319055556	-0.17280286735328	0.0305832262907063	-5.65024977125424	1.6021487060257e-08	1.66465266812912e-07
ENSMUSG00000032313	141.639057792732	-0.714547711962055	0.126498713317958	-5.64865596827075	1.61707100655156e-08	1.67934427801818e-07
ENSMUSG00000020099	698.803106151685	-0.609821513337951	0.108039252566577	-5.64444402243679	1.65715886590182e-08	1.72014372415128e-07
ENSMUSG00000015533	267.340843794972	0.553094976796953	0.0980031215772446	5.64364652773852	1.6648570662695e-08	1.72729926459841e-07
ENSMUSG00000026121	997.404267866945	0.450288353458733	0.07982945721568	5.64062902547567	1.69430050724577e-08	1.75699781104047e-07
ENSMUSG00000029337	129.766921242621	-0.68543545631625	0.121573733764071	-5.63802258180558	1.72013956113648e-08	1.78293171508236e-07
ENSMUSG00000120285	188.174198442173	0.5451775237607	0.0967392710431221	5.6355347511114	1.74515946302266e-08	1.8079919417589e-07
ENSMUSG00000041658	2622.5831222168	-0.178396912776689	0.0316562051030274	-5.63544847514358	1.74603344314038e-08	1.80802478969857e-07
ENSMUSG00000038187	2921.91810584309	0.232106785161419	0.0412255198607972	5.63017242584581	1.80029553314848e-08	1.86331455711501e-07
ENSMUSG00000041135	572.099246957427	0.337698740494608	0.0600336526643469	5.6251573160592	1.85338990313165e-08	1.91734301978911e-07
ENSMUSG00000018209	2785.46841257727	0.19244899289206	0.0342147031376439	5.62474536510952	1.85781813255345e-08	1.92099826750444e-07
ENSMUSG00000001131	529.494183498802	1.83021585364131	0.325396625736603	5.62456924529637	1.85971444990882e-08	1.92203323937134e-07
ENSMUSG00000049091	1327.09157267179	-0.26728049457384	0.0475408707161101	-5.62212030507189	1.88627824448827e-08	1.94854902772787e-07
ENSMUSG00000024970	1212.77766011758	0.228182657778319	0.0405906987569653	5.62155037400443	1.89251296438225e-08	1.95404922046318e-07
ENSMUSG00000047098	1089.93417572409	0.262955464129097	0.046787863791818	5.62016392325826	1.90776360272343e-08	1.96884872577217e-07
ENSMUSG00000029594	780.717934872954	0.312247805798312	0.0555784819959558	5.61814203239723	1.93021802658067e-08	1.99106488027778e-07
ENSMUSG00000032413	1631.24324507035	0.298180302565069	0.0530922881934172	5.61626391913618	1.95130545249454e-08	2.01185028065552e-07
ENSMUSG00000027255	3353.08387599891	0.166057494271977	0.029570384794442	5.61566903597376	1.95803131280628e-08	2.0178156582189e-07
ENSMUSG00000022428	1296.37263093348	-0.274430588840401	0.0488758703427964	-5.61484812271681	1.9673496850518e-08	2.0264456976642e-07
ENSMUSG00000042472	1794.91264294379	0.251446829131584	0.0447903515519511	5.61386147728575	1.9786063025298e-08	2.03621703605638e-07
ENSMUSG00000052419	2917.63405620188	0.231159539421441	0.041176647687444	5.61385038374379	1.97873322333625e-08	2.03621703605638e-07
ENSMUSG00000042874	74.1516265268649	0.901663737835546	0.16064374227942	5.61281581866544	1.99060445093603e-08	2.04745161206482e-07
ENSMUSG00000038518	1138.68711251359	-0.350649343962866	0.0624786374704747	-5.61230779286074	1.9964591328687e-08	2.05249002615707e-07
ENSMUSG00000117975	223.046950089722	0.556545716791629	0.0991695241371998	5.61206400488172	1.99927457078611e-08	2.05440057139754e-07
ENSMUSG00000025608	1610.13336555194	0.593256451671881	0.105730182637392	5.61104158598204	2.01112423607388e-08	2.06558817471588e-07
ENSMUSG00000020256	344.901624840823	0.566090656704052	0.100938798957998	5.60825631519161	2.04375200279537e-08	2.09809567154498e-07
ENSMUSG00000096847	4428.81964652798	-0.320266500429762	0.0571285882522045	-5.60606362292532	2.06979904357941e-08	2.1238196113516e-07
ENSMUSG00000025153	22668.5509269073	0.50489004702234	0.0901115873608162	5.60294254944937	2.10743091434655e-08	2.16140047813488e-07
ENSMUSG00000078652	6285.23933325576	0.113097499361639	0.0201970506403395	5.59970370801316	2.14718481460194e-08	2.20112078463445e-07
ENSMUSG00000032087	83.1773316488026	-0.805408655501627	0.143867799921632	-5.59825517551773	2.16519896571113e-08	2.21852797126277e-07
ENSMUSG00000054381	389.204243288287	0.361631691232009	0.0646359587832034	5.59489946524912	2.20749647571598e-08	2.26078813681867e-07
ENSMUSG00000071078	1967.03259208325	0.243956240765846	0.0436101935642045	5.59401875634157	2.21872970044127e-08	2.27120895325094e-07
ENSMUSG00000041180	298.788907995288	0.588043190194845	0.105160674435088	5.59185449650024	2.24657053121134e-08	2.29861215552825e-07
ENSMUSG00000024030	2804.87167429798	-0.326344932842478	0.0583661119578448	-5.59134267977592	2.25320390576978e-08	2.30430085951663e-07
ENSMUSG00000029911	792.977129206064	-0.264018413058827	0.0472324378496035	-5.58976891896854	2.27371987591108e-08	2.3241748026813e-07
ENSMUSG00000020747	2179.43439113327	-0.354917817712302	0.0635028844283131	-5.589003096591	2.28376881573813e-08	2.33333562106782e-07
ENSMUSG00000038722	2567.76709664698	0.23240927096144	0.0416122888836284	5.5851114465582	2.33550395469163e-08	2.38505841538585e-07
ENSMUSG00000027577	426.607582532534	0.567232737544078	0.101590109239625	5.58354294320247	2.35667552511297e-08	2.40553479895744e-07
ENSMUSG00000024603	13896.2227263237	0.194046645575905	0.0347570142055528	5.58294922654502	2.3647379819717e-08	2.41261718255724e-07
ENSMUSG00000030341	2679.24156145665	0.408083420671444	0.0730982441069438	5.58267063261344	2.36853040878483e-08	2.41533842066391e-07
ENSMUSG00000020074	2760.59215760624	0.268595781114636	0.0481144906522908	5.5824301052192	2.37180939358618e-08	2.41753373422227e-07
ENSMUSG00000021178	12399.9173082895	0.126054441165836	0.0226078428322341	5.57569521786081	2.46543250980568e-08	2.5117690676549e-07
ENSMUSG00000040452	428.85251993318	-0.809015305404617	0.145165753440137	-5.57304519993578	2.5032458888237e-08	2.54908331354315e-07
ENSMUSG00000057554	9901.6660802742	0.21950272775301	0.0394058380456588	5.57030984847161	2.54286705498216e-08	2.58820219071821e-07
ENSMUSG00000024987	12.3657290713099	2.94700166990416	0.529092410690139	5.56991861981187	2.54858346054452e-08	2.59279111677956e-07
ENSMUSG00000019132	13547.247548538	0.168603496077366	0.0302722024400621	5.56958141420979	2.55352051785753e-08	2.59658320399477e-07
ENSMUSG00000048911	2142.25144628881	0.311095108325961	0.0558650128148312	5.56869304509263	2.56657168658068e-08	2.60861874167334e-07
ENSMUSG00000022999	472.343754073399	0.4758002732641	0.0855340396536352	5.56270082870894	2.65631059176897e-08	2.69855007869913e-07
ENSMUSG00000021957	16948.0312870328	0.234132661556372	0.0421652514364813	5.55273960381987	2.81226847661361e-08	2.85563647677331e-07
ENSMUSG00000032350	2693.34843674379	-0.225628365956724	0.0406392596054293	-5.55198023161281	2.82451542199975e-08	2.86623427919493e-07
ENSMUSG00000029366	1813.61151085827	-0.222362881178486	0.0400514778141927	-5.55192700279561	2.82537581979711e-08	2.86623427919493e-07
ENSMUSG00000020744	1746.73603761025	-0.229440618160487	0.0413315906380942	-5.55121674772947	2.83688084310776e-08	2.87654625310114e-07
ENSMUSG00000031828	199.925604660592	-0.546260998765301	0.0984601186737748	-5.54804326993768	2.88884391755867e-08	2.9278528580885e-07
ENSMUSG00000000938	1900.26041728118	-0.415532800508094	0.0749749999311888	-5.54228477345069	2.98550248972146e-08	3.02438869487309e-07
ENSMUSG00000042032	4537.74063450915	-0.203359638001189	0.0367114745591094	-5.53940261031353	3.03505170203922e-08	3.07313301113084e-07
ENSMUSG00000039244	1134.48797029284	0.253550457037508	0.0457772097923745	5.53879229834022	3.04564587921141e-08	3.08240615007789e-07
ENSMUSG00000022500	1600.97108970153	0.42404863421098	0.0765669160875708	5.53827496102871	3.0546542313419e-08	3.0900663397731e-07
ENSMUSG00000042124	4.46629206945102	5.49199208360487	0.992196898585368	5.53518368323376	3.10902354660642e-08	3.14358452432659e-07
ENSMUSG00000038910	1154.3492624383	0.46475065810061	0.083970931978097	5.53466118753851	3.11830546279761e-08	3.15148517252418e-07
ENSMUSG00000006494	2562.19312654473	-0.195430681525583	0.0353236909803501	-5.5325668439999	3.15578117035686e-08	3.18785875778261e-07
ENSMUSG00000087192	9.92591953144587	2.69776260641997	0.487707587003143	5.53151658557772	3.17473837847925e-08	3.20550018967242e-07
ENSMUSG00000040688	1813.09250077049	0.239102965874874	0.0432279539288783	5.53121173091522	3.18026167373068e-08	3.20956732902222e-07
ENSMUSG00000026173	2238.7621703436	-0.39108237013195	0.070759240398101	-5.52694415502014	3.25856627304597e-08	3.28704810231226e-07
ENSMUSG00000051098	1819.5547228521	-0.334913133697985	0.0605975625502121	-5.52684166826794	3.26046958412049e-08	3.28742320773746e-07
ENSMUSG00000074247	5453.99268291376	0.151636147047995	0.0274398827956139	5.52612225706128	3.27386036420155e-08	3.29937495671129e-07
ENSMUSG00000085843	48.3255061241187	1.11023965746511	0.2009113232162	5.52601834327869	3.27579897025595e-08	3.29977947890728e-07
ENSMUSG00000030123	9227.19313290299	-0.329331664617885	0.0596016903055737	-5.52554236179251	3.28469307881417e-08	3.30718675562031e-07
ENSMUSG00000031422	13322.0829138853	0.156587012133981	0.0283491615126008	5.5235147630162	3.32284357461675e-08	3.34251092408815e-07
ENSMUSG00000024588	4438.63845644273	-0.224054925533388	0.0405638506111683	-5.52351224446378	3.32289122892206e-08	3.34251092408815e-07
ENSMUSG00000040724	23160.6201350669	-0.445482321536239	0.0806924990116052	-5.52074018022629	3.37574621949601e-08	3.39408751043098e-07
ENSMUSG00000024771	166.791252121703	0.650082868775032	0.117782152533874	5.51936651512691	3.40223919574217e-08	3.4191229670319e-07
ENSMUSG00000033854	731.128870688215	0.329720765951675	0.0597401962714219	5.51924477203978	3.40459687959315e-08	3.41989127830353e-07
ENSMUSG00000020231	2754.18362936186	-0.236770657040131	0.0429000310493767	-5.51912554020333	3.40690746644176e-08	3.4206115844078e-07
ENSMUSG00000062753	2731.96503185725	-0.247592320700167	0.0448863623275244	-5.51598097643888	3.46839778348551e-08	3.48072121647031e-07
ENSMUSG00000040901	804.892071719143	-0.492843812567005	0.0893672090704237	-5.51481709783094	3.49142866149174e-08	3.50219661904587e-07
ENSMUSG00000030852	4651.12382828167	-0.287383182467242	0.0521147072174554	-5.51443532567686	3.49901544057883e-08	3.50816746601892e-07
ENSMUSG00000078612	124.158587298835	0.901408731418977	0.163535248744991	5.51201492238895	3.54748835162429e-08	3.55389488557333e-07
ENSMUSG00000014786	422.164672730154	-0.42746441468205	0.0775517007403426	-5.51199278160616	3.54793475253128e-08	3.55389488557333e-07
ENSMUSG00000045312	3861.24490735585	0.370687811177123	0.0672645871908069	5.51089104472769	3.57021683348712e-08	3.57454638748295e-07
ENSMUSG00000071359	2536.90026379234	0.170891003825081	0.0310106646843128	5.51071721824552	3.57374476115006e-08	3.57641049150803e-07
ENSMUSG00000005057	211.62393691341	0.671706529818946	0.12191986186927	5.50941019387955	3.6003802244842e-08	3.60138685455628e-07
ENSMUSG00000025020	7019.69910017628	0.609272969754667	0.110670929340263	5.50526658976023	3.68610040380988e-08	3.68489146032683e-07
ENSMUSG00000018449	543.436471632805	0.429754397625691	0.0780632228494124	5.50520952042562	3.68729472504521e-08	3.68489146032683e-07
ENSMUSG00000001942	1722.02481077317	-0.22192036278226	0.0403169205506832	-5.50439765118666	3.70432585680623e-08	3.70018887120533e-07
ENSMUSG00000038094	31.4336351243386	1.53244443170438	0.278661299849132	5.49930841682734	3.81283722829553e-08	3.80680762523683e-07
ENSMUSG00000020785	2078.90945575204	-0.237621761742521	0.0432136493907902	-5.49876636415631	3.8245747598752e-08	3.81675136194705e-07
ENSMUSG00000030522	1038.52349863715	0.301055572120921	0.0547517594246978	5.49855521145352	3.8291565075722e-08	3.81954802934688e-07
ENSMUSG00000039086	879.972898310432	0.292692784261306	0.0532448431415592	5.49711046162985	3.86064887328153e-08	3.84746641995324e-07
ENSMUSG00000015882	1679.10372463405	-0.334121257666575	0.0607812931654334	-5.49710676206198	3.86072983722131e-08	3.84746641995324e-07
ENSMUSG00000028133	165.635918917898	-0.556762302931117	0.101287588651473	-5.49684626066987	3.86643497433419e-08	3.85136395169642e-07
ENSMUSG00000059772	551.708707142464	-0.387551113867056	0.0705375621851693	-5.49425159959015	3.92370769686294e-08	3.90660062248886e-07
ENSMUSG00000044496	2674.11027607422	0.135462574070405	0.0246615225569726	5.49287148664331	3.95450563778019e-08	3.9354389439309e-07
ENSMUSG00000041241	3413.61239446052	0.181296546362305	0.0330236806719492	5.48989521075103	4.02172272098071e-08	4.00047729048063e-07
ENSMUSG00000028102	870.125995916109	-0.235030784278903	0.0428149625219653	-5.48945439712403	4.03177190855994e-08	4.00861583090077e-07
ENSMUSG00000048763	341.040037867561	-0.486856740293116	0.088717968325543	-5.48769036850164	4.07223053773345e-08	4.04696762606417e-07
ENSMUSG00000036620	5107.18653496383	-0.168260409473078	0.0306672805115649	-5.48664265843938	4.0964461954949e-08	4.06914919169336e-07
ENSMUSG00000043300	2110.77011826727	0.163682511276085	0.0298371263939788	5.48586714131814	4.11446054235768e-08	4.08515309908649e-07
ENSMUSG00000056211	3328.59884230621	0.305388233543919	0.0556831652984221	5.48439069343949	4.14896924470057e-08	4.11751150285448e-07
ENSMUSG00000046434	8971.5788050162	0.178158117532884	0.0324864395040929	5.48407644089276	4.15635034171107e-08	4.12293051918529e-07
ENSMUSG00000029636	3762.08298706296	-0.24135821967835	0.0440156327675891	-5.48346586206695	4.17072790584091e-08	4.1352815347243e-07
ENSMUSG00000043017	3271.2687000099	-0.338386422237379	0.0617237239266009	-5.48227489708451	4.19891096891697e-08	4.16130299440312e-07
ENSMUSG00000028249	43277.5974131667	0.190779198373321	0.0348032067553363	5.48165574840511	4.21363540030254e-08	4.17396850497897e-07
ENSMUSG00000110747	126.804411523543	-0.619751769663442	0.113067166986266	-5.48127087803236	4.22281350614359e-08	4.18113075290029e-07
ENSMUSG00000029033	4481.32446291587	0.168972524663352	0.0308393170740454	5.47912666994694	4.27430290531028e-08	4.23016072685065e-07
ENSMUSG00000097073	333.338071511416	-0.387163250817358	0.0706811736034194	-5.47760076805839	4.31131494751574e-08	4.26482427020152e-07
ENSMUSG00000019790	4413.40326092048	0.334960567757243	0.061152295902875	5.47748147165633	4.31422164322111e-08	4.26573384584911e-07
ENSMUSG00000057101	3363.32513860216	0.259720466908896	0.0474438583181215	5.47426950749692	4.39320035144203e-08	4.34182498821614e-07
ENSMUSG00000026411	3402.11620949559	-0.230312704277927	0.0420799161096505	-5.47322156436304	4.41927008332382e-08	4.36557991756231e-07
ENSMUSG00000005677	45.2854141306042	-0.930952322279268	0.170137772599786	-5.4717556722054	4.45598893096703e-08	4.39982789292265e-07
ENSMUSG00000004383	7120.749319142	0.310559319631752	0.0567620029824534	5.47125371399867	4.46863023405111e-08	4.4102812231789e-07
ENSMUSG00000030036	1360.76024653835	0.26457473397657	0.0484094691600386	5.46535086145858	4.61992077681163e-08	4.5575008913161e-07
ENSMUSG00000032470	7962.98779948736	0.249592552634536	0.0456806048011792	5.46386269886017	4.65883931227736e-08	4.59378248403058e-07
ENSMUSG00000063160	4958.40800275982	0.206418547447052	0.0377835236007266	5.46318944808745	4.67655045473451e-08	4.60912911209049e-07
ENSMUSG00000030754	4890.90529685427	0.168302085494382	0.0308078042531921	5.46296919154643	4.68235887889837e-08	4.61273591989134e-07
ENSMUSG00000032940	3316.17028739117	-0.184271285143585	0.0337372833330771	-5.46194793825974	4.70938204341868e-08	4.63722912587272e-07
ENSMUSG00000029007	3495.11676087814	0.191236349469964	0.0350187669470532	5.46096753660987	4.73546643971414e-08	4.6607759098993e-07
ENSMUSG00000036611	7958.20310612018	-0.295453545427778	0.0541120681419899	-5.46003055459844	4.7605264744847e-08	4.68329336852835e-07
ENSMUSG00000038517	1768.07828745443	0.250834912811999	0.0459442941071728	5.45954438274499	4.77357998318887e-08	4.6939838716964e-07
ENSMUSG00000045973	6923.75992717005	0.207343563890804	0.0379840744128278	5.45869728553346	4.79640712577572e-08	4.71427084990392e-07
ENSMUSG00000121513	5318.42257514169	0.291504848463947	0.0534063791920915	5.45824024908084	4.80876701974967e-08	4.72425596548954e-07
ENSMUSG00000005615	6446.86994162582	0.142953039919727	0.0261909802217394	5.45810193850899	4.81251351187105e-08	4.72577378983641e-07
ENSMUSG00000024604	1317.32065760926	0.191245904067067	0.0350427286345605	5.45750606527978	4.82868662562133e-08	4.73948729335105e-07
ENSMUSG00000032609	1545.50944179364	-0.467839403254183	0.0857282561378883	-5.4572369056673	4.83600938332532e-08	4.74450536665728e-07
ENSMUSG00000052852	44541.5780876166	0.243159318951358	0.0445777638715017	5.45472221649072	4.90494615236993e-08	4.8099394292724e-07
ENSMUSG00000024948	1857.78031174022	-0.365987761806172	0.0671114033656605	-5.45343627836339	4.94056552502576e-08	4.84265660092251e-07
ENSMUSG00000073158	121.934084717039	0.609215980145161	0.111733963966146	5.45237954978261	4.97002354681918e-08	4.86930741469742e-07
ENSMUSG00000025234	9409.58958421787	0.162720595341532	0.0298541708939745	5.45051463393257	5.02242696317049e-08	4.91840406895154e-07
ENSMUSG00000027238	234.739988742691	0.536793124720482	0.0985056031831729	5.44936640530292	5.05495770573089e-08	4.94800374424164e-07
ENSMUSG00000050132	3310.21745549739	0.297963747762588	0.0546801611532907	5.44921122173131	5.05936988443048e-08	4.95006535730103e-07
ENSMUSG00000052364	1947.4991767676	-0.350153707377058	0.0642696292504758	-5.44819865091202	5.08825106922382e-08	4.97605455361998e-07
ENSMUSG00000029713	11561.8295580666	0.117142943999871	0.0215019174558114	5.44802314680129	5.09327313034631e-08	4.97869767832486e-07
ENSMUSG00000035279	166.800755020116	-0.955258608074088	0.175353009245756	-5.44763167842359	5.1044923379792e-08	4.98739337856447e-07
ENSMUSG00000024782	4743.25606339851	-0.2785821736048	0.0511407567238847	-5.44736119390841	5.11225822233565e-08	4.992708598756e-07
ENSMUSG00000086006	31.0024632026048	1.49481116529764	0.274420170951625	5.44716213867946	5.11798061289337e-08	4.99602418537376e-07
ENSMUSG00000018882	1693.0855629575	-0.195938366079943	0.0359879707553356	-5.44455166455565	5.19360287357482e-08	5.06753996746168e-07
ENSMUSG00000000959	2118.55595576699	-0.206895458727931	0.0380290163605371	-5.44046306027066	5.31422585107946e-08	5.18287924212956e-07
ENSMUSG00000038646	3125.17562328862	-0.164818342122089	0.0302976741843371	-5.43996681459116	5.32904968445434e-08	5.19497640901439e-07
ENSMUSG00000010307	1310.89026715758	-0.574475805131667	0.105604605940313	-5.4398745207795	5.33181109821419e-08	5.1953089892994e-07
ENSMUSG00000049097	207.044883381254	-0.598370759119178	0.110021502971302	-5.43867101393133	5.3679469922537e-08	5.22814655788194e-07
ENSMUSG00000025059	2141.08514986898	0.284872442239215	0.0523960804332011	5.43690367454861	5.42144277111446e-08	5.27785444556657e-07
ENSMUSG00000049107	35.5803209428129	-1.38312374556157	0.254432886223824	-5.43610445209838	5.445803831578e-08	5.2991670466298e-07
ENSMUSG00000137219	14.9354063700058	1.98535604417531	0.365240518612084	5.43574971287325	5.45665058250482e-08	5.30731587693922e-07
ENSMUSG00000047514	13358.3086295266	0.151458431330789	0.0278642581217254	5.43558097506637	5.46181737119288e-08	5.3099353120483e-07
ENSMUSG00000015337	513.05135447804	-0.289691725698148	0.053312632442819	-5.43382895243186	5.51574564663964e-08	5.35993644412705e-07
ENSMUSG00000141498	45.5223184165898	-0.959027095398307	0.176528111358877	-5.43271600209121	5.55027053310861e-08	5.39104557754341e-07
ENSMUSG00000021986	5332.93578949825	0.482747878107153	0.0888631573706026	5.43248622253945	5.55742457238512e-08	5.39318676547737e-07
ENSMUSG00000053931	17572.9050589275	0.149615670082491	0.0275409325452744	5.43248380702208	5.55749982541505e-08	5.39318676547737e-07
ENSMUSG00000073982	1465.07211533914	0.323643794885967	0.0595802408592463	5.43206590336803	5.57053407115973e-08	5.40339287715837e-07
ENSMUSG00000027667	1132.52980855805	0.226844420998316	0.0417722432776781	5.43050607769335	5.6194465518616e-08	5.44837577607322e-07
ENSMUSG00000072673	55.8562796230501	-0.860593368624901	0.158550215124725	-5.42789152287122	5.70236781648417e-08	5.5262766387652e-07
ENSMUSG00000040710	430.475777473732	-0.568288854340516	0.10472404046704	-5.42653675131429	5.74579987178597e-08	5.56585469529593e-07
ENSMUSG00000043639	90.6779190026409	-0.939944426441021	0.173305785641752	-5.42361827656476	5.84045382080485e-08	5.65499240944506e-07
ENSMUSG00000038515	162.892597721709	-0.599356360614679	0.110512681060937	-5.42341706726118	5.84703496005789e-08	5.65881210336351e-07
ENSMUSG00000000384	1983.43156942981	0.202037311374929	0.0372564717287118	5.4228782812847	5.86469293508736e-08	5.67334378299167e-07
ENSMUSG00000122685	58.7911268485448	-0.997977050433478	0.184108673278521	-5.42058683418857	5.94037091088249e-08	5.74396405283799e-07
ENSMUSG00000028333	3253.49078382309	0.233009917864875	0.0429918444248927	5.41986325504006	5.9644639966343e-08	5.76466385194741e-07
ENSMUSG00000016128	4769.52593521713	0.235339075069128	0.0434359708310992	5.41806872428946	6.02462597512738e-08	5.82018997219102e-07
ENSMUSG00000030393	338.503347543276	0.449561901131946	0.0829871270683216	5.41724863859706	6.05231485683468e-08	5.84430907408067e-07
ENSMUSG00000029108	4461.69651919821	-0.413290238914036	0.0763019336082549	-5.41651068812918	6.07733594053348e-08	5.86583153325052e-07
ENSMUSG00000021803	4153.53056790187	0.278329820933518	0.0513979722234284	5.4151906951428	6.12234206205528e-08	5.90661549231814e-07
ENSMUSG00000022257	6692.29563586905	0.246890859560046	0.0455975334456724	5.41456611582305	6.14374993682614e-08	5.92460629577313e-07
ENSMUSG00000112238	12.4455025065055	2.09212813021839	0.386513440011555	5.41282116905391	6.20394423336874e-08	5.97996708188115e-07
ENSMUSG00000021371	1354.92848863637	0.22000231504178	0.0406576046770776	5.41109877940782	6.2639205740522e-08	6.03506817965012e-07
ENSMUSG00000057637	5286.24731870372	0.328668237572959	0.0607569139059623	5.40956109261346	6.31793960308433e-08	6.08438275100082e-07
ENSMUSG00000072966	2684.00308734636	-0.428718533442151	0.0792702406329406	-5.40831628640216	6.36200003774262e-08	6.12406694216067e-07
ENSMUSG00000037316	2441.00274734789	-0.191211450821405	0.0353648778511159	-5.40681779324656	6.41543479551399e-08	6.1727352452041e-07
ENSMUSG00000046139	1098.01899516041	0.228023694567129	0.042177991170342	5.40622462663576	6.43670642107857e-08	6.19042742091723e-07
ENSMUSG00000000340	1052.37337361401	-0.237371214724336	0.043916361138933	-5.40507475046471	6.47813707035597e-08	6.22748277439594e-07
ENSMUSG00000044628	3059.74299857579	-0.330984444947818	0.0612660899575047	-5.40240849672951	6.57520008167275e-08	6.31796083049182e-07
ENSMUSG00000022292	4175.1781650562	-0.176315285035902	0.0326396979708073	-5.40186631609145	6.5951094303684e-08	6.33425588511356e-07
ENSMUSG00000032009	4676.48757213845	-0.218614043559413	0.0404767752549016	-5.40097481043625	6.62797332986229e-08	6.36297296506368e-07
ENSMUSG00000024770	11.2315454816886	4.41483325676778	0.81760765769572	5.39969656009607	6.67537089092599e-08	6.4056107082976e-07
ENSMUSG00000078706	348.853805102826	-0.611292974584566	0.113214435821312	-5.39942605507815	6.68544323733688e-08	6.41240949654484e-07
ENSMUSG00000004642	1338.28165778565	0.192881119534656	0.0357247376632655	5.39909127822621	6.69792915428894e-08	6.4215161780244e-07
ENSMUSG00000059897	608.549834409137	-0.314929422670783	0.0583328388043791	-5.39883587231041	6.70747002214461e-08	6.42779247747126e-07
ENSMUSG00000040490	679.431620154943	0.321815843956534	0.0596152635546138	5.39821221559672	6.73082251457282e-08	6.44729299856404e-07
ENSMUSG00000004535	15928.4054090827	0.16475394608138	0.0305207734324723	5.39809210424832	6.73532905592161e-08	6.44873209252513e-07
ENSMUSG00000021253	1500.22154256867	-0.443334990222166	0.0821317974503479	-5.39784838497149	6.74448231371833e-08	6.45461691245108e-07
ENSMUSG00000028010	630.468745258063	0.279751766308583	0.0518316635734776	5.39731405518176	6.76459209173848e-08	6.47097744390634e-07
ENSMUSG00000051054	14.984245783865	1.83155043067086	0.339398120769437	5.39646603380895	6.79662711298082e-08	6.498725951325e-07
ENSMUSG00000060257	5142.64776023095	0.381085809404355	0.0706258126108086	5.39584318136445	6.82024966704566e-08	6.51703806206566e-07
ENSMUSG00000043441	1376.84831524874	-0.329397701952296	0.0610470436546164	-5.39580104510739	6.82185061281167e-08	6.51703806206566e-07
ENSMUSG00000000751	5491.61645330331	-0.228741132885977	0.0424007481480681	-5.39474284951736	6.86217579710189e-08	6.55264526959916e-07
ENSMUSG00000024002	5021.35643365687	0.336199404977512	0.0623340353675776	5.39351259701024	6.90934794607895e-08	6.5947560253682e-07
ENSMUSG00000043088	46.8903913115149	-1.44486256331588	0.267896390506828	-5.39336330953311	6.9150934721903e-08	6.5973065099572e-07
ENSMUSG00000026889	3123.31821830735	0.146949336477452	0.0272595702439463	5.39074296338497	7.01669771930381e-08	6.69126758074525e-07
ENSMUSG00000058638	1467.00263795512	0.211578035255862	0.0392543975048529	5.38991931361843	7.0489324805786e-08	6.71902240799735e-07
ENSMUSG00000028003	133.645907032835	0.883416021322031	0.16391123382882	5.38960021644779	7.06145933552482e-08	6.72751689343586e-07
ENSMUSG00000024807	3009.14939854671	0.302217291401722	0.0560748598320417	5.38953271228745	7.06411212047164e-08	6.72751689343586e-07
ENSMUSG00000022967	3605.53370334223	0.213372406609185	0.0396129999608745	5.38642382096613	7.18733712052776e-08	6.84183497247223e-07
ENSMUSG00000030032	705.599787823087	0.271867073437869	0.050474296174106	5.38624793300912	7.1943705487495e-08	6.84549460103975e-07
ENSMUSG00000037933	4591.99045885812	0.236802863339134	0.0439725812682313	5.38523908557117	7.2348414218935e-08	6.88095285610837e-07
ENSMUSG00000068617	493.283525352106	-0.379679798305328	0.0705088158363916	-5.38485569217806	7.25027936306183e-08	6.89258178952548e-07
ENSMUSG00000055053	20648.3739678301	-0.282954426957381	0.0525663213883456	-5.38280822176982	7.33326570947037e-08	6.96838785832187e-07
ENSMUSG00000028514	2402.16491896206	0.284736956402751	0.0529034903040875	5.38219604729465	7.35825599741038e-08	6.98904085134562e-07
ENSMUSG00000039361	13030.2314739268	0.171286823678078	0.0318297700429622	5.38134028134304	7.39332850612559e-08	7.0192476653026e-07
ENSMUSG00000040372	113.618620611149	0.773727302600328	0.143813608853964	5.38007013916194	7.44568237498135e-08	7.06582749166003e-07
ENSMUSG00000009293	2614.19281447228	0.199801305988696	0.0371562775805494	5.37732299893486	7.56014750510281e-08	7.1712826488969e-07
ENSMUSG00000053626	340.006189075473	-0.656819529571445	0.12216216069189	-5.37662010766195	7.58970760166379e-08	7.19508173572656e-07
ENSMUSG00000039640	2933.52340240045	-0.316526172824599	0.0588714259757439	-5.37656711347561	7.59194080472405e-08	7.19508173572656e-07
ENSMUSG00000039563	164.152249643768	-0.542242773476558	0.100855805520481	-5.37641606924099	7.59830938113538e-08	7.19793950465367e-07
ENSMUSG00000023994	1761.31195688165	0.403209434624246	0.0750018514024027	5.37599308663638	7.61617141670785e-08	7.21167779581168e-07
ENSMUSG00000010086	4555.06883756042	-0.46816388888221	0.0870881396075301	-5.37574796053779	7.62654139579171e-08	7.21831294541732e-07
ENSMUSG00000027460	44.6555640547838	-1.11903671838575	0.208194445416384	-5.37495952952875	7.65998851962474e-08	7.24677450693102e-07
ENSMUSG00000025373	8111.20096777659	0.162901825069956	0.030330481094743	5.37089486187513	7.83468799815135e-08	7.40878469463951e-07
ENSMUSG00000038982	1910.29715989783	-0.213876711835839	0.0398254403988452	-5.37035396705973	7.85822458234459e-08	7.42776965586125e-07
ENSMUSG00000027739	2426.4712652189	0.187442782738517	0.0349091560849453	5.36944468902107	7.89794544650052e-08	7.46202891525441e-07
ENSMUSG00000046573	1806.69670913221	-0.191976659801953	0.0357550031515087	-5.36922508406637	7.90756777110199e-08	7.4678332500869e-07
ENSMUSG00000038264	4621.71443383841	-0.457247813562691	0.0851766570445721	-5.36822915371541	7.95134864924787e-08	7.50587731331376e-07
ENSMUSG00000014226	6562.75916355057	-0.198026574384508	0.0369092167914819	-5.36523371664201	8.08444679470855e-08	7.62816417121819e-07
ENSMUSG00000002812	8504.80857016936	0.233191090350174	0.0434706971511674	5.36432828623068	8.12510122790903e-08	7.66315566600594e-07
ENSMUSG00000079012	15.5626129541364	1.92465639287286	0.358839062808365	5.36356431713429	8.15955788309196e-08	7.69227358447308e-07
ENSMUSG00000061981	26612.4109889932	0.117350313618004	0.0218998620584675	5.35849556059788	8.39177983730377e-08	7.90772370445842e-07
ENSMUSG00000060621	145.506173180071	0.660082975462199	0.123213075002965	5.35724780382531	8.44991926574339e-08	7.95901566294197e-07
ENSMUSG00000031907	908.693984344666	0.277190241534578	0.051746997794089	5.356643928167	8.47819681961616e-08	7.98214793552107e-07
ENSMUSG00000049686	929.083940404956	0.243410863138306	0.0454547762148109	5.35501180311595	8.5550832404641e-08	8.0510046839019e-07
ENSMUSG00000046798	1363.95436883908	0.206243025548393	0.038542024110667	5.35112076512122	8.74111612840641e-08	8.22247146417055e-07
ENSMUSG00000046275	45987.1980978618	-0.240839350828254	0.0450159206414271	-5.35009275377598	8.79091640130889e-08	8.26569476436691e-07
ENSMUSG00000072582	731.286548361918	-0.294189132162204	0.0550165228875055	-5.34728690076879	8.92824335539176e-08	8.39114150029945e-07
ENSMUSG00000028688	788.778804056603	0.234729226028471	0.043901895504979	5.34667634115821	8.95839996865278e-08	8.4157992878381e-07
ENSMUSG00000030245	2933.63945125264	0.171367627726603	0.0320595624681186	5.3452890349648	9.02728852193e-08	8.47680557356734e-07
ENSMUSG00000008734	5910.05367198651	-0.376225552724233	0.070412426879121	-5.34316979828163	9.13351320355173e-08	8.5728025547635e-07
ENSMUSG00000028948	869.916410563623	0.317275814739299	0.0593808234836467	5.34306862259456	9.13861468591645e-08	8.57384190768717e-07
ENSMUSG00000042622	423.711782461086	0.583252129858739	0.109169030975115	5.34265189174108	9.15965619323595e-08	8.58982873936229e-07
ENSMUSG00000046387	551.85803666277	0.398553883607718	0.0746014633059446	5.34244056277056	9.17034449755852e-08	8.59609672421795e-07
ENSMUSG00000027180	6919.99266629963	-0.125727172443425	0.0235357255879706	-5.34197137766111	9.19411747255274e-08	8.61461919100031e-07
ENSMUSG00000100486	10.0626571086199	2.93244423655007	0.549048298113165	5.34095861261673	9.2456364729169e-08	8.65911136682523e-07
ENSMUSG00000034579	1654.26099477629	0.305174941038084	0.0572085842497039	5.33442568174833	9.58474331385128e-08	8.97279110227351e-07
ENSMUSG00000031608	429.776731592626	0.394260774626172	0.0739416398909619	5.33205343034816	9.71083549139648e-08	9.08686986304781e-07
ENSMUSG00000029209	3510.23062199891	0.341497856944724	0.064058055390333	5.33106812037662	9.76367828538369e-08	9.13233629952271e-07
ENSMUSG00000036890	1164.05517383448	0.206469408069773	0.0387302365023896	5.3309617166173	9.76940141048641e-08	9.13370952428141e-07
ENSMUSG00000023921	3015.50364045095	-0.129950931379834	0.0243800452330157	-5.33021699253669	9.80954878717469e-08	9.16725181826259e-07
ENSMUSG00000074671	986.177596465778	-0.38589342553775	0.0724064893314189	-5.32954199410828	9.84607526029144e-08	9.19738257342977e-07
ENSMUSG00000021000	4102.16920063502	0.192395103099789	0.0361006122668549	5.32941385252996	9.85302429248246e-08	9.19987035504256e-07
ENSMUSG00000027698	6025.41834953411	0.274035587922383	0.0514219234989317	5.32915864044013	9.86687841942586e-08	9.20880052832154e-07
ENSMUSG00000032757	1134.12633522522	-0.229304886221224	0.0430421000712269	-5.32745581283826	9.95979981384082e-08	9.29148469378127e-07
ENSMUSG00000062380	184144.08504949	0.208983138896228	0.0392405395104916	5.32569484271115	1.0056784727063e-07	9.37788622724299e-07
ENSMUSG00000025956	824.619711449254	-0.341034741981564	0.0640444492397665	-5.32496954895832	1.00969952997458e-07	9.40736865155099e-07
ENSMUSG00000028445	2010.47354288974	0.274485953601867	0.0515469825405338	5.32496646891069	1.00971663901861e-07	9.40736865155099e-07
ENSMUSG00000027742	2505.74309345023	-0.208261094924351	0.0391231487417316	-5.32321915853884	1.01946796533048e-07	9.49409949838788e-07
ENSMUSG00000019923	51828.9833158756	0.13158441164595	0.0247285444702097	5.32115474101069	1.03110648553984e-07	9.59832255793507e-07
ENSMUSG00000007207	2265.19720503654	0.252482262338741	0.0474558386633232	5.32036245592421	1.03560719475074e-07	9.63603989706083e-07
ENSMUSG00000061024	1048.92071487971	0.222591635664516	0.0418401966576442	5.3200427685812	1.03742861159292e-07	9.64880527575983e-07
ENSMUSG00000035121	192.726122032164	-0.465056240436352	0.0875004775313818	-5.31489945605795	1.06716234417933e-07	9.91974657646165e-07
ENSMUSG00000034889	1112.03554754582	0.212294378235782	0.039943666476007	5.31484455397457	1.06748414197458e-07	9.91974657646165e-07
ENSMUSG00000034640	2282.02456273695	0.232242316300796	0.0437022545519081	5.31419531285156	1.07129667046294e-07	9.95086729907293e-07
ENSMUSG00000000581	3331.08906144625	-0.256124497717693	0.0482049033014516	-5.31324575253281	1.07689649994628e-07	9.99855547917247e-07
ENSMUSG00000018196	2216.54376270666	-0.169168242869555	0.0318496752522289	-5.31145895616993	1.08751065429183e-07	1.00927383074053e-06
ENSMUSG00000030523	8.26810244807092	3.83463850400049	0.722396514280223	5.30821844817624	1.10701920331571e-07	1.02693492732822e-06
ENSMUSG00000074521	884.80828858175	-0.342110769092875	0.0644702431787943	-5.30649106044326	1.11755639135851e-07	1.03626200850548e-06
ENSMUSG00000063171	1996.51676104094	0.410510074170806	0.0773774288792642	5.30529484006692	1.12491023276577e-07	1.042630529212e-06
ENSMUSG00000024381	8855.64129099828	0.19890770348823	0.0374944009721392	5.30499750178782	1.12674539272578e-07	1.04388073371824e-06
ENSMUSG00000087142	52.7272534417795	-0.870294266276218	0.164111489253821	-5.30306726380497	1.13872938825945e-07	1.05452825920523e-06
ENSMUSG00000016757	1423.9499043804	-0.26900450462828	0.0507335185386937	-5.30230333666123	1.14350626248607e-07	1.05849527514127e-06
ENSMUSG00000034744	4323.62374304597	-0.17359273429697	0.0327422322491859	-5.30179900306845	1.14667050578287e-07	1.06096677056617e-06
ENSMUSG00000016619	3014.24329875923	0.269278185276505	0.0507947765884809	5.30129677423507	1.149829962714e-07	1.0634317095915e-06
ENSMUSG00000038860	5169.38190746444	0.228273500637204	0.0431040885108453	5.29586655288556	1.18453322296697e-07	1.09505556262743e-06
ENSMUSG00000018427	763.157666904582	-0.277243837152795	0.0523589826515554	-5.29505775537752	1.18978800555001e-07	1.09943991937738e-06
ENSMUSG00000052861	92.8814603913936	-1.20538978361202	0.227666220417613	-5.29454822678988	1.19311000190806e-07	1.10203525391388e-06
ENSMUSG00000066278	598.68903046252	0.314232499364034	0.0594137320293957	5.28888673764111	1.23063061117093e-07	1.13620286879119e-06
ENSMUSG00000000253	2677.77713572999	-0.277802194533121	0.0525272645324331	-5.28872380859641	1.23172712208031e-07	1.13672632857162e-06
ENSMUSG00000027663	7160.64580707906	0.310675577233638	0.0587452532210527	5.28852222433353	1.23308509057886e-07	1.1374905266165e-06
ENSMUSG00000036188	1495.92426793473	-0.241670184674416	0.0457422296629402	-5.28330574296894	1.26873386005409e-07	1.16987289690382e-06
ENSMUSG00000028782	756.588809317306	-0.357464300081944	0.0676977096777231	-5.28030123594525	1.2897166771037e-07	1.18871009835586e-06
ENSMUSG00000020668	27453.1519816736	0.275225918056132	0.052149684826961	5.27761421702481	1.30876630204118e-07	1.20525752967727e-06
ENSMUSG00000041930	790.091338243888	0.536278917456284	0.10161539749484	5.27753599038491	1.30932494752271e-07	1.20525752967727e-06
ENSMUSG00000038299	2305.04965207206	0.212838678110462	0.0403293636579987	5.2775114409287	1.30950031185662e-07	1.20525752967727e-06
ENSMUSG00000024201	2734.3186842991	0.245924320163614	0.0465990523082248	5.27745325241751	1.30991606109059e-07	1.20525752967727e-06
ENSMUSG00000074064	1323.59105874947	-0.296882747952357	0.0562591233043024	-5.27705962189519	1.31273185471725e-07	1.20733084804458e-06
ENSMUSG00000063239	1470.58673782854	-0.420569446565502	0.0797042686457194	-5.27662387111169	1.31585577997138e-07	1.20968566050817e-06
ENSMUSG00000020718	128.509737525014	-0.519380514670613	0.0984525016283797	-5.27544253401579	1.32436108092416e-07	1.21698351725677e-06
ENSMUSG00000107857	6.26537519785415	5.53009456155557	1.0483631307995	5.27498001321188	1.32770556955162e-07	1.21953477774904e-06
ENSMUSG00000037857	3904.88225337734	0.309558204948767	0.0587182949430854	5.27192087659929	1.35003281447066e-07	1.23951259176336e-06
ENSMUSG00000049036	290.54538570024	-0.464445917562231	0.0881155732873744	-5.2708721084696	1.35777056720335e-07	1.2460839245655e-06
ENSMUSG00000028033	1649.1781832306	-0.390547889536687	0.0741188453588645	-5.26921173212769	1.37010852785455e-07	1.25686964354384e-06
ENSMUSG00000013150	1982.93873910607	0.238840943748702	0.0453355624669528	5.26829117699387	1.37699566791732e-07	1.26264797127352e-06
ENSMUSG00000043262	1625.85524932168	-0.235319607898131	0.0446694660271166	-5.26801927194026	1.3790363259175e-07	1.26397923877647e-06
ENSMUSG00000001416	14501.8331717285	0.144437817188186	0.0274213323558932	5.26735226842998	1.38405461039207e-07	1.26803739934597e-06
ENSMUSG00000020546	678.483924590734	-0.314047916515652	0.0596235244412403	-5.26718135935003	1.3853433064849e-07	1.2686765962886e-06
ENSMUSG00000024553	198.371888552127	-0.661521805331749	0.125600848111502	-5.26685779019967	1.38778627617036e-07	1.27037186372166e-06
ENSMUSG00000063683	110.920784565297	0.950952561735778	0.180557829412802	5.2667478603858	1.38861720190143e-07	1.27059065882422e-06
ENSMUSG00000025221	6532.9061431797	-0.304425849865743	0.0578276009200013	-5.26436934997331	1.40671393265417e-07	1.2862297416375e-06
ENSMUSG00000075511	2747.68033089023	-0.491930943244588	0.0934458188167207	-5.26434408166975	1.40690740397133e-07	1.2862297416375e-06
ENSMUSG00000046982	1463.36438694665	0.286730809163989	0.0544694535820612	5.26406619321073	1.40903680566957e-07	1.28762810006399e-06
ENSMUSG00000020409	4228.10331213413	0.186073647582678	0.0353585880611609	5.26247392177597	1.42129828813569e-07	1.29828038523918e-06
ENSMUSG00000024079	2617.26779066688	0.274047975341427	0.0520770589459787	5.26235507319464	1.42221762388666e-07	1.29856756760319e-06
ENSMUSG00000019467	4778.90259833995	-0.147166033217061	0.0279762132732007	-5.26039860291013	1.43743453545157e-07	1.31190347525524e-06
ENSMUSG00000072844	61.9559575681727	1.53871547425551	0.292619289843714	5.25842118979007	1.45297429541771e-07	1.32552257651664e-06
ENSMUSG00000042505	914.785552090235	-0.331774207996883	0.0630966569149307	-5.25818996154097	1.45480200872966e-07	1.3265912528681e-06
ENSMUSG00000026003	8780.78576694276	0.105659704141002	0.0200945910065285	5.25811667959172	1.45538172016416e-07	1.3265912528681e-06
ENSMUSG00000026618	6274.89670199283	-0.175404429566808	0.0333768563447265	-5.25527113024595	1.47806558835126e-07	1.34669592188235e-06
ENSMUSG00000027858	6559.03509358883	-0.275040039508218	0.0523387135839572	-5.25500190345761	1.48022940428302e-07	1.34809522241576e-06
ENSMUSG00000024991	12005.400173916	0.270745041094116	0.0515460300034783	5.25249065885085	1.50056076962712e-07	1.36603212386835e-06
ENSMUSG00000071659	9418.80355800625	0.187288154611595	0.0356623657202069	5.25170304407131	1.50699285078603e-07	1.37077782496419e-06
ENSMUSG00000066324	7220.47193926476	0.155457225899503	0.0296013378733704	5.25169593903232	1.50705099548845e-07	1.37077782496419e-06
ENSMUSG00000027099	2666.25892034265	-0.235802658039607	0.0449017124769147	-5.25152928545521	1.50841544192427e-07	1.3714377753641e-06
ENSMUSG00000019689	485.631902510104	-0.352945569407349	0.0672340594205344	-5.24950556978497	1.52507988788435e-07	1.3860018998021e-06
ENSMUSG00000087501	493.042743456154	-0.343672909995689	0.0654870795829054	-5.24794985796558	1.53801142248438e-07	1.39716264050147e-06
ENSMUSG00000024647	1994.87060444434	0.35659027409218	0.0679563835253286	5.24734036147277	1.54310659245306e-07	1.40119822815555e-06
ENSMUSG00000028337	14113.7920966319	0.249983740803232	0.0476675278182405	5.24431939823766	1.56860266826625e-07	1.42374735209317e-06
ENSMUSG00000035696	3271.90326546432	0.28454867680297	0.0542684804748976	5.24335073163862	1.57686384836818e-07	1.43064071720505e-06
ENSMUSG00000141379	92.011665021717	0.739440544512504	0.141072055516238	5.2415805653827	1.59206936335628e-07	1.44382598030443e-06
ENSMUSG00000028295	779.913860263818	-0.28258949853978	0.0539221943225855	-5.2406898882714	1.59977369432335e-07	1.45020025854498e-06
ENSMUSG00000022897	3446.45826280759	0.233770872699301	0.0446106129478364	5.2402524254184	1.60357092507782e-07	1.45302885089576e-06
ENSMUSG00000061306	8064.23391241497	0.119729437610328	0.0228484143451375	5.24016396944449	1.60433979229806e-07	1.45311215111688e-06
ENSMUSG00000030284	9984.66661928564	0.229343691607618	0.0437675162759108	5.24004355563228	1.60538701284873e-07	1.45344739003841e-06
ENSMUSG00000033022	707.406798519805	-0.591889498954364	0.113008366436129	-5.23757238176605	1.62702498730863e-07	1.47241645773891e-06
ENSMUSG00000027722	623.818853326287	0.327075546336443	0.0624653222913114	5.23611396433854	1.63992715486202e-07	1.48346718526204e-06
ENSMUSG00000029780	1849.10775285541	-0.235788347838224	0.0450637217321962	-5.23233187972049	1.67384870725655e-07	1.51351458929946e-06
ENSMUSG00000028657	4338.49869512651	-0.17180210720116	0.0328518608328964	-5.22960048062558	1.69876751554373e-07	1.53539972583839e-06
ENSMUSG00000019254	5612.5210377505	0.142275380506779	0.0272071527889032	5.22933735884366	1.70118685240469e-07	1.53693926657067e-06
ENSMUSG00000001632	1080.82205962732	0.250749103262855	0.0479627208857458	5.2279999681456	1.71353540355358e-07	1.54744429838793e-06
ENSMUSG00000038020	103.527103624866	-0.840088847981755	0.160694769343323	-5.22785434407582	1.71488521687745e-07	1.54801202966742e-06
ENSMUSG00000028949	1363.61639596709	-0.270518710353119	0.0517504699337039	-5.22736722390489	1.71940788845124e-07	1.55144219140371e-06
ENSMUSG00000074653	363.221946893944	-0.477603790712903	0.0913966537384873	-5.22561572198768	1.73576519632125e-07	1.56554351698454e-06
ENSMUSG00000036352	4423.57702279194	0.146671712189709	0.0280778657039832	5.22374861878841	1.75336775666916e-07	1.58075566000253e-06
ENSMUSG00000021557	22163.4820425934	0.25869540632693	0.0495250555996591	5.22352581323927	1.75547979941584e-07	1.5819953557624e-06
ENSMUSG00000003131	22161.8099580476	0.143186952355074	0.0274202966316049	5.22193301840635	1.77065019743521e-07	1.59499694243157e-06
ENSMUSG00000022525	543.929348694661	-0.334874606525238	0.0641602413480618	-5.21934767527732	1.79554420295864e-07	1.61674294717744e-06
ENSMUSG00000024560	1400.03605662845	0.230983114944834	0.0442600062384019	5.21877727943976	1.80108187041538e-07	1.62104920043339e-06
ENSMUSG00000024248	7483.27947411403	-0.136845949598794	0.0262348596425031	-5.21618760167063	1.82643199314492e-07	1.64317641093248e-06
ENSMUSG00000035934	4277.03367457503	-0.283770302511614	0.054404642526597	-5.21592072538452	1.82906393989571e-07	1.64485490296612e-06
ENSMUSG00000031981	531.805490364485	0.39731452353513	0.0761878789636015	5.214930891106	1.83885778797912e-07	1.65296990271188e-06
ENSMUSG00000050565	4738.3878264658	0.145842836716043	0.0279670390762784	5.21481148999242	1.84004261500625e-07	1.65334260249997e-06
ENSMUSG00000031849	1380.19567686289	-1.36675578381564	0.262135483238593	-5.21392894593988	1.8488230872256e-07	1.66053708746379e-06
ENSMUSG00000006476	3895.36217179057	-0.170553413430472	0.0327269881544642	-5.21139961384461	1.87421249578601e-07	1.68263678103482e-06
ENSMUSG00000035273	218.918665254056	-0.797743697683747	0.153092802238025	-5.21085045163283	1.87976934444811e-07	1.68692009815732e-06
ENSMUSG00000051243	460.079782997465	-0.682658109981744	0.131012230980527	-5.21064411217615	1.88186136026808e-07	1.68809176596384e-06
ENSMUSG00000059456	2591.63674290016	0.32633068313383	0.0626298997229649	5.21046152999303	1.88371438463121e-07	1.68904816125704e-06
ENSMUSG00000086171	291.389144094976	-0.393329456851983	0.0755254507394354	-5.20790611642927	1.90983506710716e-07	1.71113927774837e-06
ENSMUSG00000033781	3321.8201006091	-0.264970336414916	0.0508785830858867	-5.20789535289587	1.90994582571746e-07	1.71113927774837e-06
ENSMUSG00000055239	6172.25440695463	0.134162626019442	0.0257653098115127	5.20710315540216	1.91811474141728e-07	1.71774096951453e-06
ENSMUSG00000024269	4657.35946032164	-0.245306917213693	0.0471117628542231	-5.20691441695232	1.92006593445912e-07	1.71877128228105e-06
ENSMUSG00000024740	17905.1485448891	0.233977912536341	0.0449376686889835	5.20672120656097	1.92206534599125e-07	1.7198438814943e-06
ENSMUSG00000074235	51.4157448219325	-0.885283328158362	0.170059349645923	-5.20573158724641	1.93233788043812e-07	1.72797182130358e-06
ENSMUSG00000073494	7.34880175337625	5.1092077191448	0.981465782210164	5.20569113233818	1.93275894109285e-07	1.72797182130358e-06
ENSMUSG00000015027	253.102774798645	0.432176734807234	0.0830222370496827	5.20555395958083	1.93418731565551e-07	1.72809349470887e-06
ENSMUSG00000123723	34.8806178240573	1.16474152069529	0.223751084981765	5.20552345384252	1.93450510937548e-07	1.72809349470887e-06
ENSMUSG00000035198	3005.68818055623	-0.147107824356354	0.0282718186140513	-5.20333786674905	1.95740528836128e-07	1.74782287520646e-06
ENSMUSG00000021810	3235.4986232558	0.188588547228412	0.0362520553069552	5.20214773015174	1.96998528031418e-07	1.75832449177647e-06
ENSMUSG00000038058	751.719498666623	-0.319428501165731	0.0614043288641471	-5.20205182720008	1.97100238976816e-07	1.75850113461194e-06
ENSMUSG00000051022	585.874756768994	-0.693694593327982	0.133398281903643	-5.20017636980553	1.99099508077153e-07	1.77560034914174e-06
ENSMUSG00000041506	652.250455215472	0.296597878940169	0.0570558157692884	5.19838118062313	2.01031561177826e-07	1.79208616787509e-06
ENSMUSG00000074825	668.426263747421	0.320589270552923	0.0616823093383045	5.19742652296966	2.02066368747339e-07	1.80056316792461e-06
ENSMUSG00000120183	489.526247752932	-0.385391241731872	0.0741544775496595	-5.19714054318277	2.02377359247459e-07	1.80258605543815e-06
ENSMUSG00000027883	1189.21254616229	-0.260954435039365	0.0502173995294764	-5.19649439207203	2.03081724577172e-07	1.80810962246933e-06
ENSMUSG00000029227	3175.29064456024	0.196305556809891	0.0377817484045654	5.19577746132496	2.03866019186238e-07	1.81433995350406e-06
ENSMUSG00000062202	2460.28727369648	0.209203242959589	0.040272546211169	5.19468627244556	2.05065358983323e-07	1.82425735430419e-06
ENSMUSG00000063931	2404.52595814883	-0.187310231608499	0.036065091260326	-5.19367136094155	2.06186979972757e-07	1.83347543997316e-06
ENSMUSG00000053297	944.909656585022	-0.390574827310511	0.0752762311390215	-5.18855449323959	2.11932746205124e-07	1.88303389609135e-06
ENSMUSG00000072214	4689.15695210218	0.224553839438691	0.0432787106332565	5.1885519728524	2.11935614131962e-07	1.88303389609135e-06
ENSMUSG00000024008	324.204186321664	0.515354218990071	0.0993502290596697	5.1872474162143	2.13425102471637e-07	1.89548334698228e-06
ENSMUSG00000079614	3095.46927156698	0.139747465198551	0.0269427418593344	5.18683161231918	2.1390197235565e-07	1.89893289436989e-06
ENSMUSG00000041073	17194.7843618186	0.267493551365842	0.0515859975822657	5.18539068551039	2.15562496903127e-07	1.9128832403979e-06
ENSMUSG00000061119	1529.1225466368	0.209453690681827	0.0404025305200256	5.18417257498292	2.16975958090165e-07	1.92463054395185e-06
ENSMUSG00000026399	23523.4774523725	-0.340609678451606	0.0657119827182647	-5.18337241339902	2.17909312460506e-07	1.93211123555441e-06
ENSMUSG00000002083	405.783208387569	0.481083986413942	0.0928285471338206	5.18250044052091	2.18930849161406e-07	1.9401955642498e-06
ENSMUSG00000028637	228.454992159296	-0.498592509137977	0.0962085704129019	-5.18241261665306	2.19033993018583e-07	1.9401955642498e-06
ENSMUSG00000026491	1515.61410999756	0.36879250691508	0.0711630011683162	5.18236303782079	2.1909224111346e-07	1.9401955642498e-06
ENSMUSG00000056158	4763.80035159593	-0.359742707939701	0.0694202639118228	-5.18209939963127	2.19402230092995e-07	1.94213949326855e-06
ENSMUSG00000019302	21783.9785184042	0.285758257185391	0.0551513408177914	5.18134741509688	2.20288752886474e-07	1.94918316960472e-06
ENSMUSG00000020921	1090.4094281882	-0.228965765005298	0.0441923518612687	-5.18111744140889	2.20560561835662e-07	1.950784103982e-06
ENSMUSG00000028069	916.238960206906	0.279202985814355	0.0538981847670873	5.18019274713774	2.21656745124861e-07	1.95967203082795e-06
ENSMUSG00000033429	980.400084043036	-0.247237453577597	0.0477312858393717	-5.17977777530688	2.22150385061349e-07	1.96322773393451e-06
ENSMUSG00000018697	810.768662020034	0.250161860801128	0.0482997087320026	5.17936582576894	2.22641480375073e-07	1.96675803198819e-06
ENSMUSG00000032243	255.568118464477	-0.823323805083348	0.159017592549828	-5.17756426745903	2.24801515742092e-07	1.9850223516741e-06
ENSMUSG00000073725	9015.66444321855	0.186225463913522	0.0359754170232305	5.17646435601482	2.26130229779431e-07	1.99593401005151e-06
ENSMUSG00000022756	756.937483907835	-0.372532879812575	0.0719743892308461	-5.1759088724982	2.26804145149756e-07	2.00105950669325e-06
ENSMUSG00000058444	1840.7265255434	-0.201039194538504	0.0388419733921571	-5.17582339364605	2.26908020653371e-07	2.00115348042123e-06
ENSMUSG00000026975	460.123273312573	-0.331397448049859	0.0640619646882103	-5.17307656208752	2.30270602577087e-07	2.02997484801632e-06
ENSMUSG00000039542	6979.82628513622	0.34543974060201	0.0667863682439166	5.17230910566057	2.3121867032692e-07	2.03749588556554e-06
ENSMUSG00000003531	2725.54759893297	-0.258142445176353	0.0499214733085849	-5.17097008697379	2.32881848100796e-07	2.05130970510123e-06
ENSMUSG00000029062	3574.84951709265	0.197828996925184	0.0382644276903233	5.17004980516703	2.34031613841723e-07	2.06059172384185e-06
ENSMUSG00000033499	6765.52787131468	0.244247201777909	0.047249510907311	5.1693064560403	2.34964328790359e-07	2.06795583510203e-06
ENSMUSG00000022940	1786.60114610423	-0.272094308460831	0.0526425456549973	-5.1687148688449	2.35709186385553e-07	2.07320907286359e-06
ENSMUSG00000034683	24948.5070105169	-0.211238947300729	0.0408690393990494	-5.16867903936206	2.35754371883911e-07	2.07320907286359e-06
ENSMUSG00000027763	11753.4416516159	-0.191646739587735	0.0370900121927778	-5.16707135580433	2.37790498537512e-07	2.09006997333158e-06
ENSMUSG00000001891	8309.46894524343	-0.145394673031056	0.0281390255677712	-5.16701165365096	2.37866437382327e-07	2.09006997333158e-06
ENSMUSG00000063785	916.854015411525	0.232696419769924	0.0450591489999223	5.16424355396338	2.41413196230838e-07	2.12036647720588e-06
ENSMUSG00000000305	1115.34669048551	0.450341270425214	0.0872965861613257	5.15875007520884	2.48603895847702e-07	2.18263035920932e-06
ENSMUSG00000044072	768.678822976971	-0.299513553555685	0.0580665143706694	-5.1581114658223	2.49453107636684e-07	2.18855580821769e-06
ENSMUSG00000020032	4333.16520681111	-0.258058627392045	0.0500298881268666	-5.15808923533181	2.49482719775864e-07	2.18855580821769e-06
ENSMUSG00000028919	897.505440616564	0.292687902476944	0.0567503400212055	5.15746517761087	2.50315383302174e-07	2.19496324263255e-06
ENSMUSG00000029104	8185.29653030919	0.373937650040043	0.0725167900350591	5.15656649803802	2.5151918563328e-07	2.20461855402368e-06
ENSMUSG00000041444	3546.43634817845	0.245580394181755	0.0476317340024276	5.1558146963375	2.52530535949504e-07	2.21257978967023e-06
ENSMUSG00000027079	380.140538927696	0.387362167918587	0.0751365715423334	5.15544108504259	2.530345911662e-07	2.21609160912837e-06
ENSMUSG00000056632	9.0985930316193	3.01372705513681	0.584707665332244	5.15424584595507	2.54653676513264e-07	2.22936207994851e-06
ENSMUSG00000024436	918.139510749627	0.247134508660414	0.0479582282857871	5.15312006915099	2.56187816310845e-07	2.24187837950615e-06
ENSMUSG00000029471	1855.54593145591	0.248314916055943	0.0482047766510961	5.15125125157688	2.58754257789504e-07	2.2634143837447e-06
ENSMUSG00000040711	3904.49075118545	0.346215263405528	0.0672195134908778	5.15051724455745	2.59769044875319e-07	2.27136550602591e-06
ENSMUSG00000026142	1361.79357432663	0.230933486520441	0.0448426207320198	5.149865970156	2.60672669396272e-07	2.27833856728843e-06
ENSMUSG00000038236	2365.49545801089	-0.192557402269593	0.0374140093950871	-5.14666579131393	2.65157120017417e-07	2.31659045107606e-06
ENSMUSG00000028149	37512.7309593862	0.216323460482266	0.0420325253457536	5.14657300989698	2.6528824093841e-07	2.31679307566473e-06
ENSMUSG00000022664	4636.33370331408	-0.204881029899425	0.0398285613714394	-5.1440730682867	2.68844889287249e-07	2.34689889932497e-06
ENSMUSG00000002052	8909.30236928536	0.297978868116562	0.0579284743066766	5.14391016996313	2.6907823487619e-07	2.34792342583533e-06
ENSMUSG00000020477	1306.2536881425	-0.222176416388914	0.0431927281236887	-5.14383846634275	2.69181009549089e-07	2.34792342583533e-06
ENSMUSG00000049858	857.554460128114	-0.307136764099203	0.0597377424808017	-5.14141899818042	2.72671205990008e-07	2.37740053118665e-06
ENSMUSG00000029402	590.784128447863	0.266083928436783	0.0518044274217326	5.1363163667582	2.80175854367892e-07	2.44184120579016e-06
ENSMUSG00000027479	14263.5605273875	0.14676598837516	0.0285797763079404	5.13530920584509	2.81680517717833e-07	2.45395860118953e-06
ENSMUSG00000021747	758.58906018388	-0.415306532409097	0.0809235675044401	-5.13208383189866	2.86551809317956e-07	2.49538382913559e-06
ENSMUSG00000027525	1920.12707060842	-0.271196140997272	0.052847977302483	-5.13162763912499	2.87247331739893e-07	2.50042628675124e-06
ENSMUSG00000042659	1436.84622770443	0.266359072521093	0.0519089562215016	5.13127390549924	2.8778776436873e-07	2.50411518035637e-06
ENSMUSG00000045314	75.7277333202504	-0.991192674767418	0.193182815397046	-5.13085324245967	2.88431729656775e-07	2.50870158379754e-06
ENSMUSG00000039678	5862.04536084917	-0.171827634655747	0.0334970159639454	-5.12964005034639	2.90296728490327e-07	2.52390019188876e-06
ENSMUSG00000066438	4807.43874495397	-0.295231093709202	0.0575686912429869	-5.12832734833394	2.92327816766712e-07	2.54052992498552e-06
ENSMUSG00000021585	12337.5682815926	0.188548144315448	0.0367751959909905	5.127046620272	2.94322654567332e-07	2.55683128407217e-06
ENSMUSG00000031851	1019.56609215997	-0.185045328793018	0.0360940800607488	-5.12675010643224	2.94786369399905e-07	2.55942637446525e-06
ENSMUSG00000001440	15100.4184734129	0.20239714928573	0.039479006830493	5.12670316542517	2.94859844593896e-07	2.55942637446525e-06
ENSMUSG00000025650	15.3926243115705	1.89695951026947	0.370193030358991	5.12424425827226	2.98733513867745e-07	2.59200226705134e-06
ENSMUSG00000078813	592.234666046407	0.320936237189909	0.0626500949189897	5.12267758899486	3.01227164504784e-07	2.6125827528322e-06
ENSMUSG00000024817	2153.35459495056	0.325287902678683	0.0635094553979378	5.12188146852295	3.02502030827867e-07	2.62152972698964e-06
ENSMUSG00000038637	301.179970981058	-0.36808194880535	0.0718646055988541	-5.12188087220532	3.0250298768999e-07	2.62152972698964e-06
ENSMUSG00000022515	1124.94172368038	0.268066130267266	0.0523416851409989	5.12146541604737	3.03170346989971e-07	2.62625289285178e-06
ENSMUSG00000020706	1573.57088399516	0.212795055356204	0.0415521099407068	5.12116125173557	3.03659836105262e-07	2.62943204591995e-06
ENSMUSG00000078622	8124.29687351146	0.17151495076261	0.0334932815662758	5.12087626956527	3.04119147929572e-07	2.63234743123233e-06
ENSMUSG00000127834	8.03469040299572	2.79588468153176	0.546262312856074	5.11820899178231	3.08450703362937e-07	2.66876372365531e-06
ENSMUSG00000042156	661.177237969946	-0.294576447589252	0.0575712370354822	-5.11672951212946	3.10878942039933e-07	2.68868951242111e-06
ENSMUSG00000026927	2091.5807990513	0.211615159448111	0.0413691558378056	5.11528831474788	3.13262089475175e-07	2.70820942918812e-06
ENSMUSG00000050538	818.651605304328	-0.252792143755808	0.0494394685800485	-5.11316466410852	3.16805905951816e-07	2.73774379112789e-06
ENSMUSG00000079055	1555.91251937333	0.279067897626338	0.0545872827485268	5.11232440185658	3.18218743862103e-07	2.74884650130539e-06
ENSMUSG00000015289	345.028361385868	-0.416916566115017	0.0815571474429607	-5.11195620723002	3.18839750502852e-07	2.75310301057692e-06
ENSMUSG00000020840	4153.56938426872	0.173123080140783	0.0338780926050566	5.11017790048022	3.21855598193952e-07	2.77802664689641e-06
ENSMUSG00000024962	2111.65546921368	-0.241727111691771	0.0473143353120312	-5.10896137708826	3.23934556426931e-07	2.79484694061917e-06
ENSMUSG00000026509	20268.3689380761	0.21781921685995	0.0426361795355003	5.10878833969133	3.24231317045492e-07	2.79628342776157e-06
ENSMUSG00000050558	969.102742452413	0.483358564262017	0.0946151158924625	5.10868226184273	3.24413371214686e-07	2.79672989015841e-06
ENSMUSG00000031782	1482.342157252	-0.219954430968266	0.0430760577356923	-5.10618757913897	3.28723386821078e-07	2.83274838277851e-06
ENSMUSG00000104117	59.3032235579222	-0.808608483000776	0.158368584073751	-5.10586419478381	3.29286122879382e-07	2.83645903440161e-06
ENSMUSG00000036502	13731.6982495508	-0.28608513123211	0.0560336718551028	-5.10559315070224	3.29758495494281e-07	2.83938863388698e-06
ENSMUSG00000069805	165.332310931564	-0.812347422866068	0.159149565750136	-5.10430184988033	3.32017957095744e-07	2.8576974607126e-06
ENSMUSG00000049556	4416.65573544765	-0.353894164004897	0.0693504523870369	-5.10298277551031	3.34341443571781e-07	2.87654245599673e-06
ENSMUSG00000113679	79.2211541867895	-0.782047444484264	0.153269753052642	-5.10242516157551	3.35328367027745e-07	2.88387769495896e-06
ENSMUSG00000045427	5727.32762760709	0.160951399738166	0.0315478974945294	5.10181065999963	3.3641923340919e-07	2.89210062649646e-06
ENSMUSG00000040124	626.728384648459	0.334156509032304	0.0655136854281656	5.10056039205274	3.38649300867654e-07	2.91010644212372e-06
ENSMUSG00000013419	2998.57000731599	-0.232807494534453	0.0456528587871277	-5.09951623445969	3.40522664169265e-07	2.92497575723655e-06
ENSMUSG00000027639	2562.74786249061	0.333182512229129	0.0653370240565252	5.09944425906025	3.40652165894501e-07	2.92497575723655e-06
ENSMUSG00000020629	2107.2536307215	-0.217859680298146	0.0427438455787317	-5.09686663304222	3.45321425307205e-07	2.96388233332446e-06
ENSMUSG00000045302	4541.40248336629	0.154873524678177	0.0303942258785872	5.09549166663546	3.4783732257913e-07	2.98428296022526e-06
ENSMUSG00000032890	17173.3835522931	-0.273909429289342	0.0537697896000103	-5.09411383840136	3.50376200327443e-07	3.00486436924846e-06
ENSMUSG00000037364	3623.98777157092	0.283528396544434	0.055664454274781	5.09352692374976	3.51463112338981e-07	3.01298209643313e-06
ENSMUSG00000115424	680.133356047311	-0.548873486377157	0.10780734083364	-5.09124408535536	3.55721749245864e-07	3.04827268235996e-06
ENSMUSG00000026223	16742.3628874803	-0.272171177998981	0.0534767710281005	-5.08952153928596	3.58968085864955e-07	3.07486389911298e-06
ENSMUSG00000027800	1383.95417050635	0.644180611176077	0.126574352492223	5.08934549924444	3.5930145951787e-07	3.07649187475492e-06
ENSMUSG00000002228	8536.01227815734	0.234092247787512	0.0460104157728268	5.08780987642724	3.6222222651355e-07	3.10026408067777e-06
ENSMUSG00000030350	2221.9968961836	-0.490061780879761	0.0963328151015293	-5.08717388112518	3.63438593716429e-07	3.10943517445869e-06
ENSMUSG00000068732	4274.19439446028	0.118216406039175	0.0232397671685687	5.08681542210375	3.64125897507239e-07	3.11377636481734e-06
ENSMUSG00000042225	235.64391428337	0.520685505550246	0.102360974437492	5.08675799943863	3.64236115347822e-07	3.11377636481734e-06
ENSMUSG00000021265	539.056759526095	-0.427197967215016	0.0840194718182277	-5.08451145871566	3.6857351804347e-07	3.149601567803e-06
ENSMUSG00000059975	666.266749444756	-0.24534661472743	0.0482557234552722	-5.08430082816683	3.68982729479453e-07	3.1518437210529e-06
ENSMUSG00000015843	731.516663593511	-0.60164060574241	0.118341266479532	-5.08394597793549	3.69673121625592e-07	3.15648497566227e-06
ENSMUSG00000032504	11237.0831234436	0.212439280036152	0.0417986303793497	5.08244595835145	3.72605339448364e-07	3.18025694496962e-06
ENSMUSG00000025025	2555.67052143571	-0.240968779021391	0.047438877838425	-5.07956321905677	3.78303622834232e-07	3.22760952613658e-06
ENSMUSG00000000374	5817.44454981044	-0.256242248022329	0.0504540007487707	-5.07873001584661	3.79966213495332e-07	3.24050645168486e-06
ENSMUSG00000054509	2415.46853249359	0.341100386324531	0.067171768965646	5.07803191098007	3.81364653251142e-07	3.25114124173511e-06
ENSMUSG00000030747	1010.57470767458	0.217563674625448	0.0428518896043322	5.07710807234633	3.83222919102938e-07	3.26568605854056e-06
ENSMUSG00000118426	4992.26635256091	-0.211342519449867	0.0416391646649213	-5.07557058722437	3.86334899145554e-07	3.29038076806823e-06
ENSMUSG00000035399	619.684769532172	0.346130111827054	0.0681959218083538	5.07552508491283	3.86427369621728e-07	3.29038076806823e-06
ENSMUSG00000022604	1029.31372312321	0.275624169146899	0.0543133913123682	5.07470004150034	3.88107744432265e-07	3.3033786050686e-06
ENSMUSG00000033863	7233.15676948511	0.29314579761552	0.0577695073009241	5.07440363111476	3.88713166627552e-07	3.30722030710545e-06
ENSMUSG00000030782	3721.28672587908	0.199085688239881	0.0392412483584417	5.07337805416816	3.90814961071971e-07	3.32378524341162e-06
ENSMUSG00000033917	11150.0504089569	0.13807634572049	0.027216274529635	5.07330074033987	3.90973850052467e-07	3.32381966939654e-06
ENSMUSG00000000567	187.132307968268	1.15502837823975	0.227740783731953	5.0716800008873	3.94319045525821e-07	3.35093136629346e-06
ENSMUSG00000087200	55.2685517855196	-0.917658072807039	0.180958203650961	-5.07110511871045	3.95512220892765e-07	3.35974093141436e-06
ENSMUSG00000031349	6227.20130512215	0.196498635580426	0.0387497401074709	5.07096654159343	3.9580036018074e-07	3.36085859637649e-06
ENSMUSG00000021573	1432.69924907964	-0.435385689488066	0.085876406834861	-5.06991041585271	3.98002995291635e-07	3.37822550293801e-06
ENSMUSG00000030600	2135.65795781313	-0.280164659126187	0.055269108076111	-5.06910042297721	3.99700310060886e-07	3.39129124733873e-06
ENSMUSG00000041360	2938.88658863333	0.163898147231465	0.0323431709664017	5.06747305023752	4.03131556558695e-07	3.41905254566928e-06
ENSMUSG00000006941	5898.00060881344	0.164783769679726	0.0325254237190923	5.06630662533073	4.05608382122144e-07	3.43870044653789e-06
ENSMUSG00000038074	1306.97771453854	-0.301764895161261	0.0595663141928996	-5.06603269398246	4.06192182609636e-07	3.44229032447629e-06
ENSMUSG00000031555	7958.730700727	0.2339177715693	0.0461784613242221	5.06551679855566	4.07293857218175e-07	3.45026438004946e-06
ENSMUSG00000007670	2690.90107370005	0.232207294404775	0.0458446089364492	5.06509488883777	4.08196971492994e-07	3.45564693646473e-06
ENSMUSG00000007338	2260.2171246272	-0.183058848392634	0.0361414282011169	-5.06506957539041	4.08251217314569e-07	3.45564693646473e-06
ENSMUSG00000038539	6152.03416851118	0.233801256469501	0.0461603332962192	5.064981982889	4.08438978625874e-07	3.4558735180067e-06
ENSMUSG00000028577	6387.51785799587	0.168352029900615	0.033248307269204	5.06347672191268	4.11678670921001e-07	3.48191266745083e-06
ENSMUSG00000010492	39.6418199153598	-1.39332257867519	0.275434205092746	-5.0586403319298	4.22256445470043e-07	3.56997119277666e-06
ENSMUSG00000125324	96.1915827771862	-0.789876497476988	0.15614681229469	-5.05855025708935	4.22455916083011e-07	3.57025145458186e-06
ENSMUSG00000027472	5023.72394810598	0.210095295779596	0.041542255577801	5.05738778160773	4.25038388022552e-07	3.59066274588434e-06
ENSMUSG00000119994	209.217279577853	-0.409296527655195	0.0809449229569608	-5.05648177431489	4.2706166294632e-07	3.60633582093065e-06
ENSMUSG00000015396	242.868983219904	-0.697790092310018	0.138035660076568	-5.05514366304297	4.30066907766677e-07	3.63028558478941e-06
ENSMUSG00000047473	416.327622237941	-0.3886226799361	0.0768870841458513	-5.05445985178603	4.31610536462487e-07	3.64188355963197e-06
ENSMUSG00000097083	52.0603498807479	-0.816094033144132	0.161481914119023	-5.05377978454364	4.33151014081077e-07	3.65334540095684e-06
ENSMUSG00000071489	2468.66609140109	-0.408906048461172	0.0809120517855434	-5.05371003994527	4.33309297998515e-07	3.65334540095684e-06
ENSMUSG00000027316	764.915214130002	-0.294228802473674	0.0582372794367705	-5.05224154217446	4.36655008877208e-07	3.68010852789876e-06
ENSMUSG00000024513	3568.39332121168	0.15849972167958	0.031373472532799	5.05202991201812	4.37139220357559e-07	3.68172187006033e-06
ENSMUSG00000028294	533.512154920962	-0.36067289068125	0.0713919877341398	-5.05200796515679	4.37189464585101e-07	3.68172187006033e-06
ENSMUSG00000057691	1036.28511211075	0.204351528201246	0.0404603559729333	5.05066065997912	4.40284620631335e-07	3.70633320253813e-06
ENSMUSG00000028245	1398.25486624025	-0.249249164484131	0.04935344863971	-5.05028871039388	4.41142814815092e-07	3.71140130544126e-06
ENSMUSG00000029701	1393.96672830139	0.256083739458666	0.0507071421811239	5.05024989465872	4.41232466760743e-07	3.71140130544126e-06
ENSMUSG00000002871	1236.0261818106	-0.177821798304322	0.0352132360695496	-5.04985676275554	4.42141466892188e-07	3.71759057121336e-06
ENSMUSG00000029203	5208.74187065775	0.114731840559123	0.0227277622245558	5.04809225939379	4.46243652247659e-07	3.74865622200522e-06
ENSMUSG00000059187	1534.33895870657	-0.29856857811234	0.0591456470436194	-5.04802285605479	4.46405751957047e-07	3.74865622200522e-06
ENSMUSG00000040782	3406.48178312959	0.153531792655122	0.0304145156030449	5.04797757291098	4.465115467166e-07	3.74865622200522e-06
ENSMUSG00000025171	1509.73460544455	0.227062588345262	0.0449809910715849	5.0479676622488	4.46534704167864e-07	3.74865622200522e-06
ENSMUSG00000078453	491.895913723418	0.37402971880437	0.0740971601512012	5.04782798748472	4.46861194261236e-07	3.74993056919926e-06
ENSMUSG00000099672	58.1504874768853	-0.957662756080255	0.189734953521727	-5.0473712845461	4.47930346731707e-07	3.75743369399876e-06
ENSMUSG00000005936	6671.50241152628	0.161079963769649	0.0319179464715786	5.04668945143707	4.49531127599248e-07	3.76938874415838e-06
ENSMUSG00000020515	2474.24135128424	-0.170252518008521	0.0337470746043356	-5.04495634079785	4.53624936336803e-07	3.80223072370395e-06
ENSMUSG00000024830	774.687455072437	0.241899943588996	0.0479565923561414	5.04414370797173	4.55556831563636e-07	3.8169332343267e-06
ENSMUSG00000041238	484.939621756176	0.272054830814064	0.0539409646029783	5.04356629171297	4.56934360215263e-07	3.8269812627315e-06
ENSMUSG00000048186	283.965600645125	0.408460202801692	0.0809883630254328	5.0434431261862	4.57228712866619e-07	3.8279530227749e-06
ENSMUSG00000041057	1431.42584416943	0.188150091587744	0.037313750372198	5.04237954402815	4.5977818312341e-07	3.84779667794429e-06
ENSMUSG00000022421	10894.4405364175	0.229310246684208	0.0454878613570584	5.04113053115929	4.627896503102e-07	3.87148972469164e-06
ENSMUSG00000028211	1756.52166254543	0.329539969226547	0.0653826743913651	5.04017268021188	4.6511198435348e-07	3.88940158010588e-06
ENSMUSG00000033066	1535.89847770451	0.506043413670144	0.100416565228432	5.03944157539124	4.66892126769304e-07	3.90276728708329e-06
ENSMUSG00000020892	26.5047789244084	1.39246985629101	0.27643334030681	5.03727175146647	4.72214136913408e-07	3.94571765783699e-06
ENSMUSG00000026035	1061.4414710146	-0.227060730267658	0.0450894249535871	-5.03578678373884	4.75890047763085e-07	3.97488551178302e-06
ENSMUSG00000030232	2316.69550625511	0.219046473717684	0.0435024930584938	5.03526254054341	4.77194346570196e-07	3.9842294218109e-06
ENSMUSG00000007950	6409.83650651764	-0.170602807815865	0.0339045660233475	-5.03185345886403	4.85760517854025e-07	4.05417390212073e-06
ENSMUSG00000097596	711.483277253985	-0.571022312551244	0.113490554553338	-5.0314523071863	4.86778210879798e-07	4.06108864156461e-06
ENSMUSG00000032114	916.996676623331	-0.285540523514694	0.0567602052026321	-5.03064642728693	4.88828888817088e-07	4.07661263688718e-06
ENSMUSG00000021707	416.745755003486	-0.317295459020472	0.063095115663564	-5.02884344823704	4.93447046019378e-07	4.11352787955416e-06
ENSMUSG00000114797	3630.38066710638	0.221375647274036	0.0440219223930954	5.02875920086483	4.93663863351146e-07	4.11373776812721e-06
ENSMUSG00000020238	2488.2558492142	0.195265223079539	0.0388331490479836	5.0283128684275	4.9481406911516e-07	4.1217224709453e-06
ENSMUSG00000023150	10226.9512935899	0.197903821699174	0.0393593402459013	5.02812853220483	4.95289860228977e-07	4.12406270115182e-06
ENSMUSG00000018293	10892.5611834441	0.170434928575122	0.0338967894600401	5.02805520198432	4.95479255859058e-07	4.12406270115182e-06
ENSMUSG00000034850	7969.39414275147	0.154835658958704	0.030803942731626	5.02648833974543	4.99542842549316e-07	4.15627389851303e-06
ENSMUSG00000112346	142.415939369549	0.543212732154916	0.108094059347115	5.02537082459392	5.02460683642085e-07	4.17893104806703e-06
ENSMUSG00000026112	6882.2932238165	-0.157314457078684	0.0313263360185852	-5.02179562223149	5.11906384396739e-07	4.25432041320764e-06
ENSMUSG00000089704	2585.87541577074	0.23558858161653	0.0469132691895223	5.02178990478767	5.11921626167676e-07	4.25432041320764e-06
ENSMUSG00000028328	15938.6813194174	0.240896480717745	0.0479812685642147	5.0206359257748	5.15006920190316e-07	4.27830439195252e-06
ENSMUSG00000085057	11.4353008962182	2.23492551144085	0.445158469485677	5.02051665786123	5.15326816978158e-07	4.27930578462404e-06
ENSMUSG00000054679	632.786651976289	-0.297425031073115	0.0592564473830359	-5.01928556652322	5.18640029231488e-07	4.30515346770422e-06
ENSMUSG00000116811	76.8731941177613	0.746563228499795	0.148756156518056	5.0187047445608	5.20210306735003e-07	4.31651891935585e-06
ENSMUSG00000034120	5573.18897606057	0.187474109821002	0.0373596009838476	5.01809721956227	5.21857682232672e-07	4.32851507218182e-06
ENSMUSG00000005267	795.440639886654	0.272116195019496	0.054255815258865	5.01542910600785	5.29152336202604e-07	4.38678020564316e-06
ENSMUSG00000034265	1936.28496370384	0.268505576697481	0.0535364508144088	5.01537873005985	5.29291005898434e-07	4.38678020564316e-06
ENSMUSG00000025665	491.95302959039	-0.317202743664823	0.0632477477917772	-5.01524172384937	5.29668319676802e-07	4.38821310311935e-06
ENSMUSG00000038567	6.3354894517086	5.0392111047183	1.00508006650541	5.01374096716419	5.33818406195183e-07	4.42088962476304e-06
ENSMUSG00000054920	7128.93831746558	-0.295285970653581	0.0589271576272797	-5.01103366500884	5.41384416542691e-07	4.4818194699211e-06
ENSMUSG00000021814	16979.2524382341	0.124456348514673	0.0248405177678297	5.01021555500158	5.43691033471733e-07	4.49917953913039e-06
ENSMUSG00000005124	396.701915575358	0.523270929604162	0.104505593428148	5.00710930811498	5.52535521301072e-07	4.5706078999032e-06
ENSMUSG00000046909	289.370043568376	-0.370956928819126	0.0741096957141888	-5.00551142794806	5.57139071875867e-07	4.60691345026478e-06
ENSMUSG00000020923	5223.81288147659	0.143428244629016	0.028657033809891	5.00499268628117	5.58641520398953e-07	4.61755828913513e-06
ENSMUSG00000026203	7337.99237482491	0.10297623080246	0.0205812863352074	5.00339138794757	5.63304093952864e-07	4.65430549684072e-06
ENSMUSG00000071477	1207.85377564812	0.223662825388462	0.0447109022207531	5.00242254750669	5.66143303647458e-07	4.67596466183006e-06
ENSMUSG00000055963	1756.55252459671	-0.293237358373636	0.0586262050827286	-5.00181374455062	5.67934468181502e-07	4.68895434384004e-06
ENSMUSG00000036867	191.210536284299	-1.04481369403259	0.20907259962417	-4.99737266342292	5.81166898601093e-07	4.79635857184585e-06
ENSMUSG00000004151	7364.97483140661	-0.463904576965476	0.0928352288551482	-4.99707473861363	5.82065139300502e-07	4.80192554966356e-06
ENSMUSG00000028525	1207.21416887626	0.267229940826143	0.0534924957949399	4.99565288279971	5.86370489531383e-07	4.83549091947892e-06
ENSMUSG00000039059	203.362423412188	-0.528815568991699	0.105856637347884	-4.99558253729349	5.86584289309751e-07	4.83549091947892e-06
ENSMUSG00000036214	219.393319700394	-0.390599947612194	0.0782098309991244	-4.99425638212371	5.90628937859618e-07	4.86696383113035e-06
ENSMUSG00000037926	2511.69287267664	0.326772227434576	0.0654755024260563	4.99075555477578	6.0143570825322e-07	4.95411316706202e-06
ENSMUSG00000024749	38.2669628424164	1.13751797788023	0.227966074859432	4.98985640114058	6.0424193776138e-07	4.97531930801143e-06
ENSMUSG00000003348	2440.24305905498	0.244165471372108	0.0489367227998848	4.98941198761031	6.0563359449155e-07	4.98486608104126e-06
ENSMUSG00000021255	254.866250702727	-0.783765777301416	0.157099725494514	-4.98896974411827	6.07021522495498e-07	4.99437485699056e-06
ENSMUSG00000031403	1054.98770980495	-0.237556357449227	0.0476302279122283	-4.98751250754015	6.11616612950946e-07	5.03025372168774e-06
ENSMUSG00000049583	50.1290058020272	-0.89454622646606	0.179371443754336	-4.98711616377029	6.12872188260668e-07	5.03864971015071e-06
ENSMUSG00000034723	12183.1440863283	0.171720217943599	0.034434173095683	4.98691278185876	6.13517444894496e-07	5.04202353449665e-06
ENSMUSG00000045007	2551.65820708137	-0.180158880401579	0.0361277598055715	-4.98671607016706	6.14142162269143e-07	5.04522604487923e-06
ENSMUSG00000023051	688.402938509513	0.349386495094661	0.070106518265844	4.98365207311803	6.23952323513696e-07	5.12385637970352e-06
ENSMUSG00000041939	3797.55932587127	0.210048414532153	0.0421882884145163	4.97883233537104	6.39690270827645e-07	5.2510865596888e-06
ENSMUSG00000035407	6224.4703177843	-0.298619084227154	0.0599944152567498	-4.97744803327436	6.44280717658631e-07	5.2855484935036e-06
ENSMUSG00000051185	3528.38564993882	-0.268845761506363	0.0540130978326992	-4.97741792813085	6.44380900377291e-07	5.2855484935036e-06
ENSMUSG00000042515	94.5454237207224	-0.741816005461446	0.149084633467795	-4.97580460310612	6.49771675706149e-07	5.32773063052261e-06
ENSMUSG00000068922	1522.28315847488	-0.197831211875817	0.0397596703572134	-4.97567535390609	6.50205425293136e-07	5.32925149268517e-06
ENSMUSG00000034485	4985.65626210596	-0.254786722341719	0.0512152490612131	-4.97482150359544	6.53077894705267e-07	5.35075194188674e-06
ENSMUSG00000020436	5162.05921999356	-0.299437162037164	0.0601952576780229	-4.9744311028423	6.54395326764944e-07	5.35950022294403e-06
ENSMUSG00000027865	2505.42694394211	0.201745641705975	0.0405646476455576	4.97343508240898	6.57768073527468e-07	5.38506844635417e-06
ENSMUSG00000068349	3.72058746677985	5.23377542097683	1.05255601856633	4.9724435836733	6.61142143646582e-07	5.41062800439097e-06
ENSMUSG00000074282	313.01344237502	-0.354151114250056	0.0712312432634028	-4.97185080626006	6.6316732525738e-07	5.42513330944166e-06
ENSMUSG00000021650	1790.56504520838	-0.197538431605103	0.0397422961223953	-4.97048361264129	6.67861064409616e-07	5.46144975566355e-06
ENSMUSG00000037031	3680.76611807565	0.228786228342863	0.0460300528219309	4.97036640883146	6.68264925591173e-07	5.46267132244483e-06
ENSMUSG00000019951	8839.28832069135	0.268929725092502	0.0541118878954307	4.96988250737433	6.69934847523294e-07	5.47423731897032e-06
ENSMUSG00000023927	2535.89615169484	-0.241463742680521	0.0486119155295967	-4.96717193819506	6.79363504976525e-07	5.54916932946198e-06
ENSMUSG00000042298	3247.63072846683	0.22598564490608	0.0455083949986633	4.96580125299339	6.8417995558184e-07	5.58638528966138e-06
ENSMUSG00000024695	4704.25930747508	-0.113543268633852	0.0228688487247343	-4.96497528146429	6.87098206922985e-07	5.60807988966114e-06
ENSMUSG00000027957	2285.05709995443	-0.208578743879338	0.0420200483425041	-4.96379114510339	6.9130282701284e-07	5.64025331990027e-06
ENSMUSG00000022106	1842.08360728334	-0.173086707127662	0.034874260487211	-4.96316494484909	6.93536343795901e-07	5.65632642702235e-06
ENSMUSG00000051758	5.91093921891884	3.62469783919743	0.730623508550499	4.9611021227452	7.00943257057727e-07	5.71456435852684e-06
ENSMUSG00000039084	281.172985047038	-2.64264862875392	0.532768303231599	-4.96022119319875	7.04129556837924e-07	5.7383618326055e-06
ENSMUSG00000051674	3375.22183325077	-0.252750820942016	0.0509622527212659	-4.95956923891133	7.06496640121831e-07	5.7554675054479e-06
ENSMUSG00000025900	25.4276700235773	1.26006573071954	0.254074881358708	4.95942662250249	7.0701546579317e-07	5.75750910042344e-06
ENSMUSG00000039081	1088.59687839727	-0.318755133757785	0.0642913835564445	-4.95797595455284	7.12313766482884e-07	5.79845555984892e-06
ENSMUSG00000030226	62.0365279568606	-0.962032249819417	0.194065016526215	-4.9572677602584	7.14914193481464e-07	5.81741777000497e-06
ENSMUSG00000021033	2016.12257270244	-0.167542806630903	0.033798740677872	-4.95707246100425	7.15632922578102e-07	5.82105961199755e-06
ENSMUSG00000035863	9763.00992681329	-0.143542619194905	0.0289631085332789	-4.95605017776227	7.19406444542161e-07	5.84953740096289e-06
ENSMUSG00000028879	12650.2373528008	0.131004680990018	0.0264338183231031	4.95594996487967	7.19777387245019e-07	5.8503375216212e-06
ENSMUSG00000021775	2934.00061562825	-0.315952231651607	0.0637612206295125	-4.95524126627784	7.22405933134901e-07	5.86947984885457e-06
ENSMUSG00000033530	4303.34847238436	-0.207096562584076	0.0418213066391119	-4.95193907668098	7.34776102389977e-07	5.96772751188166e-06
ENSMUSG00000048376	1225.67365847381	-0.37692058889145	0.0761174957567098	-4.95182592575275	7.3520356705951e-07	5.96894091168663e-06
ENSMUSG00000074274	1993.52910627524	-0.419024322776345	0.0846664865438783	-4.94911670344542	7.45510377642498e-07	6.05033110263662e-06
ENSMUSG00000057766	2052.76627234217	-0.271739318745863	0.0549169853120268	-4.94818346640656	7.49092857208045e-07	6.07710781286013e-06
ENSMUSG00000049680	3702.482120115	-0.14580295847516	0.0294905317068208	-4.94406000965515	7.65121343519862e-07	6.20479590479689e-06
ENSMUSG00000055629	1414.01875940678	0.279966163190579	0.0566352686892609	4.94331835391584	7.68039109571895e-07	6.2261055612048e-06
ENSMUSG00000029501	1742.54409907851	0.242742409088123	0.0491163511881662	4.94219141316442	7.72493161321966e-07	6.25984832047464e-06
ENSMUSG00000041774	929.979030886099	0.277751920353102	0.056221463321355	4.94031823336767	7.79951706861835e-07	6.31790314697968e-06
ENSMUSG00000021693	6783.03234231445	0.212564425302329	0.0430510811196429	4.93749331663921	7.91331175601119e-07	6.407663151812e-06
ENSMUSG00000030062	7802.08556372757	0.195769625344472	0.0396624223445431	4.93589684573077	7.9783270886513e-07	6.45787214498449e-06
ENSMUSG00000021461	621.504728405863	-0.296902695681521	0.0601549845390975	-4.93562915785558	7.98927876505867e-07	6.46429920734072e-06
ENSMUSG00000116775	200.662033207447	0.558022893939583	0.11306518006868	4.93540888185576	7.99830158009422e-07	6.46916133075744e-06
ENSMUSG00000028932	10661.6675691717	0.130828837789086	0.0265091854511936	4.93522662286082	8.00577458452544e-07	6.47276675071273e-06
ENSMUSG00000057388	1646.52530232103	-0.209847321335719	0.0425210678322753	-4.93513761609807	8.00942649374134e-07	6.4732812166661e-06
ENSMUSG00000032840	2085.11483590414	0.248463145195367	0.0503576553591121	4.93396968988168	8.0574949160088e-07	6.50967955841343e-06
ENSMUSG00000037885	1722.61428538393	0.278240293151579	0.0564160638360694	4.93193381870939	8.14195049001826e-07	6.57543676518931e-06
ENSMUSG00000026860	12503.0859171342	-0.149782698483471	0.0303747866537195	-4.93115228070678	8.17459755517661e-07	6.59931971114784e-06
ENSMUSG00000031210	250.006506078939	-0.503675304733615	0.102201869696223	-4.92823963231496	8.29738124536176e-07	6.69592427868179e-06
ENSMUSG00000039706	7703.64844872969	-0.228450598334422	0.046360436144264	-4.92770597807862	8.3200693200655e-07	6.71171018506299e-06
ENSMUSG00000026883	6858.13830073666	-0.216115140372377	0.0438623845596192	-4.92711790620106	8.34514013234696e-07	6.72940563790232e-06
ENSMUSG00000024304	4766.69017240363	0.290237832673255	0.0589121521366264	4.92662077596737	8.36639063476547e-07	6.74400831265023e-06
ENSMUSG00000022490	2771.46762516321	-0.445137326005595	0.0903756135675503	-4.92541415138368	8.41818640781942e-07	6.78321281645089e-06
ENSMUSG00000021270	83109.2318648967	0.275190355971409	0.0559045893062109	4.92250027031029	8.5445446556923e-07	6.8824463631929e-06
ENSMUSG00000028423	2674.88418608636	0.182293354745283	0.0370333018271394	4.92241700716223	8.54818200626505e-07	6.88279350887043e-06
ENSMUSG00000002012	616.585256897675	-0.298306985974896	0.0606067678376717	-4.92200783209355	8.56607849859886e-07	6.89461721225808e-06
ENSMUSG00000075419	1615.78779590838	-0.20138162744118	0.0409184141419879	-4.92154037892036	8.58656811492969e-07	6.90851840911098e-06
ENSMUSG00000025329	20.9296633923761	1.60063229400199	0.32525620168954	4.92114304258465	8.60402143984965e-07	6.91996718725412e-06
ENSMUSG00000050394	511.01688974725	-0.346827984974823	0.0704796504226868	-4.9209663058031	8.61179572111637e-07	6.9228664037088e-06
ENSMUSG00000015944	4227.69807188367	-0.268258076242552	0.0545138666420979	-4.92091448958772	8.61407629008954e-07	6.9228664037088e-06
ENSMUSG00000030528	407.994404544954	0.503866721156342	0.102403615703095	4.92039971144412	8.6367646529549e-07	6.9360572453809e-06
ENSMUSG00000048078	1571.93261055497	0.567253623610284	0.115286185294744	4.92039546767919	8.63695193184717e-07	6.9360572453809e-06
ENSMUSG00000043518	554.76357770515	-0.284986942045895	0.0579241327432252	-4.92000360729142	8.65426173584753e-07	6.94735910327984e-06
ENSMUSG00000097383	98.5841075865879	-0.687307207749541	0.139710598033671	-4.91950659021511	8.67626472966207e-07	6.9624186425019e-06
ENSMUSG00000039375	1063.93149603584	-0.348365201852273	0.0708320564688202	-4.91818562412657	8.73500619231285e-07	7.00693732900552e-06
ENSMUSG00000020387	2184.63694190625	-0.316032580037667	0.0642623405142305	-4.91785044722551	8.74997183196449e-07	7.01632033414082e-06
ENSMUSG00000040690	1577.35812442212	0.676411803583624	0.137557013216182	4.91731964636793	8.77372259988238e-07	7.03273821243746e-06
ENSMUSG00000081225	586.298169948751	-0.349426123561597	0.0710628728501137	-4.91714040746157	8.78175668451301e-07	7.03655054086436e-06
ENSMUSG00000004054	2555.65781558527	0.181227589153894	0.0368598041274345	4.91667260431825	8.8027585656217e-07	7.05074684215057e-06
ENSMUSG00000020198	12629.6885371685	0.239855428949089	0.0488024302919937	4.91482550180373	8.88615715688882e-07	7.11489181386704e-06
ENSMUSG00000027184	21179.6082311684	0.197053838737358	0.0401023734578111	4.91376997784593	8.93415622139581e-07	7.15065613156161e-06
ENSMUSG00000039810	784.24476219397	0.23859625875087	0.048566203244377	4.91280443625155	8.97828197131056e-07	7.18329484890617e-06
ENSMUSG00000038608	1454.0179420382	-0.289813757494946	0.0590113533021952	-4.91115253722142	9.05426166788458e-07	7.24138528177386e-06
ENSMUSG00000027408	1398.48184623858	0.617521267845977	0.125801536088059	4.90869417853312	9.16848211803657e-07	7.33000510785002e-06
ENSMUSG00000021725	1677.97469447498	0.278559945434123	0.0567550686960653	4.9081069203857	9.19597194125791e-07	7.34924548365757e-06
ENSMUSG00000128222	84.2881680952226	0.713378369525084	0.145425665147586	4.90545027798984	9.32132522765439e-07	7.44665304565795e-06
ENSMUSG00000022248	664.106033229495	-0.266194965656838	0.0543006579208313	-4.90224199575891	9.4749013536989e-07	7.56652650515255e-06
ENSMUSG00000064145	2723.79554323834	0.197840031028043	0.0403647215513727	4.90131043704214	9.51994824773321e-07	7.59967307868505e-06
ENSMUSG00000020528	1481.80700475044	-0.168068858775538	0.0342941707611664	-4.90079961244766	9.54473738053777e-07	7.61662946507895e-06
ENSMUSG00000020392	2289.54657126325	-0.221860032672558	0.045284467746161	-4.89925229807666	9.62020473540632e-07	7.67399906541182e-06
ENSMUSG00000026457	14916.9330764822	0.114276837046956	0.023330035353966	4.89827106187947	9.66835998440546e-07	7.70954737835244e-06
ENSMUSG00000002718	4048.07303817526	0.227536052504109	0.0464549057203818	4.89799837015446	9.68178378354956e-07	7.71738472698384e-06
ENSMUSG00000030691	3175.27914892791	-0.194978569404028	0.0398161523516372	-4.89697165316404	9.73248712992795e-07	7.75492088830859e-06
ENSMUSG00000103900	19.4437794864655	1.6821029990054	0.343851828505029	4.89194141069051	9.98461700132854e-07	7.95052889408071e-06
ENSMUSG00000037275	1782.58649085131	0.249092409074111	0.0509190846920766	4.89192629012186	9.98538428139457e-07	7.95052889408071e-06
ENSMUSG00000116165	424.944340757329	-0.327035499293568	0.0668535822533886	-4.89181713635087	9.9909248782602e-07	7.95199085786924e-06
ENSMUSG00000053641	4888.47412591663	0.249149701538394	0.0509422868132832	4.89082287278528	1.00415296865921e-06	7.98930601380228e-06
ENSMUSG00000034617	624.937433376262	0.316959508216898	0.0648086663826643	4.89069635140157	1.00479868852408e-06	7.99091825980761e-06
ENSMUSG00000046807	10011.6405646474	-0.290566606609109	0.0594128306584751	-4.89063731501674	1.00510012584928e-06	7.99091825980761e-06
ENSMUSG00000058440	758.825365046501	0.270414020730127	0.0552964950022719	4.8902560771531	1.00704880759437e-06	8.00344676187367e-06
ENSMUSG00000026110	3617.51108520682	-0.353966011658297	0.0723843929666917	-4.89008745049748	1.00791189539564e-06	8.00734150501953e-06
ENSMUSG00000074829	615.04512528201	-0.241389200463016	0.0493764549563059	-4.8887511401259	1.01477680416011e-06	8.05889710621569e-06
ENSMUSG00000070544	3208.47855941012	0.267245281393698	0.0546789545095368	4.88753458786572	1.02106560954317e-06	8.10584111481275e-06
ENSMUSG00000035686	931.820503017966	-0.511305544809221	0.104619761621704	-4.88727499359114	1.02241239569529e-06	8.11122509682038e-06
ENSMUSG00000039515	13055.4029230882	-0.119459865917018	0.0244431255389215	-4.88725820790793	1.02249953936439e-06	8.11122509682038e-06
ENSMUSG00000097055	135.588472761878	-0.534757319685917	0.109422380506245	-4.88709272464966	1.02335903628629e-06	8.11504435645417e-06
ENSMUSG00000027420	140.481112087139	-0.557690573083025	0.114159202103536	-4.8852003413376	1.03323738826303e-06	8.19035220696237e-06
ENSMUSG00000034189	6025.93815028164	-0.213437020141364	0.0436939836405	-4.88481484996779	1.03526089753782e-06	8.20336302198113e-06
ENSMUSG00000030772	11039.7469636132	-0.19035279946547	0.0389701002617529	-4.88458582828671	1.03646487659342e-06	8.20987270883924e-06
ENSMUSG00000062300	2516.0373117264	0.227042995957198	0.0464897980621356	4.88371654472977	1.04104702335809e-06	8.24312630151412e-06
ENSMUSG00000058743	77.6199327427584	-0.772810832662182	0.158246051343725	-4.88360263083952	1.04164892650528e-06	8.24485097948464e-06
ENSMUSG00000079466	9552.96898992588	-0.329917502858683	0.0675605753429035	-4.88328438862736	1.04333224397842e-06	8.2551308327463e-06
ENSMUSG00000002661	524.506512986208	-0.341766081607047	0.0699913227381819	-4.88297789263819	1.04495590553163e-06	8.26493127050184e-06
ENSMUSG00000035551	13.9467124149688	2.02240724554836	0.414333277069789	4.88111227717708	1.0548915765629e-06	8.34044294014704e-06
ENSMUSG00000030990	421.519749978493	-0.387791242797869	0.0794853215901771	-4.87877805662414	1.06745098415541e-06	8.43663579745217e-06
ENSMUSG00000129161	8.0892044640815	3.47229672620026	0.71213855015076	4.87587243446542	1.083286004771e-06	8.55863723901887e-06
ENSMUSG00000038534	659.972806482732	-0.316958998919099	0.0650066867053012	-4.87579070682357	1.08373465551734e-06	8.55903168334628e-06
ENSMUSG00000035235	508.845142836532	0.297884741741798	0.0610967776659746	4.87562115583869	1.08466599024244e-06	8.56323653789786e-06
ENSMUSG00000139347	8.41031078461608	2.70275826539099	0.554417587708158	4.87495044405717	1.0883577308141e-06	8.58922318002036e-06
ENSMUSG00000068699	778.659589375151	1.2322946797061	0.252809133190572	4.87440728170678	1.09135627068686e-06	8.60972205312906e-06
ENSMUSG00000023827	3368.02275429486	0.324395275842832	0.0665558439065143	4.8740314419044	1.0934357548446e-06	8.6229580872499e-06
ENSMUSG00000030873	4.73356924610019	4.95429802867299	1.01747398144885	4.86921348260744	1.12043311099531e-06	8.83261739281137e-06
ENSMUSG00000022721	1160.77465108976	-0.185976441665114	0.0381949986871003	-4.86913072542988	1.12090239656363e-06	8.83307299729618e-06
ENSMUSG00000046207	130.679565020983	0.678184630556694	0.139302643144428	4.86842614934131	1.12490545624461e-06	8.86136532981534e-06
ENSMUSG00000024234	878.11798448137	0.227471329606777	0.0467491530183449	4.86578504465127	1.14003371788482e-06	8.97724276893455e-06
ENSMUSG00000071113	34.7492635519848	1.02019479896428	0.20981240354309	4.86241414585747	1.15962680705075e-06	9.12818079946878e-06
ENSMUSG00000020893	2037.31802824063	0.741271281390827	0.152457094926094	4.8621632318927	1.16109811011922e-06	9.13641203512435e-06
ENSMUSG00000062444	10158.5664132805	0.270444410339149	0.0556418890822644	4.8604462357363	1.17121449597542e-06	9.21263846486199e-06
ENSMUSG00000042078	5841.3608925861	-0.201114543738524	0.0413853875409271	-4.85955443910333	1.17650229001254e-06	9.25084181590083e-06
ENSMUSG00000021420	1024.56770540005	-0.215396174167538	0.0443351823832669	-4.85835768770476	1.18363437958695e-06	9.30351358191636e-06
ENSMUSG00000028360	34.8223818666722	1.22073124814189	0.251350984569784	4.85667979471538	1.19370393472276e-06	9.37922718256174e-06
ENSMUSG00000022883	1176.46724155948	-0.507644192022038	0.104531745759968	-4.85636385704035	1.19560917258125e-06	9.39075978727742e-06
ENSMUSG00000006517	3549.81259940834	0.420219172759147	0.0865362111053976	4.85599227642793	1.19785370490551e-06	9.40494792593328e-06
ENSMUSG00000030942	2472.08677594429	0.12930311232531	0.0266291083744604	4.85570566265457	1.19958776401818e-06	9.41511917455729e-06
ENSMUSG00000011382	867.382474051446	-0.298195130113388	0.0614125475112867	-4.85560593392717	1.20019170493473e-06	9.41641635165532e-06
ENSMUSG00000039058	4679.23248178093	-0.217980322630155	0.0448936159841166	-4.85548597170868	1.20091856415656e-06	9.41867661607042e-06
ENSMUSG00000031688	748.198238743721	-0.572980435273374	0.118059181847513	-4.85333225511797	1.2140403598748e-06	9.51811189374451e-06
ENSMUSG00000035759	263.223113059881	-0.338177699041141	0.0696839549032222	-4.85302103634625	1.21594786915815e-06	9.52958633053991e-06
ENSMUSG00000030795	8113.26031576609	0.364221131750012	0.0750624987698743	4.8522383043314	1.22075811179107e-06	9.56379329478365e-06
ENSMUSG00000039154	522.437449876638	-0.307723431206079	0.0634248121377751	-4.85178309298929	1.22356400524531e-06	9.58087595436513e-06
ENSMUSG00000070002	730.651142234534	0.233627142163589	0.0481532712814339	4.8517397872752	1.22383126184986e-06	9.58087595436513e-06
ENSMUSG00000020715	842.048928818592	0.286615501524331	0.0590783503076599	4.85144727352296	1.2256379506837e-06	9.59152178249227e-06
ENSMUSG00000023988	1770.59969261765	0.166333454805224	0.0342939085745459	4.85023322563712	1.23316388648634e-06	9.64690087001306e-06
ENSMUSG00000044716	437.797304757101	0.2990144990718	0.0616599998066299	4.84940804426745	1.23830457834823e-06	9.68358691396102e-06
ENSMUSG00000017057	1029.56571996201	0.480473730685361	0.099081316412548	4.84928690980242	1.23906095158393e-06	9.68597319253484e-06
ENSMUSG00000038576	4851.62615688173	-0.278399411598198	0.0574175865371558	-4.84867839957086	1.24286726688127e-06	9.7121910268924e-06
ENSMUSG00000028974	14274.8953958692	0.271090026797279	0.0559247820011421	4.84740426510278	1.25087362064578e-06	9.77119837728611e-06
ENSMUSG00000051043	2190.38695446337	-0.236561978788257	0.0488082949483744	-4.84675768818545	1.25495550807728e-06	9.7995179834074e-06
ENSMUSG00000057777	954.963482195032	-0.440397646946369	0.0908702719721449	-4.8464435880787	1.25694306636133e-06	9.8085178893633e-06
ENSMUSG00000048271	1450.84896522269	0.249778720114623	0.0515386916991574	4.84643113512924	1.25702192833497e-06	9.8085178893633e-06
ENSMUSG00000029020	18788.8260697883	0.231423340417148	0.0477583850303846	4.84571118286167	1.26158933917096e-06	9.84058021607693e-06
ENSMUSG00000029822	25563.6594773664	0.227036034064217	0.0468639367636098	4.84457879007108	1.26880561021784e-06	9.89327323971527e-06
ENSMUSG00000039057	291.978596256017	0.615061314707786	0.126962338277833	4.84443909155046	1.26969859760919e-06	9.8966412840519e-06
ENSMUSG00000035456	1283.26344936187	-0.311186466464462	0.0642404759466524	-4.84408718769274	1.27195073421031e-06	9.91059690038425e-06
ENSMUSG00000043126	81.9021391988673	-0.748636552514009	0.154549961472334	-4.84397760686614	1.27265282077151e-06	9.91246932172759e-06
ENSMUSG00000037315	336.75566096551	0.381494485571711	0.0787730240622047	4.84295848881536	1.27920021019683e-06	9.95985190862718e-06
ENSMUSG00000037989	1839.59068089698	-0.30393604321696	0.0627644728240746	-4.84248539884779	1.28225060736061e-06	9.97998242842742e-06
ENSMUSG00000050272	1261.28445494073	-0.437880855838576	0.0904264492465569	-4.84239798739249	1.28281498566464e-06	9.98075624584165e-06
ENSMUSG00000036672	455.343220807428	0.289874458876912	0.0599185667437576	4.83780695417104	1.31279551169628e-06	1.02103146572726e-05
ENSMUSG00000014550	3486.1599593944	0.1712100827196	0.035393635471347	4.83731271002674	1.31606293340011e-06	1.02320198943741e-05
ENSMUSG00000027201	3375.24016993752	0.215453500133174	0.0445423842415044	4.83704462170247	1.31783852162977e-06	1.02421150272645e-05
ENSMUSG00000022009	682.819556750803	0.255847395735846	0.0529069416562407	4.83580013749798	1.32611114011734e-06	1.03026788757723e-05
ENSMUSG00000048899	10031.3073204495	-0.302715061353612	0.0626091535775464	-4.83499686637155	1.3314773265281e-06	1.03406267334487e-05
ENSMUSG00000034040	11313.4263037252	0.227115645722238	0.0469740030126619	4.83492210917214	1.33197779675337e-06	1.03407722911782e-05
ENSMUSG00000047766	12275.026348852	-0.237885906594486	0.0492045343747487	-4.83463383237636	1.33390939179017e-06	1.03520242242111e-05
ENSMUSG00000030703	188.722713672451	0.548071980010669	0.113415132692406	4.83244137708765	1.34868832667598e-06	1.04629358946247e-05
ENSMUSG00000028961	5405.24103993374	0.179588343911695	0.0371719358188388	4.83128844262879	1.35652309718685e-06	1.05199150304237e-05
ENSMUSG00000020542	40.6531070315413	0.992000971446397	0.205550261563082	4.8260749653289	1.3925011115767e-06	1.07950266742887e-05
ENSMUSG00000039230	10297.9542356941	0.173980566945399	0.0360518349472066	4.82584498681334	1.39410913385303e-06	1.0803590854617e-05
ENSMUSG00000037872	4248.72210216623	0.320792983577182	0.0664873918515245	4.82486941725067	1.40095024532069e-06	1.0852687826075e-05
ENSMUSG00000108801	216.316475738725	0.490071794132438	0.101581608522741	4.82441458901218	1.40415071872918e-06	1.08735567562196e-05
ENSMUSG00000054823	3492.54219295458	0.233409872843713	0.0483839417384466	4.8241185909465	1.4062373331569e-06	1.08857881693278e-05
ENSMUSG00000116940	9.632317330448	2.69499457465939	0.558677673888202	4.82388092565641	1.40791489337106e-06	1.08948453861223e-05
ENSMUSG00000049489	566.733122242944	-0.316395128035669	0.0655980154874232	-4.82324237531743	1.41243163709162e-06	1.09258585664176e-05
ENSMUSG00000031214	2745.01056216424	0.202209039384149	0.0419266006377169	4.82292950796117	1.41464976673038e-06	1.09390748892775e-05
ENSMUSG00000026615	9271.98224175321	0.345314876552449	0.07160630050541	4.82240911924167	1.41834657786715e-06	1.09637117898798e-05
ENSMUSG00000051367	5126.5792505759	0.216553794914914	0.0449130897994737	4.82161872812081	1.42397924619572e-06	1.09997999180704e-05
ENSMUSG00000031333	2357.19789544769	-0.20709966886463	0.042952387234751	-4.82161021069103	1.42404006206641e-06	1.09997999180704e-05
ENSMUSG00000071317	1807.71173273207	-0.329113412876644	0.068297638843239	-4.81881099333529	1.44416281583143e-06	1.11512226635386e-05
ENSMUSG00000030603	7276.30995370659	0.158506085040199	0.0329000480636556	4.81780709661938	1.45144592791697e-06	1.12034298053455e-05
ENSMUSG00000034612	4113.95724234103	0.23688852152969	0.0491809075221886	4.8166765003841	1.45969050986314e-06	1.12630181469167e-05
ENSMUSG00000044150	512.506524254249	0.268315005018615	0.0557141671841509	4.81592059218545	1.46522787372208e-06	1.13016821909157e-05
ENSMUSG00000053329	4310.30344787823	-0.151315979735612	0.0314269104726025	-4.8148538135025	1.47307687918897e-06	1.13581423450684e-05
ENSMUSG00000056201	56063.2450225889	0.117000400048285	0.024301128085512	4.81460776786076	1.4748929308785e-06	1.13680616352739e-05
ENSMUSG00000046985	2099.61312898337	0.149045686194374	0.0309582668102924	4.81440666907174	1.47637883044916e-06	1.13754299979977e-05
ENSMUSG00000027953	1026.23748876954	-0.249565801558209	0.051838469413277	-4.81429726577324	1.477187805295e-06	1.13775792710666e-05
ENSMUSG00000039202	19498.2908405145	0.309963050154557	0.0644189783835881	4.81167286306306	1.49672199565737e-06	1.15239004156317e-05
ENSMUSG00000032018	10594.5451855518	0.240987693122946	0.0500862344363038	4.81145559923091	1.49835023817984e-06	1.15323005424053e-05
ENSMUSG00000029103	14963.6900284046	0.10315039843657	0.0214501045444146	4.80885294628687	1.51798820308176e-06	1.16792597732449e-05
ENSMUSG00000026790	1653.31104857234	0.227290199972722	0.0472676097190026	4.80858248013643	1.52004310460156e-06	1.16886782612812e-05
ENSMUSG00000026174	1575.78233385437	0.20099560162728	0.0417996410451619	4.80854850906774	1.52030139315649e-06	1.16886782612812e-05
ENSMUSG00000020876	3082.9218136127	-0.198812008472033	0.0413470556225759	-4.80837161143537	1.52164706190024e-06	1.16948355999823e-05
ENSMUSG00000041483	1208.75129978573	0.238613979689928	0.0496353484814495	4.80733966800105	1.52951995900134e-06	1.1751136521089e-05
ENSMUSG00000019429	4.10873449718251	4.858273555941	1.01069209922316	4.80687794005231	1.53305523883807e-06	1.17700839364486e-05
ENSMUSG00000027134	2804.17018173441	-0.257971518664794	0.0536672065780098	-4.80687434867345	1.53308276746064e-06	1.17700839364486e-05
ENSMUSG00000029650	229.224156570756	0.422442489816331	0.0879021241092035	4.80582800583429	1.54112346202475e-06	1.1827585354245e-05
ENSMUSG00000036111	845.230537850689	-0.26792389164307	0.055757439675056	-4.8051684798384	1.54621245025457e-06	1.18624004493083e-05
ENSMUSG00000030007	16888.9465257596	0.120345604310582	0.0250483553520596	4.80453118055458	1.55114527963017e-06	1.1895993059143e-05
ENSMUSG00000022155	180.713680515884	-0.548144884317425	0.114099568033253	-4.80409254623711	1.55454918679889e-06	1.19178403013661e-05
ENSMUSG00000030822	1155.12983298616	0.248058754613737	0.0516363308892216	4.803957801454	1.55559627953511e-06	1.19216100451627e-05
ENSMUSG00000011837	1723.14890207341	0.224955111453064	0.046845113462224	4.80210410066502	1.57007026994729e-06	1.20282399766911e-05
ENSMUSG00000070802	1568.3642312564	-0.373469383871603	0.0777887378382707	-4.80107267774516	1.57817975181291e-06	1.20860529976511e-05
ENSMUSG00000044499	1482.17115123041	0.28825359812212	0.0600434360720758	4.8007512057788	1.58071552001262e-06	1.21011552612663e-05
ENSMUSG00000029352	64.0726883267621	0.777180637591474	0.161905106647747	4.80022312873902	1.58488949093687e-06	1.21287835338506e-05
ENSMUSG00000016386	2830.33958202672	-0.224600653604608	0.046798303058184	-4.79933328619552	1.59194687012405e-06	1.21784502901222e-05
ENSMUSG00000037262	447.884076612487	0.340814808826348	0.0710254796510923	4.79848655018702	1.59869041242479e-06	1.2225681650556e-05
ENSMUSG00000042770	285.955928136819	-0.378989410849129	0.0789870553308248	-4.7981205181253	1.6016140441244e-06	1.22436777318997e-05
ENSMUSG00000090100	12484.1055396786	0.310857661008913	0.0647899594964818	4.79792954687358	1.60314144078278e-06	1.22503563759367e-05
ENSMUSG00000041975	501.347554245918	-0.273719496958015	0.0570502276838193	-4.79786861631838	1.60362906067186e-06	1.22503563759367e-05
ENSMUSG00000128084	19.9653793300216	1.43211431187157	0.298683438651213	4.7947563424965	1.62872672978092e-06	1.24376549204828e-05
ENSMUSG00000052423	1649.68450460339	0.233384535792283	0.0486901267717999	4.79326202796937	1.64091076867666e-06	1.2522621695407e-05
ENSMUSG00000027221	469.518213483799	0.459385259011385	0.095840063692587	4.79324868235576	1.641019977135e-06	1.2522621695407e-05
ENSMUSG00000031706	489.18584406362	0.317203671083868	0.0662179300670192	4.79029880219491	1.66533134162117e-06	1.27036256500498e-05
ENSMUSG00000116812	38.4620879356832	1.01885219218254	0.212725532610033	4.78951529551598	1.67184655072302e-06	1.27487950471831e-05
ENSMUSG00000020375	849.959333492156	-0.21680818500728	0.0452707440691553	-4.78914560529611	1.67492919074867e-06	1.27677220351875e-05
ENSMUSG00000086363	457.031302719381	-0.358409387666351	0.0748389583029762	-4.78907504585212	1.67551816701403e-06	1.27677220351875e-05
ENSMUSG00000030051	478.304871827087	0.293351515365197	0.0612571176607441	4.78885599857709	1.67734787458708e-06	1.2777128983636e-05
ENSMUSG00000024366	3964.03370496127	0.443036727390649	0.0925158732024172	4.78876447959715	1.67811290366372e-06	1.27784219900835e-05
ENSMUSG00000029162	1533.68987327266	-0.208340639945708	0.0435149124307556	-4.78779867194348	1.6862067920142e-06	1.28355017721194e-05
ENSMUSG00000071347	40.0777763541157	1.08524959482493	0.226691774161196	4.78733557421997	1.69010104838016e-06	1.28605845815415e-05
ENSMUSG00000059495	14948.6958997913	0.234806797147788	0.049052392033379	4.78685722376204	1.69413264228682e-06	1.28866942945886e-05
ENSMUSG00000043614	389.07756438821	-0.311509250532819	0.0650914385970677	-4.78571771106702	1.70377385827767e-06	1.29554408933009e-05
ENSMUSG00000019996	3603.00621853037	-0.228145641385914	0.0476767568950957	-4.78525923833093	1.70766777287201e-06	1.29804519874188e-05
ENSMUSG00000036560	4403.42834063115	0.43469973323839	0.0908458566952837	4.7850254161449	1.70965697052499e-06	1.29909722227573e-05
ENSMUSG00000112375	109.939514413441	-0.618054471024897	0.129213242075277	-4.78321309099908	1.72515068333376e-06	1.31040638954149e-05
ENSMUSG00000048707	729.8220169968	0.255964609271921	0.0535345047490829	4.78130152640117	1.74163900116181e-06	1.32246278029499e-05
ENSMUSG00000035517	4398.03188811238	-0.205762977376727	0.043073930089571	-4.77697245059479	1.77954142872213e-06	1.35076507457388e-05
ENSMUSG00000120013	198.969183410462	0.428654271426253	0.0897437547788273	4.77642452650513	1.78439481531976e-06	1.35397027591566e-05
ENSMUSG00000004187	1943.82104627093	-0.225157849860797	0.0471433343380819	-4.77602725861748	1.7879216755237e-06	1.35616702073469e-05
ENSMUSG00000056296	18358.5944323186	-0.310479113358589	0.0650164586193974	-4.77539256907418	1.79357021873337e-06	1.35997097546205e-05
ENSMUSG00000039765	495.685254215348	-0.414333589424117	0.0867780016649279	-4.77463851984014	1.80030331684303e-06	1.36407611633404e-05
ENSMUSG00000113047	323.667179478274	-0.344001060736577	0.0720481359388874	-4.77460042864072	1.80064408655372e-06	1.36407611633404e-05
ENSMUSG00000116560	47.3161719779616	0.886452278194222	0.185661063393835	4.77457288022652	1.80089057751359e-06	1.36407611633404e-05
ENSMUSG00000063260	59.9720393573376	-0.705541530498748	0.147795223169808	-4.77377763209655	1.80802009808728e-06	1.36899327779688e-05
ENSMUSG00000022610	1705.81269849108	-0.196380042123744	0.0411419779036428	-4.77322802962168	1.81296320867349e-06	1.37225205350441e-05
ENSMUSG00000098509	3.92716584428081	5.00827571321704	1.04928081349523	4.77305564802441	1.81451627779991e-06	1.37294347618093e-05
ENSMUSG00000030224	9350.55939092022	0.106356705055586	0.0222866509255189	4.77221568242918	1.82210224335758e-06	1.37819756010972e-05
ENSMUSG00000004815	2903.58388349552	0.181961979464422	0.0381325740485497	4.77182524402236	1.82563876848175e-06	1.38024091353996e-05
ENSMUSG00000022738	6.16164604756074	4.70805193633187	0.986645730942246	4.77177551038069	1.82608972069947e-06	1.38024091353996e-05
ENSMUSG00000038738	1037.47011791203	-0.398296044415102	0.0834832887000304	-4.77096734708484	1.83343263641452e-06	1.38530323735565e-05
ENSMUSG00000028199	529.37187545655	-0.258684858866926	0.0542388198561237	-4.76936739319042	1.84805347730253e-06	1.39585911132217e-05
ENSMUSG00000006585	115.387049504853	0.770290500327677	0.161527722998137	4.76878201481587	1.85343077468598e-06	1.39942824514278e-05
ENSMUSG00000034616	581.888642713682	0.368733476616788	0.0773455863810841	4.76734994030592	1.86664929074783e-06	1.40891327971846e-05
ENSMUSG00000019785	668.247768849651	0.347727078374694	0.0729525082771818	4.76648557515679	1.87467144867523e-06	1.4144709074609e-05
ENSMUSG00000030519	3771.86486871022	0.319839937547923	0.0671106458967543	4.76585992094276	1.88049878959377e-06	1.41836918543289e-05
ENSMUSG00000037712	8129.25348273865	0.126735354761387	0.0266017565047612	4.76417242367827	1.89630303723943e-06	1.42978717939521e-05
ENSMUSG00000042079	3220.21243331478	0.179661409011441	0.0377195623885823	4.76308306975015	1.90657307208904e-06	1.43656023030191e-05
ENSMUSG00000052407	148.094329999962	-0.486817363931254	0.102206472700356	-4.76307763167291	1.90662447411261e-06	1.43656023030191e-05
ENSMUSG00000044042	10265.7334682598	0.345845724132893	0.0726175080510679	4.76256667868138	1.91146006975015e-06	1.43924261670876e-05
ENSMUSG00000072188	7.12217049919718	3.85900102397965	0.810278759734689	4.76255977047111	1.91152552885339e-06	1.43924261670876e-05
ENSMUSG00000035936	1119.44225865391	-0.329133544072024	0.0691108878943849	-4.76239785220247	1.91306041073684e-06	1.43989322499569e-05
ENSMUSG00000002957	20339.2063833511	0.217687701323631	0.0457235230702365	4.76095643350225	1.92677642826176e-06	1.44970847560697e-05
ENSMUSG00000017734	390.99547926957	0.308729480695351	0.0648690030902572	4.75927586347815	1.94288742259012e-06	1.46131819948562e-05
ENSMUSG00000043461	112.637541004887	-1.12375116670088	0.23612522967074	-4.75913212776064	1.94427135487282e-06	1.4618468968021e-05
ENSMUSG00000001657	349.405774395251	-0.416118911154804	0.0874380127376433	-4.75901610897041	1.94538911061027e-06	1.46217516275771e-05
ENSMUSG00000058017	4.81006311373793	4.88917807903656	1.02782555301213	4.75681701501624	1.96669287941848e-06	1.47766991073144e-05
ENSMUSG00000079562	7288.2116132048	-0.131277321600613	0.0276156333666437	-4.75373205668279	1.99695654904914e-06	1.49988345982816e-05
ENSMUSG00000055862	843.826133375349	-0.288997382716539	0.0608008090841012	-4.75318317420399	2.00238779682761e-06	1.50343674175242e-05
ENSMUSG00000115338	555.494754380501	0.562251000737643	0.118298420990861	4.75281915031713	2.0059976731428e-06	1.5056204913176e-05
ENSMUSG00000062825	57560.681155819	0.147968826183736	0.0311396111891796	4.75178785260982	2.01625860639715e-06	1.51279298304513e-05
ENSMUSG00000034525	3789.50508786353	0.334758904912731	0.0704549251476013	4.75139110873256	2.02021943679013e-06	1.51523516527383e-05
ENSMUSG00000026766	2889.64877080807	0.138391017555267	0.0291374286315453	4.74959610558906	2.03823316450588e-06	1.52821212397077e-05
ENSMUSG00000032449	3483.0516248634	-0.142581996599822	0.0300262499324933	-4.74857822473279	2.04851653997202e-06	1.53538603516199e-05
ENSMUSG00000025558	4634.88282314713	0.313681175549359	0.066091905193178	4.74613607570413	2.073392528018e-06	1.55348844699597e-05
ENSMUSG00000062168	7693.70927043235	0.213078326171129	0.0449044596106192	4.745148433336	2.08353493407481e-06	1.56054294818038e-05
ENSMUSG00000054034	387.812700857271	-0.414230075013593	0.0872977598542466	-4.74502525271206	2.08480325146391e-06	1.56094825936255e-05
ENSMUSG00000025875	9942.59819617366	0.159284060047545	0.0335734901251912	4.74434023551307	2.09187000454755e-06	1.56569321888486e-05
ENSMUSG00000007589	592.287031891664	0.306450086668663	0.0646069084080662	4.74330213625271	2.10262308057575e-06	1.57319299573507e-05
ENSMUSG00000055737	2892.83179238646	-0.323966374059165	0.0683016520325094	-4.74317039805959	2.10399147126018e-06	1.57366832481083e-05
ENSMUSG00000063296	2614.3875454642	-0.292520257985689	0.0616751915439741	-4.74291608445389	2.10663549675274e-06	1.57509709415863e-05
ENSMUSG00000034602	4400.93325291593	0.228622839847787	0.0482061011041361	4.7426121302345	2.10979980799854e-06	1.57691374228749e-05
ENSMUSG00000071172	6288.82080670935	0.168872567613341	0.0356153100185464	4.74157230487119	2.12065945329645e-06	1.58447879653539e-05
ENSMUSG00000063446	91.9597329187049	0.837065736301629	0.176545643486107	4.74135594497125	2.12292579323593e-06	1.58562021842737e-05
ENSMUSG00000055540	717.887614237415	-0.548750856191269	0.11576511147338	-4.7402092841888	2.13497579171349e-06	1.59342424638965e-05
ENSMUSG00000064329	7852.18912438969	-0.398638248172546	0.084098010474565	-4.74016264978245	2.13546724962779e-06	1.59342424638965e-05
ENSMUSG00000030315	2094.27937620282	-0.166271440405329	0.0350772533583	-4.74014994010315	2.13560120975636e-06	1.59342424638965e-05
ENSMUSG00000020261	21695.593875418	-0.279894957941964	0.0590519061287368	-4.73981241743113	2.13916165613811e-06	1.59552620259418e-05
ENSMUSG00000055485	1332.74664859795	0.320726301761419	0.0676913422254477	4.73806976220433	2.15763540116905e-06	1.60874614524122e-05
ENSMUSG00000090799	438.2124382255	-0.559708252503071	0.118148906688168	-4.73731216134159	2.16571436233131e-06	1.61420918409041e-05
ENSMUSG00000021221	343.509360198406	-0.434416234657093	0.0917133789465678	-4.73667244241632	2.17255886060957e-06	1.61874864636741e-05
ENSMUSG00000029093	949.354727448474	0.475110740054411	0.100326941501695	4.73562467810685	2.18381402700347e-06	1.62608579061183e-05
ENSMUSG00000068856	1815.58746829224	0.243954619619096	0.0515148790432702	4.73561472238313	2.18392124025617e-06	1.62608579061183e-05
ENSMUSG00000024870	11884.3892819935	-0.108161499105939	0.0228407926432266	-4.73545295889781	2.18566398075416e-06	1.62681910578602e-05
ENSMUSG00000133242	186.369200285743	-0.551391566113103	0.116472001031391	-4.73411258697695	2.20015579540974e-06	1.63703793082376e-05
ENSMUSG00000050473	109.554773903382	-0.669710105754267	0.141515202740456	-4.7324251584654	2.21853115130436e-06	1.65013824303186e-05
ENSMUSG00000016554	5922.55278892395	0.157176204440332	0.0332313360445862	4.72975881046282	2.24786727372095e-06	1.67114392143791e-05
ENSMUSG00000029466	2423.45480810891	0.159287781047328	0.0336780780211499	4.72971708620946	2.24832928589989e-06	1.67114392143791e-05
ENSMUSG00000025495	2204.8768315271	-0.160173643399493	0.0338739705528428	-4.72851693454787	2.26165765224669e-06	1.68046878377042e-05
ENSMUSG00000008475	12341.5941759472	0.126663621644682	0.026788365128918	4.72830727202344	2.26399384521475e-06	1.68162255644913e-05
ENSMUSG00000004356	1055.59967966068	0.368534076905348	0.0779515574682347	4.72773205404556	2.27041519482102e-06	1.68580880567375e-05
ENSMUSG00000109464	6.41053397088689	3.49568076772497	0.739636501844276	4.7262145107881	2.28744007469863e-06	1.69786267785203e-05
ENSMUSG00000003808	1456.70932856173	0.239393643834835	0.0506534390189436	4.72610840391914	2.28863503105138e-06	1.69816244647594e-05
ENSMUSG00000029516	879.010513603096	-0.335107362534804	0.0709117835822334	-4.7256936098102	2.29331212137118e-06	1.70104485132529e-05
ENSMUSG00000032232	7617.83337280545	-0.267303533151702	0.0565670884931162	-4.72542498248307	2.29634597512639e-06	1.70270682908681e-05
ENSMUSG00000086425	165.244977994612	-0.515828533971374	0.109198021201255	-4.72379012272292	2.31489320312492e-06	1.71586662632181e-05
ENSMUSG00000030718	12497.7710754434	0.165421547901184	0.035034391034033	4.72169040245316	2.33892527955641e-06	1.733081465342e-05
ENSMUSG00000063334	1332.39907516411	0.197166543625424	0.0417882593616897	4.7182281970371	2.37907549179529e-06	1.76222341293574e-05
ENSMUSG00000021238	2908.62132788478	-0.154387551021576	0.0327239588075358	-4.71787511803197	2.38320703154252e-06	1.76467478920634e-05
ENSMUSG00000055240	233.586496705942	-0.43090690465731	0.09137262132388	-4.71593020331456	2.40608914030214e-06	1.78100377536986e-05
ENSMUSG00000000142	530.990617504475	-0.365472166325966	0.0775147328412103	-4.71487358505949	2.41860862446866e-06	1.78965366193879e-05
ENSMUSG00000067629	931.940733693134	0.240983926750585	0.0511168570685499	4.71437292060845	2.42456262920604e-06	1.79344112331278e-05
ENSMUSG00000025371	2404.1107787445	-0.187232352218603	0.0397234703943381	-4.71339362749358	2.43624928912739e-06	1.80146494110949e-05
ENSMUSG00000062991	5829.95942457495	-0.3229318869411	0.068526549619052	-4.71250761546175	2.44686933537294e-06	1.80869480554806e-05
ENSMUSG00000032582	2096.40686110908	0.191464368528549	0.0406402735923593	4.71119782433122	2.46265039362429e-06	1.81973333389119e-05
ENSMUSG00000135316	34.5450184582045	-1.07888857155924	0.22903888686285	-4.71050390759753	2.4710506177227e-06	1.82531220096475e-05
ENSMUSG00000052572	5001.02723634887	0.346887199531745	0.0736450782641228	4.71025637704748	2.47405375483618e-06	1.82690188859007e-05
ENSMUSG00000021067	1823.68000254449	0.258503874757714	0.0548844977961752	4.70996155813834	2.47763518447187e-06	1.82891736141242e-05
ENSMUSG00000045294	7444.63272616663	0.2593045435305	0.0550639959112695	4.70914867762857	2.4875357702963e-06	1.83559446012995e-05
ENSMUSG00000024978	5073.36749863809	0.270496828440183	0.0574448527411968	4.70880880587923	2.49168653246175e-06	1.83802553628261e-05
ENSMUSG00000044216	370.854014738788	-0.430145170437442	0.0913648297668551	-4.70799509543319	2.50165119044447e-06	1.84474216606256e-05
ENSMUSG00000036840	1707.17633170678	0.233777369079287	0.0496619736137486	4.70737169846523	2.50931114682788e-06	1.84975525679283e-05
ENSMUSG00000025347	9.49851824346318	2.75306016300651	0.584854026489458	4.70726033901407	2.51068183805122e-06	1.85013032391375e-05
ENSMUSG00000029279	702.580168616855	0.261125457578183	0.0554970615901033	4.70521231388491	2.53601891204598e-06	1.86815998510566e-05
ENSMUSG00000072066	315.948097434993	-0.373358506941019	0.0793627188541275	-4.70445710948071	2.54542369178682e-06	1.87444476733777e-05
ENSMUSG00000002699	247.488068868905	-0.71174791723209	0.151299271581574	-4.7042388888723	2.54814748490028e-06	1.87580706141527e-05
ENSMUSG00000019124	12318.4123977753	-0.209083832151478	0.0444529933503585	-4.70348150693865	2.55762272141499e-06	1.88213676166932e-05
ENSMUSG00000053819	15234.9042865147	0.199538266413041	0.0424417301451168	4.70146400089675	2.58302807445166e-06	1.90018096799792e-05
ENSMUSG00000032329	3290.86586757466	-0.210448722706567	0.0447655773875577	-4.70112829964436	2.58727881372216e-06	1.90206302169647e-05
ENSMUSG00000048878	3561.37893434419	-0.26547414683239	0.0564703802067119	-4.70112200166905	2.58735862450092e-06	1.90206302169647e-05
ENSMUSG00000087014	594.218032615426	-0.416241068529925	0.0885600536674562	-4.70009955157563	2.6003469522271e-06	1.9109567845432e-05
ENSMUSG00000055320	2307.80297325806	0.366077535447428	0.0778898055567482	4.69994157554695	2.60235931713922e-06	1.91178114653356e-05
ENSMUSG00000051236	805.599364799393	-0.329822496161242	0.0701815476168358	-4.69956145683685	2.607207555892e-06	1.91429960699813e-05
ENSMUSG00000062760	5578.86092513355	-0.310856730976759	0.0661463026335196	-4.69953298371105	2.60757106627342e-06	1.91429960699813e-05
ENSMUSG00000010517	4752.63595525831	0.171438521562446	0.0365218760760957	4.69413239356167	2.6774060009201e-06	1.96489563130772e-05
ENSMUSG00000113416	14.2776368345054	1.94648557947086	0.414681489213057	4.69392926885817	2.68006731850733e-06	1.96617652286665e-05
ENSMUSG00000117115	108.160631823013	-0.576296285838666	0.122797868251842	-4.69304796608326	2.69164348236839e-06	1.97399449923197e-05
ENSMUSG00000032119	821.804588219656	0.31059850455675	0.0661880367099178	4.69266834304226	2.69664471288843e-06	1.97698686498849e-05
ENSMUSG00000053536	1797.10820879327	0.24673876949677	0.0525930861146878	4.69146779024749	2.71251980281492e-06	1.98794640106606e-05
ENSMUSG00000054763	463.754372304712	-0.337274831542108	0.0719329145772544	-4.68874135747526	2.74890562977877e-06	2.01392519620584e-05
ENSMUSG00000019146	1231.52074033524	-0.398699106649096	0.0850411843680555	-4.68830613792418	2.75475706661706e-06	2.01752354800415e-05
ENSMUSG00000057530	5437.52792164582	0.202859570276999	0.0432859539367909	4.68649877910114	2.77918476630353e-06	2.03471965189194e-05
ENSMUSG00000062116	1247.39409720945	0.246410546718089	0.0525827852384114	4.68614482098768	2.7839930327429e-06	2.03754498605043e-05
ENSMUSG00000033099	1084.45427320308	0.233175696947286	0.0497641983762118	4.6856114346403	2.79125378381078e-06	2.04216270358835e-05
ENSMUSG00000001300	2733.05534105462	-0.332204490932548	0.0709172392997756	-4.68439682949699	2.80785552653692e-06	2.0536090879946e-05
ENSMUSG00000031577	966.230281580656	0.215622126440303	0.0460409043162715	4.68327305126582	2.82330016412618e-06	2.0642016799432e-05
ENSMUSG00000015846	1960.57888139337	-0.279312942095673	0.059654724357438	-4.68215962950548	2.83868284202687e-06	2.07474177347459e-05
ENSMUSG00000014859	1136.02258177387	0.189589395819723	0.0404960680978364	4.6816741655433	2.8454150035597e-06	2.07895433854365e-05
ENSMUSG00000027889	2810.11377820193	-0.233880780070253	0.0499604613989237	-4.68131745627337	2.85037142305208e-06	2.08186706251228e-05
ENSMUSG00000022553	2347.12965466308	-0.162081928978225	0.0346271177812345	-4.6807802486542	2.85785147431943e-06	2.08662039958303e-05
ENSMUSG00000010476	5821.58608742045	-0.306638639800317	0.0655150229912663	-4.68043245350298	2.86270419632304e-06	2.08945284863211e-05
ENSMUSG00000073207	262.53049168086	-0.473710557988345	0.101246830351733	-4.67876926460481	2.88601988100902e-06	2.10478939094041e-05
ENSMUSG00000031012	5099.64609182447	0.215149779759458	0.0459843895332369	4.67875689866342	2.88619391545585e-06	2.10478939094041e-05
ENSMUSG00000028634	2617.59021259816	0.351928741483361	0.0752189585767338	4.67872393000955	2.88665795533801e-06	2.10478939094041e-05
ENSMUSG00000030137	164.79981628239	-0.762946141753141	0.163079640722911	-4.67836535799994	2.89170954788164e-06	2.10775677945084e-05
ENSMUSG00000052751	723.368156057418	0.238855746449938	0.0510565673356497	4.67825705711241	2.89323696692048e-06	2.10815426788578e-05
ENSMUSG00000006526	1352.62922767285	-0.232607548466429	0.0497293688246907	-4.67746834443913	2.9043839271189e-06	2.11492536702652e-05
ENSMUSG00000039384	323.80335370685	0.439599769204109	0.0939825794920178	4.6774601376146	2.90450013136783e-06	2.11492536702652e-05
ENSMUSG00000026869	4302.82706563424	-0.178724181579151	0.0382185082165677	-4.67637775306139	2.91986527188069e-06	2.12539260516076e-05
ENSMUSG00000043962	5230.06563886195	0.171339103051844	0.0366464793507729	4.6754587640417	2.93297209645443e-06	2.1341712923815e-05
ENSMUSG00000121226	262.347076502875	0.482611528010657	0.103223737550309	4.67539288407809	2.93391385624607e-06	2.1341712923815e-05
ENSMUSG00000013878	1078.77063328986	-0.217973089297572	0.0466370166919017	-4.67382145683907	2.9564637313565e-06	2.14984588269982e-05
ENSMUSG00000022329	1014.59513961145	0.214528998502785	0.0459018735191806	4.67364362400464	2.95902606904336e-06	2.15098048080206e-05
ENSMUSG00000032122	246.215783669603	-0.504014032578277	0.107875772210997	-4.67217079653866	2.98032962894417e-06	2.16573310138509e-05
ENSMUSG00000025038	225.113298090649	-0.381706755053692	0.081719399458336	-4.67094420154546	2.99818381171437e-06	2.17797000684469e-05
ENSMUSG00000033732	2673.39955113583	0.217760860396665	0.046634758550084	4.66949689817301	3.0193825806588e-06	2.19262741801157e-05
ENSMUSG00000019737	197.441355459953	-0.469598135114655	0.100569930335482	-4.66936919960235	3.02125987960209e-06	2.19324871746833e-05
ENSMUSG00000031749	5246.80213685826	-0.154830917524343	0.0331610202279964	-4.66906375195374	3.02575481438639e-06	2.1957691969445e-05
ENSMUSG00000067297	119.929787240233	0.502624576244558	0.107652994262357	4.66893261714238	3.02768654792442e-06	2.19642850414821e-05
ENSMUSG00000046733	60.6385977288063	1.60847176656711	0.344513671985588	4.66881838766153	3.0293702148761e-06	2.19690746731522e-05
ENSMUSG00000121798	288.356104095091	0.321859342468827	0.0689489237090347	4.66808363575156	3.04022146046834e-06	2.20403221446854e-05
ENSMUSG00000121608	176.24825257525	0.609862047927314	0.13067878696205	4.6668787039202	3.05809735661111e-06	2.21624300665139e-05
ENSMUSG00000022629	58230.8432626298	0.282071335003883	0.0604466767010078	4.66644901586757	3.06449639534956e-06	2.22013093562516e-05
ENSMUSG00000097040	89.0012261520719	-0.5622226969256	0.12051536499069	-4.66515366707834	3.08386492512829e-06	2.23340905812429e-05
ENSMUSG00000120310	352.353843299768	0.327924163545843	0.0702982085957514	4.66475846392565	3.0897974888963e-06	2.23695085654799e-05
ENSMUSG00000011096	3798.98708333202	0.146136634598645	0.0313289771342526	4.66458365277657	3.09242514479274e-06	2.23809838698992e-05
ENSMUSG00000028635	16.7143474593953	-1.41741405665568	0.303942708429256	-4.66342510396359	3.10989400962422e-06	2.24998263601596e-05
ENSMUSG00000026219	11284.8739946757	0.262267213272123	0.0562894339952616	4.65926186598716	3.17345282881714e-06	2.29519334310609e-05
ENSMUSG00000047342	257.166909956726	-0.442379912347175	0.0949490639865536	-4.65912873464265	3.17550572118931e-06	2.29590454062141e-05
ENSMUSG00000057342	3483.39901043685	0.18550486846931	0.0398250208606099	4.6579980238702	3.19299276697551e-06	2.30777046248809e-05
ENSMUSG00000026135	1285.28495542819	0.330095748688605	0.0708878052716807	4.65659428195721	3.21483092138296e-06	2.322772149391e-05
ENSMUSG00000037904	770.729086056552	-0.262668557755622	0.0564144047317534	-4.65605476127229	3.22326235042906e-06	2.32808040425001e-05
ENSMUSG00000026617	4113.14851338434	-0.136614857494521	0.0293463505776735	-4.65525882453191	3.23573968914447e-06	2.33630636283805e-05
ENSMUSG00000070866	1279.9889109332	-0.385605426628317	0.0828564494653314	-4.65389754348165	3.25718697214058e-06	2.35100119515702e-05
ENSMUSG00000027601	1006.37930451502	-0.22626874965987	0.0486513954370728	-4.65081726078203	3.30622195830244e-06	2.38559195149312e-05
ENSMUSG00000031633	55795.8656934293	-0.127349565174303	0.0273831391399994	-4.65065617653307	3.30880564013644e-06	2.38665396072476e-05
ENSMUSG00000017943	5051.38712375322	0.181372210339564	0.039003040145847	4.65020700082212	3.31602034488043e-06	2.39105450867327e-05
ENSMUSG00000104168	183.229016242556	-0.436791098353479	0.0939351817008759	-4.64992019437809	3.32063494789393e-06	2.39357789763234e-05
ENSMUSG00000037111	15951.9585848464	0.25742856481216	0.0553745166869264	4.64886341613773	3.33769130472941e-06	2.40506483878219e-05
ENSMUSG00000027309	2193.92746127486	0.264337796333884	0.0568644068508511	4.64856332762272	3.34255001719434e-06	2.40719383561753e-05
ENSMUSG00000033102	1164.92571040238	0.261976436572707	0.0563566839915527	4.64854242687476	3.34288867230777e-06	2.40719383561753e-05
ENSMUSG00000033730	249.571041024694	0.757852537498539	0.163163791697906	4.6447347760935	3.40513620530599e-06	2.45119563323603e-05
ENSMUSG00000009216	164.769871221677	-0.510330281405937	0.109879595870512	-4.64444993051612	3.40983728465635e-06	2.45375686062465e-05
ENSMUSG00000033904	5273.9510538241	0.268882878907847	0.0579089788893641	4.64319841352324	3.43056611469814e-06	2.46784625395812e-05
ENSMUSG00000105651	7.3585407789393	4.32273836843626	0.931221196046358	4.64201028368889	3.45035683880671e-06	2.48125158800084e-05
ENSMUSG00000047434	1032.78531442917	-0.198656860130429	0.0428077876952755	-4.64067102800442	3.47279612339338e-06	2.49655196198132e-05
ENSMUSG00000087038	463.36292635593	0.346649345403305	0.0746995797550842	4.64057959281506	3.47433321598721e-06	2.49682078387618e-05
ENSMUSG00000053559	162.460533456936	0.752897559984053	0.162283426588717	4.6393989565685	3.49423926484408e-06	2.51028581188564e-05
ENSMUSG00000028060	1218.09324387985	0.369312117531198	0.0796250537379239	4.63813963312029	3.51559253520907e-06	2.52478117633985e-05
ENSMUSG00000070695	1118.14431917994	-0.357178343618589	0.0770127964628972	-4.63790902321886	3.51951631994564e-06	2.52675375665395e-05
ENSMUSG00000030329	903.400338020363	-0.379301171833017	0.0817846617591778	-4.63780327110606	3.52131707654928e-06	2.52720134955556e-05
ENSMUSG00000024544	672.570484109777	-0.346182690536928	0.0746544400436328	-4.63713464777978	3.53272292213934e-06	2.53453978097069e-05
ENSMUSG00000127794	23.1040407644658	1.18453802063002	0.255462184750567	4.63684291194255	3.5377106489278e-06	2.5368570613777e-05
ENSMUSG00000005362	10415.8421641191	-0.155347304502373	0.0335030738903244	-4.63680750640726	3.53831642679812e-06	2.5368570613777e-05
ENSMUSG00000036834	131.448868053669	0.583735916999797	0.125904397519132	4.63634256230881	3.54628071255254e-06	2.54171825628223e-05
ENSMUSG00000137183	16.4926713599627	1.47241226123029	0.317626686408943	4.63566924390782	3.55784483336448e-06	2.54915544702944e-05
ENSMUSG00000134746	8.328909333317	3.17063206571062	0.684052197954342	4.63507328123847	3.56811054000973e-06	2.55487201257134e-05
ENSMUSG00000120500	7.25534864594392	2.82481654001425	0.60944448207868	4.63506787423758	3.56820380773729e-06	2.55487201257134e-05
ENSMUSG00000022844	487.581264060311	0.335775172289518	0.0724678146368704	4.63343863716681	3.59641395376706e-06	2.57421213509715e-05
ENSMUSG00000020128	1649.61512976959	0.197008957729453	0.0425332399870466	4.6318822123462	3.62356298529315e-06	2.59278010141009e-05
ENSMUSG00000031635	5.53323773663162	4.16434233268424	0.89916741394481	4.63133146075047	3.63321683842279e-06	2.59882148129236e-05
ENSMUSG00000041375	1385.62574029999	0.220741727939627	0.0476794881063879	4.62970003887381	3.66195814579219e-06	2.61850744695454e-05
ENSMUSG00000029176	5764.61524912798	0.144254475588281	0.0311688549816567	4.62816088923308	3.68927360146005e-06	2.63716107655482e-05
ENSMUSG00000027832	34.9396405133364	1.52505461057189	0.329532438043739	4.62793471752079	3.69330391927194e-06	2.63916318012954e-05
ENSMUSG00000090626	506.02904055059	-0.393759666528389	0.0850881836316742	-4.62766567250838	3.6981037246141e-06	2.64171362903715e-05
ENSMUSG00000039703	9344.17848277386	0.151641016958459	0.0327756151797795	4.62664136513332	3.71643231041612e-06	2.6539233524748e-05
ENSMUSG00000027520	160.991820736123	0.61127925407733	0.132129926680516	4.62634975614096	3.72166616096589e-06	2.65677704726618e-05
ENSMUSG00000028744	840.701423455304	0.263232149834121	0.056910979324149	4.62533157854874	3.73999605904685e-06	2.66897458123337e-05
ENSMUSG00000046623	19.6298786842891	1.44039033625442	0.311421732544276	4.62520815258016	3.74222392644953e-06	2.66967692938403e-05
ENSMUSG00000001524	662.133965828379	-0.260688547420638	0.0563664251590289	-4.62489055648192	3.74796245995174e-06	2.67288246396425e-05
ENSMUSG00000031673	7987.11830361418	-0.258141016915269	0.0558239321680242	-4.6241998169941	3.760472330602e-06	2.68091328624053e-05
ENSMUSG00000078349	210.062433557622	-0.441170367075863	0.0954215462767755	-4.62338312770812	3.77531490076641e-06	2.69060125032708e-05
ENSMUSG00000020056	1145.16499654469	-0.230430852326421	0.0498573905291418	-4.62179929356177	3.80425983386694e-06	2.70943716943422e-05
ENSMUSG00000046500	2799.26794861063	0.409719434560425	0.0886493446321489	4.62179879908372	3.80426890369643e-06	2.70943716943422e-05
ENSMUSG00000022565	26225.8216701178	0.36491009874859	0.0789823804816622	4.62014561378425	3.83470816812933e-06	2.73021046557427e-05
ENSMUSG00000024790	1056.12601663081	0.21921377857904	0.0474542268407899	4.61947845688241	3.84705819126116e-06	2.7380951967378e-05
ENSMUSG00000027665	5456.34219976997	0.23721018908471	0.0513579423120841	4.61876349413042	3.86033548730966e-06	2.74663445709609e-05
ENSMUSG00000021418	411.123053394734	-0.289039063025721	0.0626084164749658	-4.61661673141493	3.90046664822533e-06	2.77426829260454e-05
ENSMUSG00000024172	679.852678591183	-0.486001783890962	0.105275024770969	-4.61649650473399	3.90272592647407e-06	2.77495577137107e-05
ENSMUSG00000108325	134.884562551376	0.51710109793119	0.112043854051126	4.61516700144245	3.92779349003211e-06	2.79185480321289e-05
ENSMUSG00000024687	5044.51125801494	0.180174091733127	0.0390516811823663	4.61373457628462	3.9549743166566e-06	2.81024424632077e-05
ENSMUSG00000006998	23279.1955479323	0.153834269278657	0.0333541321120875	4.61215026557109	3.98524718473809e-06	2.83081787119748e-05
ENSMUSG00000112080	105.92347677023	0.733730936560334	0.159096321074532	4.61186614250246	3.99069961616202e-06	2.83375315780793e-05
ENSMUSG00000040373	1284.64952921093	-0.350908085475008	0.0760965561626484	-4.61135303843421	4.00056440099317e-06	2.8398186320013e-05
ENSMUSG00000032178	2833.14957731688	0.156431155984781	0.0339248026365057	4.61111469566661	4.00515465298877e-06	2.84213718284485e-05
ENSMUSG00000021710	685.350953105896	0.285133107204873	0.0618439469998638	4.6105257027903	4.01651974841084e-06	2.8492601757894e-05
ENSMUSG00000058013	3866.37303613271	0.157975776492688	0.0342675580936132	4.61006810176333	4.02537085972899e-06	2.85459566815139e-05
ENSMUSG00000025577	295.883954133708	0.352914057410889	0.076561459727521	4.60955236050743	4.03536895063015e-06	2.86074074947909e-05
ENSMUSG00000057572	996.152438257497	-0.188096204966253	0.040806529109427	-4.60946346262024	4.03709471612243e-06	2.8610193191246e-05
ENSMUSG00000010358	1121.98301496236	0.457251008391101	0.0992123437839327	4.6088116755604	4.04976941297868e-06	2.86905446267328e-05
ENSMUSG00000039018	887.50403057508	-0.20920719463245	0.0454118127610028	-4.60688930727086	4.08737441804894e-06	2.89474032523387e-05
ENSMUSG00000062961	90.4038121303068	-0.652538077720763	0.141647165429	-4.60678528754495	4.08941874690206e-06	2.8952329426451e-05
ENSMUSG00000059857	1997.95884992641	-0.347976332515578	0.0755420389128743	-4.6063931755524	4.0971338463507e-06	2.89973871235622e-05
ENSMUSG00000033762	81.8886768945754	0.82326233773317	0.17880324649858	4.60429188985507	4.13871647068539e-06	2.92820328805974e-05
ENSMUSG00000046668	2090.09709592713	-0.417111628307868	0.0905937739645769	-4.60419750777755	4.14059366919092e-06	2.92856618460799e-05
ENSMUSG00000050587	1386.36900799032	-0.286822486809163	0.0623040997757449	-4.60358929575327	4.15271019821585e-06	2.93616854792165e-05
ENSMUSG00000139399	203.752638604891	0.436261051604722	0.0947836689159189	4.60270272921934	4.1704328601598e-06	2.94772840883076e-05
ENSMUSG00000029993	2809.20160364754	-0.145642423502431	0.0316471522193078	-4.60207043253563	4.18311686658026e-06	2.95572042982264e-05
ENSMUSG00000008206	6182.24920873742	0.206629931594942	0.044902836638214	4.60171220940398	4.19031929488863e-06	2.95983527423755e-05
ENSMUSG00000096999	4.34841421629566	4.78675801321372	1.04041555198276	4.60081359231068	4.20843920757988e-06	2.9716564483523e-05
ENSMUSG00000031242	3310.08247631996	-0.196392404707705	0.0426917291337287	-4.60024479431414	4.21994735349582e-06	2.97880269286884e-05
ENSMUSG00000048012	37.7786277686308	-0.881212054204761	0.191623496587387	-4.5986638898581	4.25209143377315e-06	3.00050607223453e-05
ENSMUSG00000066643	1800.87039683715	-0.182015450296481	0.0396083506940486	-4.59538069894513	4.31959882211782e-06	3.04714125256593e-05
ENSMUSG00000034820	2614.93893117068	0.205868704407422	0.0448110436557742	4.59415107554394	4.34514510029073e-06	3.06415521428518e-05
ENSMUSG00000054057	654.298232822455	-0.225663574197844	0.0491243951520257	-4.59371710327387	4.35419568634862e-06	3.0695292152105e-05
ENSMUSG00000032036	1892.84433613331	-0.353095665912309	0.0769166884751449	-4.59062490744657	4.41920895612462e-06	3.11433813040614e-05
ENSMUSG00000041777	1342.09576826515	-0.16955791831501	0.0369531164207629	-4.58846058839411	4.4652658562078e-06	3.14576294287354e-05
ENSMUSG00000028696	415.579951751007	-0.285105569255853	0.0621620514110135	-4.58648906823786	4.50761993379657e-06	3.1742424745016e-05
ENSMUSG00000024283	4696.27344135567	0.132140426875024	0.0288111010918121	4.58644140166437	4.5086487024855e-06	3.1742424745016e-05
ENSMUSG00000057967	603.200507308031	-0.30404397365677	0.066295996693442	-4.58615887566626	4.51475096793299e-06	3.17749653369343e-05
ENSMUSG00000046607	48.1460831820075	-0.949771933551371	0.207129914534189	-4.58539238857553	4.53134616298705e-06	3.1881309975313e-05
ENSMUSG00000056267	414.8625639263	-0.286921459667959	0.0625866085292667	-4.58439059745168	4.55312403835093e-06	3.20240368962126e-05
ENSMUSG00000033342	397.317436464718	0.491317547166544	0.107182261695884	4.58394457620789	4.56285229242664e-06	3.2081948021366e-05
ENSMUSG00000040731	18683.8325536408	0.121533815867939	0.0265134704762	4.58385166804304	4.56488123441071e-06	3.20857041839752e-05
ENSMUSG00000061578	1951.75248206545	-0.421255649923169	0.0919036501519238	-4.58366614630432	4.56893527135291e-06	3.21036872454539e-05
ENSMUSG00000018858	2080.16953923642	-0.154579788661495	0.033731457233237	-4.58265966965641	4.59098906630405e-06	3.22458569405577e-05
ENSMUSG00000020491	402.859992169029	-0.289306109186454	0.0631313544374597	-4.58260577116323	4.59217295571065e-06	3.22458569405577e-05
ENSMUSG00000021460	4731.89097119337	-0.215194898596501	0.0469821475924643	-4.58035465860691	4.64188103643469e-06	3.2584244057589e-05
ENSMUSG00000139403	78.6682302042966	-0.623884519344864	0.136224232539621	-4.57983508303784	4.65342706930041e-06	3.2654614406539e-05
ENSMUSG00000019464	1749.10588054355	-0.392307498236999	0.0856739081984504	-4.57907788364549	4.67030286146721e-06	3.2762327197469e-05
ENSMUSG00000097195	191.973388298168	0.631307144506169	0.137879230795953	4.57869644950686	4.67882611726009e-06	3.28113954371464e-05
ENSMUSG00000031727	119.686115874091	-0.782310905020942	0.17086812225722	-4.57844854081836	4.68437369515725e-06	3.28395707838816e-05
ENSMUSG00000034751	1461.8983573591	0.342458195675775	0.0748201883210635	4.57708278153806	4.71504912659403e-06	3.3043827800022e-05
ENSMUSG00000032135	12214.5127400452	0.259286761768708	0.0566517330420491	4.57685489649991	4.72018619915222e-06	3.30690329474548e-05
ENSMUSG00000009569	1986.0490547711	0.273952422408684	0.0598586197052828	4.57665786076432	4.72463217594241e-06	3.30893814971549e-05
ENSMUSG00000058267	1167.07252764257	-0.218440373420985	0.0477317913906398	-4.5764126393928	4.73017103142869e-06	3.31173683498527e-05
ENSMUSG00000040225	5986.36732036715	0.402525738931685	0.0879705025946743	4.57568988535089	4.74653219997583e-06	3.32210825577702e-05
ENSMUSG00000029920	1006.3906815368	0.241257248663174	0.0527376153326524	4.57467117429179	4.76968509407063e-06	3.33722490969101e-05
ENSMUSG00000059554	3036.12630829772	0.196418273630513	0.042946512851939	4.57355581599088	4.79515859682322e-06	3.35325953258417e-05
ENSMUSG00000014980	1580.16188860885	-0.212267848585069	0.0464122464966303	-4.57353100976227	4.79572662118392e-06	3.35325953258417e-05
ENSMUSG00000021273	18395.898021388	0.187236395435784	0.0409435638476967	4.57303609749928	4.80707282700323e-06	3.36009851203033e-05
ENSMUSG00000026585	23704.6350556263	0.24014138336121	0.0525154788575185	4.57277337245169	4.81310642288482e-06	3.36322078364731e-05
ENSMUSG00000033998	3813.27056487555	-0.342068675365638	0.0748314610186608	-4.5711879830909	4.84966982000842e-06	3.38766717723074e-05
ENSMUSG00000019817	3591.69872968053	0.269066426505871	0.0588649474179181	4.57091084437067	4.85608864960037e-06	3.39104746103844e-05
ENSMUSG00000031393	6318.75985144965	0.27359052625684	0.0598673607938247	4.56994466816485	4.87853001639284e-06	3.40561057989882e-05
ENSMUSG00000101736	4.07291628426285	4.9399412403833	1.08165436208848	4.56702382343762	4.94697806078379e-06	3.45227019027259e-05
ENSMUSG00000020327	81.1098219236962	-0.681518112934813	0.149256188352496	-4.56609618976254	4.96890829843987e-06	3.46644736868086e-05
ENSMUSG00000027965	302.436794190253	-0.634003738884791	0.138875138241632	-4.56527890385732	4.98830692116409e-06	3.47876762170028e-05
ENSMUSG00000112058	123.449751410233	0.798496267478505	0.174908974733643	4.56521038268324	4.9899365909549e-06	3.47876762170028e-05
ENSMUSG00000018906	872.015827418316	0.349788525439488	0.0766215150772043	4.56514759708208	4.99143029667235e-06	3.47876762170028e-05
ENSMUSG00000071072	10254.3122570123	0.136493459217107	0.0299007896994759	4.56487807141427	4.99784733393822e-06	3.48210940831931e-05
ENSMUSG00000076441	6047.80539542008	-0.239747110503177	0.0525485554679226	-4.56239202711342	5.05741034089238e-06	3.52246497007125e-05
ENSMUSG00000085151	390.563326791002	-0.282568107491232	0.061937872081158	-4.56212165508332	5.06392900292039e-06	3.52586117342488e-05
ENSMUSG00000026554	8760.05309279074	-0.100507265358922	0.022031229625327	-4.56203612182316	5.06599288218119e-06	3.52615444905646e-05
ENSMUSG00000017692	884.82983882841	-0.313848843840372	0.0687999013054096	-4.56176299508288	5.07258870231105e-06	3.52960094274908e-05
ENSMUSG00000091897	6.58334545262016	4.58783881161377	1.00604965062453	4.5602508869873	5.10925410853506e-06	3.55396139642948e-05
ENSMUSG00000022389	6398.19571162067	-0.247897685749239	0.0543789728170982	-4.55870482480488	5.14700515468353e-06	3.5790609864087e-05
ENSMUSG00000029009	2064.52528260765	0.264395336025015	0.0580134888782645	4.55748035736693	5.17709303403347e-06	3.59881732734982e-05
ENSMUSG00000048982	5.14234294690009	4.71511549781461	1.03473300382997	4.55684266410953	5.19282919206583e-06	3.60858761530868e-05
ENSMUSG00000040624	1555.22070423238	-0.329196592042342	0.0722542382949132	-4.55608694812741	5.21153706134563e-06	3.61906511403884e-05
ENSMUSG00000041058	4359.28129879613	-0.13712675182091	0.0300976567126949	-4.55606073023853	5.21218724622428e-06	3.61906511403884e-05
ENSMUSG00000022234	15680.2750325201	0.0848842427440755	0.0186311885499551	4.55602939750615	5.21296437743786e-06	3.61906511403884e-05
ENSMUSG00000140087	6.86231433849786	2.78594986194205	0.611598585260043	4.5551934374693	5.23373932085405e-06	3.63231323186075e-05
ENSMUSG00000066154	15.8310995229174	1.9100432987972	0.419459730646753	4.55357966270602	5.27406864828179e-06	3.6591195088564e-05
ENSMUSG00000092569	128.640234531848	-0.676450570910487	0.148573376135496	-4.55297300569906	5.2893062338405e-06	3.66850557724136e-05
ENSMUSG00000031969	1658.58034590465	-0.201006762765251	0.0441534725813713	-4.55245648900687	5.30231295148871e-06	3.67633881836746e-05
ENSMUSG00000086517	5.02819079139574	4.79117729061751	1.05283304372734	4.55074745151931	5.34556790229415e-06	3.70513272814485e-05
ENSMUSG00000052372	258.449873511496	-0.541059306930611	0.118901291472191	-4.55049142218237	5.35207691239211e-06	3.7084468367143e-05
ENSMUSG00000044906	303.687781698407	0.328584394769625	0.0722363269086608	4.54874173191424	5.39676267771067e-06	3.7382028925375e-05
ENSMUSG00000032417	211.485986723486	-0.452443997788897	0.0994679921342627	-4.5486390956619	5.39939499064331e-06	3.73881976997256e-05
ENSMUSG00000032850	2014.90102297438	-0.233864676698082	0.0514154560547164	-4.54852868462749	5.40222807589202e-06	3.73957522983225e-05
ENSMUSG00000041592	1026.9158443814	0.50332624812253	0.110661576144927	4.54833796568515	5.40712516974384e-06	3.74175850721216e-05
ENSMUSG00000063887	481.273049347955	-0.328334289693012	0.0721954835336862	-4.54785082975186	5.41965266693488e-06	3.74921895418705e-05
ENSMUSG00000031590	1231.60331581972	-0.153781845209426	0.033817328559649	-4.54742736222278	5.43056539955851e-06	3.75555788875396e-05
ENSMUSG00000071369	2042.61226628475	-0.204981849710076	0.0450929580199701	-4.54576188191728	5.47368914155176e-06	3.78416138848793e-05
ENSMUSG00000094845	20.5986283343437	1.27143662909712	0.279722041670269	4.54535731794733	5.4842137680508e-06	3.79021676577522e-05
ENSMUSG00000032217	2252.73952390133	0.240342449754707	0.0528845375559138	4.5446639199709	5.50229740822603e-06	3.80149070373286e-05
ENSMUSG00000029326	1680.44690605461	-0.222571434473074	0.048992412253116	-4.54297766199332	5.54651309816881e-06	3.83080598987425e-05
ENSMUSG00000042308	818.261722751742	0.271508749198298	0.0597684614809142	4.54267589412518	5.5544616083014e-06	3.83506184894814e-05
ENSMUSG00000081534	10116.2775090702	-0.085103401631759	0.0187371304716415	-4.54196557795027	5.57321426986173e-06	3.84677226742289e-05
ENSMUSG00000040339	15204.6224037424	0.214776402293691	0.047289630335223	4.54172301139173	5.57963200527987e-06	3.8499640188151e-05
ENSMUSG00000062981	2450.05030528414	-0.200541070148679	0.0441629880877602	-4.54093073933689	5.60064296896103e-06	3.863219857703e-05
ENSMUSG00000071253	2451.81448891745	-0.190383160111337	0.0419280335467469	-4.54071283593762	5.60643500891734e-06	3.86597282047606e-05
ENSMUSG00000024347	91.4021611054064	0.674027027462511	0.148445569232516	4.54056682828139	5.6103192124873e-06	3.86740887011086e-05
ENSMUSG00000044250	414.840600429879	-0.322279232798123	0.071000457195872	-4.53911489483845	5.64908505382003e-06	3.89180865372187e-05
ENSMUSG00000033009	4060.24074177698	0.216611811386414	0.0477212568235238	4.53910533386532	5.64934117441412e-06	3.89180865372187e-05
ENSMUSG00000029478	8468.39136712093	0.264464176358892	0.0582721294670711	4.53843336046845	5.6673699559204e-06	3.90297604984881e-05
ENSMUSG00000024191	807.329606930167	-0.210077581595773	0.0462920479904022	-4.53809219327104	5.67654440345123e-06	3.90804047993856e-05
ENSMUSG00000032050	8088.26072759158	0.138560657234411	0.0305367768416635	4.53750105824407	5.69247449015281e-06	3.91664018928455e-05
ENSMUSG00000033793	14616.013254765	0.140934226533313	0.0310599307635612	4.53749326121016	5.69268489265247e-06	3.91664018928455e-05
ENSMUSG00000029672	3128.48791491823	-0.1595095367819	0.0351596206525398	-4.53672519274971	5.7134476985784e-06	3.92906713482614e-05
ENSMUSG00000121584	765.012852276887	-0.242699030088901	0.0534969424358979	-4.53668974408608	5.71440771216213e-06	3.92906713482614e-05
ENSMUSG00000025981	1469.48682547345	0.210711683616731	0.0464471253736675	4.53659256458938	5.71704029966102e-06	3.92961854218775e-05
ENSMUSG00000070283	1531.79427333467	-0.206165236097197	0.0454463418523214	-4.53645392993642	5.72079791460365e-06	3.93094263876062e-05
ENSMUSG00000076432	16789.9281896059	0.0897695480402664	0.0197946957139561	4.53503046156831	5.75951723191909e-06	3.95628150081201e-05
ENSMUSG00000039860	1573.31625454692	-0.317924402008459	0.070200341729546	-4.52881558943537	5.93152379706297e-06	4.07313147241694e-05
ENSMUSG00000004945	3408.20137394611	-0.244271393284058	0.0539461703105667	-4.52805809713263	5.95282167939695e-06	4.08644931787448e-05
ENSMUSG00000030595	1623.82926295417	0.15414911994754	0.0340454322705021	4.52774747351641	5.96157640943517e-06	4.09017602511464e-05
ENSMUSG00000006731	1993.32836608656	0.184885180499836	0.0408339651393353	4.52773028210618	5.96206129813831e-06	4.09017602511464e-05
ENSMUSG00000044071	3315.87954355216	-0.316580309775962	0.0699215835787253	-4.52764788170911	5.9643859492686e-06	4.09046353952076e-05
ENSMUSG00000048251	632.10877348476	-0.406804903744779	0.0898571121412488	-4.52724212976388	5.97584553911513e-06	4.09613072475802e-05
ENSMUSG00000053192	18893.300380749	0.107663106468653	0.0237812834243624	4.5272201902425	5.97646577375483e-06	4.09613072475802e-05
ENSMUSG00000032177	461.266962592058	-0.332866402693045	0.0735355755321658	-4.52660362394856	5.99392144119113e-06	4.10678320001943e-05
ENSMUSG00000029480	868.829594436351	0.307758331539423	0.0680121462131853	4.52504954886659	6.03813575537118e-06	4.13575692804077e-05
ENSMUSG00000002565	748.352116188775	-0.462873535774867	0.102311448565124	-4.52416168734271	6.06353583618018e-06	4.15182967334749e-05
ENSMUSG00000048904	23.5975504958433	1.26623675365053	0.279909537124199	4.52373565638346	6.07576006924809e-06	4.15887326678825e-05
ENSMUSG00000020151	2741.94230297539	0.317646923099373	0.0702389799435179	4.5223738066072	6.11499441624769e-06	4.18439496777727e-05
ENSMUSG00000021782	2305.11897853361	0.225507426568034	0.0498783953000767	4.5211443794722	6.15062185524278e-06	4.20743303838883e-05
ENSMUSG00000028137	902.312518600253	0.333051197838773	0.0736733416433294	4.52064736592451	6.16508106644893e-06	4.21598057255154e-05
ENSMUSG00000121485	607.864672969409	0.300370961392061	0.0664468096777993	4.5204722822444	6.17018237671316e-06	4.21812531523964e-05
ENSMUSG00000022564	30892.4834166691	0.177776102825034	0.0393294563890891	4.52017696523143	6.17879600854091e-06	4.22266905824066e-05
ENSMUSG00000059974	917.484302279871	-0.331475826886927	0.0733401810290942	-4.51970287277352	6.19264812500356e-06	4.2307888176743e-05
ENSMUSG00000022074	65.1132036139656	0.900381959681246	0.199239717688475	4.51908871447537	6.21063689675036e-06	4.24172865496797e-05
ENSMUSG00000031527	863.394203546312	0.296800323159416	0.0656782603703046	4.51900402790829	6.21312129598745e-06	4.24207575507845e-05
ENSMUSG00000044197	1154.99947079172	0.311836538270803	0.0690336042583574	4.51717017561127	6.26715376968905e-06	4.27760644897123e-05
ENSMUSG00000021532	650.428097782244	0.247733458013347	0.054872074265116	4.51474563940149	6.33928061408487e-06	4.32546082841532e-05
ENSMUSG00000018040	6627.01899154693	0.11023340071798	0.0244183107834473	4.51437454849272	6.35038993731401e-06	4.33161026899281e-05
ENSMUSG00000031995	44.7356878210163	0.928138731100723	0.205599252799208	4.51430984531428	6.35232885809623e-06	4.33161026899281e-05
ENSMUSG00000019810	4756.21982824945	0.133828864052699	0.029656775502798	4.51258984780976	6.4040791293829e-06	4.36551167327194e-05
ENSMUSG00000037172	1313.3539855438	0.199765968816243	0.0442702608078414	4.51241906351857	6.40923954449242e-06	4.36764241466902e-05
ENSMUSG00000027009	553.772206949357	-0.406575189330897	0.0901219156547454	-4.51139089062948	6.44039097383032e-06	4.38747802742753e-05
ENSMUSG00000005674	2894.66406206591	-0.2281994120634	0.0505898295832149	-4.5107764533588	6.45907619920685e-06	4.39881122119842e-05
ENSMUSG00000078789	659.429804110462	0.233672528967186	0.0518045972490552	4.51065236244932	6.46285613166755e-06	4.39998952497227e-05
ENSMUSG00000020092	660.635150397109	-0.311838844947997	0.0691420554522308	-4.51011823279453	6.47915042588443e-06	4.40968430697638e-05
ENSMUSG00000002997	22768.9192523795	-0.195347541291768	0.0433142791474276	-4.51000328614195	6.4826621532384e-06	4.41067593601951e-05
ENSMUSG00000019809	1362.821298566	-0.172730581513774	0.0383000823864472	-4.50992715292163	6.48498909648516e-06	4.41086108824938e-05
ENSMUSG00000026819	5505.47660797297	-0.247770920174697	0.0549648877399172	-4.50780362450841	6.55021576042684e-06	4.45381474543308e-05
ENSMUSG00000035105	481.828877680731	-0.780156124220036	0.173094686842187	-4.50710613048058	6.57177670449432e-06	4.46706012472055e-05
ENSMUSG00000010066	1710.15768392769	-0.34140629782252	0.075770559169847	-4.50579092411374	6.61261723645135e-06	4.49339796130626e-05
ENSMUSG00000035576	380.09383434021	-0.417409393947887	0.092641819533872	-4.50562603420449	6.61775458722657e-06	4.49546582181663e-05
ENSMUSG00000029557	414.896971579411	-0.319421289776601	0.0709222658041937	-4.50382240548375	6.67419877164399e-06	4.53237427497975e-05
ENSMUSG00000024576	24104.7598771764	0.127544006427858	0.0283217051658656	4.50340139059065	6.68744048849009e-06	4.53993034553853e-05
ENSMUSG00000013653	10.3619443968035	1.91847178143019	0.42620675216537	4.50127026773572	6.75485483797196e-06	4.584246410114e-05
ENSMUSG00000017697	313.253458166271	0.398456586559996	0.0885390508666646	4.5003485203388	6.78421366408375e-06	4.60271588221308e-05
ENSMUSG00000021993	1664.28161666102	-0.181440740106926	0.0403284025575171	-4.4990807619556	6.8247928331081e-06	4.62878366368084e-05
ENSMUSG00000087301	241.388088989824	-0.613928846465686	0.136498001148468	-4.49771308957058	6.86883042188226e-06	4.65717984321303e-05
ENSMUSG00000022677	2337.9472095426	-0.211493029727591	0.0470354318471927	-4.49646195265482	6.9093536378407e-06	4.68317604009752e-05
ENSMUSG00000040570	1507.43706871746	0.202806127302826	0.0451054445094481	4.49626712492202	6.91568447620543e-06	4.68598746736824e-05
ENSMUSG00000111761	88.5845424285605	-0.631718891783188	0.140512953164424	-4.49580538702344	6.93071060342465e-06	4.69468708782308e-05
ENSMUSG00000097286	24.2405514777404	-1.04407481841831	0.232317955386998	-4.49416325431706	6.98440320234695e-06	4.72845589967691e-05
ENSMUSG00000007777	1153.94476116213	-0.229832537796154	0.051140425006948	-4.49414602567203	6.98496862847083e-06	4.72845589967691e-05
ENSMUSG00000017999	1220.94532278493	0.180869995177178	0.0402562208445307	4.492970064818	7.02366608672592e-06	4.75315309639529e-05
ENSMUSG00000046603	1353.3965582592	-0.231056056707572	0.0514398247729436	-4.49177379058848	7.06324234891259e-06	4.77842925501915e-05
ENSMUSG00000030254	549.953724042025	0.244326858828438	0.0544065804689423	4.49075932952469	7.09697073738009e-06	4.79973452579083e-05
ENSMUSG00000071855	418.967408978986	0.279264210328744	0.0621883862048017	4.49061677543871	7.10172264351263e-06	4.80143553592573e-05
ENSMUSG00000106379	2778.07096603038	-0.322962553381353	0.0719236086191253	-4.49035524749065	7.11044834465592e-06	4.80582128987355e-05
ENSMUSG00000074916	629.920552444028	-0.256013377960888	0.0570211998108587	-4.48979289825701	7.12924548328984e-06	4.81700923966949e-05
ENSMUSG00000042650	4222.80985923666	0.20682067884015	0.0460672387128882	4.48953930425807	7.13773767981615e-06	4.82007530034625e-05
ENSMUSG00000005268	528.867687862669	-0.53219072722371	0.118540587170371	-4.48952329263248	7.13827419165225e-06	4.82007530034625e-05
ENSMUSG00000030611	931.284593273548	-0.210886797080287	0.0469830968524185	-4.48856740420318	7.17037373441475e-06	4.84022775418072e-05
ENSMUSG00000024271	5229.75562850337	-0.208819390990962	0.0465276792730497	-4.48806805440471	7.1871971710955e-06	4.85005892721585e-05
ENSMUSG00000070637	34.1110309501928	1.29302012394463	0.288172165671105	4.48697090828809	7.22429346190475e-06	4.87356013366585e-05
ENSMUSG00000041329	5313.66686712181	0.492304737843532	0.10972499569558	4.48671457877636	7.23298672916676e-06	4.87789170996839e-05
ENSMUSG00000049470	13205.5292517635	0.271942769826911	0.0606116473984558	4.48664211416633	7.23544613783775e-06	4.87801780134501e-05
ENSMUSG00000021482	1850.33788551466	0.3094035718636	0.0689879581124971	4.48489244107012	7.2950724274868e-06	4.91667267593192e-05
ENSMUSG00000025551	81.3016110365999	-0.752060420975197	0.167735064821928	-4.4836207728754	7.33870358041727e-06	4.94452639853224e-05
ENSMUSG00000050541	188.146556498322	-0.979832645673895	0.21854032907663	-4.48353239795077	7.34174499492344e-06	4.94502347226315e-05
ENSMUSG00000034473	921.834299116711	-0.211774800390535	0.0472414326404524	-4.48281918125392	7.36633443407029e-06	4.96002932753303e-05
ENSMUSG00000042323	4864.61636616338	0.224733767317515	0.0501381919493728	4.4822870267129	7.38473270933125e-06	4.97085833610865e-05
ENSMUSG00000091337	5514.50516177291	-0.247403844907145	0.0552109755005332	-4.48106273551997	7.42722733383975e-06	4.99789535887787e-05
ENSMUSG00000034285	5074.82401354248	-0.147753178656544	0.0329778915495651	-4.48037068817678	7.45135134237515e-06	5.01255744015748e-05
ENSMUSG00000029247	7441.09150136806	-0.110728459651474	0.0247164484233837	-4.47995026448526	7.46604341560188e-06	5.02086741727162e-05
ENSMUSG00000031883	151.809252785171	-0.408181236672105	0.0911147931033486	-4.4798569230039	7.46930907087763e-06	5.02094237055661e-05
ENSMUSG00000035726	3809.63532102118	0.180975315487543	0.0403979808523338	4.47981091305181	7.4709192826154e-06	5.02094237055661e-05
ENSMUSG00000044864	7174.13964519308	0.235120329070877	0.05248518544862	4.47974656202837	7.47317193418819e-06	5.02094237055661e-05
ENSMUSG00000102615	152.534101532729	-0.464747875673843	0.103798701287316	-4.47739586247248	7.55590641956409e-06	5.07494015026166e-05
ENSMUSG00000079109	600.021689457406	-0.220196580709772	0.0491846258310613	-4.47693922621472	7.57207931339978e-06	5.08421190307912e-05
ENSMUSG00000029228	480.717051427633	-0.383734276346747	0.0857394328950894	-4.47558682614898	7.62017229033361e-06	5.11490363928397e-05
ENSMUSG00000133623	17.0784334065293	1.47640840186704	0.330014681178444	4.47376582337174	7.68539091312888e-06	5.1570678756244e-05
ENSMUSG00000029776	3828.00800514723	-0.123078400701992	0.0275194131914288	-4.47242097227297	7.73389857026912e-06	5.18715399134228e-05
ENSMUSG00000122176	816.364221973975	0.32954366452902	0.0736840364615324	4.47238886948141	7.73506006069442e-06	5.18715399134228e-05
ENSMUSG00000024462	31715.2929054773	0.218667093186755	0.0488995992528603	4.47175634417831	7.7579790952222e-06	5.20089879006995e-05
ENSMUSG00000061207	1196.71401777992	0.23871019646329	0.0534418847722603	4.4667248821882	7.94261651080193e-06	5.32209217298103e-05
ENSMUSG00000056900	6302.85516951603	0.278457598691429	0.0623408548561856	4.46669522472548	7.94371719101427e-06	5.32209217298103e-05
ENSMUSG00000121096	873.453377277901	-0.24821426001215	0.0555733179556884	-4.46642865934448	7.95361680472289e-06	5.3270620383832e-05
ENSMUSG00000039089	528.999120335552	0.489770663016529	0.109671107642268	4.46581304361486	7.97652442111538e-06	5.34073840373246e-05
ENSMUSG00000046404	1100.14472505681	0.295680001645452	0.066263625739931	4.46217662169477	8.1131309730121e-06	5.43051042926965e-05
ENSMUSG00000011257	1630.15798005321	0.209732678950288	0.0470088975935804	4.46155280567416	8.13678897380023e-06	5.44464813315448e-05
ENSMUSG00000041126	984.464332487478	-0.309297171750675	0.0693353081204585	-4.46088984292566	8.1620038771542e-06	5.45981848635064e-05
ENSMUSG00000009378	1230.93654136132	-0.326218459027093	0.073154053790636	-4.45933536316001	8.22141965583119e-06	5.49785029071876e-05
ENSMUSG00000108348	2286.90369834129	-0.320283900005742	0.0718274852358265	-4.45907160683928	8.23154196452971e-06	5.50290500811569e-05
ENSMUSG00000038524	1537.09937193246	0.215685229168898	0.0483711105856977	4.45896789545021	8.23552541063642e-06	5.50385393725783e-05
ENSMUSG00000018740	370.117819704045	-0.292895756209185	0.065692130344258	-4.45861254117155	8.24918817468863e-06	5.51126901207177e-05
ENSMUSG00000139182	202.144596804455	-0.656610202035522	0.147299095059457	-4.45766623189696	8.28567789844744e-06	5.5339253817073e-05
ENSMUSG00000026227	25.2148390406974	-1.05963862972913	0.237740880494416	-4.45711577884908	8.30697430899756e-06	5.54642334422835e-05
ENSMUSG00000042369	1008.01245967301	0.204388175617226	0.0458641641566316	4.45638069232475	8.33549557959853e-06	5.56348560186962e-05
ENSMUSG00000027210	1450.138695255	-0.298807745051111	0.0670525230558148	-4.45632366141364	8.33771228045028e-06	5.56348560186962e-05
ENSMUSG00000013663	11981.1917300627	-0.241189494708143	0.0541241636904527	-4.45622580124388	8.3415172626528e-06	5.56369360305351e-05
ENSMUSG00000085008	7.46982261089665	2.63706539043227	0.591777159726619	4.45617974112166	8.34330873873497e-06	5.56369360305351e-05
ENSMUSG00000026678	11621.1555833995	0.351378460853093	0.0788530826635813	4.45611571525001	8.34579959090296e-06	5.56369360305351e-05
ENSMUSG00000033335	2740.53462941035	0.170811445687242	0.0383360237310243	4.4556380412768	8.36440538725194e-06	5.57436591253493e-05
ENSMUSG00000053025	17512.8281753334	-0.274914256851885	0.0617045587064902	-4.45533138255746	8.376370886629e-06	5.58060761801298e-05
ENSMUSG00000024654	3019.39266935049	-0.179996987932093	0.0404021018974115	-4.45513920016189	8.38387797809536e-06	5.58387603716398e-05
ENSMUSG00000026172	694.325215535373	-0.241980470600058	0.0543314480940624	-4.45378282907395	8.43704413258389e-06	5.61754309398405e-05
ENSMUSG00000029029	1026.05978848401	-0.219478349331166	0.0492832147462671	-4.45340975545412	8.45172404182523e-06	5.62557234982389e-05
ENSMUSG00000006920	5078.47915483018	0.123936427306903	0.0278339297083847	4.45271036484539	8.47930985864743e-06	5.64075279404526e-05
ENSMUSG00000004462	1305.24054205998	-0.157533026178169	0.0353792274703994	-4.45269830467528	8.47978629757946e-06	5.64075279404526e-05
ENSMUSG00000029726	2067.92483722434	0.15990051230473	0.0359117806649639	4.45259213951291	8.48398147325047e-06	5.64179511477059e-05
ENSMUSG00000058076	5482.52753425796	-0.15147784126522	0.0340223961162557	-4.45229785543662	8.49562064533721e-06	5.64778546834341e-05
ENSMUSG00000090191	35.1835376525163	1.2555470480916	0.282031094511663	4.45180362209911	8.51520231635216e-06	5.65905055488593e-05
ENSMUSG00000049115	1023.77507508646	-0.484989146996901	0.108946764519013	-4.45161587990308	8.52265201680866e-06	5.66224847393422e-05
ENSMUSG00000087352	98.1472679740544	-0.708550645052645	0.159170386836589	-4.451523044799	8.52633805949219e-06	5.66294470250802e-05
ENSMUSG00000007880	4620.92904194725	0.291716282644082	0.0655453619826756	4.45060144333609	8.56301322801691e-06	5.6855441371052e-05
ENSMUSG00000087221	60.8219887788705	-0.730577224969166	0.164157359220513	-4.4504689185928	8.56829943837851e-06	5.68729485912904e-05
ENSMUSG00000027342	2020.11734294203	0.15939872672937	0.035819386499468	4.45006858874419	8.58428693396423e-06	5.69614538870096e-05
ENSMUSG00000036095	1008.21474832623	-0.252333994202776	0.0567210078782721	-4.44868671488182	8.63969251924758e-06	5.73113843072214e-05
ENSMUSG00000046111	823.136262524282	0.281756353425761	0.0633589548867364	4.44698549604302	8.70837151528971e-06	5.77491204656191e-05
ENSMUSG00000135076	10.6247338097634	2.06730249688873	0.465014206022446	4.44567600325943	8.76159138688851e-06	5.80841015166611e-05
ENSMUSG00000062098	6931.94133513072	-0.205322720932192	0.0462497228570566	-4.43943678466527	9.01946017638727e-06	5.97751565749704e-05
ENSMUSG00000090935	2480.95742952754	-0.137727494653203	0.0310461779655501	-4.43621417122683	9.15547616817823e-06	6.06578553784302e-05
ENSMUSG00000038011	27.2381346685541	1.25524356765576	0.282984495217655	4.43573265980632	9.17596672187693e-06	6.07748539499568e-05
ENSMUSG00000028785	1654.80135452142	-0.325193903426443	0.0733203004331873	-4.4352505582376	9.19652628138498e-06	6.08922372474429e-05
ENSMUSG00000097558	22.1057940695974	1.13197731169236	0.255241982832131	4.43491818678139	9.21072611864708e-06	6.09674520082881e-05
ENSMUSG00000031730	597.385901771134	-0.225906190341899	0.0509505131145961	-4.43383543231053	9.25712983281551e-06	6.12525803853347e-05
ENSMUSG00000113616	20.9328699066453	-1.75564236098336	0.395969655529201	-4.4337800547797	9.25950914704235e-06	6.12525803853347e-05
ENSMUSG00000029168	10400.2710065452	0.286228070389202	0.0645747960007044	4.43250444625609	9.31447810919621e-06	6.1597223380162e-05
ENSMUSG00000046219	25.3778899970035	1.29821046950118	0.292997569516316	4.43078920976814	9.38888329574481e-06	6.20701474673416e-05
ENSMUSG00000049404	2909.42496439259	-0.291208314406984	0.065755768662291	-4.42863524115388	9.48312469926476e-06	6.26738777076408e-05
ENSMUSG00000016559	8863.09768088683	0.361786742303701	0.0816949127628643	4.42851005121774	9.48862976202326e-06	6.26909592094771e-05
ENSMUSG00000030647	4862.81297170952	-0.183025896184473	0.0413342703438057	-4.42794549564128	9.51349330015105e-06	6.28358914403207e-05
ENSMUSG00000059970	1554.87799497125	0.218251424488496	0.049303136285701	4.4267249698635	9.56745925918994e-06	6.31728946348112e-05
ENSMUSG00000142835	13.8759867690001	1.68329981188487	0.380317465002192	4.4260386829071	9.59793198655344e-06	6.33546150133321e-05
ENSMUSG00000024501	43313.9220958813	0.21877869397546	0.0494354521899974	4.42554248587873	9.62002200938593e-06	6.34809076094308e-05
ENSMUSG00000016995	964.701207120822	0.363396009657389	0.082115405912464	4.42543035158072	9.62502080075584e-06	6.3494375079602e-05
ENSMUSG00000025505	801.396121157036	-0.208886393800891	0.0472041523472091	-4.4251698931999	9.63664125072286e-06	6.35515026384077e-05
ENSMUSG00000002455	3386.97096632171	0.154329052305783	0.0348759161644957	4.42508955400269	9.64022831828067e-06	6.35556330098934e-05
ENSMUSG00000059810	6940.48626718332	-0.211156807116177	0.0477273289525285	-4.42423265140611	9.67856763108381e-06	6.37888034291818e-05
ENSMUSG00000027750	2018.28566881584	0.578014080233179	0.130652798800219	4.4240466759309	9.68690771170064e-06	6.38241746284119e-05
ENSMUSG00000030421	2034.36582222274	0.207454210868797	0.046927334792402	4.4207541678328	9.83570195826543e-06	6.47846511924289e-05
ENSMUSG00000109501	3.68989397255203	4.72380048554687	1.06891418142776	4.41925139325708	9.90433827383684e-06	6.52167255785833e-05
ENSMUSG00000054418	200.399962054024	-0.503089468017826	0.113854463696348	-4.41870658105749	9.92933431998721e-06	6.53612666399404e-05
ENSMUSG00000027890	588.336298626971	-0.254230086789366	0.057536343228145	-4.41860001045399	9.93423083225826e-06	6.53734515773316e-05
ENSMUSG00000056305	1527.56924698391	0.169704673608752	0.0384130455631823	4.41789165947853	9.96683551379073e-06	6.55679102479411e-05
ENSMUSG00000027603	7482.61495080449	0.189576677797671	0.0429127442517111	4.41772441039148	9.97454872246583e-06	6.55985486753834e-05
ENSMUSG00000021256	4006.43549517274	0.261599442068468	0.0592259583786821	4.41697271314446	1.00092860159485e-05	6.5806840311899e-05
ENSMUSG00000004455	4118.78259448136	0.129210239399391	0.0292562969386698	4.41649329955379	1.00315009007292e-05	6.59327000413509e-05
ENSMUSG00000032279	9207.62554083691	-0.129564246729661	0.0293394416932098	-4.4160433618492	1.00523927738399e-05	6.60497898020349e-05
ENSMUSG00000029600	652.40273274879	-0.256415697408838	0.058071627761662	-4.4155073190168	1.00773369977376e-05	6.61934259465839e-05
ENSMUSG00000025723	4627.54264262784	-0.207302711710662	0.0469659721111046	-4.41389164095781	1.01528791030009e-05	6.66692269271999e-05
ENSMUSG00000046793	507.366078466474	-0.324917000784755	0.073651212721129	-4.4115634866056	1.0262685296136e-05	6.73696643935338e-05
ENSMUSG00000021379	3989.87405439843	-0.316871575167209	0.0718336656658122	-4.41118481467135	1.0280652054798e-05	6.74669755451829e-05
ENSMUSG00000031600	2557.79377722996	0.17362664253438	0.0393702767114893	4.41009454433709	1.03325497617252e-05	6.7783557307965e-05
ENSMUSG00000020160	204.523063226494	-0.404168003098528	0.0916472662526889	-4.41003883284593	1.03352083792495e-05	6.7783557307965e-05
ENSMUSG00000007850	5116.67760478678	0.17887835490612	0.0405682716602974	4.40931663059191	1.03697318950159e-05	6.79892073483236e-05
ENSMUSG00000031672	16858.6294747251	0.192119626549139	0.0435732422384466	4.40911937417462	1.0379180496628e-05	6.80303781803408e-05
ENSMUSG00000025287	3159.25781422574	0.126810972180678	0.0287725643305344	4.40735732567647	1.04639483146775e-05	6.85650532731583e-05
ENSMUSG00000031936	5.64798440712608	3.00337879904665	0.681488020218375	4.40708964786241	1.04768833380318e-05	6.86288610723801e-05
ENSMUSG00000056952	2114.88141078869	0.168016449081243	0.0381285529138723	4.40657817412508	1.05016418118576e-05	6.87549181714309e-05
ENSMUSG00000061535	509.703602584126	-0.824105762990574	0.187017946833942	-4.40655978178563	1.05025331540167e-05	6.87549181714309e-05
ENSMUSG00000041199	1103.24303073175	-0.219763003360457	0.0498737378670152	-4.4063872643041	1.0510897332059e-05	6.87886957713348e-05
ENSMUSG00000115384	74.6856619161092	-0.580629396855868	0.131786801695109	-4.40582356797127	1.05382714342412e-05	6.89468255432559e-05
ENSMUSG00000010097	1173.24036200246	0.179862063111576	0.0408351049612382	4.40459411778924	1.05982120870466e-05	6.93118042433558e-05
ENSMUSG00000020227	553.932263773202	0.526168557718749	0.119460311295542	4.40454701659886	1.06005149227121e-05	6.93118042433558e-05
ENSMUSG00000032640	1136.23279593772	0.233347956705029	0.0529869202239298	4.40387846130458	1.06332529871518e-05	6.95046920286844e-05
ENSMUSG00000091636	364.718621024812	0.331861906542533	0.0753579674337251	4.40380649643178	1.063678273968e-05	6.95060116868022e-05
ENSMUSG00000023473	1937.6903585225	0.38754974470144	0.08800463683023	4.40374233290756	1.06399307930137e-05	6.95060116868022e-05
ENSMUSG00000026204	17324.694812037	0.245836857642939	0.0558318068761976	4.40316857715284	1.06681205306387e-05	6.96689611532373e-05
ENSMUSG00000016481	2423.87891328677	0.127130523460867	0.0288787038422478	4.40222401099882	1.07146843116132e-05	6.99517680757569e-05
ENSMUSG00000033623	3930.05988705346	0.213453661686542	0.0484901626172932	4.40199929563481	1.07257905282999e-05	6.99869573874886e-05
ENSMUSG00000033669	282.058298985526	0.343421325799115	0.0780151408566687	4.40198302570596	1.07265950715009e-05	6.99869573874886e-05
ENSMUSG00000091549	410.808667024832	0.311412103122996	0.0707537725267831	4.40134980795708	1.07579523048358e-05	7.01702230858723e-05
ENSMUSG00000033707	613.543309277474	-0.303678081402787	0.0689985405628959	-4.40122470599169	1.07641577571245e-05	7.01893713288076e-05
ENSMUSG00000021733	485.108071154798	0.316701433464489	0.0719635929646994	4.40085632772453	1.07824503373383e-05	7.02844614203658e-05
ENSMUSG00000054321	997.81687698064	0.304853913542871	0.0692723977474477	4.40079921376914	1.07852891045693e-05	7.02844614203658e-05
ENSMUSG00000052629	236.383112329631	-0.475575748361251	0.108073550264718	-4.40048233074941	1.08010522883845e-05	7.03658234969536e-05
ENSMUSG00000035062	1026.26196981606	-0.16782967258394	0.0381525153598826	-4.39891501257119	1.08793417399399e-05	7.0854353698286e-05
ENSMUSG00000028191	1022.14479736579	0.247138187647419	0.0561873089882315	4.39846990535145	1.09016739849785e-05	7.09782631973155e-05
ENSMUSG00000017421	5036.75087276278	0.151996740468738	0.0345631295372584	4.39765560884434	1.09426427924781e-05	7.12233990853048e-05
ENSMUSG00000046844	19831.244169364	0.188718340183091	0.0429262770324213	4.39633607267075	1.10093434369276e-05	7.16345753515216e-05
ENSMUSG00000085517	113.46551867638	-0.523746561141623	0.119134193708323	-4.39627402376108	1.10124894558847e-05	7.16345753515216e-05
ENSMUSG00000110332	117.222840340028	-0.675023145263719	0.153554461281741	-4.39598523956389	1.10271427594225e-05	7.17081631244364e-05
ENSMUSG00000020415	1428.05919967817	-0.206370245591076	0.0469544454643295	-4.3951162355405	1.10713495811443e-05	7.1973831044471e-05
ENSMUSG00000001100	3539.49427554076	-0.137891764119806	0.0313747185633387	-4.39499604885483	1.10774768611848e-05	7.19918614296681e-05
ENSMUSG00000005683	17786.4284189343	0.186341512063624	0.0424022692854309	4.39461177913064	1.10970891829569e-05	7.20974928575523e-05
ENSMUSG00000014349	12324.2837488986	0.0994206630116482	0.0226281282058307	4.39367596414934	1.11449899826559e-05	7.23867942413589e-05
ENSMUSG00000005413	1674.00686252983	0.322224333836997	0.0733627118995179	4.39220859608265	1.12204965980811e-05	7.28551663564452e-05
ENSMUSG00000031323	99.1387965627894	-0.5266024744442	0.119904257690999	-4.39185800892316	1.12386089675743e-05	7.29507045956908e-05
ENSMUSG00000072244	46.330151497427	0.77861927794078	0.177358357832553	4.39009070368079	1.13303389795474e-05	7.35238985897715e-05
ENSMUSG00000043051	53.820997580658	0.67760933723408	0.154388750286806	4.38898129543308	1.13882862669516e-05	7.38775923258937e-05
ENSMUSG00000030075	725.194114082822	-0.403968717247228	0.0920442053075662	-4.38885550586661	1.13948744129809e-05	7.38979982323409e-05
ENSMUSG00000071076	10640.9763548481	0.235222133526865	0.0535976242441511	4.388667162846	1.14047455575025e-05	7.39396762722288e-05
ENSMUSG00000022893	1445.69393710425	0.696646796459752	0.158756259433017	4.38815325422607	1.14317212859545e-05	7.40921887452595e-05
ENSMUSG00000071711	1014.76456448729	-0.252295299384286	0.0575010217661277	-4.38766636896365	1.14573347036733e-05	7.42357822967253e-05
ENSMUSG00000030019	1313.42799437596	-0.172624550671648	0.0393494579896385	-4.38696133291349	1.14945214281049e-05	7.44542537645444e-05
ENSMUSG00000030655	3351.56090568257	0.277048483365495	0.0631590497583301	4.3865207666294	1.15178173067725e-05	7.45826444365549e-05
ENSMUSG00000107985	6.14942861860957	3.65584321764598	0.833580102185844	4.38571315229274	1.15606387107031e-05	7.48373554173563e-05
ENSMUSG00000033751	1506.43160070473	-0.216092479694584	0.0492972571690657	-4.38345847424111	1.16809922871071e-05	7.55936630796022e-05
ENSMUSG00000035142	410.466671603399	-0.311330274214589	0.0710269750116016	-4.38326810572654	1.16912086315264e-05	7.56369754322925e-05
ENSMUSG00000029199	2086.79583167686	-0.151543430938234	0.0345886249011134	-4.38130834548892	1.17968784392014e-05	7.62976175281404e-05
ENSMUSG00000056459	626.980927972046	-0.217333619771111	0.0496182533013898	-4.38011427873103	1.18617085008751e-05	7.6693805626441e-05
ENSMUSG00000072704	4244.43514965154	-0.171043867349257	0.039052205767039	-4.37987724354413	1.18746183579405e-05	7.67541576848991e-05
ENSMUSG00000033219	6.79849583839417	3.6210259062191	0.826891487603181	4.37908233487197	1.19180101379821e-05	7.70114405845646e-05
ENSMUSG00000019948	732.308039063864	-0.280545413212264	0.0640810011662806	-4.37798111930697	1.19783724362813e-05	7.73774992007665e-05
ENSMUSG00000064284	660.934107428134	-0.284161961862801	0.0649080213969754	-4.37791748611278	1.1981869344235e-05	7.73774992007665e-05
ENSMUSG00000031538	1212.93173893835	0.563323698240299	0.128693453514844	4.37725216671819	1.20184898013956e-05	7.75906472411301e-05
ENSMUSG00000034402	527.811698061341	-0.556736983835897	0.12719504316896	-4.37703364820871	1.20305407655413e-05	7.76450956323243e-05
ENSMUSG00000020684	3841.93029212478	0.238381807346852	0.0544736912136143	4.37609058677622	1.2082681580639e-05	7.79581733724064e-05
ENSMUSG00000020230	5470.29591856666	0.160319451515554	0.036635938505487	4.37601595743325	1.20868169497011e-05	7.79614220679941e-05
ENSMUSG00000046959	26.679839303212	0.974504709333856	0.222807490211397	4.37375201529023	1.22129107071469e-05	7.87510787742915e-05
ENSMUSG00000049176	2647.41012706335	-0.37485544618774	0.0857602880231234	-4.37096766846991	1.23697110156252e-05	7.97382032016245e-05
ENSMUSG00000054619	2421.75140650189	-0.310848859726332	0.0711256587483098	-4.37041800662013	1.24008914091531e-05	7.99152011374606e-05
ENSMUSG00000024082	1902.41336184147	-0.156897140592943	0.0359140681029519	-4.36868193664887	1.24998658775206e-05	8.05288478171839e-05
ENSMUSG00000038079	1467.27174527398	-0.168319057839474	0.0385337358450881	-4.36809601114576	1.25334396682598e-05	8.0720916867346e-05
ENSMUSG00000022751	440.728591382103	-0.296190502612111	0.0678214718952585	-4.36720841254432	1.25844634183975e-05	8.10252224773005e-05
ENSMUSG00000042604	1472.28342393747	-0.283717668643092	0.0649724944323415	-4.36673504876034	1.26117557901209e-05	8.11765966389014e-05
ENSMUSG00000039246	436.575115478562	-0.324378563331233	0.0742890870847492	-4.36643625679747	1.26290120749819e-05	8.12633013194132e-05
ENSMUSG00000022269	1017.08964062122	-0.27512388480188	0.0630201819567392	-4.3656472618683	1.26746876625661e-05	8.15327675650714e-05
ENSMUSG00000016494	3695.20044629349	-0.385757383099219	0.0883665300016142	-4.36542413843989	1.26876330313081e-05	8.15915909676635e-05
ENSMUSG00000028397	1114.61845924215	0.214049900138232	0.0490366689291355	4.36509870700154	1.27065368163022e-05	8.16886850250804e-05
ENSMUSG00000040021	2201.39282116989	0.128786244237682	0.0295092254814708	4.36427056747215	1.27547633858602e-05	8.19741768984654e-05
ENSMUSG00000083672	20.1868463719633	1.14913991508228	0.26338741395085	4.36292645060373	1.28334097801423e-05	8.24549459265293e-05
ENSMUSG00000022314	7931.02871989742	-0.122827888181975	0.028159265010871	-4.36189964953124	1.28938010407302e-05	8.28181726930924e-05
ENSMUSG00000028523	103.975877810847	-0.53092699853909	0.121723040772664	-4.36176253212961	1.29018860869767e-05	8.28453146105417e-05
ENSMUSG00000026355	614.852616211836	0.346885996524276	0.0795493052286148	4.36064143523779	1.29681725932709e-05	8.32460505045312e-05
ENSMUSG00000016637	725.863122099847	-0.243860171141181	0.0559252942515473	-4.36046290689715	1.29787582896499e-05	8.32890957983931e-05
ENSMUSG00000075588	236.837718355558	-0.460576948999324	0.105668113210069	-4.35871271860125	1.3082971816251e-05	8.39327773483691e-05
ENSMUSG00000032554	3703.83278235646	0.482882217542159	0.110821891537628	4.35728185868586	1.31687638503254e-05	8.44579279387765e-05
ENSMUSG00000097466	299.475559746367	0.40945159453017	0.0939746780529966	4.35704173734185	1.31832136261146e-05	8.45253475801005e-05
ENSMUSG00000017132	3543.08691150052	-0.176739107277723	0.0405692793725854	-4.35647637845778	1.32172949703277e-05	8.47185589229783e-05
ENSMUSG00000038369	2316.11168563497	0.220972392167813	0.0507281948960688	4.35600739629192	1.32456302353366e-05	8.48748354124581e-05
ENSMUSG00000063849	624.977295067914	-0.248354222326527	0.0570219069022888	-4.35541769502903	1.32813414355521e-05	8.50782677575533e-05
ENSMUSG00000000711	16438.7376744683	0.092043629374946	0.0211457124596117	4.35282705894868	1.34393164409375e-05	8.60645485445e-05
ENSMUSG00000103313	33.510628439531	0.932685580075717	0.214309212764562	4.35205546249826	1.34867131874882e-05	8.63423159208534e-05
ENSMUSG00000025040	5245.24538374823	-0.110176688427835	0.025318219121769	-4.35167607555394	1.35100761704165e-05	8.64660987102445e-05
ENSMUSG00000052188	65.4285021201774	-0.781655020656896	0.179660639716152	-4.35073047659098	1.35684751355613e-05	8.6813975338289e-05
ENSMUSG00000043013	158.546591679172	-0.613221703964305	0.141027908524431	-4.34822944182055	1.37240987668053e-05	8.77835232801674e-05
ENSMUSG00000067825	894.465457429895	-0.242690100944828	0.0558371421430336	-4.34639187519926	1.38395223796764e-05	8.84954386065336e-05
ENSMUSG00000037242	9489.71782765587	0.433844716954048	0.0998208180661669	4.34623483717065	1.38494292852449e-05	8.85324148412947e-05
ENSMUSG00000060301	926.500044569832	0.232037393651496	0.0534004455598801	4.34523328819987	1.39127723517546e-05	8.89108577858782e-05
ENSMUSG00000042529	2015.5645732171	-0.339301019189489	0.0781100976139335	-4.34388164340181	1.39986954765686e-05	8.94333324702447e-05
ENSMUSG00000003528	7831.77880219122	0.160328000326226	0.0369198628549696	4.34259468828566	1.40809765086893e-05	8.99322349704028e-05
ENSMUSG00000046994	945.048150604436	0.311396691647367	0.0717122713232656	4.34230691486047	1.40994382020886e-05	9.0023361227256e-05
ENSMUSG00000097827	25.0013822147969	1.17390252067291	0.270385383710792	4.34159015758237	1.41455211515575e-05	9.02907395299831e-05
ENSMUSG00000022253	657.206469960648	-0.282537536948733	0.0650932630540653	-4.34050351284529	1.42156595910797e-05	9.0711459209904e-05
ENSMUSG00000042523	1781.53126891768	-0.17887235004525	0.0412196949807264	-4.33948747386141	1.42815406678582e-05	9.1104770275258e-05
ENSMUSG00000022185	4016.92039217517	0.232042255543238	0.0534732568371545	4.33940757058975	1.42867340145857e-05	9.11108236355008e-05
ENSMUSG00000085873	552.060988784047	0.33428789417809	0.0770427788233375	4.33899061383322	1.43138635279573e-05	9.12567254205914e-05
ENSMUSG00000028933	515.852494234813	-0.32151040739875	0.0741043972039675	-4.33861443490072	1.43383819627036e-05	9.13817161761431e-05
ENSMUSG00000075408	79.1571162861528	0.623795204281718	0.143779344632982	4.33855924071742	1.43419827540029e-05	9.13817161761431e-05
ENSMUSG00000039103	1398.40929129568	0.268741737273187	0.061970627253529	4.33659863040813	1.44704510762618e-05	9.21729088436309e-05
ENSMUSG00000044976	308.131450775054	-0.58262858218491	0.134354702176294	-4.33649565476625	1.44772287629547e-05	9.21887251929947e-05
ENSMUSG00000111110	5.45133539282328	3.5922632976154	0.828686746722065	4.33488686988766	1.45835102299419e-05	9.28379687413797e-05
ENSMUSG00000029561	3611.55263619217	0.488568469623774	0.11272003042843	4.33435359950496	1.46189036676594e-05	9.30356911147278e-05
ENSMUSG00000000296	285.742424664795	-0.505176655361427	0.116559409127568	-4.33407014622508	1.46377499376991e-05	9.31280202023261e-05
ENSMUSG00000032068	19.5742255206043	1.35925467994051	0.313636223611723	4.33385743613357	1.46519078416909e-05	9.31904751791812e-05
ENSMUSG00000064115	2014.18954285487	-0.289166328584212	0.0667294495076767	-4.33341396816027	1.46814669064895e-05	9.33508200872935e-05
ENSMUSG00000014426	2139.11274058009	-0.220397953040741	0.0508697690227377	-4.33259197505354	1.47364067625005e-05	9.36724037796376e-05
ENSMUSG00000028452	39497.8108893673	0.23011603828438	0.0531282276298989	4.33133286296338	1.48209428032545e-05	9.41818704010247e-05
ENSMUSG00000030713	5.89874593545177	3.30926208419264	0.764142864718223	4.33068505509494	1.48646161974547e-05	9.44314445973843e-05
ENSMUSG00000031066	1491.70260649389	-0.251070884595078	0.0579868594448188	-4.32978931776777	1.49252064894862e-05	9.47883084329322e-05
ENSMUSG00000025742	1954.51459083963	-0.379043888020508	0.0875494665653586	-4.32948255301521	1.49460110351624e-05	9.48923611005014e-05
ENSMUSG00000056486	9537.79379202124	-0.173469628866974	0.0400680824267889	-4.32937186809307	1.49535243861925e-05	9.49119912696653e-05
ENSMUSG00000037235	4301.26694004806	-0.261928435937922	0.060510213982071	-4.32866484351767	1.50016026297941e-05	9.5189004449057e-05
ENSMUSG00000031997	1184.13839704086	-0.421307137324575	0.0973337983948768	-4.32847730461889	1.50143801381387e-05	9.52238599723498e-05
ENSMUSG00000025226	861.263471442743	-0.279276142663365	0.0645209910736263	-4.32845401188394	1.50159678564429e-05	9.52238599723498e-05
ENSMUSG00000061175	590.513923798165	0.346736529968287	0.0801110656995484	4.32819769579274	1.5033449878475e-05	9.53065667723993e-05
ENSMUSG00000022283	11484.0754287612	0.313939077229607	0.0725397521253981	4.32782120191018	1.50591638101958e-05	9.54413966193279e-05
ENSMUSG00000029703	613.982718463217	0.203770178586378	0.0470851873387348	4.32769178808694	1.50680122486775e-05	9.54692889404107e-05
ENSMUSG00000027569	259.923504631367	0.58987948131149	0.136323811269879	4.32704657987965	1.51122012214545e-05	9.5698851902125e-05
ENSMUSG00000032712	593.06069506554	0.289349811030867	0.0668702638593812	4.32703259014095	1.5113160716864e-05	9.5698851902125e-05
ENSMUSG00000029580	62869.3667295234	0.153752644087199	0.0355354146904976	4.32674405030407	1.51329633690823e-05	9.57936432543125e-05
ENSMUSG00000020660	43.5267853739166	0.92275531990184	0.213272446364662	4.32665042123668	1.51393944995368e-05	9.57936432543125e-05
ENSMUSG00000020836	1371.0125905911	-0.256726985308824	0.0593366217483184	-4.32661950991674	1.51415182876121e-05	9.57936432543125e-05
ENSMUSG00000027674	8119.06245542423	-0.198291357692427	0.0458329704106869	-4.32639115282371	1.51572165554096e-05	9.58647055328295e-05
ENSMUSG00000038150	3371.40196488895	0.128000458272999	0.0295899247555246	4.32581222597062	1.51970840929248e-05	9.60885440762074e-05
ENSMUSG00000087443	66.5147711358743	0.702286607499206	0.162484925705612	4.32216468358179	1.5450579209754e-05	9.76625834265548e-05
ENSMUSG00000016946	2289.18614842285	-0.179062115719818	0.0414322333732126	-4.32180698797638	1.5475654065947e-05	9.77922844214362e-05
ENSMUSG00000060961	4205.62533610426	-0.172055421389533	0.0398146213354271	-4.32141297891582	1.5503319437911e-05	9.79382740006465e-05
ENSMUSG00000031521	650.081755991929	-0.296790433042456	0.0686837181302575	-4.32111774263003	1.55240803675154e-05	9.80401001316651e-05
ENSMUSG00000026197	1296.04614823058	0.184779233291666	0.0427625383074974	4.32105390851574	1.55285726473335e-05	9.80401001316651e-05
ENSMUSG00000020614	423.341080434505	-0.500661631773414	0.115868962451269	-4.32092961895622	1.55373229914519e-05	9.806650259762e-05
ENSMUSG00000007827	738.100671290465	-0.27766629310601	0.0642714851455768	-4.32020969294685	1.55881004066936e-05	9.83580727013772e-05
ENSMUSG00000003363	10224.327615753	0.180082423173517	0.041689592782523	4.31960139579513	1.56311277472891e-05	9.86005842560411e-05
ENSMUSG00000043439	107.992537877002	0.636149009756205	0.147315568845016	4.31827412909405	1.57254041119898e-05	9.91661353313671e-05
ENSMUSG00000059645	24.1823885439042	1.30412861696987	0.302032957904427	4.31783546411031	1.57566816886865e-05	9.93341935769002e-05
ENSMUSG00000042082	3519.37583018368	-0.205104864233241	0.0475223473230151	-4.3159666091222	1.58906000578925e-05	0.000100149037240963
ENSMUSG00000025909	315.460173954827	-0.346245874990858	0.0802355757415131	-4.3153659930892	1.59338688755968e-05	0.000100392259842548
ENSMUSG00000078958	222.742563612565	-0.450006480251554	0.104289823922753	-4.31496059083262	1.59631378110206e-05	0.000100547158524462
ENSMUSG00000049106	5277.08362969223	-0.151954847115483	0.0352174679827054	-4.31475786930808	1.59777929653632e-05	0.000100609945378259
ENSMUSG00000072964	2042.67831917673	-0.211692289055751	0.0490662815276121	-4.31441475622359	1.6002626540477e-05	0.00010073676871492
ENSMUSG00000027429	3459.43633944491	0.177824662012158	0.0412243126944795	4.31358706523617	1.60626840371513e-05	0.000101075598266446
ENSMUSG00000028603	5919.90526929484	-0.133124980476189	0.030862094708695	-4.31354325533459	1.60658688756691e-05	0.000101075598266446
ENSMUSG00000021743	3.01339230008733	4.87900832812707	1.13142449443392	4.31227037431971	1.61586664632724e-05	0.000101629632083388
ENSMUSG00000046079	6066.94441929142	0.181187447472974	0.0420176078950313	4.3121790256508	1.61653457199949e-05	0.00010164186034722
ENSMUSG00000064345	98460.6929142101	-0.348467552739747	0.080812010912303	-4.31207624715469	1.61728638520274e-05	0.000101659354450255
ENSMUSG00000021579	64.1800374748636	-1.21553082578882	0.281896705987676	-4.31197243518682	1.61804609644924e-05	0.000101677334620549
ENSMUSG00000017386	337.319605650998	0.389997309959919	0.0904630189046452	4.31112419950306	1.62426636723443e-05	0.000102038343105222
ENSMUSG00000027620	5822.576495122	0.162434697192716	0.0376787900249013	4.31103804249993	1.62489944619303e-05	0.000102048249011058
ENSMUSG00000037822	7563.19723653627	-0.0791358191609883	0.0183588661419141	-4.31049600499661	1.62888771827699e-05	0.000102268803043386
ENSMUSG00000038160	2850.67532115502	-0.163056158699052	0.0378354857182098	-4.30960923598174	1.63543262501751e-05	0.000102649698036918
ENSMUSG00000047388	5939.29931709372	0.215366675824509	0.0499786313503634	4.30917514156664	1.63864564246278e-05	0.0001028213018448
ENSMUSG00000059540	1352.13766794987	-0.159583787692116	0.037039557409219	-4.30846907615576	1.6438845505614e-05	0.000103119888259354
ENSMUSG00000106235	8.85940768370088	2.20006074496398	0.51087621052443	4.30644586622179	1.65898504518273e-05	0.000104036730879032
ENSMUSG00000016763	695.034745075914	0.621063077300673	0.14426383091133	4.30505049933412	1.66947648019434e-05	0.000104664083305641
ENSMUSG00000034801	2657.07969426355	0.209703248358434	0.0487135887543298	4.30482035343361	1.67121295627248e-05	0.000104742357136774
ENSMUSG00000131183	142.738591685577	0.452175060900892	0.105059415604473	4.3039936810922	1.67746449645369e-05	0.000105103481847271
ENSMUSG00000038859	1872.46547684184	-0.326879449413035	0.0759503026380863	-4.30385973536749	1.67847952929706e-05	0.000105136392109398
ENSMUSG00000057335	7939.62516401557	0.301483567974306	0.0700733120061009	4.30240214631296	1.68956296211267e-05	0.000105799762382469
ENSMUSG00000045691	448.746545832266	-0.273117424799726	0.0635132435798115	-4.30016496412316	1.70671016003499e-05	0.000106842345568128
ENSMUSG00000028664	404.978294598143	0.324564366251585	0.0754791498458199	4.30005328510678	1.70757047082794e-05	0.000106865037104351
ENSMUSG00000039164	326.209298422806	0.298187614803624	0.0693637270960632	4.2988983909509	1.71649137711406e-05	0.000107392025360333
ENSMUSG00000020553	1618.37914159652	-0.290504722467385	0.0675803237744008	-4.29865834080877	1.71835119576393e-05	0.000107477059348102
ENSMUSG00000020225	3294.15025513854	0.149440499744133	0.0347659740825003	4.29847009002274	1.71981103562321e-05	0.000107537033762563
ENSMUSG00000039234	1271.47677088971	0.358997835823431	0.0835237806502964	4.29815117357426	1.72228685379328e-05	0.000107660482246728
ENSMUSG00000020591	110.245373853445	-0.598464131985187	0.139267175634209	-4.297237516736	1.72939858817257e-05	0.000108073566502802
ENSMUSG00000039546	47.1827051785115	0.927401244643483	0.215835441947091	4.29679776535876	1.73283149778746e-05	0.000108256580126617
ENSMUSG00000037720	7195.84236381149	0.155388245508541	0.036177612245652	4.29514928883169	1.74575817737224e-05	0.000109032426637976
ENSMUSG00000083899	311.097326748935	0.402899965885387	0.0938104805396073	4.29482893135037	1.74828093016003e-05	0.000109158227012261
ENSMUSG00000023973	2351.85138985251	-0.135186796653302	0.031481138043307	-4.29421568138143	1.75311984659811e-05	0.000109428527557648
ENSMUSG00000104610	93.6958195735445	-0.556924335421895	0.129737441229449	-4.29270324853207	1.76510847057412e-05	0.000110144821015535
ENSMUSG00000021720	799.332360097883	-0.245131084209279	0.0571231724243506	-4.29127224216951	1.77652353749437e-05	0.000110824917918786
ENSMUSG00000036158	498.813205849853	-0.416269500920455	0.0970129818670765	-4.29086389170897	1.77979380619965e-05	0.000110996670086815
ENSMUSG00000104868	585.582384801103	-0.286646265558396	0.066838315284843	-4.28865186587668	1.79760870454138e-05	0.000112075133464087
ENSMUSG00000110354	39.214746193341	-1.29707732098753	0.302450323913666	-4.28856317362642	1.79832653212362e-05	0.000112087332574232
ENSMUSG00000034442	787.837285421885	0.197392672157957	0.046028473083306	4.28849055671909	1.79891445781074e-05	0.00011209143033778
ENSMUSG00000042594	740.912239607487	0.324075248700391	0.0755761922764071	4.28806002180079	1.80240394546338e-05	0.000112276271309684
ENSMUSG00000034520	181.697537435431	0.434095035061623	0.101237584122768	4.28788417684096	1.80383102373891e-05	0.000112332569641948
ENSMUSG00000025937	2154.16941385523	0.206881778167798	0.048260744120544	4.28675069018944	1.81305575510673e-05	0.00011287428897657
ENSMUSG00000014837	1922.36022445577	0.218938919857466	0.051075644999162	4.28656201720132	1.81459560171534e-05	0.000112937399786667
ENSMUSG00000043279	2180.61168635974	0.265123604266583	0.0618569016881348	4.28607959712017	1.81853852044347e-05	0.000113149993854607
ENSMUSG00000033953	13533.5600614836	-0.133341741037222	0.0311243316348033	-4.28416399753685	1.83427581004367e-05	0.000114096101241372
ENSMUSG00000027782	8952.15112498212	0.177119166249604	0.0413505625139898	4.28335566631484	1.84095536965993e-05	0.000114478412413442
ENSMUSG00000060534	106.31853760456	-0.90875674273412	0.212183123401315	-4.28288889411499	1.8448230390509e-05	0.00011468569752756
ENSMUSG00000133510	76.0265936441578	-0.686119482776589	0.160221248960069	-4.2823251424509	1.84950459943175e-05	0.00011494344450319
ENSMUSG00000107092	26.7171149198106	0.987128526522143	0.230527172239642	4.28204847581259	1.85180625865473e-05	0.000115053178432077
ENSMUSG00000038151	43.1343093945771	1.29905814284757	0.303489520678488	4.28040526718475	1.86553285253157e-05	0.000115872477466558
ENSMUSG00000004031	2545.96633968462	-0.271392577579318	0.0634188937773688	-4.27936473524812	1.8742750286429e-05	0.000116381798567684
ENSMUSG00000038587	78955.357231734	0.25312393670818	0.0591667701149224	4.27814356295815	1.88458465384294e-05	0.000116988126603217
ENSMUSG00000035851	1783.83445036757	0.16383120150406	0.038298333857863	4.27776315575734	1.88780722238463e-05	0.00011715429267334
ENSMUSG00000027589	1326.15162336663	-0.189600334236429	0.044349563077928	-4.2751342082734	1.91022190001701e-05	0.000118511050016662
ENSMUSG00000002210	1867.3623750254	0.185961680346556	0.0434996211688081	4.2750183875142	1.91121520650237e-05	0.000118538415552673
ENSMUSG00000024681	317.111821956054	-0.661360186643742	0.154706337192368	-4.27493920834918	1.91189454902488e-05	0.000118546298062877
ENSMUSG00000001521	1986.1279157476	0.165316344986508	0.0386888810352448	4.27296785440521	1.92888273401678e-05	0.00011956510761884
ENSMUSG00000054196	309.282149543736	-0.372317873833562	0.0871460386722131	-4.27234421100861	1.93428686172108e-05	0.000119865478561503
ENSMUSG00000060012	4664.03427285921	0.291597704031594	0.0682585686785081	4.27195749452342	1.93764515977677e-05	0.000120038935064266
ENSMUSG00000033713	3273.46294498117	0.236393045758106	0.0553410630814704	4.27156676426869	1.94104395333995e-05	0.00012021479948758
ENSMUSG00000025731	1030.68516835454	-0.258715208550924	0.0605816412318525	-4.27052161827034	1.95016315481023e-05	0.000120744742662695
ENSMUSG00000042364	3128.955745266	-0.148286428366018	0.0347340259640394	-4.2691978326826	1.96177214523466e-05	0.000121428491550194
ENSMUSG00000060950	635.298122509894	0.215061639367949	0.0503802413811372	4.26876953091515	1.96554222492229e-05	0.000121626778322808
ENSMUSG00000069114	1552.65860101989	0.290590512780292	0.0680946947500521	4.26744717553888	1.97722569970571e-05	0.000122309802858004
ENSMUSG00000042581	832.722078850734	-0.371504183459288	0.0870565052262205	-4.26739142001987	1.97771976949656e-05	0.000122309802858004
ENSMUSG00000021905	2773.27374902125	0.128712084613205	0.0301662670229751	4.26675546282129	1.98336354077998e-05	0.000122623507391656
ENSMUSG00000027304	2793.1964875843	0.162384049016055	0.038069439438134	4.26546992581655	1.99481884725142e-05	0.000123296232004316
ENSMUSG00000054021	516.985495938273	-0.228858115470453	0.0536606447862419	-4.26491549593027	1.99977874426415e-05	0.000123567215096069
ENSMUSG00000026988	892.986986281897	-0.22899905358287	0.0536994297665985	-4.26445968938964	2.0038651562384e-05	0.000123784084730399
ENSMUSG00000028163	1617.70709673743	0.225217443910718	0.0528201645301112	4.26385350962564	2.00931201967187e-05	0.000124084844114719
ENSMUSG00000018537	605.722755271841	-0.304424331020862	0.0714040572676161	-4.26340382703894	2.01336177407611e-05	0.000124299176998325
ENSMUSG00000027341	2686.70303735698	-0.175051631271478	0.041063414929586	-4.26295844054007	2.01738049923446e-05	0.000124499141258576
ENSMUSG00000001157	2393.31042033949	-0.14772897318956	0.0346544386889695	-4.26291634718015	2.01776070268604e-05	0.000124499141258576
ENSMUSG00000063430	209.921520233699	-0.640711850709221	0.150308021868974	-4.26265905666525	2.020086133317e-05	0.000124606807292479
ENSMUSG00000029246	1131.87319695526	-0.232070561929297	0.0544490256135552	-4.26216189021246	2.02458683076501e-05	0.00012484855187935
ENSMUSG00000033961	486.024936001218	0.278522804257011	0.0653587100988147	4.26144891531545	2.03105784440267e-05	0.000125211624606398
ENSMUSG00000139065	108.646292441517	-0.5248063493154	0.123161470214324	-4.26112442797359	2.03400943256886e-05	0.000125357583920537
ENSMUSG00000033427	158.382975300706	-0.716061129419269	0.168064776831445	-4.26062583082128	2.03855271174388e-05	0.000125601528445161
ENSMUSG00000022698	4342.3184453661	0.129324746070369	0.0303547753937696	4.26044154149509	2.04023442347078e-05	0.000125669073555879
ENSMUSG00000048234	1479.21053812513	0.256540344832525	0.0602167669587099	4.26028094481447	2.04170100767077e-05	0.000125723332847564
ENSMUSG00000031906	3085.40895062443	-0.206669018384572	0.0485527281237076	-4.25658920458597	2.07569239413338e-05	0.000127779790457319
ENSMUSG00000033871	231.97551661901	-0.414181315134672	0.0973090968331767	-4.2563473366188	2.07793807732714e-05	0.000127881361146515
ENSMUSG00000014633	1016.47072588213	-0.180010216531615	0.0422956497272147	-4.25599837554426	2.08118216970206e-05	0.000128044300529734
ENSMUSG00000053219	14.4389961739013	1.56437173890261	0.367592584591624	4.25572169971966	2.08375769386162e-05	0.000128166024803535
ENSMUSG00000020814	1883.66786149754	-0.274248595704181	0.0644656538441847	-4.25418155793545	2.09815014152067e-05	0.00012901429658517
ENSMUSG00000028470	868.835009654578	-0.243663528655831	0.0572905458001732	-4.25311934548011	2.10813148589601e-05	0.000129590923471488
ENSMUSG00000021326	1569.03449361922	0.161698275840662	0.0380214802512601	4.25281379820301	2.11101099862649e-05	0.00012973078183944
ENSMUSG00000114210	832.762424624444	-0.29295758291066	0.0688906128136829	-4.25250365681859	2.11393763581828e-05	0.000129873455324772
ENSMUSG00000039670	191.877126574495	-0.438034701511401	0.103015848650686	-4.25210981852629	2.11765964285031e-05	0.000130064898121387
ENSMUSG00000032481	4429.67459693858	0.169289292289592	0.0398293435089598	4.25036612143782	2.13421370897828e-05	0.000131044140380228
ENSMUSG00000057093	418.61103673664	-0.257135278546521	0.0605153596901434	-4.2490911375745	2.14639586278348e-05	0.000131754456935974
ENSMUSG00000051306	847.653019284603	0.237603075106711	0.0559406295473085	4.24741510829392	2.16251063341316e-05	0.000132686406969758
ENSMUSG00000028212	295.987801518395	0.401188382327136	0.0944554147465474	4.24738362965899	2.16281439479727e-05	0.000132686406969758
ENSMUSG00000128399	7.39098762196947	2.61918435195407	0.616814961003588	4.24630483620652	2.17324907832394e-05	0.000133288470615148
ENSMUSG00000022639	2961.88895170192	0.274632074490299	0.0646902454092894	4.24533981518738	2.18262388327055e-05	0.000133825205022238
ENSMUSG00000025401	1796.91751679497	0.431227824784854	0.101581685037266	4.24513360480932	2.18463212263857e-05	0.000133910088933637
ENSMUSG00000030002	2108.69842331694	0.26168144149809	0.06167275417319	4.2430639754345	2.20488545667333e-05	0.000135112963782328
ENSMUSG00000028062	2171.39036486549	-0.152366398390478	0.035924759446477	-4.24126426281249	2.22264255242995e-05	0.000136162228968212
ENSMUSG00000029406	14879.3084809223	-0.256668241256334	0.0605433240713227	-4.2394144225376	2.24103604542204e-05	0.000137249870901654
ENSMUSG00000031631	2493.32197995753	-0.187405647699025	0.044209357544256	-4.2390493350061	2.24468329230289e-05	0.000137434031809965
ENSMUSG00000050627	9903.5798949366	-0.206282821482691	0.0486736005953897	-4.23808427893929	2.2543514850871e-05	0.000137986623834843
ENSMUSG00000057406	5263.47835763894	0.186177265807728	0.0439393565765358	4.23714137651139	2.2638360054113e-05	0.000138527661608207
ENSMUSG00000030704	42694.5836065811	0.1266301642105	0.0298931901528479	4.23608733504263	2.2744834092418e-05	0.000139139529389526
ENSMUSG00000017288	5188.79748990968	0.184199226420165	0.0434919998595354	4.2352438842791	2.28303783931283e-05	0.000139623049170054
ENSMUSG00000040717	437.519729125847	-0.367465430524594	0.086816636475366	-4.23266145111325	2.30942013748845e-05	0.000141173565693754
ENSMUSG00000075701	1715.83279595868	-0.24535500144523	0.0579674560057592	-4.23263359049005	2.30970633893816e-05	0.000141173565693754
ENSMUSG00000054387	1529.18360431101	0.212369241888226	0.0501862455879688	4.23162241765974	2.32011660027406e-05	0.000141769493143988
ENSMUSG00000038279	1191.88656752787	0.209318427024128	0.0494680743577322	4.23138417538604	2.32257585146998e-05	0.00014187937742645
ENSMUSG00000029674	15889.3533753128	-0.199078956649421	0.0470667819013594	-4.22971251925919	2.33990138340672e-05	0.000142897078509839
ENSMUSG00000042010	533.236923229119	-0.366146175075999	0.0865782951337298	-4.22907582680446	2.34653253391305e-05	0.000143261283768423
ENSMUSG00000034826	1087.92895229888	0.210981727203896	0.0498943357247834	4.22857072128727	2.35180592288022e-05	0.000143542410976817
ENSMUSG00000004394	3509.14707867524	-0.116207303107431	0.0274860884258194	-4.22785888290565	2.35925678597166e-05	0.000143956242659658
ENSMUSG00000020990	258.777599318137	-0.424897981022325	0.100532237316822	-4.2264848804994	2.37370213253586e-05	0.000144796504623514
ENSMUSG00000097820	143.588619801497	-0.497455175784454	0.117727288904434	-4.22548739900287	2.38424167048524e-05	0.00014539810141658
ENSMUSG00000024958	4685.84250113816	-0.151490769681383	0.0358527298591895	-4.22536220467336	2.38556763301401e-05	0.000145437645016412
ENSMUSG00000085262	42.6471733022436	-0.770555635599436	0.182402533350673	-4.2244788021558	2.39494391868018e-05	0.000145967819870496
ENSMUSG00000017418	1849.44602801391	0.234536486020444	0.0555478162969348	4.22224493518723	2.41881049563806e-05	0.000147380602041915
ENSMUSG00000122949	183.47224541084	-0.424471571224919	0.10054458707028	-4.22172474514432	2.4244005848134e-05	0.000147646037115551
ENSMUSG00000015083	59.2840076017449	-0.643123377107481	0.152337119217895	-4.22171155926607	2.42454244308356e-05	0.000147646037115551
ENSMUSG00000020263	1238.32070071781	-0.181914582344048	0.0430937214911611	-4.22137091087295	2.42820999561739e-05	0.000147827441196605
ENSMUSG00000020687	4646.7409363011	0.158239680023264	0.037507237273017	4.21891057641569	2.45485606642463e-05	0.000149407259205759
ENSMUSG00000041351	5342.12184682506	-0.1945223092303	0.0461187224718894	-4.21785987998402	2.46631994536711e-05	0.000150062426154338
ENSMUSG00000057897	3023.60887248562	-0.218814002457699	0.0518823960595515	-4.21749994365219	2.47025881648712e-05	0.000150259494912759
ENSMUSG00000024378	7472.89545255318	0.2842853351126	0.0674276875216056	4.21615134022663	2.48507019485737e-05	0.0001511176113394
ENSMUSG00000028959	3383.97450128816	-0.12367372845822	0.0293344345671199	-4.21599155679115	2.48683064403637e-05	0.000151165692845436
ENSMUSG00000043881	1313.19071131745	-0.276845273336591	0.065666138770861	-4.21595176020064	2.48726929623628e-05	0.000151165692845436
ENSMUSG00000143548	42.9211766165249	-0.87702600370873	0.208226460047784	-4.21188548039221	2.53247933312347e-05	0.000153869802900732
ENSMUSG00000085950	31.2794110469533	-0.99693024218456	0.236753533120934	-4.21083575413985	2.5442768039826e-05	0.000154542857595616
ENSMUSG00000022419	12486.4029493268	0.203450351781074	0.0483223453677087	4.21027477521878	2.55060284472417e-05	0.000154883283351765
ENSMUSG00000055733	3466.99820445479	-0.211948120795701	0.0503583415897652	-4.20879866383006	2.56732019508313e-05	0.000155854341933412
ENSMUSG00000035476	2419.57325062166	-0.265367036407836	0.0630727349791105	-4.20731773397372	2.58419680961653e-05	0.000156834517147946
ENSMUSG00000050002	1441.42070743015	-0.176222134651116	0.0418920135417806	-4.20658067617978	2.59263556398642e-05	0.000157302190549838
ENSMUSG00000046287	118.763775630146	-0.739101958492741	0.175750124127366	-4.20541357886676	2.60605157544191e-05	0.000158071497932851
ENSMUSG00000024878	1005.0870751825	-0.184950134519451	0.0439833661713907	-4.20500181361183	2.61080063439999e-05	0.000158314820389916
ENSMUSG00000020994	1612.16371207713	0.204420844319371	0.0486501818711894	4.20185159555239	2.64740672549919e-05	0.000160489219908403
ENSMUSG00000085421	5.93024040066008	3.0552142266742	0.727173281914285	4.20149406291627	2.65159202508877e-05	0.000160697556212749
ENSMUSG00000051736	325.364775647367	-0.346752095337261	0.0825774883246955	-4.19911167525257	2.67964147881957e-05	0.000162351634164101
ENSMUSG00000007653	585.536850513038	-0.467525888689127	0.11141523862956	-4.19624724983611	2.71373990181004e-05	0.000164371164594397
ENSMUSG00000046876	1486.87506815109	0.327124406910857	0.0779731191645525	4.19534847926889	2.72452372679785e-05	0.000164971742048725
ENSMUSG00000042961	719.874235829105	0.380423740564152	0.0906787089937433	4.19529286186023	2.72519238472365e-05	0.000164971742048725
ENSMUSG00000052560	2645.27576639023	0.143829680074694	0.034287423195423	4.19482325209827	2.73084447247977e-05	0.000165267289106994
ENSMUSG00000046449	237.039198533152	0.401619489433425	0.0957576493623975	4.19412435567925	2.73927683068075e-05	0.000165730880629631
ENSMUSG00000024960	31870.6412126201	-0.284756899868039	0.0679073064131674	-4.19331755165632	2.74904190677611e-05	0.000166274819867162
ENSMUSG00000025001	402.065781748946	-0.41508081653951	0.0989970212004746	-4.1928616791302	2.75457414202511e-05	0.000166562502909045
ENSMUSG00000092203	541.920144727717	0.402634410020605	0.0960348391464438	4.19258691532379	2.75791364575487e-05	0.00016671747203541
ENSMUSG00000083750	3.73889397398552	4.37377744751059	1.04329438784298	4.19227544830699	2.7617038986384e-05	0.000166899594279763
ENSMUSG00000030161	48902.1151379911	0.103603292989777	0.024717178316511	4.19155017061837	2.77054903103306e-05	0.000167363791735324
ENSMUSG00000045658	841.723391535497	-0.415767206259671	0.0991925181937874	-4.19151780628664	2.77094435771612e-05	0.000167363791735324
ENSMUSG00000045624	1604.77927786067	0.216859213190388	0.0517499243159202	4.1905223255307	2.78313027194318e-05	0.000168052530007123
ENSMUSG00000021759	4838.96982059632	0.164212367643209	0.0391921149061777	4.18993381797124	2.79035827790511e-05	0.000168441593907512
ENSMUSG00000042215	1604.47564031561	-0.303196187338344	0.0723675099277129	-4.18967279157737	2.79356989488432e-05	0.000168588055562516
ENSMUSG00000094910	3214.24762174185	0.275390044165809	0.0657329033117936	4.18953112202484	2.7953144399595e-05	0.000168645924025212
ENSMUSG00000051335	6846.77048536044	-0.275127581373865	0.0656997279808996	-4.18765175791672	2.81855550830086e-05	0.000170000316215753
ENSMUSG00000054723	495.179339080004	-0.335018459346796	0.0800031936025024	-4.18756357416608	2.81965052823669e-05	0.00017001859055935
ENSMUSG00000034686	312.696315366071	-0.30278469228948	0.0723375104395417	-4.18572177076154	2.84261373474034e-05	0.000171355086857445
ENSMUSG00000031967	1631.85580050156	0.171262546048877	0.0409241848991038	4.184873723719	2.85324667570652e-05	0.000171947762888029
ENSMUSG00000004931	972.542776473344	0.227859007808446	0.0544681247802789	4.18334592438449	2.87249793669335e-05	0.000173059334013639
ENSMUSG00000033684	2701.42331771374	0.165353154607492	0.0395303789135378	4.18293877144861	2.87764912730428e-05	0.00017332103301547
ENSMUSG00000004364	9903.08659598638	0.125009030177821	0.0298931856506441	4.1818570840451	2.8913770366051e-05	0.000174099016739874
ENSMUSG00000027810	2783.1991322954	-0.119063095583275	0.0284747709405138	-4.18135393721017	2.89778376487193e-05	0.000174435856132195
ENSMUSG00000025858	3103.53076979133	0.133209322959148	0.0318620734595071	4.18081149453255	2.9047059750836e-05	0.000174803528066007
ENSMUSG00000027654	254.205846373472	-0.390171991428469	0.0933520543483849	-4.17957584492322	2.92053305565984e-05	0.000175706733668145
ENSMUSG00000040018	2109.35701886245	-0.148317777519409	0.0355001212049189	-4.17795129946931	2.94146615239736e-05	0.000176916538042482
ENSMUSG00000048118	1207.51110509603	-0.257808256271965	0.06173540379061	-4.17601960046106	2.9665426956069e-05	0.000178374805333047
ENSMUSG00000002767	1722.30188468483	-0.160000961818144	0.0383198262306479	-4.17540937829662	2.97450649689661e-05	0.000178772488339254
ENSMUSG00000086866	10.2883432623086	2.88795328084188	0.691661518066205	4.17538522154047	2.97482217622201e-05	0.000178772488339254
ENSMUSG00000108414	231.554977071509	0.823601302422121	0.197271468746227	4.17496411243135	2.98033032819337e-05	0.000179053374825074
ENSMUSG00000024811	6224.142376034	0.121190213440824	0.0290297542597568	4.17468960833839	2.98392608828581e-05	0.000179219242896316
ENSMUSG00000064254	717.119587580776	-0.184588033439648	0.0442171908711919	-4.17457621804531	2.98541260357807e-05	0.000179258369086453
ENSMUSG00000034361	3846.5863270284	0.192880935228384	0.0462090258941227	4.17409654274743	2.99170880369074e-05	0.000179549829436188
ENSMUSG00000035757	2008.57549137335	-0.141419684223215	0.0338804523823693	-4.17407898298331	2.9919395317863e-05	0.000179549829436188
ENSMUSG00000060733	2285.47468994199	0.21988089998765	0.0526977819513399	4.17248870532509	3.01290539280337e-05	0.000180757482285962
ENSMUSG00000040820	2243.41229017732	-0.23076421049257	0.0553077504373142	-4.17236659722976	3.0145209974337e-05	0.000180803877426409
ENSMUSG00000028068	326.485425763289	-0.39900808105881	0.0956501879890048	-4.17153472928539	3.02554932113653e-05	0.000181414641696974
ENSMUSG00000041957	120.668284866834	0.501354614217145	0.120196155625411	4.17113685216028	3.03083764332422e-05	0.000181680985343752
ENSMUSG00000042492	5539.43820650092	0.140538781357873	0.0336979697072729	4.17054150676444	3.03876699343744e-05	0.000182105450254406
ENSMUSG00000053461	92.8689222084298	0.575035576069373	0.137922015338826	4.16928055072797	3.05562669744579e-05	0.000183064701890514
ENSMUSG00000072082	136.005753321916	0.725201438979082	0.173944519847154	4.1691537026652	3.05732764100809e-05	0.000183115499837834
ENSMUSG00000079278	39535.5791709278	-0.173515163350571	0.0416252813364868	-4.16850427863596	3.06605006696873e-05	0.000183586696617994
ENSMUSG00000020621	1497.76186376065	-0.196325907277505	0.0471209132315248	-4.16642831841721	3.09409121992041e-05	0.000185214060587873
ENSMUSG00000033966	206.099923220286	-0.66155755933644	0.158879898109389	-4.16388458960968	3.12878309166251e-05	0.000187238522011785
ENSMUSG00000118664	7421.41016094678	-0.144470830474994	0.0347147218081534	-4.16165888562767	3.15944056542694e-05	0.000189020488231479
ENSMUSG00000021193	2709.0209832081	0.16040498564719	0.0385580933015576	4.16008603933509	3.18127728359367e-05	0.000190273887349183
ENSMUSG00000117655	296.946480821444	-0.336113280724113	0.0807987031717937	-4.15988459628456	3.18408436880181e-05	0.000190388732759609
ENSMUSG00000120484	41.1061166897391	0.743250178040133	0.178710324761241	4.15896607559258	3.19691370291043e-05	0.000191102616392858
ENSMUSG00000037526	934.098050679642	0.168525281901214	0.0405224784470163	4.15880983493058	3.19910085845464e-05	0.00019118011978727
ENSMUSG00000121182	45.0322120104798	-0.892867477787414	0.214729622936877	-4.15810108347224	3.20904027363468e-05	0.000191720730625778
ENSMUSG00000091255	5.6258888311857	2.98682075460869	0.718326611423344	4.15802603872685	3.21009440501217e-05	0.000191730346405095
ENSMUSG00000039427	1626.2097081843	-0.167801317705863	0.0403580421101905	-4.1578161112898	3.2130449413504e-05	0.000191853192520244
ENSMUSG00000036106	1217.02766141649	-0.31029878173919	0.0746408464842457	-4.15722484879219	3.22136900767829e-05	0.000192296738372698
ENSMUSG00000046658	1256.5931528528	-0.17445873863761	0.0419700847270718	-4.15674020608016	3.2282073070387e-05	0.000192651370733647
ENSMUSG00000046679	909.14105913557	-0.264383750271877	0.063605277702243	-4.15663227679853	3.22973206365168e-05	0.000192675572993268
ENSMUSG00000063146	12622.9850326994	0.190749678989248	0.0458909668595624	4.15658444445044	3.2304080275914e-05	0.000192675572993268
ENSMUSG00000040354	2002.17659431738	0.149916405827923	0.0360922115644509	4.15370517154963	3.27134621644831e-05	0.000195063105228554
ENSMUSG00000037300	1773.45418121717	-0.175353140371749	0.042217482047553	-4.15356700274626	3.27332307426825e-05	0.000195126778984288
ENSMUSG00000062995	2329.2216479353	-0.155669040012473	0.0374791324009522	-4.15348568763874	3.27448702510431e-05	0.000195141972462213
ENSMUSG00000036208	455.547767638756	0.240429498489651	0.05789368997915	4.15294825008115	3.28218984140263e-05	0.00019554673087857
ENSMUSG00000038122	1135.45647046739	-0.23666804142343	0.0569917594459865	-4.15267125851293	3.28616653819761e-05	0.000195729331045921
ENSMUSG00000032564	4756.51145728424	-0.264359251949023	0.0636851189370249	-4.15103648013022	3.30973001437889e-05	0.000197078126182128
ENSMUSG00000036098	339.476078960598	0.374668673573243	0.0902672824159245	4.15065861678301	3.31519927730861e-05	0.000197349050711887
ENSMUSG00000052353	572.946331413022	0.459562869732686	0.110735635146729	4.15009015953851	3.32344340682798e-05	0.000197784963046768
ENSMUSG00000028461	1116.84608391459	-0.269233389978915	0.0648879669080704	-4.14920366298963	3.33633882222872e-05	0.000198497364628497
ENSMUSG00000002329	1706.58806115232	-0.149340183397519	0.0360001707768211	-4.14831874891195	3.34925861092236e-05	0.000199210821119588
ENSMUSG00000086040	7224.77036411335	-0.399054767499797	0.0962162541370793	-4.14747769052891	3.3615821424738e-05	0.00019988842734167
ENSMUSG00000005510	4210.5474802894	-0.131396898248461	0.0316818628906341	-4.14738548367701	3.36293581176334e-05	0.000199913542329859
ENSMUSG00000020287	593.195964683275	-0.248815328612712	0.0599955083583978	-4.14723260825382	3.36518128445021e-05	0.00019999164300113
ENSMUSG00000005625	6952.94581700944	0.112077454908211	0.0270270524886257	4.14686192493165	3.37063188900192e-05	0.000200260127675935
ENSMUSG00000058897	475.243449154532	-0.949608088084322	0.229000536644565	-4.14675049237208	3.37227205513391e-05	0.000200302135958784
ENSMUSG00000025265	560.01912846874	-0.323194557624663	0.0779493277183215	-4.14621353493339	3.38018611824004e-05	0.000200716667259034
ENSMUSG00000035139	626.212693324636	0.217832374869378	0.0525439420418086	4.14571816282933	3.38750290887774e-05	0.000201095512837305
ENSMUSG00000041028	38135.5974918559	0.109000057322588	0.0263003238229504	4.14443784252843	3.40648336216205e-05	0.000202166358452227
ENSMUSG00000079477	22075.3352941078	0.0751076992715232	0.018123072873636	4.14431370415024	3.40832904713016e-05	0.000202180829240771
ENSMUSG00000034748	909.70389964592	0.192875958653034	0.0465401160482268	4.14429475107384	3.40861092435642e-05	0.000202180829240771
ENSMUSG00000126002	18.5801188943611	1.17921669326639	0.284558303238824	4.14402489698815	3.41262669772393e-05	0.000202363106887685
ENSMUSG00000028842	3366.61731680949	0.285669275998186	0.068943785440653	4.14351016806425	3.42029898460985e-05	0.00020276204916773
ENSMUSG00000026424	4354.31933851083	0.326976699616538	0.0789295071018294	4.14264210714879	3.43327498193428e-05	0.000203475098736061
ENSMUSG00000078572	555.209130948668	-0.247000592699613	0.0596287038839008	-4.14231027359797	3.43824765683059e-05	0.000203713563901533
ENSMUSG00000034480	1428.64397760317	0.308966224926591	0.0745950374112454	4.14191393488079	3.44419593496866e-05	0.000204009685265003
ENSMUSG00000017400	4630.32884457151	0.284393784698233	0.0686758872407158	4.14110099082381	3.45642725089649e-05	0.000204677703083432
ENSMUSG00000019301	13.5487021893375	-1.5250725824309	0.368371948592353	-4.14003451744523	3.47253566114449e-05	0.000205574877281102
ENSMUSG00000086196	9.13037435252604	1.96784106279293	0.4754396009377	4.13899275304748	3.48833967715687e-05	0.000206453541521504
ENSMUSG00000052273	10.6666863548049	1.76768698048687	0.427247768947651	4.13738141884473	3.51291891780962e-05	0.000207850930236222
ENSMUSG00000039637	5402.24325423846	0.221744379355317	0.0535984490127189	4.13714171659514	3.51658935124895e-05	0.000208010766089584
ENSMUSG00000030872	8142.26778054075	0.175931833437414	0.0425277276641957	4.13687359048651	3.52069933939083e-05	0.000208153327884445
ENSMUSG00000000171	6075.93418591009	-0.174612819038383	0.0422096108516791	-4.13680238967276	3.52179151186274e-05	0.000208153327884445
ENSMUSG00000038178	4373.43750808546	-0.240177910275575	0.0580589379240541	-4.13679476172554	3.52190853850883e-05	0.000208153327884445
ENSMUSG00000031666	2220.18045026302	-0.16213343492162	0.0391982911384044	-4.13623732598819	3.53047062388121e-05	0.000208601933422059
ENSMUSG00000039046	4197.32717570537	0.213337498594301	0.0515824901768298	4.13585109720294	3.5364145981299e-05	0.00020889564051584
ENSMUSG00000033487	2647.50510473914	0.238138823080144	0.0576034372702402	4.13410786517725	3.56336098908269e-05	0.000210429455272762
ENSMUSG00000048897	1223.53564303915	0.173157749375625	0.0419002259657579	4.13262089605757	3.58650011490089e-05	0.000211737655298302
ENSMUSG00000039652	2555.18363494284	-0.301658349851957	0.0730077292436048	-4.13186867989571	3.59825982687751e-05	0.000212373509606139
ENSMUSG00000022974	437.178632747283	0.25732601781792	0.0623136131998583	4.12953132716922	3.63503472457487e-05	0.000214485034078406
ENSMUSG00000056537	4360.61792799612	0.187012921022619	0.0453056257740047	4.12780792291633	3.66237828945029e-05	0.000216039055678318
ENSMUSG00000026526	4351.47543566351	-0.123082788926428	0.0298204063147981	-4.12746854040514	3.66778590392068e-05	0.000216298604982311
ENSMUSG00000012535	4493.04427045716	0.174089929525678	0.0421835418328462	4.12696331226798	3.67585009524353e-05	0.00021671463373935
ENSMUSG00000063646	827.225074307912	-0.279034428324283	0.0676271674454026	-4.12607002281377	3.69014953169801e-05	0.000217497940273008
ENSMUSG00000028747	25.356004373802	1.00538307292388	0.2437027963678	4.12544742164772	3.70014710812141e-05	0.000218027334128285
ENSMUSG00000032423	3798.45005877306	0.109635284743504	0.02657599809855	4.1253496608839	3.70171926044339e-05	0.000218027976172888
ENSMUSG00000038375	10334.4063179411	0.216579614520532	0.0525000707059621	4.12532043496726	3.70218938391026e-05	0.000218027976172888
ENSMUSG00000082927	17.1785430478617	1.31449100947576	0.318660816377833	4.12504751734893	3.7065822305304e-05	0.000218226807900618
ENSMUSG00000123638	134.676269481366	-0.398475269675092	0.0966654292992625	-4.12221072790634	3.75253682549036e-05	0.000220871827518443
ENSMUSG00000002731	1400.97443015365	-0.211660537093403	0.0513565428450205	-4.1213937965438	3.76587069547215e-05	0.000221595889114598
ENSMUSG00000031409	419.356044009704	-0.361490335759999	0.0877139403951845	-4.12124155101627	3.76836059832544e-05	0.000221626233614957
ENSMUSG00000057411	919.005550205175	-0.220442006087768	0.053490287311832	-4.12115950700841	3.76970303680654e-05	0.000221626233614957
ENSMUSG00000022724	734.239966784671	0.201838139187474	0.0489764811537432	4.12112374006372	3.77028841264903e-05	0.000221626233614957
ENSMUSG00000100277	8.87355892342185	2.18585334559997	0.530404051060893	4.12110982415748	3.77051618914479e-05	0.000221626233614957
ENSMUSG00000028528	11637.876239967	-0.244276349579726	0.0592759765410293	-4.12100084779952	3.7723003733081e-05	0.000221670407373205
ENSMUSG00000002475	1147.11266061355	-0.205101647834322	0.0497798119985509	-4.12017722847754	3.78581078614867e-05	0.000222403432773584
ENSMUSG00000025921	471.897146511188	0.343687480637235	0.0834975857917023	4.1161367407031	3.85275782984757e-05	0.00022627441744325
ENSMUSG00000042073	755.598344759009	-0.331943780782327	0.0806544076208704	-4.11563100609063	3.86121606908494e-05	0.00022670914698845
ENSMUSG00000024142	2801.19188310879	0.159614260411482	0.0387943717094274	4.11436642425877	3.88244297366154e-05	0.000227893138836802
ENSMUSG00000044345	2008.83970214448	-0.281508872337101	0.0684304951613205	-4.11379271293393	3.8921096066252e-05	0.000228398099551166
ENSMUSG00000040447	1202.29063253117	-0.279087288146798	0.0678522223438808	-4.11316355612288	3.90273671831224e-05	0.000228959131990409
ENSMUSG00000026028	7638.63631736252	0.167081674434203	0.0406246402241296	4.11281610156789	3.90861738493549e-05	0.000229241477554714
ENSMUSG00000037455	577.252839366959	-0.320012288318266	0.0778104957995163	-4.11271365167493	3.91035295374699e-05	0.000229280624160429
ENSMUSG00000035513	1432.42696371048	-0.333140748559779	0.0810170051446675	-4.11198547718356	3.9227098019565e-05	0.000229942350105948
ENSMUSG00000037410	1302.82619949825	-0.301268091238656	0.0733004795267529	-4.11004256975837	3.95586183311924e-05	0.000231822359021943
ENSMUSG00000020882	4188.26138689957	0.188172957709541	0.0458073504379681	4.10792058284103	3.9923732561046e-05	0.000233898155883028
ENSMUSG00000040414	1074.34343124437	0.204888779123868	0.0498795219983565	4.10767326781157	3.99664936744311e-05	0.000234084789417555
ENSMUSG00000057396	276.59068770272	-0.404968338654936	0.0986135004745925	-4.10662167660578	4.01488010626025e-05	0.000235088424334377
ENSMUSG00000027399	5.24839603877631	3.750369243304	0.913276723096781	4.10649822606567	4.01702545499057e-05	0.000235149900236781
ENSMUSG00000096878	4.75627805955509	3.18306541920335	0.775225111492001	4.10598853419133	4.02589450803955e-05	0.000235604829633525
ENSMUSG00000045503	636.060721269212	0.313179887686007	0.0762772802081903	4.10580826730079	4.02903574448283e-05	0.000235724397086586
ENSMUSG00000071550	42.9384767008871	-0.946126417987413	0.230491085571355	-4.10482867761283	4.04614626287926e-05	0.000236660969152496
ENSMUSG00000032103	580.86133276478	-0.23256447528318	0.0566592262353928	-4.10461791901255	4.04983659178653e-05	0.000236812291689702
ENSMUSG00000079037	29275.5021341721	0.11567112527258	0.0281852356808338	4.10396161247063	4.06134882061126e-05	0.000237420789170047
ENSMUSG00000034871	9.92745834421502	2.03524839728345	0.495961616834671	4.10364094357305	4.0669849387516e-05	0.00023768553960044
ENSMUSG00000041650	995.717722656999	-0.23154679235672	0.0564268931554101	-4.10348292114892	4.06976509055384e-05	0.000237783280984836
ENSMUSG00000042873	26005.8655466277	-0.244568585130516	0.059610545577918	-4.10277380888648	4.08226300552814e-05	0.000238448592317461
ENSMUSG00000025066	5571.83961880474	0.118819929838954	0.028962187400616	4.10258825396686	4.08553936842468e-05	0.00023857504919098
ENSMUSG00000002257	1671.00991418788	-0.183983703422181	0.0448469895710566	-4.1024761122633	4.08752067589795e-05	0.000238625833094439
ENSMUSG00000118669	3395.12139870474	0.132232865045817	0.032238158678135	4.10174992827682	4.10037290122055e-05	0.000239311051380099
ENSMUSG00000058173	193.772361845249	0.46051754828099	0.112312608758992	4.10031921944935	4.12580629887061e-05	0.000240729975568243
ENSMUSG00000061171	156.571828099106	-0.44958098859373	0.109651950968268	-4.10007286349	4.13020079361637e-05	0.000240920897379807
ENSMUSG00000026147	13.9304246379508	-3.27498607908389	0.799041179555357	-4.09864492954709	4.15575986705006e-05	0.000242345942151852
ENSMUSG00000036356	1522.45301510199	0.176409235116932	0.0430418222180337	4.09855405803474	4.15739147579812e-05	0.00024234777227983
ENSMUSG00000096035	8.40632042548416	2.46746512596085	0.602038460272979	4.09851743498587	4.15804921879536e-05	0.00024234777227983
ENSMUSG00000032064	563.815582110977	-0.401105838947292	0.0978749243470827	-4.09814711605698	4.16470562551683e-05	0.000242669845161086
ENSMUSG00000029610	1690.01596977444	0.170909105314328	0.0417210229176436	4.0964744716758	4.19489723088675e-05	0.000244362724445631
ENSMUSG00000110279	87.8610616903555	-0.639208145912905	0.156041975466255	-4.09638588593194	4.19650199965033e-05	0.000244389885850499
ENSMUSG00000030532	208.825208535036	-0.376873082718822	0.092020639655103	-4.09552774389916	4.21207779030562e-05	0.000245230436253595
ENSMUSG00000085793	568.904428464245	-0.258085671913142	0.0630428003969148	-4.09381674494543	4.24329729419909e-05	0.00024698107298611
ENSMUSG00000091896	6360.18511828066	0.119744606085263	0.0292541188651154	4.09325629110145	4.25357118001964e-05	0.000247511951613721
ENSMUSG00000008226	3752.71590354085	-0.158464398193756	0.0387191074493964	-4.0926666091376	4.26440633233635e-05	0.000248075193306049
ENSMUSG00000024118	412.434359826983	-0.252442743633343	0.06169435605924	-4.09182881155196	4.27984553896593e-05	0.000248905890922359
ENSMUSG00000064289	1300.31312861513	0.169443167030778	0.0414179501499618	4.09105632744439	4.29412810322527e-05	0.000249668889121976
ENSMUSG00000042572	4835.80456584219	-0.120899365995404	0.029560283614579	-4.08992577918899	4.31511249931864e-05	0.000250821026023216
ENSMUSG00000035878	218.386259945907	-0.387926001811604	0.0949040798417853	-4.08755874835219	4.35936303557382e-05	0.000253324544996285
ENSMUSG00000037318	124.576491207538	0.548181123968523	0.134132379928736	4.08686645431753	4.37238628911696e-05	0.00025401256855801
ENSMUSG00000052565	65.8202429960345	0.634580250040185	0.155307048677113	4.08597198546663	4.38926745263782e-05	0.00025492428338291
ENSMUSG00000057914	286.815781873317	-0.453896083232632	0.111097963272815	-4.08554819423676	4.39728716171425e-05	0.000255320979749413
ENSMUSG00000054892	26.6566051813727	1.30691991049542	0.319956105426187	4.08468501876087	4.41366466232433e-05	0.000256202611253256
ENSMUSG00000041471	385.506808989914	-0.261624495831047	0.0640562415227463	-4.08429357720191	4.42111075000124e-05	0.000256565459203911
ENSMUSG00000071645	879.107233513239	0.177439230425811	0.0434452227984783	4.08420578826048	4.42278232558307e-05	0.000256593095678287
ENSMUSG00000121789	679.503278137866	-0.198172687886157	0.0485799625397483	-4.07930919510304	4.51697263808464e-05	0.000261986853956025
ENSMUSG00000045333	1199.37620961202	-0.251386921593979	0.0616491009917247	-4.07770620414599	4.54821873565427e-05	0.000263727885952335
ENSMUSG00000045404	953.916717629044	0.364755779011472	0.0895096777998317	4.07504292247779	4.60058607016959e-05	0.000266692359120336
ENSMUSG00000084821	5.71867349044359	2.60956262836654	0.64059455057715	4.07365723922477	4.62805799069563e-05	0.000268212453640044
ENSMUSG00000038855	12133.9388867777	0.152538755962389	0.0374555835574339	4.0725238128646	4.65064436804133e-05	0.000269448669377531
ENSMUSG00000073792	501.033654338836	-0.233236361367113	0.0572785259073776	-4.07196864221451	4.66174564239911e-05	0.00027001897452709
ENSMUSG00000030058	17155.4948091829	0.193601520970363	0.0475588860036233	4.07077493269319	4.68570039217469e-05	0.000271333273856007
ENSMUSG00000024193	2169.20113021109	-0.183532543352828	0.0450868022604204	-4.07064892943057	4.68823576026869e-05	0.000271406873867119
ENSMUSG00000003031	4708.56119665156	-0.12534326277755	0.0307954662507938	-4.0701855837081	4.6975701381169e-05	0.000271873929859308
ENSMUSG00000041747	1210.28057277552	0.149632619370887	0.0367674012995443	4.06970887476733	4.70719211628112e-05	0.000272357374577063
ENSMUSG00000033595	7955.03030324534	-0.347798401010299	0.0854777649046181	-4.06887570584463	4.72405383387645e-05	0.000273259336022614
ENSMUSG00000040282	264.808498697279	-0.304846209729111	0.0749227131469584	-4.06880900230035	4.72540625697883e-05	0.000273263929720656
ENSMUSG00000001630	2796.19028020178	-0.161165725140748	0.0396176639538033	-4.06802696213178	4.74128963089251e-05	0.000274108600098946
ENSMUSG00000035606	60.3537799765886	-1.25103508299011	0.307543050273206	-4.06783727311917	4.74514986933905e-05	0.000274227475181996
ENSMUSG00000020251	191.031887349524	-0.637938067871843	0.156826296001564	-4.06780038894421	4.74590082130399e-05	0.000274227475181996
ENSMUSG00000001946	938.137492124828	0.339548019595674	0.0834983135716719	4.0665254790352	4.77192701590741e-05	0.000275657118739151
ENSMUSG00000040462	7517.9082580762	0.17977743058982	0.044228015519809	4.0647862780391	4.80764959721182e-05	0.000277645967860503
ENSMUSG00000029265	2400.8336396647	0.192880401102182	0.0474581065273357	4.064224538564	4.81924159605622e-05	0.000278167630988278
ENSMUSG00000038540	95.9963940906273	-0.775635696862676	0.190844770396125	-4.06422295592768	4.81927429258085e-05	0.000278167630988278
ENSMUSG00000055319	1789.38432331849	0.1653505744109	0.0407229675222193	4.06037635446586	4.89936777211064e-05	0.000282714593000341
ENSMUSG00000041235	300.668815093938	0.429553329014766	0.105804886688349	4.05986285189291	4.9101548448365e-05	0.000283260908087235
ENSMUSG00000007050	426.673154595113	0.235902004408848	0.0581152690401972	4.05920867794105	4.92392959328712e-05	0.000283979238714404
ENSMUSG00000029416	1808.31053211431	0.214019079984478	0.0527267953373737	4.05901930157279	4.92792406793012e-05	0.00028413327435452
ENSMUSG00000024921	7772.44441356239	-0.192936527266862	0.0475359430472435	-4.05875038757751	4.93360149073109e-05	0.000284384236305139
ENSMUSG00000038525	1238.18155759802	0.161427566251531	0.0397980619507969	4.05616651512095	4.98847019287131e-05	0.000287469801772284
ENSMUSG00000033326	3023.81477328843	0.190980710419358	0.0470919180722725	4.05548803780423	5.00297329735207e-05	0.00028822819323929
ENSMUSG00000021819	5464.82962000422	0.242596786591256	0.059825564540614	4.05506890664715	5.01195258989453e-05	0.000288668028695133
ENSMUSG00000015599	11926.7178565197	0.289552634570256	0.0714329991306458	4.05348561721012	5.04601036231472e-05	0.000290551658898733
ENSMUSG00000036087	2813.80191433803	0.133533702408734	0.0329452465402905	4.05320088424374	5.05215841203158e-05	0.000290827654793966
ENSMUSG00000119959	137.655918100851	-0.396284918530026	0.0977883925133478	-4.05247400376209	5.06788567283936e-05	0.000291654782448176
ENSMUSG00000035868	706.748136820598	-0.271463898479989	0.0669986095088177	-4.051784066418	5.08285652420814e-05	0.000292437947329541
ENSMUSG00000091387	283.531698855439	0.472739856160594	0.11668608467454	4.05138159772144	5.09160898186625e-05	0.000292863018233497
ENSMUSG00000035248	3561.53425949461	0.147650583666835	0.0364470640997047	4.05109677045375	5.09781172937418e-05	0.000293141244529189
ENSMUSG00000049439	1102.25667072969	0.162338206328726	0.0400928515476305	4.04905613001528	5.14246112884563e-05	0.000295629540952867
ENSMUSG00000015461	3101.12719010385	0.148111474858529	0.036582044748465	4.04874784547803	5.14923856186705e-05	0.000295884167691255
ENSMUSG00000027222	1385.49855864953	0.222135302658565	0.054865437434195	4.0487292737799	5.14964711867384e-05	0.000295884167691255
ENSMUSG00000024847	6799.04536574518	-0.143348420272843	0.035408105304691	-4.0484634531928	5.15549824523977e-05	0.000296141089998172
ENSMUSG00000079557	8069.67085613883	-0.0821510800481926	0.0203058122448185	-4.04569288131557	5.21685909083545e-05	0.000299585599903354
ENSMUSG00000023284	551.705140997983	0.293518758405446	0.0725524635482425	4.04560705523494	5.21877091899437e-05	0.000299615235483106
ENSMUSG00000028794	3531.70373635237	-0.333069089334083	0.0823353343412941	-4.04527523934566	5.22616856713215e-05	0.000299959717812992
ENSMUSG00000028475	62.9161419954469	-0.659368775007489	0.163016941263908	-4.04478681721821	5.23707574424602e-05	0.000300505394081756
ENSMUSG00000087679	5867.36343075817	-0.177972892605404	0.0440300789098979	-4.04207525881577	5.29802216079728e-05	0.000303921281944614
ENSMUSG00000107655	406.463526652594	-0.275943055358954	0.0683036407181213	-4.03994651614148	5.34633918768581e-05	0.00030661105263923
ENSMUSG00000121606	1542.32864784576	0.280535665171904	0.0694677912518342	4.03835590734284	5.38271417243754e-05	0.000308614696649423
ENSMUSG00000060568	2689.93592752134	0.268777774086733	0.0665730162699592	4.03733808600194	5.40611321233005e-05	0.000309868638723262
ENSMUSG00000086784	1438.18844802237	-0.140776736121213	0.0348692107186502	-4.03727911300032	5.40747191212774e-05	0.000309868638723262
ENSMUSG00000032878	3655.5248433982	-0.212323021822413	0.0525987838200776	-4.03665268285854	5.421924442558e-05	0.000310613904680945
ENSMUSG00000074793	360.377551847684	-0.496939652345539	0.123159644641648	-4.03492275242804	5.46202643266869e-05	0.000312827799903058
ENSMUSG00000020719	22484.0601096576	0.145354290339195	0.036035992063488	4.03358647884899	5.4931951494894e-05	0.000314529013280714
ENSMUSG00000118401	50.7261031901797	-0.753000759256399	0.186703893889456	-4.03312830584153	5.50392081910644e-05	0.000315059104807837
ENSMUSG00000042473	517.74218973853	-0.265293347857483	0.065796136840918	-4.0320505214297	5.52922965614947e-05	0.000316423470538269
ENSMUSG00000096146	532.328991091158	-0.530663865849857	0.13162626137461	-4.03159567329488	5.53994357597481e-05	0.000316952102350414
ENSMUSG00000002804	567.420073945932	-0.27407184687352	0.0679854614858943	-4.03133024154561	5.5462048885039e-05	0.000317225777076005
ENSMUSG00000031962	417.946843534239	-0.452439761372137	0.112249581067048	-4.03065879686347	5.56207364769875e-05	0.000318048675869743
ENSMUSG00000129166	43.7019683648555	0.885054368556158	0.219693095083664	4.0285943817174	5.6111333787949e-05	0.000320697133915594
ENSMUSG00000063179	545.560311530885	-0.33932370145619	0.0842290221498747	-4.02858412451242	5.61137815609323e-05	0.000320697133915594
ENSMUSG00000037847	389.61689079616	-0.306609702455927	0.0761148871846254	-4.02824879333014	5.61938605140323e-05	0.000321069313227101
ENSMUSG00000007029	2993.954420223	0.229919531831416	0.0570808498315872	4.02796266190459	5.6262275872403e-05	0.00032137467106892
ENSMUSG00000029433	1577.96287377754	0.188971205780245	0.0469383956656621	4.02594087634076	5.67479474285108e-05	0.000324062633546266
ENSMUSG00000022427	3689.36743388843	-0.135779186078955	0.0337318803669785	-4.02524806212328	5.69152862609879e-05	0.000324931791191055
ENSMUSG00000058056	1051.70504871149	0.280605289345394	0.0697194447445446	4.02477802818919	5.70290818718087e-05	0.000325494887386399
ENSMUSG00000123381	59.1558380772201	-0.864747022116008	0.214870226974055	-4.02450834763825	5.70944690175774e-05	0.000325781465159839
ENSMUSG00000057193	10965.3851544985	0.163177702134102	0.040555044493342	4.02361048231351	5.73126789154069e-05	0.000326901325865084
ENSMUSG00000043419	280.294553526195	-0.299474622796256	0.0744299739609536	-4.02357554166769	5.73211865534415e-05	0.000326901325865084
ENSMUSG00000141662	25.427473248404	1.10071909280247	0.273579301854813	4.02340047415802	5.7363831455619e-05	0.000326963352661856
ENSMUSG00000001441	13101.527754872	0.164552141431824	0.0408988647668697	4.02339141611382	5.7366038732744e-05	0.000326963352661856
ENSMUSG00000046020	2130.1498571094	-0.174299949197212	0.0433221663950234	-4.02334332978404	5.73777578252685e-05	0.000326963352661856
ENSMUSG00000037395	1829.1221442978	0.221444199524767	0.0550422688630352	4.02316627019498	5.74209284676888e-05	0.000327122518706849
ENSMUSG00000024981	5053.28307359814	0.120941005784973	0.0300654066259783	4.02259671021622	5.75600072407206e-05	0.000327750573819506
ENSMUSG00000037049	5537.49844655848	0.129631085060444	0.0322257782306728	4.02258974577875	5.75617098341349e-05	0.000327750573819506
ENSMUSG00000044991	406.141765925926	-0.261202067184331	0.064938579867741	-4.0222941080066	5.76340282937436e-05	0.000328075325206444
ENSMUSG00000032740	2207.45396063942	0.212944706866472	0.0529617977052284	4.02072278685983	5.8019848868863e-05	0.000330184007375136
ENSMUSG00000021756	33059.2942391199	0.277878227533108	0.0691203249987244	4.02021008347742	5.81462659224568e-05	0.000330815728675181
ENSMUSG00000020524	1071.06179023986	-0.35927265042101	0.089391714929778	-4.01908220133419	5.84252861050719e-05	0.00033231510109472
ENSMUSG00000029447	15114.9050359344	0.098395472282799	0.0244851699835925	4.01857419608415	5.85513723083641e-05	0.000332944041846713
ENSMUSG00000074649	1835.33952919107	-0.152882211258827	0.0380697208856755	-4.01584796794116	5.9232432354529e-05	0.000336727593464597
ENSMUSG00000121760	51.5274739781915	0.811997260575188	0.202246390205451	4.01489124107642	5.94732128992026e-05	0.000338006880618026
ENSMUSG00000040990	1458.72054550048	0.181497136653775	0.0452077189983446	4.01473776326606	5.95119249985747e-05	0.000338137369512812
ENSMUSG00000036499	8489.11081003376	0.228661502935445	0.0569819922637745	4.01287308237577	5.99841683096869e-05	0.000340730393473337
ENSMUSG00000029338	4405.25476259235	0.165763224649008	0.0413153885430634	4.01214246058055	6.01701690957737e-05	0.000341696521113724
ENSMUSG00000005774	337.3424768996	-0.362686041715578	0.0904101067692076	-4.01156524061427	6.03175030628083e-05	0.00034242680014781
ENSMUSG00000028487	1161.56108298815	-0.298477309518273	0.0744051573168446	-4.01151372138422	6.03306698108179e-05	0.00034242680014781
ENSMUSG00000032012	2513.36616157243	0.332136900408267	0.0828080228961854	4.01092658406614	6.04809166161347e-05	0.000343188833222825
ENSMUSG00000001017	6907.97181892731	0.0941398529934952	0.0234733765599898	4.01049473018535	6.0591652877249e-05	0.000343726326813697
ENSMUSG00000025246	3823.81577478445	-0.144588601424162	0.0360574490365685	-4.00995093350958	6.0731366664165e-05	0.000344427877625618
ENSMUSG00000058748	463.992843901091	-0.278314113760955	0.0694561388461597	-4.00704845366369	6.14822535997148e-05	0.000348594309501183
ENSMUSG00000050534	286.115441176527	-0.644752988195725	0.160962994258996	-4.00559762921837	6.18608763573558e-05	0.000350648421411936
ENSMUSG00000030079	1698.0425054657	-0.170925254105942	0.0426739422834629	-4.0053776370265	6.19184802658588e-05	0.000350882285477013
ENSMUSG00000021055	34.8124413174575	0.949025402279275	0.236964781066896	4.00492173565389	6.20380175769796e-05	0.000351466900318671
ENSMUSG00000020038	779.849787768324	0.242855690068688	0.060657637930123	4.00371162405723	6.23563692527496e-05	0.000353177261841563
ENSMUSG00000029016	8639.23879009605	0.240661606940603	0.0601132118483917	4.00347277313285	6.24193877522212e-05	0.000353440933128246
ENSMUSG00000021036	4601.76035360361	0.180928466224054	0.045197160270361	4.003093670969	6.25195339873134e-05	0.000353914640446116
ENSMUSG00000000776	1257.61793707343	0.19946498907086	0.0498425448840551	4.00190218085494	6.28352774291123e-05	0.000355608242893047
ENSMUSG00000010825	296.937730785499	-0.473486944533937	0.118432184380482	-3.99795838446064	6.38911804292021e-05	0.000361488687162165
ENSMUSG00000046613	1807.00101092451	-0.238424885797038	0.0596388745375014	-3.99780994604642	6.39312491176998e-05	0.000361620077354557
ENSMUSG00000075478	1568.31960856616	-0.278499272256243	0.0696864532038123	-3.99646214511326	6.42961575243436e-05	0.000363588334409262
ENSMUSG00000024968	353.282684571215	-0.34959425040434	0.087494057602309	-3.99563421773588	6.45212900567653e-05	0.000364765344313543
ENSMUSG00000053889	242.635489341385	0.69951768486647	0.175074688470005	3.99553865255809	6.4547324410318e-05	0.000364769251677844
ENSMUSG00000026235	278.765724825712	-0.657198530811594	0.164485820486508	-3.99547224719897	6.45654207518381e-05	0.000364769251677844
ENSMUSG00000047904	456.018857919571	-0.520895217255928	0.130372279198445	-3.99544458728878	6.45729598609804e-05	0.000364769251677844
ENSMUSG00000014198	36.5620411371676	0.999831893018526	0.250290075271317	3.99469252600088	6.47782646628454e-05	0.000365832735925451
ENSMUSG00000031609	179.675988406059	0.421531543545842	0.105534075477483	3.99426954411309	6.48940055577097e-05	0.000366345068893838
ENSMUSG00000019854	1865.60160209303	0.158621107876192	0.0397124999187661	3.99423627826652	6.4903116416811e-05	0.000366345068893838
ENSMUSG00000132846	29.1485863954816	-0.962401335967048	0.240976285608183	-3.99375952508402	6.50338227883126e-05	0.00036694478624267
ENSMUSG00000041781	4332.97152079787	0.136528000647511	0.0341856368296298	3.99372406978762	6.50435531376762e-05	0.00036694478624267
ENSMUSG00000032067	1433.92641104813	-0.231237241195844	0.0579024846046255	-3.99356336390049	6.50876745312673e-05	0.000367097220569675
ENSMUSG00000035203	9971.78538236755	0.0969223792573235	0.0242749734357372	3.99268734583396	6.53286815530237e-05	0.000368359726350724
ENSMUSG00000045349	660.97323309192	-0.354465843968928	0.0888100550120277	-3.99128053598122	6.57174862565252e-05	0.000370454716381977
ENSMUSG00000016940	4971.27395125751	-0.144373229843397	0.036173834924687	-3.99109550159606	6.57687874861153e-05	0.000370646571850079
ENSMUSG00000060548	203.585850036501	-0.489948507980949	0.122763298161628	-3.9910015071108	6.57948621983001e-05	0.000370696197361866
ENSMUSG00000024787	1733.27869398138	0.153782024533308	0.0385363003188508	3.99057572369195	6.59131000115934e-05	0.000371264918616863
ENSMUSG00000049969	584.786864478972	0.259855681341289	0.0651209162458182	3.9903566522373	6.59740133219106e-05	0.000371510537767086
ENSMUSG00000022912	1146.68436754763	0.509813852701986	0.127810257990153	3.98883360943738	6.63989737987667e-05	0.00037380550001687
ENSMUSG00000047205	643.599292102384	0.310015823695818	0.0777312648811024	3.9883028298847	6.65476800155155e-05	0.00037454444132487
ENSMUSG00000027714	2025.71844988131	0.11521457231986	0.0288930825737666	3.98761786755385	6.67400487825394e-05	0.000375528672913759
ENSMUSG00000034902	11724.0961371786	-0.198070270064016	0.0496860670999706	-3.9864348624231	6.7073530611655e-05	0.000377306186611579
ENSMUSG00000041645	10674.0968311799	0.164106852379586	0.0411673125677197	3.98633872710617	6.71006997264775e-05	0.000377360131079006
ENSMUSG00000097805	27.3443606993404	-1.0273970636229	0.257794505485381	-3.98533344102309	6.73854314307754e-05	0.00037886214538843
ENSMUSG00000032425	875.06158977162	0.194057226649159	0.0486970930148348	3.98498585100434	6.7484146634798e-05	0.000379317803525157
ENSMUSG00000031767	854.496616861221	-0.224160543504251	0.0562522507317827	-3.98491688044758	6.75037504644107e-05	0.000379328666876712
ENSMUSG00000023965	2785.93741330314	-0.133839401043162	0.0335913218985038	-3.9843445711234	6.76666286739347e-05	0.000380144425834777
ENSMUSG00000000295	828.480792605165	-0.220128960246832	0.0552508663109505	-3.9841721034373	6.77157855426884e-05	0.000380321049832378
ENSMUSG00000078681	986.324123539997	-0.174691028998738	0.0438474106661857	-3.98406716256694	6.77457124013497e-05	0.000380389605651942
ENSMUSG00000029838	7660.55612866949	-0.382788762973046	0.0961131090357449	-3.98269046557099	6.81394773444824e-05	0.000382500528419628
ENSMUSG00000038026	116.965895387179	-0.678035860340284	0.170273387676956	-3.98204246471362	6.83255681719841e-05	0.000383444874870539
ENSMUSG00000120070	35.5097709984854	0.794655297449069	0.199590740571183	3.98142366311656	6.85037224253182e-05	0.000384344199054333
ENSMUSG00000109715	244.986203748581	-0.317145672575029	0.0796771982699916	-3.98038183396409	6.88046604961607e-05	0.000385931759135246
ENSMUSG00000078485	58.6995901806798	0.651985781352593	0.163822808693147	3.9798229962826	6.89665988223151e-05	0.000386739030909043
ENSMUSG00000126974	5.91659311733094	2.57458015979776	0.646945267405128	3.97959501292018	6.90327666747521e-05	0.000387008976087811
ENSMUSG00000040258	83.0327812897979	-0.599755201697977	0.150735484091275	-3.97885876251146	6.92468598330668e-05	0.00038810785722627
ENSMUSG00000022472	2849.55871906524	0.170821683149907	0.0429384679979559	3.97829012339329	6.94126433498136e-05	0.000388935474327094
ENSMUSG00000040746	2615.5545695711	-0.179023778960271	0.0450029886516583	-3.97804199952115	6.94851000731398e-05	0.000389239863823074
ENSMUSG00000073643	705.394679349148	0.200028872902432	0.0502850534932341	3.97789917692632	6.95268393344061e-05	0.000389372067089059
ENSMUSG00000032580	3139.89077305344	0.287970543797386	0.0723977562547931	3.97761696901098	6.96093830814269e-05	0.000389732659683336
ENSMUSG00000015981	2946.50199912356	-0.227092986919678	0.0571173061153623	-3.9759050691398	7.01120916936275e-05	0.00039244489186321
ENSMUSG00000001424	4522.94400278674	0.129103736903653	0.0324740827980251	3.97559302002841	7.02040959036739e-05	0.000392857435523531
ENSMUSG00000042662	1795.04824173732	-0.339650938109426	0.0854379546931461	-3.97541045229016	7.02579769188305e-05	0.000393056484894349
ENSMUSG00000015087	6397.09814655911	-0.117726337453118	0.0296158939036846	-3.97510667197761	7.03477179821543e-05	0.00039345599640566
ENSMUSG00000021681	2605.67943284751	0.149797060527868	0.037684450378271	3.9750363617945	7.03685040674724e-05	0.000393469733866205
ENSMUSG00000026360	674.028159250051	-0.299577447417988	0.0753692742738458	-3.97479543626103	7.0439773937366e-05	0.000393765673786328
ENSMUSG00000042097	447.626969508015	-0.242751424345025	0.0610771148075063	-3.97450706553662	7.05251686840245e-05	0.000394140398586636
ENSMUSG00000036995	599.74190839296	0.258144314686785	0.0649913773973395	3.97197789959984	7.12783340497331e-05	0.000398245892428832
ENSMUSG00000024431	3083.57823370242	-0.24806350844401	0.0624841753895588	-3.97002131975743	7.18662009614573e-05	0.000401425935425096
ENSMUSG00000029408	2758.11768513564	-0.265158700755967	0.066824836897679	-3.96796629914673	7.24885815280168e-05	0.000404723268502574
ENSMUSG00000001943	7.88458135599645	2.01374348625509	0.507502520756757	3.96794775177139	7.24942219040527e-05	0.000404723268502574
ENSMUSG00000081058	114.000607581346	0.440951555444495	0.111142055006688	3.96745908124481	7.26429793894196e-05	0.000405448308781405
ENSMUSG00000003814	19393.9416017242	0.211937228307119	0.0534201500963283	3.96736489742072	7.26716833017992e-05	0.000405503081298784
ENSMUSG00000046321	2545.25703143768	-0.311864631505281	0.0786145481155181	-3.9670091475565	7.27802001478043e-05	0.000406003060387933
ENSMUSG00000022204	1124.16367996333	0.26513194220518	0.0668446956301251	3.96638715616639	7.29702988267576e-05	0.000406872950247852
ENSMUSG00000051427	1422.95419571314	-0.235124794420265	0.0592795183450747	-3.96637491302762	7.29740453952404e-05	0.000406872950247852
ENSMUSG00000027162	3783.42476709819	0.175874514572492	0.0443528181944262	3.96535150937926	7.32878650036744e-05	0.000408516569766002
ENSMUSG00000023017	4675.20580425339	-0.372717061122347	0.0940018458225105	-3.96499726001223	7.33967901749648e-05	0.000409017522818223
ENSMUSG00000131852	45.9642703199955	-0.87497567366456	0.220683600112911	-3.96484230462474	7.34444842298132e-05	0.000409177082397397
ENSMUSG00000091898	54.6150782965121	1.26542026676162	0.319317776156232	3.9628870086534	7.40488330903441e-05	0.000412437013782389
ENSMUSG00000124773	472.426815162783	0.281089633794469	0.0709362299986159	3.96256798253803	7.41478838410619e-05	0.000412881575754147
ENSMUSG00000052906	1498.59437704996	0.135186165357657	0.0341168512560439	3.96244554760042	7.41859305189459e-05	0.00041298630303934
ENSMUSG00000060679	1863.27068985954	-0.161843959344347	0.0408479935934224	-3.96210303387847	7.42924648128327e-05	0.000413430560084495
ENSMUSG00000097967	230.21840411223	-0.439736189561395	0.110986612182584	-3.96206516185919	7.43042532752252e-05	0.000413430560084495
ENSMUSG00000005054	2161.67916250602	0.2518205490311	0.0635605210770821	3.9619018970236	7.43550931426894e-05	0.000413606226846585
ENSMUSG00000096188	3387.05070208175	-0.23507368868999	0.0593360020474082	-3.9617379091731	7.44061912681766e-05	0.000413783238798622
ENSMUSG00000024219	2823.7279502393	0.173339662488321	0.0437565786039608	3.96145375206805	7.44948124131007e-05	0.000414168775773017
ENSMUSG00000070319	4594.06819957251	0.129218379654203	0.0326243984116706	3.96078965269069	7.47023169966342e-05	0.000415214898148563
ENSMUSG00000029998	11555.1730830779	-0.144093332140207	0.0363834093457525	-3.96041313146011	7.48202075587724e-05	0.000415762509825681
ENSMUSG00000038828	2090.86212510508	0.178209840303288	0.045011239285696	3.95922980862962	7.51918578978894e-05	0.000417719570816794
ENSMUSG00000061414	172.304029745895	-0.462387979685945	0.116808660946464	-3.95850766492278	7.54195211486204e-05	0.000418875922632933
ENSMUSG00000021936	4398.69347846398	0.181269687524612	0.0457933441297026	3.95842869678165	7.54444561689681e-05	0.000418906025898363
ENSMUSG00000042699	9716.29209853467	0.252757298125609	0.0638559191442519	3.95824383256664	7.55028594773012e-05	0.000419121898510408
ENSMUSG00000079355	31.9168720505826	-1.41578779010081	0.357703683618094	-3.95799052383366	7.55829555802548e-05	0.000419458046661259
ENSMUSG00000027778	2570.22601735494	-0.147947973797335	0.0373815062986613	-3.95778523784722	7.56479258499634e-05	0.00041971009984371
ENSMUSG00000020905	18.9434612360823	1.26159651383068	0.318828630923358	3.95697372026149	7.59052777001324e-05	0.000420841634192549
ENSMUSG00000033965	1969.21312486998	-0.231132012830954	0.0584115496475438	-3.95695738643484	7.59104660408765e-05	0.000420841634192549
ENSMUSG00000036777	548.333770001709	-0.346970914563713	0.0876863058351848	-3.95695669077312	7.59106870210356e-05	0.000420841634192549
ENSMUSG00000028992	436.289866235262	-0.32867721490999	0.0830693841354197	-3.95665886211676	7.6005349568243e-05	0.000421257638479707
ENSMUSG00000025737	1175.64267121011	-0.170613379371102	0.0431283335650239	-3.95594648037747	7.62322276393139e-05	0.000422406039882683
ENSMUSG00000020109	3072.41622068072	0.129548079000165	0.0327651551176468	3.95383688967774	7.69078482877763e-05	0.000426039708734298
ENSMUSG00000024130	9831.10179452199	0.280309412211216	0.0709308209417836	3.95187040681906	7.75427322057026e-05	0.000429379321907476
ENSMUSG00000036167	2568.14740877276	0.131592116266118	0.0332988996978013	3.95184578050207	7.75507142008424e-05	0.000429379321907476
ENSMUSG00000022665	749.975741798623	-0.679309698385132	0.171904855940996	-3.95166090374024	7.7610662119297e-05	0.000429600431421565
ENSMUSG00000052889	4387.6192348058	-0.178321718231726	0.0451464793598135	-3.94984771260939	7.82009319386687e-05	0.000432756175559542
ENSMUSG00000021998	12210.374113864	-0.255640247078385	0.064722806341317	-3.94977074588301	7.82260815051655e-05	0.000432783779791207
ENSMUSG00000028136	5642.67065776442	-0.14312806106363	0.0362523399829654	-3.948105450045	7.87721080705077e-05	0.000435692365844246
ENSMUSG00000050447	338.4620834804	-0.39116266277448	0.099106634128919	-3.94688676709222	7.91739778372789e-05	0.00043780232051907
ENSMUSG00000130941	17.6625078499547	1.18157152713685	0.299403866620897	3.94641372027751	7.93304900974817e-05	0.000438554803098775
ENSMUSG00000020132	7661.73511079527	-0.0880921260873468	0.0223241528791097	-3.94604563785178	7.94524761317157e-05	0.000439116079465348
ENSMUSG00000020877	203.332050607293	-0.37797717030794	0.0958355244120469	-3.94401942940093	8.0127161957535e-05	0.000442730928849536
ENSMUSG00000026131	81073.734296491	0.403048884221987	0.102212741495612	3.94323523979924	8.03897317314512e-05	0.000444067416713158
ENSMUSG00000056258	4120.03480988216	0.35801300125094	0.0907934904788579	3.94315715105486	8.04159226240794e-05	0.000444097811949701
ENSMUSG00000056947	382.707381042689	-0.48562790368028	0.123167626134861	-3.94282100678425	8.05287572208732e-05	0.000444606559285819
ENSMUSG00000020894	34705.4007997088	0.132154618429228	0.0335266333132371	3.94178017203564	8.08790873469109e-05	0.000446425942141628
ENSMUSG00000049112	90.9537647505345	-0.646439867458116	0.164026747229811	-3.94106374951408	8.11210614739956e-05	0.000447646453881951
ENSMUSG00000031634	3337.59641048505	-0.106416753130519	0.0270040231985852	-3.94077402274245	8.12191118566924e-05	0.000448072334905104
ENSMUSG00000037236	6447.08429520289	0.118764253546575	0.0301429449912355	3.94003484334752	8.14697753446533e-05	0.000449339721877782
ENSMUSG00000079499	485.806457316795	-0.29311648233429	0.0744031684122426	-3.93956989452697	8.16278188017611e-05	0.000450095750937222
ENSMUSG00000035161	815.966862786007	0.285802555014844	0.0725517923706987	3.93929006680571	8.17230763083287e-05	0.000450505278899482
ENSMUSG00000037475	1535.64425892188	0.189775500061793	0.0481762332698664	3.93919339851119	8.17560080403429e-05	0.000450571108753274
ENSMUSG00000035505	763.447356946158	0.17121346286909	0.0434743155242311	3.93826701592717	8.20722330226839e-05	0.000452197780817488
ENSMUSG00000041890	2175.40700054081	0.156128312380861	0.0396502477258564	3.9376377534975	8.22876936223223e-05	0.000453268573594244
ENSMUSG00000051844	31.2363027658995	-0.820646549619419	0.208486278191915	-3.93621372464619	8.27772591729707e-05	0.000455848292818622
ENSMUSG00000034614	5228.18882582473	-0.185627096149885	0.0471717162192068	-3.93513552246598	8.31497630858116e-05	0.00045778220425751
ENSMUSG00000029722	3795.9714273334	-0.2309519854373	0.058696154989712	-3.93470382306609	8.32993529238514e-05	0.000458488182016255
ENSMUSG00000052102	988.89611550304	-0.159398239257621	0.0405175733561769	-3.93405196941095	8.35257113159393e-05	0.000459616231506781
ENSMUSG00000025047	1110.17844930904	0.246533823408818	0.0626922037750344	3.93244787331905	8.40852170074015e-05	0.000462576439846458
ENSMUSG00000030255	1534.73111198784	-0.312580834915427	0.0794918600344178	-3.93223702125083	8.4159024642353e-05	0.000462863854207725
ENSMUSG00000045410	1240.05597135477	-0.165532681656355	0.0421317761017983	-3.92892721295197	8.5325658904486e-05	0.000469159988228406
ENSMUSG00000133910	123.071308499944	-0.529830193406652	0.134867129054789	-3.92853467794524	8.546502807571e-05	0.000469805964833084
ENSMUSG00000020659	1071.07171455452	0.166956301550534	0.0424999752976299	3.92838584919941	8.55179257940556e-05	0.000469976394033589
ENSMUSG00000049300	1172.28399805189	-0.178850082502346	0.0455307715541247	-3.92811446846971	8.5614461413825e-05	0.000470321246762255
ENSMUSG00000051730	450.293124096228	-0.262200895384024	0.0667504171592816	-3.9280787528017	8.56271738648386e-05	0.000470321246762255
ENSMUSG00000021668	487.217000343353	-0.255721460360482	0.0651017949186749	-3.92802472927097	8.56464061116955e-05	0.000470321246762255
ENSMUSG00000025425	379.353334401443	-0.440446676306381	0.112149558980854	-3.92731527710754	8.58993484303706e-05	0.000471492150546404
ENSMUSG00000121146	6.61637347748492	2.27863866366949	0.580204375136796	3.92730348359102	8.59035591534048e-05	0.000471492150546404
ENSMUSG00000026456	7410.42385586329	0.139439008464641	0.0355105153397403	3.92669627941427	8.61206172877739e-05	0.000472562671446665
ENSMUSG00000047213	4129.38660272437	0.182567144948909	0.0464977473999469	3.92636536515569	8.62391277383562e-05	0.000473092030675071
ENSMUSG00000070687	1752.40253264768	-0.330203756624146	0.0841256425296585	-3.92512611725649	8.66843105354868e-05	0.000475412726099836
ENSMUSG00000024429	5289.30299209316	-0.101430982444146	0.0258454827300341	-3.92451491441004	8.69046754786967e-05	0.000476499556532747
ENSMUSG00000038582	3900.54550956657	-0.173408486361435	0.0441937577295775	-3.9238230752525	8.71547519011139e-05	0.000477748698751101
ENSMUSG00000045827	1131.76266954148	-0.490130531456414	0.124926381352814	-3.92335490829755	8.73243639465157e-05	0.000478556241122264
ENSMUSG00000015133	634.918693171181	-0.559155831669241	0.142558051310509	-3.92230271478199	8.77067015412946e-05	0.000480528855356159
ENSMUSG00000024697	6667.09218314305	0.250757117712339	0.0639382635791167	3.92186311725614	8.78669068923475e-05	0.000481283751811975
ENSMUSG00000056708	377.905424423639	0.544786705366497	0.138962286629482	3.92039249338976	8.84048676291322e-05	0.0004841068593181
ENSMUSG00000051951	590.938019862177	0.325245912958081	0.0829644594951568	3.92030412705898	8.84372913252723e-05	0.000484160901705763
ENSMUSG00000002297	123.591976182099	0.47786399397065	0.121906395000603	3.91992556229955	8.85763228866413e-05	0.000484798405681959
ENSMUSG00000022685	1549.98746814	-0.125551666713011	0.032033823061661	-3.91934694998285	8.8789222896001e-05	0.000485839780444955
ENSMUSG00000026867	4595.79423267693	0.165839664744091	0.0423265124800688	3.9181036902623	8.92483158941502e-05	0.000488103906729711
ENSMUSG00000037606	3783.29109025032	0.17962279594838	0.045844829942725	3.91806003365673	8.92644774574981e-05	0.000488103906729711
ENSMUSG00000068039	14874.2822450721	0.127899701700168	0.0326437815634	3.91804183139027	8.92712167064588e-05	0.000488103906729711
ENSMUSG00000028950	31.4790897731865	0.962092678749502	0.245573474672668	3.91773859140081	8.93835597033228e-05	0.000488593708324809
ENSMUSG00000018199	3324.57741471469	0.194744608986393	0.0497160489218523	3.91713768912948	8.96065739513679e-05	0.000489688064266819
ENSMUSG00000020520	1978.85788174186	-0.256525391665584	0.0655424289784273	-3.91388289484994	9.08236957634948e-05	0.000496213146668155
ENSMUSG00000025228	27296.7067633052	0.106554086042908	0.0272260008287803	3.91368848891941	9.08968853482662e-05	0.000496486651624907
ENSMUSG00000037681	190.895790084932	-0.510294987360422	0.130426697462852	-3.912504090704	9.13439903926861e-05	0.000498801856466395
ENSMUSG00000034990	486.669452789686	-0.398454947477409	0.101852014529173	-3.91209687230371	9.14981928116119e-05	0.000499516837968988
ENSMUSG00000043061	1327.35283447424	-0.221136387397036	0.0565345577080954	-3.91152591197101	9.17148138963928e-05	0.000500572131985754
ENSMUSG00000009535	4034.31579365539	0.151706083913074	0.0387865933798916	3.91130209418505	9.17998619530962e-05	0.00050090895696115
ENSMUSG00000134662	18.5145614017894	-1.02178325821338	0.261247765261542	-3.9111655450543	9.18517855539413e-05	0.000501064911995147
ENSMUSG00000113096	10.9222270537703	-1.54179737571046	0.394314104262792	-3.91007412375724	9.22678029010625e-05	0.000503206467752593
ENSMUSG00000039539	240.184469615552	-0.389307867323648	0.0995936919410763	-3.90896109719457	9.26938879224932e-05	0.000505401828332293
ENSMUSG00000051403	4720.25466817701	0.103731615997998	0.0265481049494592	3.90730774175695	9.3330251671483e-05	0.000508742301264615
ENSMUSG00000031548	3226.93573872674	0.258898165429486	0.0662756135182503	3.90638655284863	9.36865976974648e-05	0.000510555091691744
ENSMUSG00000022855	5492.175950393	0.152997153360608	0.0391855932078426	3.90442356069747	9.44502381616216e-05	0.00051458599298918
ENSMUSG00000046456	60.4698671195316	-0.691091001436523	0.177012222364158	-3.90419933836422	9.45378379101703e-05	0.000514932562440932
ENSMUSG00000049699	7.99067026484491	3.02941053660881	0.776106363508494	3.90334454019157	9.48724968986733e-05	0.000516624307059087
ENSMUSG00000019977	4258.30988549479	0.129772022162834	0.0332524869781234	3.9026260576603	9.51546524454273e-05	0.000518029360738915
ENSMUSG00000051705	971.523576393938	-0.202556883890403	0.0519197927364556	-3.90134230540133	9.56607690809003e-05	0.000520652654434738
ENSMUSG00000018995	764.460099200013	-0.231427109512531	0.0593218729897633	-3.90121042793888	9.5712905225824e-05	0.000520804365925865
ENSMUSG00000028617	1373.53974541091	0.191730481227022	0.0491473887756592	3.90113261362074	9.57436807518527e-05	0.000520839800055567
ENSMUSG00000039117	574.31938353301	0.239225491233741	0.061330761971082	3.90057914732151	9.59628461464675e-05	0.000521899786009646
ENSMUSG00000028218	1627.3247979251	-0.1689067068144	0.043342590075274	-3.8970146112878	9.73857457897232e-05	0.000529504158845542
ENSMUSG00000021951	950.252353853638	-0.186642624990925	0.0479122275074818	-3.89551132770397	9.79917820067592e-05	0.000532664368842009
ENSMUSG00000006641	1432.10453436222	-0.52520845694499	0.13486503287775	-3.89432639237979	9.84719863678264e-05	0.000535139154271332
ENSMUSG00000040797	2995.35753816905	0.342584507149615	0.0879868130444497	3.89358922429144	9.87718495999225e-05	0.00053663288370335
ENSMUSG00000046318	61.1027734253619	-0.781681247202791	0.200766049686976	-3.89349318981744	9.88109776497802e-05	0.000536709627082536
ENSMUSG00000087400	49.5236455687915	-0.824831157357612	0.211898290139209	-3.89258052443806	9.91835628506607e-05	0.00053859710603397
ENSMUSG00000039263	1381.03850954671	-0.152180983386412	0.0390971835449953	-3.89237713788957	9.92667736029181e-05	0.000538912635852362
ENSMUSG00000036391	872.411621382892	0.269152987578056	0.0691555534704171	3.89199383232747	9.94237730951402e-05	0.00053962849892801
ENSMUSG00000103785	62.9138611550467	0.637285099534736	0.163755780732586	3.89168001693588	9.95524843483852e-05	0.000540190502786258
ENSMUSG00000040254	924.859011987032	-0.753129854189199	0.193539183463408	-3.89135595548067	9.96855630965007e-05	0.000540775915448442
ENSMUSG00000107881	299.254415928081	-0.45038091209191	0.115753737379143	-3.89085417274017	9.98919560726771e-05	0.000541758648068743
ENSMUSG00000044816	19.1564400936738	-1.16169898490454	0.298594498407821	-3.89055723095706	0.000100014283912489	0.000542285076652055
ENSMUSG00000027347	11410.7077922701	-0.314096878601101	0.0807834234551873	-3.88813527784371	0.000101017323043424	0.000547585317285389
ENSMUSG00000025917	10065.3991913199	0.0968013951466837	0.0249124217017943	3.88566781284501	0.00010204897050427	0.000552986686026859
ENSMUSG00000073293	623.367860855215	-0.265269462932899	0.0682693749161074	-3.88562899922367	0.000102065277650164	0.000552986686026859
ENSMUSG00000016831	3949.95182468525	0.157671112579147	0.0405883541156574	3.88463922754443	0.000102481952112746	0.000555104109021498
ENSMUSG00000032769	4835.34583554498	0.252747826350313	0.065087133936512	3.88322255204617	0.000103081139110795	0.000558208812349222
ENSMUSG00000042831	1049.72411017666	-0.20892940399264	0.0538054200068463	-3.88305497784527	0.000103152233388589	0.000558452923561022
ENSMUSG00000097006	143.058114339702	-0.381862165905696	0.0983465716486692	-3.88282132772102	0.000103251437991163	0.000558849058980912
ENSMUSG00000023026	2357.19847275356	0.268622599702076	0.0692182823581226	3.88080418280639	0.000104111641982182	0.000563362870378
ENSMUSG00000031845	42.8578729444873	0.776465539943284	0.200108993688824	3.88021310601717	0.000104364982980653	0.000564591412465397
ENSMUSG00000139989	313.250509657014	-0.307542989652828	0.0793038146534045	-3.8780352621994	0.000105303456909967	0.000569524818853454
ENSMUSG00000033436	9963.36730045109	-0.147426929007862	0.0380181917777464	-3.8777996036665	0.000105405482739635	0.000569933020778086
ENSMUSG00000023000	2705.90164728369	0.328283818104879	0.0846953340078506	3.87605553423345	0.00010616346382603	0.000573886908710541
ENSMUSG00000127449	5.46518580207897	2.28330732004849	0.589125637995427	3.87575615927653	0.000106294089755269	0.000574448371270543
ENSMUSG00000000131	5023.7354122017	0.160602165350745	0.041442294093525	3.87532034274709	0.000106484520202313	0.000575332673209877
ENSMUSG00000091345	79.0817927383984	1.31665290075447	0.33978904574265	3.87491273556734	0.000106662915853524	0.000576111206643324
ENSMUSG00000020407	108.703676583926	0.593215682255013	0.153093113040933	3.87486850630832	0.000106682290431716	0.000576111206643324
ENSMUSG00000131011	102.540081888827	-0.526028738189594	0.13575740944858	-3.87477000574938	0.000106725450426572	0.000576199325668207
ENSMUSG00000025616	1664.31670084848	0.148393980053482	0.0383033415581829	3.8741784402301	0.000106985003531166	0.000577455389942168
ENSMUSG00000031026	327.957115595758	0.412907617745722	0.106593736320324	3.87365742115367	0.000107214097135822	0.000578546457797276
ENSMUSG00000022543	379.929797311837	-0.260645004702316	0.0672951529332502	-3.87316163707732	0.000107432524576835	0.000579579435176258
ENSMUSG00000025384	862.949063249723	-0.176416850831018	0.0455534706121303	-3.8727422622337	0.000107617616162756	0.00058043209762556
ENSMUSG00000024502	3699.96685850992	0.228167491141594	0.0589179434461588	3.87263162622267	0.000107666495633275	0.000580549860654077
ENSMUSG00000075705	3679.64277132439	0.186521506888875	0.04816496307207	3.87255579558484	0.000107700010037015	0.000580584735171917
ENSMUSG00000069184	424.825726955086	-0.264602762315282	0.068332420395098	-3.87228728011314	0.000107818763335589	0.000581078979101618
ENSMUSG00000104178	160.405592273342	-0.502320251157178	0.129744694184871	-3.87160534242294	0.000108120911760276	0.000582506397873346
ENSMUSG00000028989	221.791661203355	-0.959820897497761	0.247915347917207	-3.87156707142755	0.000108137892272677	0.000582506397873346
ENSMUSG00000024480	4039.36150979833	-0.145266735162573	0.0375258434289667	-3.87111179626251	0.000108340087061851	0.00058344914923976
ENSMUSG00000026188	786.123842382347	-0.364763238511748	0.0942348972511471	-3.87078724710242	0.000108484442114397	0.00058408001866758
ENSMUSG00000022176	921.630273102406	-0.583337919942205	0.150706771916654	-3.87068153954496	0.000108531498564665	0.000584186847590045
ENSMUSG00000027716	5586.78224616041	-0.323698878975768	0.0836703978059748	-3.86873837658093	0.000109399949302775	0.000588713790858204
ENSMUSG00000031901	252.023138721702	0.309342111384523	0.0799933173441588	3.86709942348842	0.000110137533420036	0.000592534409121426
ENSMUSG00000041565	260.604815821641	-0.347283820923099	0.0898102127957893	-3.86686335676271	0.000110244157131828	0.000592959427960865
ENSMUSG00000026005	1895.8302433739	-0.17484582466466	0.0452206019951684	-3.86650811688312	0.000110404791051392	0.000593674660498291
ENSMUSG00000025377	686.019250430497	0.196983774225627	0.0509532801086713	3.86596846769251	0.000110649234529946	0.000594840087257657
ENSMUSG00000040296	1818.07456753449	0.234047802643169	0.0605435710077173	3.86577466025808	0.000110737147516283	0.00059516364761756
ENSMUSG00000048087	35.8108451152702	0.783088977961826	0.202586872936061	3.8654477785882	0.000110885573614333	0.000595812196046377
ENSMUSG00000030035	1279.74223702067	-0.221524414634874	0.0573255320515517	-3.86432374383654	0.000111397393938587	0.000598412527098528
ENSMUSG00000052446	260.322707406013	-0.274230771416625	0.0709687529692806	-3.8641058204211	0.000111496881209798	0.000598797110845514
ENSMUSG00000029413	2827.10394648837	-0.178003939450639	0.0460699141658378	-3.86377840448927	0.000111646512019237	0.000599450732117292
ENSMUSG00000037286	1552.42182283523	0.242658349093534	0.0628240162295469	3.86250933412005	0.000112228275806719	0.000602423648028762
ENSMUSG00000033813	2836.65978066859	0.131935577646414	0.0341601021656721	3.86227116671207	0.000112337774055607	0.000602860664469415
ENSMUSG00000025218	808.110126993372	-0.173829768368497	0.0450093410651625	-3.86208205351939	0.000112424791238364	0.000603176847968689
ENSMUSG00000034880	816.550123077434	-0.208352867559203	0.053958530593543	-3.8613517689849	0.000112761416293742	0.000604831724678025
ENSMUSG00000003233	2838.1499550979	0.192003619491202	0.0497258241263857	3.86124559752284	0.000112810435173549	0.000604943492739294
ENSMUSG00000050323	370.390477358009	-0.307219473750058	0.079571934433004	-3.86090241413853	0.000112969018901796	0.000605642597339149
ENSMUSG00000022623	1168.37699442674	0.20882003639996	0.0541053454302177	3.85950842268044	0.00011361534138511	0.000608955535124285
ENSMUSG00000035373	104.929599443067	1.25057648493861	0.324033197381107	3.85940852679906	0.000113661791666831	0.000609052426340536
ENSMUSG00000055553	721.284775315908	-0.261249044601867	0.0676941018820526	-3.8592585962224	0.000113731541047025	0.000609274085379443
ENSMUSG00000001436	1831.20411626629	-0.202940120809529	0.0525922922350578	-3.85874264431186	0.000113971876279653	0.000610409255543669
ENSMUSG00000078570	1264.32324261961	-0.274907944899192	0.071252223156787	-3.85823673591589	0.000114207998215132	0.000611521299497635
ENSMUSG00000026220	132.701669314731	-0.512333518112169	0.132813538143498	-3.85753986584275	0.000114534003020259	0.000613113942352338
ENSMUSG00000014907	886.926297074772	0.218815026872327	0.0567313100599741	3.85704166960016	0.000114767603451572	0.00061421126294975
ENSMUSG00000026608	2799.49738915833	-0.159954517082765	0.0414717752923589	-3.85694887559434	0.000114811163469519	0.000614291235054013
ENSMUSG00000075325	16.5243953025173	-1.43321503809131	0.371703345304196	-3.85580344163539	0.000115350146988783	0.000617021244769803
ENSMUSG00000022957	4262.96114927285	0.188317826820044	0.0488532027889644	3.8547693102853	0.000115838806085085	0.000619415915872679
ENSMUSG00000034867	4470.67048749055	-0.213268154082347	0.0553262962119383	-3.85473398156604	0.000115855534437194	0.000619415915872679
ENSMUSG00000035547	17928.1968623033	0.169250551116619	0.0439132679754247	3.85420076709702	0.000116108291409865	0.000620612695070756
ENSMUSG00000053024	14134.6446968158	0.330074555144193	0.085661503910592	3.85324258944489	0.000116563798950334	0.000622892334644726
ENSMUSG00000029126	6519.65185140003	0.259047391033723	0.0672472128042744	3.85216546874129	0.000117077862642463	0.000625483673340744
ENSMUSG00000024414	2383.84336093453	-0.189997072490391	0.0493322201325887	-3.85137891584326	0.000117454600553723	0.000627340247695002
ENSMUSG00000136089	348.934905229637	-0.262571692836578	0.0681956359420366	-3.8502711971152	0.000117987107427016	0.000630027673638887
ENSMUSG00000095448	22.2837341059191	1.23492062642977	0.320801557384748	3.84948451153773	0.00011836666761575	0.000631897261138942
ENSMUSG00000036764	908.660116739052	-0.205344519620925	0.0533472478780795	-3.84920549397828	0.000118501564438861	0.000632460114929038
ENSMUSG00000097729	791.290919241184	-0.23704346726388	0.061585946318987	-3.84898635861018	0.000118607611597406	0.000632868752311686
ENSMUSG00000021112	2959.67423133485	0.164869515352032	0.0428355092724697	3.84889821907622	0.000118650290586107	0.000632939149533147
ENSMUSG00000025582	12434.293800757	-0.285278874674531	0.0741250159179577	-3.84861805615369	0.000118786047470426	0.000633505911801282
ENSMUSG00000002949	1538.03784769034	-0.159726792896329	0.0415105720025566	-3.84785815253259	0.000119155007241133	0.000635315793700486
ENSMUSG00000040158	1142.59476385424	0.250685725298086	0.0651559192371676	3.84747430829101	0.000119341787558005	0.000636153596754958
ENSMUSG00000039795	712.875874875998	-0.257181203105726	0.0668452205993417	-3.84741348446173	0.000119371410031164	0.000636153596754958
ENSMUSG00000002908	2540.98992433591	-0.25308210430443	0.0657826313438148	-3.84724811298121	0.000119451984444369	0.00063635017657378
ENSMUSG00000002835	362.841938288471	-0.230970002626925	0.0600356196324247	-3.84721610339106	0.000119467586489906	0.00063635017657378
ENSMUSG00000008958	1435.2420031122	0.178894937762867	0.0465026161075679	3.84698652972673	0.000119579541113438	0.000636788496537103
ENSMUSG00000034333	244.525694350849	0.587226644232695	0.15268744889055	3.84593919473782	0.000120091544066376	0.00063935641987322
ENSMUSG00000045251	539.362434861668	-0.215548754482971	0.056054193363379	-3.84536359457796	0.000120373812933101	0.000640660721229526
ENSMUSG00000133328	16.420628069127	1.3761282435035	0.357871120682838	3.84531794819815	0.000120396224235531	0.000640660721229526
ENSMUSG00000049811	333.618970141784	0.292692758802523	0.0761266562049811	3.84481301811561	0.00012064439566548	0.000641724914702186
ENSMUSG00000129504	1208.53477466921	-0.379792243204356	0.0987810257209969	-3.84478942623115	0.000120656002782913	0.000641724914702186
ENSMUSG00000055430	16126.5021070276	-0.13557149508347	0.0352621695309334	-3.844672545305	0.00012071352328539	0.000641871808482582
ENSMUSG00000041570	12268.3967044818	0.205805671252332	0.0535341682158766	3.84437973188301	0.000120857738824744	0.000642479500151549
ENSMUSG00000056665	12724.9161630211	-0.160595998932818	0.0417757295639557	-3.84424163525275	0.000120925810097212	0.000642682208355224
ENSMUSG00000031072	2893.1535796603	0.178248562072255	0.0463686625030164	3.84416009542349	0.000120966020083789	0.000642736778989756
ENSMUSG00000054612	144.420718217313	-0.429564405892562	0.111757685595886	-3.84371243554433	0.000121187000654116	0.000643751585261382
ENSMUSG00000045034	177.67747186616	-0.519719247564342	0.135225574501642	-3.84335026476839	0.000121366059274272	0.000644543252939513
ENSMUSG00000039159	6413.33561817187	0.106677344796985	0.0277581550231137	3.84309925166701	0.000121490307430528	0.000644953395582741
ENSMUSG00000103346	6.85751162843959	-2.06881460308479	0.538323024186142	-3.84307285799731	0.000121503378912541	0.000644953395582741
ENSMUSG00000041297	2402.35247905807	0.169935111620704	0.0442243170460473	3.84257175625265	0.000121751801578056	0.000646112280018432
ENSMUSG00000067848	4.99653955767303	3.34098043295839	0.869486236779117	3.84247650122049	0.000121799078673367	0.000646203416411886
ENSMUSG00000062184	5643.30442129748	-0.232352799779953	0.060478083770885	-3.84193389228729	0.000122068717280943	0.000647473952348093
ENSMUSG00000037624	904.705628662294	-0.632490305958299	0.164637197870231	-3.84172176239804	0.000122174283898202	0.000647873808833697
ENSMUSG00000047139	83126.3761758046	0.232855756866075	0.0606204436119406	3.84120839426204	0.000122430118284148	0.000649070120792178
ENSMUSG00000026305	1340.50747598966	0.200159263126786	0.0521206662892802	3.84030514912956	0.000122881472343387	0.000651302144524235
ENSMUSG00000093405	13.9986912240769	-1.17715171641848	0.306538731520642	-3.84014023473968	0.000122964049680198	0.000651578941109636
ENSMUSG00000107230	89.1501463589174	-0.497910680228033	0.129671369732377	-3.83978885436045	0.000123140170367539	0.0006523511592077
ENSMUSG00000003360	3517.01006947754	0.0889673949659319	0.0231719394379417	3.8394453431143	0.000123312576704085	0.000653103323841573
ENSMUSG00000091272	117.501122051964	-0.508694093728304	0.132500022604883	-3.8392000524048	0.000123435825944324	0.000653594829728877
ENSMUSG00000127678	15.6146399731462	1.24556546818911	0.324449816401708	3.83900808452592	0.00012353236348775	0.000653944689180773
ENSMUSG00000026499	4445.00155314207	0.128633608844355	0.0335132293887721	3.83829344979362	0.000123892367764321	0.000655688749119555
ENSMUSG00000035441	3615.58773355458	0.248791527743483	0.0648216110597833	3.83809540793469	0.000123992308176381	0.00065605592489874
ENSMUSG00000039512	1466.77199246995	0.254918016044677	0.0664230944529048	3.83779193282569	0.000124145602194516	0.00065670514950899
ENSMUSG00000029449	1752.99075876659	0.186557686890289	0.0486129566587016	3.83761243324613	0.000124236356669909	0.000657023314184843
ENSMUSG00000054256	466.112619726705	0.342365025260423	0.0892295029124068	3.83690387243902	0.000124595214045925	0.000658758833672368
ENSMUSG00000056602	3910.1497874061	-0.353132170293011	0.092045941979184	-3.83647733620752	0.000124811708287175	0.000659740982539401
ENSMUSG00000073755	7613.91667490921	-0.167285026812352	0.0436170779775039	-3.83531026307245	0.000125405885957663	0.000662718549474938
ENSMUSG00000048442	463.781781199982	-0.307701497337535	0.0802384497973113	-3.83483851089861	0.000125646819242523	0.000663828358813682
ENSMUSG00000049148	1385.11161208593	-0.297644226751113	0.0776368818180069	-3.83379934615147	0.000126179081462039	0.000666476417978381
ENSMUSG00000117901	72.1445433654125	-0.638900030585716	0.166668355800044	-3.83336133316285	0.00012640406865712	0.000667500550502763
ENSMUSG00000031762	1678.97727223227	0.845251005416773	0.220507442373487	3.83320851359347	0.000126482654001844	0.000667751266798716
ENSMUSG00000060882	127.648645675569	-0.491345513115945	0.128203284338676	-3.83255012264704	0.000126821749284742	0.000669376855211769
ENSMUSG00000047227	416.683020646775	-0.34895870459398	0.0910596436228538	-3.83219932244935	0.000127002773863003	0.000670167537793317
ENSMUSG00000048720	833.022281464434	0.175945602586594	0.0459165854522032	3.83185293187239	0.000127181761878075	0.000670947087853222
ENSMUSG00000025986	3561.66058656225	0.198138782843808	0.0517209855973214	3.8309166106469	0.000127666771340324	0.000673248931077807
ENSMUSG00000039382	679.99036625582	0.195259135694339	0.0509698751889498	3.8308733339153	0.000127689230553066	0.000673248931077807
ENSMUSG00000026696	7934.24632330113	0.120242934289358	0.0313882270652116	3.83082912072555	0.000127712179602573	0.000673248931077807
ENSMUSG00000032028	477.480047772844	-0.465207225742768	0.121441330173735	-3.83071582860001	0.000127771002119464	0.000673393648783802
ENSMUSG00000069581	58.6546315146818	-0.545299551088599	0.142358076543442	-3.83047849710301	0.000127894310025913	0.000673878070450722
ENSMUSG00000022898	1963.05787326217	-0.182451446290732	0.0476431306040096	-3.82954360844156	0.000128381132504112	0.000676277151002031
ENSMUSG00000035941	1474.5798712803	0.16247122893482	0.0424422851036853	3.82805092934811	0.000129162033803788	0.00068022380216686
ENSMUSG00000022536	10005.6181388888	0.119995448649163	0.0313474392436859	3.82791869269938	0.000129231429384738	0.000680422335828498
ENSMUSG00000046753	559.795075037959	-0.216959566722559	0.0566904262703339	-3.82709358521959	0.000129665226239542	0.000682538927527714
ENSMUSG00000074406	715.410308978445	0.202911242348824	0.0530269736855343	3.82656652352344	0.000129943044612071	0.000683833634626802
ENSMUSG00000020258	275.65620091195	-0.35372243269676	0.0924543317521952	-3.82591519502667	0.000130287139937958	0.000685476408310833
ENSMUSG00000030494	251.242493553068	-0.640401514495095	0.167406440975415	-3.82542936080424	0.000130544363945784	0.000686528220115995
ENSMUSG00000020522	1480.12630153776	0.235928442060261	0.0616739179867117	3.82541680116859	0.000130551019962429	0.000686528220115995
ENSMUSG00000044617	687.103169726728	0.218182136103242	0.0570362146774554	3.82532637092205	0.000130598953184831	0.000686612081573738
ENSMUSG00000040506	3180.05376427808	0.18487520586732	0.0483353929914659	3.82484126900471	0.000130856368283758	0.000687796964147686
ENSMUSG00000030020	2714.87874672784	-0.202081555769702	0.0528454433990248	-3.82401097941079	0.00013129806402475	0.000689949630931525
ENSMUSG00000029229	765.958838990965	0.220678805448952	0.0577342324580345	3.82232162884226	0.000132201102089434	0.000694524928402296
ENSMUSG00000033597	10939.3883849633	-0.267290310963014	0.0699327268690983	-3.8221062287952	0.000132316663406989	0.000694961951723616
ENSMUSG00000025235	2812.26710571377	-0.100945883772675	0.026412367206132	-3.82191732323179	0.000132418088868997	0.000695324534163868
ENSMUSG00000021779	362.839214734886	-0.278052345720793	0.0727688504103561	-3.82103529398648	0.000132892630329789	0.000697645684191553
ENSMUSG00000025907	8754.10126252848	0.173379211624633	0.0453767805300915	3.82087952470884	0.000132976602219875	0.000697915829645928
ENSMUSG00000094626	23.4456547420118	1.07467112718327	0.281363480597	3.81951177495752	0.000133716076673124	0.00070162534878154
ENSMUSG00000020153	3644.82429185098	-0.130802496215236	0.0342468356880406	-3.81940385403006	0.000133774588783068	0.000701760831578038
ENSMUSG00000029512	4936.63629349989	0.20345819150482	0.0532707647870531	3.8193217671669	0.000133819110441808	0.000701822874357161
ENSMUSG00000039759	376.62675134544	-0.286400449291392	0.0750065533470065	-3.8183390185442	0.000134353211490643	0.000704451890048397
ENSMUSG00000089824	529.914900936779	0.285641397881377	0.0748137496213919	3.8180334407367	0.000134519694851937	0.000705152568911277
ENSMUSG00000045625	1347.33866162831	-0.276569019636265	0.0724413915210435	-3.81783140590176	0.000134629873165713	0.000705557826507617
ENSMUSG00000021303	717.269515948033	0.271939988197122	0.0712352701238437	3.8174907980885	0.000134815813819059	0.00070635983876981
ENSMUSG00000045411	1116.07810890797	0.213427270727824	0.0559102514570596	3.81731909919491	0.000134909637378956	0.000706678935084596
ENSMUSG00000022195	2311.65779818934	-0.163361289503757	0.0427977977342109	-3.81704896402115	0.000135057375237802	0.000707280218798405
ENSMUSG00000034118	2549.14162791123	0.163214308928047	0.0427627477419191	3.81674044692064	0.000135226290749106	0.000707992087126903
ENSMUSG00000032788	2513.10716087753	-0.339860719030533	0.0890466724628193	-3.81665827178932	0.000135271315828209	0.000708055124498499
ENSMUSG00000022217	3497.19812349253	-0.123180387819164	0.032279482222679	-3.81605835463557	0.000135600448297164	0.000709604881313244
ENSMUSG00000058975	4245.01449789234	-0.316641890188692	0.0830367863158334	-3.81327245715331	0.000137138785825839	0.000717371778132566
ENSMUSG00000020704	6281.41367308592	-0.180287626163302	0.0472792620283101	-3.81324958192765	0.000137151485020779	0.000717371778132566
ENSMUSG00000025899	1338.5141194047	0.190344542555466	0.0499238433095172	3.81269810049219	0.000137457975752935	0.000718799733864191
ENSMUSG00000021947	570.150082652076	-0.225572996866865	0.059191756032577	-3.81088536624454	0.000138469971136316	0.000723915343500281
ENSMUSG00000050229	1418.21054286353	0.204719896861055	0.053729696029946	3.81018155671225	0.000138864775098605	0.000725802596120442
ENSMUSG00000021518	4762.11325070219	0.130732003814766	0.0343143721554858	3.80983231231483	0.000139061078127432	0.000726651680400063
ENSMUSG00000061650	3738.12125462945	-0.117864935038718	0.0309378415299533	-3.80973362102861	0.000139116597802428	0.000726764879149894
ENSMUSG00000024063	5966.56853573593	0.203104491285825	0.0533197531266888	3.80917913860636	0.000139428915287462	0.000728170234097061
ENSMUSG00000022887	771.308084295985	-0.296478712970239	0.0778335933056572	-3.80913562355973	0.000139453453478665	0.000728170234097061
ENSMUSG00000033237	1590.44338644066	0.258687400812975	0.0679342619134153	3.80790772618803	0.000140147545559087	0.000731616540119492
ENSMUSG00000027668	3118.90756595998	0.135914688052828	0.0356943314336423	3.80773872471881	0.000140243331171749	0.000731938572072152
ENSMUSG00000054520	183.955724429528	0.603213907833383	0.158460643031051	3.80671122049645	0.000140827022082134	0.000734806236270073
ENSMUSG00000036941	1930.04397605097	-0.192954971505095	0.0506948163564603	-3.80620713069228	0.000141114214597603	0.000736125815444019
ENSMUSG00000046567	911.883848910993	-0.220831715793357	0.0580221105056742	-3.80599247198636	0.000141236678395124	0.000736585650736087
ENSMUSG00000057789	897.777283208924	0.218370399164713	0.0573776575434016	3.80584374674992	0.000141321585533026	0.000736802181629701
ENSMUSG00000019852	11473.9893776488	0.300398665563539	0.0789318155636131	3.80579951719774	0.000141346845427705	0.000736802181629701
ENSMUSG00000047067	860.48379825466	-0.165916578531311	0.0436237462921602	-3.80335465505695	0.000142749760992453	0.000743934539806748
ENSMUSG00000059742	9998.51709770735	-0.356457213349227	0.093730548838987	-3.80299931841389	0.000142954749113514	0.000744665363649598
ENSMUSG00000121476	9.69929009009457	1.937719113696	0.509524992039282	3.80299130360735	0.000142959375924718	0.000744665363649598
ENSMUSG00000024563	4558.48165356076	0.153217029579543	0.0403094089999347	3.80102396390359	0.000144099363426071	0.000750421381684628
ENSMUSG00000021483	902.933797980214	0.208148513812731	0.0547636737183083	3.80085008327598	0.000144200530346498	0.000750766088871677
ENSMUSG00000074746	10057.7138287315	0.177472852081763	0.0466995118781427	3.80031492716366	0.000144512313803987	0.000752056124044809
ENSMUSG00000031161	1593.59434081541	0.22404478536553	0.0589544294916583	3.80030452838546	0.000144518378444276	0.000752056124044809
ENSMUSG00000022577	1892.49616433803	-0.272733536291311	0.0717686631937838	-3.80017578918669	0.000144593479900302	0.000752264575748881
ENSMUSG00000127740	12.3292538281413	1.585702941319	0.417309222733183	3.79982721429778	0.000144797009487129	0.000753140926981032
ENSMUSG00000038242	365.425679679789	-0.464043299356211	0.122130893937355	-3.79955705224129	0.000144954940103797	0.000753779734561074
ENSMUSG00000031029	8485.09876930753	-0.123339243713948	0.0324625529246336	-3.79943142488817	0.000145028434246405	0.000753979261209333
ENSMUSG00000024764	468.465816106953	0.250802309822573	0.0660205119566413	3.79885436191841	0.000145366476921121	0.000755553703048134
ENSMUSG00000036815	10140.8764051398	-0.282276018484469	0.074316860666017	-3.7982769448918	0.000145705469547649	0.000757132318884008
ENSMUSG00000029913	120.764319593392	-0.423578492826528	0.111572410797938	-3.79644474648529	0.000146786060066181	0.000762562818339942
ENSMUSG00000039987	1183.20060967025	-0.218211256507073	0.0574828429237087	-3.7961110725975	0.000146983664087805	0.000763404629399667
ENSMUSG00000026031	3200.73731478477	-0.159871499884472	0.042123397105322	-3.79531355186625	0.000147456976723072	0.000765677663845543
ENSMUSG00000030446	181.018884854741	-0.393872157841702	0.103841490741536	-3.79301332279656	0.000148830168093707	0.000772579660218902
ENSMUSG00000020898	1565.19353040387	0.187094073149546	0.0493265803875882	3.79296662528471	0.000148858169880992	0.000772579660218902
ENSMUSG00000009551	375.878521960776	-0.256875357524025	0.0677339035635711	-3.79241921710501	0.000149186788884458	0.000774098044523511
ENSMUSG00000063594	810.617318133302	-0.300751462346612	0.0793261179369554	-3.79132964234598	0.000149842914011023	0.000777314642861435
ENSMUSG00000027374	2265.4523249334	-0.156578073371394	0.0413161153849519	-3.78975786838912	0.000150794199761446	0.000782060471630635
ENSMUSG00000097305	120.70264848793	-0.51743744119337	0.136554656763836	-3.78923321588549	0.000151112999138607	0.000783524550606118
ENSMUSG00000035529	3228.69099409574	0.198108801931866	0.052284349148495	3.78906508655598	0.000151215295264144	0.000783865618966463
ENSMUSG00000009013	13627.3484404061	0.134376826435224	0.0354773765890705	3.78767652387863	0.000152062644360616	0.000788067774950504
ENSMUSG00000118443	14.8038696338953	-1.32074422734409	0.348738198961041	-3.78720837372804	0.000152349331918925	0.000789362963787507
ENSMUSG00000038984	1314.86409394343	0.265273582087122	0.0700509574064324	3.78686590317413	0.000152559377493204	0.000790260520576524
ENSMUSG00000021185	707.11299677291	-0.193227492900892	0.0510293165145911	-3.78659770694052	0.000152724059109588	0.000790922714800101
ENSMUSG00000062373	10343.2428330217	0.135434624023022	0.0357931626616267	3.78381271594697	0.000154444057967137	0.000799637276488801
ENSMUSG00000025982	7991.66965090144	0.160992767608206	0.0425831891670577	3.78066487638155	0.000156410096516184	0.000809621203717484
ENSMUSG00000036395	659.66931203663	-0.306518711968686	0.0810883536853718	-3.78005839356412	0.000156791582260181	0.000811400218128508
ENSMUSG00000022722	1970.44782086581	-0.182504482753189	0.0482852628166171	-3.77971397704355	0.000157008614507056	0.000812327529286203
ENSMUSG00000029499	261.361347017781	-0.313424375440681	0.0829531435193777	-3.77833029760308	0.000157883385666263	0.000816656567882408
ENSMUSG00000029291	44003.9401591892	0.17260280387949	0.0456846080849615	3.778139095743	0.000158004624806893	0.000817086792605339
ENSMUSG00000045733	3252.54627789312	-0.206663121678733	0.0547193717983124	-3.77678169333638	0.000158867862073924	0.000821352968997794
ENSMUSG00000063810	287.142733308246	0.369783208080063	0.0979523925988802	3.77513196226194	0.000159922980208458	0.000826608883495005
ENSMUSG00000071658	25650.8844714323	0.122656687505067	0.0324958592262398	3.7745328305098	0.000160307796417629	0.00082839844918171
ENSMUSG00000005102	691.157404033245	0.182065913294866	0.0482390565080566	3.77424283297203	0.000160494371669508	0.000829162980086079
ENSMUSG00000070697	2297.31701430302	0.169154261333319	0.0448192081322906	3.77414658541122	0.000160556339458068	0.000829283537730243
ENSMUSG00000021764	3867.07466964485	-0.155242532340507	0.0411354814859806	-3.77393254515364	0.000160694227318367	0.000829796074961765
ENSMUSG00000031627	1603.34722574305	-0.164203287653431	0.0435152748645036	-3.77346318424328	0.000160996986668227	0.000831159527614275
ENSMUSG00000041096	2744.08655861494	0.129438585595583	0.0343046642509563	3.7732066009646	0.000161162721504925	0.000831815094932606
ENSMUSG00000050552	2466.57442104321	-0.207997324755187	0.0551271885994092	-3.77304430063782	0.000161267639033049	0.000832156523914284
ENSMUSG00000026274	183.534939812396	0.348830729923171	0.0924553931301744	3.77296248615836	0.000161320551599685	0.000832229502676964
ENSMUSG00000036435	3462.87821931613	0.200512465682671	0.053148424718901	3.77268878133586	0.000161497685788076	0.000832943133860365
ENSMUSG00000035473	1027.26850632653	-0.275707867472052	0.0731130008669782	-3.77098278285246	0.000162605892913172	0.000838457385845338
ENSMUSG00000011960	2076.92411739468	0.208621619875049	0.0553279409886185	3.77063769493907	0.000162830928436018	0.000839416116668484
ENSMUSG00000028937	31428.0654065675	0.140616812209804	0.0372978411430764	3.77010593375609	0.000163178269349485	0.000841004737060276
ENSMUSG00000015217	1253.35771740884	0.156453969869925	0.0415016702597147	3.76982345266699	0.000163363066489565	0.000841755061273404
ENSMUSG00000024479	11671.7920038524	-0.235387509618428	0.0624614170569132	-3.76852656743201	0.000164214009721686	0.000845936628914259
ENSMUSG00000038729	13.2978298797549	1.66823771789808	0.442738413713716	3.76799858838722	0.000164561632960655	0.000847511952126014
ENSMUSG00000057715	3677.67056446201	-0.22069413205623	0.0585715274297066	-3.76794223645766	0.000164598776130315	0.000847511952126014
ENSMUSG00000028618	14053.9326938649	-0.088897859199872	0.0235988652437614	-3.76703957082738	0.000165194825034075	0.000850377005798912
ENSMUSG00000039270	11151.0619284806	-0.231187434858059	0.0613776918878547	-3.76663617915886	0.000165461848942667	0.000851547362599684
ENSMUSG00000020178	304.391534096741	-0.494826958769445	0.131395380771061	-3.76593877094975	0.000165924454344277	0.000853723474821248
ENSMUSG00000138531	104.048607355691	-0.51704524517347	0.137306728004373	-3.76562206883994	0.000166134930950239	0.000854601588252537
ENSMUSG00000019775	4221.02317826275	0.160332562455766	0.0425948796201819	3.76412761077035	0.000167131524284622	0.000859488357565882
ENSMUSG00000030882	37.3529148726377	0.735109564022206	0.195296072638487	3.7640775571712	0.000167165000132188	0.000859488357565882
ENSMUSG00000111117	15.8103765862649	-1.08461176678022	0.288243412235696	-3.7628328028997	0.000167999523501956	0.000863572263288552
ENSMUSG00000026504	713.168736615207	-0.201380556378595	0.0535275180676805	-3.76218744392311	0.000168433734095547	0.000865596968181713
ENSMUSG00000039741	799.19879178899	-0.277229541672492	0.0736956535620076	-3.76181671880053	0.000168683642645327	0.000866673784831163
ENSMUSG00000022412	2441.37971878708	0.161383005476195	0.0429016278361051	3.76169888221301	0.000168763150186308	0.000866874798253
ENSMUSG00000034042	1557.97476955225	-0.164231731175947	0.0436629603208352	-3.76135126819558	0.000168997900220973	0.000867872948838134
ENSMUSG00000042761	260.119054544324	-0.791195031783493	0.210387022709771	-3.76066461511245	0.000169462512387485	0.00087005077515182
ENSMUSG00000066979	4203.15217616233	0.104433916628644	0.0277710765677838	3.76052820184126	0.000169554957057134	0.000870317242512776
ENSMUSG00000094870	1478.71276609065	0.171488561731432	0.0456226267119809	3.75884893287825	0.00017069685868303	0.000875822900866671
ENSMUSG00000034449	317.623788769308	-0.322893477519833	0.085902634939643	-3.758830887396	0.000170709168789069	0.000875822900866671
ENSMUSG00000020374	712.892023245511	0.305435478479809	0.0812619121326479	3.75865482935266	0.000170829314316664	0.000876156473430851
ENSMUSG00000118668	1821.08371371109	-0.12990025497153	0.034560661355519	-3.7586160066577	0.000170855818400333	0.000876156473430851
ENSMUSG00000034126	1550.33839631942	0.126141467922612	0.03356475000967	3.75815305897618	0.000171172168953478	0.000877569089743338
ENSMUSG00000032294	82985.5579661962	0.160112185405969	0.0426145122268329	3.75722205979285	0.000171810026452911	0.00088062894647521
ENSMUSG00000050875	1323.2459959701	-0.335049018182867	0.0891762941673667	-3.75715341516709	0.000171857145481619	0.000880660177824884
ENSMUSG00000097527	109.842834235503	-0.474330413296467	0.126259291557916	-3.7567960935286	0.000172102614482031	0.000881642584420916
ENSMUSG00000039148	3310.89112443885	0.156878320533397	0.0417589991275885	3.75675480281696	0.000172131001178983	0.000881642584420916
ENSMUSG00000025185	306.155252519431	0.383728229262463	0.102230678833297	3.75355258951367	0.00017434593408209	0.000892774289362151
ENSMUSG00000049641	26.0988695711363	-1.72800351962536	0.460423552062907	-3.75307369026435	0.000174679477994541	0.000894268942196712
ENSMUSG00000021250	347.755534263162	0.73472597811969	0.195907105344104	3.75037943023644	0.000176567189749952	0.00090371752388471
ENSMUSG00000011831	9449.28859184673	-0.148351350651053	0.0395604298793169	-3.74999339247863	0.000176839230026347	0.00090489413867594
ENSMUSG00000018001	4013.19644796273	0.141863051664893	0.0378347234706772	3.74954641269785	0.000177154708431853	0.000906292414489549
ENSMUSG00000041491	673.815310952727	0.235156977193541	0.0627316701572354	3.74861655371403	0.000177812699500119	0.000909441841188836
ENSMUSG00000024312	626.882914067523	0.223550541798257	0.0596371331808146	3.74851254369439	0.000177886442279339	0.000909602279649426
ENSMUSG00000021219	1848.95698280312	-0.408337519477449	0.108935355055932	-3.74843887246514	0.0001779386923482	0.000909652767312805
ENSMUSG00000025504	182.404442604471	-0.496386510276544	0.132446088332226	-3.74783820743285	0.000178365242646947	0.000911616261585563
ENSMUSG00000031432	3570.59947623393	0.102781110538061	0.0274296737012199	3.74707740447856	0.00017890689188602	0.000914166946256914
ENSMUSG00000037190	1311.9929477736	-0.182685668567675	0.0487621372877315	-3.74646557204206	0.000179343604037384	0.000916180343709301
ENSMUSG00000018012	1766.40641923251	-0.20081609878042	0.0536149781230053	-3.74552234861872	0.000180018819751881	0.000919410893360429
ENSMUSG00000026987	1462.61955426443	0.207307543250673	0.0553514175704443	3.74529781440264	0.000180179906611478	0.000920014718202185
ENSMUSG00000030802	1921.99573363261	-0.133506550875225	0.0356472860211727	-3.74520940516843	0.000180243370943859	0.000920119905037069
ENSMUSG00000056228	632.50429454978	-0.235641836700665	0.0629257349031919	-3.74476097995817	0.000180565595570799	0.000921545666790957
ENSMUSG00000025666	6790.74371157455	-0.199730592993982	0.0533459059522532	-3.74406600522915	0.00018106605346633	0.00092388017677876
ENSMUSG00000025486	1789.3032615491	-0.187188154363381	0.0500375455631748	-3.74095396280073	0.000183323101827169	0.000935174359273293
ENSMUSG00000042210	1275.17383764517	-0.2066916219634	0.0552543525160694	-3.74073014254015	0.000183486445702561	0.000935785232466423
ENSMUSG00000048787	1471.82165055533	0.206151947473701	0.0551173337259619	3.74023802563943	0.000183846073556288	0.000937396630631657
ENSMUSG00000001229	4256.99500829963	0.173973377533376	0.0465167588500939	3.74001503617282	0.000184009247252612	0.000937978298008242
ENSMUSG00000022760	1265.61028621983	0.122684353777488	0.0328036300723377	3.73996272689783	0.000184047544545361	0.000937978298008242
ENSMUSG00000058979	529.74487153186	0.318821389380753	0.0852870091238032	3.73821749239617	0.00018532959034272	0.000944287915095379
ENSMUSG00000057778	1487.35639525212	-0.178192854158443	0.0476780182869959	-3.73742157414803	0.000185917053371491	0.000946915406439591
ENSMUSG00000045996	806.74980176099	-0.275174762459117	0.0736273376605415	-3.73739933022988	0.000185933496605929	0.000946915406439591
ENSMUSG00000022021	840.373644483447	-0.265641236689515	0.0710786481481872	-3.73728600093374	0.000186017293549956	0.00094711746284235
ENSMUSG00000020536	1826.78986090968	0.126615376519731	0.0338797620021034	3.73719793285059	0.000186082436582855	0.00094722446850547
ENSMUSG00000017314	1248.48713342418	-0.272376497075501	0.0728852170540618	-3.73706093066127	0.000186183818287542	0.000947515847169364
ENSMUSG00000000686	146.055634254009	-0.460656004201119	0.123300237262246	-3.73605123906904	0.000186932593632273	0.000951100984809283
ENSMUSG00000022774	2733.45129728791	-0.128700363433607	0.0344515566801368	-3.73569080284288	0.000187200573777038	0.000952238748032677
ENSMUSG00000097779	6.83057041009652	2.24466183872884	0.60088205301333	3.73561138574902	0.000187259667990793	0.000952313677585969
ENSMUSG00000038766	766.945996254399	-0.263103247890426	0.0704337136368984	-3.73547317477511	0.000187362552510051	0.000952611215580473
ENSMUSG00000140686	6.12621470248239	2.58318508120013	0.691622301194915	3.73496498990441	0.00018774130334801	0.000954310873234287
ENSMUSG00000057181	6542.92116812817	-0.154906549862939	0.0414821935666497	-3.73429022296157	0.000188245320275597	0.000956434969518681
ENSMUSG00000006705	1035.2272096532	0.236198203947216	0.0632512313761717	3.73428625511625	0.000188248287814051	0.000956434969518681
ENSMUSG00000020829	368.525239317051	-0.312910953409177	0.0837979961380065	-3.73411021540235	0.000188379991596654	0.000956877638337383
ENSMUSG00000039579	1715.75828153699	-0.34405624443067	0.0921417913999606	-3.73398692605424	0.000188472281854455	0.000957111580571099
ENSMUSG00000041133	6053.23695415836	0.194541779297839	0.0521010841360495	3.73392958176916	0.000188515222335536	0.000957111580571099
ENSMUSG00000040705	35.6491810595754	-1.63224735789663	0.437147638490039	-3.73385834482512	0.000188568578708445	0.000957156091405881
ENSMUSG00000043252	3373.23091519313	-0.26398537404231	0.0707059185521654	-3.73356827049134	0.000188785990595902	0.000958033114451922
ENSMUSG00000001018	4712.81623994773	-0.112547736542309	0.0301539831416716	-3.73243349024668	0.000189638778720475	0.000962133307495563
ENSMUSG00000015127	1156.01490675392	-0.212435796952421	0.0569217634742899	-3.73206633080461	0.000189915473633571	0.000963309441639469
ENSMUSG00000015852	621.346531883144	0.78434364362563	0.210176702757851	3.73182961448057	0.000190094066477576	0.000963987533902115
ENSMUSG00000115867	39.3242409328912	-0.754355819429907	0.202232167256241	-3.73014753124853	0.000191367683152041	0.000970196619728209
ENSMUSG00000028970	185.343989714081	0.376359003053736	0.100898012713867	3.73009331829992	0.000191408864462357	0.000970196619728209
ENSMUSG00000041923	324.001301059553	-0.312662001806143	0.0838465227240649	-3.72897994631333	0.000192256449660044	0.000974262735694644
ENSMUSG00000116180	399.619855405624	0.285915006307773	0.076675979307549	3.72887322587641	0.000192337878529069	0.00097444533880222
ENSMUSG00000021619	899.481593576475	-0.199306662580309	0.0534648311965583	-3.72780869442153	0.00019315190379991	0.000978338548128568
ENSMUSG00000009292	1733.43049979875	-0.253799733333666	0.068084234670151	-3.72773131053399	0.000193211203717805	0.00097840804411569
ENSMUSG00000045374	1698.08032324909	0.228721884310292	0.0613586598257789	3.72762190308137	0.000193295072754953	0.000978601894282505
ENSMUSG00000041025	606.990010836105	0.257498454744602	0.0690876953687413	3.72712468363951	0.000193676660065868	0.0009803025666055
ENSMUSG00000021311	1880.67593197579	0.257676400717785	0.0691388738745339	3.7269395099693	0.00019381895102398	0.000980791514069013
ENSMUSG00000055334	887.673014039348	0.163412017312648	0.0438515797394184	3.72647959967918	0.000194172779914402	0.000982350434513919
ENSMUSG00000035385	142.967108170689	1.17408247580308	0.31512515987578	3.72576558554035	0.000194723304808968	0.000984903501656291
ENSMUSG00000049658	1742.60072346201	0.275405735892997	0.0739225124965827	3.72560031567824	0.000194850941373098	0.000985316915786791
ENSMUSG00000001120	20606.5463903777	0.130826456581959	0.0351168904426181	3.72545675123862	0.000194961878820056	0.000985645711434602
ENSMUSG00000021287	58.450134190113	-0.560770431978767	0.15053470791526	-3.72519028830508	0.000195167941717328	0.000986455153497567
ENSMUSG00000097617	333.798434747516	-0.264763383038866	0.0710751052015305	-3.72512122617533	0.000195221382691139	0.00098649298513371
ENSMUSG00000052428	2675.96425250829	-0.127471825661397	0.0342303391637546	-3.72394281726466	0.000196135369105591	0.000990878285060158
ENSMUSG00000017764	1080.39830641269	-0.164739548321155	0.0442454951637408	-3.72330669396959	0.000196630422630402	0.000993145565219813
ENSMUSG00000038422	194.296106093208	-0.365369906132961	0.0981324827461237	-3.72323104346806	0.000196689374566231	0.000993209624662132
ENSMUSG00000062563	312.082119151757	-0.679257509404023	0.182486182687696	-3.72224077132729	0.000197462594036669	0.000996879596329053
ENSMUSG00000042254	181.876284565937	-0.726982795442437	0.195416312150544	-3.72017457213289	0.000199085119275718	0.00100483450984542
ENSMUSG00000061969	16.4473576358231	-1.29082187411606	0.346991856296309	-3.72003506910487	0.000199195117069142	0.0010051533575473
ENSMUSG00000024683	1196.86281248445	-0.163411312643836	0.0439310663233153	-3.71972106120059	0.000199442920478526	0.00100616726932833
ENSMUSG00000058488	157.009770169806	-1.13446074414414	0.305047550425433	-3.71896362571005	0.00020004185295937	0.00100895169540081
ENSMUSG00000028261	1393.62362658901	0.139883732924237	0.0376177356669302	3.71855802706405	0.000200363269233236	0.0010103354327838
ENSMUSG00000018567	14017.9421745643	0.13358394518155	0.035928354597153	3.71806465059035	0.000200754899019665	0.001012072489985
ENSMUSG00000037375	196.133416952529	-0.383092507648115	0.103140774617506	-3.71426828108283	0.000203792506629896	0.001027144857318
ENSMUSG00000036885	692.640817132129	0.333806671407347	0.0898747863519615	3.71413034685964	0.000203903681302609	0.0010274639490239
ENSMUSG00000064181	2079.43842509142	-0.164307010460157	0.0442424226643284	-3.71378872506079	0.000204179273036355	0.00102861118868773
ENSMUSG00000113123	10.2029675408209	1.4292225802116	0.384888490998047	3.71334195134158	0.000204540220536075	0.00103018779306133
ENSMUSG00000071054	2995.24929917272	0.23534341075973	0.0633815700385748	3.7131205588075	0.000204719305092019	0.00103084790126795
ENSMUSG00000021226	324.865432207312	0.341896365623296	0.0920845981341945	3.71285071065904	0.000204937784592529	0.00103170602346699
ENSMUSG00000032463	1088.41092286052	-0.185160039947423	0.0498738449066921	-3.71256798616259	0.000205166924216335	0.00103261739630196
ENSMUSG00000023959	317.88968312594	-0.462329741553181	0.124541324180114	-3.71225972260061	0.000205417036712582	0.00103363387484113
ENSMUSG00000033569	1089.15203807728	-0.233892352645998	0.0630377088326206	-3.71035618167904	0.000206967848134187	0.00104119330397198
ENSMUSG00000056234	3744.4267747214	-0.14648370610301	0.0394832618896325	-3.71002037553218	0.000207242567339539	0.00104233105682065
ENSMUSG00000079057	790.554876388333	-0.332623953415078	0.0896798336158618	-3.70901617458227	0.000208066137690801	0.00104622808893669
ENSMUSG00000031197	5339.60578127872	-0.119582345151921	0.032246688540377	-3.70836047249282	0.000208605553202766	0.00104869480211957
ENSMUSG00000038195	150.33213401567	-0.508187705396439	0.137082978080734	-3.7071539625959	0.00020960152605001	0.00105345501245364
ENSMUSG00000029735	573.94251721498	-0.236816706698233	0.063899893017164	-3.70605795278284	0.000210510150735933	0.00105777408607152
ENSMUSG00000037773	1088.24273570376	0.172705342842671	0.0466084761464155	3.70544924704546	0.0002110163823057	0.00106006966126238
ENSMUSG00000061904	20986.8908367106	0.0865611437602354	0.0233641432197202	3.70487130412616	0.000211498087779866	0.00106196316457215
ENSMUSG00000099696	987.703712220786	-0.397761169291108	0.10736247498396	-3.70484351586097	0.000211521274820493	0.00106196316457215
ENSMUSG00000026737	6108.48866015742	-0.180275286500253	0.0486596742069707	-3.70481901982048	0.000211541716747903	0.00106196316457215
ENSMUSG00000143578	16.2340832237225	-1.16057058164483	0.313267457318346	-3.70472755638145	0.000211618059316356	0.00106209802695462
ENSMUSG00000029605	73.9283031475926	0.776023396368613	0.209491896936758	3.70431223219522	0.000211965047102569	0.00106359086047306
ENSMUSG00000037613	125.458364226895	0.427699528188298	0.11547912628781	3.70369556765037	0.000212481232950567	0.00106593179399787
ENSMUSG00000032358	8.11858850576884	2.58327322406709	0.69757616276479	3.70321315715331	0.000212885862658587	0.00106771213267038
ENSMUSG00000029017	2153.26686386852	-0.147244066196041	0.0397644544118236	-3.70290673854335	0.000213143251942143	0.00106875333945107
ENSMUSG00000074971	263.56970064789	-1.08650043526021	0.29342473180311	-3.70282500927449	0.0002132119532527	0.00106884815238731
ENSMUSG00000112739	141.887243036052	0.525984262556352	0.142068535564653	3.70232761579348	0.000213630508882367	0.00107069635854982
ENSMUSG00000024067	1706.0387751252	-0.145919471477741	0.0394142349903919	-3.70220230110549	0.000213736082562702	0.00107097543144047
ENSMUSG00000026981	67.2730540756897	1.45554013280528	0.393182459221726	3.70194574724011	0.000213952373961071	0.00107180902204162
ENSMUSG00000042567	6.6941063857689	3.10604761057395	0.839183525802107	3.70127333899355	0.000214520233005436	0.0010744030148611
ENSMUSG00000021596	2470.30674964764	-0.219390184537645	0.0592886361660704	-3.70037495757403	0.000215281138669078	0.0010779624265618
ENSMUSG00000047030	2677.0745080777	0.2036616959776	0.055071858095102	3.69810830834693	0.000217212209998232	0.0010873781016376
ENSMUSG00000015656	150020.02166778	0.162615519084013	0.043981096223896	3.69739576876804	0.000217822610062364	0.00109017956344106
ENSMUSG00000132590	127.99037012551	0.432014719831597	0.116848974896679	3.69720590371972	0.000217985530302429	0.00109074065115896
ENSMUSG00000029101	1399.73929764646	0.207522578075522	0.056145786156968	3.6961380769582	0.000218903949036582	0.00109508090655308
ENSMUSG00000046201	2684.68474205758	0.172717955012045	0.0467498403720856	3.69451432640989	0.000220307472837431	0.00110184534294695
ENSMUSG00000039834	1087.57103587404	0.193529184345743	0.0523876077224389	3.69417869529572	0.000220598634483271	0.00110304455807545
ENSMUSG00000030471	1764.00816029565	0.184532030747116	0.0499575210802407	3.69377876958156	0.000220946043701376	0.00110452440011498
ENSMUSG00000085881	73.7900216754922	-0.552970356541493	0.149725227539174	-3.69323437091999	0.000221419779842518	0.00110663492295681
ENSMUSG00000026213	1869.31874908783	0.166892067177732	0.0451913358236103	3.69301026703749	0.000221615072145688	0.00110735315146167
ENSMUSG00000050830	359.643639652	-0.27337435511394	0.0740320757320173	-3.69264744248838	0.000221931593560935	0.00110867665519642
ENSMUSG00000020846	1010.92005658816	-0.237140628066452	0.0642224466996257	-3.6924882226238	0.000222070627960839	0.00110911309907105
ENSMUSG00000034656	5629.36086512129	0.302639614835985	0.0819622370799376	3.69242745949968	0.000222123709253805	0.0011091201541852
ENSMUSG00000079426	6171.20063358556	0.0951203338104672	0.0257638714032454	3.69200468057318	0.000222493369258352	0.0011107075963953
ENSMUSG00000070691	564.037980655579	-0.394679916915728	0.106914766944351	-3.69153792498242	0.000222902151306903	0.00111248955590653
ENSMUSG00000033849	450.528003013085	-0.458793035767935	0.124294115881721	-3.69118869797927	0.000223208463429753	0.00111375938539821
ENSMUSG00000025825	7586.92358135136	-0.123056973339445	0.0333410062126141	-3.6908596145754	0.000223497468880317	0.00111473262387996
ENSMUSG00000048109	606.993918173041	0.29272346130867	0.0793106174477169	3.69084834702792	0.000223507370408057	0.00111473262387996
ENSMUSG00000004667	2069.44714342061	-0.140723530690889	0.0381292995568193	-3.690692782887	0.000223644116845023	0.0011151555429025
ENSMUSG00000044647	4810.64368524351	-0.287417464134213	0.0778789852719293	-3.69056508800982	0.00022375642389204	0.00111545643178508
ENSMUSG00000051557	790.933711742144	-0.188137118697087	0.0509867216396467	-3.689923820299	0.000224321216778977	0.00111801236112782
ENSMUSG00000125199	163.970019766279	-0.46356096948782	0.125645793199927	-3.68942690146579	0.000224759795193836	0.00111993819954292
ENSMUSG00000026088	370.328268130679	-0.239528244038846	0.0649259735626893	-3.68925147972667	0.00022491481379596	0.00112045054373267
ENSMUSG00000000958	5706.66198094849	0.268110032581627	0.0726774189494569	3.68904174717711	0.000225100284275079	0.00112111431606702
ENSMUSG00000037415	2282.17832186715	0.166191561375764	0.0450514871755029	3.6889250898277	0.000225203508710555	0.00112136824819781
ENSMUSG00000026127	1202.06096518257	0.194292584351133	0.0526858443051677	3.68775687119578	0.000226239662005036	0.0011262663693414
ENSMUSG00000039166	603.816077058912	-0.249013598767036	0.0675281612320021	-3.68755189278021	0.000226421928743773	0.00112691238637001
ENSMUSG00000003549	940.468756146211	0.16318709049527	0.0442605061880496	3.68696846353128	0.000226941468578068	0.00112923633854817
ENSMUSG00000024074	1814.79784978105	-0.444506369457352	0.12057555642234	-3.68653799034011	0.00022732551920837	0.00113088519011051
ENSMUSG00000004864	95.7402430778977	0.490080253440118	0.132943753580719	3.68637292268537	0.000227472947580151	0.00113111697881031
ENSMUSG00000060038	2532.56919196616	0.111090217917029	0.0301354132570274	3.68636782809419	0.000227477499185881	0.00113111697881031
ENSMUSG00000021972	16516.9987235248	0.278444455983015	0.0755352711835517	3.68628392564304	0.000227552471546679	0.00113122773372418
ENSMUSG00000071379	8188.48565111642	0.123262033536566	0.0334415999365683	3.68588924484379	0.000227905456060625	0.00113272019444255
ENSMUSG00000038876	3127.69352270696	-0.0938215634141472	0.0254576275131655	-3.68540090256357	0.000228342918478716	0.00113463173334817
ENSMUSG00000071302	847.055105475433	-0.248281740435676	0.0673805257967113	-3.68477000587304	0.000228909249561021	0.00113718258529898
ENSMUSG00000025732	143.74859545297	-0.452556836058502	0.122831067536303	-3.68438413127646	0.000229256283421074	0.00113864307725978
ENSMUSG00000051989	319.329360692896	-0.304250145331186	0.0825999384451493	-3.68341854798383	0.000230126839554883	0.00114270246076454
ENSMUSG00000038708	6098.31048302337	0.17524227406422	0.0475798064122131	3.68312288927763	0.000230394021040325	0.00114376458271314
ENSMUSG00000042390	3381.17963806787	0.192300749847579	0.0522231935673871	3.68228629295602	0.000231151616388866	0.00114726025373489
ENSMUSG00000031379	2041.39562617089	-0.112251232658212	0.0304899577484056	-3.68158045952301	0.000231792614668182	0.00115017574351992
ENSMUSG00000143596	15.1573924959698	-1.13003068472868	0.306970015825457	-3.68124124986598	0.00023210125894916	0.0011514410965109
ENSMUSG00000049001	960.083146950812	0.286078649161019	0.0777236118432073	3.68071738274501	0.000232578679505787	0.00115354296078356
ENSMUSG00000051853	28097.2819948529	0.152447392419293	0.0414197027153612	3.68055254927639	0.000232729089182184	0.0011540223211792
ENSMUSG00000059981	5386.04430968329	0.144432180577627	0.0392434623769448	3.68041380218479	0.000232855765926834	0.00115413240182976
ENSMUSG00000034063	81.227075194649	0.54493524930765	0.148063716138717	3.68041045786745	0.000232858820102707	0.00115413240182976
ENSMUSG00000125200	46.3618738239077	-0.665238322421993	0.180760403089263	-3.68022150345331	0.000233031442559176	0.00115472136333686
ENSMUSG00000003809	897.51082868306	-0.203075671301056	0.0551830225219746	-3.68003893262983	0.000233198347244762	0.00115528172673807
ENSMUSG00000106445	4.49479379614532	2.78902541455913	0.758107984826409	3.67892895257892	0.000234215498233708	0.00116005304224383
ENSMUSG00000024590	350.747355640305	0.419387137503165	0.114015585604377	3.67833165334428	0.000234764566004556	0.00116250430769407
ENSMUSG00000131701	56.9091530980196	-0.710791620956868	0.193274215562191	-3.67763293665085	0.000235408394679117	0.00116542357015266
ENSMUSG00000113216	222.539826309465	-0.420242329476857	0.114284098061704	-3.67717238534763	0.000235833672702874	0.00116725976902003
ENSMUSG00000038991	5536.13211924205	-0.192932381768863	0.0524698795825889	-3.67701209348465	0.000235981856973078	0.00116772396076166
ENSMUSG00000055639	442.784829494364	-0.356470506330674	0.0969476606401617	-3.67693767932964	0.000236050679970286	0.00116779532063659
ENSMUSG00000003033	8984.6693058619	0.125588448547043	0.0341584503330671	3.67664362178242	0.000236322827610642	0.00116887230817743
ENSMUSG00000048142	27900.0120789909	-0.214246049277881	0.0582767529342649	-3.6763552959024	0.000236589956481021	0.00116992398199069
ENSMUSG00000031266	1962.88373291936	0.135565779067422	0.036880325489341	3.67582924685963	0.00023707806185966	0.00117206763608463
ENSMUSG00000032875	10255.9464727742	-0.151984616303067	0.0413498322496028	-3.67557999717221	0.000237309663048605	0.0011729424883724
ENSMUSG00000002265	9666.87622699943	-0.286169097917749	0.0778665625167078	-3.67512175532785	0.000237736012403972	0.00117477929149716
ENSMUSG00000041164	7772.57704172013	0.18114771386724	0.0493086822193937	3.67374883516949	0.000239017687014774	0.00118084089055446
ENSMUSG00000042678	169.936650072284	-0.367539107057941	0.100065423410993	-3.67298807649439	0.000239730673534295	0.00118409080489811
ENSMUSG00000071646	1985.83967481316	0.156360418584959	0.0425765014532887	3.67245812238715	0.000240228527604608	0.00118627687452508
ENSMUSG00000102923	43.6354960795074	-0.641668269819317	0.174738051951818	-3.67217250422507	0.000240497247595067	0.00118733070765311
ENSMUSG00000027506	19900.3634511882	0.104730754225223	0.0285234739430227	3.67173908880907	0.000240905559353587	0.00118901070752777
ENSMUSG00000087620	1421.98527473306	0.21361578061055	0.058179084537562	3.67169374197756	0.000240948317234036	0.00118901070752777
ENSMUSG00000048485	40.1386369416991	-0.738399249444788	0.201139052860601	-3.67108842834481	0.000241519754434476	0.00119155666483348
ENSMUSG00000108181	75.7582002030284	0.582238405315706	0.158622183281113	3.67059886121889	0.000241982852623479	0.0011935670759227
ENSMUSG00000064310	6.84674357472465	1.79678914139747	0.489539723213784	3.67036433652761	0.000242204992497525	0.00119438832275485
ENSMUSG00000026014	7755.72600121383	0.310757672525449	0.0846854947272627	3.66955018124736	0.000242977639464708	0.00119792329093923
ENSMUSG00000003581	960.9826627347	0.149613254324155	0.0407723620831919	3.66947723114213	0.000243046983090337	0.00119799002044022
ENSMUSG00000068114	399.050161364681	0.315794501068218	0.0860644937043441	3.66927739275457	0.000243237037043535	0.00119865156959975
ENSMUSG00000014355	4497.9610366197	0.180024551754383	0.049073616094407	3.66845906378806	0.00024401675452523	0.00120215743391185
ENSMUSG00000031480	238.127177051094	0.285751523151191	0.0778951288686051	3.66841325384033	0.000244060472234596	0.00120215743391185
ENSMUSG00000000884	210.350041102692	-0.319379674485021	0.0870728258192803	-3.66796037087269	0.000244493066618016	0.00120401196788766
ENSMUSG00000053334	1047.65540210185	-0.209968546350084	0.057261836490224	-3.66681474468481	0.000245590583484762	0.00120913932685411
ENSMUSG00000034532	346.749299131949	-0.291563817819966	0.0795196217657194	-3.66656444467217	0.000245830986781443	0.00121004539377447
ENSMUSG00000110523	55.8364448751549	-0.874863722109202	0.238623248438704	-3.66629709315155	0.000246088011181161	0.00121103283998505
ENSMUSG00000111080	4428.30318393618	-0.160175878669985	0.0436960072679803	-3.66568683696095	0.000246675639377665	0.00121364640726128
ENSMUSG00000018651	722.542018121402	-0.192002169779992	0.0523801092926929	-3.66555496681212	0.000246802792666149	0.00121399375512639
ENSMUSG00000026489	1438.73332715367	-0.25887976900529	0.0706453375523397	-3.66449900269061	0.000247823205529456	0.00121873377546284
ENSMUSG00000049038	602.203208581002	-0.236789221480748	0.0646321560317416	-3.66364416753262	0.000248652157873099	0.00122253028421987
ENSMUSG00000029816	475.177487059354	0.429307307056148	0.117187609250063	3.66341893826046	0.00024887100011286	0.00122332605642836
ENSMUSG00000040972	1428.21346990996	-0.307034414513909	0.0838127723664788	-3.66333681424322	0.000248950840198748	0.00122343835524412
ENSMUSG00000001123	6566.08508812562	0.19399394876886	0.0529664074592542	3.66258460927513	0.000249683244350805	0.00122675681465653
ENSMUSG00000032115	4791.83970177704	0.198662550081461	0.0542426866331716	3.66247622329184	0.000249788943641531	0.00122699530073435
ENSMUSG00000036131	202.314186604401	-0.409511944153265	0.111819566377423	-3.66225659265255	0.000250003258732803	0.00122776709035881
ENSMUSG00000002458	735.937293779511	0.270256894229197	0.0738174051133879	3.66115408437978	0.000251081692090912	0.00123278124483612
ENSMUSG00000027466	3522.84612870937	-0.125282880590559	0.0342206304180845	-3.66103368231202	0.000251199728889625	0.00123307875150805
ENSMUSG00000021678	35.3022855242117	1.03867684289241	0.283778316741592	3.66016986364122	0.000252048105384207	0.00123696036355221
ENSMUSG00000031517	2785.96699531572	-0.200861451934401	0.0548857738469932	-3.65962685511821	0.000252582781458056	0.0012393010255494
ENSMUSG00000022354	2230.09805576302	-0.178698075721625	0.0488573735632226	-3.6575456822374	0.000254641885667855	0.0012491185369621
ENSMUSG00000086454	79.7595983093922	0.573671823619307	0.156864123284249	3.65712574429636	0.000255059274691964	0.00125063435870359
ENSMUSG00000045690	134.135965605097	0.390125479746404	0.106675673869499	3.65711755637619	0.000255067419286515	0.00125063435870359
ENSMUSG00000027332	1702.27566343431	-0.14576131719001	0.0398582004759613	-3.65699694038921	0.000255187425307023	0.00125079423779808
ENSMUSG00000037486	1244.34979029691	0.171103480442336	0.0467883493298255	3.65696766167522	0.000255216563940911	0.00125079423779808
ENSMUSG00000129893	5.07649643453118	2.8634178433886	0.783060664398965	3.65669988746837	0.000255483201811938	0.00125181520431296
ENSMUSG00000120162	417.22040109315	-0.240017736659198	0.0656507597707006	-3.65597804956884	0.000256203278319106	0.00125505695399314
ENSMUSG00000063142	4860.44576624946	0.29711327750349	0.0812762581585178	3.65559739381718	0.000256583771210814	0.00125663409372834
ENSMUSG00000031641	900.024674628063	-0.179318391757239	0.0490757768675744	-3.65390836789217	0.000258278475173297	0.00126464547173129
ENSMUSG00000036442	954.213880691079	-0.19852673548657	0.0543542433720134	-3.65246065753883	0.000259739400038126	0.00127150877108744
ENSMUSG00000000149	7079.2747886214	-0.101328922889732	0.0277464859805957	-3.65195516868681	0.000260251325341346	0.00127372433875452
ENSMUSG00000035356	94.761229946285	0.771129519878331	0.211292297330722	3.64958651886554	0.0002626627628072	0.00128523338646441
ENSMUSG00000020211	1733.0396840181	0.22756675478466	0.0623839653041097	3.64784049355178	0.00026445372375952	0.00129348420524439
ENSMUSG00000035649	372.7014336319	0.321695230431828	0.0881882260430264	3.64782516744214	0.000264469494867122	0.00129348420524439
ENSMUSG00000026393	20822.4495051878	-0.125883799053363	0.0345122976452121	-3.6475056035809	0.000264798538290789	0.00129479850181095
ENSMUSG00000102919	50.9928698190581	-0.754450578963443	0.206846483708791	-3.6473937842018	0.000264913765300593	0.00129506692916022
ENSMUSG00000036580	4444.364280072	0.135947565889907	0.0372745521349847	3.64719515334729	0.000265118565235481	0.00129577302398562
ENSMUSG00000021714	42.5310862191301	-0.701139526097183	0.192358207851599	-3.6449680724729	0.000267424999229044	0.00130674824344427
ENSMUSG00000022184	393.954412834195	0.29243076972833	0.0802368159303316	3.64459589201848	0.000267812270333999	0.00130834278447647
ENSMUSG00000028549	483.625072614896	-0.208385798572161	0.0571783179906955	-3.64448983277318	0.000267922726135009	0.00130858458230128
ENSMUSG00000021468	1945.57044724955	0.115944289293666	0.03181864299424	3.64391056257977	0.000268526763211922	0.00131117325409479
ENSMUSG00000050556	13809.4314164807	-0.304330304531477	0.0835193157169683	-3.64383139300132	0.000268609416796405	0.00131117325409479
ENSMUSG00000142517	41.4548745718395	0.694744489669233	0.190664513584674	3.6438059532284	0.00026863598115666	0.00131117325409479
ENSMUSG00000024742	766.335133697281	-0.160287524666406	0.0439898086053713	-3.64374226094802	0.000268702499811009	0.00131119978652946
ENSMUSG00000015354	2432.10940102469	0.222966589372754	0.061196110332233	3.64347649159842	0.000268980229457232	0.00131225672852931
ENSMUSG00000019877	63777.9945196875	0.149751196918292	0.0411055320159708	3.6430910773788	0.000269383466379707	0.00131392535544349
ENSMUSG00000057858	1043.43258092067	-0.190865714245436	0.0524014794036678	-3.64237262797729	0.000270136652068159	0.0013172997213301
ENSMUSG00000036086	363.037878826736	-0.300422645253314	0.0824843629362514	-3.64217694795677	0.000270342134780844	0.00131800233141167
ENSMUSG00000063972	404.155806447805	0.303317245698242	0.0832839553127164	3.64196494462036	0.000270564923878316	0.001318788977287
ENSMUSG00000107182	372.049795635505	0.359100302540954	0.0986105136735357	3.64160259553872	0.000270946106102892	0.0013203471313518
ENSMUSG00000026514	233.9298503044	-0.338480125308036	0.0929522158178282	-3.64144224352224	0.000271114953051503	0.00132087008220689
ENSMUSG00000055660	1783.90471151911	0.230917482292357	0.0634278840503212	3.64063039071517	0.000271971329951794	0.00132474167659297
ENSMUSG00000016520	768.249680338983	-0.310950367881257	0.0854151554443325	-3.64045895911191	0.000272152487221707	0.00132532334181061
ENSMUSG00000027175	7752.28942497945	0.246121332701778	0.0676267531345341	3.63940779786002	0.000273265758187056	0.00133044290434188
ENSMUSG00000022359	791.87237951812	0.262851005492925	0.0722345228490189	3.63885570397306	0.000273852181700919	0.00133299567627935
ENSMUSG00000028417	21.8411895968544	1.09881716861937	0.302000222134751	3.638464769503	0.000274268137829799	0.00133471771631251
ENSMUSG00000025157	1245.35289816776	0.131112545538506	0.0360399409605165	3.63797892127919	0.000274785907880941	0.00133693433784503
ENSMUSG00000070371	503.948249485953	-0.19408145678662	0.0533502315607206	-3.63787468411879	0.000274897113055266	0.00133717231562301
ENSMUSG00000073418	2654.94483746093	0.685798797029715	0.188543256823717	3.63735520740962	0.000275451944738016	0.00133956761344501
ENSMUSG00000028059	926.997774744471	0.445688352172112	0.122534967936493	3.63723400493402	0.000275581547021981	0.00133989433485251
ENSMUSG00000092083	10633.1259581421	-0.309349879797958	0.0850533298702068	-3.6371283789833	0.000275694539867974	0.00134014017047236
ENSMUSG00000020362	2276.68560727933	0.127100308596526	0.0349492020075371	3.6367156128233	0.000276136510945758	0.00134169076750971
ENSMUSG00000038893	370.531106858203	-0.377377473051258	0.103768814864538	-3.6367137231344	0.000276138535864059	0.00134169076750971
ENSMUSG00000038836	303.680259166642	-0.29877994333901	0.0821636202093651	-3.63640188416326	0.000276472881261475	0.00134301128516832
ENSMUSG00000022508	2386.91413617461	0.2400528811117	0.0660388109785446	3.63502730522649	0.00027795119494871	0.00134988695718756
ENSMUSG00000025255	926.140904806136	0.356205136827526	0.0979970669161376	3.63485508328891	0.000278136935196125	0.00135048347679711
ENSMUSG00000063455	1300.39895724244	0.188816169587909	0.0519593701424733	3.63391952346944	0.000279147964216892	0.00135508597916775
ENSMUSG00000038630	93.2520199890213	-0.477766937424247	0.131482370593654	-3.63369579714062	0.000279390247699012	0.00135595547300633
ENSMUSG00000138016	54.8237322201035	-0.806151777553698	0.222005494839214	-3.6312244349517	0.000282079742244076	0.00136869885782354
ENSMUSG00000073234	127.109323623238	0.39245098575017	0.108086206661727	3.63090719779266	0.000282426731607311	0.00137007281823334
ENSMUSG00000030806	17294.9418653162	0.223946072069529	0.0616787477208416	3.63084660997189	0.000282493047148583	0.00137008489608935
ENSMUSG00000028656	22020.8076422082	0.0911136466796868	0.0250974702911832	3.63039165392279	0.000282991479167917	0.00137219225024136
ENSMUSG00000117059	24.6259767416016	1.05075675230087	0.289451638424188	3.63016342910107	0.000283241823585947	0.00137306269260691
ENSMUSG00000036820	787.914868987287	-0.202188219232026	0.055697524633652	-3.63011140193231	0.00028329892227504	0.00137306269260691
ENSMUSG00000036552	282.072402299509	-0.269929165862685	0.0743730450820032	-3.62939510631927	0.000284086138371152	0.00137625302019305
ENSMUSG00000120920	212.69958209666	0.301336879705768	0.0830275858873908	3.62935856179736	0.000284126356068079	0.00137625302019305
ENSMUSG00000049314	3.49593668718963	4.23722279266617	1.16749207367512	3.62933752460342	0.000284149510178683	0.00137625302019305
ENSMUSG00000002031	3053.09008662403	-0.109784169086703	0.0302505576141168	-3.62916183189532	0.000284342951423266	0.00137687926804688
ENSMUSG00000024121	15148.0293363284	0.111530337067595	0.0307334083319467	3.62896089698134	0.000284564336097976	0.0013776405139105
ENSMUSG00000079144	483.127600439676	-0.219265487685046	0.0604536291217734	-3.62700289247108	0.000286730083240781	0.00138781239387748
ENSMUSG00000095565	5.5996943003153	4.14501934580153	1.14305134670737	3.6262757204578	0.000287538332840218	0.001391410697193
ENSMUSG00000026976	87.9137002431858	-0.474666902027061	0.130913726364476	-3.62579933524728	0.000288068990315568	0.0013936644007469
ENSMUSG00000027002	26692.9582638283	0.156353772020208	0.0431243638565084	3.62564819600489	0.000288237539747699	0.0013941656215016
ENSMUSG00000047777	893.142515558189	0.198667562903053	0.0547978454824272	3.62546302968723	0.000288444161869888	0.00139485072734828
ENSMUSG00000022471	808.095523506236	-0.171485085308857	0.0473086681440607	-3.62481321153798	0.000289170374968901	0.00139804758312667
ENSMUSG00000020901	326.726228036657	-0.381298774938774	0.105238685289213	-3.62318071430579	0.000291002358298713	0.00140658784580954
ENSMUSG00000028048	2435.38766511818	0.139500261380957	0.0385053255089743	3.6228822776331	0.000291338436246144	0.00140789528871223
ENSMUSG00000020150	1767.0609887478	-0.174850763397628	0.0482737253193895	-3.62206898764862	0.000292256151476881	0.0014120122772007
ENSMUSG00000022040	315.826463735465	-0.40383416099485	0.111506848012098	-3.62160861143735	0.000292776838893817	0.00141420963629493
ENSMUSG00000038628	2188.48809236682	-0.131932628825546	0.0364345045135312	-3.62109024363287	0.000293364155044108	0.00141672777326813
ENSMUSG00000001288	2365.73344869521	-0.181708164766593	0.0501820508685484	-3.62097924699363	0.000293490058771039	0.00141701700440376
ENSMUSG00000034271	668.712849797446	-0.288185403649805	0.0796011443589261	-3.6203675961034	0.000294184764108857	0.00142005175317309
ENSMUSG00000025465	2619.39552899405	-0.122888285528076	0.0339469097026564	-3.62001391597833	0.000294587172043745	0.00142167451328485
ENSMUSG00000049792	2635.33922159191	0.104282917886181	0.0288082784486347	3.61989412425731	0.000294723584758305	0.00142201314237397
ENSMUSG00000064043	392.55676469206	-0.282352961739822	0.0780054499235789	-3.61965685752009	0.00029499394671303	0.0014224257507015
ENSMUSG00000143805	8.62185990991985	1.81241231260282	0.500714792551779	3.61965002744631	0.000295001732920378	0.0014224257507015
ENSMUSG00000025134	1221.6937844212	0.174439258137408	0.0481923714293943	3.61964462348518	0.000295007893511742	0.0014224257507015
ENSMUSG00000032269	8430.5273121116	-0.333675065640952	0.0922063406860145	-3.61878655153661	0.000295987637709786	0.00142682924569465
ENSMUSG00000027194	1855.34614076475	0.206995540021579	0.0572067772983854	3.61837442689542	0.000296459283124956	0.00142873677448404
ENSMUSG00000021262	7043.06977788831	-0.112646766255434	0.0311323006064466	-3.61832450738022	0.000296516459998435	0.00142873677448404
ENSMUSG00000096472	4648.14046110929	0.128071279117374	0.0354100065462079	3.61681037675745	0.000298255632471424	0.00143647944311928
ENSMUSG00000032290	6965.19825160618	0.131603901660206	0.0363867433488144	3.6168090229623	0.000298257191744275	0.00143647944311928
ENSMUSG00000033722	325.246475560812	-0.263892668856566	0.0729642820590087	-3.61673768876594	0.000298339363776189	0.00143655288982048
ENSMUSG00000104965	92.7670356390917	0.50479288453018	0.139626331669617	3.61531294630456	0.000299985015462542	0.00144415302577235
ENSMUSG00000074826	49.9059401510034	-0.713131408225849	0.197267521858599	-3.61504722879329	0.000300292872092027	0.00144531093998373
ENSMUSG00000052942	102.483559926185	0.663242843580677	0.183506660520094	3.61427122972494	0.00030119362851189	0.00144932132473352
ENSMUSG00000114860	111.946670760101	-0.489464476883709	0.135434778421999	-3.61402353654386	0.000301481675641382	0.00145038226116493
ENSMUSG00000134226	1164.37840293377	0.230067863445655	0.0636632425461847	3.61382572178525	0.000301711903466715	0.0014511646246508
ENSMUSG00000027983	471.015532697514	-0.225017128265816	0.0622700967145409	-3.61356638479849	0.000302013983713679	0.00145229215376295
ENSMUSG00000048826	252.88230902736	-0.617672689168606	0.170937593661117	-3.61343971176488	0.000302161637613822	0.00145267675543523
ENSMUSG00000028433	7110.52769744862	0.22787513172979	0.0630646079315821	3.61336000022403	0.000302254586436582	0.00145279824282303
ENSMUSG00000026574	161.008835355276	-1.217110123415	0.336905260643679	-3.61261833991443	0.000303120694916013	0.00145663506538329
ENSMUSG00000041846	1098.09410954592	0.162091969399127	0.044871660674178	3.61234612144421	0.000303439173417446	0.00145783914426564
ENSMUSG00000042682	8497.82076259032	0.120730266003115	0.0334312524182572	3.61129952574506	0.000304666545207434	0.00146340838205925
ENSMUSG00000041710	78.9563066846197	-0.767440180419974	0.212546091030654	-3.61070004486364	0.000305371665534517	0.00146646715265413
ENSMUSG00000084996	435.374103875048	-0.32827385336798	0.0909300967845601	-3.61017820255659	0.000305986709761099	0.00146909208493217
ENSMUSG00000034931	2476.55701837328	0.173504251391883	0.048064408895058	3.60982804908108	0.00030640005131715	0.0014707476524092
ENSMUSG00000113586	33.3049814883729	-0.745815431200599	0.206644064803572	-3.60917905824947	0.000307167540799146	0.00147410204131332
ENSMUSG00000132910	34.2281490963993	-0.73380225752872	0.203348732249479	-3.60859027450661	0.000307865387036948	0.00147712078635117
ENSMUSG00000039968	1263.58036519263	-0.202185765214365	0.0560654320372012	-3.606246449331	0.000310658110698371	0.00148993963480665
ENSMUSG00000055421	5153.00906446563	-0.215683509718112	0.059808558309695	-3.60623154634961	0.000310675943603586	0.00148993963480665
ENSMUSG00000064339	20976.2969239593	-0.476128249161149	0.132035067814753	-3.60607418196781	0.000310864304299183	0.00149050997455579
ENSMUSG00000026664	3199.73718666263	-0.119255384166858	0.0330826312952022	-3.60477324499134	0.000312425589691794	0.00149766139087183
ENSMUSG00000024220	1622.99429884986	-0.154565157325957	0.0428840464332087	-3.60425776440408	0.000313046258544959	0.00150030162668589
ENSMUSG00000026778	5950.41628212778	-0.305346929289097	0.0847239587569534	-3.60402103217393	0.000313331684665942	0.00150133436228551
ENSMUSG00000026312	122.208252685058	-0.492995710450506	0.136842296365934	-3.60265592980237	0.000314982336359744	0.00150890667982554
ENSMUSG00000005262	4408.17952712647	0.101381032221498	0.0281433150736421	3.60231308771606	0.0003153981705578	0.00151056160847696
ENSMUSG00000099343	26.7805467182067	-0.959955978633905	0.266498934232108	-3.60210062903227	0.000315656120195679	0.00151117601575726
ENSMUSG00000096687	307.783899177524	-0.279040376943469	0.0774662108937633	-3.60209146315602	0.000315667253081876	0.00151117601575726
ENSMUSG00000125903	18.0135423745875	1.05562046704253	0.293147697931501	3.60098501366774	0.00031701385177292	0.00151728413426031
ENSMUSG00000045237	890.855657266068	-0.181140212559648	0.0503077799168408	-3.60064015663332	0.000317434656244227	0.00151895950310713
ENSMUSG00000117611	14.7096456098545	-1.3243283362985	0.367862976062127	-3.6000587786112	0.000318145254433964	0.00152202051073757
ENSMUSG00000029185	2292.72206501442	-0.1932142328231	0.0536865598223036	-3.5989311563754	0.000319527754841131	0.00152829384701866
ENSMUSG00000039308	410.945326505877	-0.247199045332783	0.068688840106976	-3.59882398578568	0.000319659441579455	0.0015285831082523
ENSMUSG00000032727	611.952427589969	0.200683282049422	0.0557719691426838	3.59828216816239	0.000320325982414096	0.00153135623214752
ENSMUSG00000032527	3962.80432078784	-0.104585314903938	0.0290657133184863	-3.598236649414	0.00032038203850622	0.00153135623214752
ENSMUSG00002076083	1150.14139266651	-0.183715831378354	0.0510802326667223	-3.59661304945546	0.000322387508300616	0.00154059889874912
ENSMUSG00000078591	468.259536102576	-0.330302068194153	0.0918463925078827	-3.59624432898446	0.000322844585892337	0.00154243976869907
ENSMUSG00000050914	73.9976865352137	-0.699968474372976	0.194666631328252	-3.59572911698807	0.000323484274982558	0.00154515207983435
ENSMUSG00000035469	3944.64056869507	0.200704711017304	0.0558210566357756	3.59550182517815	0.000323766858273474	0.00154615781528329
ENSMUSG00000028004	1560.62680865171	0.283574206958193	0.078871529044906	3.59539380549778	0.000323901236024567	0.00154645550100164
ENSMUSG00000031134	790.705349157292	0.294092604751975	0.0818050529052765	3.59504204578304	0.000324339191098988	0.00154820215168576
ENSMUSG00000061887	12073.8394935537	0.170411793736867	0.0474078544810822	3.59458987549982	0.000324902975535766	0.00155054852664534
ENSMUSG00000074785	23366.1945831395	0.253874930408045	0.0706372063881944	3.59406810361168	0.000325554681910787	0.00155331335894576
ENSMUSG00000028468	2583.29284151654	0.138852341071599	0.038636386063498	3.59382321222792	0.000325860979162339	0.00155442928415528
ENSMUSG00000033068	1235.24730202794	-0.224334407639734	0.0624255811648427	-3.5936294617322	0.000326103503163469	0.00155524056851967
ENSMUSG00000134939	273.703446566806	-0.354677469335205	0.0987202483133805	-3.59275301060129	0.000327202698441609	0.00156013618941528
ENSMUSG00000019080	371.348652055314	-0.254786537411449	0.0709286849608971	-3.59215087029898	0.000327959877007947	0.00156339922714914
ENSMUSG00000021365	1143.78042521595	0.230058864845339	0.0640527496946858	3.59170942608926	0.00032851602507974	0.00156570270745153
ENSMUSG00000029171	322.307422556899	0.347448525198535	0.096744820397827	3.59139149537704	0.000328917112774432	0.00156726631361064
ENSMUSG00000022120	1614.66417693424	-0.223134384355858	0.0621331174495698	-3.59123111015577	0.000329119621719116	0.00156788322233079
ENSMUSG00000027499	7732.79065645629	-0.0963801685929197	0.0268392272354986	-3.59101876321698	0.000329387919164002	0.00156855857534552
ENSMUSG00000026917	1153.73939285847	0.182664899821824	0.0508673724927671	3.59100324766721	0.000329407530870102	0.00156855857534552
ENSMUSG00000030553	11.1329004363441	-1.28664699470302	0.358364475720916	-3.59033074390172	0.000330258628736708	0.00157226252483082
ENSMUSG00000001525	83721.210332008	0.116325312098845	0.0324033867997517	3.58991215386584	0.000330789420619821	0.00157444028891909
ENSMUSG00000053141	19298.1067835798	0.300030518331863	0.0835985067644826	3.58894590279133	0.000332017722274756	0.00157960855916856
ENSMUSG00000029778	214.241172363771	-0.462506559577036	0.128869882721289	-3.58894219355591	0.000332022445680078	0.00157960855916856
ENSMUSG00000040860	265.901913951926	-0.311526260578542	0.0868125781170527	-3.58849221317329	0.000332595925318181	0.00158198629135388
ENSMUSG00000022247	1093.99439199394	0.133335302437454	0.0371588319374229	3.58825332997539	0.000332900747654026	0.00158308538970787
ENSMUSG00000027671	934.925259018959	0.171541266505782	0.0478238389216087	3.58694053789715	0.000334580581899449	0.00159072132249249
ENSMUSG00000013593	11614.5737169714	-0.0792389939972374	0.0220917905553302	-3.58680722591401	0.000334751609325841	0.00159118202962545
ENSMUSG00000070690	105.826866444294	-0.500577054900303	0.139568797129506	-3.58659718501276	0.000335021239116508	0.0015921111177496
ENSMUSG00000008763	10839.6000563442	-0.151914215233382	0.0423581341940937	-3.58642367336767	0.00033524412950689	0.00159281772554115
ENSMUSG00000020003	1641.0221589577	-0.143162051690061	0.0399234358435682	-3.58591510638042	0.000335898226435617	0.00159541689895029
ENSMUSG00000015013	1643.74075594254	-0.177782797752103	0.0495785300645246	-3.58588279081137	0.000335939829649461	0.00159541689895029
ENSMUSG00000100252	36.6317596019821	-0.814403162292319	0.227161044258917	-3.58513566861432	0.00033690302354746	0.00159963731552085
ENSMUSG00000022983	1376.07039564589	0.178735168742344	0.0498635155619361	3.58448791121305	0.000337740206472008	0.00160325768954624
ENSMUSG00000024259	9700.55044065429	0.107558756742875	0.0300180905733106	3.58313119484376	0.000339499982817331	0.0016112550588452
ENSMUSG00000042118	20.7005815731425	-0.919003587825486	0.256557662709269	-3.58205472454316	0.000340902355799387	0.00161755304367587
ENSMUSG00000042734	29294.1209689593	0.174008318902698	0.0485842979456423	3.58157524674709	0.000341528739003387	0.00162016705225342
ENSMUSG00000028885	47.4309788460681	0.869344694958873	0.242795406638227	3.58056483438431	0.000342852254748404	0.00162608627937014
ENSMUSG00000020770	738.020931033423	0.176333356203041	0.0492529359883428	3.58015928725093	0.000343384819700593	0.00162825238340908
ENSMUSG00000033377	4656.21731306556	0.124640768884035	0.0348257348498657	3.57898460495847	0.000344931784269926	0.00163511605251028
ENSMUSG00000030172	4749.72899207765	0.214908368076189	0.0600479737460662	3.57894454499005	0.000344984654887686	0.00163511605251028
ENSMUSG00000059361	456.419415783982	-0.467218588518423	0.130562764037295	-3.57849798879076	0.000345574527339434	0.00163714916418778
ENSMUSG00000031891	35.337706560793	-1.94133508392274	0.542505303653077	-3.57846286635419	0.000345620961851927	0.00163714916418778
ENSMUSG00000058498	67.9149335149221	-0.607244139207864	0.169697420858615	-3.578393449561	0.000345712753260339	0.00163714916418778
ENSMUSG00000028907	939.167658030821	0.153660925247921	0.0429420370604112	3.57833339465823	0.000345792183625489	0.00163714916418778
ENSMUSG00000037935	2463.75913181855	0.100901090759616	0.0281978056588469	3.57833130635679	0.000345794945980965	0.00163714916418778
ENSMUSG00000005043	708.68046322834	-0.241954825496864	0.0676385693891026	-3.57717242813013	0.000347331070757468	0.0016440592645821
ENSMUSG00000036241	6574.27367167714	0.088998083014831	0.0248805717709348	3.57701116494427	0.000347545334736947	0.00164471079265064
ENSMUSG00000039634	407.317161173392	0.288467527923188	0.0806514530992243	3.57671829630013	0.00034793477384243	0.00164619084313458
ENSMUSG00000047181	15166.6452845865	-0.127440352904434	0.0356347901344348	-3.57629026082814	0.000348504683959863	0.00164852391932182
ENSMUSG00000105865	4.46706745506553	2.7227346707089	0.761414832107725	3.57588866921847	0.000349040179065761	0.00165069321080097
ENSMUSG00000061878	353.348508819431	0.255015960802064	0.0713187364163936	3.57572180349855	0.000349262909408085	0.00165138273421893
ENSMUSG00000038583	127.746583346186	-0.534745973097645	0.149558729648437	-3.57549154338672	0.000349570476116512	0.00165247298839838
ENSMUSG00000018042	21393.342341898	0.121860950883197	0.0340842488298121	3.57528638790507	0.000349844723061035	0.00165340528957027
ENSMUSG00000140926	480.172199813974	-0.371366223993266	0.103876470855365	-3.57507548085984	0.00035012686833209	0.00165437450046591
ENSMUSG00000035713	4268.93224189215	0.208547272495611	0.058335607629607	3.57495671974055	0.000350285837130931	0.00165476139521403
ENSMUSG00000047963	5142.35767624452	-0.141236674968062	0.0395095642942261	-3.57474645673837	0.000350567452203472	0.00165572737711765
ENSMUSG00000033389	7939.0080106258	0.16694878471575	0.0467067291370553	3.57440539725782	0.000351024699486978	0.00165752226114991
ENSMUSG00000024858	15711.8485996733	-0.178387542972069	0.0499083921959508	-3.57429953406798	0.000351166740204005	0.00165782829232882
ENSMUSG00000025766	753.801399949502	-0.16757854301659	0.0468863811542698	-3.57414112352173	0.000351379386141268	0.00165846743687521
ENSMUSG00000013846	922.19952690159	-0.199903214094045	0.0559476401212903	-3.57304103731043	0.000352859437021169	0.00166508698067628
ENSMUSG00000021902	218.66935083724	-0.288313870363966	0.0806934770850353	-3.57295138069387	0.000352980317221727	0.00166529131636958
ENSMUSG00000022139	30556.35356397	0.177070826053896	0.0495708879916944	3.57207290867099	0.000354166774244392	0.00167034432350995
ENSMUSG00000021670	11153.3247891105	0.271084255459422	0.0758905315684265	3.57204317662473	0.000354206995277056	0.00167034432350995
ENSMUSG00000036617	6823.29646546827	0.2128193522892	0.0595893866138907	3.57143049093897	0.000355036778228437	0.00167388962913499
ENSMUSG00000038936	5053.60895106645	-0.110912077576878	0.0310607975451536	-3.5708058499027	0.000355884624017403	0.00167751851979745
ENSMUSG00000001472	36186.7130826097	0.103685559282808	0.0290390446180065	3.57055683638142	0.000356223145829202	0.00167874556495492
ENSMUSG00000022479	77.1476385173018	-0.774713083496014	0.216991028838902	-3.57025397612717	0.000356635275518945	0.00168031888153856
ENSMUSG00000026181	5454.41793466195	-0.146493044086805	0.0410329996393364	-3.57012758936514	0.000356807393394834	0.00168046983376452
ENSMUSG00000048040	1866.04102147543	0.194471665236063	0.0544720937359296	3.57011548296317	0.000356823884389206	0.00168046983376452
ENSMUSG00000000275	2409.23892927548	0.192724741732395	0.0539844430701526	3.57000518615983	0.000356974160370723	0.00168080880160517
ENSMUSG00000028419	5784.31965481405	-0.127507209279177	0.0357261238223752	-3.56901884775196	0.000358320649570503	0.00168677874203518
ENSMUSG00000029334	757.984999451366	-0.259009337810924	0.0725733314597932	-3.56893272778059	0.000358438440489887	0.0016869632895321
ENSMUSG00000033419	18034.4812933855	0.240971392532846	0.0675216904282627	3.56879975907686	0.000358620380058876	0.00168744960068913
ENSMUSG00000097666	89.231794389388	-0.554665552937246	0.155469704611512	-3.56767612264554	0.000360161291030736	0.00169432879098527
ENSMUSG00000062329	90.6926855799922	-2.23880682660728	0.627559992117776	-3.56747857531861	0.00036043283879755	0.00169523473217095
ENSMUSG00000121001	502.745898044466	-0.32963576235056	0.0924082833276148	-3.56716682185193	0.000360861763360904	0.00169688030937682
ENSMUSG00000038508	9.37611569333388	1.64853671471174	0.462151103866876	3.56709461671351	0.00036096117451854	0.00169697603421265
ENSMUSG00000037126	640.56302504721	-0.293874415298385	0.0823987008720344	-3.56649330861142	0.000361790043392713	0.00170050034409196
ENSMUSG00000071573	74.5287426954782	0.560071813761098	0.157044071634841	3.56633528366086	0.000362008166890985	0.00170115308898465
ENSMUSG00000006134	4197.95332370484	0.189664835946122	0.0531954046855133	3.56543647082684	0.000363251148250716	0.00170662051835191
ENSMUSG00000022752	18117.4495961188	-0.11036203476171	0.0309569217462726	-3.56501966397864	0.000363828909861508	0.00170890742599244
ENSMUSG00000085162	15.7110411222886	1.27422607148226	0.357429626917185	3.56497048795983	0.000363897132405266	0.00170890742599244
ENSMUSG00000046637	53.9330896685645	-0.676002749574587	0.189632002511728	-3.56481364232167	0.000364114806364957	0.00170955565035656
ENSMUSG00000015542	954.380873481614	-0.187842650880165	0.0527012922127134	-3.56428928008052	0.000364843412457161	0.00171260194441404
ENSMUSG00000037993	1845.70296380897	0.142542485620967	0.03999602494559	3.56391630955525	0.000365362487790698	0.00171466356863033
ENSMUSG00000042745	624.630913419995	-0.694040428043055	0.194782927028535	-3.56314816000983	0.000366433722991129	0.00171931503775466
ENSMUSG00000102752	90.1570552951332	0.466443857778171	0.130967395654759	3.56152655740177	0.000368704805066403	0.00172959295138886
ENSMUSG00000005698	2522.50937059674	0.10280074768196	0.0288676773008932	3.5611021493156	0.000369301364880757	0.00173170131422349
ENSMUSG00000009214	63.6176798946797	-0.624374558590431	0.175333858026299	-3.56106097030489	0.000369359295244685	0.00173170131422349
ENSMUSG00000047945	1209.99454006406	0.393309146201925	0.11044799625357	3.56103469092326	0.000369396269348242	0.00173170131422349
ENSMUSG00000038351	2426.18528928827	-0.161028300333897	0.0452238263564822	-3.56069606018236	0.000369873019767827	0.00173355769483322
ENSMUSG00000030166	372.335709603431	0.266531022371466	0.0748685354392114	3.55998712687352	0.000370872973987848	0.00173786493333839
ENSMUSG00000060371	1809.78706083336	-0.456144082254791	0.128133624685362	-3.55990930073878	0.000370982901985393	0.00173800064906557
ENSMUSG00000035852	168.090842897676	0.424979279977977	0.11939140501489	3.5595466853328	0.00037149549135885	0.00174002230362406
ENSMUSG00000121075	56.7722679498127	0.654276511416625	0.183875680350265	3.55825474130289	0.000373327156887599	0.00174822005884581
ENSMUSG00000025439	2761.92107957332	-0.13463900917961	0.0378431400735883	-3.55781811228657	0.000373948098039131	0.00175074588277164
ENSMUSG00000048756	6147.88276656757	-0.212325100321252	0.0596847488126913	-3.55744314159037	0.000374482123776551	0.00175286377431039
ENSMUSG00000063550	2099.59152147222	0.179968880517968	0.0506026144888663	3.55651347930975	0.000375809206507198	0.0017583783294383
ENSMUSG00000071073	481.332249434474	-0.27675106294659	0.0778154994144638	-3.5565030749536	0.000375824083455833	0.0017583783294383
ENSMUSG00000067889	13270.2109526031	0.223792557571014	0.0629282437102244	3.55631341948057	0.000376095363933787	0.0017590677980068
ENSMUSG00000050321	1080.06498575393	0.277031138436534	0.0778990156322445	3.55628548304612	0.000376135339273791	0.0017590677980068
ENSMUSG00000021065	3431.15744082797	-0.167965103423302	0.0472371233856106	-3.55578602981712	0.000376850697086556	0.00176202941922457
ENSMUSG00000022450	3732.48065886055	-0.170129025503387	0.0478474414622409	-3.55565564853965	0.000377037649040488	0.00176251963726113
ENSMUSG00000006728	2145.66049546254	0.13433836641989	0.0377918495074428	3.55469150546425	0.000378422813975113	0.00176860965050942
ENSMUSG00000108126	23.2671390149211	0.921191414733337	0.259232289286858	3.55353654927599	0.000380088377840627	0.00177600720912645
ENSMUSG00000034105	999.105936031032	-0.152696438052174	0.042972660161283	-3.55333920402137	0.000380373654182172	0.00177695339731763
ENSMUSG00000037750	2691.34314926572	0.230776464891455	0.0649477492644797	3.5532634695575	0.000380483186764448	0.00177707834792986
ENSMUSG00000039994	1592.00757611326	0.236679450368784	0.06662169572282	3.55258820420139	0.000381461107754758	0.00178125824212827
ENSMUSG00000022357	64.5334642347697	-0.723119426694704	0.203593749257216	-3.55177616863439	0.000382640210736859	0.0017863755466893
ENSMUSG00000012187	33.7855723089225	-0.784150526671994	0.220820937837514	-3.55106963293939	0.000383668894724431	0.00179078853971616
ENSMUSG00000014959	7713.49148482097	0.105558340526465	0.0297272253220435	3.5508978514786	0.000383919391052999	0.00179156818442254
ENSMUSG00000069873	31.5661089948498	1.7548489579746	0.494299544303932	3.55017312517607	0.000384977890029073	0.00179611723263727
ENSMUSG00000030303	1022.51335027583	-0.28093192466988	0.0791433045041281	-3.54966129390296	0.000385727087789809	0.00179922157029466
ENSMUSG00000097145	201.486256523896	-0.351034860954887	0.0989102821367756	-3.54902294656755	0.000386663384035387	0.0018031970892252
ENSMUSG00000086129	82.723957953646	-0.449580373782492	0.126771405198364	-3.54638629333655	0.000390553245892263	0.00182094178460541
ENSMUSG00000034789	2565.62307003239	0.117705183445211	0.0331991266853103	3.54543011209065	0.00039197291536672	0.00182716408279305
ENSMUSG00000055027	260.047272134442	-0.855994194516451	0.241527562046078	-3.54408493699426	0.000393978300306363	0.00183611337263925
ENSMUSG00000040479	36284.5853492582	-0.19740648234296	0.0557032577686511	-3.54389474243743	0.000394262614369515	0.00183703956589017
ENSMUSG00000003228	1789.39769880043	-0.158428516596365	0.0447069192716982	-3.5437135722447	0.000394533616550875	0.00183790334480927
ENSMUSG00000034308	279.177025059755	0.329366633802017	0.0929575230128351	3.54319503281666	0.000395310232478131	0.00184112159912683
ENSMUSG00000048240	923.271714694362	-0.179874568010312	0.0507770104577073	-3.54244108483171	0.000396441968099104	0.00184599203627232
ENSMUSG00000073910	1023.04796230595	-0.344795331746362	0.0973352162892665	-3.54234926361779	0.000396580005615292	0.00184623430937711
ENSMUSG00000010362	274.138241229392	-0.360279376527393	0.101781704916725	-3.5397262879627	0.00040054221735269	0.00186427563696722
ENSMUSG00000054493	197.200436849055	-0.37512875350553	0.105993343070155	-3.53917276915436	0.000401383063180607	0.00186756412793484
ENSMUSG00000039936	4448.27013902648	0.185979868812052	0.0525493533724983	3.53914666644376	0.000401422756279295	0.00186756412793484
ENSMUSG00000040297	3305.45599534961	0.166256432182843	0.0469803127072855	3.53885324728928	0.000401869196616638	0.00186923600749139
ENSMUSG00000032181	53485.1422404897	0.222891360058428	0.0630330732256786	3.53610174234098	0.000406078268049462	0.00188840470146225
ENSMUSG00000036202	679.023631419879	0.224637796813826	0.063535930177544	3.53560255096764	0.000406846297730976	0.00189124251807507
ENSMUSG00000034818	264.876764363123	-0.283706362848487	0.0802435220048368	-3.53556718050569	0.000406900768315318	0.00189124251807507
ENSMUSG00000029535	2278.82386449044	0.168619723191154	0.0476928668951807	3.53553338619265	0.000406952817990718	0.00189124251807507
ENSMUSG00000038112	464.118858348562	-0.276180709782683	0.0781261347785018	-3.53506173786394	0.000407679895617334	0.00189421139379257
ENSMUSG00000130947	61.4777561735693	-0.600117653198363	0.169769820531764	-3.53489007244418	0.000407944830471889	0.00189503218587093
ENSMUSG00000052087	333.239127189485	-0.299137038370447	0.0846640972440482	-3.53322185091244	0.000410527820352455	0.00190661838850839
ENSMUSG00000020773	450.111769160306	0.586274396854519	0.165936495595066	3.53312509554981	0.00041067809916107	0.00190690375872627
ENSMUSG00000097080	178.23026574938	-0.308830901596321	0.0874134000579494	-3.53299266921989	0.000410883864809397	0.00190744659212771
ENSMUSG00000024841	2136.68436910193	0.126252505530636	0.0357362706653919	3.53289537995644	0.000411035095410082	0.00190773607742115
ENSMUSG00000006307	1730.546887921	0.214108798175035	0.0606396872737981	3.53083612071248	0.000414248318278503	0.00192223398187772
ENSMUSG00000022971	421.1997476379	0.254909125375136	0.0721979836710919	3.53069590608528	0.00041446795697665	0.0019228375112299
ENSMUSG00000108350	575.758944921698	0.25052228079879	0.0709578776826125	3.53057742114767	0.000414653642062405	0.00192328329310968
ENSMUSG00000008398	753.871734377723	0.304346145235645	0.0862073208699307	3.53039790779302	0.000414935116594563	0.00192400918835042
ENSMUSG00000001794	39908.6615108078	0.114037341931726	0.0323018715880638	3.53036329863515	0.000414989403804269	0.00192400918835042
ENSMUSG00000005312	14333.7293740834	0.155475451736547	0.0440423702404196	3.53013361651142	0.000415349846558156	0.00192526447985692
ENSMUSG00000022867	4765.50871267774	-0.175042957162355	0.0496235071138697	-3.5274201148397	0.000419630365655079	0.0019446859734784
ENSMUSG00000001249	22.5678299566545	-1.09669441466008	0.310916965639611	-3.5272903567806	0.000419836086080174	0.00194521938782582
ENSMUSG00000041215	699.48958962847	0.241691535029076	0.0685342442352497	3.52658058356125	0.00042096303903643	0.00195001998186362
ENSMUSG00000042303	2188.43972070976	-0.139038858247667	0.0394271284402943	-3.52647691444782	0.00042112787744437	0.00195036267901205
ENSMUSG00000143790	22.3133301411446	-0.918351128709668	0.260472286351561	-3.52571531341404	0.000422340705492245	0.00195555771874386
ENSMUSG00000027673	4542.1155223026	-0.142290841432237	0.0403653313152666	-3.5250755238672	0.000423362072263957	0.00195986418874663
ENSMUSG00000043542	6962.76426661654	-0.140169362903691	0.0397650602663352	-3.52493777112057	0.000423582283751151	0.00196010153514847
ENSMUSG00000069835	365.101171666429	-0.318880531332993	0.0904643787081217	-3.52492921398204	0.000423595966717308	0.00196010153514847
ENSMUSG00000036983	741.56325899191	-0.213328145531731	0.0605213922551401	-3.52483869889184	0.000423740726696721	0.0019603488015672
ENSMUSG00000036948	4548.88338026173	0.147034509928616	0.04172077517494	3.52425163032288	0.000424680742236897	0.00196427425400931
ENSMUSG00000041671	940.96549914763	0.174058605349573	0.0493967753233812	3.52368356456631	0.000425592183768286	0.00196806588038992
ENSMUSG00000022321	705.475551021216	-0.362184538255824	0.102788047935094	-3.52360557021696	0.000425717465466867	0.00196822121768507
ENSMUSG00000062296	70.0837018299874	0.558835971359305	0.158608895601232	3.52335831632236	0.000426114855073036	0.00196963425473682
ENSMUSG00000060002	2609.3760256499	-0.205271485420671	0.0582637354792011	-3.52314323364915	0.000426460820351023	0.00197080903544781
ENSMUSG00000049090	3300.76747651626	-0.113394108771349	0.0321884512749499	-3.52281965363137	0.000426981800158381	0.00197279193331894
ENSMUSG00000035954	2628.27597795405	0.225533251076429	0.0640369678702202	3.52192270460873	0.000428429040741887	0.00197905267668719
ENSMUSG00000044033	4031.40638516406	-0.382487469847844	0.108603730637563	-3.52186308520374	0.000428525399689342	0.00197907190828989
ENSMUSG00000038780	2626.98067824447	0.141722844962822	0.0402415488739733	3.52180392973103	0.000428621028812532	0.00197908776177453
ENSMUSG00000074037	5.14467104873002	2.45289223456554	0.696510658076838	3.5216865759647	0.00042881079868424	0.00197953819452815
ENSMUSG00000002032	6241.18365705703	-0.198093148947722	0.0562571011334721	-3.52121145520348	0.000429579906724996	0.00198266228289804
ENSMUSG00000046572	1672.43796531338	0.193887900371715	0.0550660229765874	3.52100787184415	0.000429909853998317	0.00198375858252964
ENSMUSG00000074519	1002.52296214803	-0.266672177959764	0.0757430507950896	-3.52074778029739	0.000430331728254021	0.00198527850391163
ENSMUSG00000028138	3502.10854626715	-0.0997761360560449	0.0283467964202632	-3.51983817066261	0.000431810176799999	0.00199167109050038
ENSMUSG00000032121	706.515587736891	-0.220921763877446	0.0627746694242568	-3.51928199548717	0.000432716499834115	0.00199542263919208
ENSMUSG00000107008	98.0482762795175	-0.559360613424536	0.158952933812367	-3.51903296157353	0.000433122891895865	0.00199686769704395
ENSMUSG00000053347	1051.0839946744	-0.158510671782416	0.045046214002197	-3.51884559653971	0.000433428882955524	0.00199784934539903
ENSMUSG00000028758	155.795247858648	-0.340624164172793	0.0968118550774962	-3.51841377174447	0.000434134876806011	0.00200067395137781
ENSMUSG00000029047	469.36104531265	-0.27431488926037	0.0779903240569022	-3.51729387686898	0.000435970807560218	0.00200870344603727
ENSMUSG00000024012	22456.5387221782	-0.100875513825717	0.0286847473226732	-3.5166952210167	0.000436955201008916	0.00201267228511119
ENSMUSG00000039357	2293.56831198046	0.108161925441068	0.0307570387222526	3.51665602198607	0.000437019729847353	0.00201267228511119
ENSMUSG00000097730	29.3734387990643	-0.76590223194435	0.217811246505281	-3.51635759967876	0.000437511279774264	0.00201428458239504
ENSMUSG00000025925	580.633932664378	-0.193877546509903	0.0551363411805849	-3.51632956338012	0.00043755748661642	0.00201428458239504
ENSMUSG00000085761	29.7444083865187	1.08018109629501	0.307226976916848	3.5159057552012	0.000438256523326628	0.00201707001066239
ENSMUSG00000028051	1858.58273873821	0.179190252845259	0.0509719419223279	3.51546843395358	0.000438978941521741	0.0020199618346636
ENSMUSG00000051510	6245.23854231592	0.147403212062789	0.0419501087091792	3.51377425705063	0.000441788088028074	0.00203245244269409
ENSMUSG00000086596	174.714164251821	-0.728070526635069	0.207209670039529	-3.51368990885501	0.00044192838491126	0.00203266224780482
ENSMUSG00000024327	222.493420552661	0.328312210025371	0.0934798102637062	3.51211891743472	0.00044454903728013	0.00204427798505897
ENSMUSG00000096910	1387.36881128133	-0.1779712662688	0.0507082207144265	-3.50971230623692	0.000448591774769751	0.00206242686596862
ENSMUSG00000012819	19.9649615060645	0.978737180816115	0.278952161517257	3.5086201716188	0.000450437689214665	0.00207032145621141
ENSMUSG00000025938	2512.24021946069	-0.342212174243344	0.0975357404067403	-3.50858231881218	0.000450501794557136	0.00207032145621141
ENSMUSG00000020658	4560.01916730635	0.246246756873966	0.0701891874719131	3.5083289284764	0.000450931141215467	0.0020718510011411
ENSMUSG00000033715	165.080279562276	-0.453804246662535	0.129378266218427	-3.50757712192853	0.000452207256769976	0.00207726962846657
ENSMUSG00000049532	1638.24173413758	-0.197754239779241	0.0563936537729528	-3.5066754244267	0.000453742242035763	0.002083874832593
ENSMUSG00000125686	22.2706074696501	0.927070249964172	0.264384451560318	3.50652333937522	0.000454001619460214	0.0020846200563279
ENSMUSG00000054889	48.774280820478	-1.82003998090053	0.519155727688508	-3.5057688547598	0.000455290422067337	0.00209003759599124
ENSMUSG00000142649	64.6329652934491	-0.649148929926252	0.185168573210902	-3.50571870090984	0.000455376215245086	0.00209003759599124
ENSMUSG00000027200	5794.09960159023	0.227498235055093	0.0648966336717533	3.50554754820994	0.00045566910265774	0.0020909347921443
ENSMUSG00000018500	267.279037379312	0.303717359267463	0.0866516657727266	3.50503774577242	0.000456542551054385	0.00209449506324715
ENSMUSG00000020604	459.790357148434	-0.246760555272243	0.0704188930131956	-3.50418111835418	0.000458013736394309	0.00210079548406842
ENSMUSG00000097413	89.1353920678624	-0.491633477183635	0.140309111936738	-3.50393121585218	0.000458443755652597	0.00210231866243082
ENSMUSG00000140383	97.4452854375982	-0.617433307395698	0.176270702699617	-3.50275626034047	0.000460470612385657	0.0021111623591351
ENSMUSG00000047635	586.523917345141	-0.232185409017969	0.0662886382005263	-3.50264261449446	0.000460667099972275	0.00211161220756029
ENSMUSG00000046096	2868.11504509615	-0.155321919815081	0.0443494451604327	-3.50222915423652	0.000461382610879442	0.00211444046224127
ENSMUSG00000045259	108.033421006588	-0.443876767231476	0.126766452592591	-3.50153181818563	0.000462591730900005	0.00211952915592306
ENSMUSG00000115835	79.0450357062952	-0.514685625600875	0.147002998528417	-3.50119134135473	0.000463183161651278	0.00212178611779905
ENSMUSG00000078486	80.5652362051527	-0.72810637426596	0.208034260903865	-3.49993491986605	0.000465371759621963	0.00213135698571476
ENSMUSG00000021271	394.520963672779	0.216964359286054	0.0620122371391457	3.49873459329036	0.000467471652637196	0.00214051759716511
ENSMUSG00000031613	252.519484998431	-0.64123815748305	0.183292716629588	-3.49843774086732	0.000467992338290235	0.00214244477153726
ENSMUSG00000013033	7768.44445295938	-0.219239191533998	0.0626713021368561	-3.49823897156696	0.000468341286381356	0.00214358508602605
ENSMUSG00000046519	1362.42609983246	-0.121977942872871	0.0348735414141612	-3.497721708967	0.000469250501296924	0.00214701505454263
ENSMUSG00000091474	704.635838799752	-0.205581477105313	0.058776870281822	-3.49765947250331	0.000469360007944387	0.00214701505454263
ENSMUSG00000030374	2955.46837759698	0.151833947138068	0.0434103738417519	3.49764200814218	0.000469390741217207	0.00214701505454263
ENSMUSG00000038462	6420.82617760148	-0.118999909109014	0.034030049985734	-3.4969066797992	0.000470686455491802	0.00215248305359757
ENSMUSG00000020537	3576.79025316227	0.13581859313453	0.0388414042689657	3.4967477538666	0.000470966935347573	0.0021533069721344
ENSMUSG00000039474	5750.29884245955	0.277357266055745	0.0793268828941136	3.49638427651273	0.000471609003229807	0.00215569763324164
ENSMUSG00000024134	22.4837263410361	1.06579995228388	0.304833207625053	3.49633808136421	0.000471690663530047	0.00215569763324164
ENSMUSG00000074776	336.309107018106	-0.41771251990687	0.119492146556533	-3.49573199531775	0.000472763279279959	0.00215986931681383
ENSMUSG00000032251	448.819677072373	-0.243894818195857	0.0697701842102159	-3.49568832240729	0.000472840656868251	0.00215986931681383
ENSMUSG00000044461	371.203355828197	0.286132588510352	0.0818538580978692	3.49565182582152	0.000472905328846782	0.00215986931681383
ENSMUSG00000035596	3911.83706515465	0.101220570986149	0.0289668316497995	3.49436114414844	0.000475197730551393	0.00216987757583838
ENSMUSG00000140561	16.155266649773	1.23743473413323	0.354287359923324	3.4927431066156	0.000478086197626815	0.00218260278993135
ENSMUSG00000030231	1604.03631269194	0.191331385637815	0.0547935409683975	3.49186021301611	0.000479669207889426	0.00218927759188577
ENSMUSG00000039782	7791.6904375781	0.227730861952946	0.0652184978087881	3.4918139730943	0.000479752249707941	0.00218927759188577
ENSMUSG00000086745	70.5567745465288	-0.574860030769103	0.164665550524104	-3.49107648162847	0.000481078517106546	0.00219477374079045
ENSMUSG00000040586	569.764891418004	0.213493775797263	0.0611549426297682	3.49103059567488	0.00048116114898723	0.00219477374079045
ENSMUSG00000037971	1982.56154648323	-0.159899661103412	0.0458046860202488	-3.49090180495344	0.000481393147323581	0.0021953654770444
ENSMUSG00000031554	94.117982111832	-0.582978363456877	0.167046425670857	-3.48991821354837	0.000483168392700472	0.00220299335550305
ENSMUSG00000121277	116.809139205187	-0.418406645433798	0.119906106315355	-3.48945235810913	0.000484011325888734	0.00220636804449513
ENSMUSG00000047759	61.1591601353561	-0.979240552527974	0.280828434976076	-3.48697079984581	0.000488524693063121	0.00222646943976496
ENSMUSG00000041852	3708.37709291244	-0.176562181474201	0.0506557644838046	-3.48552989523336	0.0004911633373771	0.00223801999578366
ENSMUSG00000022111	1101.00511493157	0.210281105392444	0.0603502521809235	3.48434509870885	0.00049334293645324	0.00224747442145697
ENSMUSG00000109108	49.6880976588716	-0.537008889695509	0.154138670396804	-3.48393357950391	0.00049410209164665	0.00225009414281683
ENSMUSG00000039738	385.340937465297	0.251063901796959	0.0720636295465261	3.48391974393777	0.000494127633897257	0.00225009414281683
ENSMUSG00000027165	1417.32067060225	-0.151532476571948	0.0435016766625581	-3.48337094561626	0.000495141780385985	0.00225423403133946
ENSMUSG00000029063	2881.98673779336	0.176144342790481	0.0505689915555993	3.48324808092752	0.000495369092723739	0.00225479070068019
ENSMUSG00000022010	23045.9679013499	0.130055924431916	0.0373407320214129	3.48295058482882	0.000495919894282759	0.00225629706039182
ENSMUSG00000118140	28.2315415409002	-0.843577280827558	0.242203372336832	-3.48292954259281	0.000495958874717202	0.00225629706039182
ENSMUSG00000022538	1039.42709577212	0.12488165655997	0.0358556635531571	3.48289905093595	0.000496015365135051	0.00225629706039182
ENSMUSG00000122615	20.9643822206016	-0.973210302454392	0.279430788097842	-3.48283132678145	0.000496140855862405	0.00225638974829288
ENSMUSG00000021493	5350.43737769453	0.12643907895513	0.0363055495097645	3.4826377967678	0.0004964996240775	0.00225754309054175
ENSMUSG00000020034	1673.61528636056	0.135703543052912	0.0389755185586761	3.48176363192232	0.000498123177247675	0.00226444559991499
ENSMUSG00000041684	1150.56340461132	-0.201303023982653	0.057817678409725	-3.48168638934478	0.000498266874724141	0.00226461925319255
ENSMUSG00000031605	3359.58416549908	-0.138893425339526	0.0399117234205403	-3.48001573061728	0.000501384342819563	0.00227830573729143
ENSMUSG00000026977	2553.03408908936	0.222393735102075	0.0639080176746911	3.47990351123264	0.000501594395886257	0.0022787778417131
ENSMUSG00000051323	486.05884618318	-0.333767712785668	0.0959156255808876	-3.47980540985155	0.00050177808998043	0.00227913002105796
ENSMUSG00000044024	8539.99403948948	-0.167230509854233	0.0480620118591249	-3.47947377534683	0.000502399537585332	0.00228146995426417
ENSMUSG00000086952	25.629932138188	0.890536273719311	0.255948417115501	3.47935839477157	0.000502615916650438	0.00228196981108678
ENSMUSG00000031796	1315.36302472755	-0.178059641377827	0.0511818779646162	-3.47895873420132	0.000503366092356852	0.00228489248012946
ENSMUSG00000010054	7933.05304438254	-0.154225947279853	0.044332178214257	-3.4788714088101	0.000503530143817514	0.00228515392540946
ENSMUSG00000033228	4740.20915477613	0.147252724753808	0.042331677454977	3.4785468851411	0.000504140238269084	0.00228743909420506
ENSMUSG00000026820	1704.18815994551	-0.110579895854451	0.0317903703499628	-3.47840854438428	0.000504400524059975	0.00228813644325262
ENSMUSG00000006850	486.174061568532	-0.259568025407687	0.0746504359989966	-3.47711332069348	0.000506843550376311	0.00229873307677539
ENSMUSG00000057469	3069.92310306287	-0.152752907445932	0.0439331214529611	-3.47694182416524	0.000507167849591454	0.00229971800999792
ENSMUSG00000041837	1377.88878428252	0.162704569872181	0.0468131341508084	3.47561796114801	0.000509677786911148	0.00231061106099994
ENSMUSG00000031146	1136.97792671464	0.253327504712963	0.0729131422220184	3.47437371361103	0.000512047330990631	0.00232086317716319
ENSMUSG00000036155	2770.88156125431	-0.218578906400522	0.0629143481078425	-3.4742298533532	0.000512321959659773	0.00232161772979875
ENSMUSG00000061461	1659.41420856503	-0.149743689728559	0.0431135252255381	-3.47324160910552	0.000514212228408272	0.00232969178873195
ENSMUSG00000038803	2323.5750048982	-0.188544989714745	0.0543234461575377	-3.47078477252649	0.000518939761337466	0.0023505445278372
ENSMUSG00000076498	37.8918789894174	1.76438516478994	0.508360510696532	3.47073607738033	0.000519033870397295	0.0023505445278372
ENSMUSG00000002814	361.830709892039	0.2585797162896	0.0745174077699878	3.47005785665218	0.000520346265902699	0.00235599091834367
ENSMUSG00000023904	7288.54122954108	-0.120852219432321	0.0348291906184454	-3.46985437463248	0.000520740617885897	0.00235727922892
ENSMUSG00000004221	2749.50056800508	-0.101707681865591	0.0293146691206285	-3.46951491920543	0.000521399108885587	0.0023597624438832
ENSMUSG00000033739	523.694280165	0.220953496430962	0.0636873713515242	3.46934551924592	0.000521728008789044	0.00236075325393457
ENSMUSG00000031431	8401.91005997206	-0.287454095519837	0.082860459604723	-3.46913469815526	0.000522137600297866	0.00236210868872371
ENSMUSG00000041959	26568.5903210463	0.151267193843724	0.0436245613241684	3.46747770641582	0.000525367318807948	0.00237621889286376
ENSMUSG00000000792	1231.74528900888	-0.269732676746353	0.077794393729062	-3.46725083668321	0.00052581096724564	0.00237772450450704
ENSMUSG00000034587	223.684108363484	-0.269952790751001	0.0778641832302816	-3.46697004388555	0.000526360546823736	0.00237970840314202
ENSMUSG00000023020	2372.03607539384	-0.182722424709429	0.052716144577331	-3.46615683249346	0.000527955220312504	0.00238641540518598
ENSMUSG00000031365	1892.63200353015	-0.183817722018595	0.0530466906999302	-3.4652062097219	0.000529825059026424	0.00239436309832868
ENSMUSG00000063659	3410.23961537475	-0.163242416634393	0.0471130045397068	-3.46491203923987	0.000530404930260153	0.00239647910607544
ENSMUSG00000123423	113.6426447726	-0.581979963185635	0.167998409893697	-3.46419923589688	0.00053181246753469	0.00240233300254622
ENSMUSG00000034227	1289.83457529764	-0.290734161516876	0.0839290425544159	-3.46404716017553	0.000532113214040019	0.00240290474324634
ENSMUSG00000042834	1231.67048738324	-0.253506533898738	0.0731827139918167	-3.46402203568298	0.000532162915745509	0.00240290474324634
ENSMUSG00000062797	1833.80758162288	-0.110869348173492	0.0320069470087004	-3.46391513515347	0.000532374436584359	0.00240314078119198
ENSMUSG00000036333	21637.0418536016	0.233860243653654	0.067513908425662	3.46388246669428	0.000532439092301735	0.00240314078119198
ENSMUSG00000054893	525.065286701823	0.227935904024627	0.0658055230341093	3.46378075144969	0.000532640448689712	0.00240354422358069
ENSMUSG00000025903	1760.32443620506	-0.221451751604396	0.0639384901202128	-3.46351237240726	0.000533172074844136	0.00240543752807991
ENSMUSG00000047767	268.463587809228	-0.283360550499553	0.0818553554247951	-3.46172280395132	0.000536729651564433	0.00242097892424504
ENSMUSG00000030111	1058.72691151432	0.367785003468475	0.106251787155955	3.46144769243874	0.000537278517525942	0.00242265683529743
ENSMUSG00000030083	2486.99682359913	-0.126400372440874	0.0365168788529432	-3.46142322157103	0.000537327363870822	0.00242265683529743
ENSMUSG00000031840	25277.5361444258	-0.167148287900429	0.0482914905742227	-3.46123687450745	0.000537699467340431	0.00242382544433635
ENSMUSG00000037503	14249.5245982363	0.13640388209816	0.0394143467331171	3.46076729424897	0.000538638204515983	0.00242754728073485
ENSMUSG00000004032	4993.12204685404	-0.141505314065053	0.0408907003648969	-3.46057447787149	0.000539024105483835	0.00242877654246767
ENSMUSG00000034297	2636.47606641718	0.171985737171874	0.0497033879798594	3.4602417292271	0.000539690671536656	0.00243126966531078
ENSMUSG00000031111	23.8854624894471	-1.61155661723103	0.465800310088609	-3.45975857535274	0.000540659898384407	0.00243512492209813
ENSMUSG00000092564	119.335440199035	-0.488361069331412	0.141176202461357	-3.45923081097954	0.000541720468840869	0.00243938988549153
ENSMUSG00000070605	83.0612324122071	-0.624649440272162	0.180586400973816	-3.45900597666119	0.000542172873791077	0.0024407932386641
ENSMUSG00000031576	323.786073489806	-0.244432665838941	0.0706664600217141	-3.45896293324773	0.000542259524605845	0.0024407932386641
ENSMUSG00000001127	6513.09356499891	-0.131796666495703	0.0381053550975803	-3.45874395234469	0.000542700555489581	0.00244226627340447
ENSMUSG00000020657	3850.43316157958	-0.168372816142538	0.0486837840028565	-3.45849895588762	0.000543194378177702	0.00244397621504141
ENSMUSG00000033417	6447.63026449478	0.123851072839752	0.035816652591515	3.4579187020144	0.000544365626789106	0.002448732721009
ENSMUSG00000112794	6.54541506181868	2.09265640573875	0.605204382884102	3.45776809441828	0.000544670014181299	0.00244929711028247
ENSMUSG00000038072	1623.92000777942	-0.186930855911301	0.0540615127000582	-3.45774371776134	0.000544719295839398	0.00244929711028247
ENSMUSG00000031497	180.749671318714	-0.361466627061484	0.104548789501019	-3.45739657806332	0.000545421550150085	0.0024519411508946
ENSMUSG00000007594	3274.94068967349	-0.290584622755592	0.0840845298079493	-3.4558630870541	0.000548533865519777	0.00246541623895467
ENSMUSG00000110357	605.223381678331	0.258686353122608	0.0748646234887268	3.4553884206946	0.000549500578377293	0.00246924417321477
ENSMUSG00000020053	877.610315237832	-1.22226181923415	0.353960192096432	-3.45310531106604	0.000554172609847042	0.0024897172965627
ENSMUSG00000100927	17.075362494823	-1.18937086769406	0.344675750504777	-3.45069493851026	0.000559145198976372	0.00251153187721841
ENSMUSG00000021639	1173.42617088664	-0.161368898075126	0.0467713536851238	-3.45016522637982	0.000560243548485557	0.00251593891460062
ENSMUSG00000022211	2899.4602300841	-0.189500965724033	0.0549314948279623	-3.44976895891006	0.00056106651617419	0.00251910768378899
ENSMUSG00000127526	27.8517143973267	-0.876914759907994	0.254219964674912	-3.44943309637135	0.000561764916393058	0.00252171595468285
ENSMUSG00000028621	291.525872397761	-0.280119353153059	0.0812315390306701	-3.44840632709539	0.000563905028177458	0.00253079350509247
ENSMUSG00000110980	167.943065215851	-0.361201011723904	0.104775408223852	-3.44738348288942	0.000566044506333704	0.0025398644174246
ENSMUSG00000058392	443.105298441834	0.20393135785934	0.0591593595794816	3.44715289869484	0.000566527861165761	0.00254150199953693
ENSMUSG00000022668	1793.12764963753	-0.135172903518652	0.0392137853093597	-3.44707613540151	0.000566688859055344	0.00254169307323068
ENSMUSG00000097788	48.8543953706097	-0.53714421180759	0.155840055514074	-3.44676604506907	0.000567339654332792	0.00254408043031287
ENSMUSG00000026915	4483.45079586482	-0.19003503515798	0.055142182498831	-3.44627337088097	0.000568375075002335	0.00254803851482767
ENSMUSG00000006021	515.970371294933	-0.218539444920778	0.0634140049977612	-3.44623312986607	0.00056845972456488	0.00254803851482767
ENSMUSG00000025260	2002.63610357765	-0.161439103371231	0.0468526117718993	-3.44567991550169	0.000569624637293737	0.00255272702800571
ENSMUSG00000027959	463.342809471959	-0.23348740732311	0.0677664646554795	-3.44547127417884	0.000570064553810921	0.00255416524986542
ENSMUSG00000024935	303.315583609773	-0.369426850801301	0.107225015711357	-3.44534200671767	0.000570337270660308	0.00255485389231932
ENSMUSG00000064068	1031.53210248325	-0.223815799910207	0.0649830437225545	-3.44421847745067	0.000572712713554577	0.00256495954708169
ENSMUSG00000096446	26.9568379234142	-1.38312832001724	0.401597442693611	-3.44406655266594	0.000573034629562284	0.00256586594872424
ENSMUSG00000017831	8763.22384120195	0.0638947956772525	0.018559225631735	3.44275116565192	0.000575828878496774	0.00257783998035699
ENSMUSG00000033096	3877.69064460868	0.134605676465796	0.0391036804526214	3.44227640231681	0.000576840520352571	0.00258183040239539
ENSMUSG00000026895	4762.08866106348	-0.114988301685178	0.0334079074123968	-3.44194864604146	0.00057753987986193	0.00258442173465003
ENSMUSG00000028436	4834.18605697154	0.107895588766921	0.0313543254097503	3.44117079085261	0.00057920281242365	0.00259132296196042
ENSMUSG00000034757	5287.07805659147	0.112300897440499	0.0326354991247499	3.44106572451142	0.000579427769243306	0.00259178922579221
ENSMUSG00000058486	1349.92308915499	0.107720928395183	0.0313066217886062	3.44083526873497	0.000579921481452526	0.00259345719184582
ENSMUSG00000032946	358.02995907649	-0.348588001421836	0.101341585933485	-3.43973303960953	0.000582288240552782	0.00260349914011789
ENSMUSG00000022300	1428.5384257296	0.144976696586868	0.0421511928648843	3.43944469262332	0.000582908875304922	0.00260573134470959
ENSMUSG00000027164	1242.10906136691	0.163599414641808	0.0475751714173522	3.43875617823078	0.000584393317656475	0.00261182322648634
ENSMUSG00000066551	5825.51502367687	0.14445119014876	0.0420096612780538	3.43852308621736	0.00058489666273398	0.00261352867657111
ENSMUSG00000044916	60.8514005314707	0.597891252199455	0.173898618443176	3.43815987471358	0.000585681795818095	0.00261649228491805
ENSMUSG00000003662	3456.94082298051	-0.0943328421403549	0.0274392322951531	-3.43788197591147	0.000586283175837148	0.00261863392686646
ENSMUSG00000029190	5168.68153107714	0.14613413031883	0.0425204595120389	3.43679565074913	0.000588639530967444	0.00262861164380012
ENSMUSG00000022544	405.05565590302	-0.236572281917206	0.0688470257324123	-3.43620191868115	0.000589931122250649	0.00263383142059743
ENSMUSG00000017837	1967.59822292876	0.133131459615823	0.038754988492519	3.43520833818648	0.000592098437755137	0.00264295800891074
ENSMUSG00000038412	4102.38128715772	-0.149007548166382	0.0433809972354083	-3.43485760269152	0.000592865271940069	0.00264583075415084
ENSMUSG00000029833	1578.14419055134	0.157639848403727	0.0459012035574193	3.43432930264084	0.000594022071370976	0.00265044227479721
ENSMUSG00000038280	3595.25448886305	-0.127799670835491	0.0372137664502845	-3.43420414072369	0.000594296441549683	0.00265111542275676
ENSMUSG00000029482	9828.28008604212	0.223502593220526	0.0650836951647303	3.43407965166742	0.000594569453744078	0.00265128193776009
ENSMUSG00000029128	2011.64677650122	-0.119628229195451	0.0348359840029565	-3.43404191439801	0.000594652236963847	0.00265128193776009
ENSMUSG00000094500	154.028277619803	-0.359221957080666	0.104606888470215	-3.43401818306591	0.000594704301235202	0.00265128193776009
ENSMUSG00000029647	866.728030306316	0.156104173482792	0.0454603688741044	3.43385188789599	0.000595069255982621	0.00265235810816506
ENSMUSG00000017639	7708.15993246525	0.210160358067845	0.0612101326881442	3.43342431780991	0.00059600856725415	0.00265599333707237
ENSMUSG00000048007	322.748540102375	0.284397989508439	0.082834765968888	3.43331675030333	0.00059624509509898	0.00265620770494782
ENSMUSG00000025979	6456.18875901725	0.0917468845918784	0.0267227316361823	3.43328989868887	0.00059630415215427	0.00265620770494782
ENSMUSG00000035342	1382.23259055405	0.245684859054181	0.0715615614106318	3.43319589750707	0.000596510939900409	0.00265657755931581
ENSMUSG00000020457	5692.45988461217	0.0828911810127083	0.0241446336236613	3.43310991190508	0.000596700153088669	0.00265686900771652
ENSMUSG00000038895	297.254033271314	0.249796561859206	0.0727671483460288	3.43282054521844	0.00059733732119851	0.00265915448711058
ENSMUSG00000006675	3091.89226138011	-0.139446247229981	0.0406275549894851	-3.43230714390939	0.000598469358929489	0.00266364156308945
ENSMUSG00000036960	61.8930897840003	-0.600156277438676	0.174860294834335	-3.43220442357868	0.000598696094422272	0.00266409833392796
ENSMUSG00000028851	6346.13300827956	0.0757709604231837	0.0220800361095359	3.43165020416157	0.000599920807886085	0.00266899483151973
ENSMUSG00000024754	1884.82053176967	0.246617981564183	0.0718692875525849	3.43147942552984	0.00060029866403576	0.00267012248698542
ENSMUSG00000026322	686.849059878601	-0.391450647934343	0.114082619427418	-3.43129084779993	0.000600716158901411	0.0026714259513109
ENSMUSG00000006403	82.1729531473795	0.599393900040881	0.174700772171134	3.43097453200565	0.000601417061735478	0.00267398894929862
ENSMUSG00000098923	603.683289835612	0.187148479591067	0.0545526661326102	3.43060189095313	0.000602243748401741	0.00267711002344
ENSMUSG00000085733	20.5644768061421	-1.0069228953043	0.293568849053418	-3.42993781033315	0.000603719602362669	0.00268311490358531
ENSMUSG00000042826	1202.74137870531	0.379243200881483	0.110591267660703	3.4292327857658	0.000605290133492571	0.00268855498180293
ENSMUSG00000110195	120.61817253615	-0.408085903808072	0.119002159747208	-3.42923107172973	0.000605293956353142	0.00268855498180293
ENSMUSG00000068551	528.240601585286	-0.229504960282069	0.0669262930794539	-3.42921966422979	0.000605319399378251	0.00268855498180293
ENSMUSG00000031837	923.635344695426	-0.275307804095879	0.0802846619416236	-3.42914571024862	0.0006054843687781	0.00268873137364309
ENSMUSG00000051817	1212.67185424613	-0.182442668059591	0.0532088152856544	-3.42880530378544	0.000606244254341859	0.0026915489480253
ENSMUSG00000128647	24.7708048279442	-0.940108777826543	0.274195053595677	-3.42861319158883	0.000606673495949773	0.00269281206369203
ENSMUSG00000029725	743.296603459522	-0.235122631041446	0.0685775486174452	-3.42856570089812	0.00060677964930953	0.00269281206369203
ENSMUSG00000026277	9057.35156481698	0.0828419611936203	0.0241635399941534	3.42838678495224	0.000607179725652368	0.00269403058926286
ENSMUSG00000026656	562.324875305651	0.745723833348738	0.217534490720279	3.42807170890267	0.00060788486830251	0.00269660189770235
ENSMUSG00000134775	16.8341096526452	-1.04331134564241	0.30444825781153	-3.42689215284746	0.000610531496626844	0.00270778287326277
ENSMUSG00000037032	16259.7948340221	-0.144074316296799	0.0420447733157456	-3.42668790755126	0.000610990859602097	0.00270926044045004
ENSMUSG00000107902	33.8823235778402	-0.686270743901223	0.200282067441027	-3.42652116921699	0.000611366105046595	0.00271036447974602
ENSMUSG00000029060	2167.31956664903	-0.11590788144696	0.03382853093311	-3.4263350565281	0.000611785205853382	0.00271166244659275
ENSMUSG00000025102	471.603514422604	-0.221673527122488	0.0647191552199831	-3.42516101097134	0.000614435167780958	0.00272253919890542
ENSMUSG00000039431	8537.36323390321	0.197698651321713	0.0577199499313951	3.42513553037891	0.000614492798783972	0.00272253919890542
ENSMUSG00000073565	123.093052407569	-0.51745037430689	0.151085786177949	-3.42487792794377	0.00061507571639418	0.00272410045190129
ENSMUSG00000120279	58.9537844722296	-0.655573013766145	0.191415576047047	-3.42486764820546	0.000615098988650216	0.00272410045190129
ENSMUSG00000030282	7759.64963240368	-0.115416137093367	0.0337037297463433	-3.42443219079896	0.000616085571655751	0.00272790694743448
ENSMUSG00000003421	4521.66380069881	0.0945170900176869	0.02760595511837	3.42379351166849	0.000617535242614466	0.00273376191337639
ENSMUSG00000000125	30.0448925049631	-0.734980152217212	0.214685951984792	-3.42351302179882	0.00061817289974448	0.00273602050843608
ENSMUSG00000021751	10.9461322291682	1.39178749594983	0.406627162079283	3.42276076402014	0.00061988608585996	0.00274303746012573
ENSMUSG00000030411	648.543651402232	0.3297784441158	0.0963625684772266	3.42226706206712	0.000621012838825807	0.00274745704827592
ENSMUSG00000029686	7993.56405367802	0.0936427325463881	0.0273646646401834	3.42203106735243	0.000621552111455794	0.0027492762465506
ENSMUSG00000085360	19.4450319109266	-0.930608677055103	0.271980826194582	-3.42159662530521	0.000622545996518415	0.00275310514241127
ENSMUSG00000036565	4992.28742165349	0.143080054624673	0.0418189948138514	3.42141305073362	0.0006229664093802	0.00275439689881676
ENSMUSG00000036422	335.225260550897	0.488833479940266	0.14295402036652	3.41951544060772	0.00062732772155541	0.00277294581551651
ENSMUSG00000035357	412.66351052958	-0.471891341173261	0.138001091718191	-3.41947542079523	0.000627420004936349	0.00277294581551651
ENSMUSG00000042460	1392.28265481939	0.158235018726064	0.0462755251485943	3.41941054624359	0.000627569628744727	0.00277303615698524
ENSMUSG00000023942	2143.79406114496	-0.183298267372766	0.0536187896617001	-3.41854541158538	0.000629568112837605	0.00278129432191234
ENSMUSG00000078864	77.7528977668928	-0.506246739160886	0.148111740225393	-3.41800547607158	0.000630818377158575	0.00278601858899105
ENSMUSG00000039621	2684.75349361735	-0.234080842315013	0.0684853107708282	-3.41797152820575	0.000630897063313402	0.00278601858899105
ENSMUSG00000074575	175.305049087887	-0.463988452634101	0.135763489764981	-3.41762320221222	0.000631704959339612	0.00278901247576802
ENSMUSG00000004451	1585.03437658025	0.174462660349511	0.0510653463259125	3.41645896683134	0.000634412238657211	0.00280038928953644
ENSMUSG00000107875	83.2368677350594	-0.462024785541695	0.135261454509509	-3.4157904572083	0.00063597164564571	0.00280669558910995
ENSMUSG00000001158	1519.85741510015	-0.18284847353957	0.0535365929470324	-3.41539241618298	0.000636901833578691	0.00281022297216859
ENSMUSG00000127884	7.57249877942894	1.51809952953892	0.444498493991762	3.41530860072396	0.000637097864389964	0.00281051022544081
ENSMUSG00000096934	74.7998359000226	0.644891959733972	0.188955576995875	3.41292895392047	0.00064268694611454	0.00283458351865517
ENSMUSG00000029319	3204.55627501043	-0.1738709715621	0.050963804757072	-3.41165602511208	0.000645695366107521	0.00284726719984882
ENSMUSG00000016028	797.951838991193	0.330069159158749	0.0968209075691091	3.40906904764502	0.000651849787622518	0.0028738154736301
ENSMUSG00000141641	28.6187756808271	-0.755294453575888	0.221578887894474	-3.40869322322619	0.000652748399086536	0.00287718626997774
ENSMUSG00000071234	1093.421406904	-0.211098891034647	0.0619390175908264	-3.40817305868785	0.000653994034423134	0.00288208498109772
ENSMUSG00000020290	4816.92698650511	0.154442714786473	0.0453304601313856	3.40704052724893	0.000656713751351232	0.00289347647506271
ENSMUSG00000043857	292.594371453107	-0.462791192182722	0.13587275932003	-3.40606310270537	0.000659069438648866	0.00290325971065802
ENSMUSG00000034158	5640.17101185633	0.187686708195747	0.0551217121077693	3.40495062687455	0.000661760172542915	0.00291447613014014
ENSMUSG00000102101	261.140607671633	-0.302608964737137	0.0888745996994549	-3.40489820219121	0.000661887223256927	0.00291447613014014
ENSMUSG00000020886	10565.71048195	-0.1369677357994	0.0402280544714785	-3.40478150382612	0.000662170122060654	0.00291512383924405
ENSMUSG00000005699	788.977384938398	-0.192815598678695	0.0566494248323778	-3.40366383682136	0.000664885257843445	0.0029264767161918
ENSMUSG00000008035	13022.2339519215	-0.100243710358476	0.0294579636951447	-3.40294092951842	0.000666646917452406	0.00293362909594779
ENSMUSG00000031438	480.671213000963	-0.296437352828391	0.0871263428095907	-3.40238489610699	0.000668004872218623	0.00293900237488111
ENSMUSG00000037621	108.252638933795	-0.758520282907916	0.222956313100501	-3.40210273644955	0.000668694950843759	0.00294143561778937
ENSMUSG00000032435	13431.9994566842	0.12757613764629	0.0374999032054827	3.40203911853398	0.000668850632888448	0.0029415176573619
ENSMUSG00000138116	24.2811482462484	-1.03351190450651	0.303852772513321	-3.4013574928338	0.000670520783570337	0.00294825873415011
ENSMUSG00000021215	1706.37403064228	0.314070646820118	0.092396802410881	3.39915060505526	0.000675954838116949	0.00297154342720017
ENSMUSG00000032743	958.482277821945	0.195681566212658	0.057574344224397	3.39876326597808	0.000676912802257225	0.00297514541630909
ENSMUSG00000058070	32522.61254034	-0.194810991285409	0.0573251180368416	-3.39835307727073	0.000677928653794739	0.00297900030345095
ENSMUSG00000078435	252.734977287729	-0.296501337932564	0.0872564658607003	-3.398044316921	0.000678694247933645	0.00298175413961188
ENSMUSG00000037351	23644.5374462417	0.10673419351092	0.0314140904913585	3.39765346828299	0.000679664538728368	0.00298540597265053
ENSMUSG00000041730	9127.13181101187	-0.14248746138251	0.041955493509363	-3.39615743885153	0.0006833903928938	0.00300115756420997
ENSMUSG00000025656	3232.37307673084	-0.126143707018171	0.0371443143557595	-3.39604349160941	0.000683674954650183	0.00300179312262647
ENSMUSG00000060380	70.9015719671114	-0.554279395419127	0.163224406380577	-3.39581198492313	0.000684253438196146	0.00300371867163977
ENSMUSG00000039238	27.7142085622026	-1.00969032290287	0.297379960235171	-3.39528703314237	0.000685566861511219	0.00300886899390714
ENSMUSG00000036403	314.955307081362	0.318076326517975	0.0937009488010388	3.39459024255311	0.000687313843292822	0.00301591965660746
ENSMUSG00000028007	10362.7584655019	-0.14522790802949	0.0427876248020556	-3.39415680822071	0.000688402629187325	0.00302007987699471
ENSMUSG00000038866	975.846120577753	0.204085978059225	0.0601662331787235	3.39203515455237	0.000693755385064801	0.00304294096767491
ENSMUSG00000028439	18747.2386027841	0.14240672609384	0.0419875991014026	3.39163774880101	0.000694762298111835	0.00304673493182199
ENSMUSG00000020639	154.662693720755	-0.421059049816148	0.124162619914257	-3.39119011911088	0.000695898090793819	0.00305109240542895
ENSMUSG00000030757	255.761124315053	-0.401677375181744	0.1184675858407	-3.39060994896839	0.000697372752606274	0.00305693353225368
ENSMUSG00000040631	24346.4746570691	-0.164924537686879	0.0486456799075966	-3.39032238834273	0.000698104742898578	0.00305951743794628
ENSMUSG00000114165	10.943065158125	1.41238839925574	0.416965003142132	3.38730682098588	0.00070582404282568	0.0030927166571333
ENSMUSG00000024392	9038.21141140723	0.143526116774492	0.0423740616136652	3.3871220107021	0.000706299693162424	0.00309416922722951
ENSMUSG00000032293	4998.65332711273	0.15600767828108	0.0460621068459383	3.38689845001817	0.000706875474341756	0.00309605976988781
ENSMUSG00000113769	32.4628720329539	0.87862818889171	0.259465342520858	3.38630269597982	0.000708411971074573	0.00310215654244936
ENSMUSG00000028049	4401.711172644	0.107505801628953	0.0317500781995005	3.38600116048358	0.000709190837270198	0.00310493381865023
ENSMUSG00000107682	21.4077573928962	0.943898507484498	0.278781967904394	3.3857946931783	0.000709724601183563	0.00310663708992789
ENSMUSG00000078161	1441.91833375246	-0.283041999300356	0.0836046167973341	-3.38548288531096	0.000710531401462176	0.00310953456957942
ENSMUSG00000024038	5269.42417247851	-0.137408585938483	0.0405904247617983	-3.38524631720053	0.000711144087951741	0.00311158153118061
ENSMUSG00000036707	21650.1704992153	0.130840926920025	0.0386517703220648	3.38512119444458	0.000711468341156204	0.00311236588776423
ENSMUSG00000034968	7.81161126060316	-1.60421523504652	0.473999599599532	-3.38442318601507	0.000713279738660348	0.00311965421150836
ENSMUSG00000104156	18.3889671272463	1.05152665256665	0.31080022254077	3.38328796540265	0.000716234896940998	0.00313194098548288
ENSMUSG00000066197	1251.70116991389	0.273993395450965	0.0809869842756142	3.38317814771955	0.000716521372303717	0.00313255555557466
ENSMUSG00000037640	1788.51339975209	0.12777589307549	0.037773761311598	3.38266269068253	0.000717867439885474	0.0031378013570722
ENSMUSG00000026309	1666.06901991305	-0.116918518924625	0.034572678396248	-3.38181837069685	0.000720077379091178	0.00314682024014072
ENSMUSG00000035352	95.4347163915376	1.25496783467876	0.371186254366205	3.38096526990634	0.000722316719457317	0.00315596391204371
ENSMUSG00000103103	137.175350923082	-0.324162274787132	0.095898146688889	-3.38027674130944	0.000724128783433517	0.0031632373759023
ENSMUSG00000027805	27138.9393135102	-0.107894478165908	0.0319298377682974	-3.37911138004699	0.000727205397550647	0.00317603073526393
ENSMUSG00000039853	328.322994948343	-0.222826258186857	0.0659443094149219	-3.37900662185774	0.000727482558615797	0.00317659491522512
ENSMUSG00000087128	92.4161579560129	-0.395313331787285	0.11701090377612	-3.37843157372452	0.000729005724773989	0.00318259851291406
ENSMUSG00000022763	772.264588966506	-0.363545275321493	0.10764402486062	-3.37729173349122	0.000732033650846885	0.00319516761876357
ENSMUSG00000029213	1513.00115986275	-0.151261348558886	0.0447988586624257	-3.37645540701584	0.000734262734210903	0.0032042455483983
ENSMUSG00000111324	5.20542544276123	1.95459828092077	0.579117565397319	3.37513209356682	0.000737802681166056	0.00321903909632328
ENSMUSG00000011306	2559.25267023792	0.147709572572206	0.0437691255061088	3.37474351758731	0.000738845153190339	0.00322293234269129
ENSMUSG00000028088	738.093589372081	-0.220331963159842	0.0653146649875578	-3.37339192050996	0.000742481883981878	0.00323813817991771
ENSMUSG00000028454	534.398743656353	-0.216220230681432	0.0640976129976462	-3.37329614270304	0.000742740222277708	0.00323860686805064
ENSMUSG00000071652	974.58307550365	0.160270683383496	0.0475156503682207	3.37300830655761	0.000743517095656659	0.00324133590076479
ENSMUSG00000121788	35.6200711971736	-0.626990204066727	0.185932768823204	-3.37213396022143	0.000745881597861878	0.00325098363039656
ENSMUSG00000037846	47.145667625872	-0.592099698056761	0.175599820624988	-3.3718696064118	0.000746597865817817	0.00325344494268073
ENSMUSG00000024533	4361.93321396936	0.161811263433515	0.0480074488196166	3.3705449344227	0.000750196701341581	0.00326846405337901
ENSMUSG00000079038	87.445367595709	-0.530463893622517	0.157439393320314	-3.36932125077029	0.000753535482256991	0.00328234429020466
ENSMUSG00000087196	164.143863852511	-0.347372760774122	0.10310099464732	-3.36924742542386	0.000753737352993317	0.00328255752066434
ENSMUSG00000026096	61.0696351516358	-0.551872254355044	0.163827482066787	-3.36861830135474	0.000755459691534723	0.00328939102200494
ENSMUSG00000050138	1333.32321365463	0.404740426692861	0.12019502826578	3.36736412922073	0.000758904119668726	0.00330309926785198
ENSMUSG00000040177	1666.11326401373	0.134175707912057	0.0398459659284239	3.36735990170447	0.000758915754637378	0.00330309926785198
ENSMUSG00000028936	7086.76413215504	-0.14277289840603	0.04242403019348	-3.36537801229389	0.000764388586976493	0.00332624476141038
ENSMUSG00000032745	3033.21515187934	0.081472400803922	0.0242098733241074	3.36525514665929	0.000764729074148002	0.00332705194683036
ENSMUSG00000035227	3914.69321205599	-0.11052725269288	0.0328451873586542	-3.36509734245001	0.000765166590220138	0.00332813744261752
ENSMUSG00000006673	4123.27821229633	0.117582073043162	0.0349424059785612	3.36502509630574	0.000765366971987232	0.00332813744261752
ENSMUSG00000115124	57.7228829688792	-0.511216616646404	0.15192410803949	-3.36494729666947	0.000765582811391768	0.00332813744261752
ENSMUSG00000067150	2720.16448557792	0.153492934915278	0.0456153346106532	3.3649415536553	0.000765598746466286	0.00332813744261752
ENSMUSG00000091971	439.709634880108	0.460171041967438	0.136778974701025	3.36434048415183	0.000767268230778902	0.00333471954685157
ENSMUSG00000087670	73.8937587930262	-0.611411691454155	0.18173716917072	-3.36426331632694	0.000767482810833793	0.00333497692659073
ENSMUSG00000000439	2387.63693852209	0.0990827890135303	0.029454282804421	3.36395184603369	0.00076834948061243	0.00333806718292379
ENSMUSG00000010045	1997.52263886506	0.130800557337064	0.0388838005225468	3.36388304587715	0.000768541040340699	0.00333822379035885
ENSMUSG00000037972	7450.42089284155	-0.11998614065586	0.0356735325099853	-3.36344993651175	0.000769747961798901	0.00334278975277669
ENSMUSG00000042213	77.9437177815457	-0.478912606594877	0.1424038076804	-3.36306040123387	0.000770834960573144	0.00334683318439788
ENSMUSG00000030200	355.842846105373	-0.341111057407825	0.10143383960093	-3.36289209547677	0.000771305058779706	0.00334819704585747
ENSMUSG00000024213	9399.73679022626	-0.097841042652089	0.0290955727840596	-3.36274674426387	0.000771711256355742	0.0033492830224287
ENSMUSG00000032834	1420.77763122454	0.172937491927855	0.0514324611988678	3.36241913952315	0.000772627506833659	0.00335258177919776
ENSMUSG00000017801	1182.19106756873	-0.143958534774721	0.0428213964124788	-3.3618365311592	0.000774259451259507	0.00335898411090068
ENSMUSG00000078698	808.57669357612	-0.416547418984887	0.12393642402847	-3.36097658335858	0.000776674099531806	0.00336877878774495
ENSMUSG00000026469	4660.07416916808	0.171224410842539	0.050946364647361	3.3608759334982	0.000776957170896621	0.0033693257839327
ENSMUSG00000022105	2293.43059255425	0.220158504507847	0.0655219168309524	3.36007423402858	0.000779215321904178	0.00337843589173805
ENSMUSG00000034295	1184.06373263047	0.225203815812467	0.0670258313852694	3.35995557470938	0.000779550067349069	0.00337920471440127
ENSMUSG00000022884	46551.2310069036	-0.0819229047097838	0.02438365886728	-3.35974617901642	0.000780141111498465	0.00338108400957522
ENSMUSG00000027107	57.706124291071	0.546070141542202	0.162566809048423	3.35905062502363	0.000782107382159002	0.00338892149080039
ENSMUSG00000003352	22284.2094017125	0.107989655578685	0.0321563203048319	3.35827154832942	0.000784315225671461	0.00339780234798458
ENSMUSG00000028996	26.7350988079213	-0.870458520658507	0.259257452243573	-3.35750626693928	0.000786489605606457	0.00340653467997341
ENSMUSG00000048379	2070.1256491186	0.195318661694074	0.0581781625289778	3.3572504390593	0.000787217731618215	0.0034090005702878
ENSMUSG00000028467	1596.59701099627	-0.154213485315677	0.0459379985172057	-3.35699182144205	0.000787954433569877	0.00341150259600867
ENSMUSG00000044551	144.296875077315	-0.463337306088084	0.138048251950736	-3.35634315929932	0.000789805038373865	0.00341882535868792
ENSMUSG00000070953	1168.69801694854	-0.161792038876321	0.048210325928909	-3.35596235368538	0.00079089333864213	0.00342284604985725
ENSMUSG00000029815	672.879857171459	-0.205451322595188	0.0612240593734823	-3.35572852727524	0.000791562278155524	0.00342505056699989
ENSMUSG00000036853	3.80254396461983	2.38774723814891	0.711820006197408	3.35442558141127	0.000795299421027914	0.00344052748322959
ENSMUSG00000099762	3.89826680609733	2.93666667887975	0.875541051368693	3.35411649092752	0.000796188362090305	0.00344367910147703
ENSMUSG00000028378	801.645985184488	-0.181504793441074	0.0541161398251947	-3.35398633434256	0.000796562966933751	0.0034446052877115
ENSMUSG00000040760	5592.40150763054	0.114367556046483	0.0341012885819	3.35376054109538	0.000797213212558064	0.00344672282392173
ENSMUSG00000044156	26.8849521779067	-0.822771111258454	0.245364362239769	-3.35326248583095	0.000798649267975508	0.00345223624372981
ENSMUSG00000024393	14346.3089724037	0.15783694912055	0.0470767110948612	3.35276074835609	0.000800098367472648	0.00345780381642196
ENSMUSG00000075585	1125.94034689557	-0.247789938939374	0.0739111414455796	-3.35253838721758	0.000800741362631655	0.00345988608901995
ENSMUSG00000046491	156.915822749563	-0.828184625447631	0.2470373551884	-3.35246717977541	0.000800947372445919	0.00346006655295754
ENSMUSG00000022911	556.839041715073	0.182281500195204	0.0543732307455663	3.35241253270697	0.000801105504900727	0.00346006655295754
ENSMUSG00000056698	367.562879746741	-0.220067832421386	0.0656481944492968	-3.3522297797749	0.000801634548324987	0.00346116509217535
ENSMUSG00000070939	3189.02764967887	-0.134639901943423	0.040164479607215	-3.35221328049366	0.000801682327322082	0.00346116509217535
ENSMUSG00000040648	5377.33405958038	-0.161429628356816	0.0481683437834699	-3.35136348225896	0.000804146768869141	0.00347080258905853
ENSMUSG00000028391	136.050657495491	-0.313618032357823	0.0935801121946016	-3.35133208331327	0.000804237961333138	0.00347080258905853
ENSMUSG00000022339	953.983891020494	-0.156190855365704	0.0466074461091461	-3.35119961303895	0.00080462280254663	0.00347176544310874
ENSMUSG00000021786	762.893224496459	-0.151866540261241	0.0453234494608959	-3.35072775941885	0.000805994979834615	0.00347619242205246
ENSMUSG00000004633	1821.240504842	-0.228356498870501	0.0681515266073662	-3.35071729480259	0.000806025436135125	0.00347619242205246
ENSMUSG00000036790	551.666376770798	0.289710924934208	0.0864633280055711	3.35067978086086	0.00080613462577924	0.00347619242205246
ENSMUSG00000024665	10396.552600252	0.197048349021271	0.058814549750999	3.35033337593346	0.000807143535167373	0.00347984396985395
ENSMUSG00000028710	2760.47991460176	-0.191736245866252	0.0572307816664935	-3.35022937452741	0.000807446669395072	0.00348045184844068
ENSMUSG00000086756	14.8669012721183	1.03547241117792	0.30908085873339	3.35016673443084	0.000807629298257471	0.00348054015587129
ENSMUSG00000019518	1148.50502027848	0.181527879618118	0.0541870069296162	3.35002595463346	0.000808039885373168	0.00348161063416709
ENSMUSG00000037594	496.100535075428	0.232828736462153	0.0695093540805202	3.34960293534655	0.00080927479536854	0.00348623173939014
ENSMUSG00000035478	3134.32917554982	-0.0991179857302377	0.0295978758107971	-3.34882092092839	0.000811562323499629	0.00349538459796209
ENSMUSG00000128092	46.5190679527593	-0.620749649767385	0.185421465504794	-3.34777663458461	0.000814626398609552	0.00350787768757325
ENSMUSG00000022614	1282.03198582208	0.169598006258201	0.050662538130134	3.34760184779065	0.000815140293742165	0.00350931225707296
ENSMUSG00000054484	1976.943912536	0.15242823050705	0.0455342364669825	3.34755213514073	0.000815286510110075	0.00350931225707296
ENSMUSG00000031513	9331.80651917957	0.12346226187677	0.0368988039985073	3.34596920490335	0.000819955016595727	0.00352869975666477
ENSMUSG00000026154	1117.27240224706	-0.222215268237537	0.0664181914659801	-3.3456988715412	0.000820754780947293	0.00353143357943768
ENSMUSG00000034282	72.0513220228362	-0.529604703989227	0.158312872433344	-3.34530411740341	0.000821923936483068	0.00353575535481874
ENSMUSG00000008153	3723.11705936768	0.294185070957805	0.08796521015453	3.34433431627122	0.000824802790436307	0.003547428711582
ENSMUSG00000034127	4766.73464800788	0.144144083354567	0.0431040511573392	3.34409596045648	0.000825511780195054	0.00354962173658281
ENSMUSG00000032718	474.29239714564	-0.225283190169081	0.0673683328896565	-3.34405173032966	0.000825643404954718	0.00354962173658281
ENSMUSG00000030763	2336.80415257639	-0.128248491954102	0.0383520567655831	-3.34397950905182	0.000825858370638624	0.00354983495877627
ENSMUSG00000108368	87.0025556213208	0.497227232716075	0.148739739053354	3.34293468497828	0.000828974090529317	0.00356251407954
ENSMUSG00000124420	31.4323103319761	0.838312396962722	0.250801895715378	3.34252815183694	0.000830189337718273	0.00356658640629287
ENSMUSG00000038290	2121.32458848972	0.145186694992805	0.0434364730079306	3.3425065374506	0.000830253995725588	0.00356658640629287
ENSMUSG00000046169	40.8289386140242	-0.796695432280474	0.238373373810085	-3.34221653847636	0.000831121960405611	0.00356960064066963
ENSMUSG00000032908	10349.9495034882	-0.198943486927439	0.059535279107122	-3.34160668953074	0.000832949980532674	0.00357673620366361
ENSMUSG00000022108	45232.0346194588	-0.136509588868571	0.0408551292658852	-3.34130845554707	0.00083384529316577	0.00357986461261928
ENSMUSG00000089662	20.7918887817237	0.852652261788023	0.255197966382618	3.34114050309336	0.000834349887270656	0.00358131467309576
ENSMUSG00000090000	2502.69330836982	-0.129188057532103	0.0386670128986281	-3.34104053682114	0.000834650359053988	0.00358188816622409
ENSMUSG00000110605	361.783205739189	0.334427838422387	0.100112242502857	3.34052889098797	0.000836189801279307	0.00358777738841927
ENSMUSG00000022265	7687.71213628387	-0.118732126312874	0.0355542776358902	-3.33946107775847	0.000839411130279871	0.00360087916118859
ENSMUSG00000075706	16288.9241976599	-0.199378405188088	0.0597048315497794	-3.33940151932016	0.00083959114186595	0.0036009317585004
ENSMUSG00000069208	461.977540596402	-0.212843455190942	0.0637731086450298	-3.33751105619861	0.000845323586522367	0.00362479346949443
ENSMUSG00000109946	681.367687836335	-0.161424658246663	0.0483719005612957	-3.33715765503384	0.000846399222673785	0.00362868098939794
ENSMUSG00000055026	146.408148018928	-0.743256842912827	0.22274003924956	-3.33688027270245	0.000847244371712051	0.00363157901021783
ENSMUSG00000028626	562.341666433671	-0.656881208634646	0.196886924694281	-3.33633739088885	0.000848900729627813	0.00363795229830118
ENSMUSG00000078866	728.214302378719	-0.252088816022066	0.0755675938376451	-3.33593810812174	0.00085012087624334	0.00364245403781228
ENSMUSG00000018239	407.806019010595	-0.246713075098036	0.0739978182153675	-3.33405877427343	0.000855885705249489	0.00366631856318335
ENSMUSG00000034024	11509.9011452148	0.0828187694171365	0.0248405796293278	3.33401114840965	0.000856032266778857	0.00366631856318335
ENSMUSG00000031755	1011.83691881695	-0.130226252772021	0.0390697044876683	-3.33317731679093	0.000858602033622482	0.00367659111385202
ENSMUSG00000035834	6714.39995862537	-0.10950076891335	0.0328643194716564	-3.33190434713818	0.000862538970152583	0.00369271271106808
ENSMUSG00000035247	7881.32701288095	0.222842237553802	0.06689081785213	3.33143239549591	0.000864002832228104	0.00369824223262383
ENSMUSG00000019102	45.3530893948271	-1.47561291444951	0.44298820350329	-3.33104336138051	0.000865211239090806	0.00370267632741691
ENSMUSG00000021301	8406.64456184667	-0.241520819179592	0.07253052837082	-3.32991947810984	0.000868711022586508	0.00371691265912736
ENSMUSG00000038784	2060.20246166377	0.186471323453909	0.056014988386062	3.32895406794922	0.000871727794853779	0.00372842065252694
ENSMUSG00000063063	16944.5453858966	0.177139100541096	0.0532117418796287	3.32894760223797	0.000871748032005622	0.00372842065252694
ENSMUSG00000028899	734.678434366587	0.210441413408602	0.0632278648079006	3.32830175505636	0.000873771677553899	0.00373633124110996
ENSMUSG00000027014	716.547851280576	0.188999801251767	0.0568024730905927	3.32731641719783	0.000876867448545859	0.00374870537086662
ENSMUSG00000037362	3474.04167500216	-1.1339799304117	0.340813958825633	-3.3272696174744	0.000877014738306726	0.00374870537086662
ENSMUSG00000028883	17.15854695446	-1.50542800956584	0.452478877154872	-3.32706803692532	0.000877649422022775	0.00375067141014153
ENSMUSG00000051648	84.6993214821984	-0.473400677880453	0.142338052077845	-3.32588981631946	0.000881367618836002	0.0037658115656715
ENSMUSG00000034709	3156.92615824685	-0.120137691870038	0.0361232432744454	-3.32577257687785	0.000881738397655505	0.003766646058522
ENSMUSG00000121107	248.661978897527	0.302553609239468	0.0910162002825649	3.324173150496	0.000886811171511583	0.00378756239706877
ENSMUSG00000054312	1545.46094768177	-0.165600061881329	0.0498183164633744	-3.32407984928746	0.000887107921055742	0.00378807611565199
ENSMUSG00000084802	49.2444766139905	-0.600318929253708	0.180737599118261	-3.32149443271571	0.000895367686373835	0.00382258606915289
ENSMUSG00000041308	1637.72091836634	0.176723033586955	0.0532084295487552	3.32133526746965	0.00089587850193073	0.00382400634767251
ENSMUSG00000026764	55530.8739144996	0.209624466507924	0.0631221494607724	3.32093359143602	0.000897168818567022	0.00382875265593632
ENSMUSG00000019214	124.29675199638	-0.346269017542871	0.104277134624771	-3.32066103263079	0.000898045348586841	0.00383173155491257
ENSMUSG00000015312	441.021257963898	-0.414269342505294	0.124758270438669	-3.32057619145136	0.00089831835382366	0.00383213469459036
ENSMUSG00000104011	235.250596706528	-0.256194933524232	0.077169193897898	-3.31991200871168	0.000900458246574844	0.00384050004390535
ENSMUSG00000031819	3799.2392014248	-0.107675299483986	0.0324344883175165	-3.31977796072814	0.000900890700761742	0.00384158120432093
ENSMUSG00000007036	5407.63577073675	-0.131656502813891	0.0396590493504376	-3.31970899379205	0.000901113271005401	0.00384176712520396
ENSMUSG00000040610	5443.05928003794	-0.142980421926264	0.0430745093792649	-3.31937435821594	0.000902193931401297	0.00384561059004373
ENSMUSG00000022031	5532.87638082887	-0.117035299087566	0.0352617963340793	-3.31903961950048	0.000903276126470895	0.00384830930606325
ENSMUSG00000033152	3310.23375296446	-0.260901881680994	0.0786078958449088	-3.31902894584211	0.000903310653708692	0.00384830930606325
ENSMUSG00000024253	1052.07726357826	-0.14904276602519	0.0449057604636935	-3.3190121820939	0.000903364883688283	0.00384830930606325
ENSMUSG00000020514	1100.26755759875	-0.191742269183725	0.0577792155925023	-3.31853361485591	0.000904914300618933	0.0038541449160885
ENSMUSG00000050310	2413.15838260583	0.210856877476596	0.063542586532376	3.31835527924506	0.000905492312483143	0.00385577425325704
ENSMUSG00000025283	1645.24400506057	0.272094671549539	0.0819980956491732	3.31830476543857	0.000905656097313053	0.00385577425325704
ENSMUSG00000063172	372.176974385798	-0.234338551823657	0.0706249319155909	-3.31807118913379	0.000906413796937727	0.00385784755290034
ENSMUSG00000005803	418.255748040051	-0.319564900121497	0.0963112347181245	-3.31804385082148	0.000906502518253484	0.00385784755290034
ENSMUSG00000046008	183.10877057422	0.355340192805708	0.10710178529355	3.31778029499483	0.000907358251675604	0.00386072393071725
ENSMUSG00000120554	242.483162380719	-0.262010997326067	0.0789778120933573	-3.31752666199908	0.000908182473728269	0.00386290767232391
ENSMUSG00000022177	1042.80275039402	-0.391716360401494	0.11807535458838	-3.31751161592568	0.000908231390208644	0.00386290767232391
ENSMUSG00000109812	112.783224536108	0.48431506995672	0.146005732165821	3.317096272677	0.00090958268234597	0.00386788864089512
ENSMUSG00000031732	2482.5559436457	0.225116055080207	0.0678686833535338	3.31693564626204	0.000910105769328115	0.00386934649324566
ENSMUSG00000040390	5319.04308576907	-0.133283983144487	0.0401887741813545	-3.31644808430917	0.000911695244127721	0.00387533665553379
ENSMUSG00000114621	141.255701822078	-0.415405789127215	0.125267826730211	-3.31614110318905	0.000912697336331417	0.00387882815713526
ENSMUSG00000030322	290.397298794454	-0.294266283729117	0.0887427558251373	-3.31594709892661	0.000913331159392518	0.00388075349713377
ENSMUSG00000014177	939.816331832979	-0.182252879125022	0.0549659868979276	-3.31573923094417	0.000914010728665603	0.0038828724127322
ENSMUSG00000117310	8.10576455190325	1.36591736333126	0.411978031307928	3.31551019600441	0.000914760040248197	0.00388528670834345
ENSMUSG00000022551	8225.31799662215	-0.10406753417367	0.0313966735335186	-3.31460382459208	0.00091773091568116	0.00389713389436435
ENSMUSG00000035329	1323.35774563364	0.222218290179787	0.0670511845130367	3.31415905317201	0.000919192041220225	0.00390256652627242
ENSMUSG00000058317	3751.02704484736	-0.0931098719097259	0.0281001933108555	-3.31349577847055	0.000921374979916377	0.00391106096873343
ENSMUSG00000022742	2051.11533975475	-0.129200871714038	0.0389971200295043	-3.31308752072685	0.000922721006039098	0.00391600022056846
ENSMUSG00000037608	4815.47886106935	0.17761003152157	0.0536101514928444	3.3129925317461	0.000923034445964168	0.0039165561211834
ENSMUSG00000023944	148849.979893015	0.148931677597267	0.0449561629765158	3.31282003926949	0.000923603880332602	0.00391819780537937
ENSMUSG00000028690	1367.67617176498	-0.138648489194645	0.0418536566166452	-3.31269715486471	0.000924009746426159	0.00391914507346057
ENSMUSG00000102748	251.033401786357	0.386203870829398	0.116632324022182	3.31129362350653	0.00092865710716319	0.0039380785188394
ENSMUSG00000097425	43.1434126135362	0.703469712808528	0.212457742426031	3.31110415076281	0.000929286144168988	0.003939379976849
ENSMUSG00000048636	75.5942495960216	0.624363255651548	0.188567250270885	3.31109063082069	0.000929331044571105	0.003939379976849
ENSMUSG00000109780	105.743118657009	-0.364439135705125	0.110085644389817	-3.31050554071003	0.000931276084834378	0.00394684549596343
ENSMUSG00000027709	1431.44236682249	-0.155761214245974	0.0470516853549873	-3.31042794898448	0.000931534309418262	0.00394716057757055
ENSMUSG00000057177	8144.33112428939	0.101297234392484	0.0306043827357346	3.30989307208625	0.000933316180687494	0.00395393036010218
ENSMUSG00000020098	1650.10568397821	-0.193332347812048	0.0584266683713634	-3.30897436395339	0.000936384106524672	0.00396544491261671
ENSMUSG00000117042	65.4083999857641	-0.461086168613824	0.139344380222953	-3.30896852729963	0.000936403627226967	0.00396544491261671
ENSMUSG00000082896	160.016265034874	0.403090451516124	0.121825362905084	3.30875641905682	0.000937113279600542	0.00396715097624278
ENSMUSG00000104876	9.20680550909423	1.62497544482812	0.4911164376879	3.30873764372101	0.000937176120400965	0.00396715097624278
ENSMUSG00000044243	540.57297971925	-0.368036215490893	0.111255497259792	-3.30802723960232	0.000939556703972386	0.00397644404721436
ENSMUSG00000029344	1278.55970429451	-0.136678431492763	0.041318746332336	-3.30790364241518	0.000939971453189013	0.00397741518118576
ENSMUSG00000048330	6293.96612507858	0.145081372902091	0.0438682962839274	3.30720326960239	0.000942324866392206	0.00398658761962457
ENSMUSG00000023104	1561.0401745059	-0.126030916596405	0.0381305043332349	-3.30525176103047	0.000948911207732833	0.00401366068673754
ENSMUSG00000075227	1576.72793452637	-0.139891115519851	0.0423249862924418	-3.30516623332805	0.000949200836792671	0.00401369510891518
ENSMUSG00000054342	800.230615295808	0.255148033895111	0.0771973702434971	3.30513893271648	0.000949293304200241	0.00401369510891518
ENSMUSG00000108591	402.847805104031	-0.231186258290169	0.0699508611247671	-3.30498087618701	0.000949828807044427	0.00401516840725003
ENSMUSG00000100954	155.334954750402	0.34543848365559	0.104530753573626	3.30465888598307	0.000950920590535629	0.00401899220248825
ENSMUSG00000004100	465.612032372648	0.188694023949695	0.0571015541333467	3.30453394506647	0.000951344545043381	0.00401999252045299
ENSMUSG00000047428	5.08384632484144	2.49993281645796	0.756680468298452	3.30381570714988	0.000953785096679406	0.00402951208134622
ENSMUSG00000032312	5348.04596655604	-0.101757933211611	0.030801397640443	-3.30367908623731	0.000954249986546421	0.00403068284360596
ENSMUSG00000066037	3147.39852261807	-0.12468360473016	0.0377429434315244	-3.30349446529968	0.000954878543024167	0.00403254432511445
ENSMUSG00000050370	61.4019135253671	0.703817166295231	0.213086473218626	3.30296501539596	0.000956683224221796	0.00403937098566976
ENSMUSG00000020100	1823.51782194388	0.194714377334494	0.0589645427672002	3.30222822388791	0.000959199906844808	0.00404920062936689
ENSMUSG00000042680	1153.26451046205	-0.21015016729882	0.063644673218447	-3.30192860881732	0.000960225064389866	0.00405273126861834
ENSMUSG00000018707	42582.0607888852	0.373438247561607	0.113111093068683	3.3015174500599	0.000961633529654168	0.00405787799244277
ENSMUSG00000053164	104.295512049169	-0.476131439257632	0.144272842697827	-3.30021527512885	0.000966106895648183	0.0040759533455157
ENSMUSG00000020648	162.342910716726	0.374135981623161	0.113397690572244	3.29932628905528	0.000969171893706595	0.00408808093344582
ENSMUSG00000111885	9.77646067716777	1.48108162708539	0.448913682194661	3.29925704167588	0.000969411018719924	0.00408828623336776
ENSMUSG00000009828	1458.9362187231	0.12300146254141	0.0372940966236681	3.29814833115837	0.000973247065568663	0.00410365773119169
ENSMUSG00000021032	283.337277059535	-0.453885546348119	0.137641694237911	-3.29758761588322	0.000975192441884813	0.00411105281961889
ENSMUSG00000053181	96.121902274523	-0.430721685047261	0.130620425978237	-3.2975063572295	0.000975474663656881	0.00411143513254636
ENSMUSG00000090266	493.698568830884	-0.195907429165418	0.0594161818750542	-3.29720663602031	0.000976516288133524	0.00411501740107464
ENSMUSG00000087381	201.31301552763	-0.304328047833045	0.0923189033969976	-3.29648681510381	0.000979022098416492	0.00412476709805857
ENSMUSG00000039901	2688.52814793045	0.141423644842983	0.0429077689236834	3.29599157426529	0.000980749566015706	0.0041312343375379
ENSMUSG00000050855	245.082050515255	-0.297377980885175	0.0902300980739812	-3.29577366347701	0.000981510562378333	0.0041336287486783
ENSMUSG00000129688	315.258671757625	-0.272320918805958	0.0826332062921939	-3.29553857371843	0.000982332164889975	0.00413627741301063
ENSMUSG00000038602	2728.25978240296	-0.212680428939059	0.0645637476195452	-3.29411530124182	0.000987319896730358	0.0041564637974532
ENSMUSG00000024902	2170.17768779843	-0.167820051887635	0.0509532108434015	-3.29361092480333	0.000989093058988647	0.00416311207926477
ENSMUSG00000118665	1142.07872942338	0.155469967412645	0.0472118679687137	3.29302724297356	0.000991148703676143	0.00417094649541503
ENSMUSG00000028331	211.128198566322	0.265431263887934	0.080617028954774	3.2924962297586	0.000993022292492186	0.00417801186409981
ENSMUSG00000089809	725.199211497483	-0.247639886377477	0.0752324621567506	-3.29166265835494	0.000995970020671541	0.00418959287943079
ENSMUSG00000125381	41.4034810550234	0.690300563786065	0.209759242917716	3.2909184557691	0.000998608559788789	0.0041998689938139
ENSMUSG00000027777	130.066158660605	0.503361838190696	0.153005185093654	3.28983516396906	0.0010024608930241	0.00421524496173463
ENSMUSG00000026991	2880.86355531635	0.289101089910844	0.0878858994629083	3.28950482019994	0.00100363837495378	0.00421936963508771
ENSMUSG00000014551	2304.68962097433	-0.139387103313454	0.0423870997299774	-3.28843219284654	0.00100747049653589	0.00423465080842752
ENSMUSG00000034484	4591.49516065481	-0.122228016942835	0.037179117517639	-3.28754486668077	0.00101065083401254	0.00424718692304487
ENSMUSG00000020848	162.398011394178	0.510951442154977	0.155428491144333	3.28737310896559	0.00101126751724419	0.00424843255085738
ENSMUSG00000026709	1172.9428422284	-0.144120335413719	0.0438408579973529	-3.28735207286365	0.00101134306973266	0.00424843255085738
ENSMUSG00000000441	6452.7062733302	0.105968935268358	0.0322373009130805	3.28715284055807	0.00101205888426049	0.00425060771072896
ENSMUSG00000049957	2076.86294026262	-0.0992628987917214	0.0301986654862469	-3.28699620309142	0.00101262199059745	0.00425214077663632
ENSMUSG00000028140	2468.59920005408	0.11306306491969	0.0344045072612687	3.28628641768028	0.00101517728128206	0.0042620370663017
ENSMUSG00000078307	6159.93819961709	-0.234200471870048	0.0712757134858289	-3.28583833701801	0.00101679348339366	0.00426798766416276
ENSMUSG00000028259	16.4484239329954	1.26534901492538	0.385181934923954	3.28506843181833	0.00101957605157817	0.00427883079632005
ENSMUSG00000022562	1568.28628971302	0.18217485301777	0.0554660178594342	3.28444081706839	0.00102184957059621	0.00428753379249772
ENSMUSG00000029089	700.950497893347	-0.18859027604806	0.057452544340967	-3.28254001996538	0.00102876381756312	0.00431570140860072
ENSMUSG00000049739	1175.8020473882	0.163675553753811	0.0498670078534596	3.28224132145229	0.00102985427707004	0.00431943179202529
ENSMUSG00000033083	1129.35927335138	-0.237784732624534	0.0724502679986875	-3.28204075972282	0.0010305870684972	0.00432166087367863
ENSMUSG00000068134	753.344204752655	-0.162180457604192	0.0494369326261955	-3.2805525947671	0.00103603946192398	0.00434367638469925
ENSMUSG00000030101	2692.13827514517	-0.135167494634295	0.0412091383460537	-3.28003690587331	0.00103793508122991	0.00435077415615725
ENSMUSG00000037400	2712.57538525333	0.165733848637866	0.0505290220105046	3.27997341020002	0.00103816870658276	0.00435090383746692
ENSMUSG00000032612	3753.39287006833	0.10430827916612	0.0318064096137777	3.27947355368699	0.00104000957379797	0.00435776800920307
ENSMUSG00000010721	2475.23525611592	0.141003436560249	0.0430011761596227	3.27905999679721	0.00104153490033742	0.00436330760551193
ENSMUSG00000028383	5470.29933686642	-0.126236715794293	0.0384999262454366	-3.27888201628064	0.00104219198481772	0.00436520841875068
ENSMUSG00000002319	1563.81577141253	0.174166629343777	0.0531309174257321	3.27806553664789	0.00104521125679188	0.00437700055370552
ENSMUSG00000109372	39.5116576142262	0.62108036197246	0.18947176224836	3.27795738321337	0.00104561180545869	0.00437782387672641
ENSMUSG00000032186	31615.8543979286	0.163845844470322	0.0499852000874155	3.2778871382686	0.00104587203526204	0.00437805949862226
ENSMUSG00000097888	28.7930285852769	0.77087662308194	0.235189781188768	3.27767906915658	0.00104664320091124	0.00438001424522708
ENSMUSG00000039789	1041.9098541292	0.188896729657067	0.057631738959588	3.2776510490083	0.00104674709205324	0.00438001424522708
ENSMUSG00000046562	2285.93240930148	0.162303540144414	0.049526405150717	3.2771112631837	0.00104875033548771	0.0043875413567685
ENSMUSG00000082361	51.1638701646914	-0.590592491603177	0.18023124865163	-3.27685956803604	0.00104968563411774	0.00439059856234827
ENSMUSG00000014554	882.483537746087	-0.192547687851257	0.0587617684076991	-3.27675107589221	0.00105008902867583	0.00439143017524945
ENSMUSG00000036835	1814.56588082627	0.134317396875827	0.0409920639976312	3.27666830544539	0.00105039688149404	0.00439186199029043
ENSMUSG00000038976	14433.2312276569	-0.0973410478999396	0.0297084261497114	-3.27654677529544	0.00105084904679601	0.00439289691110482
ENSMUSG00000022787	702.914678236058	0.145488291389303	0.0444237670616291	3.27501022566292	0.00105658149038924	0.00441600044250299
ENSMUSG00000035206	1184.5121710012	-0.140650354472015	0.0429482637478476	-3.2748787075022	0.00105707349015979	0.00441719671788399
ENSMUSG00000030323	4078.79049027697	-0.121718834373896	0.0371752931230046	-3.27418627127312	0.00105966734072249	0.00442717382949573
ENSMUSG00000022208	10766.9944168366	-0.177839629545778	0.0543250656327705	-3.27362015074123	0.00106179238931465	0.0044351888361604
ENSMUSG00000005672	4135.32447870873	-0.257567532534467	0.0786819395211126	-3.27352800530997	0.001062138648786	0.00443577203012457
ENSMUSG00000070551	168.249383661856	-0.417722914634681	0.12761267607757	-3.27336536991642	0.00106275004680822	0.00443746207056706
ENSMUSG00000029787	4328.64217453875	0.169092231457775	0.0516629008120148	3.27299142711806	0.00106415705152411	0.004442472825363
ENSMUSG00000020368	23202.1664513085	0.144898564233185	0.0442805345574047	3.27228579513512	0.00106681677175327	0.0044519754158937
ENSMUSG00000008658	10720.4176715401	0.198998300507303	0.060813394059658	3.27227749058185	0.00106684811047038	0.0044519754158937
ENSMUSG00000050605	352.425309751554	-0.22190796637714	0.0678316228893459	-3.2714530026672	0.00106996370598471	0.00446410902092668
ENSMUSG00000033720	1637.63463357251	-0.125668330782924	0.0384164034847996	-3.27121540236446	0.00107086311696122	0.0044669933285444
ENSMUSG00000022765	2801.87950357039	0.159743744226123	0.0488441714267957	3.27047710217658	0.00107366233964352	0.00447779984122552
ENSMUSG00000020801	781.879859887943	0.168782195733661	0.0516364099583643	3.26866635131594	0.0010805563792379	0.00450563303014392
ENSMUSG00000025736	1179.92907068966	-0.173544053010537	0.0530940778936437	-3.26861412600808	0.00108075582186765	0.00450563303014392
ENSMUSG00000044708	4999.96830569951	0.278185214262458	0.0851314539585785	3.26771365138215	0.00108419999328891	0.00451911399144461
ENSMUSG00000038560	152.029326135784	0.383643568393257	0.117413281958996	3.26746311824616	0.00108516004602515	0.00452223753600774
ENSMUSG00000038970	2183.73697075135	0.223596130827088	0.0684471707077656	3.26669646845929	0.00108810276446069	0.00453362071853903
ENSMUSG00000028152	5745.51795891528	-0.168167690918847	0.0514861636733099	-3.26626959401958	0.00108974448194747	0.00453957986599734
ENSMUSG00000028064	430.889746220606	0.360429613818352	0.110366787601555	3.26574345100603	0.00109177112857789	0.00454713990028193
ENSMUSG00000024526	163.322194877871	-0.542273527846954	0.166084214759612	-3.26505158019882	0.00109444144671031	0.00455737732203365
ENSMUSG00000031822	1911.42434246391	-0.221260491351216	0.0677708661988017	-3.26483198107815	0.00109529026508563	0.00456002731387281
ENSMUSG00000005687	2644.77140276443	-0.130508127694984	0.0399762600558893	-3.26464075209951	0.00109602991998148	0.0045609040863225
ENSMUSG00000026389	3661.76078392903	0.31652609914092	0.0969577305602554	3.26457825809167	0.00109627174079097	0.0045609040863225
ENSMUSG00000026415	5.75114665914451	2.34436227284847	0.71812155736749	3.26457582117782	0.00109628117143815	0.0045609040863225
ENSMUSG00000061032	11837.9621519924	0.100925163669426	0.0309154159609322	3.26455784379433	0.00109635074468574	0.0045609040863225
ENSMUSG00000100600	57.3302712906669	-0.814204334240631	0.249431843409037	-3.26423572512928	0.0010975980500409	0.00456478124249024
ENSMUSG00000118202	2053.27152475556	-0.214252003104636	0.0656367629325532	-3.26420733644034	0.0010977080393988	0.00456478124249024
ENSMUSG00000033306	1066.27455786847	0.275418996122005	0.0843791287753392	3.26406541664246	0.00109825804743343	0.00456618385555026
ENSMUSG00000078878	589.475627174382	-0.264455031519903	0.0810328540377728	-3.26355321752125	0.00110024518775673	0.00457355987613981
ENSMUSG00000036699	839.384582496541	-0.446635236384805	0.136863255727051	-3.26336849150759	0.00110096267077947	0.00457565628092007
ENSMUSG00000030493	375.306627595565	0.206963373843441	0.0634295561805528	3.26288541660795	0.00110284099817077	0.0045825754678153
ENSMUSG00000044022	242.525660901013	0.313009946379754	0.0959321901764828	3.26282497880973	0.00110307620532067	0.00458266572932331
ENSMUSG00000029598	12647.5255929283	0.145619460408152	0.0446308739405549	3.26275171313262	0.00110336139721871	0.00458296357443824
ENSMUSG00000061859	7881.2226885648	-0.217810355209092	0.0667620511271492	-3.26248746903041	0.00110439055284208	0.00458635086231536
ENSMUSG00000006717	2012.85093538421	-0.14203011345702	0.043536796464193	-3.26230051340211	0.00110511922795422	0.00458848923544782
ENSMUSG00000052456	3750.36989584803	-0.0979133958771202	0.0300264982789886	-3.26089958833582	0.0011105936135454	0.00461032730774811
ENSMUSG00000041132	493.541713468905	-0.225862239516696	0.0692818409421558	-3.26004962404609	0.00111392722402573	0.00462327180799234
ENSMUSG00000042569	1117.57781978364	-0.132958428389677	0.0407857775427739	-3.25992138436584	0.00111443099019172	0.00462446851642285
ENSMUSG00000023367	4570.28844016512	0.165523676781172	0.0507795244736213	3.25965393526199	0.00111548229299993	0.00462793639380297
ENSMUSG00000031299	20332.0080484698	0.067538008583843	0.02071987594819	3.25957591409918	0.00111578915535988	0.00462831497757587
ENSMUSG00000064302	10483.7118301274	0.234169641558902	0.0718438587371429	3.25942461436635	0.00111638444959983	0.0046298896049285
ENSMUSG00000128663	4.23144882632865	2.52053250109907	0.773406613804947	3.2590004482878	0.00111805491226075	0.00463592172041516
ENSMUSG00000123536	58.3341993661493	-0.51654875112246	0.158528166333961	-3.25840362042844	0.00112040927018058	0.00464478667317427
ENSMUSG00000030956	1600.86351393477	-0.263983973330177	0.0810291735294151	-3.25788801528805	0.00112244691147238	0.00465233547048971
ENSMUSG00000046949	3780.75187995944	-0.145594464660381	0.0447013463545936	-3.25704875878799	0.00112577093237064	0.00466521213016758
ENSMUSG00000047686	9.60971520512983	-1.54554344879347	0.474681600002362	-3.25595820184684	0.00113010386877055	0.00468226397356275
ENSMUSG00000029012	1603.25002903739	-0.121888114872243	0.0374424869237274	-3.25534239006443	0.00113255738144663	0.00469152388076674
ENSMUSG00000028173	3102.87874586816	-0.329053441083331	0.101084500855275	-3.25523139847565	0.00113300011670076	0.00469245234518591
ENSMUSG00000002102	15078.4015844957	0.0791063991025226	0.0243057317657638	3.25463968190207	0.00113536312110333	0.00470133193626621
ENSMUSG00000045435	1126.10712238224	-0.152081702077232	0.0467299227679342	-3.25448220474248	0.00113599276908164	0.00470303197321243
ENSMUSG00000013367	1878.16499280449	-0.186947774175633	0.0574482761432292	-3.25419293190865	0.00113715022275244	0.00470691605892863
ENSMUSG00000030410	4477.58177052575	0.0906550881904707	0.0278601651276912	3.2539321922527	0.00113819444204553	0.00471033003527075
ENSMUSG00000041737	10984.8604111522	0.217430921434669	0.0668267084514364	3.25365301498693	0.00113931348349041	0.00471405228153529
ENSMUSG00000020257	3350.86706363078	0.1331880573574	0.0409395402245693	3.25328659351843	0.001140783774051	0.00471922615027537
ENSMUSG00000028458	3313.43953920577	-0.111714905426897	0.0343406929346544	-3.25313486362884	0.00114139311368963	0.00472075038959842
ENSMUSG00000022820	2778.58239936171	-0.210296659572009	0.0646452944282479	-3.25308533949713	0.0011415920652383	0.00472075038959842
ENSMUSG00000026018	1030.17992711165	-0.203162955637943	0.0624563478099272	-3.25287921503554	0.0011424204661781	0.00472326612615158
ENSMUSG00000093789	19.4600023987339	0.937100592398659	0.288092971054048	3.25277145419439	0.00114285377120932	0.00472352783678152
ENSMUSG00000097274	174.285686788442	-0.480063349181708	0.147586735795484	-3.25275402694012	0.00114292386025544	0.00472352783678152
ENSMUSG00000028271	2682.74855849588	-0.111593464825302	0.0343132320142341	-3.25219917433048	0.00114515744825671	0.00473184788917776
ENSMUSG00000026094	552.77820377885	0.472501132124596	0.145304555876423	3.25179846753355	0.00114677302260309	0.00473761156720516
ENSMUSG00000074968	17005.7526291242	-0.246466522632868	0.0758052567257524	-3.2513117596123	0.00114873817069176	0.0047448169274715
ENSMUSG00000039208	860.480254175429	0.309114536194107	0.0951164974554412	3.24985196536401	0.00115465096809515	0.00476832198559646
ENSMUSG00000025268	3713.04055550731	-0.133512301338313	0.0410851389355315	-3.24964950338401	0.00115547324412441	0.00477079989582123
ENSMUSG00000001467	8625.36406071086	0.240435676198581	0.0740047122723451	3.24892387006049	0.00115842476826277	0.00478206655298629
ENSMUSG00000127507	28.366262480074	-0.797406736193384	0.245504167849669	-3.24803746990423	0.00116203966800262	0.00479593828104237
ENSMUSG00000071636	6.40082741176493	1.78044910359887	0.548169448765373	3.24799039349772	0.00116223194530804	0.00479593828104237
ENSMUSG00000025237	6003.28074712035	0.112566212327989	0.0346580297845442	3.24791146605191	0.00116255437990991	0.00479634678438329
ENSMUSG00000047669	534.7316858408	0.204987095640527	0.0631353740260507	3.246786746776	0.00116715807744222	0.00481441492897283
ENSMUSG00000030869	4559.66494338125	-0.119795191442709	0.0369061367753945	-3.24594232584585	0.00117062552476754	0.00482726479318756
ENSMUSG00000035133	4153.88050248513	-0.106589778054199	0.0328380932214744	-3.24591861455876	0.00117072302773383	0.00482726479318756
ENSMUSG00000116564	1420.21717308537	0.152589192046561	0.0470107390454463	3.24583691183944	0.001171059054221	0.00482772299940619
ENSMUSG00000016495	353.850325750692	-0.232721118271382	0.0716996895225204	-3.24577581606244	0.00117131038683048	0.00482783194387541
ENSMUSG00000013236	12779.6645079303	-0.162985299136342	0.0502172717139638	-3.24560243066772	0.00117202392207149	0.00482984555791642
ENSMUSG00000022394	1740.20985285671	-0.121567397787785	0.0374581937413407	-3.24541537232794	0.00117279417617965	0.00483183447064885
ENSMUSG00000042388	5184.63887283267	0.198558133529706	0.0611818597304404	3.2453759072465	0.00117295674212947	0.00483183447064885
ENSMUSG00000070576	83.618507110194	-0.983050911217407	0.302945396195376	-3.24497722547801	0.00117460017417029	0.00483767600513035
ENSMUSG00000030060	414.480003182174	0.197157137450131	0.0607651494744389	3.24457586553072	0.00117625679510297	0.00484356960745836
ENSMUSG00000073699	11.7565632094292	-1.10596091890408	0.340878298632456	-3.24444508007991	0.0011767970807791	0.00484486500498738
ENSMUSG00000118008	280.357406100356	-0.531360931908859	0.163805989971317	-3.24384310977824	0.00117928682864869	0.00485418428835527
ENSMUSG00000024097	3232.52651694258	0.127540582022851	0.0393271974416023	3.24306307898593	0.00118252027418178	0.00486656062223661
ENSMUSG00000057103	211.690659317114	-0.280289639501498	0.0864310148490172	-3.24292894155096	0.00118307713608559	0.00486791907287969
ENSMUSG00000013495	2144.60846151249	-0.114217343731773	0.0352240679810713	-3.24259377971763	0.0011844695955335	0.00487271451470336
ENSMUSG00000042348	1614.67500683588	-0.135757946010399	0.0418777003019659	-3.24177175517028	0.00118789118303116	0.00488585402087506
ENSMUSG00000025421	4948.41483163543	-0.113766575458277	0.0351035790108994	-3.24088251579571	0.00119160282598376	0.00490018127635391
ENSMUSG00000029206	34.3638336107937	-0.760997564446283	0.234853416666833	-3.24030867954477	0.00119400367622648	0.00490911375481278
ENSMUSG00000062110	1025.24557355229	0.147334965268961	0.04547069347175	3.24021812775953	0.00119438294016358	0.00490973270653992
ENSMUSG00000020070	8284.14930458711	-0.124518129629398	0.0384323946560189	-3.23992638876322	0.00119560560664713	0.00491381772013926
ENSMUSG00000034854	2239.63908087612	-0.13807324145688	0.0426198184933384	-3.23964874412737	0.00119677027800118	0.0049176628613272
ENSMUSG00000030527	1321.2479325694	0.209352034918085	0.0646234834856583	3.23956592288229	0.00119711790174637	0.00491814983327993
ENSMUSG00000005882	5403.91822130621	-0.0782004164854426	0.0241479635363819	-3.23838556272556	0.00120208234995726	0.00493760040646433
ENSMUSG00000026248	1290.85164127902	-0.155327256131467	0.0479681720528614	-3.23813165030126	0.00120315275668202	0.00494105166920532
ENSMUSG00000059713	6277.06476527224	-0.140429177929177	0.043375768158205	-3.23750296287521	0.00120580687507292	0.00495100428085601
ENSMUSG00000022802	1530.49355943894	-0.206759938764701	0.0638937245412771	-3.23599759208164	0.00121218406713028	0.00497623698317433
ENSMUSG00000041700	1535.60394761376	-0.287009474382303	0.0886976943800534	-3.23581662847425	0.00121295277612157	0.00497844059124774
ENSMUSG00000121295	6.96646160598311	-1.77141350773334	0.54766924679681	-3.23445860452075	0.00121873586311887	0.00500122042395521
ENSMUSG00000064363	94407.994050474	-0.239136132491763	0.0739424528691084	-3.23408438877566	0.00122033391471563	0.00500682106523047
ENSMUSG00000046574	1851.14065645204	-0.220011138484621	0.0680308848264757	-3.23398907784012	0.00122074123983531	0.00500753515274313
ENSMUSG00000064061	2257.92435911739	-0.171954314643975	0.0531722297755062	-3.23391205089514	0.00122107051741347	0.00500792887405381
ENSMUSG00000104002	15.6121028918806	-1.0494755141423	0.324634054165923	-3.23279551444071	0.00122585275005799	0.00502658168724827
ENSMUSG00000024601	3852.44417322015	-0.151231152389069	0.0467822063093233	-3.23266396178774	0.00122641734035358	0.00502793633079257
ENSMUSG00000070372	4249.45616119844	0.0930705395440788	0.0287929425102206	3.23240806357467	0.00122751627795558	0.00503148069936883
ENSMUSG00000024066	634.249587314083	0.717364963811152	0.221961476515504	3.23193454590777	0.00122955216636253	0.00503886345993473
ENSMUSG00000057137	480.952996953291	-0.43457486377782	0.134468844832344	-3.23178848096487	0.00123018080139322	0.00504047739696639
ENSMUSG00000028607	1575.41059310187	-0.15170837860263	0.0469440558665984	-3.23168451898877	0.00123062841427055	0.00504134914899459
ENSMUSG00000034673	3345.70039748356	-0.121149867825833	0.0374888807555242	-3.23162136036779	0.00123090041994339	0.00504150131931021
ENSMUSG00000001911	1445.38412080888	-0.522117649837373	0.161622524271755	-3.23047577798919	0.00123584375467142	0.00506076442350233
ENSMUSG00000112150	42.9872442356555	-0.604848314734141	0.187235062137225	-3.23042227150194	0.00123607508955663	0.00506076442350233
ENSMUSG00000032187	8239.23421602816	0.172336876963336	0.0533631394365296	3.22951158389612	0.001240018577992	0.00507594179923271
ENSMUSG00000051355	521.812323232503	-0.173664905290855	0.0537912885204929	-3.22849498622242	0.00124443440291667	0.00509304650009709
ENSMUSG00000073184	20.3311532997635	1.81520971999941	0.562278838670294	3.22830879478251	0.00124524473970383	0.00509539145682089
ENSMUSG00000073609	561.67579819948	-0.190799345851607	0.0591092286849661	-3.22791127707838	0.00124697643519133	0.00510150488999754
ENSMUSG00000092416	409.412275146951	-0.238607610842622	0.0739287411672161	-3.22753515176088	0.00124861698675973	0.00510724318555342
ENSMUSG00000116868	14.3422403451862	1.08176393569854	0.33519888268227	3.22723013585915	0.00124994884245735	0.00511171687029712
ENSMUSG00000101378	70.6988853719153	-0.46239634786566	0.14330749773605	-3.22660262142963	0.0012526930183549	0.0051219634918107
ENSMUSG00000045545	13.0813951627149	1.13445586080454	0.351630280504412	3.22627465182228	0.00125412947080138	0.00512686025904063
ENSMUSG00000035228	209.534218480654	-0.318483186745468	0.0988226583416337	-3.22277493937129	0.00126955261809208	0.00518892164888891
ENSMUSG00000031137	34994.7706211321	-0.106921220119253	0.033183306020399	-3.22213886866861	0.00127237450077799	0.00519946526436327
ENSMUSG00000038914	1934.3693123532	0.194956625631375	0.0605732840958829	3.2185249411733	0.00128851764360128	0.00526443085982968
ENSMUSG00000028578	377.053616637938	-0.212394346354723	0.0660115096316156	-3.21753505623509	0.00129297225222211	0.00528162556921025
ENSMUSG00000033596	1595.97397845082	0.144041921702574	0.0447746067062263	3.2170449345911	0.00129518311955528	0.00528965008454596
ENSMUSG00000051527	194.657245903952	-0.294030764916781	0.0914114972575945	-3.21656218022786	0.00129736416458685	0.00529754977306854
ENSMUSG00000058298	429.159398766368	0.214796622104179	0.0667902164876496	3.21598930801336	0.00129995675263847	0.0053071265979721
ENSMUSG00000024483	1684.56184589323	0.218595293707044	0.0679801844285262	3.2155737079071	0.00130184058252069	0.00531380679680342
ENSMUSG00000038742	369.092440472827	-0.23897025901826	0.0743391239093571	-3.21459611643581	0.00130628174155953	0.00533092088675226
ENSMUSG00000055818	549.661684663927	-0.257345393859628	0.080062294463677	-3.21431449827337	0.00130756371332728	0.00533513831406263
ENSMUSG00000017707	29056.9417194337	0.0889283878542185	0.0276670908145136	3.21422980285185	0.0013079494877282	0.00533569815727359
ENSMUSG00000041245	482.055358524963	-0.282033868853967	0.0877609032776291	-3.21366187357668	0.00131053903158383	0.00534524621926248
ENSMUSG00000107950	7.26202733920398	2.40878261905946	0.749575880113167	3.21352738657466	0.00131115293417255	0.00534673421066639
ENSMUSG00000087628	71.0344071917688	-0.576608802004056	0.179455906609094	-3.21309458629341	0.00131313037075329	0.00535378091901046
ENSMUSG00000051396	179.240752413775	0.321580140987971	0.100111652584401	3.21221488893971	0.00131715813582124	0.00536918278456867
ENSMUSG00000019738	637.312725368952	-0.201775424630248	0.0628227627174141	-3.21182030051532	0.00131896849171346	0.00537554160682005
ENSMUSG00000001829	3488.36939683838	0.140409755157768	0.0437219814548868	3.21142250386445	0.00132079589070648	0.00538196746201693
ENSMUSG00000042742	714.024456157216	0.172430103037604	0.0536955999387455	3.21125200638987	0.00132157983733275	0.00538413983453876
ENSMUSG00000039911	2161.41333643934	0.156441002885059	0.0487248625153211	3.21070178157747	0.00132411269810126	0.00539288786530356
ENSMUSG00000026755	2916.16607137241	-0.13152615569981	0.0409653102500313	-3.21067153884693	0.0013242520448406	0.00539288786530356
ENSMUSG00000020485	1963.87451393213	-0.139491559124035	0.043446897063822	-3.21062189824804	0.00132448079874594	0.00539288786530356
ENSMUSG00000050957	65.388634505034	-0.496680306840735	0.154722907107073	-3.21012780930375	0.00132675964877222	0.00540114216206039
ENSMUSG00000051154	2202.64010146025	-0.129109259906407	0.0402287045841652	-3.20938149117601	0.00133020869714798	0.00541415621785713
ENSMUSG00000006599	2368.23198691057	-0.130841993641862	0.0407693245638573	-3.2093245360718	0.00133047224998199	0.00541420233518738
ENSMUSG00000037787	1058.57359289678	-0.150084865215711	0.046768361101298	-3.20911106742941	0.00133146047897215	0.00541719686156486
ENSMUSG00000024383	1860.89516934998	0.195148689502711	0.0608121952560504	3.20903872456891	0.00133179553569938	0.00541753325171932
ENSMUSG00000028556	4218.3714971802	0.145103280114916	0.0452270784067292	3.20832751587434	0.00133509365062173	0.00542893409194991
ENSMUSG00000035620	3382.26735683492	0.11476519596146	0.0357710599533225	3.20832528058202	0.00133510402829608	0.00542893409194991
ENSMUSG00000011658	488.347254536097	-0.191644149425098	0.059736049307277	-3.2081825237437	0.0013357669521517	0.00543060102175916
ENSMUSG00000031683	2328.38531123541	-0.0912112568452733	0.0284326851554146	-3.20797196419218	0.00133674528765351	0.00543260791745768
ENSMUSG00000005338	43451.5279365971	0.181444435511439	0.0565605618408022	3.20796734696766	0.00133676674834676	0.00543260791745768
ENSMUSG00000020612	68951.6629945057	0.106551867872429	0.0332183013337819	3.20762542316003	0.00133835688156241	0.00543804066243017
ENSMUSG00000122494	12.4037075156681	-1.14202039802414	0.356102430597866	-3.20699972787826	0.00134127122716811	0.00544885090128512
ENSMUSG00000060216	2047.10366824484	-0.161775651093817	0.0504460843170779	-3.20690204767885	0.00134172672720739	0.00544966999550311
ENSMUSG00000040268	5784.44287968698	0.110143115966156	0.0343497107402257	3.20652237217159	0.00134349857696933	0.00545583436496852
ENSMUSG00000084013	46.3333249647912	0.616179020793156	0.192185878446384	3.20616179385447	0.00134518330323992	0.00546164266830872
ENSMUSG00000037740	2016.46639746913	-0.1912297537576	0.0596505911263242	-3.20583166313685	0.00134672747836469	0.0054668782243904
ENSMUSG00000054074	398.254394804379	-0.199556388842379	0.0622536187230841	-3.20553877727243	0.00134809881074407	0.00547048120008649
ENSMUSG00000068748	3354.41134601518	0.283673147536995	0.088494838772272	3.20553324320963	0.00134812473439195	0.00547048120008649
ENSMUSG00000032360	764.609970156264	-0.268747438361656	0.0838424835913013	-3.20538498921016	0.00134881938352769	0.00547226552387174
ENSMUSG00000015522	1101.17583537742	0.181429766290057	0.0566075567574524	3.20504499191571	0.00135041369949593	0.00547769850215034
ENSMUSG00000133086	42.9253643397002	0.767346492811606	0.239503256295115	3.20390839223532	0.00135575607315099	0.00549832984437163
ENSMUSG00000106019	238.956314887287	0.264820949094721	0.0826576694352099	3.20382791946847	0.00135613505835928	0.00549882794913871
ENSMUSG00000040112	938.612709471668	-0.161095855911191	0.0503021366759434	-3.20256487212468	0.00136209617783366	0.00552195591187485
ENSMUSG00000086848	17.4551413521617	1.08390849915453	0.338476935024351	3.20231125667855	0.00136329605959793	0.0055257766645259
ENSMUSG00000047153	1686.81654146226	0.139499801603049	0.0435763832716722	3.20127076020406	0.00136822897163893	0.00554472401457453
ENSMUSG00000027108	6605.43226876908	-0.0993416979775556	0.0310453521352266	-3.1998895533491	0.00137480259801929	0.00557031192319405
ENSMUSG00000037443	752.799348069694	0.16152757404407	0.0504884383863706	3.19929827910214	0.00137762556405003	0.00558069642534404
ENSMUSG00000020495	1280.86617468281	0.13176787784104	0.0411938042187333	3.19873049697889	0.0013803414005342	0.00559064311393721
ENSMUSG00000048486	5028.92265188537	0.167410039586476	0.0523420372791674	3.19838600652074	0.00138199158592637	0.00559627077598481
ENSMUSG00000039483	2426.04274631594	0.112108304459066	0.035057191450557	3.1978689626971	0.00138447175487527	0.00560525663714683
ENSMUSG00000131826	13.7884060497758	1.09593327328932	0.342773922307681	3.19724810426385	0.00138745532794262	0.00561627683756672
ENSMUSG00000028718	43.9327729766668	0.663056570344594	0.207396994931478	3.19704039378035	0.00138845481626679	0.00561926302526074
ENSMUSG00000026245	4172.70751098393	0.107566093250253	0.0336484135128423	3.19676567244988	0.00138977777595535	0.00562355697241422
ENSMUSG00000038119	664.453717389993	-0.70412643875012	0.220324892285424	-3.1958551366858	0.00139417090633081	0.00564027001042162
ENSMUSG00000035067	133.786379796195	0.355353734092957	0.111211209622729	3.19530499936519	0.00139683139734842	0.0056499684898212
ENSMUSG00000003308	4389.65853634218	-0.106349155308337	0.0332857434846401	-3.19503619792697	0.00139813303611075	0.00565416800172447
ENSMUSG00000053963	267.351347857993	-0.751650017640947	0.235296327013086	-3.19448257940357	0.00140081739212329	0.00566395670358232
ENSMUSG00000038305	1428.23130987511	-0.155495120228333	0.0486834459940581	-3.19400397924403	0.00140314183219406	0.0056722867363235
ENSMUSG00000032849	1406.77543536855	-0.1757143733591	0.055044457150564	-3.19222647392934	0.00141180589349034	0.00570576047912802
ENSMUSG00000051596	255.195189417705	0.371318020606678	0.116320550080961	3.19219622283625	0.00141195377178459	0.00570576047912802
ENSMUSG00000020708	14076.5962288362	0.0756729045354514	0.0237138676321313	3.19108235355576	0.00141740872215052	0.00572672607372162
ENSMUSG00000048997	274.379107437002	0.264515859759414	0.082894855386319	3.19098041159101	0.00141790893162834	0.00572757292532888
ENSMUSG00000048728	163.509596439316	-0.364126575889067	0.114112962027997	-3.19093089354503	0.00141815196581212	0.00572757292532888
ENSMUSG00000062345	7.28900097470817	3.47098074547029	1.08792850970592	3.19044929377624	0.00142051765765485	0.00573604816388619
ENSMUSG00000032560	8451.20552666297	0.177683976164361	0.0557144058594402	3.1891926948415	0.00142670740553314	0.00575995884280126
ENSMUSG00000074006	364.498418298171	0.261961003770935	0.0821517713676379	3.18874443496333	0.00142892145155228	0.00576781268879676
ENSMUSG00000095007	4.03994411126855	4.43560718339848	1.3910645848892	3.18864216053044	0.00142942704919254	0.00576876876066309
ENSMUSG00000024900	9689.86307927492	-0.11994308689492	0.0376183942479995	-3.18841591441131	0.00143054609166566	0.00577219969994266
ENSMUSG00000050947	12987.4527785041	-0.133273048620054	0.0418010028257889	-3.18827395542368	0.00143124865139276	0.00577394917323755
ENSMUSG00000021792	3855.85559697547	-0.145213002477988	0.0455596301266154	-3.1873174140006	0.00143599090481267	0.00579199187574383
ENSMUSG00000022201	10721.4292027573	0.140066278296256	0.0439483584039358	3.18706507780987	0.00143724432622403	0.00579595842696319
ENSMUSG00000028931	70000.2939988713	-0.142350307429961	0.044689633188309	-3.18530937208945	0.00144599334436435	0.00583014521602653
ENSMUSG00000020163	5349.08403359683	-0.188636859647842	0.059223696099465	-3.18515851038798	0.00144674740277873	0.00583209009353018
ENSMUSG00000031391	27864.5259361716	0.28175507717652	0.0884718248818114	3.18468707470331	0.00144910613627714	0.00584050175015492
ENSMUSG00000025429	2286.35736273575	0.206993068720734	0.0650067473182868	3.18417821625887	0.00145165608431542	0.00584968077828324
ENSMUSG00000102215	149.094927056957	-0.349343803090066	0.10973066928816	-3.18364779287608	0.00145431849841444	0.0058593094757816
ENSMUSG00000047003	324.025043620165	-0.204122499659445	0.0641200147217889	-3.18344436671007	0.00145534077180405	0.00586232783027694
ENSMUSG00000093803	1413.00746712791	0.140559013199363	0.0441630341148272	3.18272999164638	0.00145893595507799	0.00587570716917524
ENSMUSG00000078201	295.093731440125	-0.255261666706628	0.0802519972556955	-3.18075157548197	0.00146893535231636	0.00591486893131177
ENSMUSG00000022200	7030.44236673886	0.0798879568068061	0.0251208968466855	3.18013951867912	0.00147204160459362	0.00592626501954364
ENSMUSG00000104960	340.543377037903	-0.33354919289636	0.104899735835185	-3.17969526081956	0.00147430004971723	0.00593424430287455
ENSMUSG00000039963	683.609528630695	0.171924126405695	0.0540733386156582	3.17946201967841	0.00147548704051391	0.00593790866360545
ENSMUSG00000096936	34.9586902539208	0.67697887304012	0.213017868220799	3.17803796786856	0.00148275332531784	0.00596603240511203
ENSMUSG00000019791	1266.34905755966	-0.161562921243475	0.0508404460472646	-3.17784232446104	0.00148375417620803	0.00596894061965548
ENSMUSG00000036599	3690.27494193512	-0.126233921822483	0.0397330904524185	-3.17704765436386	0.00148782586403403	0.00598419898769993
ENSMUSG00000042684	250.242385721609	0.249751793881342	0.0786194476435911	3.17671773800234	0.00148951929398396	0.00598988781653423
ENSMUSG00000022141	2186.97229650209	0.198592492512789	0.0625183081706891	3.17654937127516	0.00149038418894483	0.00599224330396885
ENSMUSG00000022477	19243.2655158683	-0.115464716103061	0.0363544883163913	-3.17607870308001	0.00149280445306973	0.00600085026022374
ENSMUSG00000026087	2173.06133064346	-0.112678692178854	0.0354792194229622	-3.17590674235431	0.00149368961018619	0.00600328424869063
ENSMUSG00000031451	11537.0888963222	-0.181585779152624	0.0571922682151643	-3.17500572751331	0.00149833543782019	0.00602038250678111
ENSMUSG00000073676	3190.98219661585	-0.150142708577887	0.0472894452208484	-3.17497293268507	0.00149850478588146	0.00602038250678111
ENSMUSG00000097777	47.4231986065507	-0.614205853428353	0.19357695292849	-3.17292861643116	0.00150909623649917	0.00606180011465028
ENSMUSG00000074166	88.5570631404786	-0.422412910541392	0.133150526821251	-3.1724464080301	0.00151160455371911	0.00607073963519822
ENSMUSG00000022793	802.225181554971	-0.181670585356463	0.0572841669044621	-3.17139264082256	0.00151709933712705	0.00609107223360782
ENSMUSG00000034684	2195.35125003872	-0.177487127460775	0.0559655014322544	-3.17136669767216	0.00151723484734469	0.00609107223360782
ENSMUSG00000046806	220.064774884332	-0.311565682575977	0.0982673160936658	-3.17059318358712	0.00152128030975504	0.00610581359629197
ENSMUSG00000028837	5760.71894584788	0.091464988532797	0.0288482499954432	3.17055587591083	0.00152147567905365	0.00610581359629197
ENSMUSG00000122028	8.71419306968578	-1.35914736631734	0.428768431130967	-3.16988674453551	0.00152498364951746	0.00611874748047512
ENSMUSG00000015189	2304.98240913968	-0.101687009304445	0.0320798463644966	-3.1698097350299	0.00152538785519881	0.00611922550919411
ENSMUSG00000034501	1271.06607132279	-0.142118380680417	0.0448366576819831	-3.16969167702982	0.00152600770685938	0.00612056828016507
ENSMUSG00000040078	513.023448793462	0.181895151369566	0.0573937059768934	3.16925259091645	0.00152831512097691	0.00612867782306938
ENSMUSG00000069769	3916.80224675614	-0.0930565968156308	0.0293630511315651	-3.16917327149274	0.0015287322900811	0.0061292057039374
ENSMUSG00000042462	332.874177505675	-0.245226200631575	0.077388004693186	-3.16878825864298	0.00153075870031152	0.00613618417570255
ENSMUSG00000033033	212.640943082832	-0.532250932784637	0.167988826742475	-3.16837103458417	0.0015329574384299	0.0061438507045064
ENSMUSG00000022483	268.567351548515	-2.73262400574632	0.86259068575921	-3.16792663178504	0.00153530260530989	0.00615186785148419
ENSMUSG00000074355	25.6287531345538	-0.703531982463853	0.222082664032098	-3.16788338941293	0.00153553097681227	0.00615186785148419
ENSMUSG00000040213	431.07819740538	-0.168367089277649	0.0531566364502123	-3.16737665362529	0.00153820948101725	0.00616144891202019
ENSMUSG00000008333	2167.34222313063	-0.124550161655765	0.0393266297618169	-3.16706929655826	0.00153983620497812	0.00616681417463811
ENSMUSG00000121068	57.272658575952	-0.751853358453157	0.237443553111859	-3.16645092528144	0.00154311381019779	0.00617878773544221
ENSMUSG00000078970	459.314065320767	-0.217256271793706	0.0686202794167032	-3.16606509971195	0.00154516208765939	0.00618486782568749
ENSMUSG00000048572	51.3682285573912	1.22337011284217	0.386401874875285	3.16605635838861	0.00154520852274117	0.00618486782568749
ENSMUSG00000031820	3989.57217288562	-0.0917158083369552	0.0289923446334354	-3.1634491620655	0.00155911579519451	0.00623936980977729
ENSMUSG00000117757	24.1543194066889	0.772008752356604	0.244072421763537	3.16303147556975	0.00156135449487264	0.00624716413549601
ENSMUSG00000055305	428.794869396168	-0.196783936259404	0.0622191087480221	-3.16275723357512	0.00156282597566452	0.00625188639463559
ENSMUSG00000079339	257.640310941526	0.372435966060832	0.117763799401801	3.16256751185574	0.00156384469917437	0.00625479603362716
ENSMUSG00000027257	541.482275129178	-0.276306614550418	0.0873845553351915	-3.16196167034958	0.00156710190110647	0.00626665600021452
ENSMUSG00000054580	299.233327643644	0.262297067212519	0.0829835931907649	3.1608304380065	0.00157320050276028	0.00628987185551352
ENSMUSG00000024679	118.764049380468	0.830100119215477	0.262658793167211	3.16037437470074	0.0015756653665988	0.00629759869698318
ENSMUSG00000097113	36.738731144272	-0.606927020047483	0.192043373068812	-3.1603642986942	0.00157571986404065	0.00629759869698318
ENSMUSG00000071424	471.424105972281	0.299293104664872	0.0947084231746281	3.1601529687916	0.00157686327032941	0.00630099533895961
ENSMUSG00000006390	2731.98767049904	0.27295914854561	0.0863911453193403	3.15957321247022	0.00158000398154834	0.00631237027134126
ENSMUSG00000042211	2785.740408753	0.120493781228979	0.0381419140269298	3.15909110234756	0.00158262009931948	0.00632164552511944
ENSMUSG00000110611	499.498522758325	-0.28049801260496	0.0888088672828989	-3.15844601093085	0.00158612685549586	0.00633447424745564
ENSMUSG00000027166	323.910749081993	-0.254651298491785	0.0806327842742694	-3.15816080002394	0.00158767955868988	0.00633949579740272
ENSMUSG00000095700	4.5858598140553	5.24452017666159	1.66080673070925	3.15781486170996	0.00158956474300876	0.00634584280703478
ENSMUSG00000026361	2507.24952249528	0.144795949941845	0.0458560813822972	3.15761717044021	0.00159064298293413	0.00634824746012504
ENSMUSG00000052915	6496.16781887069	0.11521166176132	0.0364871447077151	3.1575959885115	0.00159075855250222	0.00634824746012504
ENSMUSG00000041762	3148.81956847439	-0.199085780867233	0.0630618561809175	-3.15699208561317	0.00159405672783491	0.00636022708544686
ENSMUSG00000040028	1957.5723718643	0.124618086138821	0.0394764174490261	3.15677293411273	0.00159525516500322	0.00636382593792216
ENSMUSG00000032300	296.874183038848	0.333515270990618	0.105654885114827	3.15664789780567	0.00159593930170815	0.00636537217585789
ENSMUSG00000040236	2261.90520185384	0.109703574406288	0.0347543727843199	3.15654018811073	0.00159652885230878	0.00636654065459044
ENSMUSG00000034919	65.387243741173	-0.539288606387687	0.170872807845911	-3.1560820775767	0.00159903856740126	0.00637536439224284
ENSMUSG00000031758	389.493510240617	0.263253001038806	0.0834354852749871	3.1551683336074	0.0016040552764513	0.00639417837777226
ENSMUSG00000023279	280.519299386705	-0.409359010062321	0.129758033362366	-3.15478741049606	0.00160615092602044	0.00640134344187797
ENSMUSG00000030844	8979.66046868486	-0.159576747368849	0.0505862729315618	-3.15454644355279	0.00160747790739301	0.00640544287360282
ENSMUSG00000051238	697.366689688809	-0.152339075875757	0.048293205418203	-3.15446188664744	0.00160794379313212	0.00640611014539236
ENSMUSG00000086158	240.05385783173	-0.258715110317237	0.082022994676822	-3.15417781728889	0.00160950984895193	0.00641115947626686
ENSMUSG00000035674	2989.96072400033	-0.129603898746855	0.0410925815491313	-3.15394881170698	0.00161077336373694	0.00641500204563585
ENSMUSG00000025777	10400.3119897328	-0.0951400915234307	0.0301713121769838	-3.15332959220807	0.00161419441706553	0.00642743412293243
ENSMUSG00000026187	1982.74491595325	-0.116351976756662	0.03690744686961	-3.15253388205694	0.00161860036134375	0.00644378252162554
ENSMUSG00000041415	3096.27293715908	0.1649278922701	0.0523250033988227	3.15199009186899	0.00162161775801063	0.00645425164234533
ENSMUSG00000078117	140.83322774042	-0.374157875141188	0.118706731632616	-3.15195162056323	0.001621831424523	0.00645425164234533
ENSMUSG00000112714	19.7248664686086	0.953885988934664	0.302666622943489	3.15160614559328	0.00162375132590772	0.00646069433956164
ENSMUSG00000063698	874.462434022544	-0.160740361527005	0.0510059974372552	-3.15140119992241	0.00162489125480212	0.00646403181534142
ENSMUSG00000035413	358.184040218478	0.39904337859239	0.126628165354922	3.15130032464676	0.00162545260389213	0.00646506681399823
ENSMUSG00000046157	12134.8500456539	-0.204195737552657	0.0647992378033751	-3.1512058548013	0.00162597846998279	0.00646596032542617
ENSMUSG00000052504	161.087995285593	-0.773592940609003	0.24560019761913	-3.14980585564784	0.00163378993645939	0.00649582048083668
ENSMUSG00000022814	1010.87835080243	0.153618599076579	0.048804591521061	3.14762595667433	0.00164602172640342	0.00654324118129183
ENSMUSG00000125777	20.8272899194743	-0.826465323981245	0.262594567310313	-3.14730549244225	0.0016478269945016	0.00654920464061679
ENSMUSG00000096844	5.81893182696736	4.23625584618751	1.34701278955243	3.14492622419352	0.00166128718544418	0.00660125967133481
ENSMUSG00000021969	1505.08531113555	0.152141241821141	0.0483774117557206	3.14488180122927	0.00166153945794382	0.00660125967133481
ENSMUSG00000028990	647.074334501017	0.168737312823569	0.053658464435114	3.14465414916249	0.00166283281899768	0.00660517566480464
ENSMUSG00000021314	10836.8365262328	-0.165621061877658	0.0526705015632996	-3.14447474320353	0.00166385273170878	0.00660800420700474
ENSMUSG00000035189	2731.45418083402	0.194891371448299	0.0619824358010039	3.14429997675474	0.00166484682246554	0.00661072916963472
ENSMUSG00000037210	2152.28583851585	0.127065474109272	0.0404245189389696	3.14327733376636	0.00167067469023978	0.0066326434068221
ENSMUSG00000025915	710.403656794774	-0.188724369963657	0.0600830792804851	-3.14105688695875	0.00168339331091796	0.00668190103775239
ENSMUSG00000026496	7738.80028230263	0.173107052688018	0.055115260718421	3.14081890263401	0.00168476174632409	0.00668609644048675
ENSMUSG00000032346	184.702711176352	0.325039237533699	0.103511162469531	3.14013706134713	0.0016886880747833	0.00670043959580376
ENSMUSG00000020300	5369.45837194923	0.175951957781064	0.056044677293673	3.13949452967815	0.00169239574346219	0.00671391000354082
ENSMUSG00000037610	321.054778490728	-0.366762529046074	0.116843666432589	-3.13891664173061	0.00169573678602689	0.00672485770994866
ENSMUSG00000040037	1811.4115476097	-0.520285887157546	0.165753742279649	-3.13890884152559	0.0016957819241569	0.00672485770994866
ENSMUSG00000000876	1096.02184049368	-0.156580299293226	0.0498966585657307	-3.13809188418813	0.00170051560695886	0.00674238419264478
ENSMUSG00000030922	765.534841205322	0.138184009668902	0.0440501111912819	3.13697300487747	0.00170701843415956	0.00676691739753814
ENSMUSG00000056824	90.0434187852456	-0.481539502556171	0.153516547849012	-3.1367270128415	0.00170845118153399	0.00677122540609452
ENSMUSG00000022892	62920.9988548789	0.143878088001988	0.045869573551643	3.1366781258605	0.00170873604885931	0.00677122540609452
ENSMUSG00000044534	22.6989664392206	-1.05344143219686	0.335921815459461	-3.13597207360888	0.00171285513163306	0.00678568521155724
ENSMUSG00000033862	1472.76524142024	-0.144862860870923	0.0461943551585273	-3.13594291713328	0.00171302542561617	0.00678568521155724
ENSMUSG00000036114	511.962572837773	-0.174975046150933	0.0557975677950428	-3.13589020212595	0.00171333335724589	0.00678568521155724
ENSMUSG00000010461	57.5040814122324	-1.1856525841234	0.378129980806326	-3.13556883692509	0.00171521169469382	0.00679180343119585
ENSMUSG00000097350	341.654506553261	-0.262534425361862	0.0837292126313458	-3.13551766595231	0.00171551095704574	0.00679180343119585
ENSMUSG00000036526	324.810675407206	-0.50633220063709	0.161487800249831	-3.13542075533733	0.0017160778493822	0.00679279496862224
ENSMUSG00000041708	265.790410385825	-0.284981560554932	0.090898209237709	-3.13517244118279	0.00171753118448646	0.00679729432267448
ENSMUSG00000017667	1344.16619523097	0.173628320016773	0.0553837950842994	3.13500221052916	0.00171852816574319	0.0067999862867914
ENSMUSG00000034160	4470.38815397515	0.2086893743533	0.0665742604359108	3.13468558248874	0.00172038396091336	0.0068060748442621
ENSMUSG00000028958	1050.73242682834	-0.141479251072361	0.0451356597607832	-3.13453379926634	0.00172127423405128	0.00680834212422051
ENSMUSG00000054716	1255.78450953083	-0.139618631500132	0.0445444793974227	-3.13436442380355	0.00172226819333568	0.00681099347749619
ENSMUSG00000055937	63.5795072476769	-0.569129082601018	0.181580257852212	-3.13431145727434	0.00172257912928943	0.00681099347749619
ENSMUSG00000002428	1254.68135777838	-0.133826826938913	0.0427078830004997	-3.13353923296426	0.00172711827986684	0.00682768342460801
ENSMUSG00000106656	23.6588986646576	0.775306866272568	0.247435197769435	3.13337339740571	0.00172809449831687	0.00683028475434908
ENSMUSG00000125545	50.6269704559674	-0.64220184428795	0.204969031454887	-3.13316523832673	0.00172932057936646	0.00683288255850437
ENSMUSG00000039367	5104.05897192126	0.113333943782309	0.0361724809863333	3.13315373156542	0.00172938837884814	0.00683288255850437
ENSMUSG00000021737	6690.41407597029	0.0736266798516164	0.0234997937760895	3.13307770072987	0.00172983642483304	0.00683339504885278
ENSMUSG00000103309	36.474386814165	-0.686580429894225	0.219198274517965	-3.13223464648192	0.00173481166111995	0.00685178787812345
ENSMUSG00000021368	1778.82207413895	-0.115988583687058	0.037034372620287	-3.13191706732251	0.00173668924579947	0.00685794174950908
ENSMUSG00000002799	3115.56485527275	-0.193870271834322	0.0619055264113502	-3.1317118692456	0.00173790340700484	0.00686147407297514
ENSMUSG00000040703	219.307782314051	-0.383764954053925	0.122546450842392	-3.13158766668394	0.00173863869524953	0.00686311479077352
ENSMUSG00000027489	5400.92661990689	-0.16602998559624	0.0530259245882869	-3.13110967673566	0.00174147110027433	0.00687303155699372
ENSMUSG00000038880	2039.95676408769	-0.11561377882998	0.0369310717841885	-3.13052866446942	0.00174491969320119	0.00688412474944543
ENSMUSG00000011752	12853.8466731455	0.0757062288254685	0.0241832135944672	3.13052806359817	0.00174492326291496	0.00688412474944543
ENSMUSG00000068105	30.3122868015301	-0.855545182206311	0.273309439512384	-3.13031699063414	0.00174617764104936	0.00688780765210686
ENSMUSG00000032594	10478.3339507366	-0.0679382111415898	0.0217064105150631	-3.1298685286747	0.00174884554263292	0.00689706382843253
ENSMUSG00000039763	410.947734042978	-0.205406129853855	0.0656438176834546	-3.12910091311809	0.00175342078916736	0.0069138373733039
ENSMUSG00000063458	136.598047878881	-0.324387060919296	0.103691995226869	-3.12837129047005	0.00175777978416196	0.00692975222163831
ENSMUSG00000029392	1086.75213100363	-0.252867825003148	0.0808340551372554	-3.12823381894897	0.00175860219680888	0.00693172140225842
ENSMUSG00000040771	666.836419842572	-0.18560767981409	0.0593371634464269	-3.12801740146658	0.00175989761436321	0.00693555391773833
ENSMUSG00000003527	1526.29768508222	0.136137117303944	0.0435263495431865	3.12769434452272	0.00176183297969167	0.00694190652387323
ENSMUSG00000066000	267.806647828327	-0.31617039990108	0.101143911736268	-3.12594593657295	0.00177234131288118	0.00698158597873372
ENSMUSG00000103955	16.4725361621302	-0.869058958201339	0.27801784981846	-3.12591065202761	0.00177255397298513	0.00698158597873372
ENSMUSG00000041130	1357.08589536273	0.145319320003421	0.0464965931961006	3.12537564613676	0.00177578133136	0.0069930145035725
ENSMUSG00000026502	1021.66777165053	0.200494631289667	0.0641577092588494	3.12502789775045	0.0017778819771663	0.00700000266358251
ENSMUSG00000078861	540.030517980601	-0.36765963553947	0.11768428826511	-3.12411827406591	0.00178338755343346	0.00702039193508209
ENSMUSG00000002221	1406.56334935002	0.157581730200997	0.0504460418034295	3.12376798193677	0.0017855119033197	0.00702746580796857
ENSMUSG00000021147	5182.5027803317	0.108199226013814	0.0346437724035732	3.12319411273624	0.00178899716572737	0.00703989242154057
ENSMUSG00000024943	986.15841480766	0.171344613260531	0.0548643160462926	3.12306113715071	0.00178980565417948	0.00704178302284029
ENSMUSG00000030884	9712.09742538037	-0.081421170497194	0.0260866842284881	-3.12117744762202	0.00180129457484482	0.00708568615422741
ENSMUSG00000023088	1197.59460905863	0.216750995788074	0.0694753014599624	3.11982807174984	0.00180956625806224	0.00711691998819422
ENSMUSG00000039697	17779.3202055071	0.126004485542843	0.0403972096707118	3.11913834074032	0.00181380778259279	0.00713229490037312
ENSMUSG00000029307	48.2224399432118	-1.81743971159212	0.582711362077365	-3.1189364578596	0.0018150509957003	0.00713587631386496
ENSMUSG00000050148	7705.09513991325	0.182157487465861	0.0584114856469769	3.11852173332436	0.00181760736408953	0.00714461814274784
ENSMUSG00000020653	638.590236924608	0.220645389661292	0.0707678108411002	3.11787784642261	0.00182158284977452	0.00715883450234917
ENSMUSG00000085586	771.288917432126	-0.167010783002682	0.0535663878053651	-3.11782798589145	0.00182189103169354	0.00715883450234917
ENSMUSG00000020346	2672.9406233973	-0.118256262397324	0.037934651998675	-3.11736779347429	0.00182473768812502	0.00716870776231545
ENSMUSG00000079487	1136.53383176102	0.197939678338811	0.0635089653313856	3.11672025053431	0.00182875017890255	0.00718315669539289
ENSMUSG00000126979	38.1662661904848	-0.620226040216597	0.199005642591686	-3.11662539885444	0.00182933860632253	0.0071841534071203
ENSMUSG00000103400	153.596282261161	0.318978119818574	0.102352937975089	3.11645299225517	0.00183040860350555	0.00718704062243463
ENSMUSG00000025019	597.113067996281	0.31254660647308	0.100292440681503	3.11635258200198	0.00183103203886724	0.00718817369171985
ENSMUSG00000022263	5582.72604824933	0.173413642931985	0.0556533291791283	3.11596171315877	0.00183346075574232	0.00719639213435081
ENSMUSG00000028576	1318.74172123573	-0.134842772299442	0.0432792613681844	-3.11564402988097	0.00183543690438705	0.0072028315520242
ENSMUSG00000020864	9509.20996617196	-0.0898914435493469	0.0288530228503245	-3.11549483101511	0.00183636567109233	0.00720515911088793
ENSMUSG00000025034	2535.13720765822	0.0949681839378328	0.0304849506680781	3.11524807672651	0.00183790267050152	0.00720987184301637
ENSMUSG00000033365	3922.19973207452	0.143465437222455	0.046054106791977	3.11514970576844	0.00183851573949663	0.00721095904696413
ENSMUSG00000064127	4467.73127440177	0.154780987267295	0.0496884564984598	3.11502908672748	0.00183926771978803	0.00721259058695101
ENSMUSG00000005611	443.444001990439	-0.320790526321372	0.103015346493272	-3.11400715758718	0.00184565012419929	0.00723629690704327
ENSMUSG00000004393	2544.52287204164	0.107721506988825	0.0345974725750909	3.11356578880221	0.00184841295661395	0.00724580579376826
ENSMUSG00000034758	182.201806409408	-0.329027028434056	0.105715528723258	-3.11238124055911	0.00185584665765015	0.00727300129101645
ENSMUSG00000016510	959.244800191822	-0.125817246792471	0.0404251292560303	-3.1123523686372	0.001856028187468	0.00727300129101645
ENSMUSG00000044501	914.273439951018	-0.180055177561024	0.057854522113531	-3.11220577032324	0.00185695016395349	0.00727528604114358
ENSMUSG00000021120	672.377904079339	-0.165508276322333	0.0531858449682112	-3.11188581137061	0.00185896389027448	0.00728184650887446
ENSMUSG00000047731	2540.83772066486	0.14534689533809	0.0467121571769932	3.11154320677951	0.00186112236555412	0.00728897148312074
ENSMUSG00000030556	1434.02517575804	0.146347863103757	0.0470352047135132	3.11145372907691	0.00186168647147255	0.00728947263436065
ENSMUSG00000064080	4554.79967057028	0.239922511326019	0.0771104133414704	3.1114151893281	0.00186192949101833	0.00728947263436065
ENSMUSG00000038482	1487.54422524338	0.177058293213872	0.0569278022327876	3.11022534279209	0.00186944664353682	0.00731756776990544
ENSMUSG00000020390	10687.9722237486	-0.119812996969913	0.0385263953117504	-3.10989377543376	0.00187154636445125	0.0073244510955899
ENSMUSG00000085680	69.1299560376217	0.46216940126768	0.148620355453019	3.10973150251802	0.00187257478164473	0.00732714004060987
ENSMUSG00000035770	25493.7917964876	0.119739155874039	0.038507335867394	3.10951545145527	0.00187394482770687	0.00733116451094509
ENSMUSG00000019863	1205.39444800448	-0.168088097537854	0.0540574726683422	-3.10943315032728	0.0018744669665462	0.00733187097373921
ENSMUSG00000053560	391.973274101498	0.356451671322481	0.114643281213684	3.10922426110686	0.00187579281185991	0.00733572025858715
ENSMUSG00000141552	9.34953667245157	-1.23061557037424	0.395993854711263	-3.10766330268316	0.00188572770817836	0.00737264114050042
ENSMUSG00000000794	246.198529335084	-0.402229097348918	0.129432622534955	-3.10763306399275	0.0018859206420613	0.00737264114050042
ENSMUSG00000033157	2883.25139597098	-0.103195756951169	0.0332123846494624	-3.10714686826437	0.00188902523872485	0.00738343331654547
ENSMUSG00000029306	430.717621361779	-1.45180400413439	0.467311642421409	-3.10671481799975	0.00189178802866602	0.00739288582256414
ENSMUSG00000028431	3924.19854909786	0.209750762588014	0.0675318569064836	3.10595283761369	0.00189666963702337	0.00741061347439819
ENSMUSG00000025969	4073.5784116895	-0.172904507520212	0.0556803624917747	-3.10530499052973	0.00190082915006258	0.00742551383716893
ENSMUSG00000032397	466.211329411929	-0.259761733278081	0.0836598578244792	-3.1049745963359	0.00190295367578203	0.00743246062669887
ENSMUSG00000064141	69.649444563557	0.561785725968298	0.180943531356577	3.10475716792115	0.00190435298998297	0.00743657290940046
ENSMUSG00000041112	6188.11557399553	0.174757923422421	0.0562961997138079	3.10425791280468	0.00190756964634622	0.00744757795850883
ENSMUSG00000046671	6355.18672059095	-0.0960964817518633	0.0309568027557053	-3.10421210194754	0.00190786505142272	0.00744757795850883
ENSMUSG00000030486	115.708725053207	-0.397557414477115	0.128084312303227	-3.1038728110273	0.00191005423091836	0.00745476802198066
ENSMUSG00000007888	122.550671373522	0.522637695949742	0.16839366747824	3.10366597376518	0.00191138992190762	0.00745862498885091
ENSMUSG00000117674	30.3641852750044	-0.625532394984384	0.201636694636977	-3.10227459397002	0.00192039733796342	0.00749241171514408
ENSMUSG00000056673	512.112777586054	-0.252839627047551	0.0815080409327684	-3.10202066144744	0.00192204542837447	0.00749747904152033
ENSMUSG00000027074	2412.18136779835	0.221134639893553	0.071289352973886	3.10193080269022	0.00192262894694738	0.0074983926190357
ENSMUSG00000062646	806.318247675161	-0.166972990671851	0.0538309792796326	-3.10180109866637	0.00192347149682259	0.00750013784043855
ENSMUSG00000017417	299.667353191752	-0.287669998772218	0.0927442878580095	-3.10175435507831	0.00192377522358402	0.00750013784043855
ENSMUSG00000022426	3138.36877825659	0.116906236392235	0.0376916057594203	3.10165178789223	0.00192444183081684	0.00750137431275001
ENSMUSG00000030216	3663.78910863148	0.0898065569882182	0.0289720585387225	3.09976444608475	0.00193674601250835	0.00754767466259719
ENSMUSG00000039163	757.600685220198	-0.177926259907353	0.0574007141997182	-3.09972205726016	0.00193702318625957	0.00754767466259719
ENSMUSG00000050708	23452.3294934632	0.15833495260007	0.0511122096187664	3.09779118885786	0.00194968750902719	0.00759564284369831
ENSMUSG00000068876	134.874644360033	-0.434784208429098	0.140368554544439	-3.09744735806515	0.00195195060949774	0.00760307961957511
ENSMUSG00000120478	39.7304183196351	0.746018592068326	0.2408587173457	3.0973285928347	0.00195273288461207	0.00760474675273634
ENSMUSG00000051111	45341.5799502333	0.27746542429637	0.0895863593881309	3.09718383681892	0.00195368674334239	0.00760708137721526
ENSMUSG00000048874	3079.38349260078	0.172587583235367	0.0557424489082607	3.09616076465185	0.00196044040388764	0.00763199378125717
ENSMUSG00000031189	737.105994619675	0.273308814623723	0.0883040502682448	3.09508809384713	0.00196754449372734	0.00765826112463302
ENSMUSG00000029415	1407.43790818538	0.148116150602366	0.0478702299881596	3.09411821583063	0.00197398814242697	0.00768194877906768
ENSMUSG00000036078	5863.43644432677	0.10122153230621	0.0327234224045491	3.09324407009879	0.00197981235911389	0.00770321770903369
ENSMUSG00000050931	2397.38666260336	-0.143456516795444	0.0463963827648988	-3.09197631898098	0.00198828710059916	0.00773354973082751
ENSMUSG00000060288	547.583223520602	-0.20480494216546	0.0662376845996671	-3.0919701285345	0.00198832856444783	0.00773354973082751
ENSMUSG00000033964	2078.22705161862	0.138171892079195	0.0446882671405632	3.09190534608529	0.00198876252739849	0.00773383630672754
ENSMUSG00000110710	71.1704504517393	0.658708123220719	0.213069196570001	3.09152206806351	0.00199133179918641	0.00774242499571373
ENSMUSG00000107002	1238.85358807767	-0.184781095403331	0.0597914803021034	-3.09042516541994	0.0019987016379971	0.00776967210453562
ENSMUSG00000048439	487.608898901246	-0.207144280798766	0.0670305741562817	-3.09029548688944	0.00199957457117094	0.00777165811058398
ENSMUSG00000024260	1866.14399377767	0.160990070272231	0.0520968026079103	3.09021018974754	0.00200014894104812	0.00777248319488394
ENSMUSG00000028902	1480.02425365958	0.122377924375706	0.0396101116158463	3.08956272485604	0.00200451374907238	0.00778803477603396
ENSMUSG00000017781	30338.8873518821	0.0903923534060803	0.0292610484149301	3.08917001620348	0.00200716540523395	0.00779692591182629
ENSMUSG00000022103	10816.6676975307	-0.29734131727658	0.096287915516552	-3.08804397396542	0.00201478655185109	0.00782511455075729
ENSMUSG00000021548	1235.03649545618	-0.143350860474971	0.0464341934642443	-3.08718316783849	0.00202063045801133	0.0078463917170172
ENSMUSG00000028962	4846.17233008939	0.112251562278404	0.0363665687113879	3.08666905501188	0.00202412812118548	0.0078585520436548
ENSMUSG00000054302	2724.31809873123	0.0876063266912023	0.0283830604274759	3.08657084090889	0.00202479693278016	0.0078597271173705
ENSMUSG00000017188	3785.88919219164	-0.125097123837981	0.0405383909380102	-3.08589267959043	0.00202942056580096	0.00787625056327671
ENSMUSG00000028976	54.4921920635469	-0.625999825355751	0.202884028343513	-3.08550569735258	0.00203206330975682	0.00788508152697756
ENSMUSG00000045822	501.090859460652	0.226973455115575	0.0735742884320756	3.08495617086557	0.00203582151220522	0.00789823686625652
ENSMUSG00000031932	238.168409211223	-0.542862025865613	0.176010443991069	-3.08426030612796	0.00204058967048554	0.00791390254662651
ENSMUSG00000109829	42.9950274816536	0.66794738326321	0.216566548085052	3.08425926889174	0.00204059678540845	0.00791390254662651
ENSMUSG00000032372	421.222598487589	0.269446445798868	0.0873942738003664	3.08311327598375	0.00204847164463328	0.00794300800644836
ENSMUSG00000029238	4465.38163013891	0.137985937243091	0.0447642231735215	3.08250489924086	0.00205266351564373	0.00795782463912017
ENSMUSG00000035158	221.413350603942	-0.285041987490492	0.0924928268071577	-3.08177398540093	0.00205771010506183	0.00797594891933138
ENSMUSG00000030842	5118.20860256023	-0.127181351143338	0.0412723699694074	-3.08151315850312	0.00205951373646656	0.00798149880248984
ENSMUSG00000024608	10298.3348723498	-0.363991200909474	0.118124696184295	-3.08141491717859	0.00206019345620808	0.00798269182869363
ENSMUSG00000032565	1156.00436223363	-0.14537832310022	0.0471932909870783	-3.08048707897961	0.00206662321348328	0.00800493486964127
ENSMUSG00000130714	7.01235119534307	1.65513443648331	0.537297763884096	3.08047892200114	0.00206667982146427	0.00800493486964127
ENSMUSG00000067028	243.332146498762	-0.399298085270301	0.129641383543657	-3.0800202401098	0.00206986528209496	0.0080158268348278
ENSMUSG00000023328	5794.49388406623	-0.19135110502255	0.0621313960268825	-3.07978119371015	0.00207152719971498	0.00802081581332644
ENSMUSG00000061455	1158.18315655059	-0.147009281104488	0.0477390647025117	-3.07943362570222	0.00207394577379465	0.00802873218760612
ENSMUSG00000046756	2495.10978821595	0.130290203626815	0.0423142756002199	3.07910750635981	0.0020762174511255	0.00803607713773171
ENSMUSG00000036893	1040.51326391328	0.115917204466565	0.0376496071034499	3.07884234085256	0.00207806621930576	0.00804178284903867
ENSMUSG00000040767	1155.01082225487	-0.178155571806889	0.0578768345945233	-3.07818444210055	0.002082659697422	0.00805810617607436
ENSMUSG00000089911	2435.96505904672	-0.110210926252687	0.0358045801093763	-3.07812369020983	0.00208308433918585	0.00805829670660723
ENSMUSG00000004948	19.4247445024727	0.947813284222783	0.308014656179984	3.07716943075898	0.00208976482284304	0.00808268318687362
ENSMUSG00000031584	4136.84332225007	0.0903730765938914	0.0293741967084983	3.07661440041169	0.0020936594564914	0.00809628785679057
ENSMUSG00000003354	115.023808581537	-0.357983028169241	0.116369858432687	-3.07625215833972	0.00209620488886725	0.00810467113552313
ENSMUSG00000091537	2889.33536679687	-0.141184993571001	0.0458970873796197	-3.07612098352223	0.00209712733865245	0.00810677749892194
ENSMUSG00000061479	1793.94503077647	0.123889480560496	0.040277282401977	3.07591458937197	0.00209857950088782	0.00811093042240871
ENSMUSG00000043183	323.596000968334	0.247393969182301	0.0804350450248569	3.07569877167158	0.00210009895231642	0.00811534187406378
ENSMUSG00000046178	298.276336572046	-0.307950411917488	0.100131387668853	-3.07546333958656	0.00210175764829332	0.00811930628383309
ENSMUSG00000024498	3134.0424330594	0.163953651074734	0.0533108083100162	3.07542984757051	0.00210199370808681	0.00811930628383309
ENSMUSG00000070000	1267.8435378145	-0.195158776129847	0.0634581763751891	-3.07539212876199	0.00210225958844425	0.00811930628383309
ENSMUSG00000025432	57146.7760329955	0.174554811560305	0.0567685972508846	3.0748480676539	0.00210609811473328	0.00813266812931544
ENSMUSG00000057367	1345.89274408358	-0.122368463679487	0.0397989691864508	-3.07466414786306	0.00210739718111875	0.00813586443444774
ENSMUSG00000073802	309.520734624942	0.291982723934636	0.0949653566088747	3.07462357180629	0.0021076838777585	0.00813586443444774
ENSMUSG00000074221	230.724733691263	0.275288412144467	0.0895372778541352	3.07456758505589	0.00210807951985454	0.0081359286179787
ENSMUSG00000118449	132.427106230709	-0.341646175439777	0.11114114533953	-3.07398465614213	0.00211220295744167	0.00815037725767442
ENSMUSG00000029186	382.624442700295	-0.22623365322626	0.0736100537626715	-3.07340698263402	0.0021162965158323	0.00816470542934151
ENSMUSG00000033576	19.2884480287761	-1.46811725301506	0.477706372689834	-3.07326285966942	0.00211731894541823	0.0081671821172233
ENSMUSG00000027087	2315.75521712332	0.329075583105269	0.107086842852257	3.07297866236733	0.0021193364104579	0.00817349539829129
ENSMUSG00000020354	978.870643800916	-0.238102474989185	0.0774941604085298	-3.07252151302716	0.0021225853293467	0.00818455481942811
ENSMUSG00000036545	1428.25323382171	-0.791026743107173	0.257470600845278	-3.0722992858611	0.00212416632682412	0.00818918002363624
ENSMUSG00000029616	3911.01177894339	-0.115353569603359	0.0375503592129118	-3.07196980325275	0.00212651236242719	0.00819675244601581
ENSMUSG00000022205	6390.33036112295	-0.125333729757556	0.0408093336984799	-3.07120255095527	0.00213198468824065	0.0082163704340707
ENSMUSG00000118257	235.168067508746	-0.34355073991114	0.111867130922926	-3.07106061518497	0.00213299844063431	0.00821880174594435
ENSMUSG00000056174	1443.76823909427	-1.23346425397107	0.401692637330665	-3.07066682169659	0.00213581335923225	0.00822817113590801
ENSMUSG00000001366	5859.24952829775	-0.136645122974164	0.0445042052062628	-3.0703867722355	0.00213781728372405	0.00823441338819675
ENSMUSG00000021044	1144.24076914765	-0.136965698424704	0.0446146056056572	-3.0699744302421	0.00214077097991165	0.00824431106113805
ENSMUSG00000062044	266.249633995935	0.289247798611195	0.0942203485953687	3.06990796492779	0.00214124743557482	0.00824466680754242
ENSMUSG00000025169	676.302051745014	0.17126442988549	0.0558066099800851	3.06889147981945	0.00214854621888975	0.00827128643018066
ENSMUSG00000015484	117.845318460364	0.489838171550004	0.159682558390638	3.0675746711904	0.00215803536409543	0.00830537141176535
ENSMUSG00000019820	19876.0458142372	-0.149763925779544	0.0488222896568384	-3.06753179402693	0.00215834498909101	0.00830537141176535
ENSMUSG00000064341	163195.008134175	-0.223949490127086	0.0730071233970746	-3.06750190538338	0.00215856084534794	0.00830537141176535
ENSMUSG00000087410	19.012284615218	-1.53827871260749	0.501518169342926	-3.06724423289168	0.00216042258112214	0.00831104500472542
ENSMUSG00000046997	647.37136546589	0.213123899027197	0.0694867046075645	3.06711766273624	0.00216133761509335	0.00831307529933593
ENSMUSG00000039476	168.173174709224	-0.950444691120203	0.309938701251465	-3.06655699105183	0.00216539524348951	0.00832718994925579
ENSMUSG00000070469	529.131723770418	-0.928013086261927	0.302705537631942	-3.06572880536561	0.00217140167095013	0.00834879245362985
ENSMUSG00000021010	115.686022303799	0.36957637394668	0.120569115070095	3.06526570865035	0.00217476694003792	0.00836023408575464
ENSMUSG00000042050	530.702697337489	-0.189554469150491	0.0618475063092204	-3.06486842335681	0.0021776577747529	0.00836984812763576
ENSMUSG00000115016	5.79501002487035	1.80353134105103	0.588639564346446	3.06389758740301	0.00218473686131996	0.00839555343091555
ENSMUSG00000029470	2018.85409562986	0.115641160551802	0.0377441645323797	3.06381561188344	0.00218533557049216	0.00839635105712987
ENSMUSG00000051864	3383.43664531352	-0.106043089998312	0.0346131352582206	-3.06366612579907	0.00218642773106012	0.00839754519864237
ENSMUSG00000029134	16.4294146857004	-1.19554755648178	0.390234302046696	-3.06366598274778	0.00218642877644704	0.00839754519864237
ENSMUSG00000120690	29.0575704935883	0.697303125793263	0.227617901953933	3.06348103469642	0.00218778071877489	0.00840123450969978
ENSMUSG00000003868	1513.58278682492	0.128585414157717	0.0419753757709511	3.06335349704491	0.00218871344608553	0.00840315674918106
ENSMUSG00000069306	5.543560014533	1.83036522821064	0.59751311139393	3.0633055464517	0.00218906421976244	0.00840315674918106
ENSMUSG00000048978	4098.67718148814	-0.179162263742519	0.0584959116590491	-3.06281684755662	0.00219264214584433	0.00841538642994715
ENSMUSG00000035020	7.33919214222893	1.58437881988383	0.517344876852128	3.06251958949366	0.00219482109131392	0.00842224339401942
ENSMUSG00000026319	4688.53566904289	0.184599594713544	0.0602797199223342	3.06238308590993	0.00219582234752696	0.0084245795374466
ENSMUSG00000026971	74.499184482626	-0.512694138724648	0.167428167985479	-3.06217373631607	0.00219735874393798	0.00842896761925887
ENSMUSG00000036591	5383.96960767748	0.132147455991935	0.0431601292420805	3.06179472380017	0.00220014278700814	0.00843813919348163
ENSMUSG00000038594	1071.67906386928	0.169903313651985	0.055492999545651	3.06170715302955	0.00220078649925078	0.00843910021309705
ENSMUSG00000046523	79.1804084643796	-0.533320323321796	0.174201677003967	-3.06151084475296	0.00220223014270287	0.00844312774482227
ENSMUSG00000028132	7863.0104664863	-0.16644157158854	0.054409036361	-3.05907957061052	0.00222018172149401	0.00851043229171258
ENSMUSG00000029432	5673.86789848648	-0.0895977482405127	0.0293007589747673	-3.05786441633375	0.00222920411828506	0.00854349144851047
ENSMUSG00000030225	331.438686946572	-0.222069424307472	0.0726339595114197	-3.05737737280531	0.00223282978960288	0.00855585938300884
ENSMUSG00000022634	2580.38074413307	-0.101096658724481	0.0330678197939461	-3.05725201584018	0.00223376385154041	0.0085579109115057
ENSMUSG00000033703	479.139347424124	-0.197498416361897	0.0646076133265526	-3.05689076245027	0.00223645763198512	0.00856670227126918
ENSMUSG00000048070	65899.4112347354	-0.128948718529669	0.0421879528458124	-3.05652940783707	0.00223915514489673	0.00857550478864464
ENSMUSG00000049606	2222.00614393218	0.145206513588707	0.0475105640918531	3.05629950652608	0.00224087291007815	0.00858055260216511
ENSMUSG00000090035	234.486421308869	0.370831091073751	0.121350869607025	3.05585853875317	0.00224417109078037	0.00859164912336211
ENSMUSG00000045777	1122.86602649718	-0.215825615979798	0.0706286138273675	-3.05578156336644	0.00224474727737318	0.00859232258489528
ENSMUSG00000026942	645.950389106614	0.147518924250664	0.0482847407854955	3.05518724654679	0.00224920050364839	0.00860783348392161
ENSMUSG00000025436	215.798657341995	-0.263842893873402	0.0863670343682392	-3.05490278557519	0.00225133483777197	0.00861446588727507
ENSMUSG00000027204	1628.99691891877	-0.918122482335184	0.300558119946755	-3.05472526411142	0.00225266773617211	0.00861802987429524
ENSMUSG00000122087	9.80534083765368	-1.20001372047295	0.392898633762283	-3.05425780940484	0.0022561810226182	0.00862993261431261
ENSMUSG00000045980	2649.99359734368	0.199410450499252	0.0653030911247536	3.05361426334785	0.0022610259862114	0.00864663999953856
ENSMUSG00000132756	92.4125181607191	0.556251123127892	0.182164156018024	3.05357066553122	0.00226135455871655	0.00864663999953856
ENSMUSG00000121048	8.27586686917568	-1.48920935853545	0.487729708763974	-3.05334969712932	0.00226302054754531	0.00865146911373245
ENSMUSG00000142449	10.6820695053745	-1.09632410130141	0.359136082671844	-3.05267043385101	0.00226814888936001	0.00866953063728668
ENSMUSG00000028864	630.34403480195	-0.183208957480757	0.0600219872036363	-3.05236407550428	0.00227046533363374	0.00867683974573292
ENSMUSG00000027086	1193.39399420149	0.184957843419957	0.0605983855648919	3.0521909403328	0.00227177540588919	0.00868030097237762
ENSMUSG00000026553	16436.2131198147	0.135804950054888	0.0444991852672502	3.05185250559713	0.00227433826034101	0.00868854691163553
ENSMUSG00000097177	226.446278049601	-0.274468710535599	0.0899387417446288	-3.05172949066735	0.00227527046791778	0.00868965788108746
ENSMUSG00000046897	2848.47625222762	-0.105247329004534	0.0344880156492998	-3.05170729666702	0.00227543869140001	0.00868965788108746
ENSMUSG00000042476	585.37865467426	-0.283447958393171	0.0928858171922975	-3.05157414728194	0.00227644816075274	0.00869196659884708
ENSMUSG00000034416	172.534336929901	0.37185026227657	0.121953577660921	3.04911319051632	0.00229517987387244	0.00876192978348673
ENSMUSG00000027580	269.315478277429	0.478916209938242	0.157131185771847	3.04787498156874	0.00230465786415386	0.00879654795731271
ENSMUSG00000029381	1903.94001514545	-0.205409412591797	0.06740431301457	-3.04742238894114	0.00230813121541014	0.00880823905244339
ENSMUSG00000037493	1619.37407901147	-0.127058104314799	0.041696075022591	-3.04724375725914	0.00230950341538465	0.00881190904988391
ENSMUSG00000036006	253.393584207728	-0.473230883392075	0.155301890198088	-3.04716757013369	0.00231008889141359	0.00881257653155927
ENSMUSG00000029169	5922.58780851441	0.0960276902813268	0.0315228800197425	3.04628543525165	0.00231687774912629	0.00883690436438256
ENSMUSG00000071324	158.959253257538	-0.331439289732624	0.108812917374846	-3.04595536751268	0.00231942262490301	0.00884503927272483
ENSMUSG00000069132	6.92494703850996	-1.46280127029702	0.480253149623882	-3.04589625584474	0.00231987865564978	0.00884520696663911
ENSMUSG00000121865	177.713283847643	0.339493780198329	0.1114738831773	3.04550061881634	0.00232293300445155	0.00885527967919676
ENSMUSG00000042670	679.59106730415	-0.257090248417046	0.0844201007242927	-3.0453677052184	0.00232395993398375	0.00885762143872428
ENSMUSG00000056310	636.382506583991	0.19436433463737	0.0638268944890533	3.04517924917535	0.00232541671347368	0.00886097884861835
ENSMUSG00000003849	741.26369595937	-0.167517824642023	0.0550114089207437	-3.04514696003097	0.00232566639490896	0.00886097884861835
ENSMUSG00000087268	20.662178501721	-0.775379336506252	0.254657144294804	-3.04479710810168	0.00232837326048423	0.00886971790764054
ENSMUSG00000034993	22314.6931790797	0.116408150479526	0.0382388173467163	3.04424034415181	0.00233268699057016	0.008883047132204
ENSMUSG00000067780	78.636450502013	0.627276910892541	0.206053788069689	3.04423867558499	0.00233269992938759	0.008883047132204
ENSMUSG00000051234	8055.32130725922	-0.154198847721997	0.0506623539325068	-3.04365738566793	0.00233721151462755	0.00889864887779267
ENSMUSG00000031862	1690.00013581676	0.129372133785066	0.0425113417504477	3.04323807384187	0.00234047089309845	0.00890947831020595
ENSMUSG00000038415	44.5952865975745	0.579891953167795	0.190556755044057	3.04314561314671	0.00234119016486733	0.00891063618422733
ENSMUSG00000085408	174.331826223604	-0.303800897164865	0.0998372634357138	-3.04296098180301	0.0023426270577668	0.00891160114112992
ENSMUSG00000038888	354.33852857304	0.236773539961851	0.0778107097132386	3.04294281384207	0.00234276849350328	0.00891160114112992
ENSMUSG00000051246	91.7780712756716	-0.431956092123161	0.141953412240389	-3.04294264791375	0.00234276978527448	0.00891160114112992
ENSMUSG00000031870	624.200111373177	-0.350290580203839	0.115117360656054	-3.04289968261548	0.00234310429705289	0.00891160114112992
ENSMUSG00000026189	312.939665789637	-0.273167041340496	0.08977634769658	-3.04275066149636	0.00234426485882722	0.00891443568814615
ENSMUSG00000037376	1167.3033026488	0.139310441205748	0.0457855301636709	3.04267397817062	0.00234486226610411	0.00891512812684925
ENSMUSG00000030752	595.342058639765	-0.174371625471636	0.0573159869723098	-3.04228601272935	0.00234788687775857	0.00892504687762802
ENSMUSG00000031984	1353.92049901212	-0.135740657991885	0.0446352949646361	-3.04110588043454	0.00235710926418803	0.00895851761066932
ENSMUSG00000039201	1013.14190856667	0.191331633239838	0.0629278227618218	3.04049345492244	0.00236190825087563	0.00897516773115529
ENSMUSG00000038903	1599.5789822732	-0.236316359839025	0.077734747801145	-3.04003507470753	0.00236550598530741	0.00898724804966527
ENSMUSG00000133647	15.2523614676663	1.08260481932839	0.356136394851996	3.03986010690735	0.00236688059514781	0.00899087928781508
ENSMUSG00000047420	134.901517156996	-1.24073456627426	0.408165699028329	-3.03978156231139	0.00236749790750054	0.00899163306482776
ENSMUSG00000022442	4418.75058768651	0.119355917251087	0.0392716504544355	3.03923863321122	0.00237176902999589	0.0090062610999278
ENSMUSG00000032478	243.33632451842	-0.268224616926082	0.0882824121510028	-3.03825654952989	0.00237951282622431	0.0090340683282156
ENSMUSG00000056383	476.804369010113	-0.231747690885241	0.0762963251964098	-3.03746858434732	0.00238574271373622	0.00905611902618242
ENSMUSG00000027186	51.8367930874349	-0.576563645470992	0.189855039554533	-3.03686247583322	0.00239054494463667	0.00907274359645878
ENSMUSG00000020532	9876.88155211335	0.197509402825955	0.0650426437742146	3.03661400221643	0.00239251617081046	0.00907861978480064
ENSMUSG00000024914	4786.17120369885	-0.167064545248417	0.0550266201101065	-3.03606772347868	0.00239685521975127	0.00909347722643703
ENSMUSG00000044719	15.4504152611964	-1.07617079022668	0.354473146084004	-3.0359726882432	0.00239761081232468	0.00909473647240883
ENSMUSG00000061666	2668.17620875785	0.133506719360099	0.044001859368181	3.03411540505584	0.00241242127238544	0.0091492994757996
ENSMUSG00000026672	3446.9698569274	0.0972092178171554	0.0320435318428331	3.03366115489225	0.00241605630374341	0.00916146698748562
ENSMUSG00000120718	1995.80835108643	-0.302894131576028	0.0998624292899132	-3.03311399221712	0.00242044150191249	0.00917647426352058
ENSMUSG00000022807	1704.34414205928	0.163979376920236	0.0540668710016463	3.03289933155634	0.00242216387392339	0.00918138260950723
ENSMUSG00000027650	1177.64498027253	-0.163834878545984	0.0540276996130118	-3.03242373300171	0.00242598392909633	0.00919423923410694
ENSMUSG00000135284	60.7513011619721	-0.463162235501695	0.152795423866201	-3.03125724437451	0.00243537664118914	0.00922820741037353
ENSMUSG00000039106	329.573722957742	-0.227652085784425	0.0751068797814997	-3.03104171610788	0.00243711574015956	0.00923196455800497
ENSMUSG00000001089	6162.60771960567	-0.191357669172474	0.0631329317245291	-3.03102776863641	0.0024372283215417	0.00923196455800497
ENSMUSG00000041236	17129.266951552	-0.0918921915440613	0.0303206015320206	-3.03068497658323	0.0024399967713183	0.00924063151693036
ENSMUSG00000002345	924.337501530148	-0.194204083165282	0.0640804772751278	-3.03062791388822	0.00244045789913246	0.00924063151693036
ENSMUSG00000097462	517.411445307556	-0.226880598308957	0.0748644219936928	-3.03055299522744	0.00244106344340563	0.00924063151693036
ENSMUSG00000085645	36.0944915060184	-0.795544810987722	0.262510007377592	-3.03053136501351	0.00244123829928781	0.00924063151693036
ENSMUSG00000074001	39.375005019609	-0.846400475553025	0.279375715204808	-3.02961363314108	0.00244866769503712	0.00926711931270572
ENSMUSG00000091421	177.570913514656	0.294906495326816	0.0973568662562919	3.02912888085854	0.00245260029833704	0.0092803662972154
ENSMUSG00000042642	1627.84667822829	-0.143045174375404	0.047236072889055	-3.02830370152444	0.00245930794675575	0.00930410722330965
ENSMUSG00000046550	65.6248752675519	-0.430242231618057	0.142117196016815	-3.02737630404102	0.00246686652913929	0.00933105848713725
ENSMUSG00000058207	8.91172662418457	1.3827636867592	0.456822259913452	3.0269183621244	0.00247060673475377	0.00934355957861599
ENSMUSG00000042207	1664.28824088356	0.192042297453083	0.0634705431960387	3.02569172694694	0.00248065076165031	0.00937989241669642
ENSMUSG00000044134	653.986757814916	0.173671590005209	0.0574003068490383	3.02562128216426	0.00248122871575675	0.00938042543367988
ENSMUSG00000053768	3643.39359923467	-0.115009309025971	0.0380128185211655	-3.02554015987882	0.00248189442452626	0.00938128996599415
ENSMUSG00000040242	5597.84827544838	0.102440515774224	0.0338640221946569	3.0250545899532	0.00248588254447676	0.00939471033446094
ENSMUSG00000140760	168.30386193834	-0.309310109109478	0.102262783915474	-3.02465958060697	0.00248913118930391	0.00940533182707231
ENSMUSG00000133502	28.9942942300941	-0.628716099264053	0.207873050988785	-3.02451951454723	0.00249028405627116	0.00940803195211487
ENSMUSG00000026229	14116.0845372003	0.11732227129939	0.0387952759411475	3.02413808004273	0.00249342607505071	0.0094182446114796
ENSMUSG00000029005	220.371501687472	0.451591163956067	0.149334423984901	3.02402588703679	0.00249435094086793	0.00942008045332
ENSMUSG00000026657	4049.87653782098	-0.154721740732991	0.0511698611438768	-3.02368889174728	0.00249713085734417	0.0094289201378628
ENSMUSG00000074865	222.793746917749	-0.288711814415363	0.0954994867934561	-3.02317660659037	0.00250136219155289	0.00944323615966835
ENSMUSG00000071654	1047.15039066778	-0.150516612801924	0.0497914994691462	-3.0229379393403	0.00250333575615738	0.00944902502930796
ENSMUSG00000018372	193.976602529955	0.302352685699405	0.100034236927852	3.02249204857203	0.00250702669094241	0.00946129306395389
ENSMUSG00000109868	376.224667209171	-0.360916359757233	0.119413004959821	-3.02242088186853	0.00250761624560786	0.00946185451366115
ENSMUSG00000045246	1099.59105264195	-0.29146155966949	0.0964483810324669	-3.02194351578982	0.00251157409090487	0.00947512292361405
ENSMUSG00000006019	520.294249061267	0.17000004049183	0.0562582822399266	3.02177801602305	0.00251294758399808	0.00947863869936793
ENSMUSG00000021514	736.079188743693	0.206160546419583	0.0682298140802609	3.02156101696349	0.00251474951406457	0.00948376898610508
ENSMUSG00000032112	5130.27154998124	0.115951480839351	0.0383768124208278	3.02139426192734	0.00251613502777379	0.00948730019694666
ENSMUSG00000020564	693.661753182799	-0.180465427153983	0.059730222541581	-3.02134195177915	0.0025165697997491	0.00948730019694666
ENSMUSG00000023484	113798.192469308	0.0965199987293871	0.0319469374333024	3.02125982908058	0.00251725249518996	0.0094882075613253
ENSMUSG00000024211	877.644845219845	-0.285114320231761	0.0943871519624644	-3.02068993823592	0.00252199473223767	0.00950441343437742
ENSMUSG00000045538	672.891316962007	0.164878635115811	0.0546014414693772	3.01967550084336	0.00253045640271985	0.00953462825009378
ENSMUSG00000062785	7068.89124745525	-0.30260454626529	0.100214282554776	-3.01957504011355	0.00253129578181463	0.00953611710291905
ENSMUSG00000085779	28.3632136295707	-0.993786783673156	0.329161615106729	-3.01914542298902	0.00253488823392991	0.00954797522890675
ENSMUSG00000038253	299.612455097716	-0.214411529121866	0.0710416808390967	-3.01810889873917	0.00254357484054436	0.00957901360125003
ENSMUSG00000063904	6440.84338421601	0.0915060135245065	0.0303253305032293	3.01747786441313	0.00254887655682893	0.0095963313067413
ENSMUSG00000056031	3.84001373432579	2.14653626460452	0.711380981455895	3.01742149503557	0.00254935064281125	0.0095963313067413
ENSMUSG00000078670	1118.63582910738	-0.280793418340691	0.0930580070457327	-3.01740201896541	0.00254951446204908	0.0095963313067413
ENSMUSG00000135484	19.5117436858884	0.92338545400333	0.306106857673795	3.01654612059474	0.0025567232027	0.00962177774704738
ENSMUSG00000113975	22.2104695087941	-0.786186760348714	0.260630601424144	-3.01647909360149	0.00255728851888607	0.00962221829034329
ENSMUSG00000031479	2574.21870245266	0.0980425054215305	0.0325045868832418	3.01626677409266	0.00255908000961328	0.00962727155386589
ENSMUSG00000061607	1187.931823509	0.191330912861766	0.0634427978713197	3.01580193940754	0.0025630061581381	0.00964035223245004
ENSMUSG00000055065	8095.87467492666	0.186970566772132	0.0620000964733147	3.01564961036158	0.00256429397784357	0.00964350639950773
ENSMUSG00000105003	10.6097673932149	-1.11078918744596	0.368354192173213	-3.01554647957864	0.00256516620166386	0.00964509680940906
ENSMUSG00000021994	1569.55055741275	0.282265405710194	0.0936114182335979	3.015288209883	0.00256735169625246	0.00965162373235646
ENSMUSG00000087532	11.6688765987248	1.08119175062671	0.358619921139687	3.01486807311403	0.00257091055851945	0.00966331046212194
ENSMUSG00000010663	10669.2899482417	0.145145104546967	0.0481498934732615	3.01444290063837	0.00257451666901945	0.00967258185067136
ENSMUSG00000056394	849.956025135008	-0.212987050755867	0.0706557147154841	-3.014434877823	0.00257458475915984	0.00967258185067136
ENSMUSG00000038831	1056.64518695965	0.222653338195368	0.073862797668776	3.01441788319223	0.00257472899910259	0.00967258185067136
ENSMUSG00000062691	1029.35100264808	-0.259532986066025	0.0861029512858484	-3.01421707607229	0.0025764338856578	0.00967729305153637
ENSMUSG00000051319	1160.81235408187	-0.214270948298476	0.0710983626348069	-3.01372549743611	0.00258061182936359	0.00969128998060161
ENSMUSG00000028488	6332.63316425766	-0.147465815844593	0.0489341391782558	-3.01355696290905	0.00258204563552826	0.00969347828507855
ENSMUSG00000040287	23.2249463567225	-1.98506695024629	0.658713607679268	-3.01355084683909	0.00258209768163976	0.00969347828507855
ENSMUSG00000026356	3723.24903404087	0.0813039594013628	0.0269830115364558	3.0131536389671	0.00258547986877365	0.0097044649639076
ENSMUSG00000138620	71.9329823324992	-0.470521184424708	0.156158451082253	-3.01310099558346	0.00258592842604824	0.0097044649639076
ENSMUSG00000039100	15043.40530336	0.162125941067096	0.0538097085014008	3.01294962530555	0.00258721859980069	0.00970760958981325
ENSMUSG00000107667	108.331966724	-0.468133444648047	0.155379784430181	-3.01283366021402	0.0025882074027962	0.00970934363308586
ENSMUSG00000026527	4778.01697484392	0.143389294442228	0.0475935347963405	3.01278934325451	0.00258858537278256	0.00970934363308586
ENSMUSG00000031843	441.168708750463	-0.200153348591944	0.0664366134718978	-3.01269643547691	0.0025893779274093	0.00971061959988959
ENSMUSG00000031715	4208.75757315659	0.114134762551742	0.0378864922057517	3.0125449970904	0.00259067025602235	0.00971376903332328
ENSMUSG00000035027	6228.78248283907	0.0759513527946202	0.0252131430063122	3.01237147528991	0.00259215176268887	0.00971762656966106
ENSMUSG00000027546	38361.082489476	0.111805242570881	0.0371174187913643	3.01220414057707	0.00259358117846539	0.00972128751125162
ENSMUSG00000041229	1474.67551002032	0.147955358697924	0.049119764336555	3.01213494601022	0.00259417246669395	0.00972180624477171
ENSMUSG00000003072	16243.9287425139	0.0884005622152094	0.0293499200224459	3.01195240558078	0.00259573292066464	0.00972595616599532
ENSMUSG00000029245	1039.00318433624	0.244971457788686	0.0813493755277171	3.01135019414156	0.0026008870365932	0.00974356738699992
ENSMUSG00000058331	124.038291300014	-0.332270953864323	0.110344518078787	-3.01121396558257	0.00260205426590089	0.00974623920290149
ENSMUSG00000033735	2990.48287782895	-0.143106342939483	0.0475285545935782	-3.01095508086034	0.00260427375390737	0.00975285073296853
ENSMUSG00000032228	1798.20191233902	0.16105054398151	0.0535010313242578	3.01023251319061	0.00261047768037958	0.00977437883953046
ENSMUSG00000099560	2139.33582781531	-0.282830107327479	0.0939643202204416	-3.00997343102101	0.00261270543456681	0.00978101410157151
ENSMUSG00000026239	3292.59009967736	-0.105774167459133	0.0351499244875636	-3.00922886752023	0.00261911734609185	0.00980330827396821
ENSMUSG00000120174	36.7930870346979	-0.804450397270234	0.267339033386779	-3.00910191481981	0.00262021205124063	0.00980569593652916
ENSMUSG00000018486	9.77715513615624	1.47699228723389	0.490888951047289	3.00881143094134	0.00262271844914611	0.00981336486480225
ENSMUSG00000078963	1622.58304123758	-0.119155289034697	0.03960603418021	-3.00851351318168	0.00262529126565287	0.00982127959367454
ENSMUSG00000028988	3661.32869544562	-0.0987254144470919	0.0328219159114927	-3.00791138193498	0.00263049831391817	0.00983904457336948
ENSMUSG00000034730	2279.42106917635	-0.141202102299627	0.0469629470435316	-3.00667038992978	0.00264125982812284	0.00987757551750607
ENSMUSG00000046785	10795.6972468531	0.17409812661988	0.057905135395054	3.00660943856027	0.00264178941565676	0.00987783515005888
ENSMUSG00000038429	21122.9109321084	0.11311661844695	0.0376283695763786	3.00615253119976	0.00264576243387477	0.00989096767773524
ENSMUSG00000039065	772.160358337672	-0.195700418590141	0.0651129139550706	-3.00555460818693	0.00265096989761116	0.00990716588798504
ENSMUSG00000020331	8766.45685499595	-0.167488323694217	0.0557263651994346	-3.00554904477991	0.00265101839469795	0.00990716588798504
ENSMUSG00000109814	174.34055969324	-0.303124716782665	0.100887291849209	-3.00458770600891	0.00265941072183447	0.00993679905220171
ENSMUSG00000033186	2878.68040188306	-0.128494840749152	0.0427678508054825	-3.00447271324375	0.00266041621383673	0.00993882604354667
ENSMUSG00000039043	1890.3304796711	0.142527427911759	0.0474412961556516	3.00429034325151	0.00266201156204168	0.00994305554041877
ENSMUSG00000038393	4189.83720242763	-0.397519362240028	0.132358643057957	-3.00335023883527	0.00267024934889892	0.00997208986142382
ENSMUSG00000027291	4747.58102008614	-0.119686811507362	0.0398526917147362	-3.00323030534737	0.00267130195568891	0.00997428557676432
ENSMUSG00000074178	287.57553625444	0.258560892361592	0.0860972511467082	3.0031259873908	0.00267221781975155	0.00997597003804987
ENSMUSG00000111052	223.037154948279	0.364683753616758	0.121464805531292	3.00238206467805	0.00267875744662273	0.0099986449920368
ENSMUSG00000027303	10857.6114877238	0.0541390790784261	0.0180333347915981	3.00216680409272	0.00268065247173852	0.0100039787827432
ENSMUSG00000002897	504.325040639357	0.702679815616678	0.234158374157474	3.00087416538056	0.00269205787845399	0.010044796526837
ENSMUSG00000016308	4261.0483543581	-0.123475531211767	0.041148656173604	-3.00071843636473	0.00269343491926168	0.0100468156361357
ENSMUSG00000117637	41.0552092884611	-0.594867665894621	0.198242495397132	-3.00070711228157	0.00269353507807514	0.0100468156361357
ENSMUSG00000096916	476.834237747649	0.214853771068114	0.0716028480338186	3.0006316364209	0.00269420273099672	0.0100475600805378
ENSMUSG00000039760	14.5361922322072	-1.02296115237042	0.341031178094974	-2.99961181873387	0.0027032387884425	0.0100795073532581
ENSMUSG00000025531	2798.53929557008	-0.107724981555269	0.035914677266863	-2.999469569358	0.00270450138221151	0.0100824638191303
ENSMUSG00000090693	12.4874842061931	1.22152805236728	0.40725581104784	2.99941221028714	0.0027050106490396	0.0100826113200702
ENSMUSG00000086119	312.312568718637	-0.231715870112759	0.0772612982751256	-2.99911954996698	0.00270761042009538	0.0100905495273902
ENSMUSG00000085071	45.8061015791654	-0.595300027839878	0.198505290988621	-2.99891264799588	0.0027094497567488	0.010095651532437
ENSMUSG00000040174	1438.47386611217	-0.140828632527767	0.046961128177392	-2.99883409946623	0.00271014834381507	0.0100965019695131
ENSMUSG00000019734	65.6714457475345	-0.422750503946336	0.140974157710102	-2.9987801368225	0.00271062836675095	0.0100965380046288
ENSMUSG00000111221	266.725862930706	0.252900437289705	0.0843424023220225	2.99849696388919	0.00271314859602463	0.0101041720614616
ENSMUSG00000062542	10768.6288298582	0.109286081220156	0.0364566150544909	2.99770236641028	0.00272023192312695	0.0101287941824533
ENSMUSG00000079164	209.052267392906	-0.336522125821964	0.112288923460952	-2.99693073412524	0.00272712669700748	0.0101527058060982
ENSMUSG00000015748	680.909039883117	0.206870940318829	0.069030167401981	2.99681933427981	0.00272812340703745	0.0101546552896594
ENSMUSG00000007815	12912.0347863311	0.104437378124632	0.0348618367139723	2.99575088316486	0.00273769990648493	0.0101885343607153
ENSMUSG00000036782	1395.64879049348	-0.241885216537918	0.0807467694156804	-2.99560240351791	0.00273903315341809	0.0101917291855214
ENSMUSG00000057667	1104.08171828941	-0.168342765899225	0.056220217655088	-2.99434568062349	0.00275034145545876	0.0102320328739823
ENSMUSG00000102057	51.362976836785	-0.514340048196382	0.171774130435981	-2.99428119293011	0.00275092288038161	0.0102324225524643
ENSMUSG00000027574	418.315602022362	-0.362237032769631	0.120993819540983	-2.99384740595725	0.00275483684865439	0.0102452057853803
ENSMUSG00000033589	332.624747983352	0.233876528070095	0.0781216504909987	2.99374791239264	0.00275573527495891	0.0102467717672385
ENSMUSG00000076437	934.63993906679	-0.217171067051736	0.072546624321157	-2.99353786732158	0.00275763285975534	0.0102520517782314
ENSMUSG00000027253	684.461247676898	0.423196675255863	0.141425515872325	2.99236437389356	0.00276825638934576	0.0102897647885188
ENSMUSG00000045100	745.648179525718	-0.171617469423792	0.0573672685207748	-2.99155727384237	0.0027755846758013	0.0103152182567089
ENSMUSG00000030352	786.655299609666	-0.204554670047776	0.0683897528692121	-2.99101344084346	0.00278053254447652	0.0103301247021234
ENSMUSG00000041845	87.2167166157228	-0.514722248645294	0.17208974219634	-2.99101063245268	0.00278055811650374	0.0103301247021234
ENSMUSG00000022311	80.687857551148	-0.485452159767603	0.16235163931268	-2.99012785964329	0.00278860692905246	0.0103582343552587
ENSMUSG00000002900	3661.97873743264	0.253933546972538	0.0849287917235298	2.98995831471585	0.00279015521391133	0.0103621923567164
ENSMUSG00000044528	1324.55924358815	-0.155811617603357	0.0521211651756348	-2.98941163495315	0.00279515284396028	0.0103789570919307
ENSMUSG00000004567	3303.75876842196	0.128683853045375	0.0430580053519775	2.98861621650722	0.00280243899228349	0.0104042122809335
ENSMUSG00000025537	42.6481961820446	-2.58804663149963	0.866021093505696	-2.98843371242043	0.00280411320074437	0.0104086276962094
ENSMUSG00000056492	2934.94729121477	0.232168948199157	0.0777079627541738	2.98771116846307	0.00281075045673688	0.0104314608064167
ENSMUSG00000027829	502.837324097842	0.243242770879464	0.0814199806449387	2.98750710762524	0.00281262754664108	0.0104366228031456
ENSMUSG00000024500	10683.1942869955	0.112119021789473	0.0375330662358321	2.98720656300751	0.00281539424440955	0.0104450834515201
ENSMUSG00000021772	5965.03458339979	-0.131719653550248	0.0441064622342167	-2.98640260129645	0.00282280742591175	0.0104694155855174
ENSMUSG00000133071	46.9221513966035	0.520318423990204	0.174229925874789	2.98638951590977	0.00282292823110848	0.0104694155855174
ENSMUSG00000001924	30795.1797582974	0.172375404097853	0.0577240011794217	2.98619985752658	0.00282467970061201	0.0104741016502569
ENSMUSG00000022464	41.7871770429415	-1.28506906458906	0.430345412142396	-2.98613399453147	0.0028252881685529	0.0104745485019268
ENSMUSG00000040883	1574.99978298343	-0.159681401273752	0.0534814819140707	-2.98573254814281	0.00282899947496365	0.0104864967586893
ENSMUSG00000087028	19.5835306395213	-0.741713400589946	0.248452310218152	-2.98533509283407	0.00283267826940018	0.0104983203955359
ENSMUSG00000042793	49.0258395314166	-0.636900775988549	0.213353616345802	-2.9851885658046	0.00283403560610243	0.0105015377732772
ENSMUSG00000028633	2952.13493914986	0.0938748846225511	0.0314554159852306	2.98437905467945	0.00284154513086102	0.0105275470795759
ENSMUSG00000051675	4703.67358514756	0.1379014527847	0.0462129760716392	2.9840418104847	0.00284467897375554	0.0105373388870814
ENSMUSG00000025324	275.515446888652	-0.601997693225704	0.201764990932633	-2.98365782112667	0.00284825103808776	0.010548750307728
ENSMUSG00000028909	279.659554492304	-0.413707770240934	0.138696982425541	-2.98281738366608	0.0028560835097539	0.0105759338658577
ENSMUSG00000021285	3075.16570044959	0.169231042051505	0.0567379110023634	2.98268017030898	0.00285736413775792	0.0105788510833238
ENSMUSG00000024400	2558.81513380414	0.104495780472172	0.035047944797099	2.98150950297153	0.00286831144519411	0.0106175501780543
ENSMUSG00000097343	228.655653096269	-0.249540311215792	0.0837066191972788	-2.98112997047077	0.00287186879290645	0.0106288854325051
ENSMUSG00000028803	39753.7889065799	-0.193422160940691	0.0648961077396445	-2.98048939570733	0.00287788201928765	0.0106493045037112
ENSMUSG00000027248	21814.6294277928	0.11352956603938	0.0380954815552759	2.98013206302829	0.00288124137730491	0.0106598978637069
ENSMUSG00000016664	6720.70748409034	0.133290061764875	0.0447283314973556	2.97999181509275	0.00288256085490124	0.0106614940445683
ENSMUSG00000097675	220.699929173454	-0.29331439016687	0.0984295946624557	-2.97994105505292	0.00288303855034271	0.0106614940445683
ENSMUSG00000047423	2822.15019623342	-0.119035164267501	0.0399456531068174	-2.97992785220442	0.00288316281229476	0.0106614940445683
ENSMUSG00000087002	37.3842863834967	0.634600239705517	0.21296501854663	2.97983323287701	0.00288405348913402	0.0106629507746729
ENSMUSG00000050332	1839.80730015239	-0.19200938943088	0.0644473393413856	-2.97932220931236	0.0028888682324711	0.0106789126017263
ENSMUSG00000033938	3867.47814643402	-0.144548796966122	0.0485213553899182	-2.97907582763354	0.00289119220297022	0.0106856631936912
ENSMUSG00000059149	331.17897861477	-0.326502348981502	0.109633381466789	-2.97812896595193	0.00290013927065223	0.0107168857951146
ENSMUSG00000005481	324.701544607354	0.246212023694059	0.0827076884630569	2.97689402604976	0.00291184641611186	0.0107582952096828
ENSMUSG00000025417	5310.59656823233	-0.0841971706774746	0.0282957973639055	-2.97560692828814	0.00292409390471404	0.0108016864151767
ENSMUSG00000018451	6540.84708082075	-0.285626653255789	0.0960012582114346	-2.97523864350528	0.00292760699059527	0.0108116614528761
ENSMUSG00000025261	21917.1223429784	0.237485910732759	0.0798213408314004	2.97521825941736	0.002927801547823	0.0108116614528761
ENSMUSG00000063804	114.749722383655	0.39698534050839	0.133443305639038	2.97493634924055	0.00293049346780843	0.0108197407602298
ENSMUSG00000024925	753.918434657351	-0.174292361539298	0.0586108128568612	-2.97372367049325	0.00294209893917864	0.0108607215526068
ENSMUSG00000075376	3449.11307656296	0.168943326625532	0.0568451748043174	2.97199062553856	0.0029587571801419	0.0109203372814522
ENSMUSG00000120773	31.8480562768763	-0.74096285837213	0.249348775019607	-2.97159213360429	0.00296259968305719	0.0109326396418266
ENSMUSG00000134211	110.954733428027	-0.357699873029893	0.12037780703063	-2.97147690137666	0.00296371167107479	0.0109344841726326
ENSMUSG00000032352	227.87309004115	-0.312871199312853	0.105292972304025	-2.97143477353324	0.0029641182987305	0.0109344841726326
ENSMUSG00000005107	201.07666783169	-0.277227178783649	0.0933162294565721	-2.97083562417903	0.0029699069393645	0.0109529345203983
ENSMUSG00000012483	229.465528244908	-0.287798386447768	0.0968753444073553	-2.97081149190647	0.00297014030761384	0.0109529345203983
ENSMUSG00000029627	428.986122233391	-0.170068291672699	0.0572511206177738	-2.97056703585118	0.00297250523395333	0.0109597728189698
ENSMUSG00000028701	1054.52649085794	-0.219140372983728	0.0737762242352971	-2.97033868641496	0.00297471589289548	0.0109660400750291
ENSMUSG00000025967	10384.0416240695	0.177047764427524	0.059612042211012	2.96999998424509	0.00297799764320403	0.0109762529891857
ENSMUSG00000039745	4289.64797690099	0.087865591126014	0.0295973782968726	2.96869507308012	0.00299067207948492	0.0110209813109387
ENSMUSG00000068122	8.14110247178693	-1.35306720700067	0.455786133750624	-2.96864495605954	0.00299115983963145	0.0110209813109387
ENSMUSG00000036304	927.958259115914	-0.346511623801739	0.116731611082394	-2.96844719771028	0.00299308521622535	0.0110261828130244
ENSMUSG00000032796	221.932348324001	0.328898219173363	0.110809231726577	2.96814817726489	0.00299599862864212	0.0110350217162717
ENSMUSG00000126350	7.32219169083358	1.63405045861512	0.550553385721487	2.96801454862317	0.00299730143384356	0.0110379263302258
ENSMUSG00000035632	1319.89112624731	0.111884484054119	0.0377044650832093	2.96740674631514	0.00300323369353754	0.0110578755515398
ENSMUSG00000041763	6034.24409346096	0.202909477751315	0.0683817266465366	2.96730556103312	0.00300422231940869	0.0110596186431876
ENSMUSG00000024254	14.0704055083063	-1.13261936633705	0.381741578911462	-2.96697930984285	0.0030074119629654	0.0110676782890465
ENSMUSG00000034853	1287.4830075074	0.173626617657745	0.0585197212732469	2.96697615573095	0.00300744281468407	0.0110676782890465
ENSMUSG00000028277	15866.0907019991	0.121547688742299	0.040979289254888	2.9660760582323	0.00301625886031448	0.0110970587729365
ENSMUSG00000042444	7991.97580058688	-0.136925810238867	0.0461642776327362	-2.96605551435661	0.00301646035312048	0.0110970587729365
ENSMUSG00000044317	146.870619299108	-0.96400357228391	0.325030194982159	-2.96588928403044	0.00301809117947715	0.0110994825935591
ENSMUSG00000001687	8524.62224241461	-0.0989945629974823	0.033377771384395	-2.96588294818763	0.00301815335407643	0.0110994825935591
ENSMUSG00000029699	206.083929740055	-0.316982630906666	0.106897380477624	-2.96529839637199	0.00302389467992121	0.0111186918806421
ENSMUSG00000032221	173.454049623317	-0.376595135442224	0.127014060459982	-2.96498776653846	0.00302694966249771	0.0111280187455345
ENSMUSG00000030265	6130.51989900033	0.112226990519669	0.0378514510072071	2.96493232183622	0.00302749524610649	0.0111281186563223
ENSMUSG00000032377	1024.29705896304	0.256221669962536	0.0864273333219835	2.9645907158559	0.00303085867588905	0.0111385742743767
ENSMUSG00000002781	1799.46404813168	-0.135670823636191	0.0457740963031532	-2.96392140082174	0.00303745859013147	0.0111602044666301
ENSMUSG00000087601	182.72041985573	-0.382377899183207	0.129012245123706	-2.96388841862689	0.0030377841562713	0.0111602044666301
ENSMUSG00000025321	6031.02424377955	0.257766221085231	0.0869848990795972	2.96334448637294	0.00304315788596736	0.0111780333983873
ENSMUSG00000097440	114.661322746212	-0.356206687806935	0.120217976136166	-2.96300685850404	0.00304649780966201	0.0111883869943892
ENSMUSG00000029617	1791.26925727199	-0.107967847219843	0.0364426829190841	-2.96267559278142	0.00304977804595198	0.0111985178813557
ENSMUSG00000001964	2260.47961539773	0.10462541385417	0.0353175122714411	2.96242309056329	0.0030522805188456	0.011205789912355
ENSMUSG00000015002	5825.94326522789	-0.123626438678513	0.0417388665393779	-2.96190215328151	0.0030574492885394	0.0112228465163794
ENSMUSG00000023967	2408.64300428493	-0.0917993183212094	0.0309978819520995	-2.96147067283711	0.00306173650505914	0.0112366619623182
ENSMUSG00000040659	3409.03129960256	0.164615606423292	0.0555894133157711	2.96127619639025	0.00306367062692976	0.0112418382354999
ENSMUSG00000031221	2074.4998257175	-0.107556632140772	0.0363289250744357	-2.9606334875143	0.0030700704724697	0.0112633964727456
ENSMUSG00000024645	368.866833746344	-0.191627482762937	0.0647324255544078	-2.96030128829134	0.00307338316053372	0.0112736231927575
ENSMUSG00000003810	6689.5035587183	0.161919825007587	0.0547000849313386	2.96013845702131	0.00307500810285439	0.0112776565754096
ENSMUSG00000071342	15.5705001193518	-1.5887193360102	0.536768003421237	-2.95978770322386	0.00307851104250054	0.0112885749980042
ENSMUSG00000022109	1317.51196511653	-0.152259165049833	0.0514506344313503	-2.95932531702771	0.00308313440295813	0.0113035974541246
ENSMUSG00000050973	634.337351988662	-0.169737723576834	0.0573636347785129	-2.95897783033118	0.00308661305908677	0.0113144187032713
ENSMUSG00000021774	4108.40552286478	0.109820228383844	0.0371173769152238	2.95872816214016	0.00308911467263067	0.0113216553803466
ENSMUSG00000043251	44.6033642154771	0.54291878546383	0.183507826483205	2.95855929345619	0.00309080774305136	0.0113248910482949
ENSMUSG00000079610	570.726978111459	-0.189014278087832	0.0638877979575464	-2.95853487098478	0.00309105267175811	0.0113248910482949
ENSMUSG00000029462	5932.65098636814	-0.133127627268721	0.045004222321098	-2.95811415913103	0.00309527469689328	0.0113384243418961
ENSMUSG00000022558	3866.29055065027	0.150663721901731	0.0509352938516485	2.95794351045754	0.00309698872850812	0.0113427674537034
ENSMUSG00000137543	13.3692656049877	-1.22973363993832	0.415812573556622	-2.95742293076875	0.003102222890193	0.0113599994133202
ENSMUSG00000141208	6.13159502585432	1.35887185840876	0.459559607374798	2.95690012046798	0.00310748759604729	0.0113773373250471
ENSMUSG00000042717	59.5171403140013	-1.80653098786685	0.610978410798563	-2.95678367015566	0.00310866136081498	0.0113796938559438
ENSMUSG00000025470	483.478908243294	0.165577760741768	0.0560015002416812	2.95666651834679	0.00310984260421886	0.0113807973930138
ENSMUSG00000134665	3.23617393538726	2.84236316656164	0.96134628704944	2.95664861335805	0.00311002317653121	0.0113807973930138
ENSMUSG00000111947	351.664796363907	-0.379911193572882	0.128518351192265	-2.95608518198719	0.0031157102834467	0.0113985592344545
ENSMUSG00000006005	6019.62312953825	0.201858936542643	0.0682864226807912	2.95606254681467	0.00311593895405661	0.0113985592344545
ENSMUSG00000069727	190.117384968148	-0.303155181387092	0.102586644895529	-2.95511352082735	0.00312554021854119	0.0114317339122858
ENSMUSG00000027371	457.599419834685	-0.229400782160812	0.0776318019962207	-2.95498463596117	0.00312684622061723	0.0114345623461277
ENSMUSG00000024743	17777.7432007961	-0.241220476840584	0.0816404160480769	-2.9546698622718	0.00313003794259916	0.0114442845300347
ENSMUSG00000032252	4016.22631820438	0.165864088354112	0.0561388249210256	2.95453438128504	0.00313141259804596	0.0114473608361128
ENSMUSG00000027905	619.274231098687	0.151518751402336	0.0513184675789169	2.95251901607024	0.00315192655908256	0.0115203908594017
ENSMUSG00000022681	2160.7376562673	-0.115492374954061	0.0391178004984947	-2.95242507202073	0.0031528857764702	0.0115219349808835
ENSMUSG00000057649	1841.24478048749	0.104275741077134	0.0353200474512091	2.95231033370438	0.00315405767504904	0.0115242556685281
ENSMUSG00000102909	22.2711590232367	0.742217492500229	0.251451701071286	2.95172985244515	0.00315999260341058	0.0115439757019761
ENSMUSG00000071753	1579.16380431021	0.222961062317974	0.0755462194151621	2.95131992102341	0.00316418993507127	0.0115573423764233
ENSMUSG00000020573	168.505793421329	0.514060840937456	0.174197640193224	2.95102069331851	0.00316725696739283	0.0115665767373349
ENSMUSG00000027854	2165.68010020132	0.121121571978713	0.0410459653356831	2.95087643787042	0.00316873652866883	0.0115700116217733
ENSMUSG00000042628	3888.40026419784	0.0989229447122739	0.0335293197551907	2.95034153494747	0.00317422828062264	0.011588092563239
ENSMUSG00000040464	394.684585779762	-0.193450855433767	0.0655738264208269	-2.95012302915307	0.00317647413481825	0.0115943196357777
ENSMUSG00000032324	14831.9722045127	-0.0661859167297896	0.0224367656611984	-2.94988670511677	0.00317890475928285	0.0116010010869679
ENSMUSG00000038347	103.090336163309	-0.408177177042697	0.138372650553878	-2.94983998217022	0.00317938551172235	0.0116010010869679
ENSMUSG00000006218	140.924861776835	0.289266156615085	0.0981046930839214	2.94854555395876	0.00319273081534304	0.0116477157855462
ENSMUSG00000090641	347.434758952302	-0.225099045053786	0.0763527213279865	-2.94814698335156	0.0031968502688198	0.0116607625948149
ENSMUSG00000106662	59.7259767276096	-0.483450896410651	0.163997702519443	-2.9479126169669	0.00319927483945463	0.0116676238028768
ENSMUSG00000039715	646.882002482565	-0.182269616859308	0.0618372678859208	-2.94756904841857	0.00320283215900871	0.0116766682319814
ENSMUSG00000046873	1461.83633861987	0.155939683753385	0.0529045241343922	2.94756802569955	0.00320284275365258	0.0116766682319814
ENSMUSG00000046593	4.44741729522045	2.673258352555	0.907041679777177	2.94722768771961	0.00320637018803938	0.0116875432936752
ENSMUSG00000026972	1281.16198501779	-0.140325586373962	0.0476227205114906	-2.94661003963651	0.00321278084801144	0.0117089225268954
ENSMUSG00000136983	39.4591358800581	-0.580715861610396	0.197096995927456	-2.946345574055	0.00321552934456071	0.011716950078143
ENSMUSG00000054708	804.42088170697	-0.154852099113039	0.0525639718885009	-2.94597408737515	0.00321939369198696	0.0117290402227074
ENSMUSG00000034681	2806.95552606621	0.107371857613536	0.03645174700204	2.94558879736345	0.00322340609721735	0.0117416655833816
ENSMUSG00000057003	2742.79445367008	-4.77850205348784	1.6225783332705	-2.9450054616816	0.00322948962022289	0.0117607877752334
ENSMUSG00000025262	1316.72234625302	-0.177720584153216	0.0603469501196388	-2.9449803809618	0.00322975141782358	0.0117607877752334
ENSMUSG00000027765	3348.84477142376	-0.336680664576546	0.114337743985021	-2.94461524989204	0.00323356492005383	0.0117726771665325
ENSMUSG00000049760	1926.84757592377	-0.168061567931245	0.0571045879011923	-2.94304843285168	0.00324997569214447	0.0118304185530902
ENSMUSG00000032754	437.164075776569	-0.234900277051011	0.0798285432262053	-2.94255998616169	0.00325510715487537	0.011847088875306
ENSMUSG00000031284	3423.41250112108	-0.201165651254522	0.0684055153568829	-2.94078116662096	0.00327385730971158	0.0119133109018933
ENSMUSG00000097917	35.5148100461734	-0.578603096628693	0.196773217742712	-2.94045654823431	0.00327728963976399	0.0119237795605379
ENSMUSG00000022390	7134.07343296681	-0.0770068161316819	0.0261911771247053	-2.94018156438811	0.00328019972668307	0.0119323449132315
ENSMUSG00000020599	348.14174332218	-0.403509303500564	0.13727965985362	-2.93932330492968	0.00328929762239415	0.0119634128706053
ENSMUSG00000060284	17.5623564578978	-2.38582613540239	0.811893233734316	-2.93859590925366	0.003297026298785	0.0119893153536082
ENSMUSG00000025232	4125.05062024733	-0.148541581518835	0.0505493135122882	-2.93854794848451	0.00329753646919326	0.0119893153536082
ENSMUSG00000009079	4289.04082803518	0.160256211227487	0.0545481160523963	2.93788718703965	0.00330457247338632	0.0120128624409332
ENSMUSG00000045064	107.10819665303	-0.405500271887564	0.138062773505468	-2.93707175070985	0.00331327435593927	0.012042456370571
ENSMUSG00000058812	6.23438687510897	-1.54662130187835	0.526600759804976	-2.93699025890341	0.00331414513723312	0.0120435821086586
ENSMUSG00000004110	434.047677290936	-0.466341288306411	0.158785828644362	-2.93692007837104	0.00331489521887202	0.0120442689181291
ENSMUSG00000121729	12.0619716619447	-1.22956857651767	0.418702262716171	-2.93661794073267	0.00331812619803707	0.0120539680093186
ENSMUSG00000027775	3228.15666046738	-0.0724352687158194	0.0246697325809452	-2.93619999641861	0.00332260031090901	0.01206817906497
ENSMUSG00000031446	4294.45580471982	0.0841840479610683	0.02867480620183	2.9358192473397	0.00332668102916532	0.0120809566861889
ENSMUSG00000123116	33.5418632834179	0.711801178341869	0.242463709011134	2.93570192935217	0.00332793931661051	0.0120821478519407
ENSMUSG00000019732	229.68209498551	-0.255345377973277	0.0869798666870499	-2.93568371278379	0.00332813473625852	0.0120821478519407
ENSMUSG00000097616	110.81666982343	-0.36517267280362	0.124405420833898	-2.93534373627646	0.00333178377870482	0.0120933497791136
ENSMUSG00000031534	1105.54815219576	-0.158204015322842	0.0539059563142375	-2.93481511394796	0.00333746483601902	0.0121117014104664
ENSMUSG00000047045	4341.24598070283	0.122773832535954	0.0418342503967274	2.93476831475767	0.00333796820759896	0.0121117014104664
ENSMUSG00000040852	213.499798796491	-0.340521366519959	0.116032740353969	-2.93470071878994	0.00333869539114644	0.0121122925919131
ENSMUSG00000028684	2970.82208022591	-0.100154074000371	0.034128301371097	-2.93463401273146	0.00333941314266486	0.0121128493613457
ENSMUSG00000022148	229.463807298748	0.62995438390242	0.214700253985067	2.93411103251995	0.0033450452366711	0.0121303362281585
ENSMUSG00000138755	97.6424499931167	-0.5492152253456	0.187184725074868	-2.93408142745585	0.00334536431895548	0.0121303362281585
ENSMUSG00000019920	5802.61932025539	-0.0976591708415005	0.0332912500383772	-2.93347863864894	0.00335186718506364	0.0121518630289776
ENSMUSG00000043664	76.0977762887801	-0.552701399552538	0.188445398860584	-2.93295247798243	0.00335755279605109	0.0121704201823763
ENSMUSG00000036067	2486.24057911974	0.145781901159293	0.0497116782255237	2.93254837420563	0.00336192544016459	0.0121842126453779
ENSMUSG00000002365	2307.55282280236	-0.142793188480064	0.0487247104328981	-2.93061133070691	0.00338295749592963	0.0122583669155344
ENSMUSG00000003923	1250.70130924071	-0.113457251574341	0.0387156947387896	-2.93052345669694	0.00338391444999139	0.0122597649929984
ENSMUSG00000037278	601.560401371316	-0.182162240111648	0.0621648099445759	-2.93031122067385	0.00338622673159437	0.0122660720587926
ENSMUSG00000032398	1585.61667149708	-0.136683347558311	0.0466510654639664	-2.92990837827457	0.00339061959994622	0.0122799123219918
ENSMUSG00000022365	5300.52722250061	0.074843956646629	0.0255514652161407	2.92914539395379	0.0033989539240758	0.0123077502563135
ENSMUSG00000026765	603.837196331744	-0.224141838123499	0.0765224315794584	-2.92909978808969	0.0033994526819008	0.0123077502563135
ENSMUSG00000015994	6414.07273466349	-0.1007460168368	0.0343981230505232	-2.92882308400451	0.00340248021998322	0.0123166341318988
ENSMUSG00000053550	253.842923572498	0.299876476930375	0.102395722742074	2.92860354807729	0.00340488400290894	0.0123232574618856
ENSMUSG00000129972	8.59602974683395	1.45376936511821	0.496414484952298	2.92853937422456	0.00340558695896136	0.0123237238133959
ENSMUSG00000026098	271.96802759562	-0.29175835635116	0.0996565520617277	-2.92763847750265	0.00341546927745482	0.0123574015691632
ENSMUSG00000028540	704.798346150566	0.170516991944012	0.0582472900557486	2.92746652729784	0.00341735843645676	0.0123621530497103
ENSMUSG00000143161	19.7840264193064	2.97692719054356	1.01731888944508	2.92624782792286	0.00343077516234887	0.0124085964001652
ENSMUSG00000004994	482.675671420739	0.167740829120529	0.0573286194037192	2.92595270678448	0.00343403136992551	0.0124182812309334
ENSMUSG00000143741	192.649965223433	0.279374704404574	0.0954913958898918	2.92565316279084	0.00343733925344924	0.0124281496403135
ENSMUSG00000021958	225.766114291011	0.238254032500961	0.0814390112554796	2.92555163462805	0.00343846109343169	0.0124301121306172
ENSMUSG00000028944	8059.8296190588	-0.102541457579851	0.0350614202631474	-2.92462361222803	0.00344873077468306	0.0124651380382803
ENSMUSG00000086714	38.5112463492667	-0.522704941027759	0.178729376744059	-2.92456086710509	0.00344942613134474	0.0124655524133748
ENSMUSG00000067424	484.618581695888	-0.181316098517938	0.0620075681892193	-2.92409626458246	0.0034545789412821	0.0124820723032422
ENSMUSG00000025724	1693.03033071305	0.13738577549098	0.0470043929561193	2.9228284177446	0.00346867603222615	0.0125308986381297
ENSMUSG00000099094	19.0386047073525	-0.78671956935353	0.269208819303326	-2.92233951097682	0.00347412612167104	0.0125484757408364
ENSMUSG00000051346	626.728381755916	-0.171036946795582	0.0585391157343082	-2.92175487535323	0.00348065358003282	0.0125672699142775
ENSMUSG00000024181	2400.24434584824	-0.10342883867103	0.0353997946183669	-2.92173555767938	0.00348086945228161	0.0125672699142775
ENSMUSG00000024064	3866.83352025961	-0.180764300576006	0.0618692193446525	-2.92171620218818	0.00348108575935406	0.0125672699142775
ENSMUSG00000018481	4639.38167916625	0.137220087636257	0.0469705027529829	2.92140981240706	0.00348451144472466	0.0125775218887606
ENSMUSG00000049130	145.395806399193	0.671228629933396	0.229773375170169	2.92126374274777	0.00348614570128271	0.012581305249451
ENSMUSG00000021496	750.000357770835	-0.203293287681228	0.069604793278237	-2.92067942603588	0.00349269013194116	0.0126028049037231
ENSMUSG00000021116	3764.7083350269	0.090535104868141	0.0309992862619858	2.92055449609378	0.00349409081505015	0.0126057400732549
ENSMUSG00000049401	1722.92458501451	0.112790611422608	0.0386261706157921	2.92005678079033	0.00349967615024579	0.0126237688188836
ENSMUSG00000127004	14.3193660396748	1.09098010590578	0.373679322033484	2.91956242044355	0.00350523187770484	0.0126416847256069
ENSMUSG00000120426	13.2447113324392	1.1972277717404	0.410080611684138	2.91949372301112	0.00350600454895865	0.0126423473287328
ENSMUSG00000021785	3373.14158956951	0.0803072947037125	0.027515702219229	2.91859877185292	0.00351608464253492	0.0126765658274529
ENSMUSG00000018415	2923.48694734464	-0.140088912311758	0.0480034385819272	-2.91830994716491	0.00351934338259939	0.012686183887637
ENSMUSG00000031224	312.965296279967	-0.258713621211498	0.088664137198945	-2.91790603715	0.00352390521182594	0.0127004951774774
ENSMUSG00000051483	3348.72323358948	0.118848195777298	0.0407464558229815	2.91677382429581	0.00353672131175698	0.0127445458583474
ENSMUSG00000019866	372.607866840206	0.641471368166303	0.219937183019337	2.91661173140471	0.00353855959083111	0.0127490299054684
ENSMUSG00000097911	56.4265614883083	-0.484935615143644	0.166275179479473	-2.91646424115579	0.00354023301814316	0.0127529186050446
ENSMUSG00000032096	10267.4943141186	0.0598853111548516	0.0205394598324866	2.91562249656308	0.00354979725713988	0.0127852261613699
ENSMUSG00000073008	55.3941119298716	-0.822537973279358	0.282127715557123	-2.91548092556266	0.00355140815085041	0.0127888822959495
ENSMUSG00000022214	3675.36287685835	-0.0759584082926526	0.0260553436370234	-2.9152717903409	0.00355378905436491	0.0127953096009724
ENSMUSG00000021669	9776.81586154533	-0.150469429150645	0.0516298511682456	-2.91438820267586	0.00356386430967531	0.0128294333844525
ENSMUSG00000034459	2059.74066699267	0.599959293404413	0.205883894345755	2.91406617944025	0.00356754268925058	0.0128373701324634
ENSMUSG00000031537	1774.7186757506	0.120620203871119	0.0413925385755467	2.91405668804226	0.0035676511591619	0.0128373701324634
ENSMUSG00000052387	4071.4499620419	-0.15725078324086	0.0539631863758267	-2.91403813973635	0.0035678631421912	0.0128373701324634
ENSMUSG00000018678	847.368748640236	0.181614684785677	0.062337212175127	2.91342327397411	0.00357489674749954	0.0128605218002053
ENSMUSG00000074194	126.258741750019	-0.375202266743387	0.128857425597084	-2.91176286507991	0.00359395365216383	0.0129249914405661
ENSMUSG00000054967	136.141973696041	0.367631467338917	0.12625760861311	2.91175693391634	0.00359402189083849	0.0129249914405661
ENSMUSG00000071984	330.383756189217	-0.453780087236069	0.155860700277369	-2.91144648027709	0.00359759533902152	0.0129356753010781
ENSMUSG00000111147	15.9660666858404	-0.911763435836608	0.313216901834721	-2.91096499101996	0.00360314387009711	0.0129534560903541
ENSMUSG00000105044	16.4475220959115	-0.809965460504469	0.278253900862444	-2.91088627327054	0.00360405172863663	0.0129545503025643
ENSMUSG00000053898	3409.45327713002	-0.145276830791176	0.0499108230680531	-2.91072801169982	0.00360587760253321	0.0129589433477277
ENSMUSG00000095440	372.404078089903	-0.237287458106707	0.0815253678551289	-2.91059659526306	0.00360739440172242	0.0129622243433836
ENSMUSG00000025193	168.644501716715	-0.262819632444	0.0903012838210528	-2.91047503781697	0.00360879792575587	0.0129650972843976
ENSMUSG00000030030	473.789673120814	0.160412377634886	0.0551246775694544	2.90999212526502	0.00361437862764894	0.0129829738321807
ENSMUSG00000031617	9102.11044778899	-0.147905080073591	0.0508381043708857	-2.90933507265654	0.00362198435636043	0.0130081171480062
ENSMUSG00000057716	5907.10398900916	-0.240860867325307	0.0827980332180424	-2.90901677206533	0.00362567408382297	0.0130191903451562
ENSMUSG00000047638	6.09339223054794	1.58116539572875	0.543820223974787	2.90751488455503	0.00364313006272556	0.0130796838813291
ENSMUSG00000059326	413.74744975823	0.267217939502331	0.0919139601307316	2.90726173828502	0.00364607981955006	0.013088085185027
ENSMUSG00000037652	2613.20902273154	-0.16685691075527	0.0573987910641695	-2.90697604708662	0.00364941141081173	0.0130978540953828
ENSMUSG00000040569	758.534447346949	-1.09604348975178	0.377045923208049	-2.90692306238515	0.0036500295967546	0.0130978828692635
ENSMUSG00000026069	71.0192424636603	0.709253043437973	0.244043126431556	2.90626109331086	0.00365776098833028	0.0131234326216777
ENSMUSG00000044562	498.32546026559	0.247113450525951	0.0850319788009292	2.90612371969462	0.00365936729225543	0.0131270017205139
ENSMUSG00000032475	1241.74078106519	-0.140940854518403	0.0485035054081189	-2.90578698039443	0.00366330748434315	0.0131389404275539
ENSMUSG00000013629	1044.01158436572	0.1811943075142	0.0623645020380907	2.90540774948432	0.00366774948978	0.0131526746654891
ENSMUSG00000052415	68.810294174056	0.658141243746248	0.226538304419007	2.90520954252816	0.00367007307469078	0.0131587448689288
ENSMUSG00000070304	3609.68766941867	-0.188028313166883	0.064722705446935	-2.90513679656121	0.00367092621312292	0.0131587448689288
ENSMUSG00000022309	399.820880734733	-0.607867647017558	0.209241086688196	-2.90510652873535	0.00367128123637448	0.0131587448689288
ENSMUSG00000031595	191.242415221196	-0.816776622494085	0.28120657551193	-2.9045431139267	0.0036778954523211	0.0131802510483347
ENSMUSG00000031714	3279.48090298114	0.206302725555779	0.0710313351381738	2.90439036735644	0.0036796904886763	0.0131844827290812
ENSMUSG00000087178	79.700147021684	-0.415067373901466	0.142945357769432	-2.90367858304962	0.00368806569416487	0.0132122860799304
ENSMUSG00000021943	150.407731960561	-0.830129046725923	0.285895571547808	-2.90360932221403	0.00368888157591419	0.0132130038225553
ENSMUSG00000121691	15.169546167477	-0.859727744364353	0.296105422561609	-2.90345153738437	0.00369074086916704	0.0132174580409642
ENSMUSG00000021188	3203.36992421743	0.176372882976841	0.0607513709145047	2.90319181809166	0.0036938031857733	0.0132262183796179
ENSMUSG00000097697	33.0620656914144	-0.591895488495665	0.204014785484692	-2.90123819746425	0.00371691221724832	0.0133067441053123
ENSMUSG00000121786	47.210465828864	-0.603604777594805	0.208061680460541	-2.90108575619852	0.00371872093401602	0.0133109994279786
ENSMUSG00000101955	5.09749620736321	1.68994082362234	0.582579053755325	2.90079228343162	0.00372220524363274	0.0133206389028951
ENSMUSG00000074483	55.1582328639993	-4.14014837650313	1.42726607636692	-2.90075441787406	0.00372265502555054	0.0133206389028951
ENSMUSG00000083477	18.7098444752133	0.766824405292402	0.264389384098505	2.90036004246942	0.00372734250886627	0.0133351890492206
ENSMUSG00000097999	14.5028050484742	0.983094155099297	0.339028195820905	2.8997415767113	0.00373470429985407	0.0133593005333557
ENSMUSG00000026966	1465.27029093292	0.113446820946673	0.039150957409128	2.89767679909209	0.00375937781219696	0.0134441113025631
ENSMUSG00000072872	922.920485103851	0.168254686990487	0.0580658565440165	2.89765271718575	0.00375966645622316	0.0134441113025631
ENSMUSG00000020176	2421.95252516368	0.219257006312515	0.0756774902950051	2.89725525328351	0.00376443334105152	0.0134589150731199
ENSMUSG00000038146	499.27290045577	0.45060737594818	0.155574111718543	2.89641619013963	0.0037745144798209	0.0134927107117128
ENSMUSG00000108014	12.0732521754209	1.08320971920898	0.374010845690358	2.89619868431775	0.00377713176056247	0.0134998185767955
ENSMUSG00000036501	6616.72293137732	0.130961368874867	0.0452269718835437	2.8956475178591	0.00378377141754878	0.013521298027152
ENSMUSG00000033088	1278.82586624359	0.307845753932395	0.10632074026276	2.89544404197702	0.00378622528040918	0.0135278148916883
ENSMUSG00000054169	461.741495897884	-0.356245007400728	0.123053117326973	-2.89505065080248	0.00379097357048143	0.0135425259883432
ENSMUSG00000001105	1315.73001937976	-0.158375303511362	0.0547202794480901	-2.89427073671295	0.0038004032521652	0.0135739527805288
ENSMUSG00000069520	3082.3821812849	-0.10894749082983	0.0376492502276851	-2.8937492824151	0.00380671986675093	0.0135942357351518
ENSMUSG00000027593	8500.07761462159	-0.0923910386323157	0.031928368861716	-2.89369742101351	0.00380734860895057	0.0135942357351518
ENSMUSG00000108660	39.1877682156916	-0.618957948271299	0.213903460464946	-2.89363223449455	0.00380813903218603	0.0135947966846674
ENSMUSG00000117113	87.0057179693306	0.432081276643288	0.149369882955175	2.89269341379181	0.00381953931166279	0.0136332276129287
ENSMUSG00000120166	460.079444891513	0.170089783868535	0.0588011400693994	2.89262731416072	0.0038203431394914	0.0136338297310594
ENSMUSG00000021822	659.08538530116	0.267598295623174	0.092514267126748	2.89250840907116	0.00382178951364771	0.0136367243517224
ENSMUSG00000054715	402.989776921381	0.203623904908798	0.0704069854769642	2.89209804296222	0.00382678507322492	0.0136522799371524
ENSMUSG00000050608	4524.18944307202	-0.115072250367032	0.0397893253669243	-2.89203823653386	0.00382751361722197	0.0136526100543846
ENSMUSG00000020644	1370.72549530745	-0.280566919501123	0.0970319638947359	-2.89148965185837	0.00383420219344265	0.0136721546789595
ENSMUSG00000100017	112.763220384102	-0.366574446369607	0.126777253861622	-2.89148435704188	0.00383426680179522	0.0136721546789595
ENSMUSG00000036833	276.659424944368	-0.233618303943852	0.0808130434930242	-2.89084897494324	0.00384202703956323	0.0136975506446212
ENSMUSG00000087651	215.228006510538	-0.452407776231052	0.156501496218025	-2.89075687558152	0.00384315307824963	0.0136983489694673
ENSMUSG00000120081	713.028365424308	0.190691281599257	0.0659665645520886	2.89072627768394	0.00384352724508999	0.0136983489694673
ENSMUSG00000107134	151.019504200827	-0.363405826480778	0.125749540568771	-2.88991772723045	0.00385342661678152	0.013731350557077
ENSMUSG00000086728	30.1093914165276	-0.664271400649742	0.229868948163355	-2.88978309579109	0.0038550772053272	0.0137349522472288
ENSMUSG00000030980	1621.30356322232	-0.123776155412711	0.0428369723198257	-2.88947021018628	0.0038589156806039	0.0137463464984805
ENSMUSG00000038172	4909.03858349762	0.224422493226928	0.0776859300899089	2.88884348771	0.00386661474596464	0.0137714869979885
ENSMUSG00000039153	311.722727368688	0.318544945360745	0.110284038133592	2.88840480228769	0.00387201214166237	0.0137884227990916
ENSMUSG00000087177	1143.81895010927	-0.112389607413829	0.0389128957707182	-2.88823551133407	0.00387409685393232	0.0137935583125744
ENSMUSG00000079669	498.779310403276	-0.191091405491084	0.066170801473362	-2.88785085318954	0.00387883746945718	0.0138081467859648
ENSMUSG00000032570	8592.96184737298	0.103965294397348	0.0360073180393672	2.88733790957943	0.00388516730331756	0.0138283868899046
ENSMUSG00000041798	32.6911954773724	-0.679311686521352	0.235296244457853	-2.88704857183997	0.00388874193063114	0.0138388153652069
ENSMUSG00000034192	442.93469236409	-0.180732531444387	0.0626063928917472	-2.88680633233242	0.00389173697949283	0.0138471781869374
ENSMUSG00000046182	419.598682282207	-0.326653397440929	0.113166779624706	-2.8864778031522	0.00389580226155813	0.013857789404921
ENSMUSG00000086643	23.2920127101119	-0.721220569887101	0.249863265749584	-2.88646099186871	0.00389601039125585	0.013857789404921
ENSMUSG00000037296	1193.79489634229	-0.156397421959212	0.0541880673690122	-2.88619671364491	0.0038992835777446	0.0138671340755244
ENSMUSG00000039680	1157.71763698976	-0.169374420037997	0.0587015724867653	-2.88534723794978	0.00390982158277796	0.0139023074533563
ENSMUSG00000144291	558.777065966492	0.190693401870881	0.0661000756729507	2.88491956975045	0.00391513672082145	0.0139184086631205
ENSMUSG00000039686	3108.38657427626	-0.133880177941906	0.0464075608824959	-2.88487857142269	0.00391564660004587	0.0139184086631205
ENSMUSG00000087259	677.16997907279	-0.309314464174011	0.107235003098432	-2.88445428485779	0.00392092681912434	0.0139348700495568
ENSMUSG00000017264	1340.7387510134	0.114838845794496	0.0398234927383859	2.88369597686752	0.00393038002344134	0.0139661542100963
ENSMUSG00000061702	25.2417909050448	-1.05100992381793	0.36449971235	-2.88343142177499	0.00393368288219888	0.0139755770852832
ENSMUSG00000026918	1458.04098503437	0.139285821766644	0.0483111764647628	2.88309728636471	0.00393785802409346	0.0139880953740179
ENSMUSG00000032062	39.080961020257	-0.527570440802949	0.182994790021865	-2.8829806615801	0.00393931623984605	0.0139909600272229
ENSMUSG00000113771	8.28837678579682	-1.35402111090187	0.469680150383554	-2.88285785506613	0.00394085227878712	0.0139941000854333
ENSMUSG00000002881	3214.40752932061	0.117468148048665	0.0407567226711152	2.88217845670688	0.00394935988803895	0.0140219912928621
ENSMUSG00000047907	15526.7067558475	-0.169196678481841	0.058706813387022	-2.88206204220998	0.00395081933439646	0.0140248532879369
ENSMUSG00000074071	94.1721571698589	-0.406630619576144	0.141105649153099	-2.88174585508588	0.00395478572969268	0.0140366121814787
ENSMUSG00000003341	64.5847438140227	-0.59069318715535	0.205004640702316	-2.88136495413822	0.0039595687264083	0.0140505239758588
ENSMUSG00000086770	59.1131321706697	-0.454339512226546	0.157683984206509	-2.88132948005375	0.00396001444395535	0.0140505239758588
ENSMUSG00000097923	62.746798084797	-0.432187655928794	0.150025808819657	-2.88075538021807	0.00396723411446759	0.0140738138326163
ENSMUSG00000038346	1215.31251870582	0.114887651991869	0.0398840434682632	2.88054174054064	0.00396992381925369	0.0140790308370784
ENSMUSG00000024957	494.456351185898	0.21539033020678	0.0747744347202643	2.88053438334329	0.00397001647520896	0.0140790308370784
ENSMUSG00000041075	974.686777164228	-0.542086141287474	0.188243257943973	-2.87971079128271	0.0039804011498774	0.0141135267729217
ENSMUSG00000061410	1407.24973157547	0.131972116829917	0.0458380337140257	2.8790963777649	0.0039881643485084	0.0141387177382463
ENSMUSG00000020441	618.425398615694	-0.158160440813985	0.0549390190299368	-2.87883627350175	0.00399145494113624	0.0141480468570724
ENSMUSG00000071669	1224.94535748997	0.170585620996602	0.0592616656547473	2.87851546378088	0.00399551691682359	0.0141601066760005
ENSMUSG00000006711	5792.29946745482	-0.23351895525181	0.0811319995379082	-2.87825958415706	0.00399875946149053	0.0141692589303988
ENSMUSG00000072769	2021.040422953	0.14824306585084	0.05150780936571	2.8780697078049	0.00400116714690199	0.0141749996633456
ENSMUSG00000025584	799.872168131575	0.162974689397314	0.0566278090888564	2.87799743658783	0.00400208391197844	0.0141749996633456
ENSMUSG00000050751	3111.41683864497	-0.134677881025179	0.0467965435654784	-2.87794505243182	0.0040027485276023	0.0141749996633456
ENSMUSG00000020607	45.0991934931116	-0.649614734671828	0.225723413496762	-2.87792358182261	0.00400302096148332	0.0141749996633456
ENSMUSG00000024487	2160.99633211979	0.083432152790487	0.0290006324089598	2.87690804855381	0.00401592599221966	0.0142183518635968
ENSMUSG00000048416	238.599747435518	-0.688194126455883	0.239256331873748	-2.87638835330399	0.00402254469155093	0.0142394367329868
ENSMUSG00000053801	881.018144369276	0.166381345313174	0.0578635284915691	2.87540959997654	0.0040350367250698	0.0142793306952063
ENSMUSG00000120863	730.135104747312	-0.132536386096898	0.0460931813458399	-2.87540113802234	0.00403514488014167	0.0142793306952063
ENSMUSG00000030612	1309.56478919003	-0.165744041279667	0.0576458679458371	-2.87521113283258	0.00403757409319469	0.0142855720264574
ENSMUSG00000040209	1261.44499578602	0.192543536123297	0.0669829547955558	2.87451541531685	0.00404648016332436	0.014312858522633
ENSMUSG00000032059	755.459993114312	0.160988565004767	0.056006518166021	2.87446122837964	0.00404717457309894	0.014312858522633
ENSMUSG00000041649	901.981416031701	0.199537486918017	0.0694175628428324	2.87445249799086	0.00404728646382102	0.014312858522633
ENSMUSG00000025880	275.362318150497	-0.449931680541891	0.156556077675199	-2.87393301635563	0.0040539493195806	0.0143340596432412
ENSMUSG00000035275	285.764379626255	-0.28695239393983	0.09985521033214	-2.87368473798577	0.00405713724545917	0.0143429690564932
ENSMUSG00000032615	1832.8224382013	-0.120064321179276	0.0417963889130646	-2.87260034423086	0.00407108768938827	0.0143899173950945
ENSMUSG00000024084	206.808944611225	-0.462207527791801	0.160930999286912	-2.87208511622901	0.00407773120891541	0.0144110270218272
ENSMUSG00000024570	1249.65411799954	-0.124833138818516	0.0434657863933627	-2.87198620286733	0.00407900775564912	0.0144131655115661
ENSMUSG00000035948	154.502822615493	-0.302505207320654	0.105351737681664	-2.87138317770057	0.00408679806997301	0.0144383158936867
ENSMUSG00000004035	360.929865693617	-0.259146976567473	0.0902673936046492	-2.87088134728336	0.00409329136907191	0.0144588765062527
ENSMUSG00000029464	1002.11104596566	-0.1878382990465	0.0654351153548263	-2.8706039261631	0.00409688500207333	0.0144691894462827
ENSMUSG00000048368	227.061220162209	-0.839504852128219	0.29245644442889	-2.87052950317988	0.00409784954284578	0.0144702152141351
ENSMUSG00000029174	2024.56329646602	-0.208918924975278	0.072795659009272	-2.8699365843871	0.00410554128524067	0.0144949916495027
ENSMUSG00000033453	1324.92345902418	-0.184794229785732	0.0644006264468778	-2.86944770542199	0.00411189320543416	0.0145150303482733
ENSMUSG00000038241	2703.48224543435	-0.133795447300808	0.0466301441427359	-2.86929087954901	0.00411393270544892	0.0145198420676038
ENSMUSG00000057134	2161.60667079344	-0.144917837457729	0.0505413908603983	-2.86731004016115	0.00413977240449495	0.0146086395585876
ENSMUSG00000033790	1478.28097779683	-0.133640220502818	0.0466262562518055	-2.86620096155894	0.00415430436400293	0.014657511091007
ENSMUSG00000116223	411.578128797917	-0.43121795884787	0.150456229017765	-2.86606916618224	0.00415603431674892	0.0146612050358804
ENSMUSG00000072568	150.61141522968	-0.313328745253791	0.109340045002919	-2.86563578097508	0.00416172756218012	0.0146788767416626
ENSMUSG00000068115	149.011425157101	-0.318781828255449	0.111287579779928	-2.8644870243907	0.00417685266842854	0.01472980439962
ENSMUSG00000031708	25047.8450774346	0.117961057322432	0.0411840768045961	2.86423944579638	0.00418011893750692	0.0147389016282069
ENSMUSG00000028399	1163.23350533586	-0.233684873390698	0.0815922057793554	-2.86405878059771	0.00418250388992371	0.0147448888981938
ENSMUSG00000062232	1886.71915768235	-0.152642286079427	0.0532982793938643	-2.86392521138308	0.00418426792418752	0.014748383717619
ENSMUSG00000087461	6.64163787710289	1.50699050644719	0.52620594163557	2.86387968513452	0.00418486933867593	0.014748383717619
ENSMUSG00000053647	99.7747126286189	-0.543726358803338	0.189866768082916	-2.86372578146951	0.00418690302986497	0.0147531287654434
ENSMUSG00000033972	626.923162482217	-0.203230332115896	0.0709783438652864	-2.86327238772459	0.00419289941102522	0.0147717440798971
ENSMUSG00000121820	29.3590330634328	-0.720960941900624	0.251800547055246	-2.86322230166737	0.00419356230424358	0.0147717440798971
ENSMUSG00000033032	502.55352664596	-0.456294184371428	0.159417126917987	-2.86226576273809	0.00420624043742183	0.0148139716537649
ENSMUSG00000085741	233.024242005636	-0.241166703320846	0.0842599981572372	-2.86217313784895	0.00420746994831916	0.0148158710483299
ENSMUSG00000047897	34.1676883896185	0.60046654617084	0.209845905554499	2.8614641995714	0.00421689125901639	0.014846611081851
ENSMUSG00000018672	487.303910416706	-0.388449538165693	0.135757933338432	-2.86133950785274	0.00421855030513215	0.0148500165382038
ENSMUSG00000015829	1699.14889723321	0.315196583559439	0.11016721998017	2.86107413453996	0.00422208311656468	0.0148600157698274
ENSMUSG00000113666	10.1412895570561	-1.10160241920589	0.3850733695677	-2.86075980907897	0.00422627108043582	0.0148723172151861
ENSMUSG00000074922	603.532442577688	0.177970464372417	0.0622290748619512	2.85992463759467	0.00423741692911659	0.014909095525392
ENSMUSG00000021647	739.876497701689	-0.60742325090387	0.212415209667139	-2.85960337706382	0.0042417114328602	0.0149217596882624
ENSMUSG00000050174	180.64368492691	-0.280037274842741	0.0979935262674076	-2.85771198883656	0.00426707501046691	0.0150085256717488
ENSMUSG00000047507	18.4010803528388	-0.743996496819392	0.260408447837922	-2.85703671672916	0.00427616369715712	0.0150371751659643
ENSMUSG00000027395	522.520777006241	0.164404257412289	0.0575443119892831	2.85700274673381	0.00427662137278544	0.0150371751659643
ENSMUSG00000057604	175.522190890077	-0.414379123397878	0.145188238002103	-2.8540819084248	0.00431614015841144	0.0151736430790141
ENSMUSG00000101995	35.0120517557247	-0.547111465228655	0.191705863177856	-2.85391096630711	0.00431846321968418	0.0151793239681907
ENSMUSG00000019975	867.597595724359	-0.22108134123846	0.0774680437645403	-2.85383921543733	0.00431943863406599	0.0151802668171022
ENSMUSG00000032171	5439.11589083195	-0.140589968950401	0.0492665832201273	-2.8536577891394	0.00432190591793942	0.0151864515361741
ENSMUSG00000025931	4833.63387590968	0.185787022968392	0.0651090305313872	2.85347549260205	0.00432438632344612	0.0151926803304573
ENSMUSG00000023495	15697.6917280059	0.0928416987328411	0.0325403101949894	2.85312887850519	0.00432910606503671	0.0152067731618521
ENSMUSG00000121223	18.7069660908664	0.794179315110648	0.278415631835847	2.85249542158931	0.00433774372900974	0.0152346215456353
ENSMUSG00000027424	403.391354025627	-0.175855897268273	0.0616550103301279	-2.85225639127564	0.00434100714627717	0.0152435889746419
ENSMUSG00000020186	845.078723479371	-0.234483770999216	0.0822124794207457	-2.8521676107003	0.00434221981062625	0.0152453533619403
ENSMUSG00000022548	60519.8242443989	0.340799527843685	0.119510545972802	2.85162723565203	0.00434960748296071	0.0152683704536953
ENSMUSG00000054693	7749.05429714702	0.157830559148959	0.0553483802275674	2.85158406623702	0.00435019815963852	0.0152683704536953
ENSMUSG00000029836	2288.58047256529	0.0839176142097204	0.0294290890325393	2.85151926099153	0.00435108501067858	0.0152689865684529
ENSMUSG00000026939	757.198307044415	-0.160874744190382	0.0564242370098162	-2.85116383873111	0.00435595183150636	0.0152820641254696
ENSMUSG00000039069	480.507762481143	-0.150554206774736	0.0528048574079011	-2.85114313654428	0.0043562354599715	0.0152820641254696
ENSMUSG00000106783	131.077363595394	-0.341836951487243	0.119913708354441	-2.85069118600554	0.00436243154176866	0.0153012999143147
ENSMUSG00000043602	336.099998393947	-0.229704784334354	0.080582731209896	-2.85054602748615	0.0043644233080337	0.0153057851217532
ENSMUSG00000020155	2902.91278825124	-0.251693732781562	0.0882986502739057	-2.85048222142466	0.00436529907210896	0.0153063557467969
ENSMUSG00000049755	839.06673459428	0.135097743555969	0.0474032712369354	2.84996668016246	0.00437238093051243	0.0153286834973673
ENSMUSG00000028289	282.430683306586	-0.411477248100222	0.144421167037695	-2.84914778449909	0.00438365130230083	0.015365685639319
ENSMUSG00000022579	76.8989694331603	-0.48752382111784	0.171119861942682	-2.84901948600882	0.00438541944447495	0.0153693736808325
ENSMUSG00000034412	1290.29471922817	0.176616657992731	0.0620004734626532	2.84863402049854	0.00439073561638145	0.0153854931017376
ENSMUSG00000003437	1802.39650664571	0.108778610964673	0.0381890089428219	2.84842717776574	0.00439359070856929	0.0153929848457889
ENSMUSG00000038538	1153.31298874157	0.200147062115822	0.0702875746842295	2.84754543054008	0.00440578053014084	0.0154331731168413
ENSMUSG00000021102	3317.05847343604	-0.108865407722668	0.038235291093511	-2.8472493502513	0.0044098805974372	0.0154450149950378
ENSMUSG00000027606	99.6706945505876	0.489132355995751	0.171796514365851	2.84716111849693	0.00441110308375627	0.0154467763125468
ENSMUSG00000087206	22.6286469948236	0.791132663001603	0.277873710231962	2.84709432332114	0.00441202876195554	0.0154474978639924
ENSMUSG00000026032	4653.76598177193	-0.135389155275558	0.0475714737618448	-2.84601557549702	0.00442700294633611	0.0154973981157943
ENSMUSG00000036299	6678.68716799939	-0.094306371577948	0.0331543968786787	-2.84446047753611	0.00444867044691069	0.0155707092472501
ENSMUSG00000033763	4045.37259789626	-0.159535435205103	0.0560974644623609	-2.84389743340619	0.0044565391226725	0.0155957073373472
ENSMUSG00000032353	2152.64008713826	-0.141567450576064	0.0497950171468874	-2.84300435440081	0.00446904598448423	0.0156369260151489
ENSMUSG00000022771	4208.37740168316	0.0866665333665937	0.0304973397610899	2.84177354633296	0.00448633459304631	0.0156946628042051
ENSMUSG00000021374	2462.88333279933	0.151772985647273	0.0534087409284493	2.84172558665258	0.00448700948613653	0.0156946628042051
ENSMUSG00000117770	46.8607107653981	-0.555024530123284	0.195332581978308	-2.84143343881524	0.0044911226049467	0.0157064903613206
ENSMUSG00000002279	1045.80276937826	-0.145205042864199	0.0511367506561216	-2.83954379191311	0.00451780935470054	0.0157972463932239
ENSMUSG00000018661	3631.63191991135	0.098803119787906	0.0347962352604052	2.83947728966916	0.0045187511515218	0.0157979661593757
ENSMUSG00000038736	1190.05072613619	-0.1251880424951	0.044100922190983	-2.83867176185028	0.00453017307356445	0.0158353191983609
ENSMUSG00000121596	355.402925519783	-0.256428585077192	0.0903495609471742	-2.83818296833917	0.00453711662860305	0.0158570083929654
ENSMUSG00000031731	8547.76613348513	0.150450903951234	0.0530151394285414	2.83788566007688	0.00454134475435291	0.0158692017738792
ENSMUSG00000038143	2683.27777015051	0.158069581215304	0.0557044321565938	2.83764819235471	0.00454472443022053	0.0158784268585797
ENSMUSG00000002732	428.884498845158	-0.382776779079061	0.134908404187924	-2.83730862716205	0.00454956113071572	0.0158927386870535
ENSMUSG00000021013	405.152681412252	-0.255475218234071	0.0900598831313575	-2.83672606882518	0.00455786984069927	0.0159191724699724
ENSMUSG00000020870	29.7667770875062	-0.639991277323746	0.22561870979904	-2.83660551863713	0.00455959089729748	0.0159225928422625
ENSMUSG00000067578	22.4414620655207	-1.0741724049694	0.378706075746418	-2.83642770412976	0.00456213057282263	0.0159288703442112
ENSMUSG00000020571	6247.9457856096	0.174619210438839	0.0615789342113352	2.83569718565697	0.00457257781698424	0.0159627509220009
ENSMUSG00000139513	6.91810574364879	-1.46613993397365	0.517046687594795	-2.83560453852603	0.00457390432339783	0.015964785399359
ENSMUSG00000032315	12.6899097469629	-1.01693526417647	0.358723440652546	-2.83487263148064	0.00458439590733782	0.015998803860659
ENSMUSG00000022780	28.5908622330183	-1.59496374695568	0.562668951731326	-2.83463969719316	0.00458773949303602	0.0160078699540818
ENSMUSG00000029188	87.0686075291808	-0.587277595841593	0.207223087677917	-2.83403554315525	0.00459642193721808	0.0160355588012877
ENSMUSG00000004473	169.269767328801	-0.85682998348515	0.302372201420249	-2.833692976605	0.00460135165285445	0.0160501486155628
ENSMUSG00000074807	245.661524659252	-0.269133381371986	0.0949973416882078	-2.83306223720778	0.00461044085571081	0.016079240196375
ENSMUSG00000005045	4625.80934264651	-0.23029644081602	0.0812905064970087	-2.83300536237272	0.0046112612430955	0.0160794889285718
ENSMUSG00000117250	12.0062184301173	-0.949787029539906	0.335274747445359	-2.83286181490509	0.00461333242219823	0.0160840983879986
ENSMUSG00000018583	5739.70076812191	0.112955805792921	0.0398866851743277	2.83191760105507	0.00462697704971746	0.0161290499105611
ENSMUSG00000083327	412.530620804146	0.21780228942652	0.0769121825053554	2.83183082746813	0.00462823282752088	0.0161308079031601
ENSMUSG00000086401	105.864449651468	-0.366648069286497	0.129531285125343	-2.83057540062005	0.00464643579234659	0.0161916218698883
ENSMUSG00000031760	6691.71370170183	-0.1713404402972	0.060536048414802	-2.83038693115793	0.00464917408013836	0.0161985344593816
ENSMUSG00000030417	2388.7332777013	-0.128445758794177	0.0453831923554085	-2.83024952912705	0.00465117132601809	0.0162012699156515
ENSMUSG00000134236	14.6910129241371	0.889097100380305	0.31414315802486	2.83022907762946	0.00465146867092891	0.0162012699156515
ENSMUSG00000006958	80.9835645226309	-0.946481503313864	0.334428665942213	-2.83014466073733	0.00465269619270103	0.0162029163647827
ENSMUSG00000039840	2498.83395712875	0.211799956682663	0.0748419813993793	2.82996191071472	0.00465535459972284	0.0162095444992134
ENSMUSG00000143602	68.2631381028459	-1.14996982593679	0.406382218211874	-2.82977397730831	0.00465808984208296	0.0162164379744004
ENSMUSG00000015290	5464.53845215342	0.0923702120404347	0.0326459265420583	2.82945597887787	0.00466272140633204	0.0162299299024361
ENSMUSG00000039197	15412.0270522249	0.107284018682958	0.0379189900394114	2.82929525737503	0.00466506385900627	0.0162354508426441
ENSMUSG00000025911	85.2248328258373	-0.62553171790939	0.221181609381637	-2.82813620742793	0.00468198812803986	0.0162917097027887
ENSMUSG00000096719	285.113261906235	-0.37068675657444	0.131114640806974	-2.8271957600842	0.00469576122380424	0.0163369871037572
ENSMUSG00000131726	10.8406253031743	-1.11620375394581	0.394862160122742	-2.82681873998471	0.00470129307322207	0.0163535824193461
ENSMUSG00000045031	271.067056998647	-0.253602382836803	0.0897442527106311	-2.82583424762042	0.00471576592128891	0.0164012688377167
ENSMUSG00000037331	15684.7091759917	0.158252151576039	0.0560038685975693	2.82573607036331	0.00471721141706247	0.0164036384705432
ENSMUSG00000029167	1398.85123532481	-0.212830648821174	0.0753226035098632	-2.82558805595859	0.00471939143957659	0.0164085611664968
ENSMUSG00000025381	1318.65585934401	-0.232444319490578	0.0822782719253602	-2.82509967760921	0.00472659096525268	0.0164309314429335
ENSMUSG00000097885	105.308287511657	-0.360398775457931	0.127586500343333	-2.82474066212417	0.00473188980151424	0.016446688225276
ENSMUSG00000049538	21.3236021269833	-1.32303349382454	0.46870281795013	-2.82275557806718	0.0047612855368668	0.0165461802386891
ENSMUSG00000098332	233.034677034869	-0.289449769018843	0.102546889272964	-2.82260896523514	0.00476346316520601	0.0165510683561528
ENSMUSG00000083282	2342.26627759492	-0.125497004523082	0.0444988237522679	-2.82023195088805	0.00479889476560414	0.0166688410453552
ENSMUSG00000058443	11.9948832153714	-1.03171608584011	0.365831712240621	-2.82019314159816	0.00479947522750771	0.0166688410453552
ENSMUSG00000028098	4086.90499804201	0.0801523266275153	0.0284210077926611	2.82017890471189	0.00479968818137241	0.0166688410453552
ENSMUSG00000036775	1396.34828692878	-0.132709004735517	0.0470610015824523	-2.81993583377113	0.00480332533068738	0.0166787741100833
ENSMUSG00000030518	229.176825740954	-0.25672249038284	0.0910541004623991	-2.81945007505569	0.00481060136929963	0.0167013373756082
ENSMUSG00000027568	27.8943030490241	-0.648941166492272	0.230233476758333	-2.8186221032202	0.00482302630936869	0.0167417662931611
ENSMUSG00000063415	636.065335630526	-1.48388260097072	0.526524979825169	-2.81825679279915	0.00482851755810238	0.0167581176883146
ENSMUSG00000038685	661.8773680318	0.177505341482616	0.0629872712925621	2.81811448313332	0.00483065824966452	0.0167617305547915
ENSMUSG00000029364	12484.0634319122	0.0736191074104878	0.0261238178821982	2.81808377865988	0.00483112023397443	0.0167617305547915
ENSMUSG00000044519	5.08527334174133	2.23452210980226	0.793105749249754	2.81743274704039	0.00484092517228171	0.0167904388969912
ENSMUSG00000061458	1694.96581214643	0.135376187233535	0.0480495214183803	2.81743050164388	0.00484095902047324	0.0167904388969912
ENSMUSG00000111128	655.891892646333	0.237014974088161	0.0841320941669154	2.81717668429756	0.00484478656620937	0.0168007579308529
ENSMUSG00000050963	270.696096821955	-0.309051460284122	0.109704388202754	-2.81712942706483	0.00484549950386241	0.0168007579308529
ENSMUSG00000033149	612.353532621604	-0.586225960174066	0.208102139828815	-2.81701072683009	0.00484729067204218	0.0168042541288853
ENSMUSG00000120113	271.112803186181	-0.337739223237438	0.119910891378131	-2.81658504374218	0.00485371909137282	0.0168228225165579
ENSMUSG00000127042	8.01614271935691	1.50756145005529	0.53525065456418	2.81655227733034	0.00485421423029719	0.0168228225165579
ENSMUSG00000110212	23.6152806498344	-0.671994595676668	0.238622594952652	-2.81613983709299	0.00486045059514142	0.0168417162994844
ENSMUSG00000079003	1024.46322306568	0.143120657606348	0.0508304228138565	2.81564955952586	0.00486787334014277	0.0168647141897199
ENSMUSG00000049422	4129.50261485945	-0.135640938956453	0.0481792161710936	-2.81534133877907	0.00487254501476688	0.016877085617267
ENSMUSG00000079598	8710.89173002941	-0.184524100907937	0.065543078964194	-2.81531023296513	0.00487301670808816	0.016877085617267
ENSMUSG00000022996	15.5259779511415	-1.26210183230903	0.448312876344035	-2.81522547958335	0.00487430213095901	0.0168788142511963
ENSMUSG00000073705	202.775419452663	-0.256234841545313	0.0910276267773951	-2.81491290739597	0.00487904544869703	0.016892514451892
ENSMUSG00000137863	32.8892069091001	0.580794097210082	0.206460681003324	2.81309784694903	0.00490667181219279	0.016985424467107
ENSMUSG00000120896	15.5449583727113	-0.871275723548008	0.309879075407289	-2.81166362202046	0.00492860161136072	0.0170585879054288
ENSMUSG00000030259	1319.98407850619	-0.293878539352726	0.104549416140623	-2.81090560044302	0.00494022779868258	0.0170960712439981
ENSMUSG00000015957	165.411124135046	-0.48146028284629	0.171296233781738	-2.81068808237638	0.0049435685680541	0.0171048747391762
ENSMUSG00000064370	241652.824033374	-0.229509307354718	0.0816683526349604	-2.81026003280089	0.00495014877045774	0.0171223137408464
ENSMUSG00000026342	2205.60002522526	0.108895879797415	0.0387494458378228	2.81025644219983	0.00495020400054471	0.0171223137408464
ENSMUSG00000024357	1476.15450873371	-0.126796007377101	0.045122473040298	-2.81004117978777	0.00495351615309662	0.017131009786108
ENSMUSG00000000579	43.8721436798059	0.575094836108525	0.204728454309913	2.80906158377946	0.00496861411391865	0.0171804559551189
ENSMUSG00000024827	142.932603891462	0.332870045776807	0.118520420995094	2.80854592805223	0.00497657833225766	0.0172033773741011
ENSMUSG00000053470	1016.14827239405	0.173513020456604	0.0617807556953937	2.80852861871907	0.00497684587222435	0.0172033773741011
ENSMUSG00000071181	95.5805634104105	-0.365234061539803	0.130059366588396	-2.80821036669872	0.00498176722111837	0.0172152849560064
ENSMUSG00000074217	163.716298733075	-0.290284657601604	0.103370286055251	-2.80820213118542	0.00498189463089126	0.0172152849560064
ENSMUSG00000063362	2531.54214126968	-0.109335555978012	0.0389497193052285	-2.80709483735189	0.00499905218111728	0.0172717936777504
ENSMUSG00000020961	2543.50415508918	0.154691560487206	0.0551093157712985	2.80699475800371	0.00500060554333632	0.0172743802049014
ENSMUSG00000063870	11211.3550947399	0.146431359755491	0.0521693786594667	2.806845002148	0.00500293076503007	0.0172796318265705
ENSMUSG00000035215	771.774719402654	-0.209885030288073	0.0748101585998521	-2.80556857806859	0.00502278919496722	0.0173454299966484
ENSMUSG00000022517	3185.39625410592	-0.091534860949915	0.0326314057062042	-2.80511546986502	0.00502985571206485	0.0173670392014129
ENSMUSG00000022197	4563.17913819225	-0.153888096051379	0.0548632171253441	-2.80494116303454	0.00503257653359502	0.0173736390913719
ENSMUSG00000057666	83036.6393911962	0.0827619590688392	0.0295138331683127	2.8041752014	0.00504454849779279	0.0174121688460556
ENSMUSG00000047888	3241.3143245953	-0.23110352355775	0.0824173162580035	-2.80406514129011	0.00504627084902572	0.0174153135120878
ENSMUSG00000115317	72.3682515229895	-0.401968232895926	0.14336156267164	-2.8038773113586	0.00504921146264085	0.0174204899538898
ENSMUSG00000024580	1405.28148359655	-0.137119000712142	0.048903555706213	-2.80386566440856	0.00504939385507791	0.0174204899538898
ENSMUSG00000019944	278.176491272354	-0.274957820592919	0.0980925342576006	-2.80304533544676	0.00506225528497811	0.0174620555917307
ENSMUSG00000032333	7617.43429930856	-0.0868377799037964	0.0309882089230866	-2.80228457602469	0.00507420922053591	0.0174985178986382
ENSMUSG00000023966	248.157124463005	-0.317498199386324	0.113300404983558	-2.8022688836143	0.00507445606629195	0.0174985178986382
ENSMUSG00000055013	3831.98525245887	0.15091003065523	0.0538552002774603	2.80214408038121	0.00507641964058171	0.0175024773537949
ENSMUSG00000074863	362.31612255788	-0.184411361171868	0.0658131683558134	-2.80204350860095	0.00507800247240765	0.0175051230243621
ENSMUSG00000025165	6.67266369520365	1.70455502736779	0.608347040306064	2.80194513071062	0.00507955120769384	0.0175076503250411
ENSMUSG00000090733	6103.16840899841	-0.279796402883202	0.0998814115462112	-2.80128603062193	0.00508993825151445	0.0175406348542317
ENSMUSG00000038848	4085.83782834901	0.0955037013077849	0.0340969839724272	2.80094278675835	0.00509535517961018	0.0175564838339506
ENSMUSG00000086350	105.215074569583	-0.334647354308927	0.11949421195054	-2.80053191570017	0.00510184622294673	0.0175749305968781
ENSMUSG00000071632	200.413818556817	-0.269263768156829	0.0961484526392842	-2.80050027603682	0.00510234638403729	0.0175749305968781
ENSMUSG00000027263	3482.35353923449	-0.137345070206349	0.0490561153282888	-2.79975430763771	0.00511415153099923	0.017612767008572
ENSMUSG00000120060	13.5974761898888	-0.838919727139751	0.299695968939414	-2.79923593937076	0.00512236937740541	0.0176357997066022
ENSMUSG00000124562	8.26091082420938	-1.26301630226166	0.451201524007793	-2.79922880366832	0.00512248258504912	0.0176357997066022
ENSMUSG00000025860	6577.41809213556	-0.087276767380357	0.0311796047233137	-2.79916208543524	0.00512354117665969	0.0176366156026583
ENSMUSG00000003420	1857.5614364374	-0.429676462826781	0.153506728407093	-2.79907250506505	0.00512496282364247	0.0176386807715744
ENSMUSG00000027324	351.584822480387	0.236074615885835	0.0843581139759992	2.79848143538393	0.0051343520828316	0.0176681631628828
ENSMUSG00000034813	2118.61446018256	0.188561706657836	0.067389550706974	2.79808523249765	0.00514065454452886	0.0176853734357515
ENSMUSG00000085217	13.8816781111728	-0.902346900296141	0.32248979127089	-2.79806345726514	0.00514100112918519	0.0176853734357515
ENSMUSG00000091735	21.8531062423792	-0.763544294965409	0.272896984840671	-2.79792133068527	0.00514326380025069	0.0176903221817307
ENSMUSG00000031738	24.1386686470459	-0.894709106388764	0.3197922482852	-2.79778234521443	0.00514547733484229	0.0176949499142455
ENSMUSG00000127524	7.21381036358581	1.53632946946941	0.549133630392103	2.79773334656705	0.0051462579108653	0.0176949499142455
ENSMUSG00000119958	402.45545821507	0.261706872706142	0.0935527060568861	2.79742707332279	0.0051511394414598	0.0177088980221614
ENSMUSG00000024537	1196.27564950591	-0.105204940918919	0.03761043023701	-2.79722779707511	0.00515431784903924	0.0177169875015975
ENSMUSG00000114255	41.3150366483826	0.498135079403423	0.178092310626678	2.79706112886382	0.00515697752729588	0.0177207834782268
ENSMUSG00000043067	1876.36315314649	-0.114091031417434	0.0407896970345811	-2.79705513185619	0.00515707325018554	0.0177207834782268
ENSMUSG00000022832	7.30537078869741	-1.37154019984364	0.490396139559435	-2.79680056428628	0.00516113808161555	0.0177319126216324
ENSMUSG00000022817	2333.69913998728	-0.365376770814359	0.130651986105932	-2.7965649945659	0.00516490214213826	0.0177420050221059
ENSMUSG00000034768	46.7457117626667	-0.785170366410093	0.280828087743029	-2.79591109536223	0.00517536350124097	0.0177750964668222
ENSMUSG00000008305	5583.73571932403	-0.121229001103077	0.0433838669180409	-2.79433369395352	0.00520067829218301	0.0178591841657336
ENSMUSG00000122751	210.134111967494	-0.481350859713791	0.172264740991503	-2.79425062228802	0.00520201455662604	0.0178609156226063
ENSMUSG00000074385	97.0768003318372	-0.443478250904585	0.158721553116177	-2.79406446193215	0.00520501019963524	0.0178664627567719
ENSMUSG00000107283	1465.88064027078	-0.122023242848954	0.0436725840359224	-2.7940467811244	0.0052052947955302	0.0178664627567719
ENSMUSG00000051851	3683.51819078998	-0.11187340074331	0.0400417211735941	-2.79392087713468	0.00520732179268393	0.0178705626861316
ENSMUSG00000042548	2457.40798981868	0.145214503401691	0.0519907059989209	2.79308581431275	0.00522078398694233	0.0179138985076253
ENSMUSG00000030960	520.384153229694	-0.180257837806327	0.0645403956404878	-2.79294596845091	0.00522304153794215	0.017918780510383
ENSMUSG00000039556	333.470140179907	-0.263583317004416	0.0943774318128041	-2.7928638440515	0.00522436769443738	0.0179204661119835
ENSMUSG00000076666	3.70012728584948	4.46273032333287	1.59810880462498	2.79250718750663	0.00523013056520599	0.017937367424942
ENSMUSG00000085495	29.7280603266871	0.703127736002048	0.251846411252851	2.79189102796512	0.00524010002851772	0.0179686880530609
ENSMUSG00000045983	24309.6032745532	0.13275614195643	0.0475526163538596	2.79177366327299	0.00524200093494978	0.0179723354208005
ENSMUSG00000046138	1881.19629338853	0.163347317941052	0.0585188107065577	2.79136428045601	0.00524863641312352	0.0179922116327227
ENSMUSG00000039321	4.91917215047688	1.98824580155062	0.712599217444792	2.79013189023697	0.00526865742806904	0.018057959500388
ENSMUSG00000035967	361.24274907338	0.1924117254646	0.0689718817761155	2.78971256850979	0.00527548530748577	0.0180784750336031
ENSMUSG00000022400	8103.70049418965	-0.0824388050966559	0.0295580102271649	-2.78905124069859	0.00528627005334399	0.018112541574634
ENSMUSG00000127021	10.5335291025304	1.08489300691346	0.389199373945431	2.78749936289869	0.00531165587227499	0.0181966174520037
ENSMUSG00000035258	822.934855143614	-0.487159025274078	0.174775336577614	-2.78734422609876	0.00531419966414947	0.0182013905354571
ENSMUSG00000092094	40.0506327323661	-0.566846297015809	0.203366722111938	-2.78731097757382	0.00531474498631534	0.0182013905354571
ENSMUSG00000087382	16.3648695557933	-0.874091847211903	0.313655571938088	-2.78678883914244	0.00532331541604923	0.018227833581259
ENSMUSG00000030660	2305.2061268507	0.102305950578125	0.03671193589704	2.78672175896814	0.00532441738070304	0.0182286991218774
ENSMUSG00000113722	76.4912573603665	-0.376914807347196	0.135266302439919	-2.78646492547254	0.00532863843713639	0.0182402412201515
ENSMUSG00000025328	4.97129248361752	1.48728406438649	0.533820784403951	2.78611119656412	0.00533445691636957	0.0182572468378172
ENSMUSG00000035242	12540.8349849655	-0.152364588733792	0.0546903606510559	-2.78594960647514	0.00533711681701113	0.0182634384814221
ENSMUSG00000022489	352.155383158727	-0.258590639299393	0.0928252428057253	-2.78577929325323	0.00533992160376526	0.0182701238677757
ENSMUSG00000054383	195.151188847893	-0.386051415121235	0.138601023790982	-2.78534317108235	0.00534710990894152	0.0182918025984604
ENSMUSG00000049511	2041.99425326541	-0.191240415096514	0.0686613098793305	-2.7852718719263	0.00534828591516899	0.0182929103656816
ENSMUSG00000016346	10631.4168490728	0.197343140583989	0.0708574266010263	2.78507349265109	0.00535155920634006	0.0183011900467254
ENSMUSG00000038453	2424.94813467235	-0.133812960874633	0.0480554892179251	-2.78455100660425	0.00536018897216933	0.0183277821721228
ENSMUSG00000029390	2901.89691025043	0.111530284200504	0.0400547709474216	2.78444443851409	0.00536195067171176	0.0183308859880498
ENSMUSG00000044827	49.4763875089366	0.921880860277848	0.331172616587203	2.78368685725893	0.00537448948431626	0.0183708266354033
ENSMUSG00000022574	168.023779023437	0.426542228586921	0.153292121172567	2.78254502138924	0.00539343816874879	0.0184326609983063
ENSMUSG00000030613	656.973425271217	-0.212812917686242	0.0764880384003371	-2.78230324815473	0.00539745810831907	0.0184434631889808
ENSMUSG00000002524	7861.50613954245	0.0760472758655659	0.0273371228510852	2.78183173407904	0.00540530570949073	0.0184673392264727
ENSMUSG00000067924	2802.35518521909	-0.113384715362915	0.0407602613506445	-2.78174652482011	0.00540672498050532	0.018469248636462
ENSMUSG00000035285	525.40692673512	-0.192971239802522	0.0693856739300587	-2.7811395187577	0.00541684519529143	0.018500874934308
ENSMUSG00000036251	2661.65208833495	-0.323992631096642	0.116541037316437	-2.78007334203594	0.00543466227046801	0.018558775103065
ENSMUSG00000028099	1346.30518461966	0.0994242204407685	0.0357665677895021	2.77980881548133	0.00543909100598968	0.0185709444145975
ENSMUSG00000029034	1503.52118728755	0.111999525793976	0.0403014094133122	2.77904736892355	0.00545185742922541	0.0186115730877469
ENSMUSG00000029608	27957.3506663158	-0.197630676588124	0.0711390964951063	-2.77808808833718	0.00546797924235977	0.0186614898690227
ENSMUSG00000029401	439.184493967113	-0.241407929581286	0.0868978810097331	-2.7780646291507	0.00546837403946084	0.0186614898690227
ENSMUSG00000079427	271.139952027271	-0.247880169763355	0.0892290084801478	-2.77802223722462	0.0054690875228744	0.0186614898690227
ENSMUSG00000043668	976.750443985541	-0.226662950358878	0.0815979129646347	-2.77780328103632	0.00547277403456075	0.0186711009894916
ENSMUSG00000135262	20.4287063120561	-0.730408800156606	0.262961222816839	-2.77762931101579	0.00547570472410231	0.0186781308767806
ENSMUSG00000036040	165.484310495867	-0.353983821804527	0.12744948596812	-2.77744409179549	0.00547882647394392	0.0186858101508866
ENSMUSG00000008373	2968.16804274081	0.0910854043151698	0.0328009440033353	2.77691411277395	0.00548776780321885	0.0187112915729822
ENSMUSG00000041035	2312.72600333676	-0.15457226308014	0.0556636460652526	-2.77689792183107	0.00548804116945382	0.0187112915729822
ENSMUSG00000114309	43.519202837531	-0.622585746305598	0.22421475667215	-2.77673849636914	0.005490733549185	0.0187174982319843
ENSMUSG00000007836	7468.16805270852	0.0923476879427339	0.0332596825206515	2.77656552750898	0.00549365599840076	0.0187244870850541
ENSMUSG00000040875	3375.58417349213	-0.193466916931031	0.0696827566012365	-2.77639585985607	0.00549652403497415	0.0187312882893722
ENSMUSG00000114697	9.34136124534353	1.28230059509859	0.462045873409809	2.77526684879893	0.005515643109586	0.0187934595222814
ENSMUSG00000007039	1328.2371424002	-0.224596754275804	0.0809324722458048	-2.77511298053108	0.00551825341166983	0.0187993695817973
ENSMUSG00000074182	942.699822330369	0.153519676878532	0.0553316622204724	2.77453578507768	0.00552805519667539	0.018829773540437
ENSMUSG00000036368	987.521052894684	-0.159712602208135	0.0575736702578563	-2.77405629157959	0.00553620977715841	0.0188545580003939
ENSMUSG00000031434	493.757609293123	-0.23486975156505	0.0846708896241285	-2.77391382808997	0.00553863469550084	0.0188581331209637
ENSMUSG00000134258	410.109387765077	-0.2531259538169	0.0912530151300659	-2.77389139916211	0.00553901655304556	0.0188581331209637
ENSMUSG00000057069	933.569217039437	0.162155905093562	0.058459581894424	2.77381226205843	0.00554036406985453	0.0188597296421658
ENSMUSG00000036411	1004.33325747245	-0.143379682199014	0.0516915855584624	-2.77375283907385	0.00554137609652706	0.0188601838097431
ENSMUSG00000023938	1263.05015594237	-0.137264832791687	0.0494954710232806	-2.77328066495465	0.00554942357602735	0.0188845793409961
ENSMUSG00000022580	294.560272436042	-0.221877722382963	0.0800247300594119	-2.77261444328818	0.00556079623512236	0.0189202808659275
ENSMUSG00000026725	14.8033573778741	-1.73074873131571	0.624309820809815	-2.77225933923431	0.00556686658582928	0.0189379331428544
ENSMUSG00000030302	8348.14618439054	-0.256942050631573	0.0926906258661406	-2.77203922436165	0.00557063235599289	0.0189477411113522
ENSMUSG00000063903	22.0853388426764	-1.76497252259715	0.636826580636616	-2.77151201954033	0.00557966123125355	0.0189754448653499
ENSMUSG00000043733	11279.2698252352	-0.0585239316695471	0.0211195970619012	-2.77107235985679	0.00558720090930211	0.018998076147486
ENSMUSG00000104348	19.4164170322522	-0.773923314139549	0.279368033733099	-2.77026438493294	0.00560108076053964	0.0190422552432284
ENSMUSG00000120046	32.6976561493996	-0.571080476811099	0.206169653863652	-2.76995409415965	0.00560641937369684	0.0190573869003605
ENSMUSG00000039497	1146.30206153422	-0.324714866852326	0.117236513720874	-2.76974175149419	0.0056100754159779	0.0190667952627267
ENSMUSG00000049411	542.275662113876	-0.145946266369173	0.0526948506081248	-2.76964949487247	0.0056116645286423	0.0190691769466259
ENSMUSG00000133755	59.1931834426757	0.64744847416369	0.233825889265927	2.76893408251879	0.00562400123874962	0.0191080738510603
ENSMUSG00000015647	318.239840519156	0.283699679074301	0.102474029329283	2.76850320936126	0.00563144309993915	0.0191303303660854
ENSMUSG00000031156	1404.37640412585	0.124122457922956	0.044853821127028	2.76726608356144	0.0056528596165549	0.0192000450204063
ENSMUSG00000092448	289.502960346885	-0.224182674061296	0.08101513282206	-2.76717035758846	0.00565451983630206	0.0192026455950103
ENSMUSG00000074283	298.986074894575	-0.212198234239294	0.0766934147901611	-2.76683773724099	0.0056602920445585	0.0192165810278244
ENSMUSG00000020811	96.2140713764883	-0.332752260208437	0.120264769728388	-2.76683072657055	0.00566041376311068	0.0192165810278244
ENSMUSG00000027679	814.890296118897	-0.17522021087544	0.0633401258884291	-2.76633821637935	0.0056689705867309	0.019242587383739
ENSMUSG00000035354	3177.6943258447	-0.0995991213638267	0.036012915121686	-2.76565007379397	0.00568094584889782	0.0192801871292396
ENSMUSG00000020810	3557.79539565134	-0.172030093022683	0.0622188585273952	-2.7649188219507	0.00569369631306068	0.0193201883174452
ENSMUSG00000044505	366.5788404523	-0.366241018132323	0.132462247950758	-2.76487092585406	0.00569453235276604	0.0193201883174452
ENSMUSG00000000605	9485.86350386395	0.101960224252151	0.0368787618597186	2.76474098127242	0.00569680112934925	0.0193248313910574
ENSMUSG00000026614	35.9385898752597	-1.54044164996096	0.557248644004005	-2.76437038750315	0.00570327601612134	0.0193437388153043
ENSMUSG00000087333	16.1797522744343	0.940074408452924	0.340154122914784	2.76367195081282	0.00571549690643918	0.0193821258441743
ENSMUSG00000031239	2308.11946786015	-0.329603376379665	0.119268300572404	-2.7635455087211	0.00571771184901177	0.0193865744038677
ENSMUSG00000024176	256.355011479291	-0.392872670676322	0.1421666539902	-2.76346569078993	0.00571911045389767	0.0193882541066594
ENSMUSG00000103947	10.1092386623813	-1.0105930782768	0.365736264443766	-2.76317438691449	0.00572421742668982	0.0194025029656283
ENSMUSG00000046191	322.650451544464	0.210924682243764	0.0763360817953332	2.76310595570362	0.00572541771989588	0.0194035075426721
ENSMUSG00000032562	20619.4887686363	0.073195477276346	0.0264999370110458	2.76210004747696	0.00574308770379753	0.019460318966017
ENSMUSG00000028443	780.987541630154	-0.14356223143831	0.0519905462627067	-2.76131415724879	0.00575692701087304	0.019504134345865
ENSMUSG00000033400	7825.81432053121	-0.182225319647942	0.0660020917948887	-2.76090218798269	0.00576419368184415	0.0195237535148069
ENSMUSG00000005621	1854.95890366001	0.113034884730876	0.0409415739050491	2.76088273970668	0.00576453693174538	0.0195237535148069
ENSMUSG00000086451	8.00786634481158	-1.1989392301586	0.43438973490831	-2.76005424117968	0.00577917654003917	0.0195682506127065
ENSMUSG00000015747	1964.37599106889	0.104258931289222	0.0377744816089285	2.76003605737317	0.00577949822438084	0.0195682506127065
ENSMUSG00000042814	329.895775050055	-0.183502969576048	0.0664898949386069	-2.75986252866672	0.00578256888169142	0.0195738175568224
ENSMUSG00000024430	26.4452080262804	0.668301439640586	0.242156840205943	2.75978757846455	0.00578389560922306	0.0195738175568224
ENSMUSG00000040387	468.735369735118	-0.233020099993939	0.0844345729572011	-2.75977116757675	0.00578418614241775	0.0195738175568224
ENSMUSG00000059534	4664.23147806013	-0.164697216165628	0.0596785896546411	-2.7597370701742	0.00578478983417876	0.0195738175568224
ENSMUSG00000020272	649.253401679706	0.246003416986049	0.0891474191602846	2.75951249406045	0.00578876735564721	0.0195841891341723
ENSMUSG00000030098	363.093331316338	0.244359735488853	0.0885677958599977	2.7590133989009	0.005797615780763	0.0196110337771602
ENSMUSG00000060962	44.9499521655412	-1.26884422191219	0.459944343956538	-2.75869078201358	0.00580334192135347	0.0196273101754803
ENSMUSG00000002728	2504.08113989349	-0.150804341185228	0.0546776187132759	-2.75806344047336	0.00581449123261115	0.019661920100698
ENSMUSG00000034848	725.391554315018	-0.149285609984185	0.0541326769657455	-2.75777253873203	0.00581966778050035	0.0196763251813231
ENSMUSG00000027573	2392.70018653136	-0.0954815062281637	0.0346235258447952	-2.75770603653056	0.00582085175939538	0.0196772289554616
ENSMUSG00000031813	1987.16623525422	-0.120271464220813	0.0436138353699131	-2.75764475196285	0.00582194303786785	0.0196778191231099
ENSMUSG00000143991	15.471482762118	-0.988938979152038	0.358883560623277	-2.75559843820803	0.00585848728492572	0.0197958922162667
ENSMUSG00000063236	689.289784356257	0.16363386616439	0.0593826148853467	2.75558539280102	0.00585872091912522	0.0197958922162667
ENSMUSG00000133344	99.5726791476199	0.375328613933327	0.136222105351242	2.7552695134579	0.00586438066371183	0.0198118972815924
ENSMUSG00000027496	268.557912460279	0.242062899165051	0.0878570660664065	2.75518987831996	0.00586580829800991	0.0198136020338443
ENSMUSG00000069678	621.060405689939	-0.161793605574381	0.0587327028388794	-2.75474476320675	0.00587379373225348	0.0198374537848573
ENSMUSG00000017723	229.890223357669	-0.311497355555284	0.113095440750427	-2.75428747161152	0.00588200781784431	0.0198620701302259
ENSMUSG00000047832	283.596016427365	0.277764626223236	0.100855711693286	2.75407928375887	0.00588575081410597	0.0198715833557092
ENSMUSG00000037101	68.3825498334896	-0.607958518045166	0.220843064660316	-2.75289839407129	0.00590702260965562	0.0199402653465746
ENSMUSG00000035569	11262.3766470256	0.117061281643632	0.0425243919021795	2.7528031891182	0.00590874058569761	0.0199429285239913
ENSMUSG00000118164	27.2503385745865	0.660222844701992	0.239980947284929	2.75114692300181	0.00593870010351915	0.0200391644689088
ENSMUSG00000031536	1670.04775938541	0.126759947699962	0.0460756986301207	2.75112372614349	0.00593912067228166	0.0200391644689088
ENSMUSG00000131246	276.278444547995	0.230433588421114	0.0837696323557767	2.75080099960859	0.00594497462457214	0.0200557638364082
ENSMUSG00000029304	9020.94542456292	0.208917073155816	0.0759583479019984	2.75041623371484	0.00595196070659942	0.0200761767014241
ENSMUSG00000101859	3.45373055506601	-2.49023748206383	0.905616034267325	-2.74977185455702	0.00596367708167419	0.0201125360935142
ENSMUSG00000020009	1841.00115869848	-0.168823097698943	0.0614122644571567	-2.7490127451125	0.00597750619122582	0.0201560081528202
ENSMUSG00000028555	1095.52728825387	-0.144886128999633	0.0527091731452977	-2.74878394696577	0.00598167999486079	0.0201669142091537
ENSMUSG00000126489	22.4660270274073	-0.717381481405738	0.261011585882621	-2.74846604597985	0.0059874835980175	0.0201833107592719
ENSMUSG00000064337	14009.8922679803	-0.438361357790137	0.159505290798087	-2.74825590798142	0.00599132266390985	0.0201930809080686
ENSMUSG00000004207	100361.203313905	0.104961310164109	0.0381941956588889	2.74809583899908	0.00599424849390796	0.0201997705133796
ENSMUSG00000033752	119.654117198244	-0.332857398585202	0.121127935291406	-2.74798210490771	0.00599632817122818	0.0202036070512611
ENSMUSG00000018547	8286.17063531882	-0.135468347312908	0.0493001007804583	-2.74783104229688	0.00599909142192977	0.0202097452076498
ENSMUSG00000021606	3076.48404580197	-0.140073680139539	0.0509811493455159	-2.74755830219155	0.00600408331399028	0.020223388108915
ENSMUSG00000029625	278.20995697458	0.243120063196527	0.0884926189680125	2.74734849111436	0.00600792597873304	0.020233156426025
ENSMUSG00000002944	307.470772393758	-0.779553399662996	0.283822539301713	-2.74662259586897	0.00602123776352271	0.0202718384187125
ENSMUSG00000031021	4559.10085205056	-0.0685039157984228	0.0249411773832476	-2.74661916499721	0.0060213007433947	0.0202718384187125
ENSMUSG00000040140	44.313928351587	0.670930801730612	0.244284175401086	2.74651765972569	0.00602316432524442	0.0202749326337928
ENSMUSG00000025993	166.389621686748	-0.466167519308217	0.169740633344368	-2.7463519495798	0.00602620779045986	0.0202819969316418
ENSMUSG00000034075	4009.94676924014	0.0784640548904171	0.0285714165757231	2.74624307417391	0.00602820817173905	0.020285548928445
ENSMUSG00000034175	523.00778044291	-0.188797027928592	0.0687540993853915	-2.74597485264575	0.0060331387914598	0.0202967365179489
ENSMUSG00000058400	86.1211237898622	1.20819441534217	0.439989912399386	2.74595935337144	0.00603342382004249	0.0202967365179489
ENSMUSG00000024457	2159.34767005496	0.119944939020123	0.0436870623789735	2.74554828108222	0.00604098778687738	0.0203172536794291
ENSMUSG00000052957	1036.86467976881	-1.04179966753844	0.379453712251143	-2.74552503744888	0.00604141573818112	0.0203172536794291
ENSMUSG00000002205	1508.62860506843	0.0942862251679282	0.0343433785647646	2.74539748586831	0.00604376464660185	0.020321969283201
ENSMUSG00000022816	175679.419752925	0.104430630553583	0.0380626163397202	2.74365350036656	0.00607596339799626	0.0204270368522142
ENSMUSG00000121132	35.1479840192569	-0.556772274499396	0.202967324033082	-2.74316211809861	0.00608506352057683	0.0204544274244758
ENSMUSG00000017119	9194.6647727998	0.110727048215535	0.0403685571480736	2.74290329003792	0.00608986180499283	0.0204673514178763
ENSMUSG00000029070	1827.1370274324	-0.396453079782166	0.144548694370428	-2.74269568126429	0.00609371302337984	0.0204740910446136
ENSMUSG00000058402	374.483567528135	-0.211557740583261	0.0771350603748661	-2.74269235747167	0.00609377469878116	0.0204740910446136
ENSMUSG00000098098	181.575124798297	-0.290958848380402	0.106092378074871	-2.74250472710744	0.00609725722917621	0.0204825858656489
ENSMUSG00000041309	44.6653123123237	-0.667540941342922	0.243481952075271	-2.74164444490964	0.00611324753740752	0.0205302441753053
ENSMUSG00000090210	58.1411958783738	-1.37646863412038	0.502060575036644	-2.74163856427069	0.00611335697235404	0.0205302441753053
ENSMUSG00000020453	1280.76290226165	-0.123111751665352	0.0449071311878559	-2.74147442530563	0.0061164122059848	0.0205372914771891
ENSMUSG00000051344	9954.46281685846	0.179480501295903	0.065474480526282	2.74122833588359	0.00612099541743293	0.0205472855224859
ENSMUSG00000028998	2906.56484871947	-0.143290920196899	0.0522738983660822	-2.74115619220535	0.00612233961979289	0.0205472855224859
ENSMUSG00000025147	2759.39389103884	-0.0890960991528893	0.0325033280951186	-2.7411377349469	0.0061226835636003	0.0205472855224859
ENSMUSG00000059994	6.82545362768326	1.44894837299309	0.528599310301271	2.74110908727306	0.00612321743628725	0.0205472855224859
ENSMUSG00000024885	769.172351587489	-0.218693910333692	0.079792899243041	-2.74076907103692	0.00612955711778819	0.0205653443404878
ENSMUSG00000054434	1071.66428945254	0.139215218219474	0.0508005050006819	2.74042980906597	0.00613588862692368	0.0205833700993192
ENSMUSG00000073436	673.741766757	-0.209367300506468	0.0764037699888296	-2.7402744725434	0.00613878957498975	0.020589883908864
ENSMUSG00000038670	497.689729141335	-3.459050406789	1.26241686815816	-2.74002232862723	0.00614350105486111	0.0206024673712933
ENSMUSG00000056131	716.874289318647	-0.129067517849361	0.0471066394689531	-2.73990077204354	0.00614577358512961	0.0206068690687898
ENSMUSG00000046516	1941.10479077466	-0.125313043675549	0.0457417568769624	-2.739576532065	0.00615183903461611	0.0206239851190175
ENSMUSG00000027932	424.526153911368	-0.231377042758314	0.0844776573229442	-2.73891405243162	0.00616424858286115	0.0206623610368047
ENSMUSG00000113204	449.643321864456	-0.270050623796565	0.0986066471894446	-2.73866551083254	0.00616891006830594	0.0206722876889019
ENSMUSG00000036864	133.75607215009	0.298853049904159	0.109124083686619	2.73865346500778	0.00616913607263141	0.0206722876889019
ENSMUSG00000037270	5365.95603611787	0.209537573586561	0.0765171362260796	2.73843983088253	0.00617314552491747	0.0206824944338814
ENSMUSG00000073420	5.00072387563868	1.919081906886	0.700825571083623	2.73831604620062	0.0061754697702643	0.0206870527603766
ENSMUSG00000067279	440.964154874372	-1.12085212176543	0.409382306646588	-2.73791051437168	0.0061830897665906	0.0207093470010351
ENSMUSG00000042229	3533.32827925567	0.0907094960650587	0.0331323442921976	2.73779287288223	0.00618530184930772	0.0207135241025335
ENSMUSG00000020946	5205.0038900875	0.0846186808324167	0.0309090637104895	2.73766561242358	0.00618769560557113	0.0207176659955762
ENSMUSG00000078350	518.869507849637	-0.31062059594327	0.113463550234801	-2.73762450849169	0.00618846894454647	0.0207176659955762
ENSMUSG00000110067	131.16514566149	-0.326190166764475	0.119155567357826	-2.73751511572197	0.00619052750969451	0.0207213259820836
ENSMUSG00000007415	4654.05718667821	-0.101028170577113	0.0369110923731358	-2.73706802160755	0.00619894738698633	0.0207462744947067
ENSMUSG00000040283	25.43628456787	-0.824273934109778	0.301187698744015	-2.73674501829619	0.00620503674464357	0.0207630022453473
ENSMUSG00000028850	221.246405496179	0.267005546207983	0.0975652422556784	2.73668716476172	0.00620612798578943	0.0207630022453473
ENSMUSG00000037257	3162.39065037107	-0.0986344438541945	0.0360420509632638	-2.7366490312865	0.00620684735900464	0.0207630022453473
ENSMUSG00000138812	6.07865088839924	-1.55885532900142	0.569829086687312	-2.73565419073952	0.00622564118789888	0.0208226260111308
ENSMUSG00000085278	48.3199080970052	-0.573940012498914	0.209821552476098	-2.73537206128668	0.00623098029620854	0.0208372368029931
ENSMUSG00000053263	116.97600185458	-0.325641373973681	0.119056026754456	-2.73519436899478	0.00623434511758703	0.0208452417903619
ENSMUSG00000007610	1046.32238102703	-0.161140136109762	0.0589171274376623	-2.73503042524022	0.0062374510443684	0.0208523787756443
ENSMUSG00000038930	135.643555784999	-0.287615587986235	0.105164091763252	-2.73492199822085	0.0062395059676718	0.0208560004830338
ENSMUSG00000031691	14257.8285300286	0.117772254799568	0.0430659176784501	2.73469743937444	0.00624376377517383	0.0208669832162356
ENSMUSG00000021144	2911.17751423993	-0.0867987816501871	0.0317587834869139	-2.7330638053549	0.00627481753873328	0.0209629474132548
ENSMUSG00000029642	2701.95057779493	-0.133209402308802	0.0487402136900327	-2.73304920565097	0.00627509569032107	0.0209629474132548
ENSMUSG00000129644	9.0419785326564	-1.19423736132678	0.436964147199925	-2.73303283342462	0.00627540762496858	0.0209629474132548
ENSMUSG00000038502	7325.03064351122	0.0970743019223099	0.0355222105093924	2.73277762082522	0.00628027191171458	0.0209759322945177
ENSMUSG00000050069	351.484570158069	0.26306741547863	0.0962759646942995	2.73243084412537	0.00628688682567401	0.0209947592719226
ENSMUSG00000047583	438.551181035849	-0.176659016243735	0.0646544365622114	-2.73235721532816	0.0062882921333955	0.0209961858664595
ENSMUSG00000037386	3890.71501339988	-0.124106349548068	0.0454231014895236	-2.73222975706959	0.00629072551946499	0.0210010441680926
ENSMUSG00000022000	1662.59639644965	0.170058048830475	0.0622440327882746	2.73211810373749	0.00629285786012916	0.0210023980670949
ENSMUSG00000054065	259.423882929416	0.359587035371152	0.131615327976172	2.73210606166063	0.00629308787699405	0.0210023980670949
ENSMUSG00000074358	424.915869075615	-0.17397466475686	0.0636797250235854	-2.73202600501846	0.00629461723899416	0.0210042365385122
ENSMUSG00000026564	122.970248247138	0.479637630271566	0.175586940947189	2.73162473065594	0.00630228802554942	0.0210265643078091
ENSMUSG00000017776	9579.72040027573	0.0993240820059063	0.0363627578485366	2.73147824539672	0.00630509034287453	0.0210316700685364
ENSMUSG00000013622	1752.1117979267	-0.162578142827486	0.0595209871475656	-2.73144231335443	0.00630577790743968	0.0210316700685364
ENSMUSG00000068823	16108.3424987079	0.0922840654368065	0.0337881366825196	2.73125642600321	0.00630933596518442	0.0210402681107113
ENSMUSG00000037169	331.754253438485	0.256905779006258	0.0940641526083447	2.73117624389748	0.006310871283428	0.0210421191317281
ENSMUSG00000019906	1281.62053995293	-0.179347590883977	0.0656864977329754	-2.7303570303451	0.0063265767746771	0.0210912093563004
ENSMUSG00000060261	9464.65639032473	-0.0884414154540404	0.0323957945983055	-2.7300276641051	0.00633290110324187	0.0211090147643152
ENSMUSG00000079509	1141.7825892595	0.141511182270889	0.0518406469969171	2.72973410766468	0.0063385426245635	0.0211238202063984
ENSMUSG00000035790	2399.61090536146	0.100973757031466	0.0369908684675632	2.72969414384009	0.00633931099271493	0.0211238202063984
ENSMUSG00000119974	28.3891913889224	-0.664871902204927	0.24358115097854	-2.72957041024699	0.00634169049960987	0.0211284693876495
ENSMUSG00000109194	9.4025001288148	-1.00744820895138	0.369142473837948	-2.72915819866788	0.00634962349504466	0.0211516166891106
ENSMUSG00000049950	212.244932819695	0.319673291656145	0.11715143094196	2.72871862584862	0.00635809289498038	0.02117654337993
ENSMUSG00000132248	8.86658132893173	-1.2114333065057	0.444080883498086	-2.72795644109486	0.0063728022684321	0.0212222422423462
ENSMUSG00000029759	239.687405895032	-0.455409621273682	0.166951735303208	-2.7277920798283	0.00637597828104343	0.0212295253266447
ENSMUSG00000100113	20.213077258163	0.753409384884403	0.276233609888987	2.72743561215155	0.00638287133066322	0.021249180518613
ENSMUSG00000127142	26.707447381225	-0.678127751653528	0.248672682908568	-2.72698932476979	0.00639151068521143	0.0212746423272986
ENSMUSG00000034152	7436.01750760532	-0.118698297212498	0.0435369924314826	-2.7263779738415	0.0064033624647802	0.0213093505765542
ENSMUSG00000063873	1937.68986091913	-0.217288906758618	0.0796995915771326	-2.72634906225745	0.00640392344029402	0.0213093505765542
ENSMUSG00000125050	7.43842945659956	1.39465277149518	0.511648359246796	2.72580327150518	0.00641452179484527	0.0213413088729307
ENSMUSG00000022788	1117.5700341328	0.159684085380476	0.0585883250304037	2.72552740324304	0.00641988470272442	0.021355841473529
ENSMUSG00000020241	4412.25175918381	-1.08110466125597	0.396796395889801	-2.7245828653046	0.0064382771847893	0.0214104557421353
ENSMUSG00000037406	221.721170099905	-0.493264572613407	0.18104230431964	-2.72458182891066	0.00643829739194464	0.0214104557421353
ENSMUSG00000103255	1667.23715819893	-0.17232099459586	0.0632497353299526	-2.72445400280206	0.00644079012701283	0.0214154276435033
ENSMUSG00000058966	12399.29144304	0.162495686492083	0.0596532664945863	2.72400316094728	0.00644958892079607	0.0214413622074971
ENSMUSG00000026843	1846.59470228111	-0.161434362718053	0.0592805638790085	-2.72322582908524	0.00646478501168276	0.0214885529669839
ENSMUSG00000051251	7.71985752551181	-1.3750409809908	0.504969333575367	-2.72301878463591	0.00646883796006146	0.0214986957192567
ENSMUSG00000026238	13072.4851370489	0.115577033542946	0.0424465157176435	2.72288623904422	0.00647143377403045	0.0215039934045414
ENSMUSG00000031312	7.58323398810688	-3.78529566975272	1.39053243100971	-2.72219157593045	0.00648505360274412	0.0215459155914727
ENSMUSG00000027215	5524.98247847532	0.131673942672771	0.0483890819584872	2.72114984090281	0.00650552658570179	0.0216105901715683
ENSMUSG00000029992	4397.25650997699	0.15090687412824	0.055477835579965	2.72012908489779	0.00652564364537157	0.0216740625857258
ENSMUSG00000097520	181.735958835127	-0.294894338576539	0.108428858487626	-2.71970343218354	0.00653404892686885	0.0216986222562139
ENSMUSG00000085620	30.1670652361577	-0.636725604061087	0.234120270428566	-2.71965175375689	0.00653507007330995	0.0216986564878069
ENSMUSG00000032766	519.553683154827	-0.570942717003901	0.209961212154079	-2.71927710431066	0.00654247729977535	0.0217198913883356
ENSMUSG00000019261	3090.17831234651	0.120515581916502	0.0443303552794973	2.71857920282088	0.00655629570735142	0.0217624004413183
ENSMUSG00000052955	5.07255594818303	1.50194440247712	0.5525531810379	2.71818976710244	0.00656401791585922	0.0217846642829057
ENSMUSG00000018166	2788.2421406655	0.236969479743397	0.0871839358560907	2.71804062774303	0.00656697739920259	0.0217911171512263
ENSMUSG00000079157	1237.78841698115	0.169524755556324	0.0623739493728438	2.71787753157941	0.00657021521142846	0.0217984914572679
ENSMUSG00000053279	1186.23101585977	-0.871937926441992	0.320822035633457	-2.7178243063023	0.00657127215916064	0.021798628986021
ENSMUSG00000058655	12518.585012316	-0.0973580387240969	0.035823755927859	-2.7176948983282	0.00657384258100612	0.0218037862861368
ENSMUSG00000034647	3222.39390088013	0.155795259968747	0.0573287624618017	2.71757584288609	0.00657620816975176	0.0218051335383785
ENSMUSG00000117679	3651.85141962331	-0.117810997078875	0.0433521627100578	-2.71753448303844	0.0065770301541722	0.0218051335383785
ENSMUSG00000126882	37.7187840050534	-0.540683967848562	0.198962196872493	-2.71752109871939	0.00657729617353026	0.0218051335383785
ENSMUSG00000014602	85179.2176167328	0.211675552122974	0.0779150006780743	2.71674966669853	0.00659264509204693	0.0218526435370413
ENSMUSG00000033808	2314.59741651108	0.0873245067297226	0.032145138134377	2.7165696524519	0.00659623140556144	0.0218611553731329
ENSMUSG00000063445	128.571322611082	-0.319887418547654	0.117764060612669	-2.71634161461006	0.00660077698243682	0.0218728432702977
ENSMUSG00000024299	126.165910919868	-0.573728988909439	0.211235068001977	-2.71606885322691	0.00660621775240614	0.021887493482505
ENSMUSG00000032180	565.484113447151	-0.271333758378511	0.099906673465237	-2.71587221321029	0.00661014263100013	0.0218971175489273
ENSMUSG00000097404	99.4951859215141	-0.301871069715539	0.111175228142104	-2.71527277038449	0.00662212028040875	0.0219334105754134
ENSMUSG00000076562	4.42135904861614	4.37935349468917	1.61380507036828	2.71368182880338	0.00665400405105917	0.0220325578349088
ENSMUSG00000027559	1140.00595851295	-2.02324518488976	0.745573414371055	-2.71367667608765	0.0066541075395376	0.0220325578349088
ENSMUSG00000045515	8.38877562996483	-1.76202502733774	0.649325972338654	-2.71362166677473	0.00665521245102743	0.0220328177781855
ENSMUSG00000032782	347.250545242712	-0.187643063650606	0.0691632200723384	-2.71304695551116	0.00666676591100495	0.0220676633840605
ENSMUSG00000027457	7580.18891650257	-0.154664765423915	0.0570400141976257	-2.71151344542184	0.00669768246876063	0.0221665821576342
ENSMUSG00000021820	24822.7032385533	0.132163431148374	0.0487521552835124	2.71092488895707	0.00670958233216918	0.0222025426764827
ENSMUSG00000045252	969.151565670036	0.137181848860923	0.0506121189326526	2.71045456609839	0.0067191053204885	0.0222306280532685
ENSMUSG00000090105	9.92167645442842	1.06574591586933	0.393235775429002	2.71019572089199	0.006724351539861	0.0222445569663517
ENSMUSG00000096221	91.8759382990851	-0.360778634076627	0.133146145993975	-2.70964383822987	0.00673554927543646	0.0222781665248874
ENSMUSG00000031959	2243.87846671163	0.132997051890896	0.0490859048632335	2.70947540361049	0.00673897016164938	0.0222860473717402
ENSMUSG00000024538	422.391894957889	-0.655501852164916	0.241979124129125	-2.70891902152322	0.00675028131460733	0.0223200152032287
ENSMUSG00000042251	57.7563163832471	-0.657821173484658	0.24287871621875	-2.70843482593258	0.00676013881186603	0.0223491667542763
ENSMUSG00000019768	1062.22414203934	-0.384062251946564	0.141821039390434	-2.70807669720456	0.00676743809792629	0.0223698531275155
ENSMUSG00000089959	10.5000472524008	1.16943053362515	0.431898772820851	2.7076495864697	0.00677615261801226	0.0223952104847192
ENSMUSG00000108573	11.7799252462885	-0.93269164523031	0.344555277592666	-2.70694343080979	0.00679058273212348	0.0224394471871556
ENSMUSG00000030983	1107.44598044293	-0.151986484743197	0.056151557730149	-2.70671893865541	0.00679517595481341	0.0224511693159958
ENSMUSG00000107061	38.1639380196529	-0.65267571097462	0.241157220170519	-2.70643238677706	0.00680104300718285	0.0224670959052304
ENSMUSG00000033177	149.800488099933	-0.340948883611611	0.125985243074439	-2.70626047377755	0.00680456505183067	0.0224752721038002
ENSMUSG00000042729	1239.26880170216	0.160013627520431	0.0591399708344131	2.7056764699539	0.00681654199719213	0.0225113677710348
ENSMUSG00000138369	14.0736745793098	0.826098435964856	0.305405113590227	2.70492666692301	0.00683194698058218	0.0225587715559417
ENSMUSG00000022123	65.024906077057	-0.837723130586988	0.309711727939875	-2.70484794411666	0.00683356618330723	0.0225606477531333
ENSMUSG00000015961	5466.49065922088	0.0716932018223634	0.0265098111168167	2.70440258915629	0.00684273292051182	0.0225874373168855
ENSMUSG00000025199	1358.07453774276	0.173596991849044	0.0641945345113043	2.7042332056863	0.00684622223818326	0.0225954807141516
ENSMUSG00000034205	247.654299995913	0.376358651920218	0.139182996348243	2.70405625539594	0.00684986914055298	0.0226040416558202
ENSMUSG00000020570	2173.93386614916	-0.1341130794067	0.0496032753592867	-2.70371418893796	0.00685692399582283	0.0226222123803475
ENSMUSG00000058793	74918.187807405	0.151667036611712	0.0560963720457906	2.70368708493142	0.00685748327396445	0.0226222123803475
ENSMUSG00000068580	1607.69736024317	0.107171020440898	0.0396411562083449	2.70352912709286	0.00686074347353462	0.022629489766886
ENSMUSG00000021071	3847.92429178176	0.152122519219055	0.056273478152637	2.70327202463717	0.00686605296463996	0.0226435232660872
ENSMUSG00000005483	3881.72309052541	0.238781924700042	0.0883379679288081	2.70304977914453	0.00687064558994842	0.0226551886687915
ENSMUSG00000021665	5990.48177901914	-0.119212127489772	0.0441041886262826	-2.70296611734357	0.0068723751466918	0.0226574112884175
ENSMUSG00000061313	2877.68722556125	-0.131607794402906	0.0487127676480462	-2.70171047052352	0.00689838041246436	0.0227396550881388
ENSMUSG00000041530	1853.96323144469	-0.137905758001817	0.0510462119031666	-2.70158652053204	0.00690095228576585	0.0227437686955215
ENSMUSG00000021911	2407.29766687236	0.102816599954412	0.0380583990998585	2.70154820975627	0.00690174738109694	0.0227437686955215
ENSMUSG00000027531	3835.32901320654	-0.0718896792786732	0.0266227170029657	-2.7003133929067	0.00692741867473678	0.0228248609780353
ENSMUSG00000046229	1079.14977984707	-0.198567697847727	0.0735428037882509	-2.70002893035538	0.00693334466693498	0.0228408803898751
ENSMUSG00000058159	34.945887375935	-0.557469825158459	0.206472943818197	-2.69996550080344	0.00693466666732714	0.0228417300415597
ENSMUSG00000021156	4588.72456545151	0.070472650732329	0.0261047669331893	2.69960850110984	0.00694211148874502	0.0228627439732127
ENSMUSG00000018446	4068.53042888476	-0.080024119072331	0.0296474710553845	-2.69918870728764	0.00695087499403849	0.0228880936680519
ENSMUSG00000105035	11.3341249979143	-1.0539448222707	0.390476253070134	-2.69912655118978	0.00695217339259172	0.0228888579824193
ENSMUSG00000035443	1481.71539371842	-0.116567920004615	0.0431895955902209	-2.69898151190397	0.00695520401181456	0.0228953242321134
ENSMUSG00000039285	5367.37095708787	0.0738538106352124	0.0273651626363274	2.69882593488303	0.00695845613776201	0.0228983516464816
ENSMUSG00000021807	4652.82109771129	-0.0862612367614408	0.0319628640427793	-2.698795597478	0.00695909045905109	0.0228983516464816
ENSMUSG00000056069	380.962059107915	-0.190732662574765	0.0706736271592581	-2.69878128859811	0.00695938965978888	0.0228983516464816
ENSMUSG00000034353	194.255238611201	-1.28010694120779	0.474336194047163	-2.69873342425248	0.00696039059411592	0.0228983516464816
ENSMUSG00000030345	94.5732180701734	0.421419125628811	0.156176089820906	2.69835879558818	0.00696822925831628	0.0229206266103306
ENSMUSG00000035585	3567.30221069937	-0.0946786011842909	0.035089988318062	-2.69816565129937	0.0069722736722924	0.0229304162171639
ENSMUSG00000043460	418.519891546564	-0.217372319660029	0.080565092758297	-2.69809556742108	0.00697374173998606	0.0229317310340902
ENSMUSG00000024737	113.35975577649	0.691071589467689	0.2562800259976	2.69654877229551	0.00700621367692076	0.0230349797501579
ENSMUSG00000086430	8.0245513251115	-1.28862065110663	0.477927583711669	-2.69626758325806	0.00701213125532413	0.0230509049811314
ENSMUSG00000142207	23.2346354844451	-0.716197099413581	0.265743231166089	-2.69507184160773	0.00703734560644064	0.0231302496995644
ENSMUSG00000066036	13762.2873683591	0.256773826855412	0.0953003154257257	2.69436492112698	0.00705229055547744	0.0231758219632392
ENSMUSG00000026603	3645.93628823503	-0.0989231994806379	0.0367162097387302	-2.69426501767388	0.00705440490312363	0.0231792217435255
ENSMUSG00000090054	5.30022887913345	-1.59625798280814	0.592486226274742	-2.69416893088742	0.00705643901216657	0.02318235687713
ENSMUSG00000041977	17573.5651296884	0.152477306800189	0.0566034394362363	2.69378165565282	0.00706464277463651	0.0232020921177085
ENSMUSG00000002068	623.743452239546	0.203669954549777	0.0756083632403733	2.69374902221163	0.00706533444925603	0.0232020921177085
ENSMUSG00000114994	11.5922765488759	-0.909880894175059	0.3377770288456	-2.69373230407261	0.00706568881829221	0.0232020921177085
ENSMUSG00000091952	13.9995499470324	0.906217892731175	0.336514985896875	2.69294958831012	0.0070822976685276	0.0232530746027246
ENSMUSG00000031482	591.732971311217	-0.146191713065198	0.0542922544221571	-2.69268083672605	0.00708800852641536	0.0232682659470916
ENSMUSG00000100303	6.76571354356519	1.49349596596006	0.554695997210792	2.69245852407424	0.0070927357008406	0.023278954389287
ENSMUSG00000078651	75.1147551386905	0.539761887365361	0.2004756094773	2.69240676595364	0.00709383667260694	0.023278954389287
ENSMUSG00000085838	23.7941522195833	-0.772083790642826	0.286766837079986	-2.69237474773792	0.00709451782422041	0.023278954389287
ENSMUSG00000033526	4805.57395448034	-0.120573644749824	0.0447886102006221	-2.69206041914981	0.00710120793084859	0.0232939223563638
ENSMUSG00000032268	224.270419655375	0.377766440834412	0.140326240073612	2.69205845347417	0.00710124978570972	0.0232939223563638
ENSMUSG00000027365	2567.08451052733	-0.0942158746016943	0.0349999276764404	-2.69188769395984	0.0071048865900148	0.0233022911445772
ENSMUSG00000002500	43.2664040315421	-2.88025285646697	1.07017924532398	-2.69137424319514	0.00711583204415915	0.0233346242987963
ENSMUSG00000129247	11.2128115717546	-1.09254038142353	0.405958079813336	-2.69126403870541	0.00711818329375274	0.0233346869625564
ENSMUSG00000051586	3355.27709321192	0.141141979600909	0.0524446029528656	2.69125842611031	0.00711830305900726	0.0233346869625564
ENSMUSG00000133615	18.9441675769789	-0.739483479551338	0.274776250571514	-2.69122050400378	0.00711911231332254	0.0233346869625564
ENSMUSG00000086881	10.458740182404	-0.953574721258565	0.354375976529956	-2.69085599592826	0.00712689509609277	0.0233566305546149
ENSMUSG00000050578	153.771385778647	-3.60663157766512	1.3404078735167	-2.69069709968411	0.00713029015419707	0.0233641899633635
ENSMUSG00000058914	87.5627641195535	-1.85889068867868	0.690908137561501	-2.69050339346048	0.00713443094387789	0.0233714862960027
ENSMUSG00000103749	153.760076950493	0.356367582616211	0.132454475016996	2.69049107303082	0.00713469438636475	0.0233714862960027
ENSMUSG00000001833	17426.7881058396	0.0388209974305517	0.01443015910247	2.69026814984366	0.00713946256642508	0.0233835372979678
ENSMUSG00000019320	49.7549783492294	-0.497197967174651	0.184851316715507	-2.68971828823842	0.00715123597627745	0.0234185250140003
ENSMUSG00000026315	933.751872388597	0.14316203194666	0.0532323333948467	2.68938111137769	0.00715846408550975	0.0234386195941965
ENSMUSG00000008090	452.232545308391	0.34598093453587	0.12866062334381	2.68909729755725	0.00716455332612487	0.023454979670367
ENSMUSG00000027702	26.4672588404629	-0.830709797637087	0.30893236298284	-2.68896981079069	0.00716729007450022	0.0234603611984174
ENSMUSG00000135442	52.7158338326996	-0.53292670048635	0.198235265425367	-2.68835466455886	0.00718050856237543	0.023500045250793
ENSMUSG00000053101	40.7320820221153	-0.708273170278384	0.263466913311989	-2.68828127742807	0.00718208699206059	0.0235016279529836
ENSMUSG00000028982	2547.18634688393	-0.135133451549812	0.0502816161341018	-2.68753198364604	0.00719822083165998	0.023550831942145
ENSMUSG00000051890	618.225468892019	-0.155031572998972	0.0576931482402166	-2.68717478119703	0.00720592358070945	0.0235724406558228
ENSMUSG00000022964	9098.47707882141	-0.102026476614487	0.0379744429798939	-2.68671423748089	0.00721586570875923	0.0235957312420523
ENSMUSG00000139787	6.87160244708048	-1.48878811870178	0.554134154779418	-2.68669257410132	0.00721633367660532	0.0235957312420523
ENSMUSG00000022098	953.36871364926	0.395365251562899	0.147156881723498	2.68669223574454	0.00721634098593466	0.0235957312420523
ENSMUSG00000031805	150.526408555109	0.469158467181789	0.174629791614512	2.6865889424952	0.00721857268196131	0.0235959473065164
ENSMUSG00000084973	126.2663409605	-0.386997559844854	0.144048005480215	-2.68658742309353	0.00721860551392403	0.0235959473065164
ENSMUSG00000037134	1970.76267060567	-0.118281639384637	0.0440292720096307	-2.68643186648111	0.00722196756541423	0.0236033428378779
ENSMUSG00000039988	2967.17205024276	0.106019300092101	0.0394723557400811	2.68591266227486	0.00723319932302698	0.0236364525297758
ENSMUSG00000036281	633.262861416915	0.142777997328228	0.0531948610656183	2.68405621272522	0.00727348757541503	0.0237644877159603
ENSMUSG00000045534	118.258032904277	0.402827896488082	0.150087444146216	2.68395466909041	0.00727569704979993	0.0237680890079144
ENSMUSG00000055707	2719.13364218396	0.0738742387324995	0.0275263953641846	2.68375999672734	0.00727993458390694	0.0237783134172469
ENSMUSG00000084880	75.8458610526137	-0.360624346139215	0.134403076581287	-2.68315544042707	0.00729310839537342	0.0238177186695703
ENSMUSG00000120675	36.6529245284893	-0.518033148360833	0.193080033032932	-2.68299699468394	0.0072965646028375	0.02382538116284
ENSMUSG00000096141	94.437491745949	-0.349334617144113	0.130213217248461	-2.68278923235224	0.00730109878949477	0.023836560701946
ENSMUSG00000025781	12076.9041218196	-0.0993916131862259	0.0370572469085442	-2.68211001835944	0.00731593954292712	0.0238813805091961
ENSMUSG00000017969	484.785149917466	-1.20721190530724	0.450120294220184	-2.6819761757214	0.0073188671805674	0.0238873046826912
ENSMUSG00000049287	580.859235234228	0.186013469066586	0.069361594693079	2.68179343179297	0.00732286616917223	0.0238967231966329
ENSMUSG00000021143	12918.7159836808	0.130968978483372	0.048849750158961	2.6810572839613	0.00733899516715725	0.0239457167135123
ENSMUSG00000023828	142.792455131931	-0.393814649266908	0.146897181073476	-2.68088636139265	0.00734274463655836	0.0239543094784744
ENSMUSG00000031302	777.687595139715	-0.228714032144835	0.0853280680642122	-2.68040795172721	0.00735324848305896	0.0239849311559556
ENSMUSG00000040183	1797.24412425969	0.149768746096301	0.0558843640947838	2.67997584874157	0.00736274721525774	0.0240122655306476
ENSMUSG00000048445	79.1088073407125	0.346316722580971	0.129240996090328	2.67961972638253	0.00737058397120003	0.024032784498618
ENSMUSG00000066233	422.176642814956	-0.175340337645018	0.0654355536073825	-2.67958820516858	0.00737127798094199	0.024032784498618
ENSMUSG00000019883	2752.24263079875	-0.0865808156755632	0.0323207922980463	-2.67879620267838	0.00738873493202231	0.0240860416174322
ENSMUSG00000066842	139.068216948488	-0.351046319569008	0.131079949231351	-2.67810844929017	0.00740392414744037	0.024131891246425
ENSMUSG00000022454	774.381260292536	-0.24095921687621	0.0899889970098411	-2.67765198949666	0.00741402063994557	0.0241611305688586
ENSMUSG00000041571	23017.6397121809	-0.115796008908607	0.0432483296835018	-2.67746777172716	0.00741809887286506	0.0241694311097736
ENSMUSG00000020388	935.308561851703	0.285777444300904	0.106735521225535	2.67743522512105	0.00741881960226863	0.0241694311097736
ENSMUSG00000044700	1426.42797785809	-0.141066792902182	0.0526955078561621	-2.67701742788471	0.00742807710681449	0.0241959185394355
ENSMUSG00000078495	239.404709348997	-0.217680212544139	0.0813185576854028	-2.6768823592061	0.00743107215902902	0.0242020019671851
ENSMUSG00000084799	170.174177436451	-0.275624588984517	0.102986465444472	-2.67631856084166	0.00744358568823423	0.0242360173537774
ENSMUSG00000031386	6773.4621909678	0.16316827337386	0.0609676269049127	2.67631006252454	0.00744377445324953	0.0242360173537774
ENSMUSG00000044224	1239.81423096783	-0.100891446124847	0.0377021766684142	-2.67601117601709	0.00745041606566608	0.0242539628852879
ENSMUSG00000040987	505.304315913395	-0.245818704729052	0.0918693224645717	-2.67574308958085	0.00745637778490678	0.02426968999709
ENSMUSG00000000915	3912.09018520998	0.12126454935005	0.0453236539620829	2.67552456056385	0.00746124060863544	0.0242818360983882
ENSMUSG00000095041	1618.63869431478	-0.258162710820882	0.096514994486312	-2.67484562574881	0.00747636677696422	0.0243273744481301
ENSMUSG00000047419	403.630872642253	-2.4699433348838	0.923439009267499	-2.67472275926814	0.00747910708861664	0.0243326027226803
ENSMUSG00000037653	3384.08714134592	-0.13609342488859	0.0508855375118111	-2.67450107718724	0.00748405357988663	0.0243418716383302
ENSMUSG00000055313	51.6727168195468	-0.457301421938964	0.170986181874525	-2.67449344108138	0.00748422401998414	0.0243418716383302
ENSMUSG00000040557	1473.89564102386	-0.148904757491708	0.0556806246068505	-2.67426521421219	0.0074893197168978	0.0243547548921267
ENSMUSG00000040280	57.961432492487	-0.686611380266118	0.256778386487935	-2.67394538012793	0.00749646599358504	0.0243743015780516
ENSMUSG00000039098	29.5650242135413	-0.666297170430309	0.249235728355309	-2.6733613789129	0.0075095305193631	0.0244130822548309
ENSMUSG00000038663	74.7649652905093	-1.18483520082062	0.443257564035945	-2.67301744392688	0.00751723414059638	0.0244344258119385
ENSMUSG00000032288	1261.29806192	-0.145327742108731	0.0543704232343869	-2.67291908842117	0.00751943845712816	0.0244347473211971
ENSMUSG00000038916	9873.81163023277	0.15017207363267	0.0561829586929428	2.67291145084414	0.00751960965265201	0.0244347473211971
ENSMUSG00000026644	40.3889031072211	-0.570227071297303	0.213359447732519	-2.67261223891138	0.00752631920918312	0.0244484096212429
ENSMUSG00000020640	8002.09314807227	0.121943845581349	0.0456274532433323	2.67259811611705	0.00752663603267804	0.0244484096212429
ENSMUSG00000038417	5045.39944360039	-0.133663755924178	0.0500131618417946	-2.6725715991921	0.00752723093202246	0.0244484096212429
ENSMUSG00000026155	5660.86472718257	0.0946260937248443	0.0354158396122826	2.67185798108332	0.00754325658569757	0.0244967542917676
ENSMUSG00000143691	147.910802463898	-0.280528178556669	0.105019837580047	-2.67119227205857	0.00755823392259424	0.0245416804390271
ENSMUSG00000057719	46.7753199223358	-1.25147456972457	0.468520455015127	-2.67112045232725	0.00755985133847592	0.0245432197265161
ENSMUSG00000031109	1057.67280062941	-0.130188254658889	0.048744533085687	-2.67082781221914	0.00756644494727227	0.0245609114226745
ENSMUSG00000135107	24.8835006957339	0.623086094303922	0.233379349957477	2.66984244500403	0.00758868463492166	0.0246293777401313
ENSMUSG00000043190	968.066383019692	-0.147795700924252	0.0553591244382117	-2.66976225552866	0.00759049708330777	0.0246315359622501
ENSMUSG00000027411	2645.54060839483	0.0893721437570597	0.0334765249044496	2.66969597388469	0.00759199547881109	0.0246326745689478
ENSMUSG00000020818	2789.95777219876	0.113156774987007	0.0423889586405916	2.66948702246835	0.00759672087327636	0.024644281436565
ENSMUSG00000103088	328.558698659732	0.292664434255774	0.109638020279161	2.66936992760897	0.00759937010274036	0.0246491505931436
ENSMUSG00000043964	1052.20083771669	-0.145439862441743	0.0544867485059417	-2.66927035343067	0.00760162358461643	0.0246496578963091
ENSMUSG00000012443	181.367646294148	-0.409279931253159	0.153330771639515	-2.66926153750395	0.00760182312836888	0.0246496578963091
ENSMUSG00000010080	4360.97378122678	0.200889476734298	0.0752711710279494	2.6688767291757	0.0076105376346652	0.0246741883198495
ENSMUSG00000032388	1888.57664914817	-0.093054871513821	0.0348681988147377	-2.66876049457679	0.00761317168526268	0.0246790008148367
ENSMUSG00000051285	4490.25181297998	-0.0818467736335883	0.0306715154141512	-2.66849461229509	0.00761920005018453	0.0246948132684978
ENSMUSG00000014313	8242.05439049797	-0.143448172950748	0.0537652748957005	-2.6680450017046	0.00762940383458446	0.0247230507101644
ENSMUSG00000030792	71.9699573900246	0.420513901891654	0.157613359806986	2.66800925001927	0.00763021573440972	0.0247230507101644
ENSMUSG00000107108	188.105385985056	-0.255238275808515	0.0956736984140841	-2.66779982418806	0.00763497322811966	0.0247347321634193
ENSMUSG00000023089	3960.27924723721	-0.126778595118131	0.0475236384765661	-2.66769547076336	0.00763734480088021	0.0247386816803523
ENSMUSG00000036822	950.301554176074	0.112841547129714	0.0423001950230338	2.66763656924673	0.00763868370906013	0.0247392855308818
ENSMUSG00000025135	5048.76064393336	-0.123366375861692	0.04624661766066	-2.66757618399053	0.00764005656298578	0.0247399991221983
ENSMUSG00000061723	1704.26986547446	-3.76009036318166	1.41002447209931	-2.6666844707904	0.00766035535372194	0.0248019891437399
ENSMUSG00000120893	7.71710341278885	-1.25737682364776	0.471591737922244	-2.66624014489219	0.0076704879377884	0.0248310502296133
ENSMUSG00000046675	378.579433963373	0.184708862420942	0.069285535223184	2.66590799689941	0.00767807021691412	0.0248518479005245
ENSMUSG00000020904	68.45478457565	-0.4167683380001	0.156406276920223	-2.66465225185737	0.00770679712685594	0.0249410684645092
ENSMUSG00000043424	35.8671946110889	0.568669076006597	0.213443670355351	2.66425832661072	0.00771582854004577	0.0249665323244833
ENSMUSG00000063882	9373.51829633147	-0.137230845095667	0.0515200764798063	-2.66363822556544	0.00773006463983434	0.0250088270623488
ENSMUSG00000042660	764.123095806248	-0.13959650363624	0.0524097861034132	-2.6635579729479	0.00773190877534666	0.0250110237751042
ENSMUSG00000037243	107.421084322916	-0.341660311956619	0.12828408441032	-2.66331021129487	0.00773760461081913	0.0250256773505866
ENSMUSG00000047804	2109.73998942342	0.128329500897278	0.0481903278550635	2.66297214833732	0.00774538246390877	0.0250470593507481
ENSMUSG00000045284	963.074640023125	-0.179682800795476	0.067478003431954	-2.66283517082231	0.00774853591516622	0.0250534827466423
ENSMUSG00000051495	1337.10349576673	-0.150614671482502	0.0565676307617196	-2.66255930210226	0.00775489036596588	0.0250653733193909
ENSMUSG00000025037	4907.23827877002	0.0729376891718826	0.027394082239533	2.66253450413552	0.00775546179916202	0.0250653733193909
ENSMUSG00000040423	5277.96149825352	0.153229910090828	0.0575506329918145	2.66252345326284	0.00775571646265698	0.0250653733193909
ENSMUSG00000021706	1097.99891130025	0.127814424036207	0.0480065542014036	2.6624369560036	0.00775771002060814	0.0250680420446145
ENSMUSG00000024561	1788.29735280203	0.099742785559301	0.0374675401006126	2.66211193186046	0.00776520516602267	0.0250884849629504
ENSMUSG00000049100	3288.5889499273	-0.175497922864192	0.0659329669335877	-2.66176286349993	0.00777326200346102	0.0251107362176515
ENSMUSG00000027490	1739.88947818044	-0.130586177322108	0.04906098020168	-2.66171154317125	0.00777444715793327	0.0251107858399331
ENSMUSG00000039990	709.272911474813	0.213399925960489	0.0801802732534247	2.66150160508931	0.00777929700183954	0.0251226702935892
ENSMUSG00000038822	2159.6014245349	0.0973088519756081	0.0365626744980219	2.66142598460276	0.00778104459781588	0.0251245341962569
ENSMUSG00000040929	342.470448133078	0.244503431603869	0.0919162757107912	2.66006678048166	0.00781251596208614	0.0252223593987278
ENSMUSG00000120969	24.3070279101832	-0.597141546705342	0.224510308527734	-2.65975112956373	0.00781984092257552	0.0252422113148881
ENSMUSG00000024491	1576.72880693367	0.146768976149313	0.0551992927739492	2.65889232947888	0.0078398012957776	0.0253028378612482
ENSMUSG00000033470	814.929140417065	0.273780350434071	0.103016606182877	2.65763317758743	0.0078691492337104	0.0253907226075086
ENSMUSG00000097039	967.400750768651	-0.152705121456272	0.0574592959979427	-2.65762256226981	0.00786939707014604	0.0253907226075086
ENSMUSG00000105664	4.83015364345191	1.82837730234597	0.688018795177966	2.65745255094817	0.00787336728715335	0.0253997147859985
ENSMUSG00000024011	1362.22956794963	-1.02036865100913	0.384022914558632	-2.65705147356081	0.00788274062213656	0.0254261322606737
ENSMUSG00000041995	331.490897992063	-0.244992578195557	0.092218787640897	-2.6566449685889	0.00789225100004794	0.0254529837690849
ENSMUSG00000038145	4839.91231007246	-0.111909956413506	0.0421415417194992	-2.65557338073667	0.00791737058363968	0.0255301602746597
ENSMUSG00000030733	2973.45627620465	0.0897630993418469	0.0338105588916064	2.6548836305729	0.0079335771908114	0.025578577347245
ENSMUSG00000054280	2358.86488856837	0.184771910389467	0.069606713221767	2.65451278816719	0.00794230290727154	0.0256028644252126
ENSMUSG00000092183	22.1581672116398	0.823437700974274	0.310220784768856	2.65436018926912	0.00794589597017328	0.0256106010353963
ENSMUSG00000017747	743.267931645426	0.141495856164053	0.0533205842846571	2.65368165151124	0.00796189031749041	0.0256583001884476
ENSMUSG00000020183	112.901898060753	-1.05567445013063	0.397828769260075	-2.65359001586055	0.00796405254182458	0.0256614157704603
ENSMUSG00000020228	398.549593371285	0.209734591348136	0.0790590216771025	2.65288624750185	0.0079806761147931	0.0257111201380982
ENSMUSG00000021684	1764.25809349996	0.162251243680167	0.0611628671311313	2.65277367282841	0.00798333809961203	0.0257132516155939
ENSMUSG00000129951	14.4690567549526	0.917064081395888	0.345702262329279	2.65275695685899	0.00798373343976212	0.0257132516155939
ENSMUSG00000016503	1144.84343386059	-0.163585560129229	0.0616731189682084	-2.65246128079813	0.00799072920896518	0.0257319221721642
ENSMUSG00000141341	33.2577405331463	-0.576488794524693	0.217414339435517	-2.65156749100109	0.00801190988626291	0.0257962588298364
ENSMUSG00000143537	14.2895333299171	-0.830438716096259	0.313228821701479	-2.65122063667469	0.008020143033236	0.0258151096875128
ENSMUSG00000029676	1171.8334854108	-0.123227100100101	0.0464797801240561	-2.65119799988734	0.00802068061713749	0.0258151096875128
ENSMUSG00000031987	3459.60911836691	-0.101308869874791	0.0382129071706112	-2.65116886874039	0.008021372478138	0.0258151096875128
ENSMUSG00000024571	8411.31934087035	0.0642696334771388	0.0242438955039229	2.6509614953067	0.00802629911488544	0.0258258490294555
ENSMUSG00000001802	4968.11522454969	-0.101831957733209	0.0384137143361859	-2.65092713612657	0.00802711565846114	0.0258258490294555
ENSMUSG00000097736	186.289432982227	0.241380613284424	0.0910625447009685	2.65071236562815	0.00803222135044111	0.0258376191447863
ENSMUSG00000082691	14.2390600160132	0.85160839838813	0.321280188165788	2.65067199832652	0.0080331813180054	0.0258376191447863
ENSMUSG00000031273	9.2724114761896	-1.58093026173059	0.5965047961105	-2.65032280048546	0.00804148981800611	0.025860467480647
ENSMUSG00000036639	379.387201002739	-0.175940507743058	0.0664100476428272	-2.64930554920421	0.00806573725141046	0.025934558993226
ENSMUSG00000049804	2288.07318800193	0.198558221966379	0.07496454721613	2.648695007707	0.00808032167040806	0.0259775625246337
ENSMUSG00000024346	3612.18910881871	-0.140323081305325	0.052988626453805	-2.6481735930192	0.00809279574259215	0.0260137696032469
ENSMUSG00000032320	2715.74902562421	-0.10201767889991	0.0385252429642566	-2.64807360188648	0.00809518985094302	0.0260145720684986
ENSMUSG00000036376	649.846076019991	0.122554514362334	0.046280833781243	2.64806193729387	0.00809546917998558	0.0260145720684986
ENSMUSG00000026639	45.0500822203976	0.804178663319099	0.303849477317791	2.64663500631276	0.00812970469107801	0.0261206766799402
ENSMUSG00000036832	4262.09370155452	-0.28383368241701	0.107249586614621	-2.64647810193346	0.00813347710248373	0.0261288864833756
ENSMUSG00000046561	71.1399533816726	-0.508449035158406	0.192144173533182	-2.64618502767454	0.00814052760796502	0.0261476231681247
ENSMUSG00000121202	65.5506482025725	-0.387505700024034	0.146444395413572	-2.64609443693412	0.00814270806153087	0.0261507138313617
ENSMUSG00000044894	6115.21128673421	-0.162108993779316	0.0612664897711484	-2.64596510074022	0.00814582199606854	0.0261568010422748
ENSMUSG00000022849	508.023990456223	0.216883020726004	0.0819692347139063	2.64590759548971	0.00814720685090915	0.0261573350675465
ENSMUSG00000116009	17.0054262154779	-0.722308036644095	0.273032164218443	-2.64550529682723	0.00815690099636905	0.0261845426630863
ENSMUSG00000090659	75.6002199899014	-0.45555244555452	0.172206271944246	-2.64538823360633	0.00815972379409761	0.0261859176344113
ENSMUSG00000006715	251.669894106526	-0.2264596604001	0.0856055146332263	-2.64538635589492	0.00815976907931507	0.0261859176344113
ENSMUSG00000074782	112.572838084471	-0.364459635011611	0.137785457781422	-2.64512410003222	0.00816609617717088	0.0262023050133259
ENSMUSG00000032648	839.193464183212	-2.59609581729232	0.981521007818959	-2.64497223860864	0.00816976194260108	0.0262101494335488
ENSMUSG00000020462	4722.81157905431	0.087041264404585	0.0329101061667969	2.64481870594514	0.00817346954702231	0.0262181257167335
ENSMUSG00000078862	699.661909336986	-0.171366794397616	0.0647999303818068	-2.64455213744689	0.00817991038991119	0.0262348657447831
ENSMUSG00000012422	4418.95239345788	-0.0894050860789918	0.0338087461201378	-2.64443661297864	0.00818270310913747	0.0262399021423282
ENSMUSG00000134692	53.2699489899016	-0.492241598686118	0.186161213752483	-2.64416839987192	0.00818919025481889	0.0262567823763917
ENSMUSG00000040359	1692.37446210075	0.103994044200783	0.0393435432614268	2.64323026296264	0.00821191675577564	0.0263257176044624
ENSMUSG00000109936	8.62000753809635	-1.1870554455986	0.449137935847102	-2.64296411159243	0.00821837458031331	0.0263424859998515
ENSMUSG00000087168	36.8810085629069	-0.588928701934922	0.222844494513394	-2.64277878267047	0.00822287403458225	0.0263529731302393
ENSMUSG00000067713	2938.66781574294	-0.0800145230794909	0.0302776699973689	-2.64269090344283	0.00822500835519637	0.0263558783926922
ENSMUSG00000023050	5318.17578904797	-0.0985508875771352	0.0372950679453342	-2.64246435270175	0.0082305128739267	0.0263679718537373
ENSMUSG00000020424	177.765031760224	-0.334718518091443	0.126670508455666	-2.64243447170336	0.00823123914058949	0.0263679718537373
ENSMUSG00000024163	30838.137259935	0.140460775288133	0.05315687400097	2.64238215523301	0.00823251084625428	0.0263681106872119
ENSMUSG00000045639	613.98863790593	0.135531190923697	0.0512954598957026	2.64216738088065	0.00823773341113145	0.0263809018951735
ENSMUSG00000041460	15.197626725354	-1.22037227681031	0.462066435319683	-2.64111864339592	0.00826327766371997	0.0264587587006881
ENSMUSG00000047409	1099.95489225846	-0.23934084516234	0.0906335760495449	-2.640752528969	0.00827221184239274	0.0264834152734978
ENSMUSG00000028179	25.6458768439202	0.664186178470151	0.251639782793441	2.63943233099732	0.00830450004904298	0.026582821063638
ENSMUSG00000027859	57.6394820243609	0.614094115752838	0.232679409300631	2.63922844569114	0.00830949652981687	0.0265948490396674
ENSMUSG00000062929	15434.2254234448	0.0783100762924706	0.0296726088204244	2.63913688096639	0.0083117413202775	0.0265980678564515
ENSMUSG00000126242	8.07294658004733	-1.15519851144171	0.437810277719786	-2.63858244136762	0.00832534549131613	0.0266376309906979
ENSMUSG00000030871	344.734374752155	-0.199817227604352	0.0757412761852616	-2.63815501491687	0.00833584676075151	0.0266672558221001
ENSMUSG00000138984	20.1090639266324	-0.818241621247792	0.310182989756533	-2.63793195716516	0.00834133168156551	0.0266808263860059
ENSMUSG00000033544	270.539203966193	-0.667334273025274	0.252983360768911	-2.63785835952608	0.00834314213288674	0.026682641392215
ENSMUSG00000106464	6.17417369840774	-1.16888795805328	0.443147835696492	-2.63769303130217	0.00834721037534731	0.02669167554256
ENSMUSG00000030671	1487.78076750363	0.106598985555383	0.0404235472180847	2.63705174066695	0.00836300745295648	0.0267382064321066
ENSMUSG00000001027	557.416922742848	-0.370451194345449	0.140497567518509	-2.63670895438561	0.00837146235891241	0.0267612525683416
ENSMUSG00000030930	3725.95008480803	0.217882937819719	0.0826478314705963	2.63628136325918	0.00838201971375317	0.0267910117890747
ENSMUSG00000022414	925.013693450644	-0.124866630133742	0.047381771461195	-2.63533055609806	0.00840553812590004	0.0268621827319593
ENSMUSG00000025272	8537.59730055833	-0.210696382492751	0.079955091428292	-2.63518406056374	0.00840916696597151	0.0268677489527006
ENSMUSG00000103585	115.667890753753	0.403721278071388	0.153205650531552	2.63515919073914	0.00840978315537107	0.0268677489527006
ENSMUSG00000081404	11.2950753249634	1.03728788767969	0.393642698795392	2.63510003069776	0.00841124910164239	0.0268684335142642
ENSMUSG00000078619	1834.01890082206	-0.0960407217233186	0.0364495868535938	-2.63489191548544	0.0084164078738179	0.0268809122778418
ENSMUSG00000021607	1335.02435840512	-0.113558587361399	0.0430988388991062	-2.63484099020018	0.00841767064366492	0.0268809458549407
ENSMUSG00000085587	45.5183176852536	-0.590933498979174	0.224322232236878	-2.63430643091659	0.00843093608209023	0.0269193029805368
ENSMUSG00000041120	14803.9834410974	-0.203007817828054	0.0770696008372637	-2.63408419951097	0.00843645639964594	0.0269329228249256
ENSMUSG00000108207	14.9359348862237	-0.84296187557005	0.320041636899907	-2.63391314872473	0.00844070757141356	0.0269424875431916
ENSMUSG00000075254	2072.83558483169	0.195213840741262	0.0741205685273638	2.63373372087928	0.00844516899928065	0.0269527204487895
ENSMUSG00000030996	24.7811713498168	-2.51583885951975	0.95542616260153	-2.63321118679582	0.00845817369297262	0.0269902120549057
ENSMUSG00000034424	4885.15426412556	0.0969232950130363	0.0368147161421799	2.63273237361697	0.00847010599291998	0.0270203247741027
ENSMUSG00000122683	31.9126311180412	-0.56957884807896	0.216345209946765	-2.63273149527606	0.00847012789550625	0.0270203247741027
ENSMUSG00000006127	3904.73610159625	-0.0914003080322477	0.0347209464209837	-2.63242559474156	0.00847775900900163	0.0270385970511047
ENSMUSG00000072980	56.9964400460883	-0.396831243937547	0.150748786673488	-2.63240091475533	0.00847837495346062	0.0270385970511047
ENSMUSG00000054293	12.4614075234809	-0.983459780658806	0.373619205259041	-2.63225167982718	0.00848210029877147	0.02704645944941
ENSMUSG00000073295	1078.73226515325	-0.137208082092925	0.0521269060176771	-2.63219309518189	0.00848356314489239	0.0270471062629229
ENSMUSG00000042377	11.7597612505566	0.989903156768121	0.37609553629613	2.6320523942318	0.00848707733924869	0.0270542919756924
ENSMUSG00000068923	86658.7395043547	0.129545266317675	0.0492196027068258	2.6319852090092	0.00848875583915886	0.0270556247725886
ENSMUSG00000025144	199.668030964237	-0.26901798331475	0.102213815597015	-2.63191410812186	0.00849053248808266	0.0270572699508881
ENSMUSG00000133472	11.2721743350897	-0.945667768477059	0.35933036003184	-2.631750260104	0.00849462794220991	0.0270624828903345
ENSMUSG00000028580	3127.52142446653	0.123178063511495	0.0468047746957723	2.63174140484905	0.0084948493335545	0.0270624828903345
ENSMUSG00000046329	2932.50200789571	-0.11506767041143	0.04372374723556	-2.6316973655416	0.00849595044246548	0.0270624828903345
ENSMUSG00000029918	1319.27441530886	-0.159195590986952	0.0604962550111908	-2.63149497365587	0.00850101246090008	0.0270745895379349
ENSMUSG00000022972	937.923300712666	-0.126399918738946	0.0480386047286691	-2.63121544542928	0.0085080081689432	0.0270895837545284
ENSMUSG00000120175	74.9715612601917	-0.336249580859391	0.127792951006644	-2.63120601105698	0.00850824437123965	0.0270895837545284
ENSMUSG00000049960	1183.36296480586	-0.15917740759923	0.0604989908273906	-2.63107541832191	0.00851151453972874	0.0270959767328811
ENSMUSG00000030672	831.823860161151	-3.43114692144304	1.30441357290514	-2.63041338476825	0.00852810979690548	0.0271447812722973
ENSMUSG00000042842	174.236748053103	-0.657679250015551	0.250036504657939	-2.63033292244781	0.00853012872392341	0.0271471820886197
ENSMUSG00000015291	38560.146655954	0.104152772780902	0.0396003436474474	2.63009770087224	0.00853603325663919	0.027159485437291
ENSMUSG00000039543	61.2753471114084	-0.389090654906852	0.147941463518256	-2.63003113294766	0.00853770490817025	0.027159485437291
ENSMUSG00000110026	25.2512977030789	-0.743885470523241	0.282843204216107	-2.63002773068174	0.00853779035362153	0.027159485437291
ENSMUSG00000045231	121.199482227751	-0.272584025952011	0.103645728824313	-2.62995908315778	0.00853951454996185	0.0271609452258825
ENSMUSG00000074486	34.5699363847875	-2.86659829831299	1.09018027684029	-2.62947180316026	0.00855176234533599	0.0271958711859233
ENSMUSG00000045591	23.3859862221207	0.790325635497301	0.300619888089335	2.62898652687423	0.00856397538364515	0.0272306762828213
ENSMUSG00000031097	847.110476973067	-3.80502575562002	1.44739490576351	-2.62887878109039	0.00856668915632552	0.0272343673823628
ENSMUSG00000027387	210.992805825604	-0.250014448966178	0.0951044861875638	-2.62883970029661	0.00856767366687301	0.0272343673823628
ENSMUSG00000024530	341.802977067758	-0.218642602009389	0.0831914428759167	-2.62818619861544	0.0085841514615174	0.0272827058443785
ENSMUSG00000001755	2039.40109761277	-0.100290323737543	0.0381642000713239	-2.62786390256088	0.00859228846009484	0.027300781725553
ENSMUSG00000060860	2504.31250301065	0.132135030547395	0.0502823671726938	2.62786018195166	0.00859238243444685	0.027300781725553
ENSMUSG00000036412	119.125387565091	-1.07339398431635	0.408514867404449	-2.62755182237624	0.00860017410907671	0.0273214943651681
ENSMUSG00000054426	381.372616706437	-0.223403204916759	0.0850274304253839	-2.62742510033638	0.00860337797079555	0.0273276282215296
ENSMUSG00000045752	1152.6469479282	0.112838307637233	0.0429630499900397	2.62640356453727	0.00862924403657865	0.0274057334648909
ENSMUSG00000021595	5751.65843874411	0.0903306389877148	0.0343960507919312	2.62619216183112	0.00863460558758285	0.0274187046661322
ENSMUSG00000030218	3611.99053814742	-1.1067034958632	0.421479562774848	-2.62575838452788	0.00864561628069962	0.0274496079102941
ENSMUSG00000097745	41.0013776220206	-0.480991345239674	0.183216762552798	-2.62525840178551	0.00865832305333918	0.0274858862264092
ENSMUSG00000085334	37.5084183208189	0.539902102601733	0.205672626119798	2.62505571493631	0.00866347897576813	0.0274964711977572
ENSMUSG00000101655	53.7854938985095	-0.761807683434948	0.290209507706404	-2.62502662113209	0.00866421928545744	0.0274964711977572
ENSMUSG00000045319	215.154819207346	-0.367103234315311	0.139853674973435	-2.62490945901166	0.00866720111980911	0.0275018683278378
ENSMUSG00000074802	1992.0019702737	0.375563395520776	0.143135895461036	2.62382398427102	0.00869487063605909	0.027585588689572
ENSMUSG00000042705	1169.19844540527	-0.11452867465659	0.0436504925376902	-2.62376591873962	0.00869635298936848	0.0275862144628024
ENSMUSG00000041920	1389.77715281933	0.166657467338193	0.0635207634715534	2.62366914737773	0.00869882396460492	0.0275864968454961
ENSMUSG00000143907	658.444155920561	0.552319572070773	0.210514776526002	2.62366177417742	0.00869901225878891	0.0275864968454961
ENSMUSG00000040152	4676.37408368252	-1.31258755280672	0.500351160500962	-2.62333268397445	0.00870742015849204	0.0276090814065273
ENSMUSG00000054409	2614.50655903503	-0.170347144591588	0.064939789698939	-2.62315516236374	0.00871195865897237	0.0276193921981245
ENSMUSG00000031860	241.891585865878	-0.24862373614251	0.0947971509574355	-2.62269207071575	0.00872380796768166	0.0276528738680234
ENSMUSG00000022323	1352.14157983052	-0.121337827073498	0.0462943354710699	-2.62100807450458	0.0087670185482022	0.0277857404629719
ENSMUSG00000138879	8.88039787181998	-1.03055070936784	0.393220819656038	-2.62079385895512	0.00877252891102159	0.0277991003253601
ENSMUSG00000041417	12171.5732422824	-0.111084775483343	0.0423871044921667	-2.62072101442721	0.00877440342852166	0.0278009363832688
ENSMUSG00000022935	18702.3598039924	-0.180976964782193	0.0690677037056882	-2.62028350549156	0.00878566943343792	0.0278325236213368
ENSMUSG00000038665	7095.1558321769	-0.272714093193884	0.104081861981929	-2.62018845551814	0.00878811871108232	0.0278361747457714
ENSMUSG00000029910	644.041172486812	-0.1365293352368	0.0521085900071936	-2.62009267988161	0.00879058730491255	0.0278398859674318
ENSMUSG00000015165	5597.22758428537	-0.0974512117126495	0.0372031853440523	-2.61943193335269	0.00880763477452092	0.0278897607419776
ENSMUSG00000026925	1775.98156388913	-0.138451711714882	0.0528567587430917	-2.61937574318208	0.00880908586054119	0.0278902414575778
ENSMUSG00000000594	2570.65269779084	-0.200030973925679	0.0763701554746577	-2.61922962815044	0.00881286021578768	0.027898076595207
ENSMUSG00000024846	678.067756699543	-0.163511739319066	0.0624327939776974	-2.61900403460202	0.00881869044953454	0.0279124165717647
ENSMUSG00000028737	838.834602217136	-0.15266791759845	0.0582942162669803	-2.61892049288819	0.00882085037357273	0.0279151369776076
ENSMUSG00000114649	8.28074337720528	-1.06578268683163	0.406971696740771	-2.61881279550137	0.00882363552632602	0.0279198349363376
ENSMUSG00000041476	237.12632582146	-0.39843614712546	0.152149611084649	-2.61871288585673	0.00882621998342432	0.027923896560676
ENSMUSG00000020282	866.530961253271	0.205402961906138	0.07844610880674	2.6183958010227	0.00883442679591105	0.027942082913858
ENSMUSG00000029153	371.211684479989	-0.263049956973653	0.100462473701712	-2.6183902036365	0.00883457172907642	0.027942082913858
ENSMUSG00000031790	8608.00580829388	-0.14901559073531	0.0569130730980915	-2.61830160670602	0.00883686605301984	0.0279452219643671
ENSMUSG00000024566	4901.20966019945	0.124223975682061	0.0474492900185512	2.61803655299149	0.0088437331159994	0.0279628185399975
ENSMUSG00000109561	17.0393060380518	-0.866874129394239	0.331250898588081	-2.61697140472431	0.00887137728088329	0.0280460949501386
ENSMUSG00000062822	885.460546442182	-0.123755475460969	0.0472934569562656	-2.61675680793245	0.00887695611973556	0.0280595994796412
ENSMUSG00000026563	836.189346760313	0.154999634820013	0.0592447707974468	2.61625849393434	0.00888992279935372	0.0280964491771094
ENSMUSG00000017307	451.650044096384	-0.159060598457867	0.0608002841591892	-2.61611603724433	0.00889363278783445	0.0281013205400961
ENSMUSG00000026273	707.472240541938	-0.170984211611026	0.0653584692670545	-2.61609877845188	0.00889408235113261	0.0281013205400961
ENSMUSG00000056735	55.8740911539723	-0.459892326509147	0.175800672994288	-2.61598729217657	0.00889698687524731	0.0281063605980955
ENSMUSG00000040725	5084.23718204772	0.0974299774251475	0.0372555858465984	2.61517770318577	0.00891810432298783	0.0281689269272008
ENSMUSG00000144029	20.212066461153	-0.757191217261478	0.289560530481616	-2.61496695009527	0.00892360897900372	0.0281821671830652
ENSMUSG00000036985	5582.43220934338	0.133504578119672	0.0510591290920377	2.61470535227932	0.00893044586856673	0.0281955761956324
ENSMUSG00000030693	23.7587377497922	-0.997793782589566	0.381608698795766	-2.61470397749916	0.00893048181096174	0.0281955761956324
ENSMUSG00000059482	1256.24058770886	-0.118465715468704	0.0453138525597591	-2.61433775273187	0.00894006103189124	0.0282216691339084
ENSMUSG00000033594	202.660237059662	0.278812029367005	0.106662729945588	2.61395924808258	0.00894997109629664	0.0282487986403623
ENSMUSG00000038180	119.99789438371	0.293114757027279	0.112140285011028	2.61382211574061	0.00895356393588947	0.0282559840411355
ENSMUSG00000050592	73.4403330735261	-0.465032547532308	0.177962700329621	-2.61308997149953	0.00897276777238994	0.0283124258418525
ENSMUSG00000029916	1403.75376037436	-0.143856145600387	0.0550549490484854	-2.61295574851404	0.0089762923722186	0.0283193844888366
ENSMUSG00000061374	914.334742500767	0.104424555479136	0.0399662082334413	2.61282118306534	0.00897982720598283	0.0283263733730533
ENSMUSG00000126352	58.3429019327249	-0.379279221000767	0.145167818054873	-2.61269492152455	0.00898314503881197	0.0283326757865322
ENSMUSG00000103897	185.264274823643	0.391481349179024	0.149841719503046	2.61263251968399	0.00898478520498365	0.0283336857955309
ENSMUSG00000032101	2696.00616415045	-0.117967709937462	0.045155083884017	-2.61250118016539	0.00898823819868512	0.02833738917238
ENSMUSG00000037058	11508.3889215018	0.133309729370617	0.0510278931352493	2.6124874295178	0.00898859977987213	0.02833738917238
ENSMUSG00000046314	1753.21009930059	-0.284448291833845	0.108883700638653	-2.61240470488626	0.00899077534578766	0.0283400856934916
ENSMUSG00000033044	18.7534094396563	-3.43648672774506	1.31570171913439	-2.61190411000295	0.00900395047025776	0.0283774483621426
ENSMUSG00000033080	21.0465965461256	-1.2872850611925	0.492870123756202	-2.61181394275229	0.00900632540782316	0.0283807664715696
ENSMUSG00000135464	16.2736408212395	-1.0113564708501	0.387275596631352	-2.61146449620683	0.0090155348527032	0.0284056173709272
ENSMUSG00000024854	549.918018557581	-0.192599270498653	0.0737654757071187	-2.61096764648216	0.00902864349378226	0.0284427445314837
ENSMUSG00000026062	382.139939286075	-1.12066789237023	0.429273280938266	-2.61061645840332	0.00903791933242224	0.0284677881716472
ENSMUSG00000099377	7.19272476672985	-1.34217419633867	0.514156800563746	-2.61043750635418	0.00904264921785256	0.0284785076453085
ENSMUSG00000014498	13685.6565324801	0.183589601662552	0.0703434008139716	2.60990511601889	0.00905673390955035	0.0285186812531037
ENSMUSG00000110444	929.015262329409	-0.166582747741641	0.0638369460073752	-2.60950371470458	0.0090673661594886	0.0285445640359426
ENSMUSG00000087102	11.1757877663369	-0.85456531534934	0.327483100171257	-2.609494398039	0.00906761307002203	0.0285445640359426
ENSMUSG00000101671	12.9623019613994	-0.878224867962107	0.336566607752983	-2.60936423201753	0.00907106336145326	0.0285512384335712
ENSMUSG00000055555	100.179633799377	-0.328698207412688	0.125973493568181	-2.60926483899398	0.00907369874677309	0.0285553463272586
ENSMUSG00000026826	442.005052924873	0.32815831119071	0.125780412018961	2.6089778680423	0.00908131155822606	0.0285751149089535
ENSMUSG00000020866	197.195847689872	-1.09704525085192	0.420528019021443	-2.60873283403258	0.0090878163724765	0.0285913918000264
ENSMUSG00000009741	1375.40549416858	0.118619894453746	0.0454734979552158	2.60855002996619	0.00909267190362845	0.0286024758328383
ENSMUSG00000025170	143.512635876622	-0.265635677438743	0.101859773241318	-2.60785655598721	0.00911111260536709	0.0286562847160161
ENSMUSG00000136036	4.08626068510424	1.77226426929111	0.679626492279985	2.60770333326117	0.00911519156972286	0.0286649138933007
ENSMUSG00000047749	242.056748363443	-0.269911445829631	0.103516544310168	-2.60742326386873	0.00912265155089887	0.028684171406415
ENSMUSG00000026955	14.4699325827463	-1.04460488867682	0.400651150422267	-2.60726791268627	0.00912679186391301	0.0286929868410599
ENSMUSG00000031659	685.287924697245	-0.202668769534969	0.0777361915380153	-2.60713530628598	0.00913032732554437	0.0286998984287795
ENSMUSG00000036644	19041.3202886907	0.0816071873522876	0.0313062420742233	2.60673852705818	0.00914091328630134	0.0287289669990841
ENSMUSG00000025792	1677.14536585122	-0.146676565432437	0.0562748557859723	-2.60643165377955	0.00914910809314973	0.0287501840350491
ENSMUSG00000005716	4907.4090561253	-0.549903684485429	0.210988816947898	-2.60631673488754	0.00915217859808701	0.0287501840350491
ENSMUSG00000025245	2312.77399590489	-0.0891296851325722	0.0341977209961917	-2.60630482196453	0.0091524969507487	0.0287501840350491
ENSMUSG00000037363	506.519453982426	-0.142872285345096	0.0548192750571762	-2.60624178623452	0.00915418163825303	0.0287501840350491
ENSMUSG00000135031	10.3141859318964	-1.06264655520205	0.407732426485544	-2.60623508500795	0.00915436075093452	0.0287501840350491
ENSMUSG00000026999	557.627784688443	0.160674960096447	0.0616676994591917	2.60549625663875	0.00917412760461764	0.0288080490287774
ENSMUSG00000002379	4813.40750119161	-0.10258099290268	0.0393774186040599	-2.60507154961407	0.00918550759018447	0.0288395650037882
ENSMUSG00000044912	464.84695534478	-0.280643547712674	0.107733210476288	-2.60498639622779	0.00918779078306388	0.0288425149092204
ENSMUSG00000097589	100.847603451782	-0.423458034082014	0.162632759663651	-2.60376836104724	0.00922050509222993	0.0289409800131317
ENSMUSG00000053985	256.774543386565	-0.196711537558131	0.0755680438427258	-2.60310479873652	0.009238370932095	0.0289928173140864
ENSMUSG00000022462	18189.0596665288	0.193686258611165	0.0744154933289728	2.60276791762872	0.0092474529817907	0.0290170772850635
ENSMUSG00000037541	439.01388970399	0.323572701778246	0.12433544886967	2.60241712817895	0.00925691845654279	0.0290425331172388
ENSMUSG00000048399	29.612099881719	-0.58615529670069	0.225274293759005	-2.60196264260737	0.00926919485708897	0.0290767991819775
ENSMUSG00000123041	39.7150227779629	0.49393355931274	0.189839999981831	2.60184133670466	0.00927247398381801	0.0290828355547395
ENSMUSG00000026170	149.480239255033	-0.65140040763222	0.250367191059216	-2.60178022877668	0.0092741262380979	0.0290837682727552
ENSMUSG00000006567	40.7660953647248	-0.510691148391985	0.196295290495257	-2.60164748274653	0.00927771636989068	0.0290907770371127
ENSMUSG00000026281	827.415255867074	-0.156458166050722	0.0601486433305833	-2.60119193696209	0.00929004609065593	0.0291251832016971
ENSMUSG00000120971	29.4640319423143	-0.565373761058876	0.21736476767248	-2.60103680606954	0.00929424817172369	0.0291341021107215
ENSMUSG00000064030	734.913460935868	0.147035740817266	0.0565374369280077	2.60067928096025	0.00930393902996967	0.0291602212319067
ENSMUSG00000039007	1248.0060021814	-0.344181998252189	0.132351891649419	-2.60050683041144	0.00930861659207088	0.0291706224475027
ENSMUSG00000037703	2650.48654419771	0.116395070925395	0.0447680790439241	2.59995678642351	0.00932355005074847	0.0292131550707001
ENSMUSG00000039005	372.983564795266	-0.23317142803127	0.0896871408967037	-2.59983120991473	0.00932696239478134	0.0292195818398097
ENSMUSG00000020523	3872.34237585868	-0.0904566969736675	0.0347985865364322	-2.59943595349668	0.00933771014036229	0.0292489837841846
ENSMUSG00000085830	24.7802201006653	-0.737046521722647	0.28354748508757	-2.59937597928269	0.0093393419141919	0.029249826893791
ENSMUSG00000135302	19.4269577683001	0.867285406976106	0.333697805767579	2.59901441359843	0.00934918475695884	0.0292763822017328
ENSMUSG00000024524	33534.0835083428	0.124601494398002	0.0479507842471743	2.59852881145202	0.00936241878529425	0.0293135474978306
ENSMUSG00000012640	1156.80046538945	-0.110099254605542	0.0423735222541077	-2.59830310884456	0.00936857550515211	0.0293285462729467
ENSMUSG00000029136	211.84021683953	-0.245954563452691	0.0946775559343513	-2.59781276592347	0.00938196353706797	0.0293661751657482
ENSMUSG00000120913	54.3515105150298	-1.24703502967708	0.480150813643558	-2.5971736259575	0.00939943985604404	0.0294165878334803
ENSMUSG00000052584	2096.92482751145	-0.125456366038473	0.0483067686476706	-2.59707634252044	0.00940210246993748	0.0294206314314399
ENSMUSG00000099764	110.729390740466	-0.385084810189362	0.148340656556641	-2.59594920993439	0.00943300078967424	0.0295130148595172
ENSMUSG00000021428	644.633058659317	0.153265863380586	0.059042882411531	2.59583978831381	0.00943600520512674	0.0295181124647698
ENSMUSG00000107319	37.1067207778195	0.530889415217321	0.204536157120536	2.59557734285807	0.00944321471130624	0.0295363612112633
ENSMUSG00000034403	8560.41983638348	-0.0794614460093118	0.0306177004758897	-2.59527805074338	0.00945144240935227	0.0295577888635134
ENSMUSG00000023036	238.040255498585	-0.251634560809547	0.0969663267797076	-2.59507160028059	0.00945712156724842	0.0295712413055433
ENSMUSG00000079104	808.942836879647	0.15810155873926	0.0609546769685914	2.59375599383007	0.00949338357601974	0.0296803046668861
ENSMUSG00000031556	3100.90462578211	0.0827673356045712	0.031910875472766	2.59370306763311	0.00949484496982524	0.0296805507677688
ENSMUSG00000073591	524.732912926248	0.221408884675439	0.0853836654800719	2.59310587605441	0.00951134848368455	0.0297278110877654
ENSMUSG00000052949	26981.1113560357	-0.154674516736503	0.0596709417738496	-2.59212461104959	0.00953852150280445	0.0298084004337167
ENSMUSG00000002984	3613.20491609625	-0.0977482907023632	0.0377164033072575	-2.59166522072783	0.00955126663350783	0.029843884942486
ENSMUSG00000035773	329.448324391351	-0.216118397630432	0.0834040248692322	-2.59122264146462	0.00956355972508629	0.0298779468867272
ENSMUSG00000054046	6.95429375882809	1.54761029468238	0.597449758891214	2.59036056446745	0.00958754530588581	0.0299453550983619
ENSMUSG00000042320	142.221914963312	-0.275903836618717	0.106512312305157	-2.59034688711154	0.0095879262830076	0.0299453550983619
ENSMUSG00000038344	828.331464687053	0.116942661802536	0.045148853188613	2.59015796733526	0.00959318994667137	0.0299574360481885
ENSMUSG00000034863	3675.50149164976	-0.106137367514814	0.0409938011478502	-2.58910773197181	0.0096224984982237	0.0300445894927811
ENSMUSG00000085315	57.035819307742	-0.384613219651358	0.148558811502275	-2.58896268596944	0.0096265525140243	0.0300528761294424
ENSMUSG00000017002	107.559940660997	1.01408732178341	0.391738359209463	2.58868527409433	0.00963431037913251	0.0300727216225765
ENSMUSG00000050213	779.232480601379	0.127500003345169	0.0492567525035601	2.58847765767654	0.0096401200498072	0.0300864810975809
ENSMUSG00000070565	4523.1192711954	0.168802783931699	0.0652194031610796	2.58822951069926	0.00964706797265802	0.0301037885013922
ENSMUSG00000132567	54.9305451967503	-0.509688024617605	0.196985823757055	-2.58743504936787	0.0096693423085044	0.0301625692548147
ENSMUSG00000006457	933.028547267247	-3.05422625743825	1.18041733452005	-2.58741223813024	0.00966998254437944	0.0301625692548147
ENSMUSG00000040128	3162.74980418367	0.106030198335726	0.0409793220608199	2.58740733139413	0.00967012026514648	0.0301625692548147
ENSMUSG00000029125	2121.22031913849	-0.0757845022456138	0.0292970239204316	-2.58676452773628	0.00968817740680397	0.0302145018472256
ENSMUSG00000037217	26700.2369603097	0.168651193499435	0.0652026056072986	2.58657137899036	0.00969360906086063	0.0302270499855367
ENSMUSG00000136610	20.0057057020989	-0.736717661056944	0.28485909259996	-2.58625292362195	0.00970257046653326	0.0302505995111987
ENSMUSG00000029687	145.521103848227	0.340209144699122	0.131569652754722	2.58577215623846	0.00971611335829878	0.0302884242447345
ENSMUSG00000054611	5390.03988695946	0.132846704186939	0.0513836532457078	2.58538846102843	0.00972693387936078	0.0303177526723332
ENSMUSG00000126977	139.207096401016	-0.361466401295048	0.139819981738924	-2.58522706697237	0.00973148853289007	0.0303275454191374
ENSMUSG00000020895	245.405863473401	-0.226399324846583	0.087590883945581	-2.58473615801436	0.00974535401465059	0.0303663476961082
ENSMUSG00000033207	563.375640852614	0.228703185824338	0.0884853842701265	2.58464364155505	0.0097479690674219	0.0303700876634657
ENSMUSG00000039323	1053.02958832087	-1.37163666738457	0.530740719909429	-2.58438181946666	0.00975537307084959	0.0303850167883675
ENSMUSG00000141942	27.780535439244	-0.669627681259759	0.259106328851349	-2.58437408390719	0.00975559189906964	0.0303850167883675
ENSMUSG00000031558	1760.22966352965	-0.266247763953927	0.103029057363095	-2.58420071743077	0.00976049734344134	0.0303958850971002
ENSMUSG00000025208	2288.29288628323	-0.109546347181421	0.0423934741005235	-2.5840379800359	0.00976510403566076	0.0304036297111437
ENSMUSG00000142279	83.6449287139127	-0.362296937126016	0.140207098417157	-2.58401280117842	0.00976581695976594	0.0304036297111437
ENSMUSG00000097167	83.2221537952741	-0.333046128520653	0.128903389137706	-2.58368791347187	0.00977502012012288	0.0304278686047793
ENSMUSG00000043572	263.879808240639	-0.203310665060519	0.0787162577416426	-2.5828294039055	0.00979937650422922	0.030499262873682
ENSMUSG00000031099	2179.91578401663	-0.155880044101612	0.0603646149595471	-2.58230826463605	0.00981418787435379	0.0305364319119309
ENSMUSG00000027188	297.067362588493	-1.11387608856949	0.431355282584164	-2.58227065609693	0.00981525752312993	0.0305364319119309
ENSMUSG00000010760	44.3550994263255	-0.576661362810511	0.223316616508949	-2.58225908947264	0.00981558651785722	0.0305364319119309
ENSMUSG00000038025	2067.04396036935	0.112102369914757	0.0434179427311648	2.58193647287418	0.00982476680802362	0.030560562860605
ENSMUSG00000032870	6447.84267382357	-0.103444229634037	0.0400680851966428	-2.58171133275679	0.00983117786581332	0.0305760741911835
ENSMUSG00000040321	1168.25082334611	-0.159181233957349	0.0616750309643117	-2.58096723209526	0.00985239329812198	0.0306376176354464
ENSMUSG00000020275	240.815109631749	0.259147497442405	0.100409825537184	2.58089779616674	0.00985437510057962	0.030639341817648
ENSMUSG00000024245	117.862204526787	-0.355846194337511	0.137890239342661	-2.58064817374943	0.00986150262171776	0.0306570623139455
ENSMUSG00000030264	2250.24712495666	-0.0856503785605724	0.033193722355251	-2.58031858084223	0.00987092059317441	0.0306790348043505
ENSMUSG00000025854	2234.13664321327	-0.112921705770173	0.0437630007376973	-2.58030079900125	0.009871428929174	0.0306790348043505
ENSMUSG00000090223	1052.42345577485	-0.14235060599192	0.055175502647409	-2.57996029327708	0.00988116759173003	0.0307048557504454
ENSMUSG00000121730	49.9797703315398	-0.422565512796924	0.163795012300306	-2.5798435914653	0.00988450730080126	0.0307107879170647
ENSMUSG00000027195	7327.67776488996	0.0880281167003617	0.0341236407585159	2.57968126330111	0.0098891543923651	0.0307207797664992
ENSMUSG00000020949	6065.52829033074	-0.119159478484242	0.0461932241244997	-2.57958782359691	0.00989183024431086	0.0307246459303106
ENSMUSG00000025404	4077.13230308036	-0.084137648254734	0.0326205319503925	-2.57928498476621	0.00990050713578511	0.0307471478843697
ENSMUSG00000113019	35.224868622827	-0.505884608354111	0.196161358976366	-2.57892079762284	0.00991095074969558	0.0307751292916195
ENSMUSG00000031171	1294.54318561864	0.124301584492075	0.048207883556509	2.5784493182815	0.00992448570569218	0.0308127003411033
ENSMUSG00000000409	136.366967725393	0.55214021792826	0.214187964267913	2.57783027078788	0.0099422819658823	0.0308634887461503
ENSMUSG00000129856	7.91326099962683	-1.06394873587263	0.412760381083812	-2.57764258546073	0.0099476831211975	0.0308757903238325
ENSMUSG00000004933	95.0841854359231	-0.377953488311254	0.146661514689471	-2.57704612632362	0.00996486521015116	0.0309246489231032
ENSMUSG00000062006	5974.53823147001	-0.173848931636607	0.0674823980414586	-2.57621152600121	0.00998895176299688	0.0309949173958501
ENSMUSG00000006241	284.281740795945	-0.200424512228676	0.0778016334251218	-2.57609645717233	0.00999227671226956	0.030999342142248
ENSMUSG00000117004	66.6327604266743	-0.375490131205437	0.14576402030931	-2.57601382294925	0.00999466506172821	0.030999342142248
ENSMUSG00000034997	1015.05634370333	0.176257446404354	0.0684225959656224	2.57601226490896	0.00999471009813186	0.030999342142248
ENSMUSG00000046056	46.4918427393838	-1.3320812941429	0.517201734906734	-2.57555457423807	0.0100079478422099	0.0310359156863448
ENSMUSG00000084968	54.9844236198998	-0.408270393612918	0.15854459530529	-2.57511391559429	0.0100207077235912	0.0310709969658541
ENSMUSG00000133266	76.5130652736002	0.354087401901733	0.137526865504923	2.57467805000659	0.0100333430672767	0.0311056820164877
ENSMUSG00000096971	50.0616452952151	-0.461788597303045	0.179429028068423	-2.57365601471658	0.0100630265940398	0.0311932027245717
ENSMUSG00000029073	4243.7951994012	0.115741939162714	0.0449756254465126	2.573437012018	0.0100693973738571	0.0312084441275219
ENSMUSG00000034088	28327.3222283733	0.116525310151892	0.0452826070776873	2.57329066659037	0.0100736565583041	0.0312171375314791
ENSMUSG00000021103	1177.02219040896	-0.13433293312555	0.052211864933968	-2.57284303664387	0.0100866941787881	0.031252866050449
ENSMUSG00000057133	4066.60413667474	-0.187495406122887	0.0728765740741782	-2.57278019040854	0.0100885258337023	0.031252866050449
ENSMUSG00000002395	3549.12616616051	-0.0990148489287206	0.0384860729843444	-2.57274492435221	0.0100895537934227	0.031252866050449
ENSMUSG00000078719	9.08904474515813	-1.0258844556391	0.39877476593536	-2.5725912050448	0.0100940356009343	0.0312589870303044
ENSMUSG00000043991	4593.23274712657	-0.1521379646556	0.0591383462247127	-2.57257725938952	0.0100944422851984	0.0312589870303044
ENSMUSG00000002617	1104.56617326874	-0.188704720755192	0.0733594878394509	-2.57232876500143	0.0101016913442465	0.0312769228898883
ENSMUSG00000139665	21.4784333097181	0.666063719991176	0.258946057263599	2.57221031681183	0.0101051483367812	0.0312816612471184
ENSMUSG00000006818	8450.47424384778	0.0829821682195263	0.0322614599160722	2.57217647420183	0.0101061362502919	0.0312816612471184
ENSMUSG00000031360	3151.26455348025	0.0744790254802609	0.0289585353296369	2.57191963034253	0.0101136366883013	0.0313003640644572
ENSMUSG00000133650	25.8852026083144	-0.592548093696736	0.230423345214088	-2.57156276047549	0.0101240663463833	0.0313275738826319
ENSMUSG00000029536	1337.62457087085	-0.0825835494160358	0.0321146960435151	-2.57151894896143	0.0101253474144088	0.0313275738826319
ENSMUSG00000038214	464.390442892894	0.224933045893814	0.0874884883463226	2.57100162713314	0.0101404850512419	0.0313698878959444
ENSMUSG00000048429	3661.38392053013	0.0647403790456322	0.0251846720931902	2.57062624464893	0.0101514819356588	0.0313993820217365
ENSMUSG00000024386	12.3391247534259	-0.909661557810963	0.353876952127114	-2.57055892547703	0.0101534551830302	0.0314009608066456
ENSMUSG00000128878	27.4387378803949	0.680870595398667	0.264880491741499	2.57048222359516	0.0101557038709072	0.0314033908517565
ENSMUSG00000003070	187.858033762262	0.2625352314707	0.102192232507332	2.56903313519316	0.0101982705523571	0.0315304732359062
ENSMUSG00000094441	423.269717927131	-0.215273204418768	0.0838043880805903	-2.5687581444035	0.0102063662589095	0.031547315551951
ENSMUSG00000053483	656.1305091725	-0.172412743267978	0.067120509599248	-2.56870432446642	0.0102079513827654	0.031547315551951
ENSMUSG00000047843	1983.23038813287	-0.169044278772349	0.0658093146415424	-2.56869836273358	0.0102081269833156	0.031547315551951
ENSMUSG00000018340	39356.5666859758	0.127740525695273	0.0497403390377356	2.56814746675455	0.0102243650225259	0.0315906132808734
ENSMUSG00000074749	1262.70807928066	-0.0991006410954432	0.0385887409334489	-2.56812320636101	0.0102250806426679	0.0315906132808734
ENSMUSG00000020431	4546.31008110986	-0.225398399331519	0.0877744769972531	-2.56792642966785	0.0102308867042487	0.0316040025893514
ENSMUSG00000072889	266.439020781208	0.251055094805348	0.0977732504017718	2.56772781689989	0.0102367499165542	0.0316137664908448
ENSMUSG00000098108	5.26909958428498	-1.51355465861474	0.589454809156493	-2.56771958613865	0.0102369929599302	0.0316137664908448
ENSMUSG00000089766	31.5099203903321	-0.678491844313867	0.264259705095356	-2.56751911559517	0.0102429141734355	0.0316250749438384
ENSMUSG00000034773	162.102616087711	-0.24030952116866	0.0935968486337998	-2.56749585778125	0.0102436013269593	0.0316250749438384
ENSMUSG00000024427	1130.80465550966	-0.283675646340412	0.11049460157702	-2.56732584480769	0.0102486256170257	0.0316360364531311
ENSMUSG00000060204	34.896208094285	0.513169437372322	0.199904603306476	2.56707163759294	0.0102561421404055	0.0316546868707325
ENSMUSG00000025997	267.912404120319	0.230085801153464	0.0896324809434475	2.56699132648837	0.0102585178382743	0.0316550232243463
ENSMUSG00000022674	3210.39173994414	-0.119518380741137	0.0465601319957143	-2.56696825413078	0.010259200436587	0.0316550232243463
ENSMUSG00000039477	3950.74590845537	-0.127812997039726	0.0498022109100615	-2.56641210709592	0.0102756663466719	0.0317012724630151
ENSMUSG00000050663	330.381960114138	-0.252218075384174	0.0982891873018055	-2.56608160376498	0.0102854627366576	0.0317269353506383
ENSMUSG00000021051	5295.08180239129	0.125345156282937	0.0488759988534828	2.56455436662663	0.0103308393386328	0.0318623271900993
ENSMUSG00000021427	9687.95945145794	0.0822388369909556	0.0320808621245434	2.56348587739601	0.0103626916616399	0.0319522622797382
ENSMUSG00000075122	44.3449491132197	-0.802965007091427	0.313232852663073	-2.56347634120975	0.0103629763342746	0.0319522622797382
ENSMUSG00000066113	343.552194222797	-0.422798187014296	0.164941819088061	-2.56331710994752	0.010367730707587	0.0319623305140115
ENSMUSG00000021448	326.407157769755	-0.233324847077376	0.0910323156496536	-2.56309910840178	0.0103742430089533	0.0319778145362135
ENSMUSG00000029505	2558.75688703482	0.155161848697125	0.0605439620640771	2.5627964111914	0.0103832914371171	0.0320011104076318
ENSMUSG00000110924	914.202412500141	0.351965660570682	0.137344924299868	2.56264046425355	0.0103879558481074	0.0320108900711273
ENSMUSG00000050075	14.1827133282053	1.0023636600517	0.391355728441386	2.56125971132125	0.0104293359111421	0.032133791397815
ENSMUSG00000038037	135.000089763178	0.560164733591759	0.218756710196347	2.56067451868781	0.0104469178737653	0.0321833437253509
ENSMUSG00000034111	5611.70173962926	-0.146785622753776	0.0573251416375748	-2.56058020199574	0.010449754060907	0.0321839411607299
ENSMUSG00000099952	13.7688186681422	-0.844037095771058	0.329628808617394	-2.56056835357115	0.0104501104020445	0.0321839411607299
ENSMUSG00000026331	18.9233060237794	-0.669254657969975	0.261420901241307	-2.56006560604813	0.010465240489213	0.0322259148388245
ENSMUSG00000023826	558.380735324958	-0.186484103067593	0.072855086033855	-2.55965798984763	0.0104775219211127	0.0322591057886697
ENSMUSG00000023349	52.8902550617213	0.997048669840222	0.389541910683574	2.55954145753043	0.0104810353832426	0.0322652955021778
ENSMUSG00000058571	623.211363050681	-0.491200687459342	0.191960858342022	-2.55885856992864	0.0105016455952321	0.032324107305313
ENSMUSG00000086915	352.285678594978	-0.232438722559274	0.0908448782065147	-2.55863321244021	0.0105084550112992	0.0323404294297561
ENSMUSG00000085112	145.803100677113	-0.261650572768783	0.102268491807008	-2.55846711089224	0.0105134764602363	0.0323512450824873
ENSMUSG00000121134	200.026134525435	-0.304530055272293	0.119037373346584	-2.55827263917893	0.0105193582857013	0.0323647047385502
ENSMUSG00000041559	1424.71459858455	-1.59873141156893	0.625103516656998	-2.55754666062162	0.0105413414820583	0.032427692211789
ENSMUSG00000027936	2058.86646406107	0.0870467730445638	0.0340374092043123	2.55738539094026	0.0105462303971685	0.032432937428245
ENSMUSG00000030399	2076.75197722609	-3.88431304333763	1.51887847660173	-2.55735603813955	0.0105471204487401	0.032432937428245
ENSMUSG00000038402	35.2388866282444	0.704577670218073	0.275511828686364	2.55734090829235	0.0105475792502832	0.032432937428245
ENSMUSG00000018548	13772.5657764463	-0.101460819584634	0.0396762346301075	-2.55721896320381	0.0105512777940491	0.032439663295196
ENSMUSG00000047126	50239.2380291839	0.215823136665091	0.0844010311702496	2.55711492706461	0.0105544340786867	0.032444720311197
ENSMUSG00000040383	2117.25323894282	0.12128696567376	0.0474382559279767	2.55673323778817	0.0105660210947286	0.0324756885480303
ENSMUSG00000085022	24.4083624262189	-1.01078126387599	0.395365206969528	-2.55657616314704	0.0105707927255505	0.0324857031706038
ENSMUSG00000030866	28.326060298008	-0.64834532112658	0.253708238087808	-2.55547603031396	0.0106042664381294	0.03258390829672
ENSMUSG00000031274	144.594814460524	-0.474024676245868	0.185522165122187	-2.55508378707023	0.0106162239913093	0.0326159817085223
ENSMUSG00000030407	832.445126379356	0.115223665005002	0.0451303779197865	2.55312874201491	0.0106760026452716	0.0327949445883516
ENSMUSG00000056973	41.409725771072	-2.14546973173893	0.840553401324499	-2.55244905125387	0.0106968552967569	0.0328542990127605
ENSMUSG00000043340	11.0777499395209	1.1121428382617	0.43588460458765	2.55146161749346	0.0107272139099716	0.032942828868591
ENSMUSG00000040713	1475.98520704212	-0.206813100771032	0.0810685206343322	-2.5510901044301	0.0107386558830965	0.0329732494902802
ENSMUSG00000043391	9811.82483013995	-0.128217094567303	0.0502750480430142	-2.55031272088699	0.0107626330928786	0.0330421455909227
ENSMUSG00000067081	63.6538252588465	-0.548501268843811	0.21518694369578	-2.54895236403958	0.0108047057625238	0.0331665685540306
ENSMUSG00000053199	1454.52394286825	-0.24450436663684	0.0959325195919644	-2.54871202879696	0.0108121539497002	0.033184686400381
ENSMUSG00000021816	11696.9072664621	-0.0627196781254955	0.0246128187926712	-2.54825254489629	0.0108264064395403	0.0332236798614969
ENSMUSG00000032827	2575.39179535157	-0.147821013128156	0.058041800257533	-2.54680269171994	0.0108714882215246	0.0333572564555815
ENSMUSG00000097943	4.73561849618669	2.02223325378213	0.794072719625871	2.54666002722635	0.0108759332399685	0.0333661259009809
ENSMUSG00000027230	1034.05831690974	-0.277061625307243	0.108814672152609	-2.54617892813822	0.0108909348251669	0.0334073745294417
ENSMUSG00000027163	1760.89806348665	-0.10204250720961	0.0400787500040934	-2.54605014375916	0.010894953686298	0.0334149272510461
ENSMUSG00000068391	648.948056514062	-0.16357980993869	0.0642645865443673	-2.54541138027484	0.0109149065052853	0.0334713404346363
ENSMUSG00000087403	661.515861988876	-0.153742161942901	0.0604035277536495	-2.5452513728987	0.01091990968003	0.0334818998988035
ENSMUSG00000024982	1472.6466591595	-0.0941063360465411	0.036975469816103	-2.54510183412348	0.0109245873607114	0.0334914584811527
ENSMUSG00000053286	2284.6044417519	0.14698260105932	0.057754038748655	2.5449752821441	0.0109285473889166	0.033498814543836
ENSMUSG00000041084	3010.16191318822	-0.118946380379627	0.0467437179318581	-2.54464954099338	0.0109387462557189	0.0335252894239382
ENSMUSG00000032558	134.098141295678	-0.252104135000209	0.0990857238922096	-2.54430330725	0.0109495960122924	0.033549811453302
ENSMUSG00000134655	154.742349182339	-0.294251184790079	0.11565138741368	-2.54429446434185	0.0109498732433539	0.033549811453302
ENSMUSG00000111990	21.9531681993526	0.824001082285231	0.323895005265559	2.5440376322248	0.01095792782318	0.0335696986802315
ENSMUSG00000038291	2853.21522510316	-0.141633899587657	0.0556749104862725	-2.54394481015967	0.0109608401354638	0.0335738291021499
ENSMUSG00000094724	29.4784452511101	0.566020896027015	0.222608029714798	2.54267960033694	0.0110006050023379	0.033690824223168
ENSMUSG00000028957	367.994672039212	-0.360379715336859	0.141750903537255	-2.54234510217526	0.0110111395017396	0.033717499033819
ENSMUSG00000054320	26.0656839307837	-0.59245005866093	0.233036733198737	-2.54230331213783	0.011012456243646	0.033717499033819
ENSMUSG00000032966	25902.9181625481	0.0795739005533025	0.0313015419993952	2.5421719017817	0.011016597700168	0.0337252637897418
ENSMUSG00000140986	27.466398029982	0.570282406970246	0.224333115802937	2.54212314989288	0.0110181344897726	0.0337252637897418
ENSMUSG00000128028	164.803933145541	-0.290477731085163	0.114278450548434	-2.54184170061049	0.0110270102465504	0.0337471973208242
ENSMUSG00000034171	1045.09890146533	-0.191653712180179	0.0754008953020046	-2.54179624011817	0.0110284444799023	0.0337471973208242
ENSMUSG00000072949	402.076109428114	0.350940491680474	0.138100113005804	2.54120350839774	0.0110471597506424	0.0337996481196252
ENSMUSG00000056629	6.6048761166112	1.3042732040629	0.513403500737944	2.54044470321724	0.011071159905319	0.0338682511796464
ENSMUSG00000115970	10.3702130803115	-1.15750972656786	0.455681224830695	-2.54017427862631	0.0110797243200085	0.0338890465350517
ENSMUSG00000026989	75.285094476523	-1.75753273843242	0.691906506832744	-2.54013038044354	0.0110811151415973	0.0338890465350517
ENSMUSG00000074794	2048.21685924141	0.137062319778176	0.0539638482051974	2.53989150768117	0.0110886860411943	0.0339073695954809
ENSMUSG00000126409	7.61814975942917	1.13543608319817	0.447092908265941	2.53959761429002	0.0110980070842273	0.033931038323604
ENSMUSG00000120312	92.1602220514478	-0.320520317191866	0.126256964986727	-2.53863473769991	0.0111285941928171	0.0340197099035904
ENSMUSG00000021660	7972.96675587564	0.084611257586339	0.0333305981325438	2.53854603058339	0.0111314158608113	0.0340211512393858
ENSMUSG00000044149	1638.14012396049	-0.158131353414912	0.06229272832951	-2.53852026802301	0.0111322354563238	0.0340211512393858
ENSMUSG00000078867	116.346536824241	-0.409660203805988	0.161395560478046	-2.53823712741909	0.0111412466637025	0.0340433467626436
ENSMUSG00000048582	9.36951041689032	-1.52962920481318	0.602645091362788	-2.53819242326218	0.011142670006258	0.0340433467626436
ENSMUSG00000085051	17.7632297031901	-0.959981146018143	0.378248139155529	-2.53796660615802	0.011149862300764	0.0340604730536788
ENSMUSG00000138339	14.8800007529472	0.947218037166403	0.373341282886011	2.53713714659198	0.0111763160634329	0.0341364258135529
ENSMUSG00000034731	56646.8286514249	-0.160026540388578	0.0630781478992784	-2.53695686569783	0.0111820730896324	0.0341491507955683
ENSMUSG00000073888	517.322610742061	-0.19938986939162	0.0786074352897942	-2.53652683943382	0.0111958160313388	0.0341862570311122
ENSMUSG00000054764	4.69281773828494	-1.82427049504782	0.719806399176425	-2.53439049324247	0.01126431280312	0.0343905189349699
ENSMUSG00000021987	31968.146252255	-0.108482041599273	0.0428061417198802	-2.53426347810486	0.0112683969313134	0.0343980956381646
ENSMUSG00000029685	15.874659763102	-1.90200625461428	0.750646089399731	-2.53382556903115	0.0112824878307858	0.0344326257685373
ENSMUSG00000006931	584.536720855309	-0.346295266405059	0.136669663100153	-2.53381224881845	0.0112829166894574	0.0344326257685373
ENSMUSG00000121016	19.9716503374063	-0.678944653666428	0.267984127187544	-2.53352562628189	0.0112921483198164	0.0344558999052137
ENSMUSG00000087612	18.5943680575088	-0.744141672959304	0.29372385974687	-2.53347369737209	0.0112938215801919	0.0344561077374074
ENSMUSG00000024486	542.722620042405	0.314992513233212	0.124353025323965	2.53305066292189	0.0113074608575218	0.0344895764573675
ENSMUSG00000056427	370.778002311516	-0.468235586337872	0.18485169373714	-2.53303378979965	0.0113080051759505	0.0344895764573675
ENSMUSG00000024812	1204.99109728114	0.28046247731254	0.110735861723836	2.53271589660796	0.0113182645993127	0.0345159636154064
ENSMUSG00000039852	5814.3749629369	0.116455657582816	0.0459987840792654	2.53171165094579	0.0113507291105403	0.0346083146408568
ENSMUSG00000021252	1501.60409550705	0.143140283077084	0.0565396557230528	2.5316794247603	0.0113517722624743	0.0346083146408568
ENSMUSG00000032374	580.024253349521	-0.522603045254105	0.206480466175731	-2.53100477218668	0.011373630113961	0.0346700289727758
ENSMUSG00000039693	554.75639690524	-0.131847256148997	0.0520985368355692	-2.53072858005834	0.0113825891473378	0.0346924121307331
ENSMUSG00000026237	66.0264180591916	-0.388453576653131	0.15349911474399	-2.53065678783232	0.0113849189466124	0.0346945868977827
ENSMUSG00000042275	415.609602526266	0.165711810844995	0.0654876845789059	2.53042708580313	0.011392376074631	0.0347123839344258
ENSMUSG00000102742	489.699203078289	0.295313473049982	0.116715151241112	2.53020683184412	0.0113995305489648	0.0347292538694407
ENSMUSG00000037012	26313.4463026559	0.120152183248076	0.0474883960036063	2.53013774647077	0.0114017754597404	0.0347311639021977
ENSMUSG00000057092	570.340668420465	0.287845072400786	0.113770839456297	2.53004261703947	0.0114048673074749	0.0347356528975959
ENSMUSG00000049939	687.085038977528	-0.200022206250064	0.0790771125205303	-2.52945763792441	0.0114238963623758	0.0347886734735082
ENSMUSG00000055670	4123.83189469794	0.182596586231296	0.0721957887277662	2.52918611250063	0.0114327385106682	0.0348106616836886
ENSMUSG00000042647	474.75869262698	-0.144341849247001	0.0570758173713477	-2.52894931504672	0.0114404547110197	0.0348292158313359
ENSMUSG00000002324	29.8158847879673	-0.950845636921678	0.376002773923653	-2.52882612274224	0.0114444708407648	0.0348365018530712
ENSMUSG00000022179	221.599722960093	-0.266470541087078	0.105378397660758	-2.52870177382009	0.0114485259458414	0.0348427759967098
ENSMUSG00000042675	12191.4941112405	0.0930400359382186	0.0367941564600225	2.52866337727591	0.0114497783416002	0.0348427759967098
ENSMUSG00000027642	7982.2859910732	0.0943371797543924	0.0373152803945826	2.52811123906464	0.0114678011109698	0.0348926745071691
ENSMUSG00000002147	6342.05788262753	0.0833199779605286	0.0329606865179045	2.52785930035979	0.0114760331992528	0.034912773335482
ENSMUSG00000003534	4329.16152918521	0.0987721084474596	0.0390788683033357	2.52750687867357	0.0114875573650652	0.0349428803172012
ENSMUSG00000134341	36.8925527043882	-0.69261684525637	0.274061901989704	-2.52722775485369	0.0114966919830505	0.0349657112649705
ENSMUSG00000020180	3482.52639905846	-0.0691804630387992	0.0273803744071754	-2.52664415796555	0.0115158116319475	0.0350188996304555
ENSMUSG00000005034	19355.2063193449	-0.0930900644259493	0.0368453489198116	-2.52650788105022	0.01152028036269	0.035027526666502
ENSMUSG00000120630	153.609118696445	-0.316370831297706	0.12528750113121	-2.52515876237631	0.0115646031483995	0.035157310746855
ENSMUSG00000020783	1738.93701908	0.103285493151073	0.0409127132649171	2.52453296075187	0.0115852140234124	0.035214982190112
ENSMUSG00000048930	2322.5887263604	0.0985947172475562	0.0390685636823844	2.5236330173052	0.0116149109418811	0.03530025177381
ENSMUSG00000035824	1980.37661853801	-0.0883572070110358	0.0350139898405959	-2.52348296818756	0.0116198689242251	0.0353103208277769
ENSMUSG00000063681	38.4203485184783	-0.573949099534705	0.227482643450538	-2.52304567429339	0.011634328874363	0.0353492574121834
ENSMUSG00000138691	12.7464098369583	-0.833079125839113	0.330201851609804	-2.52293898952315	0.0116378590298248	0.0353526085554968
ENSMUSG00000063902	812.046024097775	0.115887195053735	0.0459338883492633	2.52291280399721	0.011638725643422	0.0353526085554968
ENSMUSG00000059423	655.828110745302	-0.129304006940256	0.0512645916675458	-2.52228687938844	0.0116594577529806	0.0354062831530221
ENSMUSG00000043535	3461.41122509027	0.156519961954311	0.0620549579832168	2.52227971851408	0.0116596951275838	0.0354062831530221
ENSMUSG00000018160	1621.84393475037	0.130818758734158	0.0518721989587297	2.52194357209031	0.0116708428136309	0.0354351219006224
ENSMUSG00000042043	6259.83960254878	-0.126879318755749	0.0503399180195651	-2.52045143789141	0.0117204409587898	0.0355806796240109
ENSMUSG00000027430	2155.07970470328	-0.0902904834887126	0.0358339910822472	-2.51968817208988	0.0117458839217585	0.035652876734229
ENSMUSG00000087131	22.0459478544565	0.689070504932693	0.273527350102595	2.51920147902663	0.0117621330823209	0.0356971509607098
ENSMUSG00000091709	7.87076720939186	-1.059439630249	0.420580660013784	-2.51899274259135	0.0117691082468172	0.0357130657640827
ENSMUSG00000024963	467.411369334096	-0.163273312637117	0.0648181334318508	-2.51894499258886	0.011770704382786	0.0357130657640827
ENSMUSG00000010607	688.244101643042	-0.179288234446354	0.0711869489741275	-2.51855483385748	0.0117837533863872	0.0357476046060186
ENSMUSG00000086537	17.6510198639742	-1.05793003914645	0.420215481672959	-2.51758939231518	0.0118160981074256	0.0358406615760914
ENSMUSG00000001751	799.788606426632	-0.23194920028428	0.0921386435995853	-2.51739325892708	0.0118226786838759	0.0358555553303307
ENSMUSG00000078995	35.3690561743665	-0.491639715055658	0.195309948551377	-2.51722822468682	0.011828218353903	0.0358672884849388
ENSMUSG00000087515	15.6297782691996	-0.819230019256869	0.325514014125754	-2.51672734108578	0.0118450455074499	0.0359121867929223
ENSMUSG00000042599	2636.97291520793	0.148093329132659	0.0588445344996942	2.51668791998734	0.0118463707575088	0.0359121867929223
ENSMUSG00000063015	16665.7237730263	-0.0720229615279757	0.0286212086108526	-2.51641929267326	0.0118554049144203	0.0359312960760532
ENSMUSG00000030074	470.4352731115	-1.27942822553129	0.508435758852375	-2.51640094791753	0.011856022086401	0.0359312960760532
ENSMUSG00000054051	697.490518362772	0.178990529465522	0.0711405090703354	2.5160141782027	0.011869040800836	0.0359656733244982
ENSMUSG00000027660	1013.7185281707	0.232712972006666	0.0925035937979041	2.51571817323209	0.0118790129248973	0.035990810366386
ENSMUSG00000142993	10.265638720448	0.997335037625675	0.396555029712277	2.51499782602505	0.0119033117781298	0.0360593410428076
ENSMUSG00000021967	1250.0577565641	-0.139756465134171	0.0555729774202026	-2.51482773862256	0.0119090556179198	0.0360690554367478
ENSMUSG00000078627	13.3518259274368	0.863166735330785	0.343234285952223	2.51480335927436	0.0119098791081556	0.0360690554367478
ENSMUSG00000022671	1025.46385949128	-0.135274979572709	0.0537989364102033	-2.51445453384564	0.0119216673301591	0.0360981942491371
ENSMUSG00000128001	36.4604581470217	-0.577777740655746	0.229785770780601	-2.51441914219922	0.0119228639348915	0.0360981942491371
ENSMUSG00000057228	19.8898854220935	-0.694931239235653	0.276384097267705	-2.5143676720392	0.0119246043502001	0.0360983721592715
ENSMUSG00000020017	723.699349814356	-0.279602056784374	0.111208143533044	-2.51422286085816	0.0119295022132741	0.0361063788402266
ENSMUSG00000075702	5823.71177193021	-0.123353479601751	0.0490634165407918	-2.51416408189172	0.011931490768424	0.0361063788402266
ENSMUSG00000018677	6787.027025631	-0.0707752934451764	0.0281508925213938	-2.51414030270584	0.0119322953271484	0.0361063788402266
ENSMUSG00000046167	1310.86719279323	0.314379314706893	0.125075662260735	2.51351309299112	0.0119535340774811	0.0361651416544712
ENSMUSG00000052812	574.963554879111	0.226627942598662	0.0901654613334938	2.51346734378075	0.0119550845607066	0.0361651416544712
ENSMUSG00000038668	5865.43366584362	-0.167289743118127	0.0665607672993791	-2.5133385612231	0.011959450078616	0.0361732500193845
ENSMUSG00000060149	226.979371471006	-0.244227655414436	0.0971856870353305	-2.51300024586594	0.0119709251493152	0.0362028570379263
ENSMUSG00000042363	2106.63549201951	-0.0914060717295253	0.0363793591028185	-2.51258059470442	0.0119851725522024	0.036240838710463
ENSMUSG00000001785	1745.09975914987	0.0889508317808319	0.0354049326753279	2.51238528248403	0.0119918086413473	0.0362557977880508
ENSMUSG00000026650	29.0656312420403	-0.522889276335879	0.208132166366079	-2.51229440151111	0.0119948975985801	0.0362600298339839
ENSMUSG00000085287	66.312426169104	-0.346549580021084	0.137959459727121	-2.51196678144831	0.0120060389463133	0.0362885992708479
ENSMUSG00000036641	293.996572440086	-0.196051669157172	0.0780576928006326	-2.51162521108468	0.0120176644678099	0.0363186238865278
ENSMUSG00000072875	974.637618073224	-0.203712923812015	0.0811096156713338	-2.51157550342102	0.0120193571249902	0.0363186261324662
ENSMUSG00000020440	5536.80183894431	-0.124437826936607	0.0495576087330308	-2.5109731909576	0.0120398840134114	0.0363733339550506
ENSMUSG00000070332	15.5510211480609	-0.832455794194052	0.331530897330104	-2.51094483469871	0.0120408511639145	0.0363733339550506
ENSMUSG00000071337	275.444659675173	0.231427054050601	0.0921765289294583	2.51069395580853	0.0120494109222413	0.0363940699109092
ENSMUSG00000026073	48.0233789750061	0.606115995025974	0.241513767481087	2.50965400998699	0.0120849504690168	0.0364962783860318
ENSMUSG00000115850	6.86729599608744	1.16466664050335	0.46410820989386	2.50947217841654	0.0120911739912024	0.0365099368258756
ENSMUSG00000046152	373.138588406847	-0.236510880086573	0.0942503897479303	-2.50938888124616	0.0120940259396785	0.0365134122111306
ENSMUSG00000007030	4700.85123825058	-0.146291491845481	0.0583104956839496	-2.50883636178297	0.0121129583313707	0.0365654287078053
ENSMUSG00000016200	1384.7316841849	0.200738966017789	0.0800214565736864	2.50856426029864	0.0121222916919361	0.0365884580229331
ENSMUSG00000035268	1719.11735312458	0.117426655586911	0.0468141047752387	2.50836059240466	0.0121292818801419	0.0366044095092262
ENSMUSG00000031753	5406.03572527387	-0.0707344392679731	0.0282031607011794	-2.50803234493555	0.0121405553448834	0.036633280999897
ENSMUSG00000026904	1104.80549495314	-1.15283443849398	0.459673798862375	-2.50794028580066	0.0121437187281576	0.0366376762078188
ENSMUSG00000015697	1526.96658153908	0.12627189431159	0.0503526968932105	2.50774838494533	0.0121503152723878	0.0366524265931812
ENSMUSG00000028927	399.208574728001	-0.280275839402317	0.111773207655452	-2.50754044982125	0.0121574665749916	0.0366688460726106
ENSMUSG00000015605	1178.78857523684	0.147437453976428	0.0588000369081912	2.50743811958201	0.0121609872847888	0.0366743120336156
ENSMUSG00000034324	810.001658302224	-0.280527481674761	0.111891581685401	-2.5071366178691	0.0121713658162514	0.0367004549250812
ENSMUSG00000120351	6.84969173759078	-1.23046090850217	0.490801342565396	-2.5070447078865	0.0121745311753275	0.0367048435687611
ENSMUSG00000041842	1073.62979530163	0.199804143035559	0.0797094535324533	2.50665553683929	0.0121879422236607	0.0367401162439406
ENSMUSG00000032086	11024.7385853908	-0.11795157768549	0.0470590707070322	-2.5064578605855	0.0121947592681916	0.0367555044160349
ENSMUSG00000031375	7902.99241599338	-0.806212133382684	0.321671779129879	-2.5063191292798	0.0121995455602813	0.0367647683556084
ENSMUSG00000074199	206.203043613713	-1.49510294488048	0.596590118065523	-2.50608063996843	0.0122077774386443	0.0367809516832192
ENSMUSG00000112096	105.303181946712	-0.311525699290592	0.124308742820453	-2.50606427369753	0.0122083425297185	0.0367809516832192
ENSMUSG00000044221	8335.08474659353	-0.071534680634769	0.0285475389422583	-2.50580902190759	0.0122171588086382	0.0368023478790664
ENSMUSG00000041638	2823.58321186911	0.142606741331334	0.0569251510276356	2.50516228340092	0.0122395221173406	0.0368645407283335
ENSMUSG00000060512	301.307980261611	-0.219654482334687	0.0876896359917365	-2.50490813253445	0.0122483202193559	0.0368858644540815
ENSMUSG00000034685	3412.03118722497	0.0861788621513274	0.0344102776908112	2.50445122604576	0.0122641513341663	0.0369283591722843
ENSMUSG00000006542	18.0710676426033	-1.40129183182889	0.559544993704174	-2.50434164829601	0.0122679507306478	0.0369346185671928
ENSMUSG00000021076	8352.11478635521	-0.0542781857021712	0.0216763793256755	-2.50402453687822	0.0122789518318452	0.0369625550445083
ENSMUSG00000029064	61412.0198049293	0.0839169203827499	0.0335190253091478	2.50356087651056	0.0122950526816492	0.03700583298714
ENSMUSG00000031010	17408.6475826931	0.20521840691414	0.081988719439128	2.50300783227262	0.0123142818907355	0.0370585132576094
ENSMUSG00000017300	843.86636566274	-3.7715764696	1.50702682680083	-2.50266047194823	0.0123263731391253	0.0370897008416687
ENSMUSG00000042694	797.920517375977	0.138295979093532	0.0552650775727118	2.50241174295969	0.0123350375946122	0.0371105700078411
ENSMUSG00000085573	27.4381767767794	-0.641039656857603	0.256179586066577	-2.502305771901	0.0123387307270608	0.037116478949984
ENSMUSG00000083863	43.2569978508632	-0.564546831302043	0.225630985109162	-2.50208024854791	0.0123465935637498	0.0371349274820587
ENSMUSG00000044252	6019.19343857313	-0.110147525663082	0.0440348866918004	-2.50136957167626	0.0123714002407626	0.0372043258010941
ENSMUSG00000068874	242.284133364506	-0.422994954053076	0.169112750956965	-2.50125996803586	0.0123752299598314	0.0372106298245889
ENSMUSG00000037936	1068.29352129599	0.258813399342136	0.103481165567367	2.50106768630902	0.0123819511149617	0.0372256250187349
ENSMUSG00000069135	1033.26491735683	0.226536193596107	0.090580190643056	2.50094631053278	0.0123861954364513	0.0372331705977963
ENSMUSG00000050671	80.2669839491869	0.391159374094249	0.156498149166265	2.49945048026529	0.012438608183355	0.0373854891156395
ENSMUSG00000029486	790.460200793829	-0.142704631838638	0.0571110495073455	-2.49872192981296	0.0124642070917966	0.0374571845768592
ENSMUSG00000002778	3153.34745281256	0.101271076895713	0.0405348622017231	2.49836983265748	0.0124765953618507	0.0374891651788195
ENSMUSG00000029438	1852.98037995976	-0.118235507701854	0.0473439686318447	-2.49737212824879	0.0125117580736039	0.0375895589654277
ENSMUSG00000040482	478.812662636434	0.140529404850301	0.0562764454600695	2.4971265278297	0.0125204273684943	0.0376103405950321
ENSMUSG00000026519	1366.24239354058	-0.167885190071385	0.0672389574339154	-2.49684403920729	0.0125304053337448	0.0376350469979244
ENSMUSG00000022235	1155.98808369225	-0.272951651589784	0.109343696426228	-2.49627240079578	0.0125506180897288	0.037690482360677
ENSMUSG00000130594	5.18020119792179	1.47417517161321	0.590602878589107	2.49605145023145	0.0125584384878546	0.037708692205943
ENSMUSG00000108723	12.3933664256851	1.08326915577956	0.434018757987566	2.49590400378638	0.0125636596565809	0.0377190934528903
ENSMUSG00000048232	1023.44381253776	-0.173597109351908	0.0695671923946474	-2.49538760120015	0.0125819609436105	0.0377687559244223
ENSMUSG00000116627	8.84138069871684	0.979494583297876	0.392609573646683	2.4948311224304	0.0126017089465936	0.037822746678912
ENSMUSG00000120615	107.133518005054	0.304970695338288	0.122249891388621	2.49465003096661	0.0126081413330306	0.037836762456988
ENSMUSG00000004268	1035.35747547908	-0.115002116232102	0.0461018807711698	-2.49452114118562	0.0126127212810843	0.037845215965859
ENSMUSG00000031374	56.3850440428305	-0.499014242182195	0.200112030275657	-2.49367437577239	0.0126428467417419	0.0379294109959861
ENSMUSG00000001445	2817.96062004873	-0.0802312297403099	0.0321744317749927	-2.49363315260377	0.0126443149672634	0.0379294109959861
ENSMUSG00000012126	89.3357594923474	-0.349554812659639	0.140188128955922	-2.49346942043535	0.0126501480265831	0.0379416064745889
ENSMUSG00000036199	6806.19343011727	-0.137079151266307	0.0549808491405055	-2.49321633640099	0.0126591689877847	0.0379633586884307
ENSMUSG00000110388	8.49341660657678	1.18389871428986	0.474943202995325	2.49271640655843	0.0126770052896427	0.0380115373023425
ENSMUSG00000025597	91.7368462391938	-0.37809110462426	0.151702240938231	-2.49232379354375	0.0126910283744648	0.0380482702634442
ENSMUSG00000055762	4174.74178260088	0.0836542737332819	0.0335666558694612	2.49218373312518	0.012696034279046	0.0380579628311691
ENSMUSG00000126221	19.3500414974912	-0.681039636911607	0.273404933245376	-2.49095591958609	0.0127399924767754	0.0381844007967691
ENSMUSG00000027272	3517.61978935883	0.141041637841343	0.0566308318467423	2.49054504837644	0.0127547325448351	0.0382232428880957
ENSMUSG00000033658	1665.31259192659	0.123967393041814	0.0497850879109047	2.49005070079752	0.0127724873433644	0.0382711073859103
ENSMUSG00000027346	3815.70563113015	0.130726909593341	0.0525055636996753	2.48977251898639	0.0127824880289417	0.0382957275686341
ENSMUSG00000051331	4627.80503757149	0.18551967675184	0.0745149566401023	2.48969717110454	0.0127851979910785	0.0382985012666049
ENSMUSG00000025787	183.166545728318	-0.26377358204883	0.105981136404465	-2.48887293529452	0.0128148756762561	0.0383820456629711
ENSMUSG00000130314	9.08111472804376	-0.977378653131563	0.392713646125551	-2.48878199872661	0.0128181536968948	0.0383865077089206
ENSMUSG00000031565	14213.0984294075	-0.0723879394669727	0.0290867948032706	-2.48868739084422	0.0128215648461337	0.0383913671344825
ENSMUSG00000048473	8.86426916303208	-1.08609891285913	0.436542425986602	-2.48795729396635	0.0128479159971943	0.038464904434557
ENSMUSG00000020063	612.775627537395	0.142796317934488	0.0574027494504308	2.48762157390732	0.0128600491085748	0.0384958602934968
ENSMUSG00000061758	319.668024815037	-0.226768666900724	0.0911827406211148	-2.48696919346831	0.0128836554991777	0.0385595015403347
ENSMUSG00002076121	5.41372425111626	-1.62034471485325	0.651542907246453	-2.48693477717552	0.0128849019169301	0.0385595015403347
ENSMUSG00000069378	126.626854784101	-1.415714666822	0.569444411790025	-2.4861332160092	0.0129139613867004	0.0386410782167424
ENSMUSG00000081769	44.3285453035229	-0.479952736758546	0.19308663759266	-2.48568592183507	0.0129302025990486	0.0386842827862268
ENSMUSG00000006360	1101.29983900054	-0.301627178079004	0.121353381467698	-2.48552759248238	0.0129359558527238	0.0386961020533122
ENSMUSG00000040525	10.0980514937385	0.962461734354373	0.387248600637379	2.48538466703364	0.0129411513156064	0.0387058653949189
ENSMUSG00000044103	29.6734648244017	0.656651053535498	0.264213156635398	2.48530793052689	0.0129439415151084	0.0387058653949189
ENSMUSG00000037710	6242.47811902396	-0.102654898728071	0.0413050143299032	-2.48528902346254	0.0129446290724924	0.0387058653949189
ENSMUSG00000022218	18.7702490371381	1.14672276355501	0.461551181240252	2.48449751655624	0.0129734413069828	0.0387866143587317
ENSMUSG00000062190	3847.78156567794	0.0701406613400812	0.0282336143123908	2.48429622095173	0.0129807778609984	0.0387985489148351
ENSMUSG00000028772	2688.69106385544	-0.0855054111255472	0.0344184664975642	-2.48428880849757	0.0129810480902984	0.0387985489148351
ENSMUSG00000061531	30.1621676922678	0.558828480273594	0.224990088226964	2.48379155134097	0.0129991875235808	0.0388467690044996
ENSMUSG00000030722	290.776019806714	0.171538247038864	0.0690642896832173	2.48374735808726	0.0130008007327087	0.0388467690044996
ENSMUSG00000031382	20.3664643482426	-2.38789700412936	0.961668958798277	-2.48307588831122	0.0130253335353322	0.0389146568781406
ENSMUSG00000026914	7807.50583579464	0.0646752622413072	0.026051824996215	2.4825616727697	0.0130441485776798	0.0389654457790809
ENSMUSG00000020843	2257.7717476394	-0.0962827482826375	0.0387854094628893	-2.48244764245077	0.0130483241788099	0.0389724957315058
ENSMUSG00000037259	7200.87162382656	-0.163410807169556	0.0658427736656142	-2.48183358737962	0.0130708301875547	0.0390342850314482
ENSMUSG00000045838	669.858585952969	0.132600259507429	0.0534306713377571	2.48172549937111	0.0130747953213075	0.0390406950016951
ENSMUSG00000020283	1723.09530372079	-0.0815434649629414	0.0328595972630252	-2.48157225757289	0.0130804187138037	0.0390520539792085
ENSMUSG00000030279	2134.59525667312	-0.129827261479817	0.0523308437857977	-2.48089371559209	0.013105344342268	0.0391183070786802
ENSMUSG00000025132	36496.114452257	0.0643109670962254	0.0259227586396795	2.48086895342171	0.0131062547521601	0.0391183070786802
ENSMUSG00000108613	25.0618940831113	0.697392801756581	0.281133673398254	2.48064485953148	0.0131144963674948	0.0391374640657087
ENSMUSG00000006310	8.92086085034337	1.17166918151635	0.47234501216341	2.48053679269299	0.0131184724344847	0.0391438878619196
ENSMUSG00000053870	1692.33017450741	0.113697206528895	0.0458511834988771	2.4797005846464	0.0131492748121574	0.0392303451171329
ENSMUSG00000075592	669.436823200866	-0.248027002666362	0.100048613325799	-2.47906487078122	0.0131727346033677	0.0392948750689121
ENSMUSG00000020707	341.879518354932	-0.177174392340616	0.0714721047923484	-2.47893066610211	0.0131776918961113	0.0393042009506636
ENSMUSG00000020697	1232.24770534213	0.101826940105109	0.0410799494834564	2.47875037300414	0.0131843542132469	0.0393186089943815
ENSMUSG00000020334	208.931273381943	0.222294272057344	0.0896849385127692	2.47861319574517	0.0131894252785165	0.0393265218702133
ENSMUSG00000105673	16.3639147449442	0.738386555604572	0.297908879276625	2.4785651149355	0.0131912031016864	0.0393265218702133
ENSMUSG00000109394	144.047790037665	-0.308242675445869	0.124365120582934	-2.47852994473892	0.0131925036796518	0.0393265218702133
ENSMUSG00000003402	3418.92474466747	0.10638316562121	0.0429282375975996	2.4781628963766	0.0132060837296368	0.0393615375368485
ENSMUSG00000138080	11.1826875791893	1.06572236404195	0.430071976912367	2.47800931298322	0.013211769672589	0.0393730178802993
ENSMUSG00000006288	1308.04535065877	-0.218361475395487	0.0881292335932766	-2.47774168107762	0.0132216830760176	0.039397091742059
ENSMUSG00000035181	3807.42920389654	-0.189367821791753	0.0764292073487721	-2.47768920234386	0.0132236277216361	0.0393974174424207
ENSMUSG00000015094	17777.8303150176	0.0647118878968005	0.02612349365006	2.47715289400627	0.0132435156003508	0.0394511942654913
ENSMUSG00000040429	63.1606560472566	-0.368627482651695	0.14883912838743	-2.476683965067	0.013260926518385	0.0394975785546901
ENSMUSG00000026427	1403.75363947932	-0.101559900222403	0.0410154013504942	-2.47614059300626	0.0132811267506505	0.0395522567743428
ENSMUSG00000026271	2009.89514067828	-0.189780150865942	0.0766592512845398	-2.47563272124229	0.0133000318239692	0.0396030632727596
ENSMUSG00000061816	923.523726677308	-3.88221485776007	1.5686787852311	-2.47483098153083	0.0133299242886569	0.0396865679306947
ENSMUSG00000004610	243.75682085757	-0.24370272503595	0.0984923799025122	-2.47433075814766	0.0133486049385879	0.0397366736391248
ENSMUSG00000072772	135.865890110122	-0.25661338333149	0.103729235891721	-2.47387711984458	0.013365565890099	0.0397816468936308
ENSMUSG00000063884	2185.2722011652	-0.128057659637676	0.051768778627374	-2.47364653045847	0.0133741946297738	0.0398018108862782
ENSMUSG00000024104	6646.90045994173	0.09541353298516	0.0385799833691106	2.47313566914479	0.0133933287872671	0.0398532292414021
ENSMUSG00000020173	4638.51929584861	-0.173646115703719	0.0702206914162785	-2.47286251675192	0.013403569551628	0.039878173803915
ENSMUSG00000112964	570.30732468542	-0.164130982495732	0.0663754417513232	-2.47276670655771	0.0134071632134482	0.0398833377965465
ENSMUSG00000118245	62.7941686684459	-0.392554589430622	0.158755502448067	-2.47269910886419	0.0134096991892502	0.0398853544126984
ENSMUSG00000031353	8278.46568870314	0.0876128653977413	0.0354367312743922	2.47237434850695	0.0134218887179574	0.0399160796923903
ENSMUSG00000029621	12984.4949119197	0.0661592592283906	0.0267605452783512	2.47226872771955	0.013425855189654	0.0399223448540121
ENSMUSG00000025266	17223.9437071719	0.101960953228318	0.0412584361356252	2.47127527793712	0.0134632138201261	0.0400278875156269
ENSMUSG00000021575	166.64122598924	-0.243200730100079	0.0984229251663784	-2.47097644871825	0.0134744692355744	0.0400558034359286
ENSMUSG00000024081	2011.30101996025	0.110074718644556	0.0445502650336337	2.47079828956022	0.0134811835636087	0.0400702141202472
ENSMUSG00000019806	3218.2821767966	-0.0960761469949217	0.038890504388845	-2.47042686909659	0.013495190885206	0.0401062948278877
ENSMUSG00000037225	1180.68097164952	0.187041899823351	0.075734802369008	2.46969548969064	0.0135228108809634	0.0401828153890865
ENSMUSG00000048661	1758.62414542155	0.115698913726003	0.046858979141674	2.46908737333345	0.0135458139569493	0.0402455975639964
ENSMUSG00000022415	31624.5027849662	-0.12401076461403	0.0502317198716972	-2.46877401233285	0.0135576808825316	0.0402655527666698
ENSMUSG00000128738	17.4857192215482	-0.719018349852595	0.291247957290197	-2.46874984649651	0.013558596419834	0.0402655527666698
ENSMUSG00000021840	3718.25053102581	0.0660390431539064	0.0267502305743384	2.46872799733016	0.0135594242357132	0.0402655527666698
ENSMUSG00000024099	7603.74895179914	-0.0858008565854582	0.0347553135148463	-2.4687119150517	0.0135600335856823	0.0402655527666698
ENSMUSG00000050945	210.235181163	-0.245175273748353	0.0993157869580869	-2.46864351839473	0.0135626253731058	0.0402676785973843
ENSMUSG00000120118	132.807008189833	-0.315003989075313	0.127605221138324	-2.46858229048362	0.0135649458830417	0.0402689985237689
ENSMUSG00000087479	76.0612012406291	-0.33922244151977	0.137430106038583	-2.46832700125061	0.0135746250093646	0.0402836571984208
ENSMUSG00000034574	6589.96203116486	0.147436993193301	0.0597317151821644	2.46832010002828	0.0135748867494306	0.0402836571984208
ENSMUSG00000044629	2271.89721635369	-0.119104664877957	0.048253653350024	-2.46830357100615	0.013575513657569	0.0402836571984208
ENSMUSG00000040653	935.50854030577	0.162019437390762	0.0656621639289416	2.46747027049088	0.0136071520143782	0.0403719592454241
ENSMUSG00000021975	1462.12323321342	0.111445280171138	0.0451687854170607	2.46730743680888	0.0136133420082671	0.0403843386968752
ENSMUSG00000024529	2294.4058549616	-0.527267840779468	0.213705694184577	-2.46726154298944	0.0136150870748759	0.0403843386968752
ENSMUSG00000120947	9.97919628354359	0.939134252370172	0.380754460704279	2.46650886409331	0.0136437351475006	0.0404637218397689
ENSMUSG00000141504	60.4874009578861	-0.365199525797661	0.148086972128158	-2.46611515212566	0.0136587416080981	0.0405026312141778
ENSMUSG00000045502	6.45993054311756	-1.60869645240242	0.652348087246897	-2.46600930370103	0.0136627785413523	0.0405090061006449
ENSMUSG00000026620	4064.1822330552	0.138034003390236	0.0559802478865811	2.46576263238241	0.013672190382689	0.0405313131825442
ENSMUSG00000047363	16.4635160486226	-0.681186180288677	0.276355221235369	-2.46489347023597	0.0137053992625036	0.0406237961564936
ENSMUSG00000117284	780.215241024392	-0.13883515498324	0.0563260713604663	-2.46484712371907	0.0137071720656612	0.0406237961564936
ENSMUSG00000042807	1053.20944507249	0.195604486079948	0.0793724508767785	2.46438762970307	0.0137247591573125	0.0406703037093969
ENSMUSG00000044296	58.6034561380121	-0.393303988396791	0.159615935245871	-2.46406467995159	0.0137371319526903	0.0407013491368461
ENSMUSG00000014956	12075.088259611	0.0537848929429837	0.0218287963440393	2.46394222087608	0.0137418261589867	0.0407096384665758
ENSMUSG00000046694	122.410100843535	-0.385814203584782	0.156587887742633	-2.46388280183525	0.0137441043710303	0.0407107692049864
ENSMUSG00000045205	2640.05172623636	-0.0840528666745299	0.0341234300091836	-2.4632009927463	0.0137702698016127	0.0407826450829772
ENSMUSG00000034557	7410.26743521909	-0.129435169201611	0.0525561739879221	-2.46279664937857	0.0137858078464583	0.0408230309328284
ENSMUSG00000034341	29252.097781568	0.0868925023786711	0.0352885174145109	2.46234494235058	0.0138031842823554	0.0408688488006953
ENSMUSG00000113275	34.197848972162	0.545903411066713	0.221739278707592	2.46191569778937	0.0138197145426575	0.0409121489963709
ENSMUSG00000032511	619.878510646384	-0.328355394454749	0.133417931914671	-2.46110391416315	0.0138510242240155	0.0409991844998231
ENSMUSG00000031700	3326.04832585291	-0.163524212819205	0.0664482284131793	-2.46092659991476	0.0138578713854641	0.0410137966579859
ENSMUSG00000003847	5686.78296090316	0.132997304286916	0.0540479102402083	2.4607298172275	0.0138654738382406	0.041025324264649
ENSMUSG00000028558	83.3792138381103	-0.330249604564369	0.134213598072289	-2.46062701028619	0.0138694471200079	0.041025324264649
ENSMUSG00000141102	6.91842305165266	1.37825776238132	0.560132360277017	2.46059299573353	0.0138707619354484	0.041025324264649
ENSMUSG00000037197	2988.9707782656	0.0815537877269626	0.0331439838396103	2.46059098150712	0.0138708397978097	0.041025324264649
ENSMUSG00000022523	22386.8819463971	-0.135190733090038	0.0549426620745821	-2.46057850102936	0.013871322254394	0.041025324264649
ENSMUSG00000060988	2956.4248930413	-0.153036528687567	0.0621978922261388	-2.46047773019634	0.013875218285245	0.0410311937885479
ENSMUSG00000048603	72.0102640863671	-0.340941259881258	0.138574993567117	-2.46033754795829	0.013880639657965	0.0410415717490189
ENSMUSG00000046085	15.0277206921782	-0.800746076359239	0.325471993707318	-2.46026107266026	0.0138835980328364	0.0410446653867051
ENSMUSG00000004934	1585.60030269019	-0.102011303099997	0.0414660819812343	-2.4601143446869	0.013889275624966	0.0410557960018618
ENSMUSG00000085946	107.430510714912	-0.302818676701395	0.123135172626458	-2.45923784603789	0.0139232341770625	0.0411505087215785
ENSMUSG00000085348	7.65181473988517	-3.45711890943279	1.40581410772621	-2.45915792879928	0.0139263340871461	0.0411540043384745
ENSMUSG00000020430	2791.31816767271	0.0727097083512757	0.0295695676181913	2.45893715086129	0.0139349010103339	0.0411699883282129
ENSMUSG00000040591	5420.23588852222	-0.084270799164265	0.0342714727853528	-2.45891968787175	0.0139355788313051	0.0411699883282129
ENSMUSG00000020705	4986.44150264338	0.110691314644416	0.0450187929330198	2.45878015452581	0.0139409958239325	0.0411803242543738
ENSMUSG00000025963	44.4927562320689	-0.47228608317525	0.192110955071558	-2.45840266110453	0.0139556602705013	0.0412172937185356
ENSMUSG00000064037	1530.15431898388	-0.0815501621765004	0.0331730582629565	-2.45832511220605	0.0139586744897304	0.0412172937185356
ENSMUSG00000026455	2972.04521970236	0.0939176287901599	0.0382041476990392	2.45830975029242	0.0139592716544188	0.0412172937185356
ENSMUSG00000117713	86.3447838707904	-0.341862499188216	0.139132915047991	-2.45709291054743	0.014006645649326	0.0413514861103605
ENSMUSG00000134176	14.0135846556269	-0.81901111967798	0.333411053627237	-2.45646060851257	0.0140313184115549	0.0414186305036355
ENSMUSG00000035805	1807.08143793299	0.197137875420184	0.0802636260909235	2.45612969437568	0.0140442461422623	0.0414457447193566
ENSMUSG00000031972	3110.20876190607	-3.52171549508904	1.43384931073476	-2.45612664365991	0.0140443653726172	0.0414457447193566
ENSMUSG00000024137	590.430077254168	0.131493145530811	0.0535469454820504	2.45566099703838	0.0140625746004244	0.041493776820991
ENSMUSG00000054728	9746.00034209245	-0.153668459629654	0.0625806276828622	-2.45552761804172	0.014067794257076	0.0415034732713571
ENSMUSG00000060923	2307.35173395466	-0.216592065670973	0.0882224581270412	-2.45506722742953	0.0140858243332275	0.0415509557698311
ENSMUSG00000049504	972.661241776081	0.163653707392699	0.0666975655239626	2.45366837765469	0.0141407320550102	0.0417071934999791
ENSMUSG00000020402	27643.0609728297	0.066612114161483	0.0271521936365109	2.45328664980907	0.0141557484203845	0.0417457474367322
ENSMUSG00000052488	2055.83874256238	0.112947545932264	0.0460407523573332	2.45320808521222	0.0141588407307472	0.0417491311986565
ENSMUSG00000039735	1639.28919905075	0.102815957029019	0.0419128386359044	2.45308980196207	0.0141634974955264	0.0417571263890908
ENSMUSG00000124019	30.5538943395981	-0.498284779603538	0.203152608872987	-2.45276091883748	0.0141764525977075	0.0417895813598446
ENSMUSG00000020728	254.454411058836	-0.216353140752188	0.0882169793527356	-2.45251132309915	0.014186291451815	0.0418128425517865
ENSMUSG00000021592	381.671967878783	-0.21684687406034	0.0884262898778108	-2.45228963422511	0.014195035292531	0.0418328703445182
ENSMUSG00000085282	470.193912715607	-0.185415962621088	0.0756136134790533	-2.45215053334876	0.0142005241294619	0.041843301436243
ENSMUSG00000044876	1129.17222914495	-0.0933832408603482	0.0380863491236674	-2.45188218374857	0.0142111183345289	0.041868771090996
ENSMUSG00000052981	5292.33344957661	-0.102318950508913	0.0417391951916092	-2.45138771936557	0.0142306576155898	0.0419205841054276
ENSMUSG00000037537	84.7558005482257	0.757247791966957	0.308951978442207	2.45102101558029	0.0142451636052978	0.0419575578967237
ENSMUSG00000028759	9828.86463812972	-0.0485297444235412	0.0198032122008536	-2.45059962653177	0.014261848930158	0.0420009396535562
ENSMUSG00000058831	12.5583992748328	-0.729660015302995	0.29775952913838	-2.4505009710836	0.0142657577821553	0.0420066881415288
ENSMUSG00000021456	144.254897558554	-0.502366356412027	0.20503430236872	-2.45015761074264	0.0142793695174154	0.0420371198649079
ENSMUSG00000027080	2414.99323704118	0.0783281828616886	0.0319688407667871	2.45014148098435	0.0142800092264468	0.0420371198649079
ENSMUSG00000032289	962.112349567745	-0.96540766634572	0.394048457669297	-2.44997194521678	0.0142867345741505	0.0420511510172376
ENSMUSG00000030324	135.142116690571	-0.304506045492864	0.124295478103302	-2.44985618253777	0.0142913283918208	0.0420578125644329
ENSMUSG00000085049	152.702714399019	0.251639439831239	0.102717682461593	2.44981617381535	0.014292916363437	0.0420578125644329
ENSMUSG00000037772	867.083242200155	-0.119693153020276	0.0488619219886861	-2.4496202390072	0.0143006953883852	0.0420749351983383
ENSMUSG00000118559	196.617813499858	0.221148393577849	0.090291219804795	2.44927905565969	0.0143142500008537	0.0421090435135433
ENSMUSG00000061353	2701.36440000326	0.350220145214146	0.143037031557902	2.44845786716691	0.0143469208458366	0.0421960000664429
ENSMUSG00000026383	486.264086062175	-0.225702216860232	0.0921821518063478	-2.44843727812274	0.014347740821996	0.0421960000664429
ENSMUSG00000024425	48857.3186640274	-0.0667164998686201	0.0272497668248374	-2.44833287189122	0.0143518995251111	0.042202448658361
ENSMUSG00000030619	676.388156829143	0.11397398640849	0.0465548467595122	2.4481658590188	0.014358554183142	0.0422162339536127
ENSMUSG00000035299	77.5423649673097	0.388050691733468	0.158526513170442	2.44785988143352	0.0143707529760999	0.0422463138023775
ENSMUSG00000027006	6891.82163742649	-0.0625679987429605	0.0255628597213726	-2.44761342920677	0.014380585242445	0.0422694293871457
ENSMUSG00000035923	5.40990929463104	-4.75759821363406	1.94415947058749	-2.44712344106032	0.014400151054661	0.0423170433960431
ENSMUSG00000038225	401.117316916493	-0.175454621480088	0.071698734818717	-2.44710903091536	0.0144007268241915	0.0423170433960431
ENSMUSG00000071648	890.650578524243	-0.142002075771394	0.0580454113431155	-2.44639623504427	0.0144292325397489	0.0423935244448851
ENSMUSG00000031833	1473.7718762848	-0.117107085336376	0.0478708068729611	-2.44631525946811	0.014432474013241	0.0423935244448851
ENSMUSG00000024937	2169.29856886131	0.154631904417938	0.063210261506539	2.44631015174556	0.01443267849824	0.0423935244448851
ENSMUSG00000063576	5861.7010986041	0.076095656355416	0.0311128763727583	2.44579303577484	0.0144533941941053	0.0424485647517669
ENSMUSG00000031428	12829.3251327049	0.101455621889741	0.0414864812199565	2.44551041462966	0.014464727091552	0.042476037174727
ENSMUSG00000038128	846.85818713461	0.164723231436938	0.067376116781036	2.44483118509587	0.0144919957428984	0.0425502914262149
ENSMUSG00000033467	774.42819538337	0.129172178558134	0.0528407481305493	2.44455620194852	0.0145030482230282	0.0425769191952303
ENSMUSG00000025784	608.976851383366	-0.924304861540374	0.378126826944458	-2.44443079854829	0.0145080910667681	0.0425858994720695
ENSMUSG00000038782	34.0646554833785	0.472239768172945	0.193232786909991	2.44389047906718	0.0145298366070068	0.0426438983601323
ENSMUSG00000033065	15698.0117343247	-0.138644226490479	0.056750227352419	-2.44306028290421	0.0145633044422348	0.0427351048433337
ENSMUSG00000020701	8739.45153591065	-0.186511896782431	0.0763447821080335	-2.44302088017623	0.0145648945790473	0.0427351048433337
ENSMUSG00000026748	2023.0494951847	-0.152373870437274	0.062379202552478	-2.44270308375754	0.0145777251710776	0.0427669056337778
ENSMUSG00000026586	801.060874376596	-0.786969026345844	0.322193374086597	-2.44253634506564	0.0145844610007219	0.0427808198744871
ENSMUSG00000021022	2073.85873207138	0.0753422585963397	0.0308488208311426	2.44230594772945	0.0145937729970553	0.0427985634795552
ENSMUSG00000019933	12.7928214409832	-1.09219685988184	0.447203128068374	-2.44228358732512	0.0145946770191412	0.0427985634795552
ENSMUSG00000066357	5491.17655915046	-0.130572708085415	0.0534643510865855	-2.44223871480181	0.0145964913460274	0.0427985634795552
ENSMUSG00000021417	3132.35880979006	-0.0959171609026186	0.0392829505354862	-2.44169950564106	0.0146183086996055	0.0428566804897201
ENSMUSG00000021928	834.569355509101	-0.127454877736302	0.052209106974258	-2.44123841840743	0.0146369878994514	0.0429055827187796
ENSMUSG00000050926	5.4479796301809	1.28214614948908	0.52526363806779	2.44095737181717	0.0146483837540111	0.0429331247492629
ENSMUSG00000074771	27.0724890080841	-0.677117239321667	0.277418820976038	-2.4407761410685	0.014655736431026	0.0429488106796456
ENSMUSG00000027656	431.460307898868	-1.45249872782959	0.595494844256008	-2.43914576564352	0.0147220284861883	0.0431371913028281
ENSMUSG00000058325	1146.76283888288	0.187710535260713	0.0769639468407018	2.43894112719078	0.0147303678502858	0.0431557358092308
ENSMUSG00000031781	4107.16588651717	0.0725555498445355	0.0297576022603811	2.43821895358602	0.0147598309318722	0.0432361532182818
ENSMUSG00000109865	1076.60986573135	-0.118972308974949	0.0488137347215866	-2.43727118307006	0.0147985766683921	0.0433437367667764
ENSMUSG00000037337	92.3547916803978	-0.485229099867458	0.199102519341146	-2.43708166764106	0.0148063349792014	0.0433605438831564
ENSMUSG00000058351	222.318718934952	-0.21686276004877	0.0889994586566235	-2.43667504636704	0.0148229931833967	0.0434034063122077
ENSMUSG00000128256	81.041831169347	-0.316790481325745	0.130085138886198	-2.43525497253672	0.0148812995003901	0.0435681908176997
ENSMUSG00000030621	430.894802670478	-0.167696559920057	0.0688678070456167	-2.43505009254872	0.014889728255699	0.0435869230515253
ENSMUSG00000029456	364.84038801974	0.162560506641699	0.0667632351959875	2.43488060703609	0.0148967040624058	0.0435952005481282
ENSMUSG00000064373	20417.2505963189	-0.221755870883795	0.0910750024106678	-2.43487087580708	0.0148971046747302	0.0435952005481282
ENSMUSG00000047415	269.483222467569	-0.284262077973477	0.116748062098456	-2.43483337422554	0.0148986486173981	0.0435952005481282
ENSMUSG00000068184	1068.83099828693	-0.159927870712027	0.0656909815141891	-2.4345483508643	0.0149103876570786	0.0436186915667589
ENSMUSG00000121084	415.433544644792	0.144500723334553	0.0593544308958095	2.43453978336022	0.0149107406464584	0.0436186915667589
ENSMUSG00000033883	1353.42146439585	0.112278896355707	0.0461249416808051	2.43423389307899	0.014923348444404	0.043649624977187
ENSMUSG00000038721	455.882180300799	-0.190506104955364	0.0782648182743715	-2.43412185903903	0.0149279684708861	0.0436571895362453
ENSMUSG00000132124	34.0716000959163	-0.603235516112718	0.247860232252075	-2.43377289947516	0.0149423668379598	0.0436933451224145
ENSMUSG00000021950	75.569549674202	-1.56929894880112	0.645052516156513	-2.43282354458772	0.0149815999624134	0.043802100898007
ENSMUSG00000002289	844.465288589269	0.393619918692423	0.161827023186971	2.43234974567655	0.0150012141428039	0.0438534744368008
ENSMUSG00000134848	9.01527955339528	-0.939849263175252	0.386408462343132	-2.4322688418264	0.0150045656354508	0.0438572992824874
ENSMUSG00000022889	1657.88855792117	-0.0936067961245095	0.0384952084184416	-2.4316479886797	0.015030306825505	0.043926557701333
ENSMUSG00000020605	1224.57558626164	-0.178261479088744	0.0733181922020772	-2.43134034998334	0.0150430762391146	0.0439578919886787
ENSMUSG00000028347	1978.26911946532	-0.114955774708663	0.0472859546655138	-2.43107653259461	0.0150540343354406	0.0439839255539087
ENSMUSG00000064202	67.3742452504883	-0.435365212484482	0.179111469194794	-2.43069421763828	0.0150699269035538	0.0440243672988142
ENSMUSG00000040865	1579.80396327997	0.181911158036944	0.0748522159743347	2.43027084327493	0.0150875435244579	0.0440638870819824
ENSMUSG00000120260	20.7394013112036	0.722290592771125	0.297205850429004	2.43027043959104	0.0150875603304095	0.0440638870819824
ENSMUSG00000038526	41.7134603586348	-0.761761881873213	0.31349394013617	-2.42990943155817	0.015102596225317	0.044101799833037
ENSMUSG00000052373	270.731314610325	-0.294538036593332	0.121234917610109	-2.4294818885477	0.0151204203538877	0.0441478432149827
ENSMUSG00000073433	5436.59303576757	-0.136099322483791	0.0560384385534611	-2.42867799312344	0.0151539846635914	0.0442398252126552
ENSMUSG00000023911	493.982096524389	-0.192068475861108	0.079089131756786	-2.42850656714446	0.0151611505372336	0.0442547263301953
ENSMUSG00000111594	47.5063869108325	-0.399834202113149	0.164646789310811	-2.4284360708569	0.0151640982579244	0.044257312468335
ENSMUSG00000031201	3180.1232037802	-0.0924484990755772	0.0380772798632369	-2.4279176298209	0.0151857917778448	0.0443146011831454
ENSMUSG00000005881	4537.59889800586	-0.102985815398199	0.0424232095738655	-2.4275818928524	0.0151998548482325	0.0443342869548533
ENSMUSG00000050088	1269.12998535339	-0.0850993706358932	0.0350556861049031	-2.42754828364322	0.0152012632740382	0.0443342869548533
ENSMUSG00000120881	80.2547060404962	-0.831138390700445	0.342379292602446	-2.42753697042514	0.015201737391029	0.0443342869548533
ENSMUSG00000023044	774.418471775914	-0.13267154016218	0.0546529792301048	-2.42752622146352	0.0152021878730911	0.0443342869548533
ENSMUSG00000029054	38.883707029147	-0.586095166517725	0.241438818832496	-2.42751008040817	0.015202864356409	0.0443342869548533
ENSMUSG00000016252	3955.84955563271	-0.189323214208643	0.077993903969409	-2.42741040739415	0.0152070423118587	0.0443404469256124
ENSMUSG00000052139	2118.13220139958	0.0944614983813491	0.038917934069289	2.42719714292057	0.0152159850328443	0.0443517567502567
ENSMUSG00000036103	759.678695533029	-0.779334049716935	0.321085095643956	-2.42718849392225	0.0152163478049938	0.0443517567502567
ENSMUSG00000022119	1457.16395960156	0.115522286016272	0.0475954636484737	2.42717009481168	0.0152171195595658	0.0443517567502567
ENSMUSG00000032714	887.258378050394	-0.181234248717084	0.0746715308514445	-2.42708628911922	0.0152206352430459	0.0443559810110267
ENSMUSG00000028164	466.568695339844	-0.254847208678658	0.105071564825704	-2.42546315077164	0.0152888677765014	0.0445487017871221
ENSMUSG00000054675	445.715517034017	-0.942696395955337	0.38867434812264	-2.42541449032774	0.0152909174866075	0.0445487017871221
ENSMUSG00000019880	136.965679325182	-1.24676570553463	0.514153134618434	-2.42489177170899	0.0153129510776378	0.0446068405255222
ENSMUSG00000051146	5089.91602183931	0.0806691086156943	0.0332690036881958	2.42475276301456	0.0153188152632575	0.0446178681738242
ENSMUSG00000021286	759.575382577523	-0.196516123760268	0.081069211441719	-2.42405372231287	0.0153483347960897	0.0446977824898741
ENSMUSG00000104453	16.517916175808	-1.57986886212212	0.651831808242348	-2.42373698574516	0.0153617266249685	0.0447307140167627
ENSMUSG00000046480	28208.0455298194	-0.1693870650725	0.0698931772340933	-2.42351359282426	0.0153711780080078	0.0447521642641932
ENSMUSG00000071256	408.062373695041	0.161870177786033	0.0667983846181182	2.4232648545535	0.0153817077330863	0.0447767477893179
ENSMUSG00000008028	35.3550854996676	-0.503308023405271	0.207762506460258	-2.42251613142502	0.0154134414217635	0.0448630418385866
ENSMUSG00000079679	34.7807046455874	-0.597330246398806	0.246619698578658	-2.42207029625531	0.0154323649454915	0.0449120317136553
ENSMUSG00000026707	514.009840828223	0.127587331471832	0.0526836275267438	2.42176435946945	0.0154453622942278	0.0449437639972744
ENSMUSG00000066258	190.790278729957	-0.302801385444126	0.12505272821115	-2.42138967918277	0.0154612932502968	0.0449840228938561
ENSMUSG00000026043	11647.3834978588	-0.701675788468678	0.28986469590593	-2.42070110082117	0.0154906084891977	0.0450632066444122
ENSMUSG00000030592	376.45900478557	-2.42055458044083	1.00028532043025	-2.41986414376219	0.0155263065928696	0.04516093459655
ENSMUSG00000060376	3252.43099633628	-0.0761769023954755	0.0314851099101125	-2.41945804264157	0.0155436537904724	0.0452052665311313
ENSMUSG00000022324	5877.02859631139	0.193572485617864	0.0800104741614333	2.41933931334167	0.0155487287054914	0.0452139000802056
ENSMUSG00000025817	1605.82217196595	-0.135858016875288	0.0561608916545344	-2.41908582418882	0.0155595686184518	0.0452392929654188
ENSMUSG00000049517	6752.52251436143	-0.172278025834689	0.0712193087926619	-2.41897918914428	0.0155641306211769	0.0452464284824192
ENSMUSG00000023755	935.190922015999	0.139696485738293	0.0577516882216194	2.41891605319336	0.0155668322239151	0.0452481544371782
ENSMUSG00000026308	30.1270417908645	-1.47663421315018	0.610503958553629	-2.41871357664664	0.015575499028496	0.0452672166457751
ENSMUSG00000039496	607.5000866798	-0.133922848083377	0.0553737508312695	-2.4185258551738	0.0155835380496291	0.0452844494075185
ENSMUSG00000048776	383.210254030245	0.511188740259968	0.211399463338865	2.41811749276087	0.0156010384519212	0.0453291677597374
ENSMUSG00000024033	210.417110175957	0.255741080153439	0.105797331597927	2.41727344433751	0.0156372650270275	0.0454282759602345
ENSMUSG00000078202	1400.91357887112	-0.310919974438058	0.128632252850732	-2.41712298080371	0.0156437306916297	0.045440909746485
ENSMUSG00000078490	200.87531165351	-0.220369076425986	0.0912385678129423	-2.41530617707401	0.0157219875842931	0.0456620464733372
ENSMUSG00000019838	141.434600400348	-0.454628878054129	0.188238368268624	-2.41517647138417	0.0157275876665324	0.0456721316084665
ENSMUSG00000136259	31.7351735457089	0.479575230105776	0.198584736560652	2.4149652103766	0.0157367126806338	0.0456924488573632
ENSMUSG00000030319	256.735947822109	-0.244434096115993	0.101226630141889	-2.41472126231378	0.0157472553426729	0.045716876276145
ENSMUSG00000052928	15026.5585184364	0.168236092469893	0.0696784782188239	2.41446278349465	0.0157584327562281	0.045743139627477
ENSMUSG00000079469	674.814226832551	-0.11933799576317	0.0494331243550607	-2.41413014694373	0.0157728272450678	0.0457757466358373
ENSMUSG00000037636	82.6580033104448	-0.313253199487409	0.129759577144835	-2.41410465709025	0.0157739307679721	0.0457757466358373
ENSMUSG00000050705	2723.27890550022	-0.0858595453622954	0.0355689226503528	-2.41389221164515	0.0157831307328124	0.0457962536240269
ENSMUSG00000025487	6594.77132577459	0.0592136291605009	0.0245386639856542	2.41307469694024	0.0158185773023731	0.045892901793856
ENSMUSG00000041840	593.232343419533	-0.123249383071663	0.0510767143936726	-2.41302488883136	0.015820739190118	0.0458929712777127
ENSMUSG00000045657	202.144611339759	0.274834799116985	0.113915307854448	2.41262394223741	0.0158381514767592	0.0459372732874088
ENSMUSG00000144194	482.329601286975	-0.124919363831624	0.0517861606949649	-2.41221519717274	0.0158559197815204	0.0459805346899923
ENSMUSG00000042903	1330.69786822781	-0.207537152455556	0.0860370932226303	-2.41218228884757	0.0158573510812454	0.0459805346899923
ENSMUSG00000069855	243.382639300788	0.208334344123071	0.086386880790145	2.41164332150349	0.0158808088562989	0.0460423342665198
ENSMUSG00000102729	101.788323348479	0.298639500350353	0.123848980755575	2.41131980681972	0.0158949040166994	0.0460769763163361
ENSMUSG00000048410	1120.12225732032	0.140016539781578	0.0580742387744206	2.4109922529583	0.0159091863661759	0.0461121515712034
ENSMUSG00000070837	3.67861002907609	1.7728634561902	0.735341957559567	2.41093743932949	0.0159115775098283	0.046112855788575
ENSMUSG00000029695	70.0770200567857	-0.450490566119786	0.186860482033124	-2.41083915238927	0.0159158658880464	0.0461190573910372
ENSMUSG00000051950	2603.66295165354	0.0818521135095422	0.0339527157253579	2.41076779164414	0.0159189800805432	0.0461218553663033
ENSMUSG00000042046	3062.58427885112	0.0761030047460752	0.0315690590893928	2.41068333809308	0.015922666337122	0.0461263097965805
ENSMUSG00000031770	3479.15763051622	0.141705459003608	0.058799071383751	2.40999484632622	0.0159527458658794	0.0462025738597157
ENSMUSG00000087343	7.05824438235334	-1.18782486052103	0.492880492050222	-2.40996525461997	0.015954039817559	0.0462025738597157
ENSMUSG00000044770	459.858792807841	-0.20632665209675	0.0856150982608836	-2.40993301751564	0.0159554495491509	0.0462025738597157
ENSMUSG00000038425	366.23548400237	-0.159475609351581	0.0661789685910785	-2.40976268966936	0.0159628998201082	0.046217913075053
ENSMUSG00000130860	76.7099804795258	0.318678447200243	0.132263662814859	2.40941797934573	0.0159779870744453	0.0462553567822041
ENSMUSG00000029130	278.547001755884	-0.20902184088945	0.0867577157921149	-2.40925938380281	0.0159849326817504	0.0462692239679683
ENSMUSG00000067872	84.9202077961468	-0.322361525970056	0.133818913981671	-2.40893844060198	0.015998996340079	0.0462994182560828
ENSMUSG00000040412	960.896511144896	0.176623232261386	0.073320417464751	2.40892289444885	0.0159996778451329	0.0462994182560828
ENSMUSG00000063727	158.173685333006	-1.39523671599359	0.579315062538064	-2.40842471777075	0.0160215302009682	0.0463493441973721
ENSMUSG00000011118	7.23076273439472	-1.75325800099385	0.727987228900476	-2.40836367918419	0.0160242094420373	0.0463493441973721
ENSMUSG00000028683	1099.02148151535	0.095252642556225	0.0395511328247735	2.40834170232823	0.0160251741953969	0.0463493441973721
ENSMUSG00000025892	4379.93715359079	-0.162535602617305	0.0674888480919882	-2.40833274255573	0.01602556753158	0.0463493441973721
ENSMUSG00000021136	1340.74323726576	-0.757301081760643	0.314496101542888	-2.40798241391672	0.0160409536991125	0.0463875942483023
ENSMUSG00000044951	103.2159973375	-2.88869201256162	1.19965847217238	-2.40792865600381	0.0160433158547125	0.0463881759344366
ENSMUSG00000005973	2569.55144867767	-0.197659108175871	0.0821028999573695	-2.4074558667051	0.0160641036803882	0.0464420268825877
ENSMUSG00000074415	466.485087274183	-0.153970091502363	0.0639576832427547	-2.40737443409202	0.0160676865377953	0.0464461297091722
ENSMUSG00000085928	14.5235877785295	-0.835107040787316	0.346914744199537	-2.40723997682549	0.0160736039018446	0.0464569787743364
ENSMUSG00000051590	9.65293891128212	1.31277173455044	0.54536034765528	2.40716388750037	0.0160769533850204	0.0464604040606957
ENSMUSG00000059842	338.918846296749	0.209810199647553	0.0871650741599693	2.4070443542846	0.0160822165250623	0.0464693579118303
ENSMUSG00000042857	160.93758597767	-0.231213957655069	0.0960700866221155	-2.40672165275058	0.0160964328880548	0.0465041760935375
ENSMUSG00000031204	5.07127822368675	-2.80306515488155	1.16484177776253	-2.40639133004466	0.01611099643569	0.0465399878197445
ENSMUSG00000086544	11.528832693957	-0.917911450023152	0.3815071359272	-2.40601384242078	0.0161276536100566	0.0465818369743642
ENSMUSG00000116138	786.551640693185	-0.109103894909596	0.0453489657150355	-2.40587394198105	0.0161338307580171	0.0465934092629619
ENSMUSG00000031578	896.335131238787	0.115641866420695	0.0480715538479039	2.40561948104653	0.0161450715282207	0.0466195998688169
ENSMUSG00000000861	249.874196010005	-0.231905707269961	0.0964080541519676	-2.40545988932013	0.0161521249785678	0.0466336939865416
ENSMUSG00000054843	21302.5842385256	0.136312171984123	0.0566696986739037	2.40538021506888	0.0161556473423653	0.046637590889082
ENSMUSG00000138883	16.2321293050296	0.764539235177447	0.317862028390789	2.40525500654485	0.0161611841206008	0.0466473011070077
ENSMUSG00000030271	453.548693726546	-0.148947718671419	0.0619285225296118	-2.40515537247312	0.0161655911763645	0.0466537483452327
ENSMUSG00000016206	417.082651877451	-0.178556485421444	0.0742439316005075	-2.40499770920299	0.0161725671619881	0.046667606761559
ENSMUSG00000031129	14705.1650089793	-0.146776548172689	0.0610389743004935	-2.40463654336836	0.0161885573166063	0.0467074692685849
ENSMUSG00000037762	860.478743686034	-0.294617208992633	0.122529529840246	-2.40445882210398	0.0161964307975248	0.0467239058593829
ENSMUSG00000069515	58.7750263064783	-0.733992902621417	0.305290868777318	-2.40424125870859	0.0162060739625755	0.0467454425800383
ENSMUSG00000041703	45.4213853637156	-1.1124535953535	0.462857369372529	-2.40344794955215	0.016241278935001	0.04684069509858
ENSMUSG00000133603	7.27959917470202	-1.10763565871418	0.460909007102154	-2.40315472608823	0.0162543084217197	0.0468719753601067
ENSMUSG00000086228	6.50671130878703	1.17537772801827	0.489227257110856	2.40251889267065	0.0162825934596136	0.0469472332040382
ENSMUSG00000021877	6408.64073883749	0.0784690343182299	0.0326622477737227	2.40243827864657	0.0162861826605659	0.0469512754487924
ENSMUSG00000031148	2053.12838935314	0.0933702490889335	0.0388683646673097	2.40221707005498	0.0162960351645975	0.0469682205160245
ENSMUSG00000037463	368.737304130489	-0.250240826205463	0.104171170783725	-2.4022080612399	0.0162964365230295	0.0469682205160245
ENSMUSG00000018999	3593.17575378466	-0.123100494030825	0.051247268090349	-2.40208890381823	0.0163017460113768	0.0469772157175748
ENSMUSG00000032334	815.996346802793	-0.821694413146377	0.342082476190617	-2.40203597184122	0.0163041050739064	0.0469777073176477
ENSMUSG00000002325	1160.39459362393	0.256232347980514	0.10668383117249	2.40179177260918	0.0163149923845645	0.0469989568642901
ENSMUSG00000070385	65.1633137430542	-4.11869796195877	1.71487148502965	-2.40175313305623	0.0163167156648713	0.0469989568642901
ENSMUSG00000037605	2947.48493381853	-0.155723317573824	0.0648381603893199	-2.40172325431175	0.0163180483326914	0.0469989568642901
ENSMUSG00000028019	279.799914862979	0.29066747246874	0.121033825655899	2.4015391638955	0.0163262613424373	0.0470163034581109
ENSMUSG00000050812	12251.8283984175	0.127792732968367	0.0532141935569179	2.4014783355061	0.0163289759383886	0.0470178132117305
ENSMUSG00000040663	37.220844761834	0.781118265396837	0.325282891947706	2.40135059277084	0.0163346780199647	0.0470279236020068
ENSMUSG00000001909	1927.25035089746	0.080906170342496	0.0336939322434707	2.40120891078762	0.0163410043571152	0.047039828286152
ENSMUSG00000036678	870.881440491504	0.144553279315941	0.0602023217716925	2.40112465868236	0.0163447673749149	0.047044351899963
ENSMUSG00000027111	4503.40904614617	0.237405508384661	0.0988769132520847	2.40102062833819	0.0163494148141105	0.0470514195468153
ENSMUSG00000098235	6.56718117407342	1.36492039885261	0.568491887484549	2.40094965100044	0.0163525863134932	0.0470542383117217
ENSMUSG00000118012	290.566051939335	0.193722018962323	0.0806951305420313	2.40066553782226	0.0163652868315456	0.0470844722055969
ENSMUSG00000030310	553.982926922051	-0.942786361392362	0.392765097432006	-2.40038223242475	0.0163779598684824	0.0471146189408795
ENSMUSG00000101503	15.0202399147262	-0.770460377874108	0.321000013784111	-2.40018798999891	0.0163866538529319	0.0471333125562156
ENSMUSG00000035069	344.121405340435	-0.1612714511703	0.0671980402522814	-2.39994277459342	0.0163976350974091	0.0471585791801961
ENSMUSG00000052533	823.623657720681	0.139589036161072	0.0581658495738316	2.39984522161732	0.0164020055152627	0.047164829255275
ENSMUSG00000032867	5612.46234373557	0.0745231851772863	0.0310598426919736	2.39934200299554	0.0164245661972669	0.0472233777110275
ENSMUSG00000021481	1130.51812672361	0.0946264550213048	0.0394406735256904	2.39920991612043	0.0164304925320213	0.0472340903565514
ENSMUSG00000108049	8.04898556230842	-0.93141481858437	0.388239578634123	-2.3990722992777	0.0164366689775286	0.0472455190508341
ENSMUSG00000021223	524.395756581213	0.222106981393434	0.0925860871959777	2.39892394332745	0.0164433296943806	0.047258336486755
ENSMUSG00000037572	361.315938506432	0.233891536262522	0.0975296440331202	2.39815841205259	0.0164777373450419	0.0473508848525662
ENSMUSG00000041809	229.791193688593	-0.209377195656469	0.0873192988664157	-2.39783413717948	0.0164923312960971	0.047386478865215
ENSMUSG00000066442	101.021031035272	-0.286952149018537	0.119686236174511	-2.39753674432655	0.0165057254043861	0.047416891980231
ENSMUSG00000025529	143.582983605662	-0.317842200554503	0.132572288899423	-2.39750104032402	0.0165073340989596	0.047416891980231
ENSMUSG00000034659	3148.43712931225	-0.0824180424568092	0.0343779219593516	-2.39741199465925	0.0165113467779585	0.0474220725094537
ENSMUSG00000068697	221.236694382213	-3.43641278008707	1.43348189798648	-2.39724881417336	0.0165187024298478	0.0474368516868378
ENSMUSG00000097057	32.1767498806177	-0.477082220472323	0.199033424687195	-2.39699548566838	0.0165301273670973	0.0474633111372539
ENSMUSG00000107742	16.2578150394617	-0.826002748597573	0.344695975925395	-2.39632257493006	0.0165605088762392	0.0475441866440217
ENSMUSG00000002076	20.1531859357281	-1.01543507906192	0.423775474047017	-2.39616292411782	0.0165677242067632	0.0475585407625539
ENSMUSG00000120507	210.73391444782	-0.199761462619642	0.0833812769464869	-2.39575921519944	0.0165859819280564	0.0476045845791763
ENSMUSG00000100599	53.2967267026518	-0.398606340224656	0.166421654514153	-2.39515909986796	0.0166131547773383	0.0476762005949658
ENSMUSG00000021835	292.939149400438	-1.18472125393331	0.494650941720322	-2.39506519448447	0.0166174102901182	0.0476782819239564
ENSMUSG00000039960	4587.64218186439	0.130284744752355	0.0543976170657298	2.39504507329668	0.0166183222470438	0.0476782819239564
ENSMUSG00000028086	4889.60699837455	-0.117703969639552	0.0491654633402746	-2.39403763623504	0.0166640387578633	0.0478030543867826
ENSMUSG00000071454	2524.74990561949	-0.106190444450946	0.0443609873607077	-2.39378000285456	0.0166757476259492	0.0478263663463041
ENSMUSG00000017485	4078.06426151506	0.11147540521448	0.0465691500393193	2.3937607862793	0.0166766212662856	0.0478263663463041
ENSMUSG00000076617	1814.50763408326	0.267219325970367	0.111646834194927	2.39343397327167	0.0166914852728751	0.0478625999021556
ENSMUSG00000020018	1008.77649915534	-0.14239996530882	0.0595185650316835	-2.39253021696703	0.0167326502120831	0.0479742312611961
ENSMUSG00000117924	921.289293425673	-0.122477295224825	0.0512173740292452	-2.39132320909093	0.0167877668693453	0.0481258284745415
ENSMUSG00000031825	1101.29890633536	-0.315571335667782	0.131968060141416	-2.39127054932547	0.0167901751425204	0.0481263051955326
ENSMUSG00000117916	61.9413548563712	-0.345300488503271	0.144406451990611	-2.39117078041446	0.0167947386756707	0.0481329586664816
ENSMUSG00000039952	12015.7704559537	0.180579570891794	0.0755272199275036	2.39092040015675	0.0168061961230575	0.0481593653687828
ENSMUSG00000035165	42.5950310173118	0.524095756592991	0.219233272169151	2.39058492995817	0.0168215580572271	0.048196952116449
ENSMUSG00000041078	915.681527051205	0.16694584966292	0.0698671041518575	2.38947716081176	0.016872372884291	0.0483360945327893
ENSMUSG00000062252	783.184592629977	-0.132307172215908	0.0553769023860778	-2.38921222594732	0.0168845457412107	0.0483645127943461
ENSMUSG00000004070	6036.28158701491	-0.0778806450011193	0.0325979818591815	-2.38912474206386	0.016888567021025	0.0483695770077816
ENSMUSG00000030759	8087.58719855719	0.106189386267336	0.04445066501301	2.38892683014429	0.0168976673324253	0.0483891844927751
ENSMUSG00000038481	2566.72190997939	0.125866659342854	0.0526903795537727	2.38879773516153	0.0169036056483674	0.0483997330729432
ENSMUSG00000120604	9.7724491050767	-1.00136658616792	0.419214559253431	-2.38867320818062	0.0169093355735882	0.0484096822382829
ENSMUSG00000025782	804.729218192863	0.112912814335113	0.0472738009787717	2.38848605352925	0.0169179504249424	0.0484278868944944
ENSMUSG00000036972	125.550780398017	-0.935151669517765	0.39153322811963	-2.38843500974082	0.0169203006724691	0.0484281565646961
ENSMUSG00000001604	96.1437453563157	-0.939293050457145	0.393291814291403	-2.3882852790859	0.0169271964867957	0.0484377749058588
ENSMUSG00000039660	1267.28568572625	-0.0893684792025138	0.0374198485501972	-2.38826405410566	0.0169281741984418	0.0484377749058588
ENSMUSG00000021403	10.547307573234	-1.80609110187812	0.756284153604328	-2.38811178744203	0.0169351896931262	0.0484513903708711
ENSMUSG00000014294	3494.95116382344	-0.120383280139978	0.0504166094175833	-2.38777025132501	0.0169509348205509	0.0484899742614534
ENSMUSG00000001983	1023.92770637202	-0.126719408976025	0.0530745744069403	-2.38757277645648	0.016960044452905	0.0485095688509072
ENSMUSG00000005493	10.7572006919552	-1.01813542274544	0.426470532497945	-2.38735233776167	0.016970218494698	0.0485287429376921
ENSMUSG00000020102	1378.09364005078	-0.103130411893553	0.0431990677685251	-2.38732957030832	0.0169712695999839	0.0485287429376921
ENSMUSG00000140673	8.68689139985614	0.971203600808739	0.406835048175992	2.3872171415984	0.0169764609352613	0.0485326335095997
ENSMUSG00000041688	701.623802474386	-0.178820121976529	0.0749078245978414	-2.38720217729674	0.016977152008925	0.0485326335095997
ENSMUSG00000027132	434.249162474325	0.133963436514183	0.0561220461647287	2.38700200133429	0.0169863988062349	0.0485526014347056
ENSMUSG00000023947	543.724530059148	-0.167241284635115	0.0700792582338796	-2.38645911571967	0.0170114987591134	0.0486166981086472
ENSMUSG00000031591	4227.36022891126	-0.0712871731200427	0.0298720266625857	-2.38641903762522	0.0170133530323375	0.0486166981086472
ENSMUSG00000045896	8153.79625258843	0.0824182072351129	0.0345420082194585	2.38602824455019	0.0170314429589864	0.0486619132913085
ENSMUSG00000086316	2490.00762663225	-0.084258593837244	0.0353163884723326	-2.38582135608949	0.0170410267179402	0.0486826818115251
ENSMUSG00000021500	3103.84433963252	0.141018526217172	0.059108096618085	2.38577342674954	0.0170432476387595	0.0486826818115251
ENSMUSG00000035898	4763.84494010546	0.187179685366525	0.0784711999774277	2.38532971867855	0.0170638199772398	0.0487349600361136
ENSMUSG00000021194	8501.92147515293	-0.156492554937316	0.0656505225039987	-2.38372139273963	0.0171385720706242	0.0489419433375041
ENSMUSG00000063364	76.6343892106527	-0.335442726164414	0.140738663606446	-2.3834440200628	0.0171514928576123	0.0489723258421796
ENSMUSG00000071679	79.0680465084232	-0.516811058302934	0.216864762217757	-2.38310296711089	0.0171673917611482	0.0490112024929921
ENSMUSG00000025646	803.703170822158	0.100773491142175	0.0423080407537489	2.38189926422546	0.0172236082983069	0.0491651563472681
ENSMUSG00000029127	141.693569312396	-0.304212658619028	0.127738948602149	-2.38151841664611	0.0172414286189652	0.0492094810177777
ENSMUSG00000124896	19.0533664595327	0.699381558650191	0.293703596279543	2.38124955740933	0.0172540186054413	0.0492388677724546
ENSMUSG00000029878	688.941333434606	-0.198704101226442	0.0834556834358946	-2.38095349586436	0.0172678917341021	0.0492719080106653
ENSMUSG00000001383	6276.13710113178	-0.0727664103399234	0.0305629594559864	-2.38086924941657	0.0172718412206087	0.0492766272782544
ENSMUSG00000026969	17.9452720606569	-0.743331149100038	0.312235594386072	-2.38067396051241	0.0172809994417308	0.0492962038559726
ENSMUSG00000110277	214.61782852617	-0.181497016017127	0.0762438118507409	-2.38048192517494	0.0172900092373538	0.0493153518853357
ENSMUSG00000113178	6.06799643208099	-4.28450610505935	1.80036766307183	-2.37979507905014	0.0173222679891577	0.0494007977488054
ENSMUSG00000025733	1983.86817198209	0.102770005354711	0.0431972294535684	2.3790878872261	0.0173555374474887	0.0494891029287716
ENSMUSG00000021079	787.870202057488	-0.109606903847099	0.0460724997937823	-2.37900926447865	0.0173592396712315	0.0494930852414206
ENSMUSG00000071656	312.255673021462	-0.518563287211323	0.217990765424312	-2.37883144362541	0.0173676155351687	0.0495103897845859
ENSMUSG00000031791	5370.30454922972	-0.109260696863449	0.0459431254068355	-2.37817292349887	0.0173986645629917	0.0495923162274837
ENSMUSG00000019470	1661.95437771301	0.0891227815467233	0.0374769695869839	2.37806798492257	0.017403616879227	0.0495998459810788
ENSMUSG00000030447	5114.21863473926	0.112973629998012	0.0475075040188493	2.3780165329921	0.0174060454772315	0.0496001821603945
ENSMUSG00000052738	4787.63692789673	-0.0708568690778021	0.0297975805081782	-2.37794035184685	0.0174096418720582	0.049603845556889
ENSMUSG00000109590	17.9413874593286	-0.752746217148468	0.316564400778834	-2.37786123549113	0.0174133775233636	0.0496079047002686
ENSMUSG00000030281	451.163646991991	-0.24666863959408	0.103738234267982	-2.37779870974932	0.0174163303098603	0.0496097328067225
ENSMUSG00000054958	56.6557756213475	-0.924310897678125	0.388777198765163	-2.37748227162994	0.017431280876813	0.0496457311001285
ENSMUSG00000052605	286.099734380378	-0.199072783120271	0.0837699463119003	-2.37642247470308	0.0174814344701251	0.0497819676752065
ENSMUSG00000024387	4161.15610172472	0.0707429978562482	0.0297733555981413	2.37605054704229	0.0174990654587563	0.0498255656105136
ENSMUSG00000085295	12.5323909227511	1.05975525173208	0.446129786947971	2.3754415928647	0.0175279661943392	0.049901236382982
ENSMUSG00000076431	1760.69421999416	-0.1125728499501	0.0473938036864069	-2.3752651442574	0.0175363481939057	0.0499184790253787
