gene_id	baseMean	log2FoldChange	lfcSE	stat	pvalue	padj
ENSMUSG00000026628	14650.8125638744	5.68928163041582	0.092822978783656	61.2917372935846	0	0
ENSMUSG00000036390	7407.1258322948	3.37873003511734	0.072127495522444	46.8438562942474	0	0
ENSMUSG00000051379	5691.6137247449	3.43244005995117	0.0867778124955157	39.5543510632807	0	0
ENSMUSG00000063632	2497.65847078636	3.0510498914263	0.080400949744344	37.9479334650637	4.17359400993135e-315	2.23975922542966e-311
ENSMUSG00000052684	12732.0800475042	1.6765574895019	0.0445487346540645	37.6342336661392	5.92509514589729e-310	2.54376184803662e-306
ENSMUSG00000073680	829.441405581674	5.08308445413073	0.14105135039187	36.0371200985233	2.19469810489912e-284	7.85189825329407e-281
ENSMUSG00000019647	4767.59580221023	3.30299096878456	0.091674362132337	36.0296040458565	2.87795914404153e-284	8.82546728371365e-281
ENSMUSG00000001473	1906.16456694685	2.33856023248406	0.0730216256144141	32.0255843773279	4.80337830353625e-225	1.28886648329636e-221
ENSMUSG00000031574	608.571398802081	3.89863835175833	0.13012709436998	29.9602351887889	3.23698939286615e-197	7.72057936747386e-194
ENSMUSG00000042816	871.386730841559	4.10296832037442	0.137768981399614	29.7815101679043	6.78094037219707e-195	1.45559666029582e-191
ENSMUSG00000003752	1040.75557864385	1.69126177770772	0.0599107208168435	28.2297017069478	2.52677829247046e-175	4.93089298419735e-172
ENSMUSG00000004951	15797.5889209086	1.11299809262231	0.0402875751394885	27.6263361289121	5.37202433095561e-168	9.6096561906911e-165
ENSMUSG00000039328	1574.49890743604	1.85943629239013	0.067630186084004	27.4941767878696	2.06094106558292e-166	3.40308930106177e-163
ENSMUSG00000038059	1749.77928784434	2.86215550132	0.10807800763549	26.4823118406573	1.54959696338011e-154	2.37597488685125e-151
ENSMUSG00000028494	3835.80421163028	1.20499189313317	0.0456300504070082	26.4078580318223	1.11310621403626e-153	1.59292919936682e-150
ENSMUSG00000030898	448.701168850465	5.49531729321819	0.208394631293999	26.3697642261499	3.04604547553448e-153	4.08665076111395e-150
ENSMUSG00000050164	465.540162224075	2.3016987637016	0.087422114704917	26.3285642479675	9.0339375089635e-153	1.09331639375091e-149
ENSMUSG00000046223	1607.30022271194	2.75807170550098	0.104758092418735	26.3280061885485	9.16784453904615e-153	1.09331639375091e-149
ENSMUSG00000030102	2295.87096949066	1.79319857043231	0.0683865096521277	26.2215249696768	1.51035093997598e-151	1.70637859355392e-148
ENSMUSG00000022044	2658.90010350879	2.05615651012554	0.0787638118254049	26.1053453670247	3.1703503534212e-150	3.40273703432698e-147
ENSMUSG00000037428	16683.7522086158	1.75043076387156	0.068600086854389	25.5164511320086	1.29483637825341e-143	1.32356941407561e-140
ENSMUSG00000046731	1157.2547643915	1.58314741232903	0.0625655440444516	25.3038223595441	2.89933829090106e-141	2.82896344329465e-138
ENSMUSG00000056749	929.498103792387	1.92776649164058	0.0762268496558232	25.2898617789501	4.12964438082553e-141	3.85421505560003e-138
ENSMUSG00000025473	1048.38171593927	2.49920151170569	0.0994705037151249	25.1250513304245	2.64849379254562e-139	2.36885698961601e-136
ENSMUSG00000014599	3174.22723421352	2.20076236473037	0.0885440306039372	24.8550054669921	2.2829341645086e-136	1.96021859101366e-133
ENSMUSG00000022895	2049.89222855337	1.115272113037	0.0452986141856702	24.6204466314513	7.63081548223123e-134	6.30011865929137e-131
ENSMUSG00000019876	3057.61380875515	1.27026388604818	0.05170692373641	24.5666110891395	2.87426624554574e-133	2.28514811951425e-130
ENSMUSG00000033902	1460.65785989145	1.81878305346207	0.0740790923690125	24.5519079040833	4.12676362144736e-133	3.16375385349961e-130
ENSMUSG00000046688	3648.23954981493	1.75700496315873	0.0717191367370268	24.4984120430947	1.53583929047278e-132	1.13683883480306e-129
ENSMUSG00000015652	387.376097678084	2.51170009765881	0.1034193029626	24.286569583312	2.71808588178662e-130	1.94488105128105e-127
ENSMUSG00000031074	419.275608392955	7.34053327955246	0.304782825468713	24.0844715192326	3.63617565824537e-128	2.51787569935146e-125
ENSMUSG00000032515	732.838162314317	2.15549929108877	0.0898300158854667	23.9953123668266	3.11248007872046e-127	2.08789054280667e-124
ENSMUSG00000020427	3547.49401207581	3.01648451724021	0.125830172169007	23.972664626006	5.36311009069697e-127	3.48862185475458e-124
ENSMUSG00000023905	1035.38057915614	2.45326718152199	0.102539877098343	23.9250060653879	1.68254766584974e-126	1.06228141750384e-123
ENSMUSG00000024143	13685.106165604	1.4294961620391	0.0610294925547173	23.4230386359097	2.48954726749055e-121	1.52687490411292e-118
ENSMUSG00000117324	220.340043252387	5.08153551898473	0.218112948341507	23.2977251356411	4.67501276205798e-120	2.78760622084268e-117
ENSMUSG00000000078	7150.77758731966	1.19974749101104	0.0524973237491451	22.8534981467618	1.34890854292778e-115	7.82585696823992e-113
ENSMUSG00000037447	1684.07878809883	1.63705951326896	0.072139913342621	22.6928400300942	5.27212197846049e-114	2.97819395762192e-111
ENSMUSG00000027611	1010.27671808777	3.51041902217287	0.155045514905995	22.6412161893316	1.7028027967192e-113	9.37240123958315e-111
ENSMUSG00000032802	35809.8462137625	1.34785554604822	0.0596102371230366	22.6111421644948	3.36712713590251e-113	1.80696877748208e-110
ENSMUSG00000025612	1844.17118470893	0.948057292750674	0.0423399884698636	22.3915340323126	4.75924110419318e-111	2.49175291567344e-108
ENSMUSG00000044934	3112.84782387295	1.54903288269925	0.0694348203955785	22.30916525562	3.01061636521667e-110	1.53871168799383e-107
ENSMUSG00000021765	585.461361445122	2.59827682454213	0.117513796891434	22.1103980406876	2.51045686899853e-108	1.25324342209122e-105
ENSMUSG00000001054	2799.2354268083	0.8477967837941	0.0386097348663094	21.9581094438927	7.24512290356413e-107	3.53463200563426e-104
ENSMUSG00000109901	3862.49638991449	0.988443550606891	0.046078611266038	21.4512443723628	4.44598490540425e-102	2.12083359954239e-99
ENSMUSG00000058093	1484.70782679059	1.59390560196	0.0743300576577035	21.4436212238672	5.23754192889753e-102	2.44411032708075e-99
ENSMUSG00000087006	6980.27573345325	0.974932859556528	0.0454761441823695	21.4383360129836	5.8674364850444e-102	2.67979556570134e-99
ENSMUSG00000030256	4878.68276452917	1.05799532367242	0.049771152682051	21.2571995354644	2.82795925708188e-100	1.26468694609416e-97
ENSMUSG00000028226	1044.75889419369	1.7623794633233	0.0833241792856074	21.1508769535245	2.70859635919615e-99	1.18658631523479e-96
ENSMUSG00000027495	2349.86381932736	1.39473677957564	0.0659602003445307	21.1451264897696	3.05968534453628e-99	1.31358411211631e-96
ENSMUSG00000037705	1376.82144081684	1.43890527003797	0.0682327770333733	21.0881827268174	1.0210928054228e-98	4.29779963945214e-96
ENSMUSG00000048807	2303.51668566845	0.855379036315207	0.0406214349557188	21.0573318556484	1.95901902080337e-98	8.08698121164713e-96
ENSMUSG00000025348	17267.5888143636	1.75651891989542	0.0838875176794755	20.9389783901686	2.36475468837448e-97	9.57770266804654e-95
ENSMUSG00000041831	1537.96956528915	0.90829567800532	0.0434058670462421	20.9256430020779	3.12817251858903e-97	1.24350650525986e-94
ENSMUSG00000030748	4118.35590673666	0.930397873445374	0.0444796722271111	20.917372517828	3.72055741108644e-97	1.45209973429784e-94
ENSMUSG00000023067	7936.99608629144	1.49626876590554	0.0717176326410022	20.8633318028696	1.15349114985216e-96	4.4215787540583e-94
ENSMUSG00000024404	6556.06578101262	0.736785745393006	0.0353561666808677	20.8389600615755	1.91963562394155e-96	7.22928040412794e-94
ENSMUSG00000030272	4748.05152695502	1.60370048111519	0.077274620349399	20.7532625053869	1.14548510722511e-95	4.23947988132658e-93
ENSMUSG00000061950	2720.50654352894	0.805477276039713	0.0389518379833285	20.6788002246379	5.3761313603585e-95	1.95600060646535e-92
ENSMUSG00000025089	18094.3565992795	1.19231208629891	0.0579059015898074	20.5905107003597	3.33831670930287e-94	1.19433844136492e-91
ENSMUSG00000050989	2418.24226926508	0.910213270145839	0.0443326440157213	20.53144562781	1.12769589758973e-93	3.96838035043624e-91
ENSMUSG00000003644	1483.30246962822	0.939932415632043	0.0458881104443136	20.4831361878079	3.04413537343443e-93	1.05395822461522e-90
ENSMUSG00000024691	732.333607723706	1.56627425436342	0.0766452305020236	20.4353779629127	8.10627132039682e-93	2.76205111370854e-90
ENSMUSG00000029552	1244.94797600063	1.49080363375379	0.0730384316224446	20.4112218819286	1.32919960389028e-92	4.45821854642324e-90
ENSMUSG00000038650	7164.15518718129	1.03607360160163	0.0509885022714562	20.3197496581818	8.60138612216523e-92	2.84057468459075e-89
ENSMUSG00000024891	855.81203921781	1.60546209561962	0.0795498959334878	20.1818252152329	1.41426474906336e-90	4.59978895505971e-88
ENSMUSG00000030095	4073.29293959981	1.14961706051347	0.0569855713004399	20.1738270632131	1.66261150930241e-90	5.3268087550277e-88
ENSMUSG00000001542	3147.50142084087	1.08078653704679	0.0540369664106312	20.0008736396082	5.41161974743369e-89	1.70832102203546e-86
ENSMUSG00000020205	1574.78076299018	1.52616056380393	0.076356743207596	19.987240153167	7.11222872331842e-89	2.21262466340222e-86
ENSMUSG00000029378	168.637121672424	4.25793007497638	0.216123831880616	19.7013445390345	2.09969365335439e-86	6.43886056612932e-84
ENSMUSG00000036160	1377.02005483812	0.82198831677016	0.0417848010743452	19.6719451962364	3.75110938404505e-86	1.13410301461847e-83
ENSMUSG00000006304	14315.8102743024	0.436833792396224	0.0222989253047979	19.5899033888522	1.88547702790562e-85	5.62134026125305e-83
ENSMUSG00000020737	9133.13652634719	0.618016672920125	0.0316758584939967	19.5106526643075	8.91368117016745e-85	2.62111068491527e-82
ENSMUSG00000028896	826.087782287964	1.32022951457316	0.0689095378972284	19.1588792329757	8.16116758442459e-82	2.36740031577376e-79
ENSMUSG00000121792	230.04204995772	2.92075429151656	0.15285519928171	19.107981313306	2.16690475448948e-81	6.20197032798281e-79
ENSMUSG00000024256	16968.6980780171	2.01813266969422	0.105886843693517	19.059333523394	5.49705724103497e-81	1.55262935179022e-78
ENSMUSG00000033060	1217.87563110409	2.00415657546696	0.105158600248794	19.0584181486378	5.59406762582545e-81	1.55950981371388e-78
ENSMUSG00000024883	279.320328959232	3.31476744966049	0.174466526025152	18.9994466284187	1.72352019428765e-80	4.74321596033061e-78
ENSMUSG00000002459	372.760853016128	2.03963532406479	0.108625289772753	18.7767998440489	1.16917825715297e-78	3.17690892000578e-76
ENSMUSG00000040151	5974.29391285692	0.579193873014709	0.0309834398997712	18.6936594157509	5.57542696506442e-78	1.49602644040091e-75
ENSMUSG00000029201	1870.48737871915	1.08810668242747	0.0582662409727244	18.6747362497066	7.94815755003685e-78	2.09160348558103e-75
ENSMUSG00000015745	2570.59166486235	1.02236395550341	0.0547466512629592	18.6744564629678	7.98991362236301e-78	2.09160348558103e-75
ENSMUSG00000037568	588.697551665735	2.06705231032606	0.111235354452005	18.5826918115134	4.43681823034223e-77	1.14747879677742e-74
ENSMUSG00000058153	2101.88202868088	2.27077033922601	0.122677202692846	18.510124859233	1.71103601069884e-76	4.37251178638825e-74
ENSMUSG00000034832	2001.86850536044	1.23420707920634	0.0666986375465814	18.5042322392926	1.90879351414543e-76	4.82048959701715e-74
ENSMUSG00000027313	805.07562846668	1.88753488869266	0.10243958148953	18.4258356120439	8.15220869131753e-76	2.03482920660258e-73
ENSMUSG00000021453	1529.8576352721	1.94612845488101	0.105740485584131	18.4047618481249	1.20312359523066e-75	2.96853460864612e-73
ENSMUSG00000054855	261.255807007118	2.21520686248992	0.120426970222572	18.3946076065502	1.45107501565904e-75	3.53963366887919e-73
ENSMUSG00000026836	1559.22596640028	0.91940136656113	0.0504190584790995	18.2351950689887	2.71284356265552e-74	6.54313482201837e-72
ENSMUSG00000033983	1428.14312542502	1.00218273590885	0.055047337356273	18.2058349057395	4.63926746445652e-74	1.10651683768915e-71
ENSMUSG00000031681	3345.47673658897	0.878725879893894	0.0483734746233073	18.1654488691723	9.69112009889238e-74	2.28603938508598e-71
ENSMUSG00000024664	6754.00289146635	0.809367531473477	0.0446777933958361	18.1156558987291	2.39797664923622e-73	5.59510508179398e-71
ENSMUSG00000066838	566.851170833567	1.30868610095102	0.0723203796214254	18.0956752135647	3.44693644531341e-73	7.95612233710728e-71
ENSMUSG00000021070	853.59090350935	1.65977734500294	0.0920014762498932	18.0407686121761	9.32380699734665e-73	2.12920043622386e-70
ENSMUSG00000034300	7954.5631218731	1.10620353868901	0.0614593126831703	17.9989572026556	1.98521658004304e-72	4.48575359023199e-70
ENSMUSG00000030681	3314.68776251488	0.914671159910995	0.0508472759949504	17.9885970686381	2.39340782450251e-72	5.35175962091363e-70
ENSMUSG00000026670	4880.36753563257	0.547227483429856	0.0304764983683203	17.9557203985969	4.3292793962266e-72	9.58065067210312e-70
ENSMUSG00000041870	3656.79767874792	0.865075392247573	0.0483884993883859	17.8777065456013	1.75926376520434e-71	3.85350571264044e-69
ENSMUSG00000101797	153.615137613325	3.49337757776868	0.195867360879063	17.8354247593382	3.75187656347936e-71	8.13512952642909e-69
ENSMUSG00000042688	2540.40609857712	0.863235863699504	0.0486631215790222	17.7390154122712	2.09575053398941e-70	4.49873809626167e-68
ENSMUSG00000079442	1306.40434284594	1.42354800852287	0.0802826124073659	17.7317100905931	2.38663302851259e-70	5.07242223663873e-68
ENSMUSG00000039232	673.693892985536	1.48983186039963	0.0842643871673629	17.6804449718548	5.93261399386759e-70	1.24852443129766e-67
ENSMUSG00000026558	10153.4016431673	1.1591962260635	0.0658152671151295	17.6128773288383	1.96212457044559e-69	4.0892200028335e-67
ENSMUSG00000043003	507.125383304546	1.54811740662475	0.0881051903573427	17.5712395642731	4.09134446210585e-69	8.44469232918886e-67
ENSMUSG00000035621	5082.5328188002	0.822861784270851	0.0468461116939434	17.5652098865067	4.55008264047086e-69	9.30210228193785e-67
ENSMUSG00000002250	1187.05780401373	0.804692004869877	0.0460147404712857	17.4877006069832	1.77787229286236e-68	3.6003591168475e-66
ENSMUSG00000007041	9278.33852101609	0.767056922976929	0.0440159197462804	17.4268066508311	5.16509863287891e-68	1.03620567526522e-65
ENSMUSG00000025648	2134.17189612547	1.2320837950873	0.0707395998458308	17.4171722454254	6.1124283048126e-68	1.21490172213988e-65
ENSMUSG00000000278	2989.64979841804	1.11666257761305	0.0642122121965209	17.390190112054	9.79089497421103e-68	1.92817753684783e-65
ENSMUSG00000048216	1081.6373102224	0.806592006941188	0.0465073583435954	17.3433201899386	2.21560933996085e-67	4.32366091741815e-65
ENSMUSG00000035828	4122.25121477928	0.868380075804867	0.0501233491130025	17.3248613903894	3.05430442112933e-67	5.90663952287947e-65
ENSMUSG00000044734	13539.6043592525	1.42240288212206	0.0821700583072579	17.3104767286799	3.92154566395578e-67	7.5160624305781e-65
ENSMUSG00000037280	344.919228857203	1.59768881831295	0.0923926622256886	17.292377769246	5.36911413326815e-67	1.01994162818349e-64
ENSMUSG00000018736	12089.3348221421	0.560872063021854	0.0325587338521546	17.2264703402997	1.68101120698294e-66	3.16531461132419e-64
ENSMUSG00000056076	10597.307244829	0.511747209210565	0.0298840051595981	17.1244519092248	9.75236002009856e-66	1.82038400166466e-63
ENSMUSG00000025239	1377.24080957932	0.799876198480955	0.0470898010534176	16.9861876794424	1.03928380377235e-64	1.92321259756701e-62
ENSMUSG00000038943	459.616617433238	1.28717690287135	0.0759070174560618	16.957284662336	1.70021989241648e-64	3.11939488979592e-62
ENSMUSG00000035671	2392.52672143667	0.95999960480056	0.056752292284491	16.9156093288395	3.45227520364546e-64	6.28021521368249e-62
ENSMUSG00000043091	1106.40355511007	1.51771884075976	0.0897620884374711	16.9082389590012	3.91225307539211e-64	7.05717853078714e-62
ENSMUSG00000004846	2878.22150137967	0.615719162406544	0.0364239979643032	16.9042169124315	4.18851956267029e-64	7.49256341102337e-62
ENSMUSG00000032578	930.021506619748	1.35809020158923	0.0804413353135093	16.8829892777918	6.00268262180003e-64	1.0649056624757e-61
ENSMUSG00000011179	5911.12757149094	1.02390749112415	0.0606662266767284	16.8777184145676	6.5632808236291e-64	1.15481464065592e-61
ENSMUSG00000037638	633.553383592348	1.06349227881856	0.063188783130659	16.8303965692695	1.46120132984478e-63	2.55009331271936e-61
ENSMUSG00000032641	813.718108516769	1.02477326001147	0.060900914203204	16.8268945289094	1.55022514867523e-63	2.68363976140827e-61
ENSMUSG00000120463	158.436988553588	1.9575790903627	0.116610400547887	16.7873455640761	3.02055658206953e-63	5.18714140725636e-61
ENSMUSG00000027198	3589.60302266623	0.735023024675765	0.043835915354547	16.767598411733	4.2119140768838e-63	7.17563075987204e-61
ENSMUSG00000024376	977.399148230697	1.50140784770186	0.0897518904378132	16.7284258902842	8.13602400184009e-63	1.37267121042439e-60
ENSMUSG00000037458	16118.7509556964	0.878533981120218	0.0525185579642664	16.7280674712731	8.18512601017058e-63	1.37267121042439e-60
ENSMUSG00000042804	6060.737785486	0.883675422134307	0.0528761191184463	16.7121838150567	1.06849758463196e-62	1.77801311253563e-60
ENSMUSG00000035673	4900.65767972314	1.37487374752603	0.0825361582126366	16.6578355147567	2.6545888269141e-62	4.38333875065677e-60
ENSMUSG00000028793	5509.71245759808	0.797819642490499	0.0480700275411968	16.5970290282599	7.32268104802712e-62	1.19991352196145e-59
ENSMUSG00000015341	5819.21959549973	0.590040156880068	0.03561280492829	16.5682023100448	1.18310196260637e-61	1.92397475222033e-59
ENSMUSG00000042507	1395.29841289161	0.662184449206093	0.0405142668416542	16.3444756829532	4.762499626971e-60	7.68660278139545e-58
ENSMUSG00000025337	5786.1518956787	0.472971434068129	0.0291800804730253	16.2087090371582	4.37665779294052e-59	7.01114449128816e-57
ENSMUSG00000027540	3093.63016500366	0.808239678130482	0.0498890135726944	16.2007548405979	4.9811868320202e-59	7.92045603971449e-57
ENSMUSG00000024785	778.073941172081	0.78167768880415	0.0484476439746101	16.1344830145673	1.4602519521399e-58	2.30483591210552e-56
ENSMUSG00000048482	4344.33838217333	1.21930117931313	0.0756089303471194	16.1264175239001	1.66396820017886e-58	2.60720740036783e-56
ENSMUSG00000109770	74.5358630554165	4.03533168849208	0.250470458541371	16.1110085077181	2.13512990646454e-58	3.32121004146143e-56
ENSMUSG00000050359	670.256000956344	5.50681304986434	0.342308368369189	16.0872872495045	3.13265794043805e-58	4.8378154927657e-56
ENSMUSG00000024261	37896.5902328474	0.816850686319766	0.0508933652857621	16.0502391958798	5.69441745586614e-58	8.73116893625876e-56
ENSMUSG00000068566	11178.3925071722	0.88784378795915	0.055548662252525	15.9831713664498	1.6740774078734e-57	2.54863444236954e-55
ENSMUSG00000100426	89.39809808081	2.54500263186882	0.15974290034258	15.9318669337473	3.8081517855659e-57	5.75674550908152e-55
ENSMUSG00000021501	3181.70941829881	0.506076177060952	0.0318030850234364	15.9128014369679	5.16497017334263e-57	7.75323424762048e-55
ENSMUSG00000038023	4892.97856692216	0.566746072276203	0.0356620037825895	15.8921544546774	7.18162576885995e-57	1.07056096357186e-54
ENSMUSG00000021400	3866.20160604624	0.51732108200989	0.0325744620752429	15.8811857219605	8.55458585027906e-57	1.26643268870407e-54
ENSMUSG00000007812	2684.86980878364	0.634863472090088	0.0403446641457028	15.7359959621255	8.56976347064656e-56	1.25999001822534e-53
ENSMUSG00000063889	674.641735426865	1.11110912302789	0.0708957568340336	15.6724347499243	2.33462022006845e-55	3.40918079210812e-53
ENSMUSG00000003153	7363.47907798268	0.59936719875681	0.0384265412741763	15.5977399704095	7.54170070999237e-55	1.09385234757227e-52
ENSMUSG00000038894	5845.86501492394	1.11230051519317	0.071444497227865	15.5687359887998	1.18730350889215e-54	1.71051390079725e-52
ENSMUSG00000055723	1034.13585623278	1.13371822245692	0.0731282483799964	15.5031502541367	3.30292453046187e-54	4.72670519805964e-52
ENSMUSG00000039473	3147.66954673284	0.817663090680337	0.0530100679499853	15.4246753928291	1.11715442069159e-53	1.58813488705732e-51
ENSMUSG00000020248	1639.41415205091	0.625211838889083	0.0406143754162314	15.393855807991	1.79979989898315e-53	2.54174372576134e-51
ENSMUSG00000027583	1225.01062759768	0.955968151725823	0.0623261715226388	15.3381497430592	4.25140810374016e-53	5.96475335652852e-51
ENSMUSG00000027597	4500.81131594782	0.603160106302871	0.0393668026913392	15.3215416306991	5.48997883656568e-53	7.65246011076097e-51
ENSMUSG00000028156	7509.82279171035	0.78072908429726	0.050967272707821	15.3182433121923	5.77574807701594e-53	7.99885214330478e-51
ENSMUSG00000005069	3122.66587960876	0.630870737394914	0.0411891255230396	15.3164392150552	5.93827421384331e-53	8.17121758168978e-51
ENSMUSG00000026796	11090.836122207	0.816089537223925	0.053384086140832	15.2871313572927	9.31643834053974e-53	1.27380041667532e-50
ENSMUSG00000002233	5050.84266675844	1.2157287190094	0.0795614550559979	15.2803731172806	1.0334730811617e-52	1.40408437722892e-50
ENSMUSG00000027035	1777.08229395475	1.05711046868363	0.069993374650657	15.103007591215	1.54712497398074e-51	2.08871601833148e-49
ENSMUSG00000014195	10692.7185018228	0.398259631250306	0.0264483070890991	15.0580386831054	3.05722997444402e-51	4.10165616446345e-49
ENSMUSG00000044364	252.50604007136	1.73088177046713	0.115201941782745	15.0247621149592	5.05424583012363e-51	6.73878515462322e-49
ENSMUSG00000039954	1249.37954975539	0.93549226222883	0.0624756714606308	14.9737048095327	1.09072039137898e-50	1.44527184699637e-48
ENSMUSG00000030057	14629.7467509638	0.445379716337678	0.0297519572977054	14.969761884272	1.15734879987088e-50	1.52415026613671e-48
ENSMUSG00000029518	4816.0245355124	0.45718842246422	0.0305812191232744	14.9499737280345	1.55810643114928e-50	2.03940930799089e-48
ENSMUSG00000036002	4196.91943596272	0.939240756626883	0.0628771284854311	14.9377170880905	1.87282050132534e-50	2.43648272008786e-48
ENSMUSG00000022661	5170.42527562215	0.456902092039631	0.0306296701046526	14.9169772471767	2.55592342115697e-50	3.3051477203949e-48
ENSMUSG00000032280	3353.20974229799	0.756036181030859	0.0507142921882146	14.9077537792503	2.93459768950731e-50	3.77210023969844e-48
ENSMUSG00000040511	908.843665132445	1.06957401267818	0.0720370497642149	14.8475543651359	7.21532307927139e-50	9.2192931678357e-48
ENSMUSG00000040312	213.039524587266	1.57700349679055	0.106304197898289	14.8348186428104	8.72393775420343e-50	1.10809495758421e-47
ENSMUSG00000025746	63.9019948519848	3.40316593389207	0.230449448683049	14.7675160576004	2.37298575053152e-49	2.99638306593586e-47
ENSMUSG00000011008	84.6477679775343	2.65386811570454	0.179816432429464	14.7587630332148	2.701909297643e-49	3.39176520369618e-47
ENSMUSG00000022272	3763.02970904109	1.25798769086365	0.085280538485303	14.7511696479315	3.02378338706322e-49	3.77375198759878e-47
ENSMUSG00000020580	5824.31540450657	0.693271971491061	0.0470313238569824	14.7406433550378	3.5340198142311e-49	4.38504447007426e-47
ENSMUSG00000078532	962.568400453881	1.39386798570569	0.0947399230599146	14.712572489891	5.35330192281766e-49	6.60425167098873e-47
ENSMUSG00000028645	5343.6649202495	1.19833562709403	0.0823311964307436	14.5550614960644	5.42371418688051e-48	6.65288278489011e-46
ENSMUSG00000026655	5469.80545573694	0.612539415484481	0.042266489183031	14.4923183194123	1.35491435452109e-47	1.65253360989487e-45
ENSMUSG00000041548	24920.1933220943	0.3019499837146	0.0209104553303287	14.4401438870941	2.89237686297613e-47	3.50778314918902e-45
ENSMUSG00000005087	20280.9900635307	0.811134776117045	0.0562735875928017	14.4141294489069	4.21723078080641e-47	5.08579078319048e-45
ENSMUSG00000021140	8983.5485447101	1.03687065678445	0.0719443207255195	14.4121265768885	4.3413441201145e-47	5.20621747946244e-45
ENSMUSG00000030878	4865.73197636523	0.45622469731511	0.0317264368730293	14.3799538265498	6.9140666569895e-47	8.24540860327425e-45
ENSMUSG00000022096	2217.51243744058	1.10666263643042	0.0770808618246048	14.3571648037434	9.6077920146706e-47	1.13945228390563e-44
ENSMUSG00000051343	13567.4871421799	0.734214368297686	0.0511861821028266	14.3439955498681	1.16170035583516e-46	1.37016812298667e-44
ENSMUSG00000021996	7893.60073264104	0.599423808272158	0.0420155252478925	14.2667217590532	3.52776403135935e-46	4.1380864861836e-44
ENSMUSG00000026675	7002.70318945165	0.743022659129474	0.0521988584201579	14.2344618564021	5.59922923126591e-46	6.53223123251924e-44
ENSMUSG00000029641	289.706988822495	2.13050300900082	0.150079287716705	14.195849683285	9.72011095645234e-46	1.1278481177903e-43
ENSMUSG00000005370	1580.43794069195	1.03078734575424	0.0726335762760726	14.1916094264218	1.032613375589e-45	1.19172466238675e-43
ENSMUSG00000029135	1755.37325548881	1.49310606738511	0.1053934679599	14.1669697020807	1.46695304050116e-45	1.68393657579668e-43
ENSMUSG00000054136	101.915627579169	6.81522470961713	0.481739712182162	14.1471100207742	1.94591234607194e-45	2.22185927770107e-43
ENSMUSG00000022607	2709.87844528569	0.553074669382467	0.0391457855915723	14.1285878166547	2.53170347197769e-45	2.87542575288217e-43
ENSMUSG00000048490	5690.85663427969	1.05881492242623	0.0749912310899623	14.1191830969682	2.89325720416842e-45	3.26877153393049e-43
ENSMUSG00000024521	368.227735982592	2.18761642036719	0.155209668509432	14.0945885741277	4.10030515084739e-45	4.60822776796283e-43
ENSMUSG00000020142	5620.53263195213	0.751813960504499	0.0533991006623068	14.0791502324905	5.10195837857603e-45	5.70409575804755e-43
ENSMUSG00000050271	766.159186455294	1.32333979589329	0.0940174472156498	14.0754704055931	5.37460645846286e-45	5.97778768069242e-43
ENSMUSG00000030677	301.930005249485	1.79455296161153	0.127504357569355	14.074444166627	5.45319577816151e-45	6.03393301927912e-43
ENSMUSG00000035392	1310.28606866784	0.574856910611547	0.0409405213562235	14.0412699098215	8.71370711746342e-45	9.59222753761383e-43
ENSMUSG00000043895	638.046520754241	1.12365769884632	0.0802920595933017	13.9946304097555	1.68101286593833e-44	1.84105215205266e-42
ENSMUSG00000047368	3812.18945763242	0.60802403121334	0.0435118415104122	13.9737600181284	2.25405243640244e-44	2.45611622334085e-42
ENSMUSG00000024772	4586.61079576645	0.633210996902025	0.0453550280268612	13.9612083698198	2.68836788964268e-44	2.91457096560958e-42
ENSMUSG00000028063	7738.89182389133	0.380138054776448	0.0272562851299722	13.9468035707636	3.29024126159848e-44	3.54916175484789e-42
ENSMUSG00000023169	5945.42587655327	0.904880744463087	0.06494640405928	13.9327304963206	4.00737215285654e-44	4.30111253166092e-42
ENSMUSG00000028893	556.648040576708	1.35917356814894	0.0976536125985172	13.9183132296079	4.90339864637161e-44	5.23663459417975e-42
ENSMUSG00000026317	2257.03989951163	0.601601883881385	0.0435766032750729	13.8056167453859	2.35746206193715e-43	2.50521191195757e-41
ENSMUSG00000037722	603.230885732031	1.0534175588784	0.0766876020533994	13.7364780052045	6.13903462273082e-43	6.49165109416452e-41
ENSMUSG00000028789	8909.57985564902	0.508568528944186	0.037035179834389	13.7320388673246	6.52705369349108e-43	6.86812424433723e-41
ENSMUSG00000074115	74.556656373811	4.11731479674544	0.300187901452474	13.7157919317321	8.16697682823774e-43	8.55182071194885e-41
ENSMUSG00000028145	2866.11040370306	0.57693584601662	0.0420705195529983	13.7135422178427	8.4242564876573e-43	8.77840241573066e-41
ENSMUSG00000025503	10445.0122781526	0.450993368309828	0.0329124322371852	13.7028270976669	9.76469783321787e-43	1.01260388255002e-40
ENSMUSG00000015316	53.4497156216035	4.09523917923679	0.299052388426246	13.6940527403505	1.10187956662232e-42	1.1371609027459e-40
ENSMUSG00000063506	2135.79198230791	0.706694145000494	0.0516331937231301	13.6868183825692	1.21723495712083e-42	1.25019931050506e-40
ENSMUSG00000007458	7526.32430015897	0.351343283208656	0.0256838161909882	13.6795591665982	1.3450565809402e-42	1.3749040269744e-40
ENSMUSG00000040322	1275.15692448709	0.825542551933569	0.0604894966452459	13.6477008029203	2.08348976133261e-42	2.11962991548653e-40
ENSMUSG00000028849	19650.2392785192	0.749385519090411	0.0549220099819646	13.6445392172737	2.17584456446286e-42	2.20314525569622e-40
ENSMUSG00000034247	1657.78472790137	0.835075625902456	0.0612111747983929	13.6425355117409	2.23647250485332e-42	2.2539022905719e-40
ENSMUSG00000040435	3032.58949525586	1.123688380869	0.0827080504703769	13.5862032109132	4.83520161212279e-42	4.85011391616018e-40
ENSMUSG00000037580	483.133975740171	1.14464751317462	0.0842962568449319	13.5788652547202	5.34480688061311e-42	5.33635462787168e-40
ENSMUSG00000046854	367.20041938242	1.12308177469568	0.082782452957147	13.5666646079822	6.31300205827451e-42	6.2738380640241e-40
ENSMUSG00000079049	79.1553736940247	2.22959307818432	0.164966861037232	13.5153997849369	1.2686464333899e-41	1.25496609857823e-39
ENSMUSG00000020064	1711.39886249755	0.619602297186217	0.0459792191084225	13.4757029197288	2.17404969237263e-41	2.14074085763628e-39
ENSMUSG00000039364	282.517515015456	1.88078063899416	0.140122087861194	13.4224422980142	4.4674383355145e-41	4.37890553927645e-39
ENSMUSG00000049303	1171.10431149735	0.625383202364323	0.0465944880568003	13.4218279553144	4.50463214124592e-41	4.3952924338175e-39
ENSMUSG00000020435	2280.11298300148	0.826914607276748	0.0616372131986314	13.4158337855403	4.88408935584606e-41	4.74397566120323e-39
ENSMUSG00000024014	1202.62881836842	1.0255753486901	0.0764597897466899	13.4132640449027	5.0563468424663e-41	4.88916852794511e-39
ENSMUSG00000023030	1863.85744532912	0.669592373356487	0.0499307628146719	13.4104174583075	5.25422317861298e-41	5.05771994404064e-39
ENSMUSG00000042726	3103.74527114849	0.738505562068873	0.0553276104838103	13.34786656447	1.21889997729088e-40	1.16807620145206e-38
ENSMUSG00000023286	2787.58486666022	0.361871338020157	0.0272516078331248	13.2788986336541	3.06874514657401e-40	2.92771925850479e-38
ENSMUSG00000045648	763.830491477755	-0.959394202027219	0.0723474051291468	-13.2609345188623	3.90005176770531e-40	3.7043589046709e-38
ENSMUSG00000038267	4680.92037161168	0.921276304858477	0.069574699282506	13.2415420312154	5.05011762987373e-40	4.7755870062938e-38
ENSMUSG00000001627	1183.29920482075	1.5688094336023	0.118633924104111	13.2239529750828	6.38197439559521e-40	6.00857291122135e-38
ENSMUSG00000031545	6685.80763144893	0.335603645584642	0.0253916560316362	13.2170837997531	6.99227086444088e-40	6.55441425223091e-38
ENSMUSG00000020838	139.709712447587	3.26524320727426	0.247355619526841	13.200602490941	8.70361310052693e-40	8.12311994851788e-38
ENSMUSG00000126371	708.537932838266	1.52475741985061	0.115591480070332	13.1909152726728	9.89762026903141e-40	9.19750288723066e-38
ENSMUSG00000024349	721.87141502092	1.70805520676279	0.129768142372147	13.1623615437482	1.44497806961766e-39	1.33697841562123e-37
ENSMUSG00000055078	674.212616839128	0.980343894838135	0.074576516063908	13.1454772437751	1.80662061149462e-39	1.66441708353405e-37
ENSMUSG00000050721	1906.9531128559	0.970968998900846	0.0739591331997024	13.1284529292557	2.26231170513374e-39	2.07533260950431e-37
ENSMUSG00000025809	26674.8372910107	0.515462671005975	0.0393926427131162	13.0852523594297	3.99830052535729e-39	3.65223485435403e-37
ENSMUSG00000004768	1335.96652398937	0.610008729339647	0.04679348687722	13.0361887956807	7.61704630723059e-39	6.92828457758525e-37
ENSMUSG00000026254	5494.10651401441	0.463585713367025	0.035621106938162	13.0143544997579	1.01395478525022e-38	9.18377781442241e-37
ENSMUSG00000023387	97.8304266714923	2.35975810452752	0.181567671533616	12.9965763431109	1.27944038819329e-38	1.15396921735114e-36
ENSMUSG00000037062	8060.10732142625	0.393512955360778	0.0303476402652792	12.9668386708471	1.88651813548053e-38	1.69439323415167e-36
ENSMUSG00000029321	668.561526583977	1.06655162659122	0.0822780437994466	12.9627732665953	1.9892347132603e-38	1.7792046814519e-36
ENSMUSG00000026107	494.05643930279	1.07273213532538	0.0829001443298636	12.94005147997	2.67450226440196e-38	2.38219359367853e-36
ENSMUSG00000030029	1273.03449328986	0.845588702774942	0.0654647376373618	12.9167049818336	3.62328291301428e-38	3.21394177730432e-36
ENSMUSG00000005667	2299.83431677946	0.695634894751563	0.0538753462186736	12.9119336315365	3.85497451806637e-38	3.4053861318853e-36
ENSMUSG00000034783	54.757532016138	3.72937979145642	0.290795194100497	12.8247641883915	1.19148524088187e-37	1.04821402380206e-35
ENSMUSG00000033039	3613.512684194	0.780901283171575	0.0609526987136338	12.8115948867233	1.4120214846747e-37	1.23716135469499e-35
ENSMUSG00000067787	3337.9758482269	0.40008817869792	0.0312698149299857	12.7947088779941	1.75508934077976e-37	1.52730992931217e-35
ENSMUSG00000042406	10118.8935355523	0.682521718919885	0.0533444879976991	12.7946062384051	1.75740963635566e-37	1.52730992931217e-35
ENSMUSG00000027293	5681.9887513382	0.542771754479059	0.0425286613090347	12.7624932874093	2.65562764768195e-37	2.2986170598847e-35
ENSMUSG00000055994	250.910381849873	1.27184033207002	0.0997269465414618	12.7532264465878	2.99104787477579e-37	2.57854753734687e-35
ENSMUSG00000057561	5696.76809684769	0.447460157692255	0.0350923878342418	12.7509179428264	3.08095884287059e-37	2.6454345008424e-35
ENSMUSG00000106350	260.520731767091	1.59483592317919	0.125163058370514	12.742065781567	3.4513347621434e-37	2.95144008053461e-35
ENSMUSG00000039879	2842.01533979712	0.731555015605256	0.0574139642059474	12.7417610980688	3.46484161136085e-37	2.95144008053461e-35
ENSMUSG00000010660	821.756930636924	0.92561350592574	0.0727562238855593	12.7221213044491	4.45596527189323e-37	3.78070160183637e-35
ENSMUSG00000031628	1186.08260883883	0.702876334217067	0.0553349400266467	12.7022155238371	5.74791064496792e-37	4.85766338208195e-35
ENSMUSG00000024360	7280.56119486576	0.393936383696875	0.0310190769085985	12.6998100187719	5.92734203735144e-37	4.98965977152102e-35
ENSMUSG00000069094	1530.30813178707	0.933093725954482	0.0735072509872292	12.6939004441425	6.39213760661524e-37	5.35990726029698e-35
ENSMUSG00000034245	6425.44513679199	-0.389179580538105	0.0307489168663342	-12.6566923391114	1.02737543850874e-36	8.58118333191776e-35
ENSMUSG00000020592	3538.718415784	1.05087741398073	0.0830667243722843	12.6510034182997	1.10455032155446e-36	9.19002992344496e-35
ENSMUSG00000034591	4085.95160616298	0.737525052857622	0.0583064606878484	12.6491137372591	1.13143919833126e-36	9.37740302369838e-35
ENSMUSG00000038552	2363.54430114259	0.709226322085935	0.0562799659857102	12.6017546326523	2.06498950840899e-36	1.70488710721182e-34
ENSMUSG00000018507	5489.11215919931	0.543741415869205	0.0431835518069952	12.591400964409	2.35456931153767e-36	1.93652049201025e-34
ENSMUSG00000046378	651.175136702632	0.876904020877171	0.0699734697451782	12.5319499528977	4.99200039014743e-36	4.09001070133224e-34
ENSMUSG00000032939	6348.76048046223	0.383514738810099	0.0306323232186559	12.5199364107169	5.80816621592514e-36	4.74061201486879e-34
ENSMUSG00000023079	1460.51956594788	0.560408439298671	0.0448074910610555	12.507025634063	6.83353854343297e-36	5.55639160505046e-34
ENSMUSG00000050410	504.068971006452	0.867947486570059	0.0694072173813781	12.505147437346	6.99698847931423e-36	5.66782470554564e-34
ENSMUSG00000050064	468.963465313796	1.17519757272722	0.094246591671377	12.4693906897445	1.09661342941002e-35	8.84958792320133e-34
ENSMUSG00000099655	93.6749860169192	1.93621492990107	0.155307795825657	12.4669526060018	1.13067893874191e-35	9.09031988727861e-34
ENSMUSG00000027613	4119.01905364041	0.403888722382791	0.0325544176301199	12.4065718813261	2.40741411093387e-35	1.92826683975024e-33
ENSMUSG00000001847	20679.6353489482	0.227316459269685	0.0183352405418084	12.3977898599887	2.68631022097287e-35	2.14365558376965e-33
ENSMUSG00000057531	3332.69273768623	0.641256301381565	0.0517296045158058	12.3963116939282	2.73631252028548e-35	2.17546979853512e-33
ENSMUSG00000027560	708.98352965116	1.1040670827878	0.0891793759928634	12.3802961222352	3.3410778423451e-35	2.64647885475203e-33
ENSMUSG00000103523	40.500388760953	3.49592765164031	0.283086460616093	12.3493283431216	4.91197944481067e-35	3.87649083684948e-33
ENSMUSG00000024190	2311.22163378615	1.1815695795909	0.0957366984838323	12.3418667898856	5.38916818177715e-35	4.23750491538565e-33
ENSMUSG00000015243	5483.56214935576	1.00506427510947	0.081702830256882	12.3014621641557	8.89492246777961e-35	6.9685549523123e-33
ENSMUSG00000022043	11959.5322752429	0.341341111157559	0.0278185992318783	12.2702479845357	1.30851964943465e-34	1.02140664708233e-32
ENSMUSG00000033316	2970.11351226555	0.647306430051411	0.0530733811510618	12.1964422844852	3.24703468962602e-34	2.52539299447507e-32
ENSMUSG00000040025	4293.09119421864	0.421448861868716	0.034562933045991	12.1936660094187	3.35960596173692e-34	2.60351269222544e-32
ENSMUSG00000025351	5315.18502923235	0.801071078419042	0.0657273295283266	12.1877928734927	3.61068317622616e-34	2.78801888708168e-32
ENSMUSG00000022951	6295.00775003128	0.472113873796421	0.0387773235972167	12.174998942689	4.22399566184958e-34	3.24990289882663e-32
ENSMUSG00000025408	1214.18728167489	0.964164843648177	0.0792289344184877	12.1693526578996	4.52658095461917e-34	3.47027095613768e-32
ENSMUSG00000059866	275.188967144662	1.35853266438959	0.112088852715994	12.1201406872437	8.26171975989787e-34	6.31124826925152e-32
ENSMUSG00000033350	5097.89746169768	0.673893780212838	0.055673652837146	12.1043571935918	1.00150833090512e-33	7.62353823801752e-32
ENSMUSG00000055407	21732.9837174077	0.595940959004876	0.0492473000122148	12.1009874420946	1.04348382313504e-33	7.91499072346886e-32
ENSMUSG00000033955	7271.67061223245	0.566572003586267	0.0468307158148771	12.0982990272013	1.07822164502173e-33	8.14968515212554e-32
ENSMUSG00000042608	1941.84556506277	0.660936385501883	0.0546511580139252	12.0937306641055	1.13990477402613e-33	8.5856827646473e-32
ENSMUSG00000020271	15886.7248198083	0.419416648762135	0.0347296368115127	12.0766206407059	1.4037109333673e-33	1.05356849285533e-31
ENSMUSG00000005950	900.610579419339	0.736559757556245	0.061031063431394	12.068604349066	1.54736296859053e-33	1.1573412363681e-31
ENSMUSG00000028869	3897.25479629018	0.42073414383467	0.0348751032607445	12.0640257518105	1.63586772024892e-33	1.21928946121053e-31
ENSMUSG00000094002	713.356689967879	0.79837725520485	0.0661839938045978	12.0629960404322	1.65645460228569e-33	1.23036174715103e-31
ENSMUSG00000031078	9670.97897874501	0.459108696598729	0.0381765355627154	12.0259392276315	2.59618942269279e-33	1.92171731543184e-31
ENSMUSG00000036437	3036.90078662894	1.12182472076187	0.0935109546718014	11.9967197928754	3.69658370010643e-33	2.72683387307507e-31
ENSMUSG00000050335	2490.132693086	1.243598562178	0.103826748371895	11.9776317921812	4.65429862389578e-33	3.42154706371735e-31
ENSMUSG00000018362	2653.56349201422	0.564609623182477	0.0471563843816553	11.9731321768197	4.91379479079392e-33	3.59998358290724e-31
ENSMUSG00000057594	3317.58934840825	0.536367900832484	0.0448264864872109	11.9654236337597	5.39216806499547e-33	3.93701631575486e-31
ENSMUSG00000025139	13739.2001483256	0.375979507812257	0.0314831048481976	11.9422626715224	7.12579550665198e-33	5.18516360494208e-31
ENSMUSG00000028255	41.9654622701542	3.56382903617989	0.29972969215211	11.8901434508907	1.33177650550299e-32	9.65807921186733e-31
ENSMUSG00000036478	2374.9644077554	0.696267492644477	0.0585656986038723	11.8886568288701	1.35569215776199e-32	9.79841342037676e-31
ENSMUSG00000030678	8469.82308591307	0.375066284430774	0.0316369988266086	11.8553054443117	2.01986339822731e-32	1.45497945323313e-30
ENSMUSG00000035199	14141.1138271537	0.347451913772917	0.0294910783858051	11.7815940545652	4.85658233231633e-32	3.48666877409707e-30
ENSMUSG00000052557	9814.97183204193	1.14481824526088	0.097197771627177	11.7782355098847	5.05399730677699e-32	3.61630353957583e-30
ENSMUSG00000032902	4915.98254319069	0.524054581473424	0.0445925239661469	11.7520726539558	6.89076588563973e-32	4.89816619646713e-30
ENSMUSG00000022602	329.457732034405	1.16183234218334	0.0988619451591317	11.7520684052211	6.89111241653346e-32	4.89816619646713e-30
ENSMUSG00000044017	714.207984190004	0.897666839888962	0.0764922079492536	11.7354023887569	8.39262281123691e-32	5.945743936172e-30
ENSMUSG00000044147	3523.3167954912	0.374629963983374	0.0320136520826058	11.7021938958012	1.24200319317886e-31	8.77001333709786e-30
ENSMUSG00000021843	6721.74828012363	0.617722646082258	0.0528505022597624	11.6881130674241	1.46607681212535e-31	1.03182966718304e-29
ENSMUSG00000073563	5323.81975457248	0.364592543137518	0.0312378190316082	11.6715108301448	1.78229585636457e-31	1.25028636773601e-29
ENSMUSG00000032231	80011.6233770914	0.18836399838076	0.0161663700898766	11.65159509114	2.25203523820308e-31	1.57466411802174e-29
ENSMUSG00000021411	575.867835496685	0.868296319969779	0.0746783263088564	11.6271529222369	2.99935103549976e-31	2.09039186129993e-29
ENSMUSG00000021133	12657.0053047998	0.491365780114863	0.0423476768080302	11.6031342720951	3.9725742537045e-31	2.7597177647256e-29
ENSMUSG00000059479	1242.20765889935	-0.701387686881189	0.0604518497603808	-11.6024189443557	4.00592640925145e-31	2.77391020325779e-29
ENSMUSG00000050730	1621.59642146639	0.730494078163867	0.0631934062987433	11.5596566311127	6.59720558970094e-31	4.55355675847332e-29
ENSMUSG00000059923	12367.9367320074	0.293668003143643	0.0254409288707169	11.5431321173836	7.99596612764113e-31	5.50132720820335e-29
ENSMUSG00000029860	6609.30667100863	0.545227612992025	0.0472460132887074	11.5401824416441	8.27495260868226e-31	5.67508411175634e-29
ENSMUSG00000032078	3161.71690959216	0.364246725232465	0.0315667094026355	11.5389513866166	8.39422670088331e-31	5.73855001150195e-29
ENSMUSG00000010755	1758.87794907188	0.617036482365363	0.0534966488256516	11.5341146765346	8.87959735864652e-31	6.05109323494305e-29
ENSMUSG00000021990	8658.67667287266	0.701692994420961	0.0608828681922857	11.5252946396154	9.83750890746761e-31	6.68265715847151e-29
ENSMUSG00000031834	3458.36783241772	-0.349356755002943	0.0303409660626477	-11.5143583194284	1.11687821814432e-30	7.56306240715643e-29
ENSMUSG00000026072	636.863331673734	0.902457306956366	0.0784934822702211	11.4972260225323	1.36223326667928e-30	9.19550292532623e-29
ENSMUSG00000047604	505.346658009442	0.872346865225525	0.0761264947365531	11.4591755241642	2.11518701701522e-30	1.42334183408303e-28
ENSMUSG00000139679	70.0772428981314	2.55092306712895	0.222723654879699	11.4533100155293	2.2633463307734e-30	1.51828101051193e-28
ENSMUSG00000038591	59.303854406734	4.06843918571612	0.356637728731671	11.4077644005442	3.82432132912493e-30	2.5574106433332e-28
ENSMUSG00000031485	2433.7195859713	0.461371596521152	0.0404998806398187	11.3919248460091	4.58742255389003e-30	3.05818672490072e-28
ENSMUSG00000029826	2346.31656916249	0.895476808433585	0.0788857361807569	11.3515681261022	7.28444099956156e-30	4.8411086841049e-28
ENSMUSG00000052681	10418.0725865431	0.496114403990292	0.0438126358937689	11.323546138452	1.00329648549677e-29	6.6471488758252e-28
ENSMUSG00000037536	2033.16810007627	0.472319319881526	0.0417713656987807	11.3072510793037	1.20815520075271e-29	7.97977216595623e-28
ENSMUSG00000027997	292.151720214845	1.2530112485682	0.110938411357761	11.2946564966341	1.39448201344337e-29	9.18219352778389e-28
ENSMUSG00000053436	4574.20580934998	0.383586998730702	0.0341080048035417	11.2462455936699	2.41661068932452e-29	1.58419725895223e-27
ENSMUSG00000027584	975.231630654877	-0.904440894471209	0.0804226385799738	-11.2460982434917	2.42064986926456e-29	1.58419725895223e-27
ENSMUSG00000026078	2676.23572302664	0.406011572092681	0.0361058310841322	11.2450415875101	2.44981197173767e-29	1.59840923359638e-27
ENSMUSG00000020015	1951.52809420869	0.457637515756017	0.0408553695469656	11.2014043889613	4.01320425168585e-29	2.61052855959662e-27
ENSMUSG00000044626	73.2756071051371	1.79349178113287	0.160163492143013	11.197881346964	4.17601123207211e-29	2.70822529026163e-27
ENSMUSG00000042121	3114.32951668432	0.611409357240072	0.0548476247613671	11.1474172290999	7.37150258451234e-29	4.76616489395006e-27
ENSMUSG00000022346	926.981362100544	0.873830305677544	0.0785502767517565	11.1244713807836	9.53695076833388e-29	6.14775330910075e-27
ENSMUSG00000029131	6005.36838363361	0.229354034241888	0.0206768401373965	11.0923154949133	1.36702734890937e-28	8.78581109930794e-27
ENSMUSG00000021091	16083.9390977412	0.635490980470293	0.057436241277696	11.0642856554242	1.86946456916301e-28	1.19790825198965e-26
ENSMUSG00000037411	954.657096351988	4.17405791563264	0.377276354896517	11.0636615877439	1.88252178106442e-28	1.20268489739074e-26
ENSMUSG00000144135	210.992189252395	1.24270567133948	0.112450905903611	11.0510952433295	2.16556580860485e-28	1.37940758597958e-26
ENSMUSG00000054008	9044.26535231273	0.624188654304842	0.0564976450104865	11.0480472980597	2.24034900197214e-28	1.42282046379687e-26
ENSMUSG00000053091	1358.58552599593	0.649509477792121	0.0588103453322982	11.0441364375974	2.34006768105259e-28	1.48176675048598e-26
ENSMUSG00000049409	1355.45449147821	-0.93370328009355	0.0845830568516766	-11.0388925967866	2.48071599920933e-28	1.56620734232434e-26
ENSMUSG00000045975	3955.23280579078	0.766761019108413	0.0694896745925938	11.0341719630118	2.61448629255643e-28	1.64582295472189e-26
ENSMUSG00000042246	1245.05052959797	0.689392357260496	0.062513480542668	11.0278991231332	2.80337268074385e-28	1.75956719195461e-26
ENSMUSG00000029121	8900.53771736395	0.542597205375212	0.0492189077400925	11.0241618574812	2.9222796561306e-28	1.8288529183236e-26
ENSMUSG00000053113	1160.52346273461	1.71299525770735	0.155476213711819	11.0177320170817	3.13867624212933e-28	1.95857047132407e-26
ENSMUSG00000061589	784.500502442551	0.726710766917853	0.065985162852009	11.0132450312764	3.29902956533267e-28	2.05266575795452e-26
ENSMUSG00000032593	3500.86472886826	-0.811027932582714	0.07365939252923	-11.010516170913	3.40049878031343e-28	2.1096851681563e-26
ENSMUSG00000039096	913.143384554549	0.708036314022178	0.0643302031338704	11.0062813348928	3.56412817997557e-28	2.20482926545693e-26
ENSMUSG00000052921	598.743363686543	1.08313559661587	0.0987775971664994	10.9653972933775	5.60538223051502e-28	3.45727851954177e-26
ENSMUSG00000053716	1040.19014296241	0.66394379015063	0.0605503795045363	10.9651466362963	5.62093637995005e-28	3.45727851954177e-26
ENSMUSG00000044453	38.2036871967862	3.36192938630947	0.307063384186576	10.9486495604657	6.74456220356978e-28	4.13653635033797e-26
ENSMUSG00000018143	1439.21685047082	0.750672058569554	0.0685905952511506	10.9442417844735	7.08076726045866e-28	4.33036324823378e-26
ENSMUSG00000122577	35.4633647629881	3.88541441363964	0.35532353195877	10.9348637626694	7.8523836262198e-28	4.78861553751234e-26
ENSMUSG00000005986	3792.27279763872	-0.533001415761603	0.048750302364487	-10.9332945624944	7.98940348841016e-28	4.85837210431197e-26
ENSMUSG00000024789	1936.47255304789	0.515924865294083	0.0471936671192901	10.932078322924	8.09723240962337e-28	4.91003364138348e-26
ENSMUSG00000021796	5591.84964111783	0.257645570591191	0.0235812443513531	10.9258683194302	8.67070726567453e-28	5.24296907506956e-26
ENSMUSG00000048696	1783.18096071274	0.542808316337604	0.0497421125228474	10.9124500108089	1.00510397782125e-27	6.06055112019968e-26
ENSMUSG00000020358	11108.3319063079	0.240588287595329	0.0220808930678091	10.89576797716	1.20743573170319e-27	7.26017238564163e-26
ENSMUSG00000038949	16670.5699625156	0.534208760882242	0.0490424140689936	10.8927908836361	1.24757419109051e-27	7.48056636479021e-26
ENSMUSG00000031642	824.27574099948	0.669064947419067	0.0614916674054285	10.8805790385837	1.42653877781773e-27	8.52982768931348e-26
ENSMUSG00000031491	3026.68841280481	-1.00399623394872	0.0922859926559949	-10.8791833414115	1.4485488986615e-27	8.63737518296324e-26
ENSMUSG00000040857	2556.76492511101	0.619194626677477	0.0570448542165135	10.8545220280049	1.89797145562526e-27	1.12858324837817e-25
ENSMUSG00000115432	1729.81468415928	-0.817029195194965	0.0754144620232943	-10.8338529941724	2.37928357412487e-27	1.4108757238167e-25
ENSMUSG00000019461	3725.41946940418	0.303569512823805	0.0280503553395713	10.82230542711	2.69901361788169e-27	1.59606133116937e-25
ENSMUSG00000023307	5426.18778853773	0.304924651240821	0.0281993166315027	10.8131929303626	2.98109782919617e-27	1.75802873630563e-25
ENSMUSG00000051316	1066.83412194186	0.459777719508786	0.0425621153843426	10.8025109973252	3.34916979108667e-27	1.96967886946483e-25
ENSMUSG00000003269	3623.5589117272	0.397925053734384	0.0368462145155434	10.7996183316612	3.45637297963822e-27	2.02717219619984e-25
ENSMUSG00000017299	1463.42428429364	0.49583095861348	0.0459544970573108	10.7896069016949	3.85434640142801e-27	2.2544250641159e-25
ENSMUSG00000030917	1093.28241600231	0.86079600163302	0.079891358344191	10.7745821259479	4.53838167642265e-27	2.64730709418719e-25
ENSMUSG00000000811	1304.56706440016	0.424100207150618	0.0393744665868988	10.7709448257447	4.72131007845032e-27	2.74654856758847e-25
ENSMUSG00000004562	3016.82746065134	0.503657837930406	0.0467731228467226	10.7681037159078	4.86926580490867e-27	2.82496377751809e-25
ENSMUSG00000018648	403.864745401185	0.798174387474683	0.0741713253720377	10.7612258978938	5.24675042403508e-27	3.03576131003604e-25
ENSMUSG00000031383	29.4880205943383	3.98451288933956	0.370513975982757	10.7540150915252	5.67368728252133e-27	3.27396159157534e-25
ENSMUSG00000002504	6244.80614128028	-0.471680106238233	0.043863925290418	-10.7532580159047	5.72046313961406e-27	3.29210353230443e-25
ENSMUSG00000035594	77.1469459193831	2.61256318792652	0.242963496494941	10.752904142458	5.7424581248542e-27	3.29592529700856e-25
ENSMUSG00000047554	4501.50179129743	0.39843369019508	0.0372301737591558	10.7019025152171	9.97096606614526e-27	5.70764686868998e-25
ENSMUSG00000023032	2402.31487782688	0.974920927017291	0.0911287470031104	10.6982808288148	1.03683993430722e-26	5.91936330580817e-25
ENSMUSG00000041907	1584.63075369679	-0.408781699619877	0.038236397923606	-10.6909050490739	1.12270015236543e-26	6.39254150415818e-25
ENSMUSG00000032502	6098.45425235742	0.74240144976242	0.0694619766169415	10.6878825786445	1.15988750212481e-26	6.58681087846856e-25
ENSMUSG00000026384	1239.95263624575	0.614970691401675	0.0576967068159853	10.6586792442596	1.5883702238112e-26	8.99629425444095e-25
ENSMUSG00000022555	862.468317476918	0.60250593145148	0.0565402650004707	10.656227583059	1.63078761569181e-26	9.2122334101159e-25
ENSMUSG00000024803	39.6574137235373	4.26891209431311	0.400660318962641	10.6546914986886	1.65793442931779e-26	9.34100274533747e-25
ENSMUSG00000046999	2756.5609781945	-0.667437387890176	0.0626517377154525	-10.653134489605	1.68590822246839e-26	9.4737450009179e-25
ENSMUSG00000010095	8007.65219486033	0.437563074983353	0.0410765130867376	10.6523909188541	1.69943208448469e-26	9.52480656019539e-25
ENSMUSG00000031955	3053.9253334151	0.486656226207606	0.0456903235310691	10.6511880108856	1.72153833452947e-26	9.62357861692961e-25
ENSMUSG00000024927	2359.09459251362	0.515717852911022	0.0485509912301269	10.6221899871533	2.34982596610212e-26	1.31016530359346e-24
ENSMUSG00000055809	154.991185577035	1.02272324224	0.0963526924490676	10.614371184081	2.5550897457544e-26	1.42092115239285e-24
ENSMUSG00000078956	41.6634207068559	2.58578550097421	0.243791968661784	10.6065245511082	2.77894280324443e-26	1.54141566445594e-24
ENSMUSG00000003762	832.343508102526	0.518153389501578	0.0489016092409259	10.5958351380374	3.11547643114969e-26	1.72362930595513e-24
ENSMUSG00000024912	65.2478699791269	2.64748279048359	0.25000845254629	10.5895731265062	3.33107405123191e-26	1.83817058055898e-24
ENSMUSG00000022237	951.226005944831	0.70715347585098	0.0668929093025566	10.5714265267268	4.04297427771333e-26	2.22529450885626e-24
ENSMUSG00000051359	11774.4933780541	-0.399982640305497	0.0378463664540045	-10.5685876289235	4.16723094376144e-26	2.28782044600468e-24
ENSMUSG00000097828	88.6167583478112	1.58939256536504	0.150456745455108	10.5637840334601	4.3861606327137e-26	2.40187051382225e-24
ENSMUSG00000018909	30942.5069091072	0.495113022285413	0.0468972409719923	10.5574019286359	4.69476019842991e-26	2.56431863662841e-24
ENSMUSG00000039770	12002.15216303	0.289520613006581	0.0274380972049772	10.5517744486328	4.98466788775286e-26	2.71575839793155e-24
ENSMUSG00000038335	1943.43894266898	0.343936394136164	0.0326269019925756	10.5414971428923	5.560652516376e-26	3.02189789662094e-24
ENSMUSG00000090946	990.134406637295	0.642907530738238	0.0610094249432322	10.5378395442417	5.78117173646733e-26	3.13380385088403e-24
ENSMUSG00000015776	2919.62592704972	0.503547626146773	0.0478271651297582	10.5284857419547	6.38533661703448e-26	3.45258528517033e-24
ENSMUSG00000040212	1898.10468988712	0.858876609085615	0.0816050459566457	10.5247978114235	6.64038549770354e-26	3.58147022848503e-24
ENSMUSG00000041598	3429.30492230184	0.717756259921709	0.0682250667128846	10.5204185866506	6.95638441978275e-26	3.74249994874829e-24
ENSMUSG00000030077	6364.96875834414	0.607080390750876	0.0577539613400587	10.5114935264155	7.64727533030909e-26	4.10391030601037e-24
ENSMUSG00000047649	750.307085630129	0.603498171726245	0.0574152698478048	10.5111092105982	7.67850607091084e-26	4.11039429721127e-24
ENSMUSG00000045664	1789.60600638363	0.411803003786067	0.0391843980893265	10.5093614771701	7.82213473822678e-26	4.1768642858402e-24
ENSMUSG00000045009	1997.94880129166	-0.818555289902523	0.0779092028332172	-10.5065288840759	8.06059299359115e-26	4.28996004241964e-24
ENSMUSG00000057315	2365.98147668824	-0.365245233625247	0.0347641593505727	-10.5063732432589	8.07390225071058e-26	4.28996004241964e-24
ENSMUSG00000071637	1153.57720862164	1.18743621335457	0.113297815125163	10.4806629504972	1.05998075484768e-25	5.61815972433588e-24
ENSMUSG00000066477	603.824804225915	-0.961783946168701	0.0918965195492316	-10.4659452924487	1.23834274368216e-25	6.5473559940594e-24
ENSMUSG00000049649	330.381938881655	0.855209724013298	0.0817310797815366	10.4637027468526	1.26801461419878e-25	6.68776454751623e-24
ENSMUSG00000030650	155.14151646809	1.22845667450526	0.117434406227977	10.4607901037149	1.30760693347249e-25	6.87967902792168e-24
ENSMUSG00000027919	51.5193639826028	6.42636891621486	0.614378837698377	10.4599451053518	1.31932080099214e-25	6.92433748510933e-24
ENSMUSG00000057421	2791.04697866778	0.420070082204856	0.0401933693132417	10.451228383744	1.44639548697703e-25	7.57276232279244e-24
ENSMUSG00000037348	3483.0247952855	-0.511073955501591	0.0489825943764676	-10.4337869810163	1.7381954673994e-25	9.07837077936629e-24
ENSMUSG00000029765	9721.46662919868	0.957222030712486	0.0917708432763772	10.4305681035284	1.79809993457531e-25	9.36844980475575e-24
ENSMUSG00000034226	2692.30215534041	0.467925469484917	0.0448646085475086	10.4297236649109	1.8141511465838e-25	9.42919334444742e-24
ENSMUSG00000044667	533.592553098279	0.974413965541499	0.0935113004230584	10.4202803418743	2.00361733718163e-25	1.03888042898408e-23
ENSMUSG00000020395	416.851472356774	1.3555223161535	0.130125386072375	10.4170474114833	2.07288604714582e-25	1.07220655151885e-23
ENSMUSG00000045136	30567.1848252027	0.357968067332391	0.0344029674103057	10.4051509005923	2.34883654769966e-25	1.21202224357983e-23
ENSMUSG00000034595	2148.87617986488	0.463953182075496	0.0446658727761179	10.38719615759	2.83566711512428e-25	1.45972254899899e-23
ENSMUSG00000017679	3331.13991891445	0.39733112490995	0.0383047578503157	10.372892225624	3.29401183494819e-25	1.6916090442344e-23
ENSMUSG00000016528	2519.72517241786	0.491594011036083	0.0474111876958139	10.3687343626595	3.44051247029306e-25	1.76262626938689e-23
ENSMUSG00000037514	2262.20809205098	0.34824850713054	0.0336196934600723	10.3584676506384	3.83049313031777e-25	1.95774679846193e-23
ENSMUSG00000050747	52.2686897467682	6.47251849776242	0.624981001428292	10.3563444056228	3.91645223922986e-25	1.99692550516171e-23
ENSMUSG00000032508	648.444768232255	0.689749517526602	0.0666416470736533	10.3501271024151	4.17930603093988e-25	2.12590007725487e-23
ENSMUSG00000035572	2037.89313326147	0.418753508803559	0.0404625603658604	10.3491599398854	4.22173752534771e-25	2.14240703827693e-23
ENSMUSG00000027952	5474.00044798977	0.36506690012483	0.0353594235434595	10.3244584764267	5.46261703816114e-25	2.76557871087658e-23
ENSMUSG00000005813	4085.88253265684	0.460466357857637	0.0446029982182489	10.3236637950774	5.50803490271095e-25	2.78201122874337e-23
ENSMUSG00000058886	2101.67372106886	-0.372411421087834	0.0360950693814477	-10.3175150365342	5.87233189116503e-25	2.95904874121475e-23
ENSMUSG00000023087	1279.36973796432	0.701856836621173	0.0680481550102205	10.3141200009869	6.08360576882272e-25	3.05832977596133e-23
ENSMUSG00000087088	700.097561298278	-0.721383930187346	0.0700257634670419	-10.3016931836362	6.92318494420137e-25	3.47226841150062e-23
ENSMUSG00000135102	504.63099377881	3.82602108363708	0.371571148291856	10.2968734284823	7.27886887222264e-25	3.64214916576063e-23
ENSMUSG00000026247	315.809457496734	2.94002258868604	0.285651166332581	10.2923528247142	7.62890669311869e-25	3.80842118777874e-23
ENSMUSG00000026020	2042.62475903971	0.428765308527661	0.0417658654755748	10.2659265801258	1.00352907885334e-24	4.99808705491084e-23
ENSMUSG00000090291	188.23133953017	1.96667313912285	0.191671849013183	10.2606259043684	1.06017317263096e-24	5.26798086196673e-23
ENSMUSG00000000134	3362.02838839005	0.381610324318025	0.0371942976252492	10.2599147902438	1.0680093953876e-24	5.29466274397004e-23
ENSMUSG00000008393	10861.0876363237	0.489425279792119	0.047722833961514	10.2555787065541	1.11704859217962e-24	5.52501499532899e-23
ENSMUSG00000020423	655.527235760757	1.05870326527901	0.103382538380674	10.240639104649	1.30372291860382e-24	6.43349797028728e-23
ENSMUSG00000048483	1733.53843116745	-0.699008976002425	0.0683213776567375	-10.2311897092358	1.43742523690358e-24	7.06695451219478e-23
ENSMUSG00000029777	20004.0123693135	0.439346505476344	0.0429422316342032	10.2311055750164	1.43867470503546e-24	7.06695451219478e-23
ENSMUSG00000017615	4666.91688435787	0.387025240796844	0.0378805464508969	10.2169920198625	1.66425107857493e-24	8.15635014901584e-23
ENSMUSG00000008384	760.300042576559	0.621610673679876	0.0608559553236887	10.2144592155948	1.70829030092044e-24	8.35311152609523e-23
ENSMUSG00000059796	17221.7301114586	0.196730717788859	0.0192796763162507	10.2040467154024	1.9017948727826e-24	9.27816562253437e-23
ENSMUSG00000022848	6054.87772448029	0.291969266153229	0.0286201836121683	10.2015161785718	1.95201094935201e-24	9.5015571516531e-23
ENSMUSG00000039114	27471.171249058	-0.51332369254385	0.0503498442697235	-10.195139627324	2.08444791086635e-24	1.01232486096509e-22
ENSMUSG00000027944	3286.76041182993	0.420282498444413	0.0412265894082814	10.1944522813228	2.0992445956935e-24	1.01720958219316e-22
ENSMUSG00000055493	1983.81988989114	-0.347304825241282	0.0340845393258382	-10.1895120811565	2.20869931598758e-24	1.06783647560787e-22
ENSMUSG00000051048	1640.61427088239	0.539181932072777	0.0529378007856385	10.1851970439061	2.30891654134894e-24	1.11377983093475e-22
ENSMUSG00000039910	1024.63374992411	1.19629723383933	0.117510755689795	10.1803211698963	2.42758819389063e-24	1.16839928632413e-22
ENSMUSG00000038323	1974.26193190724	-0.55828425946409	0.0548529067695139	-10.1778427497004	2.49020562611145e-24	1.19585579351473e-22
ENSMUSG00000029578	9330.61508427719	0.31113572239553	0.0305730481764895	10.1767975701812	2.51708935927674e-24	1.20606786129988e-22
ENSMUSG00000028901	1043.38964618752	0.488511516857406	0.0480396845878771	10.1689159920231	2.72929095478783e-24	1.3048320631509e-22
ENSMUSG00000036057	5053.82650425245	0.644097274492107	0.0633759745531985	10.163114319472	2.89672819380096e-24	1.3818037201807e-22
ENSMUSG00000020732	3205.98497431486	-0.429414149372314	0.0422643392910292	-10.1602002202235	2.98462896630177e-24	1.42057750311826e-22
ENSMUSG00000044229	715.783673224738	0.724272533991433	0.0712873684699196	10.1598999870089	2.99383396326522e-24	1.42180619149228e-22
ENSMUSG00000044067	493.612232509464	-0.73194266781906	0.0720900874089129	-10.1531666020503	3.20782573283877e-24	1.52007035719905e-22
ENSMUSG00000002058	2843.31117201786	-0.594376981527832	0.0587050065387162	-10.1248090507551	4.28814901260357e-24	2.02751997146582e-22
ENSMUSG00000027978	1647.80925531099	0.732796774963733	0.0724268554399321	10.1177494247487	4.60891341111038e-24	2.17439418204166e-22
ENSMUSG00000001507	6931.99566110059	0.740114614191505	0.0731774442433479	10.1139718918071	4.79019722462772e-24	2.25496433385655e-22
ENSMUSG00000024517	30.3608456360142	4.44600939009446	0.439877534887227	10.1073799807355	5.12361407325338e-24	2.4066411312135e-22
ENSMUSG00000021852	800.970568098876	-0.679575036818532	0.0673163674450965	-10.0952422510439	5.79877200724155e-24	2.71782619885256e-22
ENSMUSG00000041617	2479.94661966813	-0.591578039156605	0.0586603450270375	-10.0848032667373	6.44942483504908e-24	3.01619506555912e-22
ENSMUSG00000048703	36.9092502772527	5.77167071245204	0.572963304245805	10.0733688696684	7.24529567037937e-24	3.38103297522529e-22
ENSMUSG00000042292	2294.11765379891	0.520141130389099	0.0516762364509196	10.0653833582311	7.85805899972869e-24	3.65902591080642e-22
ENSMUSG00000014905	3300.82795535782	0.341810565860582	0.0339834069220014	10.0581606383699	8.45634713872586e-24	3.92908977662098e-22
ENSMUSG00000026880	3429.50166243914	1.18668143931995	0.117989657400548	10.0575038987649	8.51293474718292e-24	3.9468392501734e-22
ENSMUSG00000063919	1228.15139518414	0.901614403896354	0.0896768655103992	10.0540356619824	8.81805148568173e-24	4.07948907740612e-22
ENSMUSG00000036894	1298.11497068836	0.474629787750774	0.0472252136269371	10.0503470773089	9.1544426816181e-24	4.22600573341106e-22
ENSMUSG00000098188	1482.58852824711	0.565281696081706	0.0563951538040684	10.0235863891008	1.2006536024908e-23	5.53073610108747e-22
ENSMUSG00000091204	2890.04118873483	-0.670931364578247	0.0670681890238869	-10.0037197118784	1.4677789190654e-23	6.74675423483038e-22
ENSMUSG00000037815	12855.7697211642	0.392965166314516	0.039361097530542	9.98359270875507	1.79834751978334e-23	8.24857432898912e-22
ENSMUSG00000032278	2636.58731820663	-0.676101726841677	0.0677604371404957	-9.97782416072428	1.90600476123357e-23	8.72373096047757e-22
ENSMUSG00000055782	1646.49591270924	-0.609073495821466	0.0610628420104103	-9.97453567126188	1.97020812799316e-23	8.99840163308535e-22
ENSMUSG00000071862	2051.43753883847	-0.456845656114644	0.0458421549593365	-9.96562348606609	2.155173288146e-23	9.82228233616602e-22
ENSMUSG00000009566	717.982220734965	0.593328995845741	0.0595758001947189	9.95922830925462	2.2983976561052e-23	1.04528398487191e-21
ENSMUSG00000002733	2550.49530398544	0.491317660111947	0.0494057466296292	9.94454478737294	2.66389146528878e-23	1.20894490896171e-21
ENSMUSG00000034275	2688.51753488868	1.05187630229725	0.105910555938878	9.93174186437368	3.02917013408039e-23	1.37181785017235e-21
ENSMUSG00000013089	7941.01102440208	0.45932627902624	0.0462934557726455	9.92205639782143	3.33806788211909e-23	1.5085255822646e-21
ENSMUSG00000095930	503.891163854176	-0.562890074107285	0.0567484068869939	-9.91904627786639	3.44027620085111e-23	1.55144892704769e-21
ENSMUSG00000033769	6078.70879967229	0.534495430448213	0.0539067090814038	9.91519310965688	3.57564328349835e-23	1.60911443864938e-21
ENSMUSG00000002797	807.271027609453	0.595982507464072	0.0602213489525553	9.89653200783678	4.30960683912683e-23	1.93535607549574e-21
ENSMUSG00000022861	2419.16122572855	-0.737447230897086	0.0746441978575609	-9.87949836776749	5.10880062956671e-23	2.2894679397553e-21
ENSMUSG00000031155	1345.07981574894	-0.467976878146576	0.0473984987761414	-9.87324261801594	5.43777411237515e-23	2.43181789783844e-21
ENSMUSG00000029651	2376.97781892074	0.697363325395587	0.0706365824222684	9.87255189140834	5.47535916452072e-23	2.44353554730981e-21
ENSMUSG00000037876	2548.81212330727	0.61701762141536	0.0625183866361625	9.86937850789737	5.651366845526e-23	2.51685146693073e-21
ENSMUSG00000020089	5945.27714106996	0.362602205638207	0.0367823908986933	9.85803795726308	6.32736918439055e-23	2.81207674766309e-21
ENSMUSG00000040046	53.8753100634632	2.39645341431671	0.243130970621507	9.85663573912752	6.41632894688707e-23	2.84572142921235e-21
ENSMUSG00000058354	61.801105758582	9.6213374865642	0.976580641169663	9.85206656875831	6.7148864950777e-23	2.97199491759459e-21
ENSMUSG00000017428	6515.09663715703	0.305611605865431	0.031023073470433	9.85110666603354	6.77933501123023e-23	2.99434578911663e-21
ENSMUSG00000029175	2841.5947134073	0.41436993174803	0.0420919863110458	9.84439006242123	7.24775011593192e-23	3.1946653796426e-21
ENSMUSG00000021260	520.53687459693	0.998657884545703	0.10148819826887	9.84013808088288	7.5606996971578e-23	3.32577827252437e-21
ENSMUSG00000030309	1538.7586356301	0.542402275960051	0.0551279467532851	9.83897111908543	7.64890415260953e-23	3.35769686175698e-21
ENSMUSG00000096606	3148.01625487122	-0.619400013273856	0.0631093101204873	-9.81471691088538	9.73107344725744e-23	4.26300454324139e-21
ENSMUSG00000001420	11064.3872077762	0.389135412709545	0.0396500623240471	9.81424466698861	9.77674110765196e-23	4.27428767040442e-21
ENSMUSG00000015837	49257.2640525198	0.350786394068671	0.0357857977153689	9.80239135253422	1.09951236805096e-22	4.79718140093128e-21
ENSMUSG00000021072	3269.89320299722	0.388256328701903	0.0396748853469311	9.78594708735398	1.29378285338998e-22	5.63333523952725e-21
ENSMUSG00000078915	131.056028723825	1.23776819022377	0.126497388741115	9.7849307605625	1.30684700873465e-22	5.67869997763116e-21
ENSMUSG00000058057	2710.14158221253	0.494064303080348	0.0505401288854282	9.77568348114752	1.43187574802762e-22	6.20942319336584e-21
ENSMUSG00000020547	1333.80737286553	0.516082170418533	0.0528045611332285	9.7734392511365	1.46396233418471e-22	6.3357692470986e-21
ENSMUSG00000086968	2876.91788185612	-0.485193669546864	0.049657511759967	-9.77080108025103	1.50259227561271e-22	6.48986836786768e-21
ENSMUSG00000026930	2593.95141639158	0.443942739002803	0.0454444079411063	9.76891897410415	1.53076638921743e-22	6.5982793797071e-21
ENSMUSG00000036186	1177.78865703052	-0.551911847594049	0.0565011983815325	-9.7681440996558	1.54251722768662e-22	6.63560617425269e-21
ENSMUSG00000061039	475.087971247752	1.28048865503344	0.131117767119458	9.76594311483985	1.57638399564683e-22	6.76773177011098e-21
ENSMUSG00000025178	12919.8900559284	0.351188023287451	0.0359724573698086	9.76269204177863	1.62775934485504e-22	6.97434772388391e-21
ENSMUSG00000049643	760.036017998727	0.482636118071392	0.0494604552433985	9.75802013338343	1.70450206882092e-22	7.28861382655575e-21
ENSMUSG00000021222	1194.94457632086	-0.528542239794843	0.0541908240193525	-9.75335306962838	1.78473914898158e-22	7.61654285726414e-21
ENSMUSG00000004105	1975.25647285144	1.24041244470749	0.127198836137984	9.7517593900144	1.81298537086354e-22	7.72173491487239e-21
ENSMUSG00000024087	3729.82132705603	0.843804782235219	0.0865321422404681	9.75134511162721	1.82040017542114e-22	7.73796240902777e-21
ENSMUSG00000022526	2120.68914094544	0.493456277975759	0.0506506797204333	9.74234266350212	1.98914906806617e-22	8.43855215318349e-21
ENSMUSG00000024335	11783.6953153647	0.295083002355422	0.0303965068833386	9.70779318452435	2.79318957479387e-22	1.18261553081904e-20
ENSMUSG00000048047	1532.12053007169	0.51644991904534	0.0532171850688	9.70457040103992	2.88288178798398e-22	1.21818780434772e-20
ENSMUSG00000048706	734.63458604034	-0.567043214066761	0.0584437756942543	-9.702371336055	2.94571339722499e-22	1.24229241227567e-20
ENSMUSG00000037060	2911.95299340655	0.799956000562309	0.0824694399893156	9.70002949778668	3.01411480537429e-22	1.26864683161107e-20
ENSMUSG00000032666	5292.89685198652	0.450471668575551	0.0464413910672002	9.69978844784652	3.02124410308491e-22	1.26915901989864e-20
ENSMUSG00000062526	1295.9254697723	-0.48652933170868	0.0502069556794378	-9.69047665058762	3.30980357257807e-22	1.38766100564377e-20
ENSMUSG00000039747	3005.25579511722	-0.349873474412645	0.036112587490901	-9.68840780242623	3.37752779702816e-22	1.41329457487342e-20
ENSMUSG00000032380	725.252043691498	-0.783782668413469	0.0809415138635591	-9.6833210920007	3.54992946820178e-22	1.48254447401594e-20
ENSMUSG00000059816	26.9512960755784	3.41092206639184	0.35227801584945	9.6824721184121	3.57953949192633e-22	1.49200766473185e-20
ENSMUSG00000033545	3363.23673219027	0.401405177927462	0.0414769556248796	9.677787867504	3.74736304011433e-22	1.55893207401345e-20
ENSMUSG00000027806	2565.74443017637	0.601826477562663	0.0622190115644775	9.67271035701027	3.9380777342917e-22	1.63510206275253e-20
ENSMUSG00000032715	276.490638645411	1.1065896555696	0.114535088965548	9.6615776489461	4.39049682437002e-22	1.81942866470901e-20
ENSMUSG00000027907	4086.26799465343	0.852263520674586	0.0882174360189175	9.66094186291954	4.41783322045441e-22	1.82722943950432e-20
ENSMUSG00000027800	1383.95417050635	1.2286333428126	0.127179074663618	9.6606564095726	4.43016135929008e-22	1.82743499364716e-20
ENSMUSG00000015839	3848.49803121902	0.38688638948881	0.0400481272838017	9.66053635285199	4.43535652515685e-22	1.82743499364716e-20
ENSMUSG00000028599	726.640396821551	1.05479995841381	0.10919575579996	9.65971571593081	4.47102942442771e-22	1.83714666343123e-20
ENSMUSG00000027340	5685.58933023881	0.737858282027577	0.0763860010539423	9.65960086726514	4.476044465548e-22	1.83714666343123e-20
ENSMUSG00000052298	4915.88855567846	0.261895934427361	0.0271236495207003	9.65563038364313	4.65288695086723e-22	1.90608532991061e-20
ENSMUSG00000037860	118.890713713615	2.88933267305924	0.299368795960006	9.65141561863126	4.84817772596027e-22	1.98230443934216e-20
ENSMUSG00000049866	4141.33177686917	0.390407487779437	0.0404589102470905	9.64948105114897	4.94051079046541e-22	2.01621681802529e-20
ENSMUSG00000038733	7070.44283367469	0.290435427164609	0.0301180789293676	9.64322551400881	5.25114994578104e-22	2.13892191150163e-20
ENSMUSG00000038676	24.4984527287889	4.25377179649384	0.441478781206659	9.63528028429214	5.67369493705215e-22	2.30665786967351e-20
ENSMUSG00000132840	27.2984541259524	3.09955806734151	0.321725315375836	9.63417523958487	5.73506865121089e-22	2.32720195967662e-20
ENSMUSG00000032309	2756.02098784361	-0.427067707149224	0.044331509366662	-9.633502518874	5.77275250126773e-22	2.33807368287194e-20
ENSMUSG00000022744	4307.72509304661	0.377478987827029	0.0392191168730516	9.62487220323935	6.27849203835391e-22	2.53811883418654e-20
ENSMUSG00000037709	1105.30307695706	-0.82708048533668	0.0860317508573973	-9.61366561872737	7.00111957307145e-22	2.82492542773593e-20
ENSMUSG00000030707	6658.17631245227	-0.438855455489104	0.0457197979995161	-9.59880565294161	8.08761172742285e-22	3.25719837412493e-20
ENSMUSG00000026158	9517.25884724154	-0.45898956044765	0.0478764078805399	-9.58696737635184	9.07120686959726e-22	3.64648926334784e-20
ENSMUSG00000030616	8414.37551810965	0.535202435866614	0.0560125501227115	9.55504497999287	1.23530248284886e-21	4.95644917697825e-20
ENSMUSG00000031799	7037.03345883942	0.656179623513358	0.0687267917905661	9.5476539267679	1.32666479186261e-21	5.31309448173933e-20
ENSMUSG00000042448	1066.67062612063	-0.997013738232654	0.104431245376116	-9.54708272071104	1.33399768845251e-21	5.33251291998539e-20
ENSMUSG00000045679	3469.17639901832	-0.484710156211414	0.0508088849502059	-9.53986997916689	1.43011501047474e-21	5.70610572766744e-20
ENSMUSG00000129931	61.6864239760584	1.7891423413221	0.187641285696451	9.5349077079786	1.50018947529331e-21	5.97459504204939e-20
ENSMUSG00000022948	131.934983583489	1.31883151273773	0.138470018105476	9.52431097201952	1.66140380484124e-21	6.60438779161518e-20
ENSMUSG00000053175	884.855136757999	1.28538356126333	0.135001549606745	9.52125042273669	1.71107617774526e-21	6.78927194666907e-20
ENSMUSG00000031490	475.969830373546	0.947300063803718	0.0995388027655384	9.51689228204868	1.78435358442989e-21	7.06696200062214e-20
ENSMUSG00000027796	3391.91560871583	-0.673234538775384	0.0707925466802402	-9.50996355331428	1.90729348359339e-21	7.53995615447802e-20
ENSMUSG00000106554	404.450156727438	0.920564416257159	0.0968818319497492	9.50193031790148	2.06035037087934e-21	8.1300516656794e-20
ENSMUSG00000008730	7018.04197813816	0.562166453142117	0.059218706843449	9.49305520345562	2.24360107878956e-21	8.83690656097186e-20
ENSMUSG00000057465	28.3322229520563	3.15774429470274	0.332822713355161	9.48776681395857	2.36036598769149e-21	9.27978320362372e-20
ENSMUSG00000047606	963.375574584446	-0.86321803443891	0.0910321704847747	-9.48256017451858	2.48119391706159e-21	9.7369851231525e-20
ENSMUSG00000036206	2433.72824775165	0.420088458376208	0.0444136370137928	9.4585466676766	3.12252833065422e-21	1.22314221069021e-19
ENSMUSG00000035778	2176.45205634101	0.532283091938127	0.0563239192632308	9.45039157254829	3.37565505321446e-21	1.31988727454101e-19
ENSMUSG00000109604	85.3604697867527	1.50660181605972	0.159689996170347	9.43454099937842	3.92709844637011e-21	1.53271082272329e-19
ENSMUSG00000025027	2834.21961438297	0.307238449614713	0.0325702190291231	9.43310971719263	3.98107465356815e-21	1.5509573232939e-19
ENSMUSG00000023048	12107.649532227	0.31567250040052	0.0334936773343281	9.42483852249282	4.3076787255236e-21	1.6751563681538e-19
ENSMUSG00000008435	1650.69989469329	0.604958777186382	0.0642280969435236	9.41891175319	4.55787301214734e-21	1.76924596887441e-19
ENSMUSG00000048616	371.680606889914	-0.992616569048108	0.105400391855205	-9.41757949450249	4.61606237294465e-21	1.78859918587779e-19
ENSMUSG00000027367	3940.5652603075	-0.195719936903066	0.0208207925323334	-9.40021551048668	5.44514266441626e-21	2.10361000377773e-19
ENSMUSG00000040148	40.3753303851325	8.79730073964167	0.935868345881207	9.40014776475659	5.44864978151691e-21	2.10361000377773e-19
ENSMUSG00000028840	884.953220345229	0.425329061809764	0.0452623526798213	9.39697202260949	5.6155856326667e-21	2.16416806446721e-19
ENSMUSG00000021587	6438.76776754768	0.67357265264887	0.0717941855820648	9.38199447751851	6.47363736780576e-21	2.49037813149316e-19
ENSMUSG00000022433	4375.39432327619	0.378043686284254	0.0403789017399118	9.36240635565834	7.79409879923968e-21	2.99298971063469e-19
ENSMUSG00000000346	9036.67068194904	0.314087818248013	0.0335598149674159	9.3590449933341	8.04606378924948e-21	3.08422866607195e-19
ENSMUSG00000024511	6169.50173083441	-0.730889600507106	0.0780983870919219	-9.35857484030815	8.08194227445625e-21	3.09245940933116e-19
ENSMUSG00000037492	2716.13775002317	-0.659834162263348	0.0705105857484591	-9.35794470091702	8.13027794637863e-21	3.10541897503494e-19
ENSMUSG00000005089	494.073303168817	0.847631983099769	0.0905840601356575	9.35740771423103	8.17169375502525e-21	3.11569410560163e-19
ENSMUSG00000045318	1075.52869080862	-0.63920733600834	0.0683139956607216	-9.35690161036597	8.21091864419341e-21	3.12509892936624e-19
ENSMUSG00000066043	796.573849931148	0.559035735960367	0.059781681789747	9.35128820775741	8.65866210756806e-21	3.28967859824878e-19
ENSMUSG00000027797	15217.2157891521	0.401237799381189	0.0429334932839475	9.34556609981719	9.1399211113525e-21	3.46638774869775e-19
ENSMUSG00000018841	1916.46169336748	-0.353946175868754	0.0379002025847786	-9.33889931266237	9.73407446818098e-21	3.68521415403832e-19
ENSMUSG00000032501	1056.69969655727	0.985319518649693	0.105693803297655	9.32239627970278	1.13741901253449e-20	4.29856276814531e-19
ENSMUSG00000036737	4694.52364990418	0.297575626532824	0.0319260273980527	9.32078466333003	1.15483054856526e-20	4.35669464947308e-19
ENSMUSG00000027605	6083.15846335605	0.298823576826936	0.032091584953447	9.31158673715924	1.2593666991668e-20	4.74273080075692e-19
ENSMUSG00000013483	593.274316622397	0.844335449093456	0.0907265863670107	9.30637294869574	1.32272217941614e-20	4.97260145417634e-19
ENSMUSG00000027455	6468.47151636964	0.226134372337429	0.0243177828813143	9.29913608658748	1.41591438246112e-20	5.31363953390043e-19
ENSMUSG00000059316	11492.5329979455	0.426603715720377	0.0458789250021133	9.29846799376243	1.42483820374692e-20	5.33779701250111e-19
ENSMUSG00000022476	1773.05162131138	0.433677244453439	0.0466997112122442	9.28650805745739	1.59433172610032e-20	5.9623562425905e-19
ENSMUSG00000049807	4011.4226352819	0.384470343808714	0.0414060402405835	9.28536854948717	1.6114849578248e-20	6.0160236703769e-19
ENSMUSG00000029762	368.047181426894	1.01773720660985	0.109716288325763	9.27608126505381	1.75826501254209e-20	6.55258971514382e-19
ENSMUSG00000130552	25.0325924931899	4.39552217020048	0.474609381125395	9.26134700451518	2.01869212497651e-20	7.51009448089183e-19
ENSMUSG00000045287	5785.11050453071	-0.63506633288197	0.0685907105392158	-9.25878049504793	2.06780347815998e-20	7.67949298653672e-19
ENSMUSG00000042428	10791.8493120244	-0.346721742090106	0.0375186145476082	-9.24132583974131	2.43461506687001e-20	9.02615665378785e-19
ENSMUSG00000024907	2047.46171488472	1.85468466762186	0.201001093884709	9.22723668700866	2.77703483726664e-20	1.02779016925458e-18
ENSMUSG00000034161	392.446866982543	-1.0585824126809	0.114726208001399	-9.22703217618756	2.7823404823005e-20	1.02798142500968e-18
ENSMUSG00000029310	2749.57827157237	0.282264254871925	0.0306008772040165	9.22405763044193	2.86065190458405e-20	1.05509886226463e-18
ENSMUSG00000026074	8928.3402478837	0.372301043127813	0.0404190191492439	9.21103606579672	3.22992094640212e-20	1.18925356836137e-18
ENSMUSG00000038967	2178.89045483222	-0.434283209188983	0.047212542889459	-9.19847105473202	3.63078935958861e-20	1.33456377385153e-18
ENSMUSG00000042757	647.10872065249	-0.825093066690169	0.0897126865049791	-9.1970611831402	3.67873008077323e-20	1.34987384468168e-18
ENSMUSG00000020027	2312.90197001882	0.564222467186032	0.0613932025207306	9.1903084383896	3.91716539341364e-20	1.43491249718459e-18
ENSMUSG00000020601	5844.56035254917	-0.464196123580381	0.0505275000176485	-9.18699962234911	4.03951193895375e-20	1.47720891450734e-18
ENSMUSG00000018565	3498.85573632386	0.25461234935287	0.027736234966901	9.1797733058114	4.31999905280089e-20	1.57709353175891e-18
ENSMUSG00000101581	194.408698821999	1.36065600423993	0.148457503467935	9.16528954384451	4.94141387630984e-20	1.80088947824901e-18
ENSMUSG00000039985	156.594365567284	1.3830042738839	0.150914964266957	9.16412948577764	4.99484722064542e-20	1.81727780404025e-18
ENSMUSG00000029348	1889.58668195053	-0.360566174553474	0.0393748625063097	-9.15726815543024	5.3227683311283e-20	1.93330871397631e-18
ENSMUSG00000029053	7181.5948857509	-0.398209800853822	0.0434936448501833	-9.15558588445465	5.40636360965871e-20	1.96035475075902e-18
ENSMUSG00000039191	1866.26626678041	0.435566771818654	0.0475780597841607	9.15478213686341	5.44676020879317e-20	1.97167208502452e-18
ENSMUSG00000037960	4089.61849479349	0.265497439675274	0.0290188137092112	9.14914862942861	5.73839928331313e-20	2.07374543797306e-18
ENSMUSG00000081219	51.4490819486991	2.1426987698125	0.234206654447852	9.14875273234214	5.75946529207922e-20	2.07786020100458e-18
ENSMUSG00000020868	2340.02126530349	-0.554601569475295	0.060635065262805	-9.1465485700648	5.87815570641127e-20	2.11712232204403e-18
ENSMUSG00000027465	2906.17109055874	0.483347106963279	0.0528510905636004	9.1454519066475	5.93810665965832e-20	2.13513228737396e-18
ENSMUSG00000103280	34.3751692925559	3.07919814655688	0.336711406590713	9.14491783255736	5.96752115629339e-20	2.14212055419722e-18
ENSMUSG00000027692	4555.42999618621	0.818023252088896	0.0895131385313772	9.1385830673578	6.32759195370847e-20	2.26758078260945e-18
ENSMUSG00000063952	685.444261957213	0.584605608831382	0.0639742805893957	9.13813494181419	6.35386192982915e-20	2.27320000309521e-18
ENSMUSG00000027787	1833.43586142569	0.318265171756678	0.0348323259767222	9.13706342692615	6.41711403795401e-20	2.29200948317339e-18
ENSMUSG00000035236	1532.23845905369	0.590823446782403	0.064693268643281	9.13268813236515	6.68191338519335e-20	2.38262379944453e-18
ENSMUSG00000005802	1651.06917154095	0.502628511590368	0.0550680590669806	9.12740561600346	7.01604362906835e-20	2.49761845010914e-18
ENSMUSG00000047407	249.388298736404	1.37049421387008	0.150283251074376	9.11940754590023	7.55361210200279e-20	2.68453373148331e-18
ENSMUSG00000051007	1903.31990817832	-0.338570843514124	0.0371282286096265	-9.11896032191367	7.58484455331198e-20	2.69117806911397e-18
ENSMUSG00000029084	313.902631065965	1.20272814131273	0.131937714008414	9.11587827901904	7.80358116433591e-20	2.76421903091806e-18
ENSMUSG00000025795	4030.69355820649	-0.40349894163859	0.0442748042403797	-9.11351159110465	7.97576956953418e-20	2.8205579831898e-18
ENSMUSG00000047547	19937.5482230231	0.24945326289785	0.0274058339467082	9.10219566326361	8.85237777625676e-20	3.12541350896591e-18
ENSMUSG00000023010	15629.7760053221	0.422605996627671	0.0464317984335022	9.10165039661152	8.89694192810513e-20	3.13598941590648e-18
ENSMUSG00000040433	3698.78993586477	0.44242042547577	0.0486168108409668	9.10015317382698	9.02045208725381e-20	3.17431187713099e-18
ENSMUSG00000025340	2829.77991624712	0.366870181134579	0.0403320792316114	9.09623773740467	9.35151527852633e-20	3.28542760996475e-18
ENSMUSG00000116815	108.501700819591	1.82857611951964	0.201287340248397	9.08440698388236	1.04265503935156e-19	3.65712958737266e-18
ENSMUSG00000074656	5724.87759258002	0.301020977357781	0.0331765234357513	9.07331287863027	1.15452174510142e-19	4.04289784344976e-18
ENSMUSG00000073747	131.184844467752	1.14158197410514	0.12584008317753	9.07168801290956	1.17187234997312e-19	4.09697261637181e-18
ENSMUSG00000031532	13693.6904819327	0.299037355306541	0.033038919714841	9.05106334854568	1.41582779000552e-19	4.94181452687132e-18
ENSMUSG00000038174	4293.84590374017	-0.575910341418515	0.0636324675195262	-9.05057376946434	1.42219052715146e-19	4.95596458698592e-18
ENSMUSG00000041658	2622.5831222168	-0.287127687730455	0.0317370568916426	-9.04707984457328	1.46842653924803e-19	5.10879158695271e-18
ENSMUSG00000120751	129.13477378922	1.05810749296585	0.117135824646776	9.03316723262568	1.66773532912889e-19	5.79281659790951e-18
ENSMUSG00000024238	4978.56307662764	0.373050266757397	0.0413204987046216	9.02821307710093	1.74497801103222e-19	6.05132439173143e-18
ENSMUSG00000090061	2924.4488295402	-0.635405076097122	0.0703857380808664	-9.02746910698163	1.75687892822326e-19	6.08276823761945e-18
ENSMUSG00000010086	4555.06883756042	-0.785971724729043	0.0871514650594439	-9.01845682333568	1.90757359230466e-19	6.59387676850432e-18
ENSMUSG00000050908	6189.33263610557	-0.340333082492613	0.0377535299125148	-9.01460295980949	1.97584872570043e-19	6.81890172763431e-18
ENSMUSG00000014932	1108.47737926897	0.513262800478619	0.0569616039564459	9.0106802622881	2.04782251442694e-19	7.05594832980556e-18
ENSMUSG00000040365	2309.15376665264	0.347045926686399	0.0385220677484094	9.00901605160405	2.07913458637605e-19	7.1523562549917e-18
ENSMUSG00000028466	3088.56301594542	0.320142419614978	0.0355602733930473	9.00281097607005	2.20010940423047e-19	7.55640775539379e-18
ENSMUSG00000045613	942.010740298579	-0.834816882798815	0.0927830090730944	-8.99751895458732	2.30875969377451e-19	7.90687353691352e-18
ENSMUSG00000030341	2679.24156145665	0.660412242993287	0.0733996661415493	8.99748292750677	2.30951724012148e-19	7.90687353691352e-18
ENSMUSG00000003154	1584.51487717172	0.402171695212118	0.0447099335240665	8.99513069049045	2.3595132169435e-19	8.06517686543139e-18
ENSMUSG00000041827	164.388081870488	1.26191394023356	0.140321475965474	8.99302071583145	2.40526895906794e-19	8.20850611690818e-18
ENSMUSG00000037465	1393.38437546897	0.575449871866859	0.0639976894304908	8.99172887314731	2.43371469817855e-19	8.28226060632871e-18
ENSMUSG00000026821	6996.04089011915	0.416728081365084	0.0463459178671193	8.9916890320288	2.43459724335853e-19	8.28226060632871e-18
ENSMUSG00000096847	4428.81964652798	-0.512428131732907	0.0571420662796311	-8.96761641809174	3.03000158094504e-19	1.02914579013554e-17
ENSMUSG00000017677	1226.08632451086	0.594830736622957	0.0663437245953976	8.96589301023689	3.07776661326332e-19	1.04371782180585e-17
ENSMUSG00000046275	45987.1980978618	-0.402941840634809	0.0450212037814041	-8.95004590706309	3.55334550344915e-19	1.20309328985867e-17
ENSMUSG00000058355	9117.25016212438	0.273101543173438	0.0305325231367726	8.9446110283798	3.73261971696693e-19	1.26180180857342e-17
ENSMUSG00000026824	1420.82602255691	-0.711200313431623	0.0795955265556078	-8.93517945301558	4.06517882033307e-19	1.37206176976839e-17
ENSMUSG00000024798	885.16984280137	-0.529910101314938	0.0593434970974803	-8.92953949856517	4.27785759378118e-19	1.44157756841612e-17
ENSMUSG00000021306	2422.28334971389	0.60194692954576	0.0674234725865702	8.92785415009401	4.34351783532432e-19	1.46140993500113e-17
ENSMUSG00000071489	2468.66609140109	-0.722274611945975	0.0809738259375612	-8.91985284853553	4.66908173391256e-19	1.56848996087898e-17
ENSMUSG00000020794	3008.8761210128	0.302556120002431	0.0339816309768728	8.90351967533121	5.41031776081091e-19	1.81465439146198e-17
ENSMUSG00000034648	16798.2645058488	-0.675167015821366	0.0759544394620897	-8.88910537162683	6.16028880176175e-19	2.06297596596908e-17
ENSMUSG00000038331	96.2098566277148	2.85721740029778	0.321575368978226	8.88506296168237	6.38845790870027e-19	2.13605354311776e-17
ENSMUSG00000026458	3775.92807095006	-0.428985961292702	0.0482881220184975	-8.88388165371958	6.45669771879138e-19	2.15414514946714e-17
ENSMUSG00000028602	37.6811746526024	2.30472230543702	0.259430383413286	8.88377943675735	6.46263615138748e-19	2.15414514946714e-17
ENSMUSG00000042743	6999.56813785421	0.39019592781966	0.0439467944103832	8.87882570400788	6.75698886392756e-19	2.248767797722e-17
ENSMUSG00000050394	511.01688974725	-0.638906788828169	0.0720161308386469	-8.87171778583396	7.20261228530189e-19	2.39336339498901e-17
ENSMUSG00000027954	1877.40319641736	0.404227499639733	0.0455688237106669	8.87070296583298	7.26855940736314e-19	2.41154399132082e-17
ENSMUSG00000045725	212.299207671203	1.13033726586967	0.127615154479807	8.8573905699305	8.19091536022281e-19	2.71336711608863e-17
ENSMUSG00000003134	1256.93038745845	-0.423981022279355	0.0478732803436009	-8.85631858181255	8.2700307654285e-19	2.73535408953295e-17
ENSMUSG00000050108	24.0465370897272	3.70456294148389	0.418496716057494	8.85207171129857	8.59094698546568e-19	2.83712719984625e-17
ENSMUSG00000042616	1261.87231264847	-0.417415332788493	0.0471643881206561	-8.85022258150916	8.73449199968162e-19	2.8801014633666e-17
ENSMUSG00000140700	145.026768409262	3.11922850440614	0.352545928453638	8.84772238921584	8.93235129957136e-19	2.9408259662055e-17
ENSMUSG00000031073	27.3628515164309	8.32857025606358	0.941410437569915	8.84690664526974	8.99786017973694e-19	2.95637203475338e-17
ENSMUSG00000062867	2281.02399828126	0.369819872232558	0.0418027096749728	8.8467918732543	9.00711502249469e-19	2.95637203475338e-17
ENSMUSG00000109511	1781.42059844649	0.375349055814222	0.0424484571620429	8.8424663912133	9.36284678239135e-19	3.06844074856203e-17
ENSMUSG00000020448	2348.81555782938	0.336583611508165	0.0380695073486468	8.84129149415244	9.46184469554957e-19	3.0961578999187e-17
ENSMUSG00000085224	5269.22908948599	-0.500108774293416	0.0565844964641896	-8.83826499383833	9.7216472909393e-19	3.17632999615377e-17
ENSMUSG00000030199	1878.70316026045	0.460777989198665	0.0521551781211884	8.83475056164118	1.00321858899382e-18	3.2728100655534e-17
ENSMUSG00000073805	121.861723924491	1.2644980556348	0.143131386782768	8.83452668249446	1.00522966879954e-18	3.27439454786811e-17
ENSMUSG00000039706	7703.64844872969	-0.40974057947761	0.0464220395960012	-8.82642346272319	1.08076249886297e-18	3.51509815160493e-17
ENSMUSG00000054934	1399.29634610934	0.401043114448083	0.0454384398448284	8.82607580316664	1.0841256146209e-18	3.52070203380517e-17
ENSMUSG00000022125	2504.32564175357	0.355165385138296	0.0402434337314362	8.82542447815178	1.09045410930443e-18	3.53590451817658e-17
ENSMUSG00000031960	14202.0375359493	0.587365653382924	0.0666280153909929	8.81559581110271	1.19050241775283e-18	3.85202299989103e-17
ENSMUSG00000028370	924.265534471763	0.906096399520504	0.102784471532621	8.81549893684998	1.191532317119e-18	3.85202299989103e-17
ENSMUSG00000060716	1902.43404794703	0.551509677600351	0.0625833883359839	8.81239722335786	1.22497675128293e-18	3.95418811173523e-17
ENSMUSG00000032497	2873.00258386827	0.259124128812859	0.029480003093356	8.78982705640419	1.49790370372745e-18	4.82792806369573e-17
ENSMUSG00000081225	586.298169948751	-0.62929191795431	0.0716166215496869	-8.7869534241812	1.53670454219941e-18	4.94556217434071e-17
ENSMUSG00000023915	17733.0046982772	0.471541631575144	0.053711815984919	8.77910424230567	1.64781750176783e-18	5.29521713966292e-17
ENSMUSG00000005124	396.701915575358	0.932813487514922	0.106396168761475	8.76735974963683	1.82904651313322e-18	5.86880604647498e-17
ENSMUSG00000085843	48.3255061241187	1.81592797981766	0.207161998198156	8.76573886915626	1.85555658512102e-18	5.9449817397325e-17
ENSMUSG00000032307	7369.64851244357	0.401080705343144	0.0458112889435699	8.75506266233183	2.03990118610883e-18	6.52585974083639e-17
ENSMUSG00000024901	2802.6126884463	-0.481810328723128	0.0550447292100636	-8.75306928814976	2.07627125182128e-18	6.63232718624934e-17
ENSMUSG00000053007	457.243056014625	0.595765257390388	0.0680785062278112	8.75115055252207	2.11188402358929e-18	6.73606277122848e-17
ENSMUSG00000011877	6907.01200925149	0.298796380549528	0.0342053435051155	8.73537143413988	2.42856785900361e-18	7.73466434144978e-17
ENSMUSG00000025007	1747.39209154349	0.360252510609304	0.0412908219672561	8.72475996953965	2.66745819156301e-18	8.48291222816173e-17
ENSMUSG00000090667	17781.3439866675	-0.450842738995507	0.0517295722188779	-8.7153772911151	2.89791935691173e-18	9.20218001708094e-17
ENSMUSG00000002633	1597.38526145393	0.799102684334179	0.0917117921875868	8.71319451155964	2.95429092407944e-18	9.36732776606933e-17
ENSMUSG00000024947	4221.39288141165	0.38709566002724	0.0444408811054011	8.71035070409967	3.0293607266993e-18	9.59118840108069e-17
ENSMUSG00000073155	3895.76847628778	-0.232592647671105	0.0267051078341944	-8.70966891859104	3.04763631396916e-18	9.6348396341181e-17
ENSMUSG00000038861	2657.71701078808	0.305044138181638	0.0350467391230865	8.70392355506464	3.20603038376803e-18	1.01206835614654e-16
ENSMUSG00000052397	3444.63339481164	0.610599899881967	0.0702030300960036	8.69762884945227	3.38890838882918e-18	1.06822771622037e-16
ENSMUSG00000023249	1199.96007506369	0.522905030981804	0.0601505787225441	8.69326683278979	3.52163976805159e-18	1.10843869884157e-16
ENSMUSG00000022075	4414.49510766032	-0.414778910987549	0.0477269010607913	-8.69067343088611	3.60297337631092e-18	1.13237813317555e-16
ENSMUSG00000048304	3522.99251737709	-0.785218090437828	0.0905230384845362	-8.67423479794003	4.16340498532138e-18	1.30660309086124e-16
ENSMUSG00000054676	2928.64720074626	-0.290892668569242	0.0335408787226546	-8.67278019084111	4.21695502655442e-18	1.32147673868638e-16
ENSMUSG00000027963	3440.47911551556	-0.474734058793545	0.054742650621101	-8.67210581525176	4.24201169100039e-18	1.32739100523345e-16
ENSMUSG00000034255	1846.79671696845	-0.512407633390291	0.0591153112009115	-8.66793429622325	4.40030512053938e-18	1.37491920986169e-16
ENSMUSG00000019947	1641.21065703958	0.580016649133582	0.0669203969950738	8.66726252649515	4.42633567295569e-18	1.3810424644719e-16
ENSMUSG00000040010	4303.534018037	0.617866495370507	0.0713385393605265	8.66104774374438	4.67447693329591e-18	1.45634719666372e-16
ENSMUSG00000037851	8541.18767342149	0.560139777595881	0.0646966577795818	8.6579399434241	4.80366490203335e-18	1.49442711285577e-16
ENSMUSG00000035021	344.467175501895	0.913064312426931	0.105691496939645	8.63895714286588	5.67284494723813e-18	1.76227626103348e-16
ENSMUSG00000026430	5692.05116970352	-0.376410916376944	0.043583496535956	-8.63654700274926	5.79375689632503e-18	1.79723678520973e-16
ENSMUSG00000017929	6614.4178692983	0.311112072413615	0.0360240502389244	8.63623247109107	5.80972281287807e-18	1.79958888746379e-16
ENSMUSG00000020577	7658.37485353573	0.264162043218461	0.0306002515281809	8.63267555089162	5.99332586815998e-18	1.85378577933606e-16
ENSMUSG00000069355	36.2820388871264	8.23206701598102	0.953848248290819	8.63037388885694	6.11517437632524e-18	1.88875299513953e-16
ENSMUSG00000061288	2309.73722155096	-0.301719534691524	0.0349899772746463	-8.62302745506923	6.520681391501e-18	2.0111055567523e-16
ENSMUSG00000029313	2914.97229210227	0.505025067589319	0.0586490999220782	8.61096024082722	7.24511161837471e-18	2.23132806312814e-16
ENSMUSG00000028294	533.512154920962	-0.61699354068817	0.0717582084711742	-8.59822944069208	8.09553267132015e-18	2.48966625103952e-16
ENSMUSG00000055976	27.8675246086582	2.7440125180123	0.319224641721899	8.59586685793139	8.26385726962546e-18	2.53779628254335e-16
ENSMUSG00000026399	23523.4774523725	-0.564431397353004	0.0657231018692045	-8.58802127867121	8.84798861566371e-18	2.71329890891196e-16
ENSMUSG00000032238	1350.10757838974	0.736338557400213	0.0857789506808154	8.58414041622097	9.15181341183637e-18	2.80246543079143e-16
ENSMUSG00000055044	1194.80562069026	0.757795014801254	0.0883241667625171	8.57970182542209	9.51193864225069e-18	2.90859365946657e-16
ENSMUSG00000028434	2685.10957199907	0.399677836955683	0.0465872144994475	8.57913144732923	9.55921879377657e-18	2.91889318104136e-16
ENSMUSG00000048668	667.344673777942	0.378299701066709	0.0441424777422156	8.56996979815935	1.03512184481622e-17	3.15623942057173e-16
ENSMUSG00000038612	6084.40333375573	0.356448519644127	0.0416135785601297	8.56567812664982	1.07441629753306e-17	3.27140712664463e-16
ENSMUSG00000036181	6449.45930754864	0.621309025957861	0.0725564852831875	8.56310808789725	1.09864847673906e-17	3.34045158664031e-16
ENSMUSG00000036620	5107.18653496383	-0.263112669041199	0.0307781696524183	-8.54867823566387	1.24506080444108e-17	3.78026523735957e-16
ENSMUSG00000024172	679.852678591183	-0.901226127016953	0.10545638415084	-8.54596081853026	1.27471263004771e-17	3.86482786957686e-16
ENSMUSG00000036990	3731.37415476795	0.396822708352025	0.046481088111101	8.53729386462561	1.37401793656806e-17	4.16003794448096e-16
ENSMUSG00000032540	2820.86877030459	0.440950679944268	0.0516568792779422	8.53614631986793	1.38772606361462e-17	4.19562361711993e-16
ENSMUSG00000029110	4082.48395850421	0.328138512346942	0.0384481594779007	8.53457010173788	1.40677518849031e-17	4.24723434544768e-16
ENSMUSG00000028826	4045.66120392649	0.344062355684896	0.0403294476390484	8.53129352934064	1.44720318557384e-17	4.36315499740564e-16
ENSMUSG00000052316	101.110776234778	1.61386976385543	0.189275565120714	8.5265615919633	1.50761919977455e-17	4.53892759359895e-16
ENSMUSG00000025060	7372.11806268518	0.463435057400347	0.0543608876823202	8.52515617678315	1.52603776307804e-17	4.58794490507467e-16
ENSMUSG00000030203	1160.82437397427	0.428536192615951	0.0502815889560237	8.52272574342766	1.55841506749169e-17	4.67873256486385e-16
ENSMUSG00000035666	2471.20729383656	0.272262519718194	0.0319632187194608	8.51799445193006	1.62339978444103e-17	4.86702510793453e-16
ENSMUSG00000021646	776.51682286035	-0.484556581065903	0.056903357891952	-8.51543035449644	1.65972769325989e-17	4.96899786102048e-16
ENSMUSG00000041594	2095.94550834259	0.428614107898516	0.0503408646800204	8.51423809707876	1.67689157052956e-17	5.01339198509576e-16
ENSMUSG00000107060	1089.62494827101	-0.61870832454025	0.0727437140152865	-8.50531668496103	1.81100563644678e-17	5.40682155660175e-16
ENSMUSG00000025221	6532.9061431797	-0.491996807090181	0.0578583905099373	-8.50346514574544	1.84013801723425e-17	5.48616703860424e-16
ENSMUSG00000031937	3936.75972692531	0.556797388840115	0.0654809681032233	8.50319420999377	1.84443956144145e-17	5.49136471926522e-16
ENSMUSG00000027171	342.340952361514	1.09947922035229	0.129315383632748	8.50230799666329	1.85857905467675e-17	5.52111147685572e-16
ENSMUSG00000026109	6233.36578072693	-0.300551269974806	0.0353496330320449	-8.50224582819156	1.85957495470357e-17	5.52111147685572e-16
ENSMUSG00000105987	663.070974589479	0.577428114358227	0.0679491173989418	8.49794870723692	1.92970340188488e-17	5.72141066641725e-16
ENSMUSG00000087044	32.6750327677108	7.90591141724444	0.930405289281463	8.49727694836091	1.94089976342771e-17	5.74666956161921e-16
ENSMUSG00000003344	6083.09927429241	-0.339622842401858	0.039972702900591	-8.496369215924	1.95613103738282e-17	5.78378909758398e-16
ENSMUSG00000050022	408.057469226099	1.05896714925667	0.124722946809619	8.49055587880799	2.0565104524442e-17	6.07222192189371e-16
ENSMUSG00000028703	3374.01219237422	0.258329159788364	0.0304383260977854	8.48696997852189	2.12094531551631e-17	6.2538752943507e-16
ENSMUSG00000025162	16856.3471494241	0.291735303422951	0.0343942735592209	8.48208940714022	2.21185494469215e-17	6.51122161370464e-16
ENSMUSG00000020680	1717.72957577723	0.529699208051292	0.0624500840274078	8.4819614945405	2.21428853908711e-17	6.51122161370464e-16
ENSMUSG00000032513	2274.91981330189	-0.28967156820153	0.0341977421846896	-8.47048809939319	2.44366882645208e-17	7.17589535275245e-16
ENSMUSG00000032898	5313.49788751485	-0.478330646932272	0.0564772349391335	-8.46944166880296	2.46572055127237e-17	7.23075920131321e-16
ENSMUSG00000049550	4155.11423406005	0.282493789498031	0.0333676601649602	8.46609525814702	2.53756656770822e-17	7.43129658150403e-16
ENSMUSG00000037251	2069.08075029555	-0.320821109684204	0.0379193312123492	-8.4606215201317	2.65956247993782e-17	7.77795207007428e-16
ENSMUSG00000009647	2642.77577774914	-0.298973820796053	0.0353381438676471	-8.46037137422404	2.66527376723997e-17	7.78404988946574e-16
ENSMUSG00000069793	161.135701609712	1.53968871948644	0.182000822243411	8.45978990923033	2.67859646902637e-17	7.81233040816848e-16
ENSMUSG00000035451	22.9344668268795	5.18820228229888	0.613314718033781	8.4592822082139	2.69028278131064e-17	7.83576800320409e-16
ENSMUSG00000029802	6728.54915543523	0.386908426906474	0.0457460814140854	8.45773921932783	2.72610906658546e-17	7.92935734733379e-16
ENSMUSG00000046841	2854.19236444493	0.500769320200156	0.0592516782972919	8.45156347618669	2.87427484142138e-17	8.34900997915445e-16
ENSMUSG00000062866	10664.4737507686	0.461612327349555	0.0546517182111805	8.44643759535302	3.00326416488025e-17	8.71190115720533e-16
ENSMUSG00000022876	894.521442952476	-0.656203989014856	0.0777148249458147	-8.44374274113572	3.07335181761328e-17	8.90318085248133e-16
ENSMUSG00000025403	1353.02795942465	0.485859925150978	0.0575651415466585	8.44017598318892	3.16860234808835e-17	9.16674097089819e-16
ENSMUSG00000057329	3332.52249042414	-0.359203328847316	0.042577341445362	-8.43649031746778	3.27008754584894e-17	9.44760420715925e-16
ENSMUSG00000026864	20165.4474145256	0.506154226953114	0.0600109105776839	8.43437005172417	3.32991523610089e-17	9.60752156695454e-16
ENSMUSG00000030522	1038.52349863715	0.461125415941577	0.0546734636682621	8.43417235716968	3.33554832461851e-17	9.61085642097461e-16
ENSMUSG00000070044	2647.21851184705	-0.343357554816126	0.0407327598906659	-8.42951854325021	3.47090275065409e-17	9.98745287473735e-16
ENSMUSG00000053797	26.5822034983416	8.19186357210978	0.972340565778948	8.4248912988087	3.61085311796631e-17	1.03762480629538e-15
ENSMUSG00000022656	2528.17470411206	0.364844963654121	0.043424656230341	8.40179279068657	4.39713230047033e-17	1.26188291392909e-15
ENSMUSG00000079278	39535.5791709278	-0.349596111195096	0.0416304030984868	-8.39761532858672	4.55636960449255e-17	1.30583484552786e-15
ENSMUSG00000089715	12719.6151185381	-0.341885903262576	0.0407630299450687	-8.387156296362	4.9804265689814e-17	1.42546448973006e-15
ENSMUSG00000033294	1054.76975329164	0.398167970148012	0.0474789769864754	8.38619522618255	5.02129201597454e-17	1.43524706278175e-15
ENSMUSG00000035274	85.262190804592	1.23411867692374	0.14720773048698	8.38351812667132	5.13687619862792e-17	1.46633224042217e-15
ENSMUSG00000027079	380.140538927696	0.630938464383127	0.0752652150560797	8.38286934957958	5.16527996435212e-17	1.4724820679254e-15
ENSMUSG00000058589	4066.4883457014	0.497808306071516	0.0594261758970302	8.37691974213663	5.43308688209212e-17	1.54677245372665e-15
ENSMUSG00000052837	1795.86843647167	0.681215558437927	0.08132678940938	8.37627506735631	5.46291510669273e-17	1.55320444609624e-15
ENSMUSG00000049985	760.947041188188	-0.517577972198584	0.0618061781970572	-8.37421091704434	5.55951122766105e-17	1.57857761921921e-15
ENSMUSG00000004446	1653.80467133451	-0.401499021839767	0.0479514879973735	-8.3730252930161	5.61575461266122e-17	1.59244106361144e-15
ENSMUSG00000037434	1181.28573884632	0.49325658734827	0.058913970101756	8.37248935178394	5.64136230273719e-17	1.59759212652449e-15
ENSMUSG00000024805	611.168616242821	0.688209239740235	0.0822318138113946	8.36913607814488	5.80421920397478e-17	1.64154636933495e-15
ENSMUSG00000028559	7677.02141031272	-0.225498803349376	0.0269496319686723	-8.36741680225943	5.8895078761164e-17	1.66347600090414e-15
ENSMUSG00000026473	28149.0181638559	0.552616095412698	0.0660718758378886	8.36386266326955	6.06975707001189e-17	1.71213410334922e-15
ENSMUSG00000021094	1716.86504534024	-0.366063679383583	0.043770037925818	-8.36333932367143	6.09675392905926e-17	1.71749238636727e-15
ENSMUSG00000029419	997.791105354092	-0.697035490089576	0.0833568566762536	-8.36206543628155	6.16296432596565e-17	1.73386883645057e-15
ENSMUSG00000026100	87.8429653999765	1.92318268416347	0.230074047812545	8.35897269791331	6.32667489621381e-17	1.77759690212206e-15
ENSMUSG00000001334	2035.11259143764	-0.741605751003085	0.0887936930625832	-8.35200930859346	6.71113715531006e-17	1.88315385850831e-15
ENSMUSG00000028811	7218.97580062893	0.316331456864121	0.0379274939691463	8.34042600129222	7.40233735286138e-17	2.07439391144285e-15
ENSMUSG00000078812	25701.548803945	0.223524702118385	0.0268220240967233	8.33362543081494	7.84037061223736e-17	2.19428155883034e-15
ENSMUSG00000120016	48.3866063510025	1.73202871031515	0.207931156260399	8.32981810646057	8.09666568521814e-17	2.26306022915225e-15
ENSMUSG00000020594	7445.18824693205	0.234533895224748	0.0281816874311745	8.32220908693024	8.63388324950039e-17	2.41007721500358e-15
ENSMUSG00000091722	1298.51238898501	-0.92669370187254	0.111379417722086	-8.32015215041639	8.78504667824864e-17	2.44908846747124e-15
ENSMUSG00000086150	18.5198383430724	3.17201942919968	0.381330583124611	8.31829276112147	8.92393664556846e-17	2.48458137527591e-15
ENSMUSG00000039959	4220.19378225089	-0.492551421385134	0.0592207777118881	-8.31720623091813	9.006096727434e-17	2.5042081910764e-15
ENSMUSG00000001131	529.494183498802	2.7198841675152	0.32728089828219	8.31054968924598	9.52597656579252e-17	2.64533781321219e-15
ENSMUSG00000003435	11726.9076123244	0.372440781631955	0.0448169879392017	8.31025909499328	9.5493340529543e-17	2.64839799458291e-15
ENSMUSG00000025318	9583.9934460664	-0.460012116376498	0.0554430879472591	-8.29701471198882	1.06760162039493e-16	2.95704985592225e-15
ENSMUSG00000041730	9127.13181101187	-0.348033658082936	0.0419668866836097	-8.29305401438943	1.10377187495779e-16	3.05329472523761e-15
ENSMUSG00000032411	2349.04539626693	-0.294894666974983	0.0355912642543314	-8.28559123013154	1.17523782137634e-16	3.24680245478308e-15
ENSMUSG00000045733	3252.54627789312	-0.453926947599712	0.0547882648160177	-8.28511268104632	1.17997312465434e-16	3.25239699742215e-15
ENSMUSG00000039313	3027.78552424056	-0.77795338353618	0.0938981090334531	-8.28508040837136	1.18029314310624e-16	3.25239699742215e-15
ENSMUSG00000026718	7362.31855204076	0.368978724712436	0.0445861000118005	8.27564475508689	1.27762379228065e-16	3.51608619552519e-15
ENSMUSG00000036180	3849.87186860963	0.328790691502465	0.039740572074655	8.27342623263732	1.30163345980545e-16	3.57757539669446e-15
ENSMUSG00000037977	506.107482616145	-0.824558367162249	0.0996989742343406	-8.27047994720728	1.33420815487162e-16	3.66241844660795e-15
ENSMUSG00000037843	4915.58360587365	-0.570188359544175	0.0689534889845405	-8.26917343764886	1.34890918089534e-16	3.69804399452099e-15
ENSMUSG00000024750	14453.9302386247	0.318028496920381	0.0384752824280644	8.26578719766347	1.38775914175696e-16	3.79969869093813e-15
ENSMUSG00000050029	3718.55904904432	-0.27564650054973	0.0333712051779076	-8.26001036163398	1.45659822755591e-16	3.98310032518665e-15
ENSMUSG00000024042	699.024863828001	1.01215705586456	0.122639286084191	8.25312253668632	1.54308690422817e-16	4.21423708475341e-15
ENSMUSG00000067006	141.175838844715	1.17899431065564	0.142913226732023	8.24972144017414	1.58764161709534e-16	4.32549253072572e-15
ENSMUSG00000043629	650.372458280581	-0.597025826436556	0.0723693508291402	-8.2497054291132	1.5878543343948e-16	4.32549253072572e-15
ENSMUSG00000004099	2025.68998522	0.472716901979663	0.0573139712918342	8.24784762466832	1.6127282096415e-16	4.38768361827179e-15
ENSMUSG00000020798	37.2261173915309	2.41085857634863	0.292498744022809	8.2422869349505	1.68949801146875e-16	4.59072966002383e-15
ENSMUSG00000040420	1335.3410690563	-0.605511374235408	0.07347292726084	-8.24128555659354	1.7037006829442e-16	4.62346888243746e-15
ENSMUSG00000063406	1911.27232808839	0.382617603643512	0.0464340903261039	8.24001506127095	1.72188978670709e-16	4.66693007089071e-15
ENSMUSG00000029071	3985.1390985032	0.323902481041568	0.0393155585054711	8.23853185238342	1.74336652964727e-16	4.71918107508301e-15
ENSMUSG00000037035	815.968010918502	0.989341485009325	0.120201887300436	8.2306651520083	1.86176725629431e-16	5.03333701808735e-15
ENSMUSG00000024479	11671.7920038524	-0.513918654505856	0.0624658023465176	-8.22720008709704	1.9164019364357e-16	5.17452628522374e-15
ENSMUSG00000056158	4763.80035159593	-0.571363216024868	0.0694539894344065	-8.22649959603073	1.92763732706694e-16	5.19832448025364e-15
ENSMUSG00000117926	19.486380051293	4.18026806650786	0.509139292196107	8.2104605371878	2.2034171799323e-16	5.93457379980261e-15
ENSMUSG00000016179	1433.588103244	-0.741754609623114	0.090344565306418	-8.21028478146233	2.20664497882227e-16	5.93581968864647e-15
ENSMUSG00000023277	1506.11232250997	0.417044407803912	0.0508280342406774	8.20500761113744	2.30576278760847e-16	6.19468135153984e-15
ENSMUSG00000026773	6835.19142661619	0.42933675254778	0.0523295487102868	8.20448031999523	2.31590449841284e-16	6.21415074536626e-15
ENSMUSG00000044465	2928.57283715025	0.519474517458109	0.0633214175130169	8.20377271799579	2.32958336501076e-16	6.24305075072671e-15
ENSMUSG00000045767	8323.36017963913	0.500558347421702	0.061035619637992	8.20108570029371	2.38225618257205e-16	6.37624828118348e-15
ENSMUSG00000016262	1742.63235964122	-0.430497669751491	0.0525061300309602	-8.19899827882285	2.42398397553084e-16	6.47985554405293e-15
ENSMUSG00000054920	7128.93831746558	-0.48335745098633	0.0589560805973423	-8.19860218130104	2.43198294831202e-16	6.49315248364003e-15
ENSMUSG00000032652	3041.17018952139	-0.362206548409423	0.0441867071866	-8.197183530328	2.46084588921117e-16	6.55711912995238e-15
ENSMUSG00000036995	599.74190839296	0.540999084610939	0.0659986405478514	8.19712466984369	2.46205069353472e-16	6.55711912995238e-15
ENSMUSG00000026443	1479.56442065373	-0.584023566906193	0.0712578692702906	-8.19591678626979	2.48690342964425e-16	6.61510148955928e-15
ENSMUSG00000035047	1481.83415543263	0.360122958331094	0.0439430243522067	8.19522469470196	2.50125478755987e-16	6.64504149378221e-15
ENSMUSG00000071757	784.748871899918	0.724034520813566	0.0884530840466408	8.18552036503088	2.71129531007247e-16	7.19414896489686e-15
ENSMUSG00000085882	659.402730586992	-0.397433110973635	0.04858857848189	-8.17955831166715	2.84886185329322e-16	7.54983562256694e-15
ENSMUSG00000028233	1739.37671617717	0.422167079802126	0.051641340673113	8.17498295550501	2.95907703202392e-16	7.83225000856047e-15
ENSMUSG00000026209	3264.23264036912	0.25167089244179	0.0307916975769482	8.17333606933708	2.99976864655133e-16	7.93017657227474e-15
ENSMUSG00000079466	9552.96898992588	-0.552231564008355	0.0675761107967878	-8.17199388211322	3.03333919710018e-16	8.00906017281089e-15
ENSMUSG00000025485	7420.73701750204	0.251722122207213	0.0308068525292934	8.17097825777096	3.05898767440192e-16	8.06685865094736e-15
ENSMUSG00000034839	1700.47289158859	-0.407457407475582	0.0498698411178367	-8.17041719689474	3.07324818836272e-16	8.09452093391339e-15
ENSMUSG00000129057	32.5408558089502	2.75038417911215	0.336639525224064	8.17011661741598	3.08091496785957e-16	8.10476969363646e-15
ENSMUSG00000046733	60.6385977288063	3.03284677250038	0.371240026115451	8.16950371498249	3.09660652130379e-16	8.13607779514163e-15
ENSMUSG00000034663	909.339554224751	0.43973785953751	0.0538278605958823	8.16933563157717	3.10092354562793e-16	8.13746024822116e-15
ENSMUSG00000031310	3577.51605881459	0.410010271248335	0.0501987739500339	8.16773476691771	3.14233830808059e-16	8.23607254227813e-15
ENSMUSG00000038495	6228.4684196388	0.61455965152379	0.075316803766514	8.15966186548432	3.35963773308907e-16	8.79487604615731e-15
ENSMUSG00000044550	2292.63538230279	-0.281039593456151	0.0344446398489692	-8.15916771632501	3.37340960262061e-16	8.82017180631596e-15
ENSMUSG00000036295	1941.58390204012	-0.496146925267752	0.0608122335154588	-8.15866967197693	3.38734632884993e-16	8.84583653224971e-15
ENSMUSG00000121135	520.776472814672	0.615988997716629	0.0755380759070378	8.15468212977395	3.50099453050472e-16	9.13151258709773e-15
ENSMUSG00000066877	477.493552598565	0.650432514287856	0.0798542545440858	8.14524558524012	3.78512890877157e-16	9.86062829559351e-15
ENSMUSG00000025332	3251.59307640637	0.451436335298484	0.0554317102724579	8.14400878269108	3.82401465553767e-16	9.94985437524506e-15
ENSMUSG00000022094	1301.74617390615	0.431027385287958	0.0530003936974865	8.13253176472912	4.20415982253829e-16	1.09257257567321e-14
ENSMUSG00000052512	719.602704378903	0.658316136096361	0.0809512143756673	8.13225769586776	4.21367865717394e-16	1.09372220138931e-14
ENSMUSG00000026828	2049.27984157206	-0.707256988531508	0.0870056503160469	-8.12886273434434	4.33336674892211e-16	1.12343056319278e-14
ENSMUSG00000026596	3673.49833220713	0.49956973256612	0.0614942676228647	8.12384230071504	4.51652529089195e-16	1.16950219414097e-14
ENSMUSG00000000751	5491.61645330331	-0.344371690452039	0.0424278775901551	-8.11663722089994	4.79278738080989e-16	1.23954185441524e-14
ENSMUSG00000042961	719.874235829105	0.741772180138581	0.0915520324858283	8.10219238173006	5.39774965235029e-16	1.3943212278863e-14
ENSMUSG00000063060	97.2018024173074	1.16728925728519	0.144125118339495	8.099138239981	5.53498600362448e-16	1.42805299944475e-14
ENSMUSG00000021209	1755.36217651367	0.560741597116567	0.0692556559309958	8.09669029306823	5.64746069191878e-16	1.45532282368222e-14
ENSMUSG00000036693	2094.80832793605	0.367380084821404	0.0453903681615821	8.09378949105661	5.78366085083972e-16	1.48863385880246e-14
ENSMUSG00000028677	4555.56631542124	-0.243779641765795	0.0301205015950301	-8.09347882194692	5.79843806744125e-16	1.49064995875083e-14
ENSMUSG00000021360	32396.0028826047	0.331529412579485	0.0410420481011378	8.07779893835986	6.59462187377249e-16	1.69330326725359e-14
ENSMUSG00000031442	3596.14429613695	-0.345141133871761	0.0427409335772549	-8.0751894024007	6.73719880603146e-16	1.72784599247636e-14
ENSMUSG00000031751	12000.2788945875	0.172056627955599	0.0213134320427555	8.07268522546942	6.87687336564027e-16	1.76156281225339e-14
ENSMUSG00000046722	4301.53819251531	0.385008912688992	0.047720252429145	8.06804015256737	7.14355561987854e-16	1.82769445692864e-14
ENSMUSG00000038806	1166.17691468746	0.291168364829635	0.0360976715259793	8.06612594444167	7.25639546214703e-16	1.85435458321962e-14
ENSMUSG00000030092	262.109686935043	-0.814174621402233	0.101029508641668	-8.05878037366245	7.70594051144234e-16	1.96689321068515e-14
ENSMUSG00000020307	4061.99413349257	0.285825078112498	0.0355044688409907	8.05039724414935	8.25257371943833e-16	2.10354297014633e-14
ENSMUSG00000006344	472.017496509765	0.757745608102809	0.0941266889457319	8.05027369590874	8.26090899018613e-16	2.10354297014633e-14
ENSMUSG00000085558	359.229781212826	-0.60804956058149	0.0755826423397605	-8.04483068808543	8.63647435132033e-16	2.19657059745785e-14
ENSMUSG00000064210	6812.76750795376	0.525054145682012	0.0652744316706454	8.04379497827377	8.7098194369808e-16	2.21260336135183e-14
ENSMUSG00000022664	4636.33370331408	-0.3202835838333	0.0398682454809884	-8.03355101207126	9.4691258501e-16	2.40265077421095e-14
ENSMUSG00000020250	10390.7102861609	0.729087571960733	0.0907972657211586	8.0298406143615	9.75993779395278e-16	2.47351623004711e-14
ENSMUSG00000024228	1255.69375338953	-0.421263990037368	0.0525414617966237	-8.01774399935782	1.07704985988667e-15	2.72640946843483e-14
ENSMUSG00000026728	33293.7466141743	0.646506562762531	0.0806608469900353	8.0151224154936	1.10027374169019e-15	2.78100179009614e-14
ENSMUSG00000027333	2291.01809318288	0.48591647636844	0.0606257485014129	8.01501817923313	1.10120726804329e-15	2.78100179009614e-14
ENSMUSG00000030123	9227.19313290299	-0.477896987992438	0.0596277734833969	-8.01467101778513	1.10432203099836e-15	2.78559068359703e-14
ENSMUSG00000048004	626.3707774389	-0.8237770853223	0.102886159824387	-8.00668512391146	1.17841703003001e-15	2.96634097402954e-14
ENSMUSG00000001076	511.643524857109	-0.774739249286277	0.0967619590151222	-8.006651138235	1.17874259333234e-15	2.96634097402954e-14
ENSMUSG00000048764	25.4813130660961	6.08253431590322	0.760194542558124	8.00128648047765	1.23125948664615e-15	3.09487308434967e-14
ENSMUSG00000056215	941.83402064738	-0.710315086486121	0.0887795273106256	-8.00088835797516	1.23524748718634e-15	3.10126579648444e-14
ENSMUSG00000032599	3259.47627718098	0.26386951915197	0.0329854091659629	7.99958302243081	1.24841251750208e-15	3.13065690428733e-14
ENSMUSG00000034761	2286.4352515195	0.271510876335814	0.0339447476458976	7.99861230868886	1.25829221725574e-15	3.15175037755096e-14
ENSMUSG00000021890	5511.69247496433	0.413599400021428	0.0517218216724871	7.99661316340367	1.27888232020179e-15	3.19959066264004e-14
ENSMUSG00000032803	6982.11421633597	0.207277059044479	0.0259226398354458	7.99598576226234	1.28541236863863e-15	3.21218415660033e-14
ENSMUSG00000087501	493.042743456154	-0.531067604688679	0.0664403843717866	-7.99314467714297	1.31539612375135e-15	3.28328990609842e-14
ENSMUSG00000020078	4266.0618840482	0.244308039202964	0.0306025336344033	7.98326184758486	1.42516135546025e-15	3.55313747460042e-14
ENSMUSG00000046962	753.847848806832	0.520842036668079	0.0652440775205614	7.98297801825672	1.42844351349151e-15	3.55718891654393e-14
ENSMUSG00000025198	1356.69658460669	0.39561315759413	0.0495762310162803	7.97989579853732	1.46456877287512e-15	3.64292390249564e-14
ENSMUSG00000050627	9903.5798949366	-0.388513673507337	0.0487119921570321	-7.97572951348185	1.51483370842027e-15	3.76359032233213e-14
ENSMUSG00000070552	1065.20777581517	-0.656824696003521	0.0823642834023735	-7.97463012935766	1.52837835982208e-15	3.79285200831686e-14
ENSMUSG00000014164	669.959894624486	-0.559634017386102	0.0702536750951913	-7.96590379973456	1.64020507904571e-15	4.06566307468767e-14
ENSMUSG00000037188	505.869821481311	-0.915621891009693	0.114995497257017	-7.9622412429181	1.68950664571367e-15	4.18303917611183e-14
ENSMUSG00000038776	4237.9438332982	-0.442820871994673	0.0556553121176616	-7.95648888031567	1.76990032623977e-15	4.37703691279528e-14
ENSMUSG00000029397	1771.5543123629	0.298329407127456	0.0375222996354508	7.95072290413662	1.85426277737436e-15	4.58039180427134e-14
ENSMUSG00000028545	367.398931845669	0.645927225996018	0.0813573337118468	7.93938538206988	2.03185549670893e-15	5.01331150486827e-14
ENSMUSG00000024640	3571.86141732221	0.337965540431737	0.0425759034745821	7.93795346312504	2.05544424201698e-15	5.06569071172635e-14
ENSMUSG00000048895	2958.4201957223	-0.530896939224293	0.0668885222079851	-7.93704094064909	2.07061718410724e-15	5.09723262317043e-14
ENSMUSG00000021111	5024.93724094817	0.329176667848842	0.0414785038787413	7.93607862065519	2.08673763340234e-15	5.13103207773363e-14
ENSMUSG00000097785	902.438310384168	-0.37751083679658	0.0475726501622969	-7.93545946060771	2.0971748654473e-15	5.15079584229883e-14
ENSMUSG00000004347	8243.71431302787	0.551209522618329	0.0694707853616199	7.93440753187242	2.11502531109531e-15	5.18870095176821e-14
ENSMUSG00000027347	11410.7077922701	-0.640491836176145	0.0807753920713651	-7.92929405542557	2.20395121519308e-15	5.40068684764095e-14
ENSMUSG00000039844	6158.94749645612	0.360162745794166	0.0454568647553235	7.92317613044324	2.31519266571422e-15	5.66681023514497e-14
ENSMUSG00000026196	123.362693309556	1.00341077854568	0.126673006159339	7.92126759258807	2.35101359116358e-15	5.74793368427305e-14
ENSMUSG00000020184	2014.32421823344	0.403440256032601	0.050939140127883	7.92004448877155	2.37425613935974e-15	5.79815498151265e-14
ENSMUSG00000012889	42.3806776954633	1.99470669122602	0.251870908936559	7.91955966509989	2.38353170099312e-15	5.81419221517254e-14
ENSMUSG00000038250	2066.04469489938	0.278048123028952	0.0351203415727734	7.91701078569535	2.43288650477254e-15	5.9278480943754e-14
ENSMUSG00000047648	1917.89632957089	0.502900839126295	0.0635969436746023	7.90762590258139	2.62343763073362e-15	6.38488800241814e-14
ENSMUSG00000032462	2588.73984990495	0.471816493239229	0.059673459435535	7.90663885925586	2.64431310418328e-15	6.42152170877028e-14
ENSMUSG00000020704	6281.41367308592	-0.374023731451914	0.0473050677758208	-7.90663134073533	2.64447274319991e-15	6.42152170877028e-14
ENSMUSG00000026854	13629.5622358004	-0.477656899681753	0.0604394148486189	-7.90306955946095	2.72117629400944e-15	6.60031303132278e-14
ENSMUSG00000047261	13546.3468501733	0.378526901717434	0.0479346696830464	7.89672494293441	2.86327279482989e-15	6.93713474196597e-14
ENSMUSG00000040901	804.892071719143	-0.707262308280541	0.0896337097607604	-7.89058391277434	3.00775896175918e-15	7.27898014353129e-14
ENSMUSG00000059832	22.8042470953735	7.44432776503754	0.943722864720726	7.8882562278922	3.06438101292078e-15	7.40765797560333e-14
ENSMUSG00000022781	3344.49343368163	0.316476273140921	0.0401377721630781	7.88474935417667	3.15167470683216e-15	7.61010677804941e-14
ENSMUSG00000010476	5821.58608742045	-0.516760734123978	0.065586832012542	-7.87903178530043	3.29927568145038e-15	7.95755637955212e-14
ENSMUSG00000033159	2593.58254323497	0.376714699537146	0.0478170527344644	7.87825008013567	3.31997741591259e-15	7.99850002356675e-14
ENSMUSG00000056515	2334.1728507441	0.48616227008741	0.0617403572855741	7.87430282981216	3.42648098366037e-15	8.24583416987146e-14
ENSMUSG00000079215	9709.373696158	0.353158724694992	0.0448525918109648	7.87376404430342	3.44127683410225e-15	8.27216668766393e-14
ENSMUSG00000030283	6343.74415239806	-0.538698834976918	0.0684760784330252	-7.86696386978128	3.63351524595314e-15	8.72367816323092e-14
ENSMUSG00000020755	2642.60824344363	0.213006048120705	0.0270764580137424	7.86683575867255	3.6372365396868e-15	8.72367816323092e-14
ENSMUSG00000020349	25315.7086073403	0.170122511483387	0.0216297493483198	7.86520956594451	3.68480058003707e-15	8.82789388962899e-14
ENSMUSG00000031668	4121.60839620083	0.376284058414554	0.0478517611248612	7.86353625382154	3.73438201545562e-15	8.93670505504686e-14
ENSMUSG00000030691	3175.27914892791	-0.313951433518259	0.0399270501172387	-7.86312619130129	3.74663232086584e-15	8.95603668148175e-14
ENSMUSG00000055675	5518.16353090897	-0.438380842875533	0.0557978077360499	-7.8565961757724	3.94712814772115e-15	9.42481121456977e-14
ENSMUSG00000117975	223.046950089722	0.787200417634851	0.100207030604314	7.85574038954674	3.9741747714621e-15	9.47884840491172e-14
ENSMUSG00000038456	1190.55876797879	0.42694761677043	0.0543606155592349	7.8539878987426	4.0301318835023e-15	9.60164384142735e-14
ENSMUSG00000025422	1483.74884909205	-0.444244391314449	0.0565776331385659	-7.85194372176081	4.09638316787831e-15	9.74866530838977e-14
ENSMUSG00000025786	6987.10018820961	0.266721876658614	0.0339820490660142	7.84890505397348	4.19685184662519e-15	9.97670229675042e-14
ENSMUSG00000031168	2269.79349930241	0.392694840362462	0.0500344427317395	7.84849033830359	4.21075055047429e-15	9.99866939341605e-14
ENSMUSG00000036882	816.14675110752	0.566478152784003	0.0722373325515793	7.84190297142441	4.43769220165164e-15	1.052591169068e-13
ENSMUSG00000047281	466.820428519074	0.732055426433055	0.0934606359399	7.83276744343794	4.77246582780058e-15	1.1307478086045e-13
ENSMUSG00000023571	688.216428470385	-0.523137418915832	0.0668665617290883	-7.8236027902158	5.13326046446425e-15	1.21436473073363e-13
ENSMUSG00000034543	1712.91175477627	0.384424078353104	0.0491369801397227	7.82351860574218	5.13669605658312e-15	1.21436473073363e-13
ENSMUSG00000027716	5586.78224616041	-0.653248908528286	0.0836903788629343	-7.80554368857809	5.92455755683225e-15	1.39908198586316e-13
ENSMUSG00000017802	2948.63816484131	0.227390765103466	0.0291575689854951	7.79868737399146	6.25544193261285e-15	1.47559688489525e-13
ENSMUSG00000051067	191.983747870654	-0.904054986843508	0.11592941032604	-7.79832299932294	6.27352672107397e-15	1.47823846975383e-13
ENSMUSG00000074994	1595.56857599065	0.453018673536767	0.0581213782353999	7.79435531796882	6.47381425420334e-15	1.52375983312203e-13
ENSMUSG00000028713	207.514942844793	1.31311480519355	0.168473580183375	7.79418828616507	6.48238262497681e-15	1.52410542637188e-13
ENSMUSG00000062753	2731.96503185725	-0.351711955217148	0.0451354072694073	-7.79237358196028	6.57619547702372e-15	1.54447059201085e-13
ENSMUSG00000000001	4904.99503633045	0.208871616305621	0.0268185458337834	7.78832743580395	6.79020277016043e-15	1.59298899086627e-13
ENSMUSG00000034614	5228.18882582473	-0.367895894660397	0.0472930869366252	-7.77906282906407	7.3063771167438e-15	1.71221278589544e-13
ENSMUSG00000040479	36284.5853492582	-0.433251100968046	0.055704211090778	-7.77770822859337	7.38501514711469e-15	1.72875392745871e-13
ENSMUSG00000021109	6523.53992784227	0.265429735344225	0.0341408976550258	7.77453885443321	7.57227465695719e-15	1.77065847261703e-13
ENSMUSG00000004031	2545.96633968462	-0.494486438232265	0.0636098061379125	-7.77374540586035	7.61988152892632e-15	1.77985176169676e-13
ENSMUSG00000086425	165.244977994612	-0.862082166310239	0.110940973689647	-7.7706381838858	7.80916682193031e-15	1.8220823369517e-13
ENSMUSG00000031075	799.153770382997	0.632823319571823	0.0814549468582293	7.76899800417572	7.91094145663189e-15	1.84382485676504e-13
ENSMUSG00000034780	3370.21368474711	-0.528265073347956	0.0680732193784316	-7.76024812946238	8.47633830164019e-15	1.97346071565085e-13
ENSMUSG00000024030	2804.87167429798	-0.452976079529992	0.0583908705995586	-7.7576524357117	8.65158606099589e-15	2.01207959247387e-13
ENSMUSG00000023232	2681.23112171963	0.47665364077003	0.0614552974031242	7.75610339403871	8.75786317109188e-15	2.03459189210669e-13
ENSMUSG00000031979	1566.2955549414	0.307475366333337	0.0396733652694131	7.75017103402596	9.1768860416134e-15	2.12963281912728e-13
ENSMUSG00000056367	4283.64192680923	-0.330295419456976	0.042649660236409	-7.74438571435583	9.60450386613081e-15	2.22646090702337e-13
ENSMUSG00000020638	1934.6020794349	-0.398322814567621	0.0514376002704465	-7.74380632987028	9.64839381314591e-15	2.23422245515631e-13
ENSMUSG00000021830	3203.55928527668	-0.248651551552471	0.0321143999752328	-7.7426809077621	9.73421238653115e-15	2.25166598156549e-13
ENSMUSG00000002980	48963.9387595079	0.299476507260062	0.038687178461302	7.74097567129693	9.86567773944941e-15	2.27961935796578e-13
ENSMUSG00000031765	2584.29092358296	0.844612549236761	0.109151078328934	7.73801378939627	1.00981897948557e-14	2.33083593695025e-13
ENSMUSG00000069743	225.017199712519	-0.708534137196439	0.0917278167261735	-7.72431049254731	1.12460413421754e-14	2.59299165898106e-13
ENSMUSG00000055491	1432.24367260399	0.463538859632955	0.0600199794619789	7.72307594551236	1.13555468037912e-14	2.61543098380022e-13
ENSMUSG00000066441	4501.68816999618	0.425741757935248	0.0551276218198259	7.72283918444194	1.13766673139964e-14	2.61748703710875e-13
ENSMUSG00000032224	1913.90425865433	-0.464443590321317	0.0601547973714345	-7.72080716112371	1.1559532753303e-14	2.65671231351608e-13
ENSMUSG00000020021	621.439764266593	0.497962411261085	0.0645096773360878	7.71918930343985	1.17071921040309e-14	2.6877709701083e-13
ENSMUSG00000020097	3879.67753582609	0.257587120112566	0.0333940785891392	7.71355674404928	1.22358915129286e-14	2.80615007709962e-13
ENSMUSG00000025236	1336.30514706595	0.366515741010685	0.0475338319870549	7.71062894972365	1.2519917926136e-14	2.86822367345182e-13
ENSMUSG00000061244	5290.25826391089	0.244394960248612	0.0317043998755738	7.70855027086958	1.27254993357327e-14	2.91221288636288e-13
ENSMUSG00000022280	7319.23128554267	-0.279596081901369	0.0363498055267451	-7.69181781992343	1.45059072817666e-14	3.31612146656446e-13
ENSMUSG00000046961	313.782494234226	-0.547293756624714	0.0711597626245281	-7.69105652463303	1.45924942734021e-14	3.33236683056223e-13
ENSMUSG00000042109	6567.92041953371	0.434683803608679	0.0565604818655464	7.68529173146004	1.52648745500116e-14	3.48220825813549e-13
ENSMUSG00000019256	1500.64057302061	0.535108668366373	0.0696433572598645	7.6835564714333	1.5473171085021e-14	3.52597760627452e-13
ENSMUSG00000000787	25820.5699804055	0.277031696097695	0.0360657959248478	7.68128607711749	1.57499316399448e-14	3.58523894573758e-13
ENSMUSG00000032314	4178.89670869026	-0.277562232991639	0.0361616889703184	-7.67558819554758	1.64661316465818e-14	3.74430065599074e-13
ENSMUSG00000062184	5643.30442129748	-0.464297259080158	0.0605132936494711	-7.6726489516443	1.68480131320482e-14	3.82708412584705e-13
ENSMUSG00000010110	2370.60529951899	0.434630860140396	0.0566998149021155	7.66547229282365	1.78174328130856e-14	4.04301281993335e-13
ENSMUSG00000024613	1452.19833125142	0.34585742338381	0.0451315740006843	7.66331401113033	1.81195598099293e-14	4.10722778120319e-13
ENSMUSG00000027261	31.4452445018076	2.13065748422672	0.278278139217933	7.65657514533725	1.90957040189318e-14	4.32392808513069e-13
ENSMUSG00000052087	333.239127189485	-0.658254743813425	0.0859749338495892	-7.65635650229198	1.91282266403946e-14	4.32672827252592e-13
ENSMUSG00000020261	21695.593875418	-0.452108438192462	0.0590552240437736	-7.65568915389001	1.9227830439909e-14	4.34468008655881e-13
ENSMUSG00000047591	676.958721169241	-0.675529247341352	0.0882905245454078	-7.65120890174264	1.99098589853887e-14	4.49405923218037e-13
ENSMUSG00000025484	1156.15342425513	0.399684010378328	0.052241204143775	7.65074268346385	1.9982183918697e-14	4.50564663864233e-13
ENSMUSG00000046598	1705.86262845468	0.277594713549928	0.0362920839344776	7.64890531089653	2.02697423669618e-14	4.56569034259394e-13
ENSMUSG00000048834	1371.65743805426	-0.436079957895743	0.0570235489504137	-7.64736614823725	2.05137596827994e-14	4.61581095755736e-13
ENSMUSG00000027227	4144.07830539088	-0.283721792408675	0.0371388706186226	-7.6394835837148	2.18094710699362e-14	4.9022210051021e-13
ENSMUSG00000049115	1023.77507508646	-0.834506720437188	0.109259296452873	-7.63785551920646	2.20869505566959e-14	4.95939833315935e-13
ENSMUSG00000007411	3297.1313734816	0.198522659637561	0.0260050846093168	7.63399399079198	2.27590526697453e-14	5.10497204397861e-13
ENSMUSG00000006301	3948.34869964094	0.481566500069869	0.0630918758274002	7.63278145964919	2.29742153720897e-14	5.14785498097366e-13
ENSMUSG00000047109	113.559772579163	1.18953673861794	0.155967368308329	7.62683086545618	2.4059491244509e-14	5.38541229462597e-13
ENSMUSG00000059810	6940.48626718332	-0.364210747778936	0.0477567322027194	-7.6263749838017	2.41446849387234e-14	5.39885215515246e-13
ENSMUSG00000109953	24.0542569933616	2.53498683975811	0.332423078182958	7.62578474880408	2.425542706236e-14	5.41797083580249e-13
ENSMUSG00000085905	43.8432914636842	1.54992747995247	0.203401518620112	7.62003887909621	2.53599321450055e-14	5.6570435597984e-13
ENSMUSG00000046699	1583.09086264153	-0.647657885728179	0.0849950891322069	-7.61994477964215	2.53784261068008e-14	5.6570435597984e-13
ENSMUSG00000072572	15.3880029446467	4.30045494890155	0.564380477034092	7.61977978313694	2.54108859433789e-14	5.65840329523415e-13
ENSMUSG00000021125	344.078907532291	0.989073339614728	0.129851326990255	7.61696751615759	2.59704657844033e-14	5.77701573604147e-13
ENSMUSG00000031970	1124.42039836712	-0.579491931785892	0.0760816662778289	-7.61670925646858	2.60224573780773e-14	5.78258871716156e-13
ENSMUSG00000021974	1054.44838031067	-0.595802364940823	0.0783518271957031	-7.6041923496265	2.8668859074803e-14	6.36407165356485e-13
ENSMUSG00000036611	7958.20310612018	-0.411231024539676	0.054100599486064	-7.60122860830049	2.93332395226879e-14	6.50482768175639e-13
ENSMUSG00000004849	7420.05203850795	0.229232947755923	0.030178779091088	7.59583239149716	3.05820154820702e-14	6.77475277954716e-13
ENSMUSG00000024240	1215.21884750139	0.380596807219104	0.0501124444320511	7.59485615863673	3.08134520497925e-14	6.81898517217366e-13
ENSMUSG00000020484	5408.09106753388	0.433991571678663	0.0571480731358097	7.59415931045134	3.0979707360071e-14	6.84871676819037e-13
ENSMUSG00000020671	12469.7456086579	0.225472337188721	0.029693490921157	7.5933253448509	3.11798363865691e-14	6.88586798224374e-13
ENSMUSG00000032392	289.230429728158	0.61829544138584	0.0814346019048614	7.59253961980662	3.13695520218788e-14	6.92064546455961e-13
ENSMUSG00000019467	4778.90259833995	-0.213169628219739	0.0280779657986241	-7.5920609686826	3.14856797180491e-14	6.93913347872323e-13
ENSMUSG00000024497	1495.32559846741	-0.615777105077847	0.0811190061018466	-7.59103365128422	3.17363511861769e-14	6.98720527756384e-13
ENSMUSG00000068739	12145.8631957752	0.245804973889158	0.0323994094278784	7.5867115552314	3.28126418925705e-14	7.21676404575735e-13
ENSMUSG00000020083	1512.93801540548	-0.401286662386282	0.0529334055801993	-7.58097193988953	3.42975779379903e-14	7.53563774838179e-13
ENSMUSG00000032318	10587.6814831542	-0.550284444981011	0.0725964559601172	-7.58004557802828	3.4543358766327e-14	7.58187872472367e-13
ENSMUSG00000060275	542.526705757462	-0.620271739674559	0.0819155414119257	-7.57208862913352	3.67270742541912e-14	8.05294561736945e-13
ENSMUSG00000006585	115.387049504853	1.25121180373548	0.16529543257033	7.56954856089634	3.74523442753153e-14	8.20359206340732e-13
ENSMUSG00000028479	2667.1406175259	-0.320477044261428	0.0423511269087503	-7.56714325339978	3.81521106134548e-14	8.34835072811846e-13
ENSMUSG00000141611	115.472471581069	0.842562801557977	0.111428733219872	7.56145006059996	3.98600454525229e-14	8.71319486439772e-13
ENSMUSG00000046204	5974.32980400316	-0.338425121974397	0.0448133588268058	-7.5518803061011	4.2901868551626e-14	9.36858097995121e-13
ENSMUSG00000030138	1602.25642190199	0.347704345170314	0.0460629488762097	7.54846039285806	4.40433604458185e-14	9.60807698506035e-13
ENSMUSG00000020694	3451.22784049046	0.204012438325084	0.0270345170694752	7.54636888096793	4.47561231762832e-14	9.75365421423447e-13
ENSMUSG00000036046	4559.92407312816	0.418911147420666	0.0555557835003978	7.54036971538107	4.68640898021355e-14	1.02026830800471e-12
ENSMUSG00000054850	705.90285087541	-0.495538248606021	0.0657294044774892	-7.53906493669406	4.73353233202962e-14	1.02948333373199e-12
ENSMUSG00000053411	1575.30534350976	-0.384398689539893	0.0510054439415803	-7.5364247388998	4.83031533382994e-14	1.04946911898779e-12
ENSMUSG00000034107	74.0447720508428	1.31092562727519	0.173952490712882	7.53611300363006	4.84187041166123e-14	1.05091597832882e-12
ENSMUSG00000048481	2836.74397883722	-0.349421755916986	0.0463676546828602	-7.53589454344668	4.84998425871289e-14	1.05161375856092e-12
ENSMUSG00000038523	42.3942252883371	1.99499173702935	0.265104269951674	7.52530971075275	5.25955019384523e-14	1.13926846075764e-12
ENSMUSG00000024960	31870.6412126201	-0.51098914087513	0.0679111719434405	-7.52437524271713	5.29730062759923e-14	1.14628886362949e-12
ENSMUSG00000053289	2095.05039413732	0.281924280428702	0.0374727763694414	7.52344255598333	5.33524470791379e-14	1.15333698791619e-12
ENSMUSG00000034083	1022.63115405367	0.317409526162028	0.0422066751315346	7.52036319309304	5.46242849762469e-14	1.1796427578472e-12
ENSMUSG00000037242	9489.71782765587	0.750080674115347	0.0998651131721748	7.51093800717126	5.87051893141513e-14	1.26649808423877e-12
ENSMUSG00000019188	8591.34588265464	0.293154610935028	0.0390485652238898	7.50743616965668	6.02965676748117e-14	1.29952421858184e-12
ENSMUSG00000025665	491.95302959039	-0.479119534124334	0.0638659507652076	-7.50195571167078	6.28726173323973e-14	1.35368465763013e-12
ENSMUSG00000036052	1187.61296268558	0.458810868749899	0.0612807060055644	7.48703627383532	7.04462375280273e-14	1.51522939356376e-12
ENSMUSG00000032041	639.923779119963	0.508786737737402	0.0680009067885542	7.48205813371653	7.31675641819172e-14	1.57218711984888e-12
ENSMUSG00000049940	6049.5293126272	0.187804757128448	0.0251030354029282	7.48135650187314	7.3559331279041e-14	1.57902460523589e-12
ENSMUSG00000037643	3249.09889712306	-0.243627729513675	0.0325652491186887	-7.48121805012881	7.36368812102586e-14	1.57911018187753e-12
ENSMUSG00000026630	42.6768094559443	1.86438045459962	0.24931020984809	7.4781552497815	7.5373126135749e-14	1.61473006549899e-12
ENSMUSG00000035849	2713.92212127569	-0.254568163734609	0.0340771748278851	-7.47034239253594	7.9986420988161e-14	1.71185295406965e-12
ENSMUSG00000067430	734.232018904228	-0.399898946973447	0.0535823634343837	-7.46325696258542	8.44095003277192e-14	1.80471547214624e-12
ENSMUSG00000025608	1610.13336555194	0.789388893457569	0.105835998415884	7.45860487237673	8.74434054391164e-14	1.86772153348863e-12
ENSMUSG00000061613	2164.85450761153	0.265440936630386	0.0356026514274113	7.45565080094053	8.94253058736675e-14	1.9081546877576e-12
ENSMUSG00000018848	3812.20303056127	0.256013605212918	0.0343668955360075	7.44942483805916	9.37480308489247e-14	1.99840638550449e-12
ENSMUSG00000040690	1577.35812442212	1.02584281168416	0.137764653021219	7.44634265166811	9.59633675427509e-14	2.04360084094513e-12
ENSMUSG00000020459	1173.38452967046	-0.277048720026614	0.0372468650696811	-7.43817552184094	1.02085364218519e-13	2.17181806572322e-12
ENSMUSG00000030662	7962.5036336435	0.301167234072894	0.0405048870628953	7.43533079367058	1.043066069453e-13	2.21678881505809e-12
ENSMUSG00000008859	6683.7894208251	0.223116646001636	0.0300081354822042	7.43520523405901	1.04405734278567e-13	2.21678881505809e-12
ENSMUSG00000032602	1554.8758912037	0.371110878764887	0.0499142004799053	7.43497592261927	1.04587011053506e-13	2.21844345778118e-12
ENSMUSG00000027015	627.54350064319	0.666915894483762	0.089763568502656	7.42969453653158	1.08848752630771e-13	2.30656201774149e-12
ENSMUSG00000033991	2495.58408535157	0.45949818033419	0.0618538599671803	7.42877130995543	1.09611064276801e-13	2.32042515361519e-12
ENSMUSG00000054477	516.74551042175	-0.725790950814988	0.0977200215659921	-7.42724918787342	1.10879357822241e-13	2.34496186700712e-12
ENSMUSG00000035934	4277.03367457503	-0.40454107524882	0.0544799654180021	-7.4255016893815	1.12353234179568e-13	2.3737938237191e-12
ENSMUSG00000071172	6288.82080670935	0.265680137416054	0.0357827872891219	7.42480274857798	1.12948110892496e-13	2.38401587848408e-12
ENSMUSG00000040640	7089.45285371442	0.439245149146131	0.0591619866055876	7.42444894682841	1.13250414635417e-13	2.38804852707649e-12
ENSMUSG00000044835	1383.77953002227	0.49430617590657	0.0666127651268225	7.42059235891907	1.16597666586551e-13	2.45621738071336e-12
ENSMUSG00000048385	5510.2397285601	-0.662358146792459	0.089360188078079	-7.41222865616308	1.24194382157161e-13	2.61368294841727e-12
ENSMUSG00000079014	543.411753100038	0.900060493624078	0.121449925405602	7.41095962486745	1.2538875756849e-13	2.63623415275731e-12
ENSMUSG00000039633	2621.28631586884	0.357071189322885	0.0482072495881217	7.40700190062011	1.29186611452909e-13	2.71342446325651e-12
ENSMUSG00000062778	262.01692037728	-0.565149768056909	0.0763120961147761	-7.40576916150886	1.30392478041449e-13	2.73607520394696e-12
ENSMUSG00000029636	3762.08298706296	-0.32622091873203	0.044060536856844	-7.40392519028869	1.32216927105006e-13	2.77164898167584e-12
ENSMUSG00000026788	795.72885248144	0.348511759947236	0.0470819659564046	7.402234653284	1.33911594067069e-13	2.80443539340849e-12
ENSMUSG00000032239	1840.55348453195	0.333484513854057	0.0450770523526051	7.39809939757039	1.38147432286538e-13	2.89032434840431e-12
ENSMUSG00000097974	382.309596956699	-0.546728526828088	0.0739066350267113	-7.39755675022262	1.38712960380596e-13	2.89720141010429e-12
ENSMUSG00000028036	2208.77888175262	-0.598567513680662	0.080914563926278	-7.3975250515596	1.38746065852381e-13	2.89720141010429e-12
ENSMUSG00000106379	2778.07096603038	-0.532243793645047	0.0720004165286699	-7.39223214678366	1.44384153176774e-13	3.01200216918623e-12
ENSMUSG00000034674	1182.91966697023	0.389768399016232	0.0527279103199096	7.39206990475135	1.44560485545908e-13	3.0127527987655e-12
ENSMUSG00000121307	89.3284377953325	0.977814297978202	0.132311365930934	7.3902517073901	1.46551120517729e-13	3.05127677306844e-12
ENSMUSG00000009378	1230.93654136132	-0.544234989711834	0.0736636904015385	-7.38810378281655	1.48937478277926e-13	3.09795727588563e-12
ENSMUSG00000023266	952.479537451499	-0.414245608552611	0.0561269836664617	-7.38050722651145	1.57687617406064e-13	3.27678837874015e-12
ENSMUSG00000046807	10011.6405646474	-0.438469400184887	0.0594294575120947	-7.37798086236362	1.60708061338921e-13	3.33632422118112e-12
ENSMUSG00000023074	1783.39827889069	0.404652402453906	0.0548524669319405	7.37710489768835	1.61768552843539e-13	3.35509541578687e-12
ENSMUSG00000074480	103.726125083989	1.05939618452788	0.143676562706809	7.37347946365975	1.66231304964582e-13	3.44432547526034e-12
ENSMUSG00000033319	2337.27560118625	0.332367480779321	0.045102001733729	7.369240122457	1.71603330244647e-13	3.55220548411918e-12
ENSMUSG00000026617	4113.14851338434	-0.216824197679893	0.0294292594579359	-7.36764028975333	1.73674635516918e-13	3.59161823314658e-12
ENSMUSG00000109336	3849.78972143645	0.362575764884396	0.0492149663366654	7.36718506326143	1.74268493692876e-13	3.60043068875002e-12
ENSMUSG00000015357	2213.09934896265	0.305377086017381	0.0414636095604755	7.36494215661524	1.77223695696933e-13	3.65796524214458e-12
ENSMUSG00000019478	3311.90432075349	-0.371189839045569	0.0504513325178147	-7.35738424578774	1.87548914370436e-13	3.86736310843015e-12
ENSMUSG00000025555	2785.46221893603	0.412638873431983	0.0561357981537106	7.3507260429806	1.97133094902103e-13	4.06109310476827e-12
ENSMUSG00000033233	937.148094080582	-0.451917477807773	0.0614808046947418	-7.35054591512892	1.97398955491827e-13	4.06267112040992e-12
ENSMUSG00000046610	56.512174932518	1.59535488092974	0.217058849032069	7.34987257162705	1.98395903288006e-13	4.07927821837197e-12
ENSMUSG00000051934	2373.34974955024	0.311306489120483	0.0423890449593725	7.34403168127172	2.0725403202652e-13	4.25733497749404e-12
ENSMUSG00000044365	1187.34935036792	-0.399871261822338	0.0544587328004804	-7.3426471983353	2.09410008336243e-13	4.2975097886671e-12
ENSMUSG00000009555	3013.07795171933	0.207758677235704	0.0283106762844079	7.33852752751538	2.15956498191017e-13	4.42762386835566e-12
ENSMUSG00000076434	52.1200893779821	1.42912393094043	0.194803147511424	7.33624661201443	2.19667098267033e-13	4.49940260629783e-12
ENSMUSG00000029475	1009.87460067495	0.469577935731136	0.0640162280420592	7.33529528516769	2.21233163827604e-13	4.52716024282492e-12
ENSMUSG00000030614	2613.19886042731	-0.236162077640217	0.0322107433452207	-7.33177980741191	2.27116040697512e-13	4.64311707582171e-12
ENSMUSG00000062760	5578.86092513355	-0.485112957846245	0.0661906380828318	-7.32902676114361	2.31830094861444e-13	4.73498079571432e-12
ENSMUSG00000034156	670.314876503343	-0.69520046188103	0.0948694194251379	-7.3279721336296	2.33661288046383e-13	4.76784525589701e-12
ENSMUSG00000025364	3247.21320081404	0.232269130146217	0.0317018564248508	7.32667283055837	2.35936866107431e-13	4.80970633225273e-12
ENSMUSG00000040118	18572.1950941431	0.519088313721819	0.0708702800435082	7.32448514953156	2.39817616699508e-13	4.88417927900536e-12
ENSMUSG00000054057	654.298232822455	-0.363826858223875	0.0497336249936917	-7.31551054784411	2.56404637704609e-13	5.21533482183707e-12
ENSMUSG00000029420	1496.56257821028	-0.428498270105288	0.0585746054077775	-7.31542734470376	2.56563568986302e-13	5.21533482183707e-12
ENSMUSG00000046719	1088.10073833306	0.609521724261125	0.083323221207807	7.31514835151399	2.57097197086805e-13	5.22123787385558e-12
ENSMUSG00000049556	4416.65573544765	-0.507745612371729	0.0694329119100451	-7.3127512357475	2.61727293957773e-13	5.3096464757483e-12
ENSMUSG00000025189	1674.12423072934	-0.607812004799753	0.0831189828069489	-7.31255345378142	2.62112952716457e-13	5.3096464757483e-12
ENSMUSG00000047123	605.39444806649	0.533830203261573	0.0730022944826092	7.31251266888253	2.62192549347489e-13	5.3096464757483e-12
ENSMUSG00000044072	768.678822976971	-0.426212196797899	0.0582928763582019	-7.31156572509618	2.64047313538277e-13	5.34216741980458e-12
ENSMUSG00000002871	1236.0261818106	-0.258383432018056	0.0353715087121213	-7.30484622866854	2.77584010294556e-13	5.60938891042917e-12
ENSMUSG00000001517	153.58106104738	0.816206979396851	0.11173643422714	7.30475234011537	2.77777900483844e-13	5.60938891042917e-12
ENSMUSG00000032350	2693.34843674379	-0.29789813194724	0.0408042568361734	-7.30066309363954	2.86352951493898e-13	5.77711697064663e-12
ENSMUSG00000026494	3463.03031376776	-0.555958162165008	0.0761817974863877	-7.29778215412084	2.92549787552957e-13	5.89659506066833e-12
ENSMUSG00000025495	2204.8768315271	-0.248652849224192	0.0340738855857877	-7.29746094257902	2.93248814834816e-13	5.90513983043543e-12
ENSMUSG00000020611	6270.39104316385	0.317190878037113	0.0434925668718587	7.29299052345304	3.03149422810993e-13	6.0987867948086e-12
ENSMUSG00000043673	3462.39030874435	-0.328693809576694	0.0451068395718121	-7.28700597729529	3.16918851696462e-13	6.36983152670062e-12
ENSMUSG00000020156	1666.52053670934	-0.333134322643043	0.0457297033606898	-7.28485640974904	3.22013088148485e-13	6.4661673996215e-12
ENSMUSG00000054814	5915.38208611857	-0.272577303022217	0.0374250512477663	-7.28328469659706	3.25788688538444e-13	6.53586914781892e-12
ENSMUSG00000044216	370.854014738788	-0.672970532568074	0.0924646622759519	-7.27813757173154	3.38460096884913e-13	6.78373897267183e-12
ENSMUSG00000031688	748.198238743721	-0.860400243139662	0.118220887566509	-7.27790376853341	3.39047033699081e-13	6.7891638296497e-12
ENSMUSG00000029090	2057.97766039021	-0.293009730878721	0.0402645047292436	-7.277122439455	3.41015734302459e-13	6.82222157738732e-12
ENSMUSG00000120766	60.8515769123637	1.41990363226732	0.195216870564855	7.2734678522346	3.50374206812178e-13	7.00291687470225e-12
ENSMUSG00000025468	446.904395658667	-0.53340027174741	0.07336258117682	-7.27074024919868	3.57522834447704e-13	7.1391489900041e-12
ENSMUSG00000053559	162.460533456936	1.1980610004095	0.164783553688857	7.27051318890515	3.58124341959196e-13	7.14451405622314e-12
ENSMUSG00000035615	7323.08662631068	-0.439716131780456	0.0604830160084026	-7.27007614367921	3.5928492129892e-13	7.16101218254653e-12
ENSMUSG00000002997	22768.9192523795	-0.31488830351493	0.0433137170738199	-7.26994413751799	3.59636191129469e-13	7.16136408050574e-12
ENSMUSG00000035184	1421.48426624141	0.644920211225885	0.0887805048424106	7.26420977635403	3.75225312945424e-13	7.46486243529794e-12
ENSMUSG00000007739	8963.90514325894	0.16396362145038	0.0225802216336916	7.26138228890245	3.83154356254505e-13	7.61554760311038e-12
ENSMUSG00000024424	5549.80803655932	0.26316051566751	0.0362637415230424	7.25684953110244	3.96210028058603e-13	7.86775620934873e-12
ENSMUSG00000031904	2105.83760854685	0.388397322500012	0.0535244303884164	7.2564494321843	3.9738319372294e-13	7.88375936825937e-12
ENSMUSG00000042258	4095.7065258198	-0.379890947836987	0.0523687330276782	-7.25415578864977	4.0417471331138e-13	8.01109362506193e-12
ENSMUSG00000029370	147.565977929472	-0.867221611077076	0.11955292999898	-7.2538716624049	4.05023910174101e-13	8.02051960866906e-12
ENSMUSG00000041255	19.0925088349867	5.09388257397185	0.702369635765602	7.2524242429976	4.09377230765131e-13	8.0992549636906e-12
ENSMUSG00000066278	598.68903046252	0.432301144751119	0.0596459115618264	7.24779173343698	4.23621315191784e-13	8.3733472853654e-12
ENSMUSG00000039620	415.257819479832	-0.633891475403936	0.087466730948016	-7.24722952982748	4.25382759432487e-13	8.40042899169988e-12
ENSMUSG00000023952	2530.47942488401	0.434717783262513	0.0600061371449127	7.24455537293935	4.33860131883927e-13	8.55996469762901e-12
ENSMUSG00000059689	1380.68625033757	0.311434530141906	0.042998532472307	7.24291068171881	4.3915614416566e-13	8.65649751208453e-12
ENSMUSG00000051980	194.641041389582	0.865059109536718	0.119450168374903	7.24200828936188	4.42088821996966e-13	8.70631069081365e-12
ENSMUSG00000034190	5559.4751536849	0.221038171792063	0.0305539908059232	7.23434700219953	4.67774347792759e-13	9.20370682834038e-12
ENSMUSG00000020436	5162.05921999356	-0.435529725199809	0.060216314874525	-7.23275288611299	4.73300170846277e-13	9.30390244266135e-12
ENSMUSG00000042797	595.59020917433	-0.453339850493723	0.062722660269944	-7.22768850273015	4.91283969972826e-13	9.64858343955781e-12
ENSMUSG00000020149	17897.6356148982	0.1399625363961	0.0193699006328356	7.22577462059032	4.98253492807272e-13	9.7765168890319e-12
ENSMUSG00000035863	9763.00992681329	-0.20944945624363	0.0289977226888117	-7.22296224746101	5.08671394630935e-13	9.97181749511202e-12
ENSMUSG00000029192	3864.08745635899	0.291914457913687	0.0404253232933675	7.22107911902786	5.15766324326696e-13	1.01016787572964e-11
ENSMUSG00000031729	5030.35062409926	0.239135135607113	0.0331342002731648	7.21716937893888	5.30808466752755e-13	1.03868136256287e-11
ENSMUSG00000005583	1644.87427938638	-0.561954217808621	0.0779682776912783	-7.20747250610978	5.69999437858803e-13	1.11435409226567e-11
ENSMUSG00000030641	206.581070773891	0.717635552192094	0.0996427223831476	7.20208696659884	5.92978495286125e-13	1.15822351044695e-11
ENSMUSG00000069072	12540.0162429845	0.595622407733695	0.082703122320641	7.20193374833491	5.9364537966438e-13	1.15847197453414e-11
ENSMUSG00000031997	1184.13839704086	-0.702851738904547	0.0976349148867667	-7.19877453388152	6.07561173397906e-13	1.18455114878832e-11
ENSMUSG00000040463	2615.3097842818	0.263604224493751	0.0366230512509805	7.1977679491327	6.12061908049993e-13	1.19224327751372e-11
ENSMUSG00000121914	927.507633985562	0.553822621583569	0.0769620988002814	7.19604363987984	6.19847976851683e-13	1.20631520136883e-11
ENSMUSG00000041815	3666.73579666144	0.180133746386858	0.0250458496457536	7.1921595367957	6.37744472619775e-13	1.24002018562102e-11
ENSMUSG00000025793	7926.19933242811	0.316118356236232	0.0439667844722283	7.18993576698584	6.48218105184962e-13	1.25924432994574e-11
ENSMUSG00000029095	2355.33231542452	-0.378590542460795	0.0526845400417122	-7.18598932743934	6.67222564342211e-13	1.29499091918353e-11
ENSMUSG00000040033	4621.45537581133	0.351114308122941	0.048872524860736	7.1842882912936	6.75581771415485e-13	1.31003056054244e-11
ENSMUSG00000070056	7432.33996860793	0.531754328271576	0.0740444124657909	7.18155915569254	6.89208507962071e-13	1.33524817977562e-11
ENSMUSG00000001995	2147.30991897696	0.575121930003002	0.0801472840904113	7.17581308624541	7.1878701894064e-13	1.39129685740124e-11
ENSMUSG00000021186	6775.46417296339	0.505810792380556	0.0705247283777473	7.17210550136844	7.38529908045603e-13	1.42822369424387e-11
ENSMUSG00000004677	2215.84720126991	0.496694952674586	0.069284042390274	7.16896612176185	7.55662519628418e-13	1.46004065223615e-11
ENSMUSG00000026749	1764.26730427292	0.316858049513867	0.0442019731028772	7.16841415147691	7.58714864787401e-13	1.46461989995741e-11
ENSMUSG00000067586	9301.10660756851	0.353446894185536	0.0493211523522509	7.16623349878819	7.70892469271631e-13	1.48584691402559e-11
ENSMUSG00000002332	8450.97338184145	0.200080781092308	0.0279200765468114	7.16619744064269	7.71095435677123e-13	1.48584691402559e-11
ENSMUSG00000007946	15.1097133817493	7.00503099218788	0.977915737160968	7.1632255479644	7.88005380553045e-13	1.51706937210329e-11
ENSMUSG00000102796	283.838395514633	-0.914519006882727	0.127672274806179	-7.16301960054421	7.8919060594502e-13	1.51798974437418e-11
ENSMUSG00000028207	5352.01045126066	-0.286474868960965	0.0400003207824196	-7.16181428942122	7.96162328189498e-13	1.53002869623239e-11
ENSMUSG00000048186	283.965600645125	0.584273312543947	0.0816332775112377	7.15729332885741	8.22855069767974e-13	1.57991117420745e-11
ENSMUSG00000024816	2018.62005459437	0.331735988164824	0.0464106694142566	7.14783889893473	8.81546807891926e-13	1.69108880949134e-11
ENSMUSG00000115424	680.133356047311	-0.774740672380667	0.108396792749909	-7.14726564067381	8.85234717433628e-13	1.69664718253842e-11
ENSMUSG00000114210	832.762424624444	-0.493315086048347	0.0690248299456788	-7.14692215013897	8.87451725816641e-13	1.69937901395005e-11
ENSMUSG00000027525	1920.12707060842	-0.37887347491727	0.0530320267101551	-7.14423902725782	9.04958102120036e-13	1.73135745277261e-11
ENSMUSG00000019558	2886.42407146235	0.385505264735424	0.0539698429921362	7.14297547227616	9.13319285622388e-13	1.74579802183172e-11
ENSMUSG00000032382	4861.73664638235	0.270004219755689	0.0378184238796014	7.13948895954187	9.36785420801118e-13	1.78906012837338e-11
ENSMUSG00000032807	98.093704740307	1.52763541922929	0.213976483289777	7.1392678099139	9.38293674133877e-13	1.79008260151833e-11
ENSMUSG00000128101	64.7236851185776	1.27944300681088	0.179214631219318	7.13916602738278	9.38988637524289e-13	1.79008260151833e-11
ENSMUSG00000030600	2135.65795781313	-0.39530145468433	0.055372386490078	-7.13896365574136	9.40371916817369e-13	1.79112897661062e-11
ENSMUSG00000051098	1819.5547228521	-0.433821260268204	0.0607693894841349	-7.13881222027846	9.4140833797397e-13	1.79151342047422e-11
ENSMUSG00000066607	7620.28485818362	-0.335520076774204	0.0470249899805904	-7.13493138249874	9.68354546374794e-13	1.84116020305415e-11
ENSMUSG00000024359	18502.0101902154	0.263758695095357	0.0369880701922557	7.13091258139173	9.97056321001766e-13	1.89405406961273e-11
ENSMUSG00000059743	17676.030297128	0.269041160917501	0.0377583703555688	7.1253382596747	1.03825387524387e-12	1.97057097135146e-11
ENSMUSG00000013663	11981.1917300627	-0.385629069710223	0.0541415708843063	-7.12260585372123	1.05905358079532e-12	2.00827245276965e-11
ENSMUSG00000003623	5993.75394292617	0.285697649413062	0.0401231850883566	7.12051271064143	1.07526315935388e-12	2.03721085425335e-11
ENSMUSG00000024101	2436.18319055556	-0.219101557064267	0.0307719456086705	-7.12017237553324	1.07792167118237e-12	2.04044678955915e-11
ENSMUSG00000024975	2343.36630410692	-0.317333804877181	0.0445794955096908	-7.11838035063	1.09202674609777e-12	2.06532565037311e-11
ENSMUSG00000038205	7233.24860235065	0.428814422094677	0.0602883097018823	7.11272922089054	1.13770358343362e-12	2.14981911285089e-11
ENSMUSG00000024777	26162.3146930976	0.229062427350332	0.0322145503247884	7.1105269215592	1.15600749594289e-12	2.18248521617502e-11
ENSMUSG00000003541	1453.195976355	0.586105937296295	0.0824318606172405	7.11018692175088	1.15885895838475e-12	2.18594608090396e-11
ENSMUSG00000016624	100.325810295424	1.0307270267896	0.144980057734502	7.10944003538157	1.16514709539161e-12	2.19587774799617e-11
ENSMUSG00000028445	2010.47354288974	0.367531617380345	0.0517574686598574	7.10103540410197	1.23825648247889e-12	2.33161523270982e-11
ENSMUSG00000044807	1554.91554092043	-0.416452075828002	0.0586592611873294	-7.09951109847863	1.25198991792553e-12	2.35540890255823e-11
ENSMUSG00000044164	329.806724823051	-0.64688826288498	0.0911767669477102	-7.09488046725731	1.29463334180753e-12	2.43230407808955e-11
ENSMUSG00000004865	3607.91242951144	0.222033105629193	0.0312950673132449	7.09482754604025	1.29512883688454e-12	2.43230407808955e-11
ENSMUSG00000099848	17.0350468979227	5.41415015208878	0.763246665251848	7.09357852261598	1.30687746654277e-12	2.4522230504202e-11
ENSMUSG00000035198	3005.68818055623	-0.201991310463681	0.028482835985796	-7.09168534216226	1.32488484263466e-12	2.48384087615682e-11
ENSMUSG00000004085	1662.58522956564	0.507204676556052	0.0715257013002741	7.09122269807241	1.3293222617105e-12	2.48998531150764e-11
ENSMUSG00000000416	616.585306256735	0.685918010558497	0.0967515106273492	7.08948114722878	1.34615737534276e-12	2.51932120480451e-11
ENSMUSG00000036022	906.918162475428	-0.413317704169952	0.0583227447748206	-7.08673272778465	1.37315209508068e-12	2.56760303771794e-11
ENSMUSG00000056947	382.707381042689	-0.868104064243345	0.122500328357989	-7.0865447944469	1.37501723748242e-12	2.5688529173018e-11
ENSMUSG00000022935	18702.3598039924	-0.488958225670985	0.0690763061306538	-7.07852305747428	1.45698886197225e-12	2.71962807922577e-11
ENSMUSG00000019979	575.461670008251	0.532071224264384	0.0751758757079893	7.077685750295	1.46581648641536e-12	2.73372864443025e-11
ENSMUSG00000023341	129.854115103419	0.92370251733026	0.130514149315672	7.07741284890209	1.46870497424929e-12	2.73673793205168e-11
ENSMUSG00000137219	14.9354063700058	3.03263761264826	0.428700885075218	7.07401761514014	1.50511167780716e-12	2.80214460327915e-11
ENSMUSG00000035930	16.0857205442814	2.84359874270379	0.401993448292554	7.07374399951497	1.50808388278098e-12	2.80524511505862e-11
ENSMUSG00000028771	2490.83935958467	0.334364812766934	0.047282986309367	7.07156715058614	1.53193639119708e-12	2.84714688947502e-11
ENSMUSG00000067369	1974.34434465199	-0.236170522285188	0.0334443987309029	-7.06158673042505	1.6461194820472e-12	3.05671287211291e-11
ENSMUSG00000022387	2501.48874445996	0.322634658274401	0.0456936774540194	7.06081620589768	1.65527415169688e-12	3.07105574246544e-11
ENSMUSG00000022270	8815.35531591916	0.281041050848715	0.0398174222922395	7.05824321790641	1.68620738830142e-12	3.12574506021402e-11
ENSMUSG00000047013	1965.32592310241	-0.470221046667097	0.0666638535384644	-7.0536133407857	1.74330382572408e-12	3.22879723235488e-11
ENSMUSG00000025893	1164.26948021601	0.378615608770762	0.0537160967470749	7.04845719810011	1.80912379663283e-12	3.34781477745865e-11
ENSMUSG00000026791	1120.5077864822	-0.299637314596055	0.0425228455766713	-7.04650195753693	1.83471545751539e-12	3.39224823523044e-11
ENSMUSG00000062203	5836.08275118134	0.240689621344864	0.0341727477349854	7.04332069552752	1.87711512191286e-12	3.4676551813237e-11
ENSMUSG00000024269	4657.35946032164	-0.332112082995951	0.0471753848497383	-7.03994432803854	1.92316656268029e-12	3.54967269428161e-11
ENSMUSG00000060152	3977.92785787684	0.400246025460034	0.0568705851093317	7.037839063737	1.95244003116506e-12	3.60060805060045e-11
ENSMUSG00000053475	81.2172205458338	1.23678913771183	0.175743725275948	7.03745829769942	1.95778101787347e-12	3.60735856907054e-11
ENSMUSG00000032024	3662.84355523032	0.298826909608692	0.0424958152931327	7.03191379074407	2.03719668744642e-12	3.75046861858704e-11
ENSMUSG00000001380	9552.59314577084	0.188994982689017	0.0268799349814189	7.03108035118618	2.04940432201549e-12	3.76970978375189e-11
ENSMUSG00000033257	387.128125200013	0.805651092235879	0.114642828269582	7.02748793270689	2.10284988746407e-12	3.86470682228627e-11
ENSMUSG00000059857	1997.95884992641	-0.531329021141015	0.0756190277898398	-7.02639318000336	2.11940696877491e-12	3.89180410536547e-11
ENSMUSG00000020747	2179.43439113327	-0.446366782064997	0.0635310079128731	-7.02596726746643	2.12588297886903e-12	3.90035931832502e-11
ENSMUSG00000024493	4674.16107479539	0.407043161455358	0.0579606400460605	7.02275132110146	2.17541208607124e-12	3.98782201875366e-11
ENSMUSG00000028496	2141.99791829343	-0.321577598145021	0.0457983150396417	-7.02160325913022	2.19336622641042e-12	4.01730370444762e-11
ENSMUSG00000056296	18358.5944323186	-0.456607941977952	0.0650342712230438	-7.02103573071426	2.20229520695737e-12	4.03021900362718e-11
ENSMUSG00000058070	32522.61254034	-0.40243937237622	0.0573306100682914	-7.01962480247184	2.22464826323871e-12	4.06765754843971e-11
ENSMUSG00000021067	1823.68000254449	0.387040734972852	0.055147374804071	7.01829844753154	2.24586428602407e-12	4.10295512883341e-11
ENSMUSG00000029804	6827.45732459766	-0.333430380018666	0.0475196684055548	-7.01668153853719	2.27199648983061e-12	4.14716638186258e-11
ENSMUSG00000043614	389.07756438821	-0.470261868372361	0.0670279645331426	-7.01590554998633	2.28464356416814e-12	4.16670847480317e-11
ENSMUSG00000002105	1528.76873007426	-0.28768990429607	0.0410077254177473	-7.01550503875456	2.29119809295347e-12	4.17511530249059e-11
ENSMUSG00000032737	1448.73977504402	0.393108778084809	0.0560517238312383	7.01332182518399	2.32725286922783e-12	4.23721883722176e-11
ENSMUSG00000034403	8560.41983638348	-0.214828734176382	0.0306410427860648	-7.01114305006889	2.36378894890702e-12	4.30009267603712e-11
ENSMUSG00000069662	6552.2472916983	0.529958337360188	0.0756157607650255	7.0085698007724	2.40766501193688e-12	4.37620128249256e-11
ENSMUSG00000033578	3165.06569518016	-0.392684384682459	0.0560515606279902	-7.00577076325625	2.45629806473723e-12	4.46082015716155e-11
ENSMUSG00000026834	62.3427641413263	1.59163077441751	0.227223212343295	7.00470149155725	2.47512979476681e-12	4.49122030215253e-11
ENSMUSG00000028333	3253.49078382309	0.301763506255661	0.0430854099082346	7.00384438487116	2.49032710809633e-12	4.51497987351316e-11
ENSMUSG00000049090	3300.76747651626	-0.226278065841658	0.0323357282342903	-6.99777237741943	2.60064143305872e-12	4.71100160354756e-11
ENSMUSG00000042215	1604.47564031561	-0.506657864158969	0.072414046972255	-6.99667930937615	2.62100272938955e-12	4.74388234309241e-11
ENSMUSG00000026811	3654.44775643671	-0.270506876224072	0.0386742796035339	-6.99449036923635	2.66224869003072e-12	4.81146184994039e-11
ENSMUSG00000034006	9918.15683232235	0.278349646652586	0.039795730114307	6.99446010547036	2.66282338476157e-12	4.81146184994039e-11
ENSMUSG00000040652	10592.472259986	0.159041235041588	0.0227389876063721	6.99420914399111	2.66759371553458e-12	4.81602747667496e-11
ENSMUSG00000036053	5883.63346761152	0.297443559117108	0.0425725066178986	6.98675231380563	2.81322247875519e-12	5.07467510327387e-11
ENSMUSG00000022494	57.9863027641643	1.58014594852985	0.226195660938267	6.98574827640526	2.83341706277042e-12	5.10681197896136e-11
ENSMUSG00000028862	440.995483778952	0.793654266557599	0.113648357139347	6.98342049577082	2.8807850357481e-12	5.18782983031617e-11
ENSMUSG00000038115	79.2521644036433	1.30888282061157	0.187485765138893	6.98123838704192	2.92589344736052e-12	5.26464616437896e-11
ENSMUSG00000028291	3829.21014141016	0.240678572495553	0.0344782939444602	6.98058241754228	2.93958849951654e-12	5.28485818514422e-11
ENSMUSG00000004040	26639.7097090271	0.321969946064298	0.0461288671886904	6.97979303821353	2.95615217944226e-12	5.31018934593368e-11
ENSMUSG00000022353	4279.73649120374	0.318986108367121	0.0457174952727535	6.97733124844285	3.00839830043498e-12	5.39952156497804e-11
ENSMUSG00000038467	15775.7632875564	0.131294273973937	0.0188183437548535	6.97693036562129	3.01699146288775e-12	5.41042094756462e-11
ENSMUSG00000056501	741.79730360129	0.882112480381785	0.126549934748529	6.97046965796271	3.15884648049925e-12	5.66008335145216e-11
ENSMUSG00000041762	3148.81956847439	-0.439176472327819	0.0630389438369632	-6.96674857788948	3.24349559537113e-12	5.80691213096219e-11
ENSMUSG00000024036	1560.28353455886	0.601001290945641	0.086283187367226	6.96545073593245	3.27353961826607e-12	5.85581678714162e-11
ENSMUSG00000027469	315.924732580429	0.763570935732352	0.10965679199514	6.96327990122303	3.32440378578357e-12	5.93780693811658e-11
ENSMUSG00000070426	1374.60131495696	0.315494054842331	0.045308392557468	6.96325861576674	3.32490633542166e-12	5.93780693811658e-11
ENSMUSG00000001482	5422.98183665791	-0.234693183853081	0.0337366477940089	-6.95662430025898	3.48522760123681e-12	6.21894394747709e-11
ENSMUSG00000015766	536.086191828415	0.704362198316605	0.101294254147116	6.9536244108537	3.56018691997242e-12	6.34742295881462e-11
ENSMUSG00000063296	2614.3875454642	-0.42940370728138	0.0617593447929336	-6.95285399676895	3.57969124203481e-12	6.37690059763645e-11
ENSMUSG00000027654	254.205846373472	-0.664675722098962	0.0956167508492227	-6.95145689636625	3.61532879299044e-12	6.43504542871747e-11
ENSMUSG00000020785	2078.90945575204	-0.301561294676298	0.043382191471274	-6.95126927545788	3.62014108586596e-12	6.43827245643734e-11
ENSMUSG00000024553	198.371888552127	-0.870446627638413	0.125257660290249	-6.94924865769805	3.67236764943677e-12	6.52280333906328e-11
ENSMUSG00000050538	818.651605304328	-0.346104814825323	0.049805018387222	-6.94919560383335	3.6737488292777e-12	6.52280333906328e-11
ENSMUSG00000031647	7659.08664361258	0.495382819190762	0.0713011316837729	6.94775535103468	3.71143890334237e-12	6.5821588364404e-11
ENSMUSG00000075023	55.9346315038883	1.78937185297589	0.257549394765158	6.94768416989486	3.71331144644057e-12	6.5821588364404e-11
ENSMUSG00000118202	2053.27152475556	-0.455809458815015	0.0656386119127337	-6.94422757478497	3.80536640976133e-12	6.73976859339412e-11
ENSMUSG00000036943	2971.40408857458	0.309976684678522	0.0446440347686476	6.94329458089686	3.83059469748769e-12	6.77885785459776e-11
ENSMUSG00000118426	4992.26635256091	-0.289658630706564	0.0417308089239044	-6.94112187556087	3.88998224661331e-12	6.87828327065909e-11
ENSMUSG00000019998	11585.297645185	0.130647457331232	0.018823479032232	6.94066474680484	3.90259161435804e-12	6.89489971965512e-11
ENSMUSG00000020175	860.424148011782	-0.434362023587718	0.0625936853897014	-6.93939046540282	3.93795311871952e-12	6.95165309592379e-11
ENSMUSG00000085795	2590.45933377979	0.435768889772461	0.0627992771052126	6.93907493620321	3.94675751056142e-12	6.96147056053505e-11
ENSMUSG00000038518	1138.68711251359	-0.434352520522652	0.0626039194659352	-6.93810426292873	3.97396394342382e-12	7.00370361326238e-11
ENSMUSG00000034430	1191.73434482428	0.370598472553704	0.0534230049608389	6.93705778672253	4.00350098734998e-12	7.04997146796182e-11
ENSMUSG00000042185	1152.91754533262	0.384848847516396	0.055485952919563	6.93596896631305	4.03446166995495e-12	7.09565429418051e-11
ENSMUSG00000045176	3261.36443184889	0.250035259025822	0.0360493640024108	6.93591318307588	4.0360541755308e-12	7.09565429418051e-11
ENSMUSG00000044148	1645.94119354435	-0.208890991344273	0.0301186420642001	-6.93560456341314	4.04487582397672e-12	7.10534406198725e-11
ENSMUSG00000031618	1209.95400569484	-0.426946582881449	0.0615942143500678	-6.93160205688994	4.16101096827579e-12	7.30337378945283e-11
ENSMUSG00000035861	15.1896032863858	2.6586751691815	0.384127681646195	6.92133188055504	4.47416903401231e-12	7.84661049706767e-11
ENSMUSG00000014867	7676.56165863564	0.217918395576652	0.0314875882560021	6.9207712513553	4.49191321149871e-12	7.87129869371684e-11
ENSMUSG00000047787	516.350146464623	-0.530798470279046	0.0767091162170364	-6.91962698119523	4.52834426160507e-12	7.92866540943022e-11
ENSMUSG00000021282	14765.4596208325	0.220633578756165	0.0318901710073011	6.91854486153906	4.56306297452891e-12	7.9829429349012e-11
ENSMUSG00000052135	191.771262310413	-0.820721375618564	0.118733409252091	-6.91230362867822	4.76845844593836e-12	8.33548281763133e-11
ENSMUSG00000089704	2585.87541577074	0.324258326580546	0.0469139940343328	6.91176126132526	4.78672957819626e-12	8.3606132730318e-11
ENSMUSG00000074093	5355.45472188467	-0.236512332970165	0.0342734184086822	-6.90075119294933	5.17282642369604e-12	9.02763349683408e-11
ENSMUSG00000000340	1052.37337361401	-0.307587175744273	0.0445830749167321	-6.89919159498876	5.2299296112246e-12	9.1198756323759e-11
ENSMUSG00000032036	1892.84433613331	-0.530135531110457	0.0769438415960477	-6.88990203912159	5.58308209109655e-12	9.72779546813949e-11
ENSMUSG00000087231	154.596258733106	0.69401413943357	0.100749917761373	6.88848343357806	5.63902992713763e-12	9.81730871175477e-11
ENSMUSG00000028385	634.830050418378	0.570302943957091	0.0828197819379777	6.88607154730474	5.73541530714448e-12	9.9770198527685e-11
ENSMUSG00000028795	568.537082370223	-0.476782795075825	0.0692481838109192	-6.88513068267134	5.77345096612939e-12	1.00350525051768e-10
ENSMUSG00000020134	1266.83393912531	0.364389813723043	0.0529250786511858	6.88501222878918	5.77825710360044e-12	1.00352805004763e-10
ENSMUSG00000034551	376.167363479142	0.896193231347418	0.1302145594478	6.88243492239191	5.8838047304491e-12	1.02103275944883e-10
ENSMUSG00000034683	24948.5070105169	-0.281350070490711	0.0408825877950347	-6.88190463630294	5.90575460102256e-12	1.02401396014176e-10
ENSMUSG00000075033	3246.98160305294	-0.432740556931136	0.0628921975451044	-6.88067159079292	5.95710418231557e-12	1.03208392556567e-10
ENSMUSG00000075277	293.70221771101	-0.642959460819346	0.0934689165608417	-6.87885860323227	6.03340077527546e-12	1.04445952453277e-10
ENSMUSG00000028382	5531.16652314693	0.289334569325136	0.0420684738704333	6.87770538613446	6.08242949500723e-12	1.05209856196475e-10
ENSMUSG00000022893	1445.69393710425	1.09413369348154	0.159154836394681	6.87464935572707	6.21425208143116e-12	1.07403490483093e-10
ENSMUSG00000072825	11650.7033422516	0.409812368673209	0.0596318953646002	6.87236865720168	6.3144511128326e-12	1.09047471913165e-10
ENSMUSG00000037253	3539.51713764743	0.32427552756639	0.0472238832051014	6.8667696419205	6.56719854209506e-12	1.13321128540685e-10
ENSMUSG00000039041	4237.61131351335	0.231649138425246	0.033741802860249	6.86534561845095	6.63304635838816e-12	1.14365440264386e-10
ENSMUSG00000042078	5841.3608925861	-0.284190274889733	0.041402257144657	-6.86412515860642	6.68999582694792e-12	1.15254775618992e-10
ENSMUSG00000079685	61.8901256632935	1.33894129549516	0.195125819958261	6.86193808580313	6.79325080641519e-12	1.1693979295149e-10
ENSMUSG00000038227	2658.81776300304	-0.277465588955739	0.0404377271707203	-6.86155252456036	6.81161495834065e-12	1.17161960493382e-10
ENSMUSG00000010067	799.982925481276	0.544061778039783	0.0792950562411562	6.86123200903161	6.82691802875466e-12	1.17331162854482e-10
ENSMUSG00000025279	1288.33657468181	0.897588291514151	0.130966622031049	6.85356526414304	7.20317659311315e-12	1.23698710998213e-10
ENSMUSG00000003119	1790.06412248766	0.449645061408891	0.0656104176957183	6.85325710764732	7.21871725570168e-12	1.23866494493119e-10
ENSMUSG00000062234	7428.5631902079	0.241342188196831	0.0352174346725813	6.85291789253263	7.23586222894782e-12	1.24061516458941e-10
ENSMUSG00000036902	2309.43582783013	0.671738088315843	0.0980254349519511	6.85269173908902	7.24731488168642e-12	1.24158708100783e-10
ENSMUSG00000029366	1813.61151085827	-0.27456199049932	0.0400914964382034	-6.84838469231316	7.46884992991753e-12	1.27851939868907e-10
ENSMUSG00000021712	3034.59006341828	-0.290124996540457	0.0423747150719465	-6.84665362464065	7.55974579848683e-12	1.29304783514198e-10
ENSMUSG00000058638	1467.00263795512	0.268177038983054	0.0391855829691236	6.84376800504322	7.71368069536874e-12	1.31832698890753e-10
ENSMUSG00000085007	812.551094294379	0.523525949165952	0.0765070321513441	6.84284744087743	7.76343179232816e-12	1.32577427887125e-10
ENSMUSG00000046573	1806.69670913221	-0.247350662546828	0.0361486433892722	-6.84259876320099	7.77692521642151e-12	1.32702286721545e-10
ENSMUSG00000062169	2835.45003650317	0.320304284718834	0.0468202935213205	6.84114217637225	7.85642338309618e-12	1.3395233069225e-10
ENSMUSG00000039234	1271.47677088971	0.574508550893103	0.0839935192220666	6.83991522458044	7.92400588217189e-12	1.34997389100557e-10
ENSMUSG00000067931	956.322984929161	0.49669710591403	0.0726504784539337	6.8368043333531	8.0979223713316e-12	1.378509132617e-10
ENSMUSG00000071537	207.508142327161	-0.671625880657414	0.0983159989778862	-6.8312979335996	8.41497604050142e-12	1.43134608308561e-10
ENSMUSG00000046062	3971.28509079226	0.280897520475479	0.0411271077450242	6.8299847929244	8.49236344670335e-12	1.44336558786171e-10
ENSMUSG00000040699	1909.9434306626	-0.336662939392234	0.0492967442905253	-6.82931386722306	8.53217187901949e-12	1.44898418951766e-10
ENSMUSG00000066406	3808.07766012321	0.484549484834478	0.0709579364075931	6.82868625224884	8.5695760119857e-12	1.45418591836589e-10
ENSMUSG00000019726	5423.15820274216	0.708348843561223	0.103742519459867	6.82795103925781	8.61359706463871e-12	1.46050137906425e-10
ENSMUSG00000039671	4177.41085030919	0.343831011719091	0.0503907470083262	6.82329657987167	8.89746993195835e-12	1.50744348507828e-10
ENSMUSG00000039804	2044.24387148518	0.326429170306021	0.0478471068016485	6.82233873950294	8.95701520718016e-12	1.51633508231332e-10
ENSMUSG00000031278	7330.58963848656	0.393208151489408	0.0576617404107095	6.81922100666212	9.15354916822089e-12	1.54736040785571e-10
ENSMUSG00000001157	2393.31042033949	-0.236899858277215	0.034740109621122	-6.8192029576435	9.15469914272222e-12	1.54736040785571e-10
ENSMUSG00000039903	942.547829728594	-0.325728685676383	0.0477838982959727	-6.81670389591959	9.31529844955458e-12	1.57326669172414e-10
ENSMUSG00000023094	1504.47015159371	-0.282529280549277	0.0414485138322022	-6.81639109409452	9.33559365426708e-12	1.57545482218944e-10
ENSMUSG00000028550	1401.74865722276	-0.284045005456206	0.0416953318842447	-6.8123934411837	9.59881530248742e-12	1.61860305799839e-10
ENSMUSG00000025650	15.3926243115705	2.83250575778517	0.416036834934592	6.80830522670063	9.87551717635182e-12	1.66395487996521e-10
ENSMUSG00000030350	2221.9968961836	-0.65593725722906	0.0963878847754534	-6.80518364685707	1.00920414129185e-11	1.69910400760555e-10
ENSMUSG00000070287	1431.86672864185	0.287337172985895	0.0422262407340595	6.80470645718955	1.01255482788613e-11	1.70340924258649e-10
ENSMUSG00000042604	1472.28342393747	-0.442343666315686	0.0650161157105529	-6.80360033018535	1.0203636958442e-11	1.71520180853498e-10
ENSMUSG00000048170	1212.91854251308	0.400116733152584	0.0588368410721188	6.80044553483325	1.04296096543909e-11	1.75181534304503e-10
ENSMUSG00000027778	2570.22601735494	-0.255381685575827	0.0375629590345678	-6.79876378590964	1.05520663672547e-11	1.77075319844991e-10
ENSMUSG00000029752	10676.6557296507	0.276802054548387	0.0407145335351786	6.79860557187083	1.05636589635308e-11	1.77075319844991e-10
ENSMUSG00000020990	258.777599318137	-0.689859454432012	0.101471429204199	-6.79855856808473	1.05671054095515e-11	1.77075319844991e-10
ENSMUSG00000105157	18.361197767719	5.92919333138573	0.872468943980444	6.79587895052758	1.07654143138601e-11	1.80257709564212e-10
ENSMUSG00000059713	6277.06476527224	-0.294714347016369	0.0433874721130999	-6.79261391970763	1.10119795763467e-11	1.84242520331923e-10
ENSMUSG00000020923	5223.81288147659	0.195348291472705	0.0287609209665429	6.79214312017165	1.10479862504085e-11	1.84700991317188e-10
ENSMUSG00000035095	1260.84776198754	0.553155670631652	0.0814541092681953	6.79101000061686	1.11351205486698e-11	1.86012838675288e-10
ENSMUSG00000030223	926.63147404633	0.693947841740018	0.102195654077126	6.79038505117157	1.11834653905505e-11	1.86675169575084e-10
ENSMUSG00000027889	2810.11377820193	-0.339490893132206	0.049997591347506	-6.79014496463619	1.1202092622183e-11	1.86840808257794e-10
ENSMUSG00000002820	1938.77799853618	-0.288650763745789	0.0425140421700869	-6.78953938538652	1.12492119008185e-11	1.87481042440194e-10
ENSMUSG00000039220	2072.16237231899	0.306371176627292	0.0451540319816562	6.78502368851037	1.1606746538147e-11	1.93289698361414e-10
ENSMUSG00000069895	2815.72060107789	0.256065944065154	0.0377447665474014	6.78414433279316	1.1677653976133e-11	1.94319783140831e-10
ENSMUSG00000086040	7224.77036411335	-0.652710114507316	0.096221891159754	-6.78338480610033	1.1739240320663e-11	1.95044366996012e-10
ENSMUSG00000025086	800.430286145694	-0.354447908000645	0.0522523786658077	-6.78338320763538	1.17393702673459e-11	1.95044366996012e-10
ENSMUSG00000040843	3526.70797501731	0.194429951405878	0.0286643547437543	6.78298720288629	1.17716067952903e-11	1.95428701831169e-10
ENSMUSG00000039384	323.80335370685	0.644397618899227	0.0950047424085849	6.78279423281713	1.17873468135616e-11	1.95538784157583e-10
ENSMUSG00000020715	842.048928818592	0.404060631399312	0.0595796297611411	6.78185871612863	1.18639469537431e-11	1.96657517613166e-10
ENSMUSG00000027927	13.0270179014099	4.74170904732173	0.699432261253989	6.7793685107125	1.20702293530868e-11	1.99922487109075e-10
ENSMUSG00000020023	4300.84377974405	0.340303054678303	0.0501978641965486	6.77923374081922	1.20814930114767e-11	1.99954764058873e-10
ENSMUSG00000020123	93.2867164038169	1.36719988451678	0.201702094648089	6.77831277311294	1.21587407476488e-11	2.01078219483074e-10
ENSMUSG00000048833	3535.66184931018	0.238142310802209	0.0351387464050869	6.77719996202638	1.22527253268032e-11	2.02476521836148e-10
ENSMUSG00000020773	450.111769160306	1.13323120109926	0.167291130155721	6.77400648823642	1.25264050695483e-11	2.06839854786865e-10
ENSMUSG00000028794	3531.70373635237	-0.557986386819275	0.0823815136259226	-6.77319901347013	1.25965483768076e-11	2.07838207114951e-10
ENSMUSG00000060147	37286.3117144773	0.16906760920006	0.0249831726821177	6.76725936098076	1.31244683332921e-11	2.16382363473463e-10
ENSMUSG00000015709	4504.81719201947	0.308392130142201	0.0455762739486127	6.76650597830602	1.31929590566118e-11	2.17344634773008e-10
ENSMUSG00000054988	393.78502891115	-0.707736940913726	0.104653330323461	-6.76267958913744	1.35462602339493e-11	2.22993882041377e-10
ENSMUSG00000032263	905.73926146867	-0.406428871919445	0.0601461742544659	-6.75735201710303	1.40536459017267e-11	2.31169013736755e-10
ENSMUSG00000005982	3139.36658445443	-0.229481441187778	0.0339970290697678	-6.75004397345553	1.47800353804197e-11	2.42931270655505e-10
ENSMUSG00000032763	1631.09131669442	-0.233384949630871	0.0346101259794273	-6.74325628775804	1.54875662584732e-11	2.5436579747849e-10
ENSMUSG00000022451	4015.12767279885	0.18576483107485	0.02755758866811	6.74096827963108	1.57334557129143e-11	2.58206697502613e-10
ENSMUSG00000053581	5056.07860663001	0.377430913798148	0.0560028429860295	6.73949559832707	1.58937409946371e-11	2.60637925279511e-10
ENSMUSG00000038451	515.312782597028	0.478685594334843	0.0710535369618273	6.73697066751247	1.61722811807855e-11	2.65003196814306e-10
ENSMUSG00000018476	1519.27239554322	0.384601371968827	0.0570904363422586	6.73670401927097	1.62019743273082e-11	2.65287247070936e-10
ENSMUSG00000030591	7296.84579203306	0.184567977294214	0.0274106727372057	6.73343478519197	1.65703949651185e-11	2.71112879818014e-10
ENSMUSG00000072621	19.2839826470046	2.4827140187628	0.369253078449211	6.72361088820086	1.77275455744069e-11	2.89824442726747e-10
ENSMUSG00000135716	14.4455286761105	2.79359656285326	0.41551242450784	6.72325638917339	1.77707481611361e-11	2.90309649944404e-10
ENSMUSG00000030313	1667.86800005815	0.496461640069722	0.0738803769813048	6.71980382822559	1.81969378235087e-11	2.97045982752424e-10
ENSMUSG00000023852	1353.95177894858	0.349054615983942	0.0519505414317541	6.71897936699051	1.83001817222856e-11	2.9850433195333e-10
ENSMUSG00000069911	541.927182676349	-0.779675512799839	0.116053857034385	-6.71822145961795	1.83955972149637e-11	2.99832870020053e-10
ENSMUSG00000035355	15.6365123801946	2.35930800560957	0.351249164532598	6.7169070957053	1.8562223061544e-11	3.02319180758046e-10
ENSMUSG00000027405	3091.92322879431	0.263215815915267	0.0392004026617958	6.71462020903663	1.88556679991086e-11	3.06865632501035e-10
ENSMUSG00000057229	1171.04986989197	-0.313287565405562	0.0466638063494214	-6.71371647352651	1.89728800232705e-11	3.08539274681457e-10
ENSMUSG00000004462	1305.24054205998	-0.239878989145469	0.0357307461417327	-6.71351748978158	1.89987833448412e-11	3.08726633823136e-10
ENSMUSG00000024082	1902.41336184147	-0.242522995805391	0.036162112210733	-6.70654950662451	1.99280259705976e-11	3.23581698551323e-10
ENSMUSG00000047658	155.048315685879	-0.809147634781715	0.120727377656583	-6.70227127009572	2.05204631560148e-11	3.32949555636442e-10
ENSMUSG00000063239	1470.58673782854	-0.534479494506089	0.0797979422176221	-6.69791074371912	2.11420325525118e-11	3.42775582154243e-10
ENSMUSG00000027177	7579.84180342041	0.3172730313103	0.0473714996895344	6.69755091963858	2.11941391108655e-11	3.43361049172709e-10
ENSMUSG00000017204	41.3015800829003	1.34905671399291	0.201447188198619	6.69682573411147	2.12995364324609e-11	3.44808332623835e-10
ENSMUSG00000035413	358.184040218478	0.858545654669065	0.128302761855431	6.6915601991207	2.2080363259156e-11	3.57179410490613e-10
ENSMUSG00000004187	1943.82104627093	-0.317307972058298	0.0474354234478765	-6.68926192694297	2.2429895886597e-11	3.62560350227177e-10
ENSMUSG00000032087	83.1773316488026	-0.959277199307935	0.143422933743494	-6.68845054462184	2.25545840808601e-11	3.64301506305299e-10
ENSMUSG00000028557	14879.3670977038	0.211576295531063	0.0316361361985501	6.68780454740738	2.26543418960636e-11	3.65637671534512e-10
ENSMUSG00000059288	1082.70912495385	0.389329474323629	0.0582163841963119	6.68762719805422	2.26818044740763e-11	3.65805871405351e-10
ENSMUSG00000046793	507.366078466474	-0.493420107900157	0.0738747293411156	-6.67914606660414	2.40338528842004e-11	3.87320334844029e-10
ENSMUSG00000032373	59.6872408218494	1.24556246249118	0.18650767554654	6.67834424959295	2.41656861024022e-11	3.89152751593522e-10
ENSMUSG00000023279	280.519299386705	-0.877193752923259	0.131377488705346	-6.67689542224872	2.44056970987472e-11	3.92723158861849e-10
ENSMUSG00000038070	1168.78259922496	-0.256495262252649	0.0384259291834849	-6.67505686141972	2.47136325798237e-11	3.97380402216102e-10
ENSMUSG00000028251	1681.7710207674	-0.342148523198242	0.0512726290813044	-6.67312227457046	2.50417575563608e-11	4.02355065647336e-10
ENSMUSG00000066867	17.2019665759131	3.09495334803835	0.464071333143523	6.66913279705035	2.57319342129038e-11	4.13135153189375e-10
ENSMUSG00000020075	2049.16985132866	0.356419273480593	0.053445340426962	6.66885589339024	2.57805234225807e-11	4.13605916135365e-10
ENSMUSG00000036502	13731.6982495508	-0.373686727313351	0.0560600154252825	-6.6658334729038	2.6316752652149e-11	4.21893511897707e-10
ENSMUSG00000029458	15650.4169105328	0.323016823596733	0.0485115469394923	6.65855541567509	2.76532025816718e-11	4.42987795983707e-10
ENSMUSG00000030606	186.098306627737	-0.677682298122844	0.101820581230336	-6.65565144034887	2.82047967417933e-11	4.5148707446632e-10
ENSMUSG00000020070	8284.14930458711	-0.256059949019919	0.0384858174257165	-6.65335872140832	2.86478804593895e-11	4.58238004427165e-10
ENSMUSG00000028868	3757.18617504404	0.266624707924893	0.0400839606043067	6.65165577216555	2.89813895931118e-11	4.63227482506133e-10
ENSMUSG00000049796	18.057989801605	3.19905409866093	0.481294319144739	6.64677302725213	2.99588464613618e-11	4.78494492663388e-10
ENSMUSG00000026765	603.837196331744	-0.514509357135097	0.0774515606203769	-6.64298243978487	3.07398475659457e-11	4.90603396171443e-10
ENSMUSG00000037892	434.579709188483	-0.73225504574518	0.110233965847294	-6.64273520522309	3.07914735676789e-11	4.91062237447098e-10
ENSMUSG00000027361	883.03230735613	0.297118236439187	0.0447491043300749	6.63964655577477	3.14436223079743e-11	5.01090420536731e-10
ENSMUSG00000045503	636.060721269212	0.512296925889195	0.0771868325391566	6.63710258649762	3.1990901168468e-11	5.09433742197577e-10
ENSMUSG00000058291	2239.96605109501	0.323884994857512	0.0488332106895645	6.63247388987931	3.30106748543464e-11	5.25283281262712e-10
ENSMUSG00000074916	629.920552444028	-0.383125848965234	0.0577947230874785	-6.62908010451632	3.37785249413382e-11	5.37103567696864e-10
ENSMUSG00000098923	603.683289835612	0.365008165161807	0.0550851588453755	6.62625238471923	3.44316279092131e-11	5.46699090898471e-10
ENSMUSG00000058407	2989.5269038258	0.191620322491111	0.028918379843045	6.62624682057343	3.44329251325227e-11	5.46699090898471e-10
ENSMUSG00000026094	552.77820377885	0.97033566930044	0.146479709347469	6.62436916091006	3.48734245926881e-11	5.53283763715183e-10
ENSMUSG00000034570	2358.8538209968	-0.509979405789045	0.0769878198809495	-6.62415699753096	3.49235436102119e-11	5.53669709849933e-10
ENSMUSG00000051209	106.506827134373	1.0150715902437	0.153266242916751	6.62292994808423	3.5214793273431e-11	5.57875094027653e-10
ENSMUSG00000066798	914.69204367714	0.299858477084018	0.0452813344356223	6.62212103113557	3.54080945470588e-11	5.60523715005284e-10
ENSMUSG00000035456	1283.26344936187	-0.42629576511698	0.0644243044341923	-6.61700221462894	3.66556006655396e-11	5.79844601242795e-10
ENSMUSG00000021215	1706.37403064228	0.613238041792673	0.0927342402212934	6.61285454357842	3.76978835473916e-11	5.95893054660021e-10
ENSMUSG00000037822	7563.19723653627	-0.122422033564574	0.0185241197673753	-6.608790868443	3.8747162494384e-11	6.12028395956179e-10
ENSMUSG00000050511	805.927594006456	-0.886397696622104	0.134168174180177	-6.60661667372582	3.93202405635969e-11	6.20623738189831e-10
ENSMUSG00000050272	1261.28445494073	-0.597861992996424	0.090538570814266	-6.60339552104151	4.01845533203912e-11	6.33799868901924e-10
ENSMUSG00000009470	5827.95613589163	0.281246818935662	0.0426083263607397	6.60074785746124	4.09088814379661e-11	6.44750403045066e-10
ENSMUSG00000048388	12174.7417767251	0.34053929296816	0.0515976317412154	6.59990161323901	4.11430732396739e-11	6.47965671432751e-10
ENSMUSG00000036815	10140.8764051398	-0.49044506224434	0.0743164944832597	-6.59941061072003	4.12795553807813e-11	6.49638515985229e-10
ENSMUSG00000024968	353.282684571215	-0.585185698352045	0.0887069914218164	-6.59683852391511	4.20017792370005e-11	6.60520287986413e-10
ENSMUSG00000039108	3896.36702204897	0.228208254553946	0.0346167232969615	6.5924279602159	4.32691159586553e-11	6.79952301001826e-10
ENSMUSG00000022332	2807.92237463854	0.246513054186426	0.0374338934233779	6.58529027152905	4.53997536106457e-11	7.12912297736737e-10
ENSMUSG00000027134	2804.17018173441	-0.353917701699335	0.0537580088323979	-6.58353442373116	4.59394161614193e-11	7.20859288977359e-10
ENSMUSG00000041773	643.170985658297	0.53444854056632	0.0812218368224497	6.58010901347406	4.70103466159156e-11	7.37124982072495e-10
ENSMUSG00000039661	11784.9660906047	-0.214928799126959	0.0326658305801641	-6.5796214365194	4.71647563758152e-11	7.39006321433029e-10
ENSMUSG00000045659	1018.76532732006	0.625232132794515	0.0950502419192157	6.57791206176946	4.77100239311066e-11	7.47004648946123e-10
ENSMUSG00000019996	3603.00621853037	-0.314163801931164	0.047775999312403	-6.57576621007705	4.84032581313698e-11	7.57306369568501e-10
ENSMUSG00000085355	36.5407707302343	1.43684708857971	0.218588288531496	6.57330316382747	4.9211116016479e-11	7.69385153976503e-10
ENSMUSG00000023883	1963.5816824825	0.370399006261518	0.0563512098232503	6.57304443725879	4.92967377785461e-11	7.70162862557694e-10
ENSMUSG00000039678	5862.04536084917	-0.22065375532255	0.0335748520487706	-6.57199486693286	4.96455749579207e-11	7.75048663306709e-10
ENSMUSG00000034908	3909.55375860815	0.304658922083237	0.0463625659555805	6.57122650146515	4.99024802539596e-11	7.78493198496728e-10
ENSMUSG00000067071	1134.83196091069	-0.431512412050112	0.0657222301461815	-6.56569947627048	5.17891718937417e-11	8.07339407313768e-10
ENSMUSG00000012428	855.959900241059	1.11920862245441	0.170482841495202	6.5649341167622	5.20558730753125e-11	8.10908106991769e-10
ENSMUSG00000028437	4738.55038107681	0.237971712898182	0.0362516866076675	6.56443148352303	5.22317537097561e-11	8.13057886246283e-10
ENSMUSG00000049401	1722.92458501451	0.255619529127157	0.0389461956676819	6.56340175837183	5.25938907999669e-11	8.18101782544992e-10
ENSMUSG00000003200	1519.28085511766	0.292955222425935	0.0446361201530733	6.56318742357727	5.26695770021403e-11	8.18685836298293e-10
ENSMUSG00000004642	1338.28165778565	0.236161304443111	0.0360097073939998	6.55826779871203	5.44363871935632e-11	8.45536532197559e-10
ENSMUSG00000028528	11637.876239967	-0.388827045189104	0.0592908841345378	-6.55795660437128	5.4550077078802e-11	8.46689771925932e-10
ENSMUSG00000027286	1545.63885924201	-0.26898659477866	0.0410277134742276	-6.55621705429988	5.51898848122055e-11	8.55655094956669e-10
ENSMUSG00000073982	1465.07211533914	0.390798730331328	0.0596077816022928	6.55616967829409	5.52074120243635e-11	8.55655094956669e-10
ENSMUSG00000027639	2562.74786249061	0.428602854991082	0.0654041434565097	6.55314529539066	5.63376522105711e-11	8.72542599099653e-10
ENSMUSG00000028480	1397.5010632115	0.506950255550976	0.0774126427074032	6.54867522695353	5.8049717604343e-11	8.97852783738335e-10
ENSMUSG00000086555	179.3210735346	-0.639258536969941	0.0976166889720873	-6.5486603131226	5.80555140141996e-11	8.97852783738335e-10
ENSMUSG00000015120	4798.30408027437	0.1681663627752	0.0256923161452749	6.54539520004027	5.93382576563717e-11	9.17030265551962e-10
ENSMUSG00000002908	2540.98992433591	-0.430367633058327	0.0657850075271829	-6.54203213217686	6.06884587402014e-11	9.37221910300118e-10
ENSMUSG00000022103	10816.6676975307	-0.629794071952203	0.0962859150099425	-6.54087435205004	6.11602003156052e-11	9.43828080499482e-10
ENSMUSG00000022698	4342.3184453661	0.19915183851875	0.0304653221332013	6.53700091034696	6.2764666903449e-11	9.67892485452182e-10
ENSMUSG00000050967	1669.14421008903	-0.428535050530622	0.0655624537421942	-6.53628755591905	6.30646106196929e-11	9.71819764222777e-10
ENSMUSG00000066595	2320.18185984733	0.347974092988037	0.0532615565721201	6.53330686114766	6.43331410160863e-11	9.90656531600652e-10
ENSMUSG00000042271	1891.74996127645	-0.293697855578827	0.0449738178925237	-6.53041857110491	6.55861380915883e-11	1.00922726901364e-09
ENSMUSG00000044641	368.386607971172	0.481509219701882	0.0737664922061082	6.52747887694748	6.68859366540767e-11	1.02849105746161e-09
ENSMUSG00000117655	296.946480821444	-0.537627027637757	0.0824239277663119	-6.52270575071399	6.90502444489525e-11	1.06101112909178e-09
ENSMUSG00000003135	1855.43774987901	0.222129583398601	0.0340652083480807	6.52071700630349	6.99720925361205e-11	1.07440696593731e-09
ENSMUSG00000049536	1370.61892335115	-0.25317928446811	0.038898861465534	-6.50865539322886	7.58264454493476e-11	1.16346710365668e-09
ENSMUSG00000030788	4765.96925202399	-0.188702174864901	0.0289949208859859	-6.50811138981608	7.61014818153998e-11	1.16667917118514e-09
ENSMUSG00000120718	1995.80835108643	-0.64952005553505	0.0998029210460913	-6.50802650590844	7.61444851779737e-11	1.16667917118514e-09
ENSMUSG00000004451	1585.03437658025	0.334893020146583	0.0514804175201361	6.50525066187726	7.75639356158402e-11	1.18758020109103e-09
ENSMUSG00000058756	18612.2064131422	-0.23436591633815	0.036049667106822	-6.501195021959	7.96844476862941e-11	1.21917772917604e-09
ENSMUSG00000027858	6559.03509358883	-0.340533980830393	0.0523833361700544	-6.50080742709671	7.98900465294078e-11	1.2214528054133e-09
ENSMUSG00000020876	3082.9218136127	-0.269525252620349	0.0414734245237803	-6.49874602146266	8.0992260823869e-11	1.23742339561934e-09
ENSMUSG00000029304	9020.94542456292	0.493961075047998	0.076013791591866	6.49830859247462	8.12280553120582e-11	1.2401432683703e-09
ENSMUSG00000041324	251.048802110311	1.81216714193041	0.279321017645582	6.48775791097034	8.71231195643764e-11	1.32920034439865e-09
ENSMUSG00000021747	758.58906018388	-0.527895681569687	0.0813970557437718	-6.48543951308804	8.84734895755354e-11	1.34884369831566e-09
ENSMUSG00000054162	5626.17409603142	-0.339982336772125	0.0524282351649633	-6.48471831451858	8.88977152745958e-11	1.35434943653973e-09
ENSMUSG00000020932	158.142216325766	2.47591054581912	0.382087822121012	6.4799514731327	9.17521230461278e-11	1.39684473284268e-09
ENSMUSG00000004980	12708.5598006646	0.132396018626362	0.0204362298855131	6.4784952688468	9.26418359979972e-11	1.40939025622467e-09
ENSMUSG00000066129	914.519824870788	-0.620375494281262	0.0958249613188119	-6.47404899248806	9.541094283411e-11	1.45048958843981e-09
ENSMUSG00000072966	2684.00308734636	-0.514228535120501	0.0794342161186968	-6.47364020502325	9.56695572471794e-11	1.45339187251801e-09
ENSMUSG00000120144	1174.94749487868	0.294734777935087	0.0455294432326928	6.47349840033736	9.57594282571382e-11	1.4537283500479e-09
ENSMUSG00000063851	11.2535025960577	6.29465054254615	0.972487078210168	6.47273437723333	9.62450624336886e-11	1.46006820508944e-09
ENSMUSG00000032360	764.609970156264	-0.54349215466671	0.0840324131265873	-6.46764902309765	9.95393596832742e-11	1.50897732694997e-09
ENSMUSG00000028360	34.8223818666722	1.62144447650496	0.250776319819147	6.46570010148608	1.00830876296293e-10	1.52747748099946e-09
ENSMUSG00000020032	4333.16520681111	-0.323563578015552	0.0500506728982799	-6.46471983849536	1.01486657389138e-10	1.53632763576534e-09
ENSMUSG00000074968	17005.7526291242	-0.490050303389879	0.075821151714795	-6.46324003667509	1.0248452772237e-10	1.55034029040761e-09
ENSMUSG00000025105	71.3242137616956	-1.65119502997495	0.255603851178059	-6.45997711835998	1.04718814007335e-10	1.58302398695877e-09
ENSMUSG00000047586	51.7007838508735	1.10066858425736	0.170447831048497	6.45751006326501	1.06439676464573e-10	1.60790576705737e-09
ENSMUSG00000045349	660.97323309192	-0.573001404770066	0.0887513811934977	-6.45625337954792	1.07326856505798e-10	1.62016758210511e-09
ENSMUSG00000022307	14333.4719398329	-0.390406973521552	0.0605043511185455	-6.45254376427625	1.09988105358011e-10	1.65917404751585e-09
ENSMUSG00000031709	15215.1159005393	0.363955786623212	0.0564099563769906	6.45197780673463	1.10399749591386e-10	1.66421420275891e-09
ENSMUSG00000033597	10939.3883849633	-0.451260635212145	0.0699450567606059	-6.45164442080061	1.1064293937195e-10	1.66670970986545e-09
ENSMUSG00000085151	390.563326791002	-0.406896170348329	0.0631045223351018	-6.44797163961724	1.13356969550839e-10	1.70639600868043e-09
ENSMUSG00000066324	7220.47193926476	0.191372965013369	0.0296812096737764	6.4476133930097	1.13625155916123e-10	1.70923447575017e-09
ENSMUSG00000072694	4153.1183434142	-0.238701098668717	0.0370268534849211	-6.44670222291308	1.14310063271319e-10	1.71833320600989e-09
ENSMUSG00000050786	1191.55268395081	-0.41972807721801	0.0651231514082516	-6.44514382583806	1.15490842455953e-10	1.73486803650069e-09
ENSMUSG00000031137	34994.7706211321	-0.213722111395213	0.0331929809703411	-6.43877425731	1.20442173960029e-10	1.80798021414404e-09
ENSMUSG00000087014	594.218032615426	-0.574510208965764	0.0892520248390781	-6.43694313940338	1.21903573379605e-10	1.82789845101944e-09
ENSMUSG00000121001	502.745898044466	-0.596160474932707	0.0926161054219103	-6.43689855254562	1.21939373048534e-10	1.82789845101944e-09
ENSMUSG00000019590	3698.04501151154	0.248117113026447	0.038573281540355	6.43235688327086	1.2564031327138e-10	1.88206208282167e-09
ENSMUSG00000029145	2258.0710786387	0.213026868338935	0.0331209476519918	6.43178663174886	1.26112691036165e-10	1.88782079901138e-09
ENSMUSG00000052981	5292.33344957661	-0.268599092860131	0.0417740046208242	-6.42981431390552	1.27759917736221e-10	1.91114591925137e-09
ENSMUSG00000130373	288.285559675674	-1.16973638528771	0.181932706150099	-6.42950028084918	1.28024123028847e-10	1.91376450204543e-09
ENSMUSG00000021149	2222.83835119163	0.194668428418642	0.0303153124116381	6.42145546037349	1.34977508453485e-10	2.01630285070459e-09
ENSMUSG00000017386	337.319605650998	0.58917260455941	0.0917584252837469	6.42091015334555	1.3546196592688e-10	2.02213251779305e-09
ENSMUSG00000039037	1642.19888913697	-0.562707892930397	0.087639580844828	-6.42070497720329	1.35644686579924e-10	2.02345298271344e-09
ENSMUSG00000049404	2909.42496439259	-0.422371900304774	0.0657939639079479	-6.41961473693412	1.36619653519568e-10	2.03658158503545e-09
ENSMUSG00000008305	5583.73571932403	-0.278587805801428	0.0433975173918765	-6.41944107737315	1.36775582725478e-10	2.03749108867807e-09
ENSMUSG00000036480	12.7514861469803	5.59741246918285	0.871987795826772	6.41914083657063	1.3704557983891e-10	2.04009737643692e-09
ENSMUSG00000074886	4740.57845366371	0.266302795495084	0.041503971550827	6.41632078917946	1.3960711588789e-10	2.07678887709595e-09
ENSMUSG00000033111	1824.98294654771	-0.192111340645022	0.0299417951864173	-6.41615973420893	1.39754811091984e-10	2.07754624300591e-09
ENSMUSG00000024270	8911.25379821354	0.407117762250931	0.0634903230559867	6.41228052804091	1.43358724256631e-10	2.1296459341819e-09
ENSMUSG00000036523	609.98652699694	-0.427675205838162	0.0667262950525169	-6.40939535907937	1.46097881469892e-10	2.16883618508486e-09
ENSMUSG00000091897	6.58334545262016	6.43068537535699	1.00345049064408	6.40857265536773	1.46888277194889e-10	2.17906272167622e-09
ENSMUSG00000035781	3401.2240604377	-0.176569115922838	0.0275644193620749	-6.40568965387946	1.49691179655784e-10	2.21910971166509e-09
ENSMUSG00000035530	18229.623437755	0.231390137490932	0.0361288228588994	6.40458556855349	1.50778373412023e-10	2.23368430894582e-09
ENSMUSG00000027669	7683.26313051299	-0.351527873745098	0.0548905172724859	-6.40416398337172	1.51195541193332e-10	2.23831964638349e-09
ENSMUSG00000024292	346.653245218716	0.62257869537825	0.0972461409526325	6.40209153061921	1.53262734748539e-10	2.26735896906419e-09
ENSMUSG00000006494	2562.19312654473	-0.228090314118902	0.0356289765413865	-6.40182054777669	1.53535063382444e-10	2.26969225045295e-09
ENSMUSG00000024873	955.14391533586	-0.422969159634591	0.0660711303819293	-6.40172428093155	1.53631922105103e-10	2.26969225045295e-09
ENSMUSG00000038774	1575.05811188621	0.422473142012378	0.0660087862313331	6.40025618001499	1.55116469261887e-10	2.29004823189524e-09
ENSMUSG00000019907	3706.07704345954	0.326208365735322	0.0509748882947753	6.39939343954888	1.55995404164871e-10	2.30144147477878e-09
ENSMUSG00000021868	1283.09012914088	0.332386591168038	0.0519513657518001	6.39803374479179	1.57390509574898e-10	2.32042903745519e-09
ENSMUSG00000028059	926.997774744471	0.786274386966159	0.123036220147588	6.39059283536979	1.65243845109724e-10	2.43453972486296e-09
ENSMUSG00000039257	442.296781021575	-1.09694487166515	0.17169006308106	-6.38909935717856	1.66865617103948e-10	2.45674714454962e-09
ENSMUSG00000029722	3795.9714273334	-0.375045892692481	0.0587035660003185	-6.38880937301911	1.6718230982927e-10	2.45972272981159e-09
ENSMUSG00000063760	1463.68511164407	0.296247495951705	0.0463744911134188	6.38815626520123	1.67897723584604e-10	2.46855653045692e-09
ENSMUSG00000113724	26.7426267642678	1.66789885309333	0.261536483715586	6.37730854754141	1.80227134470074e-10	2.64801893807982e-09
ENSMUSG00000049097	207.044883381254	-0.708761528818431	0.111147843601447	-6.37674565563233	1.80890499425575e-10	2.65594764751668e-09
ENSMUSG00000054204	1091.02366535217	0.949529542937472	0.149024782501858	6.37162173295328	1.87039744035712e-10	2.74435758405372e-09
ENSMUSG00000030245	2933.63945125264	0.204916689628688	0.0321773670026555	6.36834858525799	1.9107426997376e-10	2.80163953501143e-09
ENSMUSG00000115338	555.494754380501	0.756583518478944	0.118814772077222	6.36775634251282	1.9181330518303e-10	2.81055591062042e-09
ENSMUSG00000036430	1876.69284581242	-0.305200766985862	0.0479448584033653	-6.3656620782603	1.94449116207959e-10	2.84723378480221e-09
ENSMUSG00000033981	1008.47957257171	-0.596041230544747	0.0936655301244383	-6.36350672176716	1.97198758905636e-10	2.88552730652241e-09
ENSMUSG00000050565	4738.3878264658	0.178298722406391	0.0280287015305517	6.36129084367473	2.00065202745223e-10	2.9254765954557e-09
ENSMUSG00000001552	15391.2974234177	0.285087870991083	0.0448259762981888	6.35988091134119	2.01910228271501e-10	2.95044585437442e-09
ENSMUSG00000032786	3211.28178180286	0.295367861563578	0.0464494931885015	6.35890386069263	2.03198528253832e-10	2.96725143367127e-09
ENSMUSG00000040734	494.837431568621	0.461801819934966	0.0726323681883799	6.35807190999518	2.04301832381101e-10	2.98038028422734e-09
ENSMUSG00000135546	23.7288842930792	1.65326304720083	0.26002810780985	6.3580166818343	2.04375280834e-10	2.98038028422734e-09
ENSMUSG00000020840	4153.56938426872	0.216446859947486	0.0340441754263023	6.35782354065362	2.04632344016939e-10	2.98210312061617e-09
ENSMUSG00000113768	34.5165009833843	1.39406539579005	0.219279009061897	6.35749587593466	2.05069175310534e-10	2.98644159919669e-09
ENSMUSG00000026872	5546.13438690192	0.311272739342303	0.0489975515197163	6.35282232862287	2.1139983914518e-10	3.07654843870537e-09
ENSMUSG00000059263	5942.65983007771	0.221449585850421	0.0348680727742834	6.35107042720608	2.13821781499787e-10	3.10968723690679e-09
ENSMUSG00000035944	909.285575512793	-0.309701269426158	0.0487804884561963	-6.3488759384659	2.16893851994182e-10	3.15222980833251e-09
ENSMUSG00000024858	15711.8485996733	-0.316944665961667	0.0499249594373025	-6.34842110106664	2.17535953114879e-10	3.15942271283085e-09
ENSMUSG00000036249	1414.97419060093	0.217035940962054	0.0341921306699082	6.34754069751679	2.18784112666094e-10	3.1754021382626e-09
ENSMUSG00000034285	5074.82401354248	-0.209754230532583	0.0330475734460688	-6.34703878863863	2.19498803422781e-10	3.1836225096442e-09
ENSMUSG00000133734	59.5015102300527	1.01872791605368	0.160596228376322	6.34341121428153	2.2473251164424e-10	3.25733159686378e-09
ENSMUSG00000042032	4537.74063450915	-0.233774384452773	0.0368881465605788	-6.33738493932902	2.33697609136609e-10	3.38498844650907e-09
ENSMUSG00000048796	1824.28127443202	0.230527818443947	0.0363812717229404	6.33644200784181	2.35131623984068e-10	3.40346287285368e-09
ENSMUSG00000026220	132.701669314731	-0.860906529628895	0.135883215262729	-6.33563555266438	2.36364901007232e-10	3.41900873653722e-09
ENSMUSG00000025905	127.019558624414	-0.758475103126668	0.119726652178816	-6.33505647509342	2.37254354228632e-10	3.42956361472849e-09
ENSMUSG00000040820	2243.41229017732	-0.351135376871015	0.0554465198100726	-6.33286594133951	2.40648646405305e-10	3.47628791637704e-09
ENSMUSG00000010066	1710.15768392769	-0.481069913890689	0.0759822631239079	-6.33134489698189	2.43033400251099e-10	3.50837590436456e-09
ENSMUSG00000015127	1156.01490675392	-0.361425863688161	0.0571298603959268	-6.32639150845763	2.50960600695786e-10	3.62037651514499e-09
ENSMUSG00000025958	2748.45576594638	0.407431247233871	0.0644641049085566	6.32028084174625	2.61088367405868e-10	3.7639509031124e-09
ENSMUSG00000022244	845.394460248534	-0.3694043190775	0.0584772842438284	-6.3170566802867	2.6659182634397e-10	3.84071150624138e-09
ENSMUSG00000028121	1385.43018897437	-0.40077150673311	0.0634612490512064	-6.31521617876967	2.69784083930133e-10	3.88390760161503e-09
ENSMUSG00000034675	7780.06456988163	0.254364186845483	0.040278599481288	6.31511994262988	2.69952023740316e-10	3.88390760161503e-09
ENSMUSG00000024987	12.3657290713099	2.83103808734411	0.448785859143272	6.30821588886187	2.82270304739116e-10	4.05841551341586e-09
ENSMUSG00000121080	121.727849286974	0.694907138653511	0.110162527535311	6.3080173830504	2.82632478890809e-10	4.06090280580328e-09
ENSMUSG00000074102	3317.43774153977	0.265009276020097	0.042025998086569	6.30584133835934	2.86632549532995e-10	4.11562161088647e-09
ENSMUSG00000041992	4822.14855656286	-0.301717069768505	0.0478748860842007	-6.30219922064892	2.93451634919915e-10	4.21071710908483e-09
ENSMUSG00000040661	2459.21101130335	0.346764927378433	0.0550271750409622	6.30170324244888	2.94392417624225e-10	4.22139454690823e-09
ENSMUSG00000068732	4274.19439446028	0.147112645948497	0.0233531875421277	6.29946750023374	2.98669913631498e-10	4.27987207344041e-09
ENSMUSG00000032228	1798.20191233902	0.337605561921026	0.0536149026566825	6.29686048453446	3.03734420405645e-10	4.3495417401118e-09
ENSMUSG00000021371	1354.92848863637	0.257384082095138	0.0409310970900635	6.28822827613923	3.21109505596171e-10	4.59529109808494e-09
ENSMUSG00000022663	3617.91782554061	-0.217894747164171	0.0346551023373445	-6.28752283121572	3.22571584333925e-10	4.61313899354566e-09
ENSMUSG00000039375	1063.93149603584	-0.447272821399171	0.0711670220739832	-6.28483261438421	3.28207122879455e-10	4.68783287466899e-09
ENSMUSG00000021643	806.784653084047	-0.383531414636706	0.0610250321946497	-6.28482117655207	3.28231287181006e-10	4.68783287466899e-09
ENSMUSG00000039178	4548.72590340253	0.261534342436531	0.0416349651244053	6.28160349492466	3.35098604683396e-10	4.7827304841315e-09
ENSMUSG00000127740	12.3292538281413	3.20118455306566	0.509701567525543	6.2805075695696	3.37469449106816e-10	4.81336823556605e-09
ENSMUSG00000028057	5129.91744552185	0.212090658398032	0.033784601837691	6.27773147710796	3.43548570508057e-10	4.89682178919385e-09
ENSMUSG00000030663	5398.7577660443	0.192512664853307	0.0306691553380617	6.27707749793784	3.44996148545241e-10	4.91419198717461e-09
ENSMUSG00000037151	2539.80881699807	0.278914085591314	0.044455271287085	6.27403854517346	3.51801355063447e-10	5.00780363911934e-09
ENSMUSG00000035517	4398.03188811238	-0.270543930675682	0.0431317418355332	-6.27250185506766	3.55292220137172e-10	5.05414366962527e-09
ENSMUSG00000045174	2184.43326789116	0.295790752336723	0.0471636475950751	6.27158346352352	3.57394631199423e-10	5.0806842075012e-09
ENSMUSG00000061079	620.765003583324	0.304625224495251	0.0485878045198884	6.26958199707417	3.62018617312597e-10	5.14301233569305e-09
ENSMUSG00000002565	748.352116188775	-0.642102889175092	0.102463126938386	-6.26667278621318	3.68844074667649e-10	5.23651250450778e-09
ENSMUSG00000021540	1678.48125742847	0.345891997875756	0.0552170131893841	6.26422868418128	3.74675289396664e-10	5.31578305498268e-09
ENSMUSG00000038903	1599.5789822732	-0.487475611098805	0.0778396072326469	-6.26256514426953	3.786955882792e-10	5.3692731162492e-09
ENSMUSG00000117628	52.3781827206947	1.1268920198778	0.180002117688702	6.26043756788827	3.83898745280081e-10	5.43945245292555e-09
ENSMUSG00000039208	860.480254175429	0.597166223066729	0.095456085596339	6.25592616055935	3.95163692374562e-10	5.59537191326672e-09
ENSMUSG00000057777	954.963482195032	-0.569295203024776	0.0910052935994986	-6.2556273432858	3.95921125691112e-10	5.6012698497601e-09
ENSMUSG00000029406	14879.3084809223	-0.378828188176733	0.060558675577082	-6.25555603002815	3.96102097826136e-10	5.6012698497601e-09
ENSMUSG00000035757	2008.57549137335	-0.21370404917009	0.0341844990857046	-6.25148985317318	4.06555519479981e-10	5.74409847610538e-09
ENSMUSG00000026271	2009.89514067828	-0.479377405293869	0.0766829633487461	-6.25141992900966	4.06737616867613e-10	5.74409847610538e-09
ENSMUSG00000056050	9501.98088235257	0.415729291027917	0.0665219323461856	6.24950713795305	4.11749925218516e-10	5.81106107478018e-09
ENSMUSG00000004270	2305.45931986172	0.229688523799175	0.0367593138178185	6.2484442701386	4.14561088398219e-10	5.8468911455691e-09
ENSMUSG00000030306	17892.8632930491	-0.277700753192019	0.044447558755542	-6.2478291489382	4.16196562866158e-10	5.86610336079116e-09
ENSMUSG00000051339	4944.669739554	0.356162240546987	0.0570069581487641	6.24769768661492	4.16546908763652e-10	5.86718893931794e-09
ENSMUSG00000054499	1794.6845145594	0.249271031865856	0.0399112405586112	6.2456347729856	4.22082404352557e-10	5.9412596012013e-09
ENSMUSG00000029430	13331.6805838899	0.163813352501828	0.026231562723188	6.24489490887332	4.24085152162778e-10	5.96553858212726e-09
ENSMUSG00000074345	233.500376657621	-0.79328576833745	0.127039174778995	-6.24441846160838	4.25379760298831e-10	5.97983099841173e-09
ENSMUSG00000111375	1660.58467457366	0.423393795037658	0.0678164575922195	6.2432307742101	4.28623775560557e-10	6.02149081556474e-09
ENSMUSG00000022533	4347.00718064917	0.364752742136203	0.0584266545700375	6.24291677865904	4.29485442115409e-10	6.02964977138611e-09
ENSMUSG00000062908	3473.09953219584	-0.238897314434381	0.0382877379893654	-6.23952541935842	4.38900431958852e-10	6.15780174668543e-09
ENSMUSG00000091272	117.501122051964	-0.856684558648851	0.137309954868117	-6.23905644329779	4.40218142264863e-10	6.17225515470773e-09
ENSMUSG00000028803	39753.7889065799	-0.404850153637926	0.0648967038816914	-6.23837775144914	4.42131943837317e-10	6.19504197546465e-09
ENSMUSG00000062012	526.389947912463	-0.379514661029764	0.0608420605412566	-6.23770230090116	4.44044667425322e-10	6.21778397322371e-09
ENSMUSG00000026565	1110.29414454048	0.488565163687912	0.0783803684915254	6.23325933636987	4.56828956006077e-10	6.39157945476955e-09
ENSMUSG00000043441	1376.84831524874	-0.381988591595063	0.0612830705986752	-6.23318296331126	4.57051824423333e-10	6.39157945476955e-09
ENSMUSG00000031684	954.656699706087	-0.323782870829656	0.0519501327793708	-6.23257061160447	4.58842602266279e-10	6.41244485693226e-09
ENSMUSG00000026883	6858.13830073666	-0.273680597891546	0.0439124346409308	-6.23241685707966	4.59293320679314e-10	6.41456761333907e-09
ENSMUSG00000019842	497.31235433999	0.352677024197204	0.0565938803901125	6.23171660550811	4.61351520577939e-10	6.43912336848248e-09
ENSMUSG00000032812	3545.55115679397	0.353531287495998	0.0567463188989973	6.23003032364527	4.66344900022625e-10	6.50458715002317e-09
ENSMUSG00000048329	8.11998495353036	6.06802058255781	0.974068506386677	6.229562441216	4.67739705707778e-10	6.51980553423582e-09
ENSMUSG00000034109	3585.96603624535	-0.268114841698716	0.0430440864170894	-6.22884265914561	4.69893403572791e-10	6.54557547118334e-09
ENSMUSG00000031400	3939.51264996858	0.223856101903416	0.0359527560389879	6.22639615334807	4.77286324966835e-10	6.6401516112748e-09
ENSMUSG00000093904	11785.2030480419	-0.152942116127614	0.0245635251522204	-6.22639117064146	4.77301497074304e-10	6.6401516112748e-09
ENSMUSG00000087443	66.5147711358743	1.01900090190371	0.163775700382416	6.22192974613656	4.91076935588726e-10	6.82736884672772e-09
ENSMUSG00000031337	1121.10731828367	0.286707923258169	0.0461013498451473	6.21907870856731	5.00082420416384e-10	6.94807070333858e-09
ENSMUSG00000037949	3931.48421119509	0.201070376529567	0.0323378836661592	6.21779639649029	5.04185176758785e-10	7.00054269359902e-09
ENSMUSG00000037300	1773.45418121717	-0.264511717812463	0.0425486610306119	-6.21668723305202	5.07760424938899e-10	7.04562720215799e-09
ENSMUSG00000068922	1522.28315847488	-0.250428126436714	0.0402854009175868	-6.21634936559334	5.08854405774365e-10	7.05624591366442e-09
ENSMUSG00000001946	938.137492124828	0.519027837145429	0.0835030052108291	6.21567853558064	5.1103330752274e-10	7.08188571935645e-09
ENSMUSG00000030303	1022.51335027583	-0.491698394559419	0.0791271544943832	-6.2140285177868	5.1643149176365e-10	7.15207638851517e-09
ENSMUSG00000119946	20.8963249048184	1.82088472997867	0.293048205058677	6.21360137528936	5.17837970276159e-10	7.16693092839976e-09
ENSMUSG00000033581	214.371688048236	0.850981374173901	0.136966809971899	6.21304806871456	5.19665435471e-10	7.18758907076062e-09
ENSMUSG00000071317	1807.71173273207	-0.425332806536048	0.0684609932820837	-6.21277586177469	5.2056679088125e-10	7.19541966069345e-09
ENSMUSG00000041915	2654.23335741951	0.289026949538067	0.0465334104752115	6.2111705672644	5.25913494081052e-10	7.26464547229335e-09
ENSMUSG00000030083	2486.99682359913	-0.228704447403769	0.0368239109934287	-6.21075929291112	5.27291913241734e-10	7.27900206408171e-09
ENSMUSG00000031652	2575.53436377005	0.316453176351284	0.0509750704450117	6.20799880389868	5.36635593139279e-10	7.40322599121321e-09
ENSMUSG00000040164	3672.82739179013	-0.487336531082985	0.078550153927115	-6.2041448261855	5.49951240036345e-10	7.58205094323711e-09
ENSMUSG00000026778	5950.41628212778	-0.5257441715016	0.0847427680098322	-6.20400045748566	5.50456254104756e-10	7.5841424586731e-09
ENSMUSG00000022802	1530.49355943894	-0.397372726134315	0.0640755840789143	-6.20162471940823	5.58832078032369e-10	7.69460512318334e-09
ENSMUSG00000022747	1978.42273208461	-0.302071825291548	0.0487169666333197	-6.20054667124836	5.62673707220074e-10	7.74253448665776e-09
ENSMUSG00000055320	2307.80297325806	0.482756865862971	0.0778950836117862	6.19752676906975	5.73572859539515e-10	7.88745355725512e-09
ENSMUSG00000127794	23.1040407644658	1.59301890825364	0.257050323666704	6.19730364673331	5.74386254784202e-10	7.89358216722003e-09
ENSMUSG00000001942	1722.02481077317	-0.250864463965787	0.040520326567014	-6.19107705242449	5.9754488089017e-10	8.20658887600024e-09
ENSMUSG00000030200	355.842846105373	-0.626010898039066	0.101187381083369	-6.18664987013836	6.1456256091393e-10	8.43491044282507e-09
ENSMUSG00000059149	331.17897861477	-0.683719972702191	0.110549791694289	-6.18472420638233	6.22111363030757e-10	8.53306231234391e-09
ENSMUSG00000032417	211.485986723486	-0.628712546244649	0.101674819271456	-6.18356197482962	6.26711129834328e-10	8.59066482313134e-09
ENSMUSG00000019146	1231.52074033524	-0.525722023810783	0.0850501134042326	-6.18132066811118	6.35675438424849e-10	8.70798274488054e-09
ENSMUSG00000029819	176.847397531706	3.60225676861384	0.582846599487573	6.18045429411594	6.39174000408606e-10	8.7503246765122e-09
ENSMUSG00000032047	5879.92111507284	-0.243400191883856	0.0393843875767345	-6.18011874399793	6.40534048389613e-10	8.76335492844579e-09
ENSMUSG00000031379	2041.39562617089	-0.189892764893678	0.0307303453696695	-6.17932413740785	6.43766008434657e-10	8.80196250768047e-09
ENSMUSG00000021699	2054.51144331722	-0.445716114656719	0.0721448762995701	-6.17807025970845	6.48898382295232e-10	8.86648801677241e-09
ENSMUSG00000037979	28900.0963901652	0.304380651595415	0.0492728434676804	6.17745253113041	6.51441526099064e-10	8.8955749359049e-09
ENSMUSG00000060098	2603.99385601476	0.233469987196454	0.0377991166079625	6.17659903584289	6.54971309780466e-10	8.93808908820565e-09
ENSMUSG00000024743	17777.7432007961	-0.504124215833534	0.0816515012523096	-6.17409610480707	6.65430571029147e-10	9.07505250172279e-09
ENSMUSG00000021262	7043.06977788831	-0.192490096718411	0.0311797364710596	-6.1735639394219	6.67675301345666e-10	9.09988445630861e-09
ENSMUSG00000049999	489.671644162661	0.398184048449617	0.0645474168751267	6.16886109044368	6.87836203591267e-10	9.36871316388968e-09
ENSMUSG00000030747	1010.57470767458	0.267265489405295	0.0433383779520065	6.16694721941991	6.96209831317402e-10	9.47675348069711e-09
ENSMUSG00000043300	2110.77011826727	0.185359617067859	0.0300852996575456	6.16113580977309	7.22250143659051e-10	9.82498199225931e-09
ENSMUSG00000035342	1382.23259055405	0.442661178069837	0.0718740685824488	6.15884402817753	7.32778520552271e-10	9.96188962772327e-09
ENSMUSG00000046567	911.883848910993	-0.357020844029797	0.0580159877660431	-6.15383548185939	7.56311414404762e-10	1.02753043174763e-08
ENSMUSG00000044628	3059.74299857579	-0.377427907476841	0.061354755038485	-6.15156734372256	7.67209360477839e-10	1.04167717470065e-08
ENSMUSG00000048118	1207.51110509603	-0.3798486146538	0.061757067012502	-6.15069065013894	7.71462612858585e-10	1.04678991451469e-08
ENSMUSG00000040363	1832.31279138663	-0.232973330589709	0.0378856395956289	-6.14938359432076	7.77846492098383e-10	1.05478539478104e-08
ENSMUSG00000027433	1940.875616942	0.338301415776945	0.0550176422216263	6.14896244397702	7.79914415567223e-10	1.0569218967529e-08
ENSMUSG00000042082	3519.37583018368	-0.292876812190673	0.0476341521952329	-6.14846278758758	7.82374773433608e-10	1.05958718526977e-08
ENSMUSG00000032305	2763.22412425673	-0.211350037596905	0.0343850358661808	-6.14657022372856	7.91762778620461e-10	1.07162546064734e-08
ENSMUSG00000051054	14.984245783865	2.18059780328377	0.354801243257875	6.14597001763852	7.94762965676619e-10	1.07482017729295e-08
ENSMUSG00000016757	1423.9499043804	-0.311505926710796	0.0506851782652859	-6.1458978220492	7.95124588438088e-10	1.07482017729295e-08
ENSMUSG00000000827	6482.73833043249	0.233649561518885	0.0380208258537251	6.14530474476775	7.98101352693422e-10	1.07816511245544e-08
ENSMUSG00000038576	4851.62615688173	-0.352875500309049	0.0574512106675458	-6.1421769221025	8.13981200586402e-10	1.09892581457784e-08
ENSMUSG00000048217	8.85358109658684	6.08104962472371	0.990128867331566	6.1416749125923	8.16558421538361e-10	1.10171232411958e-08
ENSMUSG00000036712	3460.77258394368	-0.252099064214755	0.0410656278759637	-6.13893119998568	8.30785358751799e-10	1.12020342405566e-08
ENSMUSG00000084883	840.785459838608	-0.367693561136091	0.059897829618648	-6.13867920552529	8.32104078988155e-10	1.12127722282233e-08
ENSMUSG00000034154	1000.1366326783	0.354057836485439	0.0576966344954624	6.13654227116634	8.43369308338632e-10	1.13574438976142e-08
ENSMUSG00000028152	5745.51795891528	-0.316326765829519	0.0515509021009469	-6.13620233473488	8.45175003223476e-10	1.13746248396208e-08
ENSMUSG00000048249	3705.94929100994	-0.243515075620291	0.0396867318710779	-6.13593168647264	8.46615344654553e-10	1.13868702934553e-08
ENSMUSG00000110937	38.4031016079382	1.23497595782299	0.201383742346868	6.13245112753857	8.65352973842748e-10	1.16316010873566e-08
ENSMUSG00000040124	626.728384648459	0.405378690852587	0.0661335548237988	6.12969757837223	8.80462725923217e-10	1.18272921618697e-08
ENSMUSG00000020340	37187.1935653747	0.301555546250473	0.0492073415143307	6.12826332352563	8.88434622093244e-10	1.19269153207339e-08
ENSMUSG00000031297	396.755936728213	0.824613736941424	0.134580276478145	6.1273000659598	8.93828082625281e-10	1.19918210135214e-08
ENSMUSG00000017057	1029.56571996201	0.609066302202123	0.099473652250103	6.12289071955225	9.18927226893173e-10	1.23208568722604e-08
ENSMUSG00000033323	1034.87175807465	0.277570827855564	0.0453439910141091	6.12144678154147	9.27294906838602e-10	1.24252886830196e-08
ENSMUSG00000121477	1284.99577157747	0.30246455179053	0.0494338018103439	6.11857758686972	9.44143106556188e-10	1.26431540395104e-08
ENSMUSG00000021573	1432.69924907964	-0.526240007462592	0.086071308491521	-6.11400031770671	9.7164111445299e-10	1.29990846359198e-08
ENSMUSG00000049107	35.5803209428129	-1.63624941936947	0.26762548088296	-6.11395228126669	9.71933794868691e-10	1.29990846359198e-08
ENSMUSG00000026988	892.986986281897	-0.332024056641748	0.0543144425504323	-6.11299759421181	9.77768456502859e-10	1.30648749921247e-08
ENSMUSG00000026156	412.344283630659	-0.436340962179528	0.0713797884607832	-6.11294837920763	9.78070162691903e-10	1.30648749921247e-08
ENSMUSG00000038280	3595.25448886305	-0.22799986844335	0.0372985546304865	-6.11283388061881	9.78772432743738e-10	1.30661250256698e-08
ENSMUSG00000030844	8979.66046868486	-0.30943998626596	0.0506444536767269	-6.1100468817607	9.96018770567253e-10	1.3288091316965e-08
ENSMUSG00000000567	187.132307968268	1.40468969939139	0.22993284790021	6.10913017526327	1.0017559737215e-09	1.33563315105004e-08
ENSMUSG00000016386	2830.33958202672	-0.286938946287326	0.0469764029761425	-6.108150648168	1.00792195144503e-09	1.34302002543259e-08
ENSMUSG00000029174	2024.56329646602	-0.444592956618757	0.072801749751117	-6.10689932781368	1.01585268385307e-09	1.35274774885793e-08
ENSMUSG00000034902	11724.0961371786	-0.303400648058762	0.0496887295849887	-6.10602546277257	1.02142719605402e-09	1.35932772414728e-08
ENSMUSG00000042524	4138.98061818236	0.257345091827377	0.0421666029935675	6.10305487180541	1.04060096996803e-09	1.38398639537383e-08
ENSMUSG00000068699	778.659589375151	1.54241875505249	0.253297754901937	6.0893502812515	1.13369828989599e-09	1.50687105206857e-08
ENSMUSG00000057614	7359.93041989231	-0.278524197571093	0.0457412920202381	-6.08911959565683	1.13533286670575e-09	1.50810985870704e-08
ENSMUSG00000020623	275.712141218374	-0.56596379940968	0.0929659402624867	-6.08786183210429	1.14428554251676e-09	1.51832883631259e-08
ENSMUSG00000100486	10.0626571086199	3.23778641775309	0.531844848504512	6.0878401414574	1.14444053720012e-09	1.51832883631259e-08
ENSMUSG00000026994	353.069733337846	0.6658009383999	0.109417877792203	6.08493741456341	1.16536823559052e-09	1.54513863775084e-08
ENSMUSG00000027983	471.015532697514	-0.383279444028383	0.062994608635971	-6.08432137809209	1.16985740859215e-09	1.55013327980488e-08
ENSMUSG00000052419	2917.63405620188	0.251604401031586	0.0413705801150415	6.08172281684073	1.18897986976591e-09	1.57449980779735e-08
ENSMUSG00000020919	3338.54397296283	0.263450465419771	0.0433699270724253	6.07449638962555	1.24377433941742e-09	1.64604562083442e-08
ENSMUSG00000038859	1872.46547684184	-0.461252454617104	0.0760344875982217	-6.06635842743407	1.3084295533462e-09	1.73054521208438e-08
ENSMUSG00000022912	1146.68436754763	0.777296473769411	0.128134411880745	6.06625856676848	1.3092429354394e-09	1.73055473227476e-08
ENSMUSG00000041653	234.081362919333	-0.629782123755327	0.103820330041402	-6.06607707280627	1.3107224967508e-09	1.73144425324631e-08
ENSMUSG00000078794	2063.3139078891	-0.271108039192846	0.0447037562734182	-6.0645471833438	1.32325929093124e-09	1.74693013155781e-08
ENSMUSG00000016534	24531.9663026977	0.136491502484132	0.022513673996214	6.06260455344096	1.33934685616034e-09	1.76708172184006e-08
ENSMUSG00000056632	9.0985930316193	5.97767073269353	0.986087537413149	6.06200819490635	1.34432363320766e-09	1.77255842201693e-08
ENSMUSG00000049086	1665.99640367457	-0.278648707655616	0.0459702133578971	-6.06150564249552	1.34853156407069e-09	1.7770152580934e-08
ENSMUSG00000053950	1252.22648181884	0.296072383242393	0.0488457813458444	6.0613706052955	1.34966443319601e-09	1.77741697687027e-08
ENSMUSG00000034928	6708.63417736797	0.246953917980659	0.0407534422002657	6.05970697559994	1.3636974818843e-09	1.79412884714929e-08
ENSMUSG00000056708	377.905424423639	0.845181402288469	0.139476514350433	6.05966822604244	1.36402603118775e-09	1.79412884714929e-08
ENSMUSG00000021831	3073.98442758548	0.335389652771707	0.0553551314918203	6.05887193712595	1.37079470562682e-09	1.80192768836407e-08
ENSMUSG00000020262	4757.9490945348	0.458631860723758	0.0757126776294111	6.05753058911233	1.38227062620215e-09	1.81590093403032e-08
ENSMUSG00000051615	6200.9505771862	0.202643741485748	0.0334554001107066	6.05713101069434	1.38570729032548e-09	1.8192035296016e-08
ENSMUSG00000043372	228.085547340141	-0.53897678612197	0.0889835077109301	-6.05704135504388	1.38647953714163e-09	1.8192035296016e-08
ENSMUSG00000074890	600.099082945731	0.350079383925207	0.0578167716483023	6.05497979123998	1.40435293749342e-09	1.84152963691105e-08
ENSMUSG00000033569	1089.15203807728	-0.382603047104635	0.0632670838300674	-6.04742662285953	1.47177660792654e-09	1.92876414320825e-08
ENSMUSG00000046623	19.6298786842891	2.22220118232521	0.367498715500357	6.04682707339437	1.47726166040392e-09	1.93477112887313e-08
ENSMUSG00000069520	3082.3821812849	-0.228333910496501	0.0377671102270276	-6.04584012713518	1.48633428174795e-09	1.94546656658545e-08
ENSMUSG00000028068	326.485425763289	-0.580813113326109	0.0961331573272923	-6.04175634582237	1.52445561150635e-09	1.99414772435071e-08
ENSMUSG00000039860	1573.31625454692	-0.423443092048233	0.0700945049917402	-6.04103120634251	1.53132355438923e-09	2.00191177944697e-08
ENSMUSG00000031492	600.767528050282	-0.85989839983269	0.142350623432183	-6.04070694669176	1.53440443154431e-09	2.00471853484663e-08
ENSMUSG00000074738	1883.31018866261	-0.255467807222693	0.0422933088897841	-6.04038354833951	1.5374831418223e-09	2.00751904637211e-08
ENSMUSG00000046982	1463.36438694665	0.329179391447637	0.0545145366779273	6.03837822913976	1.55670836104752e-09	2.03138612025813e-08
ENSMUSG00000019124	12318.4123977753	-0.268337830393699	0.0444629240662875	-6.03509184401925	1.58872301378094e-09	2.07190329367082e-08
ENSMUSG00000038459	1399.51344913074	0.29245725922154	0.0484768100780669	6.03293118401494	1.61011994752971e-09	2.09853277435778e-08
ENSMUSG00000027646	3341.53343003033	0.259063484441586	0.0429550141869088	6.03104176183789	1.62906078679911e-09	2.12193075542656e-08
ENSMUSG00000048070	65899.4112347354	-0.254305028255588	0.0421893670521052	-6.02770427775114	1.66304984455473e-09	2.16488950656227e-08
ENSMUSG00000000374	5817.44454981044	-0.304145129089763	0.050480312125251	-6.02502473311026	1.69083765200907e-09	2.19972854775919e-08
ENSMUSG00000039058	4679.23248178093	-0.270871781342529	0.0449788006842718	-6.02220995717317	1.72051505263145e-09	2.23698219986594e-08
ENSMUSG00000054679	632.786651976289	-0.360041308965601	0.0597904121354725	-6.02172315102667	1.72569888670712e-09	2.24236394080237e-08
ENSMUSG00000026322	686.849059878601	-0.688982195361219	0.114446708075479	-6.02011370136419	1.74294593883203e-09	2.26340456884262e-08
ENSMUSG00000022516	2546.43800470562	-0.266712353424924	0.0443089738247395	-6.01937554410271	1.75091219177592e-09	2.2723749158804e-08
ENSMUSG00000039756	1674.96164931534	0.241553364143351	0.0401303441663771	6.01921984874814	1.75259699386854e-09	2.27318713416206e-08
ENSMUSG00000045007	2551.65820708137	-0.218894083405335	0.036367101859985	-6.01901367472412	1.75483046416133e-09	2.27470958597145e-08
ENSMUSG00000038838	1049.98664832176	-0.301046125859933	0.0500199184517403	-6.01852492323404	1.76013616450337e-09	2.28021019355639e-08
ENSMUSG00000024302	5826.70563771248	0.327353854286273	0.0544606008087752	6.01083809992648	1.84566656268813e-09	2.389570472537e-08
ENSMUSG00000040711	3904.49075118545	0.403706072022627	0.0671687671354933	6.01032428075192	1.85152596657134e-09	2.39571165752986e-08
ENSMUSG00000041231	4573.73602516493	-0.211021415572936	0.0351211024231683	-6.0083938434043	1.8737023596907e-09	2.42294547307955e-08
ENSMUSG00000113506	45.3379994999658	1.31658773577261	0.219135713171582	6.00809296082986	1.8771820559865e-09	2.42598374556328e-08
ENSMUSG00000061603	34609.0876880707	0.498842565832491	0.0830307366750227	6.00792653189301	1.87910950447632e-09	2.42701351522797e-08
ENSMUSG00000032184	2032.41279050093	-0.233829811523898	0.0389222793259573	-6.00760838196742	1.88279943334407e-09	2.43031705569235e-08
ENSMUSG00000019763	908.219824929912	0.246806516700497	0.041112054464503	6.00326400407925	1.93389780827274e-09	2.49477466059992e-08
ENSMUSG00000091345	79.0817927383984	2.07536029717196	0.345742003816157	6.00262702901295	1.94150255690893e-09	2.50308071391034e-08
ENSMUSG00000024026	13126.2410079403	0.155623084000539	0.0259332963566752	6.00089868484775	1.96228407353787e-09	2.52835473724873e-08
ENSMUSG00000017132	3543.08691150052	-0.243866388610106	0.0406405044796662	-6.0005748386347	1.96620201848625e-09	2.53188317509453e-08
ENSMUSG00000002031	3053.09008662403	-0.182794022530029	0.0304671833606256	-5.99970205208609	1.97679912143623e-09	2.54400299404977e-08
ENSMUSG00000114278	2220.84529616826	0.244749656868142	0.0407945952769044	5.99956085375616	1.97851872872842e-09	2.54469041527167e-08
ENSMUSG00000134746	8.328909333317	3.68430833820126	0.614183574610049	5.99870867686499	1.98892808894187e-09	2.55654672797762e-08
ENSMUSG00000034586	5915.70424405856	0.24308405399146	0.0405318286312687	5.99736212749923	2.00548507413332e-09	2.57628621192973e-08
ENSMUSG00000031812	34203.0893301786	0.17406624774669	0.0290368810706117	5.99466062912874	2.03910824570709e-09	2.61791253602562e-08
ENSMUSG00000025475	340.504692320124	-0.619292267721327	0.103315071044496	-5.99421034569688	2.04476566779609e-09	2.62360668409509e-08
ENSMUSG00000066643	1800.87039683715	-0.238583258733994	0.0398287166581771	-5.99023214284289	2.09541722402353e-09	2.68699080829684e-08
ENSMUSG00000076441	6047.80539542008	-0.315363834345011	0.0526507548870914	-5.98973053703224	2.10188994076157e-09	2.69368175930674e-08
ENSMUSG00000022841	27473.3029174091	0.118974304842081	0.0198678544786159	5.98828147096281	2.120698279772e-09	2.71616403780344e-08
ENSMUSG00000022756	756.937483907835	-0.433081981811768	0.0723294984923285	-5.98762594569492	2.12926052006878e-09	2.72427005011566e-08
ENSMUSG00000039621	2684.75349361735	-0.410319646119757	0.0685282023778944	-5.98760264944752	2.1295654262993e-09	2.72427005011566e-08
ENSMUSG00000112143	168.361375316594	-0.548360071965303	0.0915895571476706	-5.98714623197902	2.13554770203248e-09	2.73029582917386e-08
ENSMUSG00000070305	838.10031018531	0.342163616160815	0.0571566736912529	5.98641582974375	2.14515518060974e-09	2.74094649446243e-08
ENSMUSG00000035245	1195.18431174901	0.329124481188029	0.0549842026048351	5.985800749961	2.15327839155763e-09	2.74968911083736e-08
ENSMUSG00000048007	322.748540102375	0.501458808343512	0.0837872927453412	5.98490286429972	2.16519037591021e-09	2.76325663551061e-08
ENSMUSG00000057378	492.292193207172	0.532168653777211	0.088959579299717	5.9821399557687	2.20224915448109e-09	2.80888177956573e-08
ENSMUSG00000021171	4593.89269493851	0.214739704063295	0.035935685398177	5.97566740925967	2.29150082460734e-09	2.92098317702025e-08
ENSMUSG00000042529	2015.5645732171	-0.466790589148499	0.0782082644384116	-5.96855834227203	2.39359058108958e-09	3.04930655273999e-08
ENSMUSG00000034098	2103.4006292477	-0.357904653092811	0.059970379433543	-5.96802382231762	2.40144314003195e-09	3.05749575586749e-08
ENSMUSG00000028228	15053.2007180676	-0.422667341190208	0.0708311024123654	-5.96725628706889	2.41276279450615e-09	3.0700869085281e-08
ENSMUSG00000021368	1778.82207413895	-0.221294268165338	0.0370887466560721	-5.96661489312172	2.4222619555223e-09	3.08034805315413e-08
ENSMUSG00000002257	1671.00991418788	-0.267721749506418	0.0448730596181899	-5.96620225552646	2.42839243844659e-09	3.08631569471253e-08
ENSMUSG00000035498	23.927381448864	1.96263424553984	0.328997440204849	5.96550004862596	2.4388597584428e-09	3.09778482690729e-08
ENSMUSG00000042594	740.912239607487	0.451654892780034	0.0757187099508043	5.96490475172492	2.44776785111741e-09	3.10726106990457e-08
ENSMUSG00000027748	320.94516163311	-0.660930762621416	0.110878655715348	-5.96084754416743	2.509329995998e-09	3.18352705047831e-08
ENSMUSG00000032609	1545.50944179364	-0.512789197464101	0.0860376868367197	-5.96005327801595	2.52155708829543e-09	3.19714970214706e-08
ENSMUSG00000022265	7687.71213628387	-0.211939877393164	0.0355693905622696	-5.95849054602527	2.54578372458827e-09	3.22596183187791e-08
ENSMUSG00000021929	5501.81453281827	0.226032549970009	0.0379422360060539	5.95728069199571	2.5646953300501e-09	3.24800884689413e-08
ENSMUSG00000029513	604.272309169404	0.462348359962382	0.0776353764357685	5.95538247109428	2.5946430677501e-09	3.28399811865116e-08
ENSMUSG00000042873	26005.8655466277	-0.354936320709813	0.0596146361842617	-5.95384528746846	2.61914413257537e-09	3.31305527105851e-08
ENSMUSG00000025218	808.110126993372	-0.270678900429028	0.045469886116381	-5.95292672904921	2.63389236795063e-09	3.32974873795219e-08
ENSMUSG00000032890	17173.3835522931	-0.32011598649747	0.0537875595730601	-5.95148746361422	2.65716378021796e-09	3.35719115398226e-08
ENSMUSG00000050751	3111.41683864497	-0.27873321954851	0.0468378851701746	-5.95102060086184	2.66475538165455e-09	3.36480229544685e-08
ENSMUSG00000003273	2740.7262722141	-0.208697436825448	0.0350782614577474	-5.94948062283043	2.68994683699328e-09	3.39461486201632e-08
ENSMUSG00000043668	976.750443985541	-0.48575159855202	0.0816899666961886	-5.94628224490002	2.7430101691175e-09	3.45954502293044e-08
ENSMUSG00000051703	574.0654216855	0.337577155121078	0.0567721796004904	5.94617218321775	2.74485419495852e-09	3.45983794180737e-08
ENSMUSG00000035941	1474.5798712803	0.254442817399134	0.0427927844603695	5.94592804856561	2.7489488530775e-09	3.46296573240385e-08
ENSMUSG00000007891	27081.2126330282	0.165294798676153	0.027800319922564	5.94578764332825	2.75130644155595e-09	3.46390287826627e-08
ENSMUSG00000121096	873.453377277901	-0.33463012659034	0.0562828702146729	-5.94550571628633	2.75604631492238e-09	3.46771115484299e-08
ENSMUSG00000044033	4031.40638516406	-0.64591372532358	0.108640633889365	-5.94541565342256	2.75756216403475e-09	3.46771115484299e-08
ENSMUSG00000028972	14.3973647767786	5.34219506930052	0.898652412061316	5.94467337715888	2.77008638374253e-09	3.48142121272934e-08
ENSMUSG00000070002	730.651142234534	0.289962115840248	0.0487805343604977	5.94421770162195	2.77780229143193e-09	3.48907571608413e-08
ENSMUSG00000031673	7987.11830361418	-0.332132615208928	0.0558852342003342	-5.94311932232973	2.79648716398975e-09	3.51049084574292e-08
ENSMUSG00000022098	953.36871364926	0.879176210834739	0.147947730046113	5.94247853995945	2.80744418137124e-09	3.52218566904237e-08
ENSMUSG00000040610	5443.05928003794	-0.25630363797541	0.0431406141938876	-5.94112167303646	2.83078400737753e-09	3.54939307840923e-08
ENSMUSG00000055862	843.826133375349	-0.364504281791619	0.0613688326308588	-5.9395668153598	2.85776188232204e-09	3.58112764541302e-08
ENSMUSG00000034990	486.669452789686	-0.605928255119203	0.102030083099525	-5.938721568306	2.87253238775044e-09	3.59753676986294e-08
ENSMUSG00000024145	321.841954817587	-0.418141577255532	0.070413884720192	-5.93833984472135	2.87922726526244e-09	3.6038188032725e-08
ENSMUSG00000048355	812.821639182911	0.501281017589032	0.0844234284098705	5.93770031649679	2.89047772851395e-09	3.61579224477159e-08
ENSMUSG00000074671	986.177596465778	-0.432588791137223	0.0728610973913498	-5.93717095439439	2.8998225407103e-09	3.62536928706391e-08
ENSMUSG00000034744	4323.62374304597	-0.19543815285817	0.0329202076123933	-5.9367229745111	2.90775369187088e-09	3.63316884456928e-08
ENSMUSG00000069206	1201.26463254131	0.271602144916631	0.0457519117349195	5.93641084311969	2.91329222805065e-09	3.63797155132841e-08
ENSMUSG00000061578	1951.75248206545	-0.546416134870144	0.0920712039976838	-5.93471260443047	2.94360665566772e-09	3.67368956224205e-08
ENSMUSG00000072188	7.12217049919718	5.82916087879568	0.982842958997552	5.93091788004578	3.01245859801898e-09	3.75743383295035e-08
ENSMUSG00000020956	561.794032976395	-0.345434225151119	0.0582571795095526	-5.92947046285474	3.03913172909154e-09	3.78850184068984e-08
ENSMUSG00000048218	1702.51520391632	-0.42039833148866	0.0709015224430636	-5.92932728385705	3.04178270890989e-09	3.789605782325e-08
ENSMUSG00000121309	695.115600617409	0.461226348296525	0.077817472842617	5.92702810112246	3.08466205877102e-09	3.84079789753936e-08
ENSMUSG00000001630	2796.19028020178	-0.235114547785749	0.0396698695993978	-5.92677894230632	3.0893440201711e-09	3.84439760794161e-08
ENSMUSG00000020069	1286.44498080169	0.229240514549984	0.0386886030058885	5.92527247662813	3.11779986702246e-09	3.87756036764218e-08
ENSMUSG00000029821	587.776609589434	-0.343360487734834	0.0579922335041537	-5.92080123470743	3.20376882544975e-09	3.98217148854107e-08
ENSMUSG00000029674	15889.3533753128	-0.278728489780403	0.0470770389132847	-5.9206886459834	3.20596309775523e-09	3.98259281576469e-08
ENSMUSG00000025190	13088.4234231779	0.30612021399261	0.0517185407285584	5.91896464363261	3.23974595473582e-09	4.02223173304564e-08
ENSMUSG00000049530	175.804101399178	-0.658625817063628	0.111300605516901	-5.91754028654963	3.26791832676387e-09	4.05344768513441e-08
ENSMUSG00000072844	61.9559575681727	1.73102236445931	0.292526838424494	5.91748221729785	3.26907192481273e-09	4.05344768513441e-08
ENSMUSG00000010358	1121.98301496236	0.587811125658998	0.0993359189644245	5.91740763851505	3.27055408117619e-09	4.05344768513441e-08
ENSMUSG00000078453	491.895913723418	0.445805400448328	0.0753759623233285	5.91442399814447	3.33038970896195e-09	4.12522478318392e-08
ENSMUSG00000029650	229.224156570756	0.520478171183779	0.0880489226770168	5.91123838156442	3.39545221008913e-09	4.20338968522338e-08
ENSMUSG00000000627	7842.2290812389	0.337230574709549	0.0571046347052649	5.9054851931039	3.51610367808704e-09	4.35024101174735e-08
ENSMUSG00000016763	695.034745075914	0.854196392215813	0.144691318936876	5.903577343078	3.55702747966009e-09	4.39833824184237e-08
ENSMUSG00000022321	705.475551021216	-0.605863436414004	0.102644731642171	-5.90252832971596	3.57972622629748e-09	4.42385740781242e-08
ENSMUSG00000020231	2754.18362936186	-0.253490690544294	0.0429496085083396	-5.90204892077358	3.59014665311221e-09	4.43332366219786e-08
ENSMUSG00000031480	238.127177051094	0.459716508503348	0.0778923343051962	5.90194802356412	3.59234351188044e-09	4.43332366219786e-08
ENSMUSG00000026110	3617.51108520682	-0.427621586472223	0.0724550104905794	-5.90189116773122	3.59358202376981e-09	4.43332366219786e-08
ENSMUSG00000038637	301.179970981058	-0.428675259932506	0.0726512242663009	-5.90045473096517	3.62501073615245e-09	4.46952788410388e-08
ENSMUSG00000040502	1517.58441816939	-0.255241423491324	0.0432598990211329	-5.90018537414145	3.63093388335139e-09	4.47426100688984e-08
ENSMUSG00000042650	4222.80985923666	0.271558699198501	0.0460335428576766	5.8991483674869	3.65382570588357e-09	4.49988655206522e-08
ENSMUSG00000057522	10848.1549467776	0.20128041465588	0.0341251639297239	5.89829883514668	3.6726836859366e-09	4.5205176606832e-08
ENSMUSG00000053825	3422.48811351906	0.287513106218908	0.0487511552354593	5.89756498754279	3.68904993010011e-09	4.5380599312051e-08
ENSMUSG00000041923	324.001301059553	-0.4946094980839	0.0838734754739769	-5.89709077022044	3.69966364654553e-09	4.54850972719051e-08
ENSMUSG00000020397	1277.51849971767	0.207008128184643	0.035112536429821	5.89556179168052	3.73408736646083e-09	4.58578437258774e-08
ENSMUSG00000024091	8856.25793890384	0.143441836319534	0.0243305085039513	5.89555439403328	3.73425467403493e-09	4.58578437258774e-08
ENSMUSG00000026888	1988.74720778247	-0.324555876363532	0.0550747016424322	-5.89301197618252	3.79218911117344e-09	4.65426709322179e-08
ENSMUSG00000052026	178.495440641811	-0.838249147670079	0.142283106677944	-5.89141724018891	3.82897409685398e-09	4.696729026461e-08
ENSMUSG00000024843	4235.85333835973	0.357080811527695	0.0606311193485464	5.88939830510083	3.87604234005271e-09	4.75174899323651e-08
ENSMUSG00000017715	7349.85893587318	0.195572834141968	0.033223397519999	5.88659946726525	3.9422253845014e-09	4.83012120924165e-08
ENSMUSG00000015087	6397.09814655911	-0.174720882289708	0.0296815977915139	-5.88650528576536	3.94447148038787e-09	4.83012120924165e-08
ENSMUSG00000030088	786.166557514675	0.3327230712019	0.0565266878671477	5.88612359499791	3.9535870266426e-09	4.83852332462429e-08
ENSMUSG00000026701	5116.39203461335	0.251360350487329	0.0427052123717507	5.88594076758654	3.95796057400457e-09	4.84111576533231e-08
ENSMUSG00000021340	1075.70472844541	0.527356515646987	0.0896189055852107	5.88443378328885	3.99419006782694e-09	4.88264715239027e-08
ENSMUSG00000047181	15166.6452845865	-0.209828042853544	0.0356592876160704	-5.88424662636786	3.99871198856631e-09	4.88419683420846e-08
ENSMUSG00000001248	3318.33533111538	0.322381567390567	0.0547877282384324	5.88419300737539	4.00000840144343e-09	4.88419683420846e-08
ENSMUSG00000029326	1680.44690605461	-0.289578316183335	0.0492485723641031	-5.87993320988949	4.10432059889656e-09	5.00871779283192e-08
ENSMUSG00000022208	10766.9944168366	-0.319183229802623	0.0543167454050447	-5.87633201183992	4.19456645683988e-09	5.1159411115071e-08
ENSMUSG00000030329	903.400338020363	-0.482398963571174	0.0820963275407688	-5.87601148579535	4.20269178140114e-09	5.12294047584082e-08
ENSMUSG00000040724	23160.6201350669	-0.47414052557583	0.0806927947347978	-5.87587190571506	4.20623491777217e-09	5.12396031310727e-08
ENSMUSG00000062901	3817.77021870007	0.29643909600868	0.0504509300559534	5.87579050931091	4.20830244666361e-09	5.12396031310727e-08
ENSMUSG00000029108	4461.69651919821	-0.448236124412	0.0763139162329123	-5.87358304406722	4.26475236450088e-09	5.1897491075043e-08
ENSMUSG00000042303	2188.43972070976	-0.232892533885025	0.0396596363098648	-5.87228112898997	4.29839006645672e-09	5.22771904626402e-08
ENSMUSG00000049493	1213.95993222758	-0.439911575588626	0.0749255598167584	-5.87131516487158	4.32351449085874e-09	5.25529796493622e-08
ENSMUSG00000020007	11.2002104944733	5.14991127789255	0.877265601535501	5.87041287026247	4.34711195532973e-09	5.28099067533153e-08
ENSMUSG00000028078	3177.71309431964	-0.285966377992475	0.0487271152314677	-5.86873195004574	4.39140730398472e-09	5.33178445629729e-08
ENSMUSG00000035121	192.726122032164	-0.51467094428921	0.0877260206419709	-5.86679916087491	4.44288288328508e-09	5.391233689802e-08
ENSMUSG00000030852	4651.12382828167	-0.306028795360027	0.0521675534451976	-5.86626696384204	4.45715957556626e-09	5.40550211576866e-08
ENSMUSG00000121583	3177.63130681411	-0.203295390901051	0.0346586186214456	-5.86565186343748	4.47371585289516e-09	5.4225174759033e-08
ENSMUSG00000024948	1857.78031174022	-0.394760811143082	0.0673407563674895	-5.86213806374268	4.56944832701049e-09	5.53542764038415e-08
ENSMUSG00000030726	722.229090955426	0.319687658116628	0.0545399114908753	5.86153606373403	4.58604845304611e-09	5.55240361495137e-08
ENSMUSG00000027207	1281.144570193	-0.224978096831018	0.0383952581225281	-5.85952817697072	4.64184123617842e-09	5.61678489153359e-08
ENSMUSG00000006575	16806.2312184695	0.177436792963609	0.0302898060335401	5.8579705913974	4.68557596920774e-09	5.66651119746555e-08
ENSMUSG00000032313	141.639057792732	-0.746811875769363	0.127532636838738	-5.85584909307323	4.74579008915435e-09	5.73609966519073e-08
ENSMUSG00000032114	916.996676623331	-0.334383848598427	0.0571537065859935	-5.85060652357364	4.89783659382848e-09	5.91654250552179e-08
ENSMUSG00000049612	1048.71696018987	-0.474427066059289	0.0810922590695556	-5.85046059269796	4.90213601685014e-09	5.91840560954472e-08
ENSMUSG00000062098	6931.94133513072	-0.270429829425072	0.0462751687075626	-5.84395123730532	5.0976955805704e-09	6.15104740486364e-08
ENSMUSG00000027479	14263.5605273875	0.167045875523474	0.0285905144592507	5.84270268244245	5.13606375902466e-09	6.19186394857846e-08
ENSMUSG00000013076	10094.6673256761	0.22934772297707	0.0392539716125188	5.84266288366925	5.137291387505e-09	6.19186394857846e-08
ENSMUSG00000030854	417.777047814306	0.532498882050794	0.0911581216387677	5.84148589810711	5.17372589609715e-09	6.2322783437498e-08
ENSMUSG00000055430	16126.5021070276	-0.206024986878085	0.0352707176768961	-5.84124737028077	5.18114028962317e-09	6.23770933578525e-08
ENSMUSG00000029228	480.717051427633	-0.5084355304224	0.0870991536878248	-5.83743364768736	5.30109947019713e-09	6.37855388045132e-08
ENSMUSG00000042225	235.64391428337	0.604884606206279	0.103702927508548	5.83285950299159	5.44854447349798e-09	6.5522944351881e-08
ENSMUSG00000020524	1071.06179023986	-0.523383814288988	0.0897380787901057	-5.83234922505044	5.46523828847012e-09	6.56869009520155e-08
ENSMUSG00000038122	1135.45647046739	-0.332687520842961	0.0570493286858106	-5.83157643581014	5.4906149815829e-09	6.59549754866584e-08
ENSMUSG00000021948	20512.862423462	-0.322767778622031	0.0553630168458548	-5.83002511443156	5.54190345430693e-09	6.65338364374455e-08
ENSMUSG00000039059	203.362423412188	-0.615171029107259	0.105554060796197	-5.82801859508776	5.60893301162043e-09	6.7300925672132e-08
ENSMUSG00000022296	1516.32092320833	0.256912151326331	0.0440882209101613	5.82722881582911	5.63553203560355e-09	6.7582307640372e-08
ENSMUSG00000086754	95.0325216407258	0.795886556660329	0.136593987292089	5.82665878958804	5.65480618923344e-09	6.77755832820129e-08
ENSMUSG00000020412	1382.44323485485	0.328792798739692	0.0564457801746991	5.82493142484845	5.71360556502928e-09	6.84421077337715e-08
ENSMUSG00000043323	1245.14653556493	0.267305634694114	0.0458954469806299	5.82422990252016	5.73765478722692e-09	6.86918559189141e-08
ENSMUSG00000041329	5313.66686712181	0.639003292426185	0.10974648226893	5.82254008707388	5.79598914931297e-09	6.93515624744438e-08
ENSMUSG00000038286	796.175194807502	-0.294227571324169	0.0505502197797894	-5.82050033819644	5.86717243889284e-09	7.01641914057235e-08
ENSMUSG00000043391	9811.82483013995	-0.292601211376335	0.0502806298084242	-5.81936249587931	5.90724970216282e-09	7.05747884120067e-08
ENSMUSG00000044647	4810.64368524351	-0.453285328494403	0.0778929245065433	-5.8193389369573	5.90808230580341e-09	7.05747884120067e-08
ENSMUSG00000035086	7511.1827260942	0.125921263181884	0.0216393279065645	5.81909307560727	5.91677818783131e-09	7.0639355161283e-08
ENSMUSG00000036304	927.958259115914	-0.680216374992734	0.116928786069029	-5.81735599813008	5.97857268538896e-09	7.13374326095384e-08
ENSMUSG00000021203	935.045656616264	0.304702513697218	0.0524018416221055	5.81472910617479	6.07321548677753e-09	7.24264686884258e-08
ENSMUSG00000033174	6164.00197321735	-0.244498839643888	0.0420516482764892	-5.81425103806419	6.09059557735637e-09	7.25934062540432e-08
ENSMUSG00000041135	572.099246957427	0.35122499717652	0.0604324492930944	5.81186103302046	6.17821191899892e-09	7.35968352126697e-08
ENSMUSG00000025171	1509.73460544455	0.263554452491617	0.0453707793189764	5.80890292050559	6.28835370196681e-09	7.4867332538225e-08
ENSMUSG00000031104	996.719561318158	0.382716782588019	0.0658972321422434	5.80778236272353	6.33057313683354e-09	7.53282056293064e-08
ENSMUSG00000021118	397.204309538348	0.380936255768308	0.0655940612858838	5.80748086489177	6.34197970874824e-09	7.54221254448697e-08
ENSMUSG00000045414	2412.46751376506	-0.3489399912958	0.0600978796588659	-5.80619471562875	6.39086354842995e-09	7.59613936492787e-08
ENSMUSG00000103313	33.510628439531	1.25646474985549	0.216408745832396	5.80597953665236	6.39907775809427e-09	7.60169358911188e-08
ENSMUSG00000020189	5608.62228179879	0.312752895787119	0.0538721157309454	5.80546896188573	6.41860947428912e-09	7.62067870437447e-08
ENSMUSG00000078566	9516.87375836924	-0.192472276972389	0.0331577379854611	-5.80474690573836	6.44633029431538e-09	7.64936020440983e-08
ENSMUSG00000071633	35.8010863194419	1.21459823761359	0.209250057801009	5.80452999811662	6.45468042381162e-09	7.65503701533372e-08
ENSMUSG00000021822	659.08538530116	0.54278432335244	0.0935325693478522	5.80315848411902	6.50772264888414e-09	7.71368163340402e-08
ENSMUSG00000026426	22265.7995344022	0.16129148195166	0.0278031280399726	5.80119912118415	6.58423557288331e-09	7.80006626973031e-08
ENSMUSG00000042197	3086.66397696631	0.264891167188108	0.045681771510633	5.79861853926684	6.68634318155574e-09	7.91665983095839e-08
ENSMUSG00000047656	320.140623798671	-0.388484250989413	0.0670263890537721	-5.79598955685574	6.79194901572228e-09	8.03726447472406e-08
ENSMUSG00000025743	16656.0562048392	0.312657254342899	0.0539502673174229	5.79528647195282	6.82046564887318e-09	8.06656284400615e-08
ENSMUSG00000021279	8335.81064873614	0.230405884434054	0.0397615628120273	5.79468884367793	6.84479656133962e-09	8.09088122168041e-08
ENSMUSG00000025894	1520.45706904214	-0.190127930519588	0.0328214592212263	-5.7927933440762	6.92252676273672e-09	8.17825864000586e-08
ENSMUSG00000037306	3695.5551369947	0.215291953693322	0.037169491605647	5.79216837231678	6.94834313701618e-09	8.20424278213363e-08
ENSMUSG00000032583	1913.47980589823	0.198024985123183	0.0341930393690758	5.79138294743921	6.98092032249156e-09	8.23817678079185e-08
ENSMUSG00000027765	3348.84477142376	-0.662396835530666	0.114383834103609	-5.79100045667873	6.99683868370149e-09	8.25242522990858e-08
ENSMUSG00000051335	6846.77048536044	-0.380489693100132	0.0657068793653022	-5.79071319130485	7.00881719567071e-09	8.26201372445181e-08
ENSMUSG00000057766	2052.76627234217	-0.31834662657995	0.0549869705149019	-5.78949201236092	7.0599613998167e-09	8.31773498399919e-08
ENSMUSG00000022428	1296.37263093348	-0.285564993035823	0.0493447421782978	-5.78714125213155	7.15943736198262e-09	8.43030622119139e-08
ENSMUSG00000018196	2216.54376270666	-0.185807725289935	0.032107626145487	-5.78702780604202	7.16427232408799e-09	8.43137443579346e-08
ENSMUSG00000066438	4807.43874495397	-0.33314602724642	0.0575938384324768	-5.78440396253501	7.27698815527957e-09	8.55933302691678e-08
ENSMUSG00000008398	753.871734377723	0.500919593267537	0.0866119815927248	5.78349073714777	7.31662184768258e-09	8.60123792893506e-08
ENSMUSG00000031242	3310.08247631996	-0.247149344738306	0.042736144913807	-5.78314551386824	7.3316590380558e-09	8.61419775100743e-08
ENSMUSG00000002897	504.325040639357	1.36007044182581	0.235404161932933	5.77759726360866	7.57749192186322e-09	8.8958296955335e-08
ENSMUSG00000038705	1000.13136638276	0.288714438138808	0.0499717820048418	5.77754937998478	7.57964805419303e-09	8.8958296955335e-08
ENSMUSG00000053297	944.909656585022	-0.436420950166429	0.0755586802789412	-5.77592076192023	7.65333869965334e-09	8.97740811621632e-08
ENSMUSG00000015944	4227.69807188367	-0.314882447108525	0.0545237900417831	-5.77513864805109	7.68897442608468e-09	9.01428318024761e-08
ENSMUSG00000095098	3420.87593019371	-0.273135203830858	0.0473019139307678	-5.77429497315109	7.72759597080634e-09	9.05461654526905e-08
ENSMUSG00000028950	31.4790897731865	1.39990592447881	0.242458210515723	5.7738029225784	7.75020796329489e-09	9.07615734534032e-08
ENSMUSG00000002307	1288.74880823474	0.211001509167855	0.0365458794527658	5.7736060077735	7.75927512066374e-09	9.08182114177579e-08
ENSMUSG00000053519	1841.28189903865	-0.439637303889775	0.0762275864938323	-5.76743045544734	8.04892816327147e-09	9.41571073312181e-08
ENSMUSG00000027221	469.518213483799	0.55196938136621	0.0957229333200325	5.76632330646199	8.10195668322739e-09	9.47258181711106e-08
ENSMUSG00000035759	263.223113059881	-0.406638257803458	0.0705229571728153	-5.76604093340836	8.11553562609408e-09	9.48329274631113e-08
ENSMUSG00000032267	611.198009177624	0.350570298170288	0.0608030911217005	5.76566572032667	8.13361336313427e-09	9.4992461617541e-08
ENSMUSG00000034818	264.876764363123	-0.460928783023004	0.0799834411060556	-5.76280260825271	8.27285306364912e-09	9.65661032432256e-08
ENSMUSG00000026171	1302.60066737226	0.334286699063934	0.0580206554966173	5.76151193402879	8.3363767752244e-09	9.72547086179169e-08
ENSMUSG00000027630	4052.41993445207	0.255625168916469	0.044374708086907	5.7606050819722	8.38129313397993e-09	9.77256047876226e-08
ENSMUSG00000036983	741.56325899191	-0.348736280576526	0.0605711503198699	-5.75746504292698	8.53864437468475e-09	9.95062650092198e-08
ENSMUSG00000033306	1066.27455786847	0.488732720816524	0.0848965750576537	5.75680138432702	8.5722668999137e-09	9.9815625608035e-08
ENSMUSG00000036188	1495.92426793473	-0.264880301068133	0.0460120644773955	-5.7567575825306	8.57449052553883e-09	9.9815625608035e-08
ENSMUSG00000037905	1816.13931591311	-0.256994300115525	0.0446624018043769	-5.75415315193237	8.70771885147123e-09	1.0131159504915e-07
ENSMUSG00000014606	5642.72833032813	-0.172002056228754	0.029898553767818	-5.75285539108226	8.77485424587947e-09	1.02037389621912e-07
ENSMUSG00000026173	2238.7621703436	-0.40775647974699	0.0709065495816315	-5.75061799160821	8.89178219611784e-09	1.03341091836419e-07
ENSMUSG00000048776	383.210254030245	1.22633147281771	0.213257964701621	5.75046036162602	8.90007691662751e-09	1.03381521153856e-07
ENSMUSG00000049686	929.083940404956	0.260371756237764	0.0452878960576357	5.74925706211658	8.96364466178487e-09	1.04063599951257e-07
ENSMUSG00000042129	4153.57467888949	-0.393625361866269	0.0684819788964636	-5.74786780711146	9.03758508409133e-09	1.04865298062219e-07
ENSMUSG00000031901	252.023138721702	0.46534329937898	0.0809935898292657	5.74543368629446	9.16856848681367e-09	1.06327655936219e-07
ENSMUSG00000030533	4221.88751814206	0.255871972711954	0.0445368802340924	5.74517055004871	9.18283825270705e-09	1.06435640352381e-07
ENSMUSG00000006675	3091.89226138011	-0.234077743435633	0.0407504105648442	-5.74418122887758	9.23668214600552e-09	1.06990725379748e-07
ENSMUSG00000046761	981.811246798083	0.326749682460493	0.0568843239918266	5.74410768259181	9.2406971421808e-09	1.06990725379748e-07
ENSMUSG00000091636	364.718621024812	0.43741580570595	0.0761523611796483	5.74395591850472	9.24898752237346e-09	1.0702898445028e-07
ENSMUSG00000024732	551.881545877175	0.364452847183655	0.0634665983149766	5.74243549929873	9.33244315792436e-09	1.07936543549571e-07
ENSMUSG00000016559	8863.09768088683	0.469091313597667	0.0817149930579537	5.74057827141929	9.43537977283655e-09	1.09068315672434e-07
ENSMUSG00000027329	316.957886102105	0.460804130225924	0.080346455304604	5.73521418560352	9.73891939595526e-09	1.125164928706e-07
ENSMUSG00000070866	1279.9889109332	-0.47498886741113	0.0828389288617299	-5.73388470780391	9.81560656351255e-09	1.13341479554793e-07
ENSMUSG00000032253	1499.72291486858	0.32954665654943	0.0574807140486486	5.73316915079585	9.8571240887291e-09	1.13759691230462e-07
ENSMUSG00000028759	9828.86463812972	-0.114061400637018	0.019896645966498	-5.73269488883075	9.88473537384314e-09	1.14017049723222e-07
ENSMUSG00000122403	160.903532256167	0.59359064081852	0.103630066449869	5.7279770355611	1.01635320538822e-08	1.17169913570695e-07
ENSMUSG00000006403	82.1729531473795	1.03490796479152	0.180685491409957	5.7276760669368	1.01815744954235e-08	1.17314910423382e-07
ENSMUSG00000001891	8309.46894524343	-0.161507196402359	0.0282005076431147	-5.72710244958273	1.02160479062771e-08	1.17648972294068e-07
ENSMUSG00000143703	38.3270510470534	1.07102804492088	0.187037057871981	5.72628791912431	1.02651947702629e-08	1.18151566186843e-07
ENSMUSG00000113216	222.539826309465	-0.659571279276996	0.115287438514874	-5.7211027304757	1.05834877259942e-08	1.21749811107283e-07
ENSMUSG00000024515	3309.67589203176	0.225213486184854	0.0393666364354767	5.72092275533844	1.05947060056609e-08	1.21813582816024e-07
ENSMUSG00000022211	2899.4602300841	-0.314821773842817	0.0550369999328849	-5.72018413479527	1.06408671486441e-08	1.22275263718671e-07
ENSMUSG00000024679	118.764049380468	1.51992292832566	0.265716231823524	5.7200981584562	1.06462530462217e-08	1.22275263718671e-07
ENSMUSG00000110195	120.61817253615	-0.694855799849085	0.121553959367218	-5.71643904868542	1.08779462601204e-08	1.24830878567721e-07
ENSMUSG00000003031	4708.56119665156	-0.176508297503094	0.0308775232124207	-5.71640077116329	1.0880395686211e-08	1.24830878567721e-07
ENSMUSG00000034617	624.937433376262	0.369451758693962	0.0646454438554314	5.7150471349563	1.09673620313694e-08	1.25761428079795e-07
ENSMUSG00000003872	510.959036304492	-0.450715917130524	0.0788760771596268	-5.71422836126066	1.10202928377877e-08	1.263009108681e-07
ENSMUSG00000015202	230.103563167009	0.533731972632614	0.0934264441243496	5.71285761365618	1.11094630031564e-08	1.27254926801364e-07
ENSMUSG00000056486	9537.79379202124	-0.228907396484891	0.0400847756870261	-5.71058194942024	1.12590505558539e-08	1.28899615590378e-07
ENSMUSG00000032561	33871.3771913472	-0.442456207782312	0.0775018754610768	-5.70897420417295	1.13659114329738e-08	1.30053653955339e-07
ENSMUSG00000022685	1549.98746814	-0.184775810732982	0.0323768662672081	-5.70703196560213	1.1496319831069e-08	1.31475759986003e-07
ENSMUSG00000090150	1213.91060255171	-0.266187258182396	0.0466710873581492	-5.70347239051238	1.17391060051779e-08	1.3418085703256e-07
ENSMUSG00000036667	16341.4360629388	0.34111245980009	0.0598095373296431	5.70331213097389	1.17501531523006e-08	1.34235650647837e-07
ENSMUSG00000049969	584.786864478972	0.370533357348859	0.0649832159038741	5.70198553880386	1.18419876762089e-08	1.35212823115691e-07
ENSMUSG00000048022	4298.60299654415	-0.302455845966771	0.0530850402936995	-5.69757212754096	1.215255744832e-08	1.38685166499541e-07
ENSMUSG00000064115	2014.18954285487	-0.380217592051087	0.0668006369828245	-5.69182584514646	1.25688018361538e-08	1.43359139327778e-07
ENSMUSG00000029712	1976.09871741418	-0.234112671926679	0.0411329012673104	-5.69161582853713	1.25842743142717e-08	1.43459390563014e-07
ENSMUSG00000042115	2051.06107263787	-0.404737323900002	0.0711136155686536	-5.69141817166174	1.25988531220181e-08	1.43549353034629e-07
ENSMUSG00000027500	113415.880301751	0.173299716177412	0.0304514098485206	5.69102439064348	1.26279466148802e-08	1.43804510363405e-07
ENSMUSG00000000253	2677.77713572999	-0.299355751434411	0.052626602079529	-5.68829716541506	1.28312397625762e-08	1.46042095834284e-07
ENSMUSG00000037172	1313.3539855438	0.251395549220507	0.0441965157744939	5.68813049660327	1.28437661777481e-08	1.46107199137012e-07
ENSMUSG00000042124	4.46629206945102	5.6675936085441	0.996602840077474	5.68691296133925	1.29356342225318e-08	1.47074324269527e-07
ENSMUSG00000042510	369.37671892155	0.350846798554761	0.0617085244457679	5.68554833721717	1.30393595620402e-08	1.48175168003576e-07
ENSMUSG00000041313	10777.235082149	0.465588461974766	0.0819069920490035	5.68435551504825	1.31306877253207e-08	1.49134043762823e-07
ENSMUSG00000034189	6025.93815028164	-0.248695820763892	0.0437580801714215	-5.68342623327237	1.32022683620674e-08	1.49867738054014e-07
ENSMUSG00000032423	3798.45005877306	0.151567242407282	0.026676676743867	5.68163882864935	1.33410158022598e-08	1.5136270888547e-07
ENSMUSG00000056493	2592.86528644772	0.290165840559502	0.0510915029819507	5.67933655547401	1.35218188223793e-08	1.53332996746536e-07
ENSMUSG00000031527	863.394203546312	0.372703117374317	0.0656314569217672	5.67872686139789	1.35700968447373e-08	1.53799207428264e-07
ENSMUSG00000024539	483.156039067191	0.404361687109955	0.0712253891184967	5.67721274835332	1.36907158346921e-08	1.55084383170185e-07
ENSMUSG00000044636	711.048854338882	0.37403996092678	0.0659075219122376	5.67522416371308	1.38507159918759e-08	1.56814066182282e-07
ENSMUSG00000024681	317.111821956054	-0.877204491395298	0.154619842812711	-5.67329830012728	1.4007400381455e-08	1.58504405159891e-07
ENSMUSG00000067848	4.99653955767303	5.86660185790048	1.03414336042245	5.67290965877687	1.40392276034343e-08	1.5878085339058e-07
ENSMUSG00000046532	2176.54320480771	-0.374592909701575	0.0660576372619385	-5.67069797268408	1.42216923048757e-08	1.60759793057642e-07
ENSMUSG00000027634	10606.6439337547	-0.146231575656754	0.0257893588711463	-5.67022919753004	1.42606612127179e-08	1.61115449259054e-07
ENSMUSG00000068742	6723.18844806827	0.292641695905082	0.0516314459855727	5.66789657579714	1.44561176211022e-08	1.63237780565271e-07
ENSMUSG00000009739	3037.7053016532	0.26281465315126	0.0463709532525436	5.66765689978227	1.44763475022962e-08	1.63380271022235e-07
ENSMUSG00000019797	1080.93599759614	-0.209009189230362	0.0368839798608373	-5.66666585381922	1.45602891894409e-08	1.64241286253567e-07
ENSMUSG00000025006	8321.74132316123	0.19827800344765	0.0350234080693929	5.66129952444365	1.50230942631096e-08	1.69372763367601e-07
ENSMUSG00000032940	3316.17028739117	-0.191850123135278	0.0338898358642639	-5.66099298632425	1.50499578838402e-08	1.69586559545677e-07
ENSMUSG00000060373	9309.86666912393	0.151455848468773	0.0267575584071769	5.66030151794975	1.51107265065926e-08	1.70181980687574e-07
ENSMUSG00000005615	6446.86994162582	0.148342138060068	0.0262097372933447	5.65981018427588	1.51540513783598e-08	1.70580423118968e-07
ENSMUSG00000040372	113.618620611149	0.813268969923479	0.1437506584758	5.65749735372789	1.53596184327265e-08	1.72803757482656e-07
ENSMUSG00000047635	586.523917345141	-0.378377222731931	0.0668954577022511	-5.6562468623217	1.54718890384703e-08	1.73975678417917e-07
ENSMUSG00000078817	57.2936207866242	1.02311312613329	0.180899101304053	5.65571149197504	1.55201985319342e-08	1.74427529678796e-07
ENSMUSG00000032850	2014.90102297438	-0.291314285038043	0.0515159452876383	-5.65483722392154	1.55994038295917e-08	1.75225956361075e-07
ENSMUSG00000036718	599.505672878302	0.550864506141047	0.097472859046885	5.65146556208101	1.59085562925018e-08	1.78605161806927e-07
ENSMUSG00000038797	339.928360424094	0.460425159520058	0.0814755469393575	5.65108399778836	1.59439150265847e-08	1.78908562446768e-07
ENSMUSG00000001985	1892.6075225675	0.394007514561663	0.0697285251179299	5.65059298035187	1.59895288739471e-08	1.79326659774372e-07
ENSMUSG00000053931	17572.9050589275	0.155678728448996	0.0275555930669075	5.64962358353143	1.60799549484697e-08	1.80246638602533e-07
ENSMUSG00000020669	1589.23375412123	0.221999758531607	0.039302968778149	5.64842212772056	1.61927170980079e-08	1.81415900431022e-07
ENSMUSG00000022769	773.273869896035	0.436926757889804	0.0773647548797229	5.64762027061396	1.6268402001925e-08	1.82168762323069e-07
ENSMUSG00000021675	6807.00530093294	-0.2468190015084	0.0437074208546854	-5.64707312126704	1.63202428822179e-08	1.82653980036334e-07
ENSMUSG00000061947	55.4936569454114	0.932147365494342	0.165120423258175	5.64525784939927	1.64933865372863e-08	1.84495589061693e-07
ENSMUSG00000034310	287.25904766435	0.576173362659868	0.102079289669253	5.64437080750393	1.6578641645066e-08	1.85352667475514e-07
ENSMUSG00000128803	328.916988845388	-0.575120023157046	0.101977669201421	-5.63966628832334	1.70380042303485e-08	1.90389275798366e-07
ENSMUSG00000022329	1014.59513961145	0.26050780152664	0.0461936071778721	5.63947735286258	1.70567082708591e-08	1.90499115370583e-07
ENSMUSG00000040490	679.431620154943	0.335804071460192	0.0595494012628029	5.63908392593612	1.70957203643719e-08	1.90835534759026e-07
ENSMUSG00000035235	508.845142836532	0.344875658085862	0.0611617612566474	5.63874635066005	1.71292632875894e-08	1.91110585099477e-07
ENSMUSG00000037316	2441.00274734789	-0.200221943408325	0.0355122053406934	-5.63811628952512	1.71920399064603e-08	1.91711339549131e-07
ENSMUSG00000027291	4747.58102008614	-0.224894512881299	0.03990913076711	-5.63516439868541	1.74891415753661e-08	1.94923111659818e-07
ENSMUSG00000070817	135.322286242603	-1.0271658079128	0.182311624495639	-5.63412130605732	1.75953141489335e-08	1.96004677488846e-07
ENSMUSG00000047161	120.620093977889	-0.704470570769408	0.125060279147686	-5.63304812343724	1.77052026511117e-08	1.97126493832346e-07
ENSMUSG00000042302	4848.59745404792	0.227146563076989	0.0403367493913077	5.63125602594882	1.78901917344155e-08	1.99082869762034e-07
ENSMUSG00000044528	1324.55924358815	-0.293562915600936	0.0521346736187444	-5.63085745482424	1.79315886081748e-08	1.99440145628539e-07
ENSMUSG00000029438	1852.98037995976	-0.267709342005817	0.0475468953728694	-5.63042738976758	1.79763608743828e-08	1.99834574070171e-07
ENSMUSG00000027180	6919.99266629963	-0.132830009062413	0.0235944539583617	-5.62971320704538	1.80509513568548e-08	2.00559897425592e-07
ENSMUSG00000001173	4627.52769522218	-0.236408816861131	0.041997417155629	-5.62912752432074	1.81123452908007e-08	2.01137922406792e-07
ENSMUSG00000025821	858.491498361832	0.328931216980302	0.0584353353829349	5.62897799464605	1.81280521359708e-08	2.01208256024172e-07
ENSMUSG00000037509	3949.57171208479	-0.373144014878597	0.0663094563493571	-5.62731223300422	1.83039233134948e-08	2.02956960733494e-07
ENSMUSG00000034220	10984.2210090489	0.243906954842862	0.0433434623297021	5.62730667401527	1.83045129963685e-08	2.02956960733494e-07
ENSMUSG00000028796	5686.31493009625	0.160332429167193	0.028494183752361	5.62684758969129	1.83532751687548e-08	2.03392568287295e-07
ENSMUSG00000024410	2364.94895899305	0.218520176630504	0.038843428646842	5.62566653467315	1.84793026670131e-08	2.04683545433489e-07
ENSMUSG00000007827	738.100671290465	-0.360021883394811	0.0639975321832052	-5.62555884755336	1.84908354091061e-08	2.04705659046865e-07
ENSMUSG00000031627	1603.34722574305	-0.245800223220208	0.0437001673456605	-5.62469752749394	1.85833302394423e-08	2.05520921104522e-07
ENSMUSG00000021895	1432.39566146924	-0.333529249272781	0.0592973062743943	-5.62469478342569	1.85836256342065e-08	2.05520921104522e-07
ENSMUSG00000059554	3036.12630829772	0.242077646523779	0.0430549555742013	5.62252691462149	1.88184236313116e-08	2.08010443702233e-07
ENSMUSG00000026618	6274.89670199283	-0.187814206885186	0.033417157985796	-5.62029263425143	1.90634280184889e-08	2.10610162555267e-07
ENSMUSG00000034867	4470.67048749055	-0.311180122014383	0.0553748582038502	-5.61951997906419	1.91488735740879e-08	2.11445329290828e-07
ENSMUSG00000024287	858.603327441449	0.300545393550794	0.0534982404101875	5.61785567611981	1.93341887342713e-08	2.13305142163558e-07
ENSMUSG00000033487	2647.50510473914	0.324891412918845	0.0578322006700857	5.6178289802985	1.93371753773541e-08	2.13305142163558e-07
ENSMUSG00000019843	5159.97069245548	0.22176214196081	0.0394771320606346	5.61748360089068	1.93758557306035e-08	2.13622043715015e-07
ENSMUSG00000045410	1240.05597135477	-0.238210527045221	0.0424270780750765	-5.61458714228913	1.97032114253448e-08	2.17119679905775e-07
ENSMUSG00000032523	988.818263447585	-0.493068348524621	0.08784149555452	-5.61315976477873	1.98665015215803e-08	2.1880673251013e-07
ENSMUSG00000049420	2902.53983952061	-0.463405396346319	0.0826530589014937	-5.60663334793946	2.06300044386291e-08	2.27099320656212e-07
ENSMUSG00000022241	2591.05753319246	0.219149894695657	0.0390893900134407	5.60637796139318	2.06604531820183e-08	2.27317933370171e-07
ENSMUSG00000030523	8.26810244807092	4.07723997224888	0.727401236672879	5.60521451805348	2.07997189996597e-08	2.28732975433758e-07
ENSMUSG00000050663	330.381960114138	-0.554714887799114	0.0989704710924607	-5.60485245423238	2.0843244182164e-08	2.29094254794845e-07
ENSMUSG00000036817	2979.95877802487	-0.213745354227601	0.0381475891294923	-5.60311566484687	2.10532631530017e-08	2.3128421025708e-07
ENSMUSG00000036832	4262.09370155452	-0.600380808450254	0.107242486565309	-5.59834845012318	2.16403458377573e-08	2.37612104221636e-07
ENSMUSG00000057789	897.777283208924	0.32399824396626	0.0578964711967738	5.59616566034019	2.19144315867175e-08	2.40498562597381e-07
ENSMUSG00000028088	738.093589372081	-0.366492346518499	0.065499290021324	-5.59536365049428	2.20159814419848e-08	2.41489554232829e-07
ENSMUSG00000040688	1813.09250077049	0.24197045793597	0.0432458815075097	5.59522547583985	2.20335230752974e-08	2.41558532346442e-07
ENSMUSG00000040018	2109.35701886245	-0.19899315337943	0.0355676309484754	-5.59478233643672	2.20898723573034e-08	2.4205267994991e-07
ENSMUSG00000018427	763.157666904582	-0.294355398751661	0.0526450591052342	-5.59132051050153	2.25349165868614e-08	2.4680332625182e-07
ENSMUSG00000013878	1078.77063328986	-0.262137520135032	0.0468843624952574	-5.59115035768159	2.25570139740803e-08	2.46919358474048e-07
ENSMUSG00000022074	65.1132036139656	1.11966130822974	0.20030560822015	5.58976515025557	2.27376922282341e-08	2.48770286121953e-07
ENSMUSG00002076083	1150.14139266651	-0.286709533064212	0.0513055151686584	-5.58827900122826	2.29330986520316e-08	2.50780384953902e-07
ENSMUSG00000058740	8780.1585081536	-0.344659533643493	0.0616814749117466	-5.58773171582926	2.30054683777314e-08	2.51337143734497e-07
ENSMUSG00000034485	4985.65626210596	-0.286497330119329	0.0512726995516172	-5.58771690636079	2.30074297697888e-08	2.51337143734497e-07
ENSMUSG00000032316	2300.87603628119	0.207133692503782	0.037077283253154	5.58653909698633	2.31639417922833e-08	2.52918196598756e-07
ENSMUSG00000033530	4303.34847238436	-0.234108691613663	0.0419070159225827	-5.5863841998711	2.31846018753567e-08	2.53015080760756e-07
ENSMUSG00000043850	1011.13207345808	-0.483280989061672	0.0865422021155783	-5.5843389380853	2.34590805618713e-08	2.55880398039192e-07
ENSMUSG00000025578	406.666703875303	-0.381843585166142	0.0683990069059683	-5.58258960822461	2.36963448037941e-08	2.58337093731968e-07
ENSMUSG00000048076	19511.4986514038	0.0741720576749645	0.0132888428793904	5.58152868147742	2.38413727659642e-08	2.59786247611263e-07
ENSMUSG00000097240	779.681096855487	-0.33141022273568	0.0593863728961222	-5.580576933287	2.39722088951297e-08	2.61079368920778e-07
ENSMUSG00000069539	3409.42018067706	0.205595972459374	0.0368521297463417	5.57894411732836	2.41982959623169e-08	2.63408022883922e-07
ENSMUSG00000032322	462.020010221747	-0.614278385567144	0.110113763580176	-5.57857951263175	2.42490627026204e-08	2.6382685249592e-07
ENSMUSG00000031608	429.776731592626	0.416474120681549	0.0746787615524018	5.5768750314547	2.44877652339914e-08	2.66288940482705e-07
ENSMUSG00000072623	1668.09131976303	0.300671305140392	0.0539243579219105	5.57579759365523	2.46398287678256e-08	2.67806868015263e-07
ENSMUSG00000028212	295.987801518395	0.530834093294278	0.0952519591299103	5.5729467209204	2.50466188829324e-08	2.72090445820358e-07
ENSMUSG00000039853	328.322994948343	-0.369731933207092	0.0663546217634057	-5.57205999192355	2.51744695307945e-08	2.73341003008616e-07
ENSMUSG00000030075	725.194114082822	-0.515799610989795	0.0925716228673212	-5.5718976832573	2.51979400474866e-08	2.73457523285818e-07
ENSMUSG00000038534	659.972806482732	-0.362556201300494	0.0650738174924338	-5.57146046246093	2.52612697163319e-08	2.74006273739656e-07
ENSMUSG00000016181	746.614627758084	0.27933540312212	0.0501523801960218	5.56973372012118	2.55128944514499e-08	2.76595854694356e-07
ENSMUSG00000066232	7555.37895127165	0.262480475341973	0.0471368196181033	5.56848080690546	2.56969927789706e-08	2.784511090325e-07
ENSMUSG00000038683	6105.68370233261	0.230644553265989	0.0414394127289772	5.56582581839311	2.60913770014637e-08	2.82581987241887e-07
ENSMUSG00000052040	8438.22997163679	0.278381857887932	0.0500291015336856	5.56439850714672	2.63058175985421e-08	2.84669537230219e-07
ENSMUSG00000038253	299.612455097716	-0.405900509644232	0.0729464010790675	-5.56436648881789	2.63106476225079e-08	2.84669537230219e-07
ENSMUSG00000041351	5342.12184682506	-0.256858014052258	0.046165585326123	-5.56384181501784	2.63899183384494e-08	2.85383368792522e-07
ENSMUSG00000006456	752.628079100028	0.304560463596542	0.0547649690446477	5.56122771380089	2.6788338385178e-08	2.89546058296189e-07
ENSMUSG00000046613	1807.00101092451	-0.331717998076334	0.0596572810655032	-5.56039417405078	2.69166025963367e-08	2.90786004697012e-07
ENSMUSG00000037965	1476.40610366488	0.260545385252205	0.0468609024172347	5.55997370542272	2.69815297919194e-08	2.91340804081158e-07
ENSMUSG00000002265	9666.87622699943	-0.432324215693314	0.077870638170272	-5.55182576965651	2.82701286774134e-08	3.05101348511491e-07
ENSMUSG00000041238	484.939621756176	0.301259174458503	0.0542691698669767	5.55120292418224	2.83710521334438e-08	3.06036685978143e-07
ENSMUSG00000120183	489.526247752932	-0.417999306016458	0.0753212935589101	-5.54955028340736	2.86405369723799e-08	3.08788431265247e-07
ENSMUSG00000030967	3596.55830534749	0.211709615963563	0.038159487064362	5.54802048587502	2.88922030604496e-08	3.11345397035949e-07
ENSMUSG00000045440	962.408382806268	-0.512852132764532	0.0924984429779524	-5.54444070898332	2.94895236276358e-08	3.17622736673774e-07
ENSMUSG00000034509	884.187855038928	0.255266897038488	0.0460527375958786	5.54292557542404	2.97459315263229e-08	3.20223754335029e-07
ENSMUSG00000015027	253.102774798645	0.460520510544271	0.0830851563456905	5.54275313183734	2.97752511001428e-08	3.20378716849958e-07
ENSMUSG00000004508	3423.6442139475	0.237980824441016	0.0429366026993645	5.54260955640393	2.97996837795232e-08	3.20480967941506e-07
ENSMUSG00000099560	2139.33582781531	-0.521041543383862	0.0940196422838093	-5.54183711751463	2.9931466312119e-08	3.2173703347819e-07
ENSMUSG00000026627	1218.99047284559	0.309191258712016	0.0557959171627946	5.54146744841374	2.99947338675564e-08	3.22255734334818e-07
ENSMUSG00000009293	2614.19281447228	0.206578120066091	0.0372882220243374	5.54003674219868	3.02408191876839e-08	3.24737080881853e-07
ENSMUSG00000022292	4175.1781650562	-0.181666778924077	0.0328077654748764	-5.53731033779775	3.07152022085633e-08	3.2966626530451e-07
ENSMUSG00000030905	692.862695115141	0.438917602635114	0.0792791512339475	5.53635597510242	3.08829570124452e-08	3.31301127051048e-07
ENSMUSG00000087366	181.678601717371	0.521397640677873	0.0941836288348339	5.53596890593616	3.0951247843183e-08	3.31867875225658e-07
ENSMUSG00000035376	2154.09242835277	0.227143998999291	0.041055925790113	5.53255089558818	3.15606821702623e-08	3.38233451556091e-07
ENSMUSG00000057897	3023.60887248562	-0.288097883059847	0.0520779178707842	-5.53205456052747	3.16501414901948e-08	3.38950407109277e-07
ENSMUSG00000020892	26.5047789244084	1.56347860149714	0.282624241541396	5.53200459015876	3.16591617559909e-08	3.38950407109277e-07
ENSMUSG00000056692	12432.974341128	0.195185163432386	0.0352867885697257	5.53139493118523	3.17694137150775e-08	3.39961233702818e-07
ENSMUSG00000021548	1235.03649545618	-0.25889087243916	0.046816772056157	-5.52987446739426	3.20460027178464e-08	3.42750121744539e-07
ENSMUSG00000030403	6207.46401224211	0.164968547874844	0.0298403633409249	5.52836927587259	3.23221137532939e-08	3.45531122424406e-07
ENSMUSG00000020297	12491.09311999	-0.178808626948608	0.0323451504010714	-5.52814331457506	3.23637626204916e-08	3.45804145550758e-07
ENSMUSG00000041986	1265.51520548598	0.27512030867153	0.0497864942870909	5.52600283693536	3.27608835064798e-08	3.49766423557287e-07
ENSMUSG00000002688	1682.48271593519	-0.393512112802431	0.0712114210910835	-5.52596910401643	3.27671796223658e-08	3.49766423557287e-07
ENSMUSG00000018567	14017.9421745643	0.198715961098864	0.0359677931931787	5.52483050688112	3.29803840577519e-08	3.51867258540607e-07
ENSMUSG00000025175	338.057794538312	-0.430924943021618	0.078040645833412	-5.52180134364193	3.35541736603636e-08	3.57811173270424e-07
ENSMUSG00000062070	20985.7574902574	0.147696426554272	0.0267519110130413	5.52096732387722	3.3713847731166e-08	3.59335380038336e-07
ENSMUSG00000095493	11.3298529707687	2.27968249393233	0.41306711565732	5.51891546802178	3.41098214432865e-08	3.63375398065304e-07
ENSMUSG00000035936	1119.44225865391	-0.382495870515977	0.0693303553481022	-5.51700432798153	3.44826945598024e-08	3.67165437212658e-07
ENSMUSG00000025366	21168.4039752812	0.275923486145797	0.0500562938700654	5.51226358991001	3.54247847471469e-08	3.77009632812224e-07
ENSMUSG00000087192	9.92591953144587	2.72413696330953	0.494308096380852	5.51101020447508	3.5678003563666e-08	3.7951636496415e-07
ENSMUSG00000062995	2329.2216479353	-0.206895040701765	0.0375619866526164	-5.50809632661838	3.62734914624158e-08	3.8565961749986e-07
ENSMUSG00000040596	4403.49523741184	0.213026011037379	0.0387106952130903	5.5030272606766	3.73324668480523e-08	3.96722145227867e-07
ENSMUSG00000099839	10.909164311694	5.83004332838128	1.05946320149761	5.50282758300635	3.73747893356559e-08	3.9697537252805e-07
ENSMUSG00000050558	969.102742452413	0.520555105572131	0.0946101433368432	5.50210672146203	3.75279664013729e-08	3.9840520611863e-07
ENSMUSG00000026584	1191.50299211808	0.273969673479321	0.049799607203687	5.50144245834608	3.76696556478341e-08	3.99711729182603e-07
ENSMUSG00000018293	10892.5611834441	0.186584321189376	0.0339360396243919	5.49811714196805	3.83867904671978e-08	4.07119982296871e-07
ENSMUSG00000040631	24346.4746570691	-0.267497368875429	0.048662174721646	-5.49702865532725	3.86243956422026e-08	4.09437667582973e-07
ENSMUSG00000071076	10640.9763548481	0.294858147876148	0.0536434660390909	5.4966274487424	3.87123340407888e-08	4.1016730627817e-07
ENSMUSG00000020003	1641.0221589577	-0.221739519716433	0.0403424956152742	-5.49642545248191	3.87566820104868e-08	4.10434600906319e-07
ENSMUSG00000050447	338.4620834804	-0.549920521940233	0.100058709595349	-5.49597855263362	3.88549733320831e-08	4.11272612202415e-07
ENSMUSG00000094845	20.5986283343437	1.61094486418783	0.293130337302082	5.49566066417646	3.89250369251369e-08	4.11811159504676e-07
ENSMUSG00000024580	1405.28148359655	-0.27045646381003	0.0492271474811448	-5.49405110084067	3.92816744655423e-08	4.15379519249916e-07
ENSMUSG00000005481	324.701544607354	0.460829163067932	0.083952441883653	5.4891692573586	4.03828517773597e-08	4.26813538283015e-07
ENSMUSG00000075284	3697.66378779473	0.194937042490352	0.0355189623552986	5.48825274061736	4.05928977329945e-08	4.28822412764006e-07
ENSMUSG00000022507	6753.84273515083	0.249874834450121	0.0455344327047912	5.48760179071758	4.07427244734935e-08	4.30193469526813e-07
ENSMUSG00000020696	1079.60905626416	-0.331835238128543	0.0604917132131706	-5.48563134522522	4.11995301870115e-08	4.34802908060171e-07
ENSMUSG00000046139	1098.01899516041	0.231235931824697	0.0421605006137827	5.4846581150202	4.14269811448661e-08	4.36988490051939e-07
ENSMUSG00000035576	380.09383434021	-0.509379115693103	0.0929054140222984	-5.48277106402912	4.18714727800613e-08	4.41460233151668e-07
ENSMUSG00000006476	3895.36217179057	-0.180391926133049	0.0329021813231778	-5.48267375834964	4.18945179005832e-08	4.41486362913068e-07
ENSMUSG00000032372	421.222598487589	0.48614569382546	0.0886723677290928	5.48249365925027	4.19372036204113e-08	4.4171933901656e-07
ENSMUSG00000020176	2421.95252516368	0.415805960585909	0.0758696030699174	5.48053428199334	4.24043338684189e-08	4.46420515360216e-07
ENSMUSG00000098509	3.92716584428081	5.72481564880097	1.04469290374769	5.47990287697368	4.25559374918622e-08	4.47796938333488e-07
ENSMUSG00000026159	9527.37386110368	0.258867653465459	0.0472747048038161	5.47581744909305	4.35496472212763e-08	4.58028773763801e-07
ENSMUSG00000121798	288.356104095091	0.380540679619441	0.0694984191396916	5.47553000960432	4.362040272142e-08	4.58548268764937e-07
ENSMUSG00000038264	4621.71443383841	-0.466209850466588	0.0851514818041108	-5.47506444502156	4.3735241638901e-08	4.59530443965075e-07
ENSMUSG00000035725	7191.829720217	0.238991422022778	0.0436568311376343	5.47431904228972	4.39197176961409e-08	4.61242984376399e-07
ENSMUSG00000139065	108.646292441517	-0.684184990942891	0.124991541701063	-5.47385032324207	4.40361047673285e-08	4.62114159731694e-07
ENSMUSG00000052942	102.483559926185	1.01756367951211	0.185896729532463	5.47381162687111	4.40457267684266e-08	4.62114159731694e-07
ENSMUSG00000041444	3546.43634817845	0.260576853123112	0.0476107139563366	5.47307174099688	4.42300947909492e-08	4.63821795203965e-07
ENSMUSG00000038608	1454.0179420382	-0.323775157160025	0.0591673400431249	-5.47219389825599	4.44498100899009e-08	4.65898253608307e-07
ENSMUSG00000027879	4867.14356468702	0.176910904821768	0.0323405935572891	5.47024297832947	4.49419014997731e-08	4.70826187210409e-07
ENSMUSG00000030763	2336.80415257639	-0.210756007206764	0.0385287508794883	-5.47009706766706	4.49789168879863e-08	4.70984112154884e-07
ENSMUSG00000043019	3375.3001610681	0.252423952074549	0.0461475920700913	5.46992683152688	4.50221406507911e-08	4.71206860658158e-07
ENSMUSG00000001052	3677.28589489225	0.241124758478803	0.044108697321982	5.46660348453855	4.58740654589254e-08	4.79889224727726e-07
ENSMUSG00000097357	198.316096970668	0.525429356340377	0.0961754302338721	5.4632389484786	4.67524603277619e-08	4.88839899364704e-07
ENSMUSG00000021708	3127.45784311896	0.49827653327445	0.0912148707131892	5.46266775777386	4.69031937808857e-08	4.9017719459615e-07
ENSMUSG00000039835	743.90675047486	0.442681170496556	0.0810808580956504	5.45974945127405	4.76806975439885e-08	4.98060269332972e-07
ENSMUSG00000035431	130.040878975608	-1.01055532268738	0.185123332693507	-5.45882200792308	4.79303954008591e-08	5.00425032915778e-07
ENSMUSG00000026860	12503.0859171342	-0.166045750709822	0.030419100460152	-5.45860160879301	4.79899201447899e-08	5.00802929425406e-07
ENSMUSG00000023075	7590.9836267483	0.166998447063611	0.0306111137642263	5.45548418622957	4.88395783050482e-08	5.09421957189584e-07
ENSMUSG00000047227	416.683020646775	-0.496329181411446	0.0910132637348544	-5.45337197067654	4.94235335935499e-08	5.15262541097203e-07
ENSMUSG00000034324	810.001658302224	-0.610154024421807	0.111919314185928	-5.45173126604564	4.98817969046052e-08	5.19787695317599e-07
ENSMUSG00000020381	560.434497166724	-0.385928887106967	0.0707974378677889	-5.45117025036516	5.00394364003326e-08	5.21177361363193e-07
ENSMUSG00000015852	621.346531883144	1.14889159747918	0.210860585274005	5.4485839351448	5.07724296468655e-08	5.28555273908639e-07
ENSMUSG00000087142	52.7272534417795	-0.948495548747203	0.174149821929918	-5.44643421529825	5.13895968452649e-08	5.34720836587716e-07
ENSMUSG00000129161	8.0892044640815	5.3977621565166	0.991622648921481	5.44336312042425	5.22839127957587e-08	5.4376282561713e-07
ENSMUSG00000104168	183.229016242556	-0.52126644249151	0.0957762528403708	-5.44254371029005	5.25250663290269e-08	5.46006331147163e-07
ENSMUSG00000024790	1056.12601663081	0.257915313441288	0.0473946824491832	5.44186183160581	5.27265656515802e-08	5.47835652602527e-07
ENSMUSG00000079562	7288.2116132048	-0.150579801018646	0.0276834766162714	-5.43933853055655	5.34787525972444e-08	5.5538214961415e-07
ENSMUSG00000075511	2747.68033089023	-0.509104425308617	0.0936325560803099	-5.43725864828416	5.41065673563027e-08	5.61630355353188e-07
ENSMUSG00000039156	2304.35769097112	0.211051711169133	0.0388203387861523	5.43662723635007	5.42985689893956e-08	5.63350933748848e-07
ENSMUSG00000009633	324.405510160619	-0.479618232972253	0.0882431181692029	-5.4351913545553	5.47376575627201e-08	5.67632153256691e-07
ENSMUSG00000078676	3940.42569780623	0.211173030986381	0.0388606595653751	5.43410825622055	5.50711407288991e-08	5.70814633938459e-07
ENSMUSG00000036599	3690.27494193512	-0.21652682218729	0.0398479453013796	-5.4338265260516	5.51582068864136e-08	5.71441153003743e-07
ENSMUSG00000027360	171.712496041651	0.692997658934265	0.127573512583848	5.43214374910928	5.56810385091193e-08	5.7657943687253e-07
ENSMUSG00000026228	10.5092117596721	3.4743419250602	0.63979294970494	5.43041608486386	5.62228117880579e-08	5.81908812845926e-07
ENSMUSG00000026239	3292.59009967736	-0.191671044824525	0.0352965922379111	-5.43029886660435	5.62597544017491e-08	5.82010548427926e-07
ENSMUSG00000041241	3413.61239446052	0.179696735404935	0.0330939028173201	5.42990460801403	5.63841819949107e-08	5.83016787429072e-07
ENSMUSG00000128222	84.2881680952226	0.789032449009589	0.145341146409698	5.42883050327268	5.67245227518429e-08	5.86253541353423e-07
ENSMUSG00000033088	1278.82586624359	0.579467958930589	0.106742966417962	5.42862896147771	5.67886047047904e-08	5.86633392008196e-07
ENSMUSG00000035919	916.64305056033	-0.263799421991425	0.0486008444970196	-5.42787732850202	5.70282121436903e-08	5.88825205327781e-07
ENSMUSG00000028565	2814.42097198694	-0.267471989361334	0.049280986663757	-5.42748851978734	5.71525417194425e-08	5.89825221418054e-07
ENSMUSG00000025090	536.011361264119	0.44047958104299	0.0811630193185982	5.4270970294233	5.7277994176505e-08	5.90712459768071e-07
ENSMUSG00000141379	92.011665021717	0.76967483022182	0.141821991088213	5.42704854385441	5.7293549857315e-08	5.90712459768071e-07
ENSMUSG00000038236	2365.49545801089	-0.204340177359234	0.0376534747470115	-5.42686109933195	5.73537264138781e-08	5.91049011618006e-07
ENSMUSG00000020121	5296.93613570702	0.439572498318849	0.0810218949004693	5.42535445337138	5.78396446329781e-08	5.95770543038152e-07
ENSMUSG00000028086	4889.60699837455	-0.266640089446095	0.0491672724570948	-5.42312144076682	5.85671732640886e-08	6.0297503179229e-07
ENSMUSG00000039154	522.437449876638	-0.348810523049813	0.0643575933912601	-5.41988139502404	5.96385883236325e-08	6.13711379173105e-07
ENSMUSG00000056459	626.980927972046	-0.272489215045141	0.0502991134079253	-5.41737610433123	6.04800310170698e-08	6.22072039200968e-07
ENSMUSG00000025235	2812.26710571377	-0.14457865281671	0.0266931213781253	-5.41632620511705	6.08360669791657e-08	6.25434393570292e-07
ENSMUSG00000042423	1762.36536398907	0.363711403483878	0.0671578347026674	5.41577025367425	6.10254196606898e-08	6.27080736446322e-07
ENSMUSG00000036208	455.547767638756	0.313257178416989	0.0578520644468387	5.41479688602723	6.13583169867657e-08	6.30199824132972e-07
ENSMUSG00000011256	7634.32334987701	0.335625037737399	0.061992219229889	5.41398649551136	6.16368168419664e-08	6.3275748939725e-07
ENSMUSG00000055053	20648.3739678301	-0.284365555453117	0.0525782273314586	-5.40842797267484	6.35803473032386e-08	6.52185759454322e-07
ENSMUSG00000032329	3290.86586757466	-0.242792260517849	0.0448916937506369	-5.40840053544215	6.35900863942e-08	6.52185759454322e-07
ENSMUSG00000039686	3108.38657427626	-0.251290392844402	0.0464673428648843	-5.40789245417139	6.37706957910836e-08	6.53725766882235e-07
ENSMUSG00000044906	303.687781698407	0.388549099862785	0.0718729100116558	5.40605771770996	6.44270427225328e-08	6.60138853977035e-07
ENSMUSG00000004530	6824.31104773804	0.136653678689783	0.0252806748662739	5.40546007622955	6.4642248794279e-08	6.62027916325378e-07
ENSMUSG00000023921	3015.50364045095	-0.132858171074154	0.0245828476816127	-5.40450694707463	6.49869049643872e-08	6.65240296597776e-07
ENSMUSG00000055733	3466.99820445479	-0.272103382965108	0.0503574010831888	-5.40344372648624	6.53734713774389e-08	6.68878425447142e-07
ENSMUSG00000027957	2285.05709995443	-0.228306074564526	0.0422620707132837	-5.40215069236457	6.58465961266077e-08	6.73398300359104e-07
ENSMUSG00000026610	1772.36773531653	-0.619699982161	0.114742162652696	-5.40080444567459	6.63427157820841e-08	6.7814892237058e-07
ENSMUSG00000015533	267.340843794972	0.524466532247449	0.0971196687360513	5.40020923745969	6.65632149306527e-08	6.80078996526126e-07
ENSMUSG00000031837	923.635344695426	-0.434300198255968	0.0804241341025405	-5.40012277536288	6.65953044313776e-08	6.80083161238797e-07
ENSMUSG00000038332	2407.01736467348	-0.32399772128685	0.0600007082383329	-5.39989828119824	6.6678693074446e-08	6.80610948899695e-07
ENSMUSG00000014496	1921.10905717617	0.389302945385619	0.0721066610750484	5.39898727220823	6.70181278450939e-08	6.83750538176229e-07
ENSMUSG00000070551	168.249383661856	-0.694300117823264	0.128606175585081	-5.39865301696919	6.71430879779687e-08	6.84700012605737e-07
ENSMUSG00000070462	3901.71449823678	0.239015147151739	0.0442769375569424	5.3981860611826	6.73180357141356e-08	6.86158098119484e-07
ENSMUSG00000027674	8119.06245542423	-0.247597220556151	0.0458677698949475	-5.39806537625944	6.7363322794652e-08	6.86293823972473e-07
ENSMUSG00000028664	404.978294598143	0.411764917936084	0.0762981241194162	5.39678953694353	6.78438909527901e-08	6.90861936998383e-07
ENSMUSG00000028890	1290.29701750206	0.303478582150415	0.0562482037674526	5.39534708352802	6.83912175763176e-08	6.96105204596128e-07
ENSMUSG00000040723	794.41923817155	-0.459291559490754	0.0851408900446641	-5.39448858532972	6.87189952092032e-08	6.99109929460074e-07
ENSMUSG00000071347	40.0777763541157	1.24492801657791	0.230868304376726	5.39237302382776	6.95332326855004e-08	7.07058442836073e-07
ENSMUSG00000038722	2567.76709664698	0.224835932857281	0.0417080274040256	5.39071125755471	7.01793592747058e-08	7.13290779446418e-07
ENSMUSG00000024064	3866.83352025961	-0.333586479150748	0.0618870024838405	-5.39025103434039	7.03593288086722e-08	7.14781520211527e-07
ENSMUSG00000047907	15526.7067558475	-0.31650640781113	0.0587200473621257	-5.39009115335414	7.04219545706892e-08	7.15079317319969e-07
ENSMUSG00000008035	13022.2339519215	-0.158760774800322	0.0294729163247725	-5.38666662813009	7.17763866142543e-08	7.28487903102403e-07
ENSMUSG00000067780	78.636450502013	1.13286931184905	0.210321995043184	5.38635681739536	7.19001568148837e-08	7.29399227877265e-07
ENSMUSG00000037286	1552.42182283523	0.338674394206917	0.0629272769382724	5.38199665844646	7.36641327522381e-08	7.4694108344806e-07
ENSMUSG00000034120	5573.18897606057	0.201169144888099	0.0373823022761609	5.38140062647737	7.3908500385514e-08	7.49065094086612e-07
ENSMUSG00000027357	1530.54303743105	0.222108772211803	0.0412756465269905	5.38110946527667	7.40281590752257e-08	7.49923767205661e-07
ENSMUSG00000032564	4756.51145728424	-0.342773514623316	0.0637093486897608	-5.3802702691639	7.43740947085595e-08	7.5307279104431e-07
ENSMUSG00000021565	1720.96466358889	0.392910056915286	0.0730654218906346	5.37751027433195	7.55229046815802e-08	7.64344494056954e-07
ENSMUSG00000042581	832.722078850734	-0.469542197925614	0.0873427466757328	-5.37585793665076	7.62188720228449e-08	7.71024649784349e-07
ENSMUSG00000053536	1797.10820879327	0.283385343709439	0.0527162088139974	5.37567761576575	7.62951983257933e-08	7.71433220565934e-07
ENSMUSG00000042572	4835.80456584219	-0.159165576547279	0.0296178581471281	-5.37397322104172	7.70203013650956e-08	7.7839820579244e-07
ENSMUSG00000052310	1967.7821606569	0.502594801325206	0.0935508370081449	5.37242442076118	7.76849942483056e-08	7.84746393663119e-07
ENSMUSG00000025141	202.814683512808	-0.698140564324856	0.129954486254563	-5.37219286879636	7.7784844691512e-08	7.85385454444025e-07
ENSMUSG00000064043	392.55676469206	-0.424827945800874	0.0790979361668261	-5.37091062534003	7.83400308902626e-08	7.90619230413905e-07
ENSMUSG00000025762	1703.08101428898	0.26729608490208	0.0497683980887417	5.37079944637693	7.83883495827963e-08	7.90735109090369e-07
ENSMUSG00000023050	5318.17578904797	-0.200572129630481	0.0373548298942335	-5.36937606725505	7.90095099471866e-08	7.96626651257073e-07
ENSMUSG00000073478	678.495752659868	-0.341514599268283	0.0636154669152184	-5.36842085468659	7.94290331443519e-08	8.00480575341154e-07
ENSMUSG00000032741	4515.45677979091	-0.266831894236231	0.0497070944930675	-5.36808471622588	7.95771754760851e-08	8.01597207306262e-07
ENSMUSG00000022155	180.713680515884	-0.623224118709332	0.116108764109228	-5.36758894550838	7.97961590945507e-08	8.0342605587412e-07
ENSMUSG00000048982	5.14234294690009	5.6058457255689	1.04455720441175	5.36671969892343	8.0181517630699e-08	8.06927546863846e-07
ENSMUSG00000026766	2889.64877080807	0.157752681202095	0.0293960645380379	5.3664558056051	8.02988642553571e-08	8.07729812608012e-07
ENSMUSG00000035399	619.684769532172	0.366683124813735	0.0683339375627296	5.36604706083452	8.04809509840747e-08	8.09182245350889e-07
ENSMUSG00000044288	1879.63262733223	-0.375357524734961	0.0699583428800716	-5.36544333787937	8.0750627800096e-08	8.11513565710141e-07
ENSMUSG00000071369	2042.61226628475	-0.242717639557846	0.0452392505897003	-5.36520027175484	8.08594498265358e-08	8.12226930265052e-07
ENSMUSG00000021613	1660.95015202683	-0.388637279689581	0.07246354345583	-5.36321108733075	8.17553710553613e-08	8.20842280203173e-07
ENSMUSG00000028245	1398.25486624025	-0.267129561453025	0.0498135139795755	-5.36259219862613	8.20360715063667e-08	8.23275507693159e-07
ENSMUSG00000047473	416.327622237941	-0.418926730577348	0.0781297832334196	-5.36193386490997	8.23356867905803e-08	8.25896192825513e-07
ENSMUSG00000006522	67.1854014982487	1.274568330941	0.237809426488677	5.35962072555475	8.33968486640159e-08	8.36149814769624e-07
ENSMUSG00000004221	2749.50056800508	-0.158467130186975	0.0295743223105092	-5.35826750392396	8.4023771666152e-08	8.42042148732781e-07
ENSMUSG00000028465	11573.9351947019	0.413708319610347	0.0772438630797135	5.35587298609615	8.51443073987821e-08	8.52873402996854e-07
ENSMUSG00000027852	5953.39992149896	0.181204702731467	0.0338360378093499	5.35537593829604	8.53787120730707e-08	8.54822496903235e-07
ENSMUSG00000047996	521.467899519834	-0.527008394684655	0.0984243137445483	-5.35445333205431	8.58154648679798e-08	8.58565368150261e-07
ENSMUSG00000039372	1818.57517742306	0.360584137499451	0.0673433005805343	5.35441735690154	8.58325389010742e-08	8.58565368150261e-07
ENSMUSG00000001127	6513.09356499891	-0.204455857436808	0.0382056263643567	-5.35145937634859	8.72477256472658e-08	8.72314708311228e-07
ENSMUSG00000027849	5465.83090710658	-0.386608817028158	0.07228065701413	-5.34871752691153	8.85796666882935e-08	8.8521933199763e-07
ENSMUSG00000058173	193.772361845249	0.606228669962762	0.11336233960157	5.3477078198408	8.90751068172204e-08	8.89592061545461e-07
ENSMUSG00000090035	234.486421308869	0.657203874766466	0.122895666924277	5.34765701032736	8.91001086519492e-08	8.89592061545461e-07
ENSMUSG00000079614	3095.46927156698	0.14523346973583	0.0271602797351848	5.34727444458855	8.92885760477068e-08	8.91059308898221e-07
ENSMUSG00000128256	81.041831169347	-0.735580624954428	0.13756626949306	-5.3471001842609	8.93745516420679e-08	8.9150284644453e-07
ENSMUSG00000025858	3103.53076979133	0.171861536358742	0.0321587930488068	5.34415380881711	9.08404099381578e-08	9.0570378064677e-07
ENSMUSG00000029600	652.40273274879	-0.313044420210415	0.058582680621933	-5.3436342770087	9.11012860903025e-08	9.07883104556376e-07
ENSMUSG00000056602	3910.1497874061	-0.492134885069843	0.0921035359006236	-5.34327895511893	9.12801238736706e-08	9.09243219987106e-07
ENSMUSG00000086363	457.031302719381	-0.40514224486048	0.0758264740320676	-5.34301838549347	9.14114876677643e-08	9.10129403653168e-07
ENSMUSG00000039286	1439.25266963941	0.421371151397648	0.0788821942535427	5.34177776600989	9.20394489355333e-08	9.15956796870726e-07
ENSMUSG00000033066	1535.89847770451	0.534982666665759	0.100194397263009	5.33944692796979	9.32305560129147e-08	9.27380498319382e-07
ENSMUSG00000034520	181.697537435431	0.535765607906057	0.100380939614687	5.33732409721004	9.43283414265413e-08	9.37865760566066e-07
ENSMUSG00000021596	2470.30674964764	-0.316495138374477	0.0593021464207018	-5.3369929669863	9.45007040366059e-08	9.39144496689714e-07
ENSMUSG00000023009	1992.44560664692	-0.309896748689883	0.0580859418470814	-5.33514201260135	9.5469807779721e-08	9.48336369180699e-07
ENSMUSG00000050556	13809.4314164807	-0.445555515380081	0.0835202575937129	-5.33469996641415	9.57026690382632e-08	9.50209756510341e-07
ENSMUSG00000061046	3632.8346343291	-0.255425472078719	0.0479335650351453	-5.32873930598401	9.88968284359496e-08	9.8135203232526e-07
ENSMUSG00000039717	3604.77124722156	-0.244628952110331	0.0459080077565536	-5.3286771538329	9.89306716645794e-08	9.8135203232526e-07
ENSMUSG00000022184	393.954412834195	0.429277052694601	0.0805772315622321	5.32752297853591	9.95611866402801e-08	9.87150315205659e-07
ENSMUSG00000027667	1132.52980855805	0.223042025049285	0.041892583006958	5.32414114957389	1.01431124750622e-07	1.00522646532634e-06
ENSMUSG00000043419	280.294553526195	-0.410007376450374	0.0770636761077007	-5.32037137545018	1.03555642021102e-07	1.02580775801798e-06
ENSMUSG00000011831	9449.28859184673	-0.210527646510631	0.0395851476023755	-5.31834941289941	1.04712832368825e-07	1.03679227842676e-06
ENSMUSG00000029408	2758.11768513564	-0.355529952083271	0.0668532765101244	-5.31806323702666	1.04877621489916e-07	1.0379451465664e-06
ENSMUSG00000029474	2583.33514474625	0.201401553001113	0.0378837756245257	5.31630096739161	1.05897937633514e-07	1.04755996739217e-06
ENSMUSG00000049932	1126.2896469811	0.231573439620457	0.0435649465929916	5.3155910366182	1.06311681165e-07	1.05116837765449e-06
ENSMUSG00000096982	306.770944236633	-0.482520346554306	0.0907790490258572	-5.31532717881707	1.06465854396088e-07	1.05220811715765e-06
ENSMUSG00000035640	8838.20715177528	-0.211175230716707	0.0397338125740133	-5.31474875015693	1.06804590220166e-07	1.05507010292963e-06
ENSMUSG00000031154	3891.38240122833	0.166670823590861	0.0313608020221284	5.31462248552372	1.06878671108606e-07	1.05531626219748e-06
ENSMUSG00000029998	11555.1730830779	-0.193521551600979	0.0364196943278349	-5.3136511761735	1.07450214356368e-07	1.06047186270059e-06
ENSMUSG00000120883	76.6292270620907	0.839306288866957	0.157958101974652	5.31347413253702	1.07554709587576e-07	1.06101534742965e-06
ENSMUSG00000091255	5.6258888311857	5.33302280482527	1.00427814305032	5.31030456226711	1.0944218918988e-07	1.07913919758841e-06
ENSMUSG00000026839	972.581116077731	-0.262798871528632	0.0494893288266967	-5.31021288344623	1.09497258179429e-07	1.07916239927499e-06
ENSMUSG00000027660	1013.7185281707	0.493685572311883	0.0929704670626005	5.31013329189221	1.09545088419837e-07	1.07916239927499e-06
ENSMUSG00000101693	1158.43782931675	-0.342770044612608	0.0645530933732436	-5.30989340248537	1.09689371385276e-07	1.08008809456713e-06
ENSMUSG00000005514	3049.71671652144	0.252616696924737	0.0475823876212453	5.30903785105447	1.10205447169387e-07	1.08467222784872e-06
ENSMUSG00000022801	2172.56699022605	0.342420167097764	0.0645034874824879	5.30855276919296	1.10499095622088e-07	1.08706397187155e-06
ENSMUSG00000061859	7881.2226885648	-0.354442246855406	0.0667725639981493	-5.30820183668894	1.10712007520638e-07	1.08865962136418e-06
ENSMUSG00000041945	849.159820163019	-0.268465424367339	0.0505952357596414	-5.3061403971456	1.11970728273251e-07	1.1005328082022e-06
ENSMUSG00000033909	1001.58760325281	0.281194012669218	0.0530031421105938	5.3052328875615	1.12529236244302e-07	1.10551605730901e-06
ENSMUSG00000051351	1770.88056231414	0.226542419159541	0.0427081619002825	5.30442915545009	1.13026126839453e-07	1.10988967920206e-06
ENSMUSG00000041777	1342.09576826515	-0.198493565908635	0.0374226069133659	-5.3041084595777	1.13224982406283e-07	1.11133400655385e-06
ENSMUSG00000026819	5505.47660797297	-0.291548260807732	0.0549852572637216	-5.30229874908835	1.14353500729587e-07	1.12189773613406e-06
ENSMUSG00000002617	1104.56617326874	-0.391496849300107	0.0738436836947838	-5.30169717586505	1.14731040788572e-07	1.12508749272155e-06
ENSMUSG00000037126	640.56302504721	-0.445862206816615	0.0841165686801663	-5.30052775347866	1.15468410409279e-07	1.13180132321716e-06
ENSMUSG00000002881	3214.40752932061	0.216881217675948	0.0409207212360453	5.30003409336066	1.1578105836236e-07	1.13434787713666e-06
ENSMUSG00000032878	3655.5248433982	-0.278867969782853	0.052621515551717	-5.2995047151156	1.16117237729379e-07	1.13712254794655e-06
ENSMUSG00000028033	1649.1781832306	-0.393094523876163	0.0742205112108764	-5.29630579826238	1.18168884885078e-07	1.15668640353082e-06
ENSMUSG00000006711	5792.29946745482	-0.429510918367118	0.0811286092117772	-5.29419797208563	1.1953987763949e-07	1.16957293227406e-06
ENSMUSG00000103906	253.833591172614	0.416624299482146	0.0787162456029171	5.2927359059247	1.20499875818737e-07	1.17842839832574e-06
ENSMUSG00000036529	8842.18987692141	0.234020566188809	0.0442166367085522	5.29259083478744	1.20595535860702e-07	1.17882685463836e-06
ENSMUSG00000075254	2072.83558483169	0.392906840875092	0.0742587370315427	5.2910520240628	1.2161476307843e-07	1.18824875022375e-06
ENSMUSG00000096035	8.40632042548416	3.48469904986778	0.658837755538205	5.28916113348896	1.22878606407208e-07	1.20005103054465e-06
ENSMUSG00000104610	93.6958195735445	-0.710779495987089	0.13439313267512	-5.28880815439668	1.23115935769321e-07	1.20182204512244e-06
ENSMUSG00000100666	59.142311588454	-0.911874034452261	0.17243475898848	-5.28822634021937	1.23508093197609e-07	1.20510214935449e-06
ENSMUSG00000025737	1175.64267121011	-0.22925879495849	0.043375782199824	-5.2854100452261	1.25423494196038e-07	1.22323522326767e-06
ENSMUSG00000020635	10315.7047118097	-0.180033649449897	0.0340705053308204	-5.28414966851219	1.26289973179638e-07	1.23112650511994e-06
ENSMUSG00000064329	7852.18912438969	-0.444405834724782	0.0841114439524333	-5.283535911904	1.26714010197616e-07	1.23469947476261e-06
ENSMUSG00000058444	1840.7265255434	-0.205965367404285	0.0389884336428459	-5.28272998323129	1.27272908934345e-07	1.23958269654476e-06
ENSMUSG00000027255	3353.08387599891	0.156785355145431	0.0297133950921417	5.27658837568839	1.31611056546153e-07	1.28125303393185e-06
ENSMUSG00000040133	679.02568824113	-0.536343518411632	0.101651969715463	-5.27627275608063	1.31837817699118e-07	1.28287878274219e-06
ENSMUSG00000044117	7767.50813041362	-0.190519315758661	0.0361146816753179	-5.27539789694086	1.32468349603063e-07	1.28843026396889e-06
ENSMUSG00000026986	618.514996714675	-0.334321273999201	0.0633793141295745	-5.27492729434884	1.32808729804312e-07	1.29115588495442e-06
ENSMUSG00000020744	1746.73603761025	-0.218581068571928	0.0414489774536416	-5.2734972489104	1.33848261341027e-07	1.30067305475169e-06
ENSMUSG00000024066	634.249587314083	1.17418767182509	0.222673874938766	5.27312722315531	1.34118520406433e-07	1.30270957422828e-06
ENSMUSG00000019866	372.607866840206	1.1681433534137	0.221562798576857	5.2722901178218	1.34731873963577e-07	1.30807526300414e-06
ENSMUSG00000055805	5646.83665361207	-0.357200713851439	0.0677546168725658	-5.2719759971969	1.34962731984913e-07	1.30972423362936e-06
ENSMUSG00000028885	47.4309788460681	1.32403766783655	0.25119209854677	5.27101638744431	1.35670354566313e-07	1.31599630868525e-06
ENSMUSG00000027827	9614.98680750389	-0.326414242606604	0.061961257046198	-5.26803777339815	1.37889737905516e-07	1.33692010563677e-06
ENSMUSG00000061878	353.348508819431	0.37949673440313	0.0720602144363653	5.26638364000783	1.39137367192716e-07	1.34840755041031e-06
ENSMUSG00000024955	2497.19587475927	-0.259659934441689	0.0493107428505561	-5.26578833396667	1.39589042880352e-07	1.35217436573539e-06
ENSMUSG00000026039	294.222091742139	-0.446137237926344	0.0847259981373266	-5.26564747225792	1.39696125997631e-07	1.3526012813104e-06
ENSMUSG00000026502	1021.66777165053	0.339756057496964	0.0645290836187758	5.26516166732154	1.40066044975976e-07	1.35557156061961e-06
ENSMUSG00000034871	9.92745834421502	2.71239844724848	0.515203358488762	5.26471421926425	1.40407594986754e-07	1.35826472915082e-06
ENSMUSG00000121789	679.503278137866	-0.257457465236254	0.0489194252459874	-5.26288818688384	1.41809829265835e-07	1.37121161937856e-06
ENSMUSG00000059182	1952.02258161437	0.231927825735344	0.0440696031726483	5.26276183669586	1.41907354679041e-07	1.37153681924372e-06
ENSMUSG00000023927	2535.89615169484	-0.256477983472371	0.0487356820177935	-5.26263248719348	1.42007262360708e-07	1.3718847406998e-06
ENSMUSG00000071661	219.38739022243	0.455291821380909	0.0865267588044155	5.26186150587297	1.42604169935785e-07	1.37703153928995e-06
ENSMUSG00000035407	6224.4703177843	-0.31554187282331	0.0599965655679643	-5.25933226070854	1.44579444552441e-07	1.39547767840049e-06
ENSMUSG00000097596	711.483277253985	-0.597034331885604	0.113524011410033	-5.2591017923882	1.44760744134454e-07	1.39659961060233e-06
ENSMUSG00000051674	3375.22183325077	-0.268514986315789	0.0510604577237013	-5.25876575115678	1.45025487516666e-07	1.39852520890959e-06
ENSMUSG00000108801	216.316475738725	0.531008472067386	0.100980922708294	5.2585028718872	1.45232918100229e-07	1.39989664119422e-06
ENSMUSG00000007653	585.536850513038	-0.585712416568488	0.111416404179738	-5.25696750743823	1.46450175066385e-07	1.41099616605701e-06
ENSMUSG00000021710	685.350953105896	0.326912290828733	0.0621888385772477	5.25676790735784	1.46609143550526e-07	1.41189406705052e-06
ENSMUSG00000020017	723.699349814356	-0.586011493359854	0.111492402761281	-5.256066591502	1.47169020465851e-07	1.41665031090581e-06
ENSMUSG00000044197	1154.99947079172	0.364236011879124	0.0693028503900484	5.25571473365295	1.47450695281699e-07	1.41872551542669e-06
ENSMUSG00000029594	780.717934872954	0.290266110755171	0.0552554246381831	5.25316948798886	1.49503839972638e-07	1.43783576561499e-06
ENSMUSG00000030731	2026.71389537535	-0.293152179244887	0.0558096001751635	-5.25271957377945	1.49869631372855e-07	1.44070824319289e-06
ENSMUSG00000040373	1284.64952921093	-0.399757421900651	0.0761557482025995	-5.24920877721749	1.52753877097364e-07	1.46777740634379e-06
ENSMUSG00000014907	886.926297074772	0.298954541005276	0.0569781394170686	5.24682876738021	1.5473959313518e-07	1.48619244127059e-06
ENSMUSG00000026248	1290.85164127902	-0.252957366403605	0.0482160109464825	-5.24633542754867	1.55154314079884e-07	1.48950917085813e-06
ENSMUSG00000057691	1036.28511211075	0.213154661872404	0.0406354718610465	5.24553184964332	1.55832135720606e-07	1.495347619749e-06
ENSMUSG00000020848	162.398011394178	0.830434294034779	0.158321782390602	5.24523082986763	1.56086783814538e-07	1.49712193984043e-06
ENSMUSG00000020829	368.525239317051	-0.444182409690572	0.084690281814181	-5.24478606252784	1.56463772033301e-07	1.50006758841753e-06
ENSMUSG00000029337	129.766921242621	-0.636666441435399	0.121422539660246	-5.24339585728371	1.57647806605296e-07	1.51074456097736e-06
ENSMUSG00000033342	397.317436464718	0.565804152473309	0.107947071474692	5.24149608455066	1.59279857715735e-07	1.52570344744577e-06
ENSMUSG00000056216	2426.31309775539	0.322760664930975	0.0615804221529692	5.24128698126199	1.59460488482844e-07	1.52675238437678e-06
ENSMUSG00000037926	2511.69287267664	0.342682199519091	0.0653904317365907	5.24055569627529	1.6009375716974e-07	1.53213222978406e-06
ENSMUSG00000022668	1793.12764963753	-0.206634548803478	0.0394329156877573	-5.24015394752134	1.60442692622725e-07	1.53478736178227e-06
ENSMUSG00000051341	692.30780860138	0.367314507976499	0.0701145526299709	5.23877703270816	1.61644188491292e-07	1.5455920490664e-06
ENSMUSG00000069227	1285.8057474068	0.408192073951243	0.0779291488894335	5.23798963248514	1.62335179340261e-07	1.55150799631257e-06
ENSMUSG00000020312	10986.507257825	0.225380476159333	0.0430553558834867	5.23466759325462	1.65282043189981e-07	1.57896944330936e-06
ENSMUSG00000041957	120.668284866834	0.637648924176079	0.121837569533659	5.23359852479593	1.66241328915353e-07	1.5874272092958e-06
ENSMUSG00000021639	1173.42617088664	-0.247822801468233	0.0473550583871201	-5.23329101280629	1.66518257958773e-07	1.58936457329614e-06
ENSMUSG00000045625	1347.33866162831	-0.380369261544412	0.0726840482838789	-5.23318761853798	1.66611469530845e-07	1.58954746886628e-06
ENSMUSG00000040875	3375.58417349213	-0.36472881170045	0.0697006121501398	-5.2327920867438	1.66968513576803e-07	1.59224616278972e-06
ENSMUSG00000016946	2289.18614842285	-0.218352159194034	0.0417392250860064	-5.23134195098508	1.68283881018677e-07	1.60407717137963e-06
ENSMUSG00000023118	7406.76264186164	0.170068719044278	0.0325130098379528	5.23078976360271	1.68787380150607e-07	1.60816240670791e-06
ENSMUSG00000115003	22.8356380923554	1.42260721398112	0.272143614016481	5.22741354458152	1.71897732804653e-07	1.63707042253092e-06
ENSMUSG00000034205	247.654299995913	0.7392318232262	0.14142051020621	5.22718962156409	1.72105970597327e-07	1.63832672498546e-06
ENSMUSG00000030393	338.503347543276	0.430472381638653	0.0823959034958279	5.22443912105958	1.74683786454728e-07	1.66167991416191e-06
ENSMUSG00000019297	1077.01504563596	0.235826417664337	0.0451393649592902	5.22440707522184	1.74714039237093e-07	1.66167991416191e-06
ENSMUSG00000056656	171.95851659312	-0.556347784728536	0.106493554506232	-5.22423903782815	1.74872757400614e-07	1.66245288324251e-06
ENSMUSG00000070695	1118.14431917994	-0.40333518089248	0.0772217362251485	-5.22307837933755	1.75972859548594e-07	1.6721706078221e-06
ENSMUSG00000048763	341.040037867561	-0.471022672434805	0.0902091664546445	-5.22145022448053	1.77527349166467e-07	1.68619560938379e-06
ENSMUSG00000081534	10116.2775090702	-0.0982225789224791	0.018811695987974	-5.2213569146169	1.77616838319121e-07	1.68629944774801e-06
ENSMUSG00000048878	3561.37893434419	-0.294927222203929	0.0565436935592648	-5.21591717199742	1.82909900829155e-07	1.73578423129913e-06
ENSMUSG00000139403	78.6682302042966	-0.749710476045443	0.143739889376353	-5.21574407284038	1.83080811202993e-07	1.73663839738553e-06
ENSMUSG00000020893	2037.31802824063	0.795254944203764	0.152508946632336	5.21448060434737	1.84332987790428e-07	1.74774377911189e-06
ENSMUSG00000037826	639.262299423798	-0.324719608792166	0.0623146724913632	-5.21096550474805	1.87860383073131e-07	1.78040220002112e-06
ENSMUSG00000111874	16.4044736604196	1.73255960792007	0.33257736548315	5.20949345245761	1.89356889734027e-07	1.79379302516797e-06
ENSMUSG00000001901	2227.34838710267	-0.427977650067006	0.0821809643254576	-5.2077467523027	1.91147558609844e-07	1.80995742969516e-06
ENSMUSG00000030323	4078.79049027697	-0.194263692740769	0.0373054666753946	-5.20737870487219	1.91526953042673e-07	1.8127502530926e-06
ENSMUSG00000014786	422.164672730154	-0.402973044195887	0.0773938063677797	-5.20678673279018	1.92138703127661e-07	1.81773882826724e-06
ENSMUSG00000027508	1666.31886996335	0.344279347382778	0.0661431220744456	5.20506647683313	1.93927171522769e-07	1.83385051273469e-06
ENSMUSG00000105651	7.3585407789393	4.01212628901101	0.771056507370808	5.20341408270036	1.95660232080265e-07	1.84942428086084e-06
ENSMUSG00000042532	4672.42657312871	0.167159517521061	0.032138882435168	5.20116148588126	1.98046926482008e-07	1.871159913672e-06
ENSMUSG00000014075	491.007279128016	-0.308810129416169	0.059378883857852	-5.20067251778315	1.98568707442108e-07	1.87526435281667e-06
ENSMUSG00000031210	250.006506078939	-0.539795258290995	0.103803365589291	-5.20017106600141	1.99105189718613e-07	1.87950395888291e-06
ENSMUSG00000051790	9988.40267028142	0.282887946784746	0.0544113288106003	5.1990633746411	2.00295232088341e-07	1.88990657231135e-06
ENSMUSG00000108126	23.2671390149211	1.3566053397479	0.260937785967483	5.19896087382666	2.00405700148082e-07	1.89011808408556e-06
ENSMUSG00000028211	1756.52166254543	0.340611170213723	0.0655217790478472	5.19844203199965	2.00965774849815e-07	1.89456799425829e-06
ENSMUSG00000025582	12434.293800757	-0.385141453755377	0.0741125152237938	-5.19671276291709	2.02843415225206e-07	1.911429653742e-06
ENSMUSG00000108348	2286.90369834129	-0.373704867084267	0.0719326333190588	-5.19520626231895	2.04492983351559e-07	1.92612829338506e-06
ENSMUSG00000054708	804.42088170697	-0.275960767926702	0.0531435640789101	-5.19274107240799	2.07220286878603e-07	1.9509608237439e-06
ENSMUSG00000031762	1678.97727223227	1.14483720679259	0.220605225992867	5.1895289499153	2.10826726169889e-07	1.98404493816872e-06
ENSMUSG00000085057	11.4353008962182	2.3153965236453	0.44625885368899	5.18846069832591	2.1203949990475e-07	1.99458365686037e-06
ENSMUSG00000006527	1674.75000848649	0.235717834002491	0.045433590489785	5.188184148807	2.12354560315084e-07	1.99667235730337e-06
ENSMUSG00000093908	621.136372019921	0.476577126677288	0.0918818602917662	5.18684673083394	2.13884615474325e-07	2.01017826434845e-06
ENSMUSG00000073139	2047.37568118872	-0.195620760490406	0.0377156889615351	-5.18672111995388	2.14028864961892e-07	2.01065366095054e-06
ENSMUSG00000071855	418.967408978986	0.323079293954098	0.0623103216641152	5.1850044314594	2.16009729058098e-07	2.02837482238019e-06
ENSMUSG00000022269	1017.08964062122	-0.325640881519146	0.0628251014866359	-5.18329256640224	2.1800266318443e-07	2.04619377696413e-06
ENSMUSG00000034709	3156.92615824685	-0.187646171028767	0.0362063864809082	-5.18268154508361	2.18718300894653e-07	2.05201356949503e-06
ENSMUSG00000054766	7343.88809597909	0.118363110959997	0.0228430275173962	5.18158597278127	2.20007140429204e-07	2.06320370312507e-06
ENSMUSG00000051590	9.65293891128212	3.24194973003923	0.625699723895141	5.18131877996887	2.20322579473396e-07	2.06525960304625e-06
ENSMUSG00000018428	1346.86559757341	0.268606182682677	0.0518534661136959	5.18010082669731	2.21765999870617e-07	2.07750181261478e-06
ENSMUSG00000093536	255.418226378416	-0.441682366581709	0.0852659837322663	-5.18005360694112	2.21822144531495e-07	2.07750181261478e-06
ENSMUSG00000070972	261.021826651543	0.530104258315552	0.102378487357289	5.17788719094425	2.24412852657719e-07	2.1008487985829e-06
ENSMUSG00000028003	133.645907032835	0.837828576103531	0.161855505750039	5.17639836977451	2.26210183232025e-07	2.11675143559662e-06
ENSMUSG00000074892	1515.4123929821	-0.461323989405476	0.0891267665165919	-5.17604315107286	2.26641060083292e-07	2.11985925740651e-06
ENSMUSG00000020173	4638.51929584861	-0.363647902765143	0.0702598527639155	-5.17575668692417	2.26989115844617e-07	2.12219005257864e-06
ENSMUSG00000051223	14090.2020108129	0.10009172156606	0.0193411106535108	5.17507620731651	2.27817974679636e-07	2.12901203503399e-06
ENSMUSG00000024480	4039.36150979833	-0.194728897686972	0.0376345517123549	-5.17420532002897	2.2888302685305e-07	2.13763598354772e-06
ENSMUSG00000073494	7.34880175337625	5.07294709837127	0.980438988726611	5.17415887852439	2.28939957429247e-07	2.13763598354772e-06
ENSMUSG00000022490	2771.46762516321	-0.468741139436788	0.0906155392934676	-5.17285603652065	2.30542640839858e-07	2.15166449055148e-06
ENSMUSG00000075273	457.624642585055	-0.360758233874236	0.0697636134296809	-5.17115178154965	2.32655491695741e-07	2.17044014982215e-06
ENSMUSG00000025959	25597.5824478089	0.337159417695162	0.0652072194633469	5.17058418484904	2.33363313825778e-07	2.17609769530155e-06
ENSMUSG00000030609	2739.48591717832	0.276260797714391	0.0534357763101297	5.16995946893395	2.34144771705991e-07	2.18243667800296e-06
ENSMUSG00000032594	10478.3339507366	-0.112492132414785	0.0217625558538098	-5.16906806215467	2.35264212598588e-07	2.1919190918582e-06
ENSMUSG00000038646	3125.17562328862	-0.157618376059713	0.0304964769487785	-5.16841261121561	2.36090633977136e-07	2.19866444640052e-06
ENSMUSG00000055485	1332.74664859795	0.349625151568964	0.0676610928142862	5.16729980298431	2.37500138727217e-07	2.21083173370271e-06
ENSMUSG00000095677	171.380862797315	0.537593201473539	0.104056187419524	5.16637419460816	2.38678722803761e-07	2.2208398195516e-06
ENSMUSG00000063334	1332.39907516411	0.216606859952606	0.0419376625613309	5.16497216877152	2.40474700975126e-07	2.2365814259671e-06
ENSMUSG00000029622	18607.9405996659	0.221582878620717	0.04291637814077	5.16313091225693	2.42853169732714e-07	2.25772461735922e-06
ENSMUSG00000041740	12032.2894928921	0.114981792593499	0.0222707432068608	5.16290774517472	2.43142988475507e-07	2.25944042883777e-06
ENSMUSG00000059005	9662.65686894018	0.164026880128096	0.0317772877686194	5.16176463272851	2.44632752740575e-07	2.2723005929594e-06
ENSMUSG00000030738	12477.2267756485	0.238225460558222	0.0461550118903898	5.1614212801844	2.45081947318336e-07	2.27548835689248e-06
ENSMUSG00000027750	2018.28566881584	0.674871352828167	0.130755167655726	5.16133599098032	2.45193651303796e-07	2.2755412533019e-06
ENSMUSG00000001366	5859.24952829775	-0.230047929964332	0.0445792590198107	-5.16042516234064	2.46389642658989e-07	2.28565257965336e-06
ENSMUSG00000031556	3100.90462578211	0.16641958225346	0.0322500795488205	5.16028439562551	2.46574982760073e-07	2.28638383582192e-06
ENSMUSG00000031851	1019.56609215997	-0.191152366196534	0.0370449518465391	-5.16001119365451	2.46935077799823e-07	2.28873418827764e-06
ENSMUSG00000035226	534.146380638337	0.497292092968791	0.0963795467400183	5.1597264128065	2.4731097518289e-07	2.29122891380057e-06
ENSMUSG00000052372	258.449873511496	-0.616523966593005	0.119501494019675	-5.15913187237224	2.48097523199521e-07	2.29752434555691e-06
ENSMUSG00000040258	83.0327812897979	-0.828529513273629	0.160651340557068	-5.15731465670099	2.50516620813995e-07	2.31892616748306e-06
ENSMUSG00000032908	10349.9495034882	-0.307001295485089	0.0595440977479573	-5.15586442815183	2.524635137924e-07	2.3359404254602e-06
ENSMUSG00000025591	573.064390534445	0.297176196569439	0.0576523558598114	5.15462364264971	2.54140829902141e-07	2.35044681373518e-06
ENSMUSG00000022223	3039.96748436858	-0.200883656100271	0.0390073528147386	-5.14989204866958	2.60636427926356e-07	2.4094838767731e-06
ENSMUSG00000059187	1534.33895870657	-0.305450257144323	0.059321059905519	-5.14910316219594	2.61734904424317e-07	2.4185972700699e-06
ENSMUSG00000020486	2451.5288993741	-0.214840600039883	0.041732550503803	-5.14803426692805	2.63230412756471e-07	2.43137006894595e-06
ENSMUSG00000066900	5755.96228689408	-0.208169761152335	0.0404394900558578	-5.14768511830384	2.63720697982799e-07	2.43485096898872e-06
ENSMUSG00000008590	1145.29902757662	-0.473385466815554	0.0919629847274208	-5.14756527551464	2.63889188156292e-07	2.43535911993249e-06
ENSMUSG00000041769	4242.78807784018	0.145550633688923	0.0282861866211309	5.14564354815472	2.66605239434317e-07	2.45936745582168e-06
ENSMUSG00000069495	1387.49195289062	0.234832796081071	0.045642953548912	5.1449956197383	2.67527053060397e-07	2.46681087671584e-06
ENSMUSG00000022257	6692.29563586905	0.234535649269406	0.0455893480309665	5.14452738192479	2.68195134647945e-07	2.47190930028029e-06
ENSMUSG00000026484	910.589692326303	0.296742999499008	0.0576896455818066	5.14378267549265	2.69261002258099e-07	2.48066810063191e-06
ENSMUSG00000054728	9746.00034209245	-0.321981301376949	0.0626000024985337	-5.14347106271267	2.69708213898606e-07	2.4837222306081e-06
ENSMUSG00000038762	4943.00783092508	0.16950852119971	0.0329792807204262	5.13984894445323	2.74959422833429e-07	2.53099441275402e-06
ENSMUSG00000040782	3406.48178312959	0.156768769747561	0.0305020597270984	5.13961257535292	2.75305512429598e-07	2.53309392619535e-06
ENSMUSG00000025981	1469.48682547345	0.239326687968865	0.0465806125751025	5.13790340526319	2.77820614484957e-07	2.55514023587579e-06
ENSMUSG00000027832	34.9396405133364	1.70348564147074	0.331573578799244	5.13757956119338	2.78299656197412e-07	2.55844985864396e-06
ENSMUSG00000045333	1199.37620961202	-0.31997542977628	0.0623022432716293	-5.13585728175518	2.80860746174845e-07	2.58035878099189e-06
ENSMUSG00000033436	9963.36730045109	-0.195387529305806	0.0380441103475431	-5.13581543952241	2.80923249379393e-07	2.58035878099189e-06
ENSMUSG00000031538	1212.93173893835	0.662399067259729	0.128987711617316	5.13536567905747	2.81595942584305e-07	2.58543135308584e-06
ENSMUSG00000022234	15680.2750325201	0.0958111899475595	0.0186717073485177	5.13135666488291	2.87661237037731e-07	2.63998978805128e-06
ENSMUSG00000062991	5829.95942457495	-0.351555492787759	0.068520969945827	-5.13062633330644	2.8877966741409e-07	2.64912151312429e-06
ENSMUSG00000029199	2086.79583167686	-0.178691455694922	0.0348326467033093	-5.12999937147888	2.89743146032474e-07	2.65682459322217e-06
ENSMUSG00000056648	800.438246805653	-0.472835182632434	0.0921818204044077	-5.12937562480405	2.9070476377774e-07	2.6645040389637e-06
ENSMUSG00000125903	18.0135423745875	1.55158237142207	0.302672368081624	5.12627690877829	2.95527859821291e-07	2.70755486082963e-06
ENSMUSG00000107857	6.26537519785415	5.4046798144205	1.05468194024344	5.12446417085039	2.98385080751336e-07	2.73256576083967e-06
ENSMUSG00000015647	318.239840519156	0.533848126908761	0.104180611803992	5.12425601716715	2.98714872942707e-07	2.73441938703119e-06
ENSMUSG00000008090	452.232545308391	0.663822959065994	0.129567306410551	5.12338318558993	3.00101596327561e-07	2.74594239845159e-06
ENSMUSG00000026018	1030.17992711165	-0.321384360499931	0.0627729460529336	-5.11979094033474	3.05874546100629e-07	2.79757264874142e-06
ENSMUSG00000031129	14705.1650089793	-0.312544032117417	0.0610510281499467	-5.11939014933183	3.06525250717925e-07	2.80233008173381e-06
ENSMUSG00000028919	897.505440616564	0.289951260438085	0.0566414825295267	5.11906199289428	3.07059024421611e-07	2.80601490772001e-06
ENSMUSG00000031934	4859.37487557887	0.166073809798649	0.0324459276683136	5.11847932031343	3.08009002075476e-07	2.8134983993839e-06
ENSMUSG00000020132	7661.73511079527	-0.114468446477595	0.0223692705978408	-5.11721855108874	3.10074257766303e-07	2.83115866321202e-06
ENSMUSG00000024841	2136.68436910193	0.18407103995481	0.0359769701240424	5.11635747313251	3.1149245989898e-07	2.84289844565965e-06
ENSMUSG00000063646	827.225074307912	-0.347033302146051	0.0678457915371975	-5.11503063466781	3.13690040972368e-07	2.86173838483334e-06
ENSMUSG00000028019	279.799914862979	0.619615753283213	0.121191599441699	5.11269556749507	3.17593908242937e-07	2.89612184976333e-06
ENSMUSG00000028041	5970.68131169946	0.131938829008308	0.0258098492480028	5.11195659225006	3.1883910050734e-07	2.9062420940512e-06
ENSMUSG00000097195	191.973388298168	0.708328800929428	0.13858635293448	5.11110066706431	3.20287248074745e-07	2.91820291475912e-06
ENSMUSG00000050947	12987.4527785041	-0.213588677932697	0.0418267342666612	-5.1065109834057	3.28161544656877e-07	2.98867870920853e-06
ENSMUSG00000111080	4428.30318393618	-0.223559787432791	0.0437826931961632	-5.10612233082961	3.28836853604087e-07	2.99346015779878e-06
ENSMUSG00000096141	94.437491745949	-0.68223168789872	0.133612459946526	-5.10604840425632	3.28965457572316e-07	2.99346015779878e-06
ENSMUSG00000026048	1384.43609540737	0.185229903966701	0.0363006272217938	5.10266400729006	3.34905289076306e-07	3.04621904038643e-06
ENSMUSG00000035049	2121.11546661114	0.394611413478302	0.077391322819103	5.09891030549614	3.41614367406695e-07	3.10592715406697e-06
ENSMUSG00000074653	363.221946893944	-0.463544381624834	0.0909350695095975	-5.09753150379359	3.44111162081493e-07	3.12730321983122e-06
ENSMUSG00000033219	6.79849583839417	4.71263760523614	0.92490289498339	5.09527825115173	3.48229410540775e-07	3.16339082804413e-06
ENSMUSG00000030498	858.980446313514	-0.302771488621688	0.0594300039861852	-5.09458974110229	3.49497254922407e-07	3.17356517519644e-06
ENSMUSG00000041141	732.966469328844	-0.407366010594084	0.0799894983367277	-5.09274366091429	3.52918714000202e-07	3.2032782726124e-06
ENSMUSG00000021301	8406.64456184667	-0.369298976895685	0.0725401216036725	-5.09096164620971	3.56252089191032e-07	3.23216709491745e-06
ENSMUSG00000025347	9.49851824346318	2.65574718295032	0.52179514980339	5.0896356241544	3.58752198507051e-07	3.25347473305972e-06
ENSMUSG00000018572	3392.04591410117	0.1814077285298	0.0356463279240822	5.08910003061615	3.59766811581113e-07	3.26129830126697e-06
ENSMUSG00000059897	608.549834409137	-0.300348811374055	0.0590418844300637	-5.08704649713246	3.63682694276881e-07	3.29540426988076e-06
ENSMUSG00000005871	18709.5893515569	0.39114957447477	0.0768962163348247	5.08672068820149	3.64307748298684e-07	3.29967515821922e-06
ENSMUSG00000022610	1705.81269849108	-0.210469353609473	0.0413794149969867	-5.08632984842342	3.65058929882783e-07	3.30508434789702e-06
ENSMUSG00000029126	6519.65185140003	0.342258345990345	0.0672913650425107	5.0862149367029	3.6528007076605e-07	3.30569224243846e-06
ENSMUSG00000030779	3043.77314947715	0.259981807428855	0.0511173719123439	5.08597757871183	3.65737261746841e-07	3.30843491810269e-06
ENSMUSG00000059742	9998.51709770735	-0.476579025787462	0.0937336443655883	-5.08439663274658	3.6879654673332e-07	3.33470373722723e-06
ENSMUSG00000026234	15223.5738630507	0.182878030133358	0.035975488949776	5.08340638229176	3.70725341950551e-07	3.35073271170969e-06
ENSMUSG00000022768	55.0504722115301	0.8844427990453	0.174006795734694	5.082806078412	3.71899340889989e-07	3.35992897792277e-06
ENSMUSG00000068349	3.72058746677985	5.3777197456346	1.05814291073483	5.08222442458176	3.73040288453157e-07	3.36881902900104e-06
ENSMUSG00000026663	4121.89275996488	0.272475443226066	0.0536256180134988	5.0810685884772	3.75317562104617e-07	3.38795912032704e-06
ENSMUSG00000039057	291.978596256017	0.638781164040266	0.125721404475401	5.08092608975944	3.75599245927859e-07	3.38907667637134e-06
ENSMUSG00000038112	464.118858348562	-0.398503049674448	0.0784378164142284	-5.08049647340974	3.76449723833288e-07	3.39532343353166e-06
ENSMUSG00000037259	7200.87162382656	-0.334601352675173	0.0658677422632147	-5.07989709648874	3.7763936921177e-07	3.40462272133551e-06
ENSMUSG00000034390	12514.9499550742	0.246462207796014	0.0485209161843529	5.07950441124385	3.7842073849947e-07	3.4102349171409e-06
ENSMUSG00000040158	1142.59476385424	0.331181399656476	0.0652390339500537	5.07643016158125	3.84592065847436e-07	3.46439500020188e-06
ENSMUSG00000053930	392.307869562056	0.676196728019968	0.133220790915127	5.07575974722116	3.85950714225946e-07	3.47517534881467e-06
ENSMUSG00000029359	2363.17445523328	-0.33016544471794	0.0650555312795503	-5.07513255558832	3.87225960916537e-07	3.4851960071423e-06
ENSMUSG00000025278	2781.21241915082	0.464643265530231	0.0915631001605968	5.07456895534633	3.8837537735437e-07	3.49407621554439e-06
ENSMUSG00000042901	4372.65657669644	-0.150845130948871	0.0297282550655239	-5.074133366267	3.89265980450846e-07	3.50062150664343e-06
ENSMUSG00000027742	2505.74309345023	-0.19952349137167	0.0393226059765116	-5.07401496968055	3.89508393910693e-07	3.50133466653556e-06
ENSMUSG00000040219	515.141950617133	-0.379777943172372	0.0748583539906287	-5.07328738780331	3.91001297392096e-07	3.51328331930462e-06
ENSMUSG00000052544	749.311036017574	-0.479457247037287	0.0945548484510207	-5.07067860497545	3.96399706075592e-07	3.56029961950572e-06
ENSMUSG00000021733	485.108071154798	0.366476985085698	0.072322010916654	5.06729528729554	4.03508079491888e-07	3.62262837071219e-06
ENSMUSG00000006024	19613.9798318023	0.142939391923859	0.0282105864318665	5.06687063273507	4.04408922110664e-07	3.62919812793793e-06
ENSMUSG00000026142	1361.79357432663	0.226841269424151	0.0448085341961065	5.06245681751986	4.13887832146998e-07	3.71271049096007e-06
ENSMUSG00000031600	2557.79377722996	0.200161356425729	0.0395594783012869	5.0597572319152	4.19790608469741e-07	3.76408738571907e-06
ENSMUSG00000043439	107.992537877002	0.759440242136121	0.150108454690888	5.05927693213555	4.20849283400733e-07	3.77200447493952e-06
ENSMUSG00000078813	592.234666046407	0.318138179139254	0.0628905123500306	5.05860371066128	4.22337532255633e-07	3.78376355066754e-06
ENSMUSG00000044250	414.840600429879	-0.36008663523421	0.0711873752505065	-5.05829346800713	4.23025074301349e-07	3.78834219647591e-06
ENSMUSG00000000861	249.874196010005	-0.492677544942165	0.0974089311108024	-5.05782723744033	4.24060339033021e-07	3.79602970712378e-06
ENSMUSG00000006941	5898.00060881344	0.164649522705195	0.0325565082160569	5.05734588035424	4.25131756642894e-07	3.8040343009989e-06
ENSMUSG00000045690	134.135965605097	0.545861186911174	0.107956092386602	5.05632590846644	4.27410674496953e-07	3.82283230781317e-06
ENSMUSG00000021720	799.332360097883	-0.290575996055225	0.0574721076953129	-5.05594814089136	4.28257705816477e-07	3.82881295837422e-06
ENSMUSG00000032554	3703.83278235646	0.560597470282646	0.110941244189482	5.05310242712956	4.34690625350357e-07	3.88470814478383e-06
ENSMUSG00000020056	1145.16499654469	-0.254791360231712	0.0504298421728197	-5.0523925765732	4.36309757420509e-07	3.89755524460617e-06
ENSMUSG00000026003	8780.78576694276	0.101850897188189	0.0201599598290173	5.05213790364751	4.36892069964592e-07	3.90113359977535e-06
ENSMUSG00000039983	2229.06446298584	-0.190355816924943	0.0376992207565466	-5.04933028070314	4.4336162943833e-07	3.95725602391817e-06
ENSMUSG00000070687	1752.40253264768	-0.42513457238386	0.0842009999925458	-5.04904422063273	4.44025956883244e-07	3.96153831689764e-06
ENSMUSG00000128399	7.39098762196947	3.24008507204388	0.641792174014994	5.0484957642506	4.45302343039521e-07	3.97127548636741e-06
ENSMUSG00000041308	1637.72091836634	0.269953617610788	0.0534811471349003	5.04764074954973	4.4729922465546e-07	3.98742739055403e-06
ENSMUSG00000042097	447.626969508015	-0.313217581600065	0.0620865554431372	-5.04485358165713	4.53868791387038e-07	4.04431194516985e-06
ENSMUSG00000031666	2220.18045026302	-0.198727974571361	0.0393978917845324	-5.04412712381178	4.55596340077068e-07	4.05802117680263e-06
ENSMUSG00000036885	692.640817132129	0.450261007728101	0.0892775801277646	5.04338275168005	4.57373068380737e-07	4.07215689998378e-06
ENSMUSG00000073530	817.024337825632	0.591320887703685	0.117289298888647	5.04155872109932	4.61755114146348e-07	4.10946736329416e-06
ENSMUSG00000027568	27.8943030490241	-1.21762865535317	0.241698293717355	-5.03780410124483	4.70903031267356e-07	4.18914399883343e-06
ENSMUSG00000029503	220.700754267413	-0.437881593879055	0.0869307114033237	-5.03713344582515	4.72555340812505e-07	4.20210146888203e-06
ENSMUSG00000020451	9701.1375048781	0.187573240246628	0.0372401256980627	5.03685840825143	4.73234572995574e-07	4.20639890017515e-06
ENSMUSG00000031609	179.675988406059	0.536472700844048	0.106520492035104	5.03633329695148	4.74534002798502e-07	4.21620318877179e-06
ENSMUSG00000096719	285.113261906235	-0.65564682540643	0.130258542518151	-5.03342669687148	4.81789094499251e-07	4.27889313302479e-06
ENSMUSG00000055639	442.784829494364	-0.490645281671705	0.0974835248792726	-5.03310977192649	4.82586600793198e-07	4.28420346262481e-06
ENSMUSG00000031935	1584.94588378022	-0.179058745013293	0.0355903260789755	-5.03110717828095	4.87655423485741e-07	4.32612523401173e-06
ENSMUSG00000035900	2567.72299697185	-0.238554212849918	0.0474160570439647	-5.03108498938931	4.87711873022844e-07	4.32612523401173e-06
ENSMUSG00000056724	383.871877378388	0.489777597264983	0.0973556209148544	5.03080965087095	4.88412871089933e-07	4.33055377563672e-06
ENSMUSG00000034731	56646.8286514249	-0.317344794102671	0.0630823214986887	-5.03064545760681	4.8883136131977e-07	4.33247481506614e-06
ENSMUSG00000028007	10362.7584655019	-0.215356463100839	0.0428161515064342	-5.02979496110193	4.9100461901502e-07	4.34994021947025e-06
ENSMUSG00000002767	1722.30188468483	-0.194827419371475	0.0387504529650987	-5.02774559943723	4.96279660540247e-07	4.39485940311755e-06
ENSMUSG00000054021	516.985495938273	-0.27178964270459	0.0540674466495185	-5.02686291931655	4.98568473962182e-07	4.41330757198854e-06
ENSMUSG00000028397	1114.61845924215	0.248146714439535	0.0493696373206636	5.02630215465799	5.0002783625967e-07	4.42285753464833e-06
ENSMUSG00000084802	49.2444766139905	-0.94693087683712	0.188395589817233	-5.0262900408431	5.00059407276227e-07	4.42285753464833e-06
ENSMUSG00000022351	18223.903522092	0.283515489518533	0.0564424603550141	5.02308878343122	5.08470247600469e-07	4.49539634884335e-06
ENSMUSG00000030339	1086.82514931377	0.412019030490299	0.0821123662559512	5.01774640382425	5.22811250289133e-07	4.62028254372438e-06
ENSMUSG00000030324	135.142116690571	-0.632179706325718	0.125999180311799	-5.01733189661488	5.23940106485824e-07	4.62835322050399e-06
ENSMUSG00000009640	932.811013619544	-0.206909978500473	0.041268686415289	-5.01372823981667	5.33853735221257e-07	4.71398777468511e-06
ENSMUSG00000040563	2895.17339381064	0.211717937418351	0.042237941223929	5.01250608536778	5.37256758061318e-07	4.74208617127642e-06
ENSMUSG00000004947	1156.16667256705	0.202733354002647	0.0404464633477941	5.01238766562525	5.37587600694038e-07	4.74305607747564e-06
ENSMUSG00000031311	7514.16751141274	0.175718047233458	0.0350599498705554	5.01193093208136	5.38865469740775e-07	4.75237722820685e-06
ENSMUSG00000026608	2799.49738915833	-0.208337652653033	0.0415704914077189	-5.01167163528764	5.39592244455926e-07	4.75683249260407e-06
ENSMUSG00000136680	5.89579268015119	4.87297745177498	0.972393067672736	5.01132475516064	5.40565981713122e-07	4.76346032982508e-06
ENSMUSG00000005034	19355.2063193449	-0.184613759586447	0.0368499611905098	-5.00987663547367	5.44649371995695e-07	4.79747370507164e-06
ENSMUSG00000024921	7772.44441356239	-0.238336912439234	0.0475797527265945	-5.00920872390361	5.46542747522369e-07	4.81217662769285e-06
ENSMUSG00000121318	562.844239557491	0.278442553967736	0.055592453825269	5.00863938913185	5.48161689380603e-07	4.82445216246168e-06
ENSMUSG00000025492	2456.3353402572	0.799258746799265	0.159629396663869	5.00696465377403	5.52950761274789e-07	4.8646069842314e-06
ENSMUSG00000009731	13882.6788549897	-0.343286783964762	0.0685687789032579	-5.00645905404117	5.54404484058355e-07	4.87539805604124e-06
ENSMUSG00000027580	269.315478277429	0.791231481254202	0.158070723198995	5.00555362334947	5.57017031429418e-07	4.89636674720061e-06
ENSMUSG00000059852	772.756711449044	-0.485011383608807	0.0969483420768152	-5.00278161770437	5.65089434637885e-07	4.96529259268802e-06
ENSMUSG00000068615	124.157704587294	-0.785260062516015	0.156969329163457	-5.00263374189679	5.65523220039718e-07	4.96707096619173e-06
ENSMUSG00000038524	1537.09937193246	0.243865396428038	0.0487645261008761	5.00087698839868	5.70701181455301e-07	5.01049961599979e-06
ENSMUSG00000027472	5023.72394810598	0.207874769844852	0.0415837469367741	4.9989427398381	5.76455165729517e-07	5.05894790987318e-06
ENSMUSG00000024232	546.536817856772	-0.571210013002502	0.1143032830845	-4.99731939090698	5.81327416603408e-07	5.0996217101793e-06
ENSMUSG00000051817	1212.67185424613	-0.267120278776889	0.0534549458398411	-4.99711064299309	5.8195681702621e-07	5.10305761204437e-06
ENSMUSG00000028668	2226.04960609943	0.150306803722027	0.0300856536580662	4.99596270801743	5.85429737243476e-07	5.13141475690831e-06
ENSMUSG00000027971	3534.95671655412	-0.505443911052382	0.101193208201348	-4.99484026681595	5.88844842826738e-07	5.15924220249746e-06
ENSMUSG00000020549	1826.40510433491	0.241205415270209	0.0482941819997142	4.99450255253597	5.89876114842766e-07	5.16616918858214e-06
ENSMUSG00000026435	1607.65746764076	-0.424282295657859	0.0849587483131309	-4.99398006776288	5.91475048443799e-07	5.1780601100712e-06
ENSMUSG00000030279	2134.59525667312	-0.262631942178511	0.0526048843761936	-4.99253910150909	5.95906443892795e-07	5.21472797578587e-06
ENSMUSG00000072673	55.8562796230501	-0.785896695772399	0.157432723986431	-4.99195259963956	5.97719258752994e-07	5.22846031311808e-06
ENSMUSG00000052407	148.094329999962	-0.515609952293337	0.103300809976055	-4.99134471852501	5.99603764256779e-07	5.24280831101263e-06
ENSMUSG00000021774	4108.40552286478	0.185862293129246	0.0372456096153758	4.99017991781018	6.03230802160927e-07	5.27237475536908e-06
ENSMUSG00000028514	2402.16491896206	0.264306996465819	0.0529826946591328	4.98855330341828	6.08331273967161e-07	5.31479003947052e-06
ENSMUSG00000038241	2703.48224543435	-0.232883917951376	0.0466918337196724	-4.98767984460754	6.1108725144676e-07	5.33669606979501e-06
ENSMUSG00000061024	1048.92071487971	0.207672364016978	0.0416468311385569	4.98651057810526	6.1479541914475e-07	5.36689648937015e-06
ENSMUSG00000020407	108.703676583926	0.772936338641645	0.155030973515183	4.98568976970236	6.17411446357277e-07	5.38754232012411e-06
ENSMUSG00000031832	453.820942820543	0.302331695604818	0.0606447366395521	4.98529159095465	6.18684357405498e-07	5.39645608129476e-06
ENSMUSG00000128084	19.9653793300216	1.45169610992468	0.291487042506245	4.9803109511929	6.34821892485171e-07	5.53496618362578e-06
ENSMUSG00000062421	1566.75855038582	0.423270226409694	0.0849925811564529	4.98008438678365	6.35565537743027e-07	5.53920009467796e-06
ENSMUSG00000022500	1600.97108970153	0.380531237418958	0.0764178039906664	4.97961492671834	6.37109104910091e-07	5.55039936931819e-06
ENSMUSG00000048756	6147.88276656757	-0.297118805357136	0.0596742149562552	-4.9790148990639	6.39087234066004e-07	5.5653738606332e-06
ENSMUSG00000031568	1407.66496375479	0.20487773372683	0.0411496731082343	4.9788423151734	6.39657291796613e-07	5.568079248056e-06
ENSMUSG00000028636	815.708349705637	-0.33630426133303	0.0676014931628104	-4.97480522394793	6.53132780299379e-07	5.68307590673144e-06
ENSMUSG00000022964	9098.47707882141	-0.189047027363473	0.0380050539655077	-4.97426020063137	6.5497285274572e-07	5.69677765682319e-06
ENSMUSG00000029249	502.21847535664	0.477304206069191	0.0959719006036256	4.97337453011908	6.57973656315233e-07	5.72055994591446e-06
ENSMUSG00000109715	244.986203748581	-0.397622109467663	0.0799557026917159	-4.97303001639257	6.59144503472385e-07	5.72841939738389e-06
ENSMUSG00000031302	777.687595139715	-0.424406835531943	0.0853659575832978	-4.97161687804906	6.63968168189791e-07	5.76800513895672e-06
ENSMUSG00000046997	647.37136546589	0.347465483300399	0.0699088377898087	4.97026548124152	6.68612890711943e-07	5.80600498059165e-06
ENSMUSG00000074155	130.711073758039	-0.677857791101348	0.136391038769648	-4.96995841674164	6.69672622079919e-07	5.81285584535687e-06
ENSMUSG00000025909	315.460173954827	-0.402959581719149	0.081095691889354	-4.96893943847155	6.73200897978659e-07	5.8411198367057e-06
ENSMUSG00000013495	2144.60846151249	-0.17671352576121	0.0355855642279771	-4.9658767422965	6.83913839742215e-07	5.93167453895208e-06
ENSMUSG00000016995	964.701207120822	0.409507250148491	0.0824692666165752	4.9655740489656	6.84981500286927e-07	5.93683051828799e-06
ENSMUSG00000020910	1020.61158976144	0.212719972346982	0.0428391441844711	4.96555139922921	6.85061455035841e-07	5.93683051828799e-06
ENSMUSG00000042410	4089.06079031301	0.184209193878774	0.0371134680703882	4.96340556289184	6.92677291501773e-07	6.00040788514006e-06
ENSMUSG00000049148	1385.11161208593	-0.386295687126368	0.077833013258076	-4.9631341632053	6.93646314168545e-07	6.00637828960951e-06
ENSMUSG00000038079	1467.27174527398	-0.192960143014253	0.0388801778442956	-4.96294393989157	6.94326278025201e-07	6.00984188874555e-06
ENSMUSG00000024970	1212.77766011758	0.201567970494968	0.0406165767285968	4.96270209677839	6.9519168711433e-07	6.01490719693519e-06
ENSMUSG00000027397	6068.84593705152	0.279450734944981	0.0563191541587844	4.96191285396629	6.98023142413793e-07	6.03697210920809e-06
ENSMUSG00000037855	5007.43466741881	-0.282674430731812	0.0569780435532413	-4.96111156339855	7.00909185810499e-07	6.0594911730198e-06
ENSMUSG00000021294	335.008433061054	-0.449357963225172	0.090620945562866	-4.95865454100169	7.09830608293272e-07	6.13414808277914e-06
ENSMUSG00000029191	3266.45001458925	-0.173880196953574	0.0350688925387449	-4.95824602278122	7.11324502105461e-07	6.14458421013916e-06
ENSMUSG00000113679	79.2211541867895	-0.787975750119216	0.15892503353381	-4.95816003683007	7.11639326339033e-07	6.14483096508193e-06
ENSMUSG00000019464	1749.10588054355	-0.425835678156695	0.0859062345872342	-4.95698222838852	7.15965226547487e-07	6.17969825213846e-06
ENSMUSG00000025511	1718.7213811153	-0.345090809154747	0.0696412527053425	-4.9552642399305	7.22320579562433e-07	6.23204725116044e-06
ENSMUSG00000052415	68.810294174056	1.14388987205015	0.230864764789251	4.95480491834415	7.24028934498476e-07	6.24427686136773e-06
ENSMUSG00000026639	45.0500822203976	1.55404282427877	0.313683642778358	4.95417233271809	7.26388083914887e-07	6.2598545369969e-06
ENSMUSG00000038217	123.6058392172	0.651314781263754	0.13146814543103	4.95416421315109	7.26418412916206e-07	6.2598545369969e-06
ENSMUSG00000067825	894.465457429895	-0.276772012519508	0.0558794929465374	-4.95301581895722	7.30720318521639e-07	6.29439901981762e-06
ENSMUSG00000105076	100.897640800266	-0.667929556766855	0.134857635191875	-4.95284939422619	7.31345781206138e-07	6.29725974302887e-06
ENSMUSG00000075600	212.287079831129	0.490119562154771	0.0989952566921894	4.9509398584492	7.38559270221052e-07	6.35682168988176e-06
ENSMUSG00000032547	1400.71527365747	0.332215191701716	0.0671053876742471	4.95064857257668	7.39665643657444e-07	6.36379266803635e-06
ENSMUSG00000058258	4029.966096759	0.292803375886376	0.0591481527480548	4.95033846844872	7.4084524803611e-07	6.37138785831056e-06
ENSMUSG00000070934	8058.02508068505	0.142083632717586	0.0287024046280989	4.95023446845599	7.41241259034759e-07	6.37224063533846e-06
ENSMUSG00000039182	1280.42330037489	-0.199060951829859	0.0402249497910604	-4.94869360592958	7.4713250046045e-07	6.42031475375662e-06
ENSMUSG00000097287	1065.69888192728	-0.406925295236307	0.0822339978344965	-4.94838273648426	7.48326516011293e-07	6.42800199787852e-06
ENSMUSG00000044716	437.797304757101	0.299747881381165	0.0605909991813312	4.94706945637432	7.5339099890477e-07	6.46891647299591e-06
ENSMUSG00000036941	1930.04397605097	-0.251863199995207	0.0509252488538241	-4.94574313653636	7.58539272160672e-07	6.51051739952058e-06
ENSMUSG00000054237	597.052369635674	-0.270881376878185	0.0547907135706224	-4.94392861901739	7.65637471204467e-07	6.56881453112513e-06
ENSMUSG00000027810	2783.1991322954	-0.142156588622125	0.0287589410469816	-4.94303974509679	7.69137958452998e-07	6.5962107136045e-06
ENSMUSG00000033720	1637.63463357251	-0.189735444960417	0.0383893232474906	-4.942401399921	7.71661340692404e-07	6.61520860195812e-06
ENSMUSG00000032182	951.91980842939	-0.304414287606765	0.0616115596483834	-4.94086319749175	7.7777466747913e-07	6.6649544958511e-06
ENSMUSG00000043881	1313.19071131745	-0.324271353244028	0.0656465261674501	-4.93965746819385	7.82599225628514e-07	6.70362129981711e-06
ENSMUSG00000038372	960.67780558552	0.281478803518462	0.0569910852098072	4.93899708142465	7.85253876280791e-07	6.72367758605642e-06
ENSMUSG00000020886	10565.71048195	-0.198772168669129	0.0402517991134358	-4.93821824234387	7.88395834214954e-07	6.74613081835973e-06
ENSMUSG00000068999	7.30246928714197	4.41614331621763	0.894283563042999	4.93819130611181	7.88504715515911e-07	6.74613081835973e-06
ENSMUSG00000019737	197.441355459953	-0.502370258899017	0.101740669989313	-4.9377526111415	7.90280043037084e-07	6.7586260573044e-06
ENSMUSG00000028607	1575.41059310187	-0.232420132417872	0.0470884428230686	-4.93582115873259	7.98142213651565e-07	6.82314645887873e-06
ENSMUSG00000043017	3271.2687000099	-0.304477530200064	0.0617202769466602	-4.93318476945913	8.08995593059243e-07	6.91317651298157e-06
ENSMUSG00000029608	27957.3506663158	-0.350826787763453	0.0711395745843273	-4.9315277721768	8.15889650370633e-07	6.96931445875687e-06
ENSMUSG00000026355	614.852616211836	0.397131177247531	0.0805325899958866	4.93131013503745	8.16799338641116e-07	6.97177673594923e-06
ENSMUSG00000051705	971.523576393938	-0.256804965918546	0.052076619294765	-4.93129103609768	8.1687921574861e-07	6.97177673594923e-06
ENSMUSG00000000690	405.968484956613	-0.460439810207906	0.0933722835094634	-4.93122576531225	8.17152253221292e-07	6.97177673594923e-06
ENSMUSG00000041057	1431.42584416943	0.184291246312935	0.0374017418158653	4.92734395152584	8.33549472106901e-07	7.10884901400347e-06
ENSMUSG00000026792	11605.9821484541	-0.199385282189302	0.0404890778957198	-4.92442141317274	8.46103228340117e-07	7.21304682269617e-06
ENSMUSG00000013236	12779.6645079303	-0.247261922249211	0.0502267087712468	-4.92291707536211	8.52635892134667e-07	7.26585234639252e-06
ENSMUSG00000140087	6.86231433849786	3.03352194484173	0.616517240475311	4.92041705517107	8.63599930861397e-07	7.35636353804394e-06
ENSMUSG00000092124	47.1622286315299	0.874661557190576	0.177821348147763	4.91876575170133	8.70916174344072e-07	7.41574240320105e-06
ENSMUSG00000028954	7677.25071143168	0.146887446794582	0.0298670086978805	4.91805015629186	8.74105185725055e-07	7.43994524852261e-06
ENSMUSG00000027108	6605.43226876908	-0.152936648918955	0.0310998424394204	-4.91760204949146	8.76107871022883e-07	7.45403549717686e-06
ENSMUSG00000050088	1269.12998535339	-0.175317894532946	0.0356524682974854	-4.91741253565077	8.76956177781119e-07	7.45829687490075e-06
ENSMUSG00000030224	9350.55939092022	0.109934828551987	0.0223575844203112	4.91711566353809	8.78286634589091e-07	7.46665382102552e-06
ENSMUSG00000010803	3513.8600530454	-0.510073573359973	0.103781092049374	-4.91489888271077	8.88282946938372e-07	7.54864676919204e-06
ENSMUSG00000024271	5229.75562850337	-0.228848717519049	0.0465697185045754	-4.91410995959885	8.91866864668345e-07	7.57353438070061e-06
ENSMUSG00000057455	4878.76607102641	-0.182424988554385	0.0371227751698715	-4.9140988980382	8.91917213938841e-07	7.57353438070061e-06
ENSMUSG00000005362	10415.8421641191	-0.164889229278561	0.0335572451141448	-4.91367002022041	8.93871462860348e-07	7.58712725257423e-06
ENSMUSG00000028028	345.443917164013	0.346721812043531	0.070570832942448	4.91310358099769	8.96458851445105e-07	7.60408408298594e-06
ENSMUSG00000024038	5269.42417247851	-0.19989400362047	0.0406861075380049	-4.913077601089	8.96577695613408e-07	7.60408408298594e-06
ENSMUSG00000048899	10031.3073204495	-0.307590037836854	0.0626153027287511	-4.91237803591449	8.99783541720486e-07	7.6282596787409e-06
ENSMUSG00000023068	5790.85620662743	0.162994745743725	0.0331953206847982	4.91017234903135	9.0996380482501e-07	7.7115211347705e-06
ENSMUSG00000034059	1584.30454673273	0.345567861551782	0.0704219633158191	4.90710348420741	9.24312699294486e-07	7.83003015116631e-06
ENSMUSG00000064061	2257.92435911739	-0.261812495026339	0.0533683837966261	-4.90576023482448	9.306615622526e-07	7.8807026017019e-06
ENSMUSG00000029007	3495.11676087814	0.171807270208542	0.0350377994634838	4.90348346184237	9.41518730492017e-07	7.96949568956689e-06
ENSMUSG00000028136	5642.67065776442	-0.177889214450601	0.0362819882263612	-4.90296213484115	9.44021867550286e-07	7.98753386237069e-06
ENSMUSG00000031548	3226.93573872674	0.325507205128159	0.066396924363557	4.90244402505515	9.46515904345943e-07	8.00548085212372e-06
ENSMUSG00000024978	5073.36749863809	0.281460248452828	0.0574133007878779	4.90235267072913	9.46956316089797e-07	8.00605131200614e-06
ENSMUSG00000021226	324.865432207312	0.453205141999812	0.092450143556362	4.90215725542401	9.47899059780928e-07	8.01086662096748e-06
ENSMUSG00000042354	1321.48697796117	0.26206374803117	0.0534608521195841	4.90197476547834	9.48780263408171e-07	8.01515825829194e-06
ENSMUSG00000032009	4676.48757213845	-0.199002313558634	0.0405975283203055	-4.90183323449029	9.49464228240746e-07	8.0177809297466e-06
ENSMUSG00000044499	1482.17115123041	0.294551341652549	0.0600917706286837	4.90169183851525	9.50148014601218e-07	8.01782223646586e-06
ENSMUSG00000043279	2180.61168635974	0.303681556386194	0.0619546146294157	4.90167775560673	9.50216145046545e-07	8.01782223646586e-06
ENSMUSG00000031924	15398.6833147218	0.133455812943021	0.0272363175490883	4.89992131654702	9.58750438885175e-07	8.08665497882482e-06
ENSMUSG00000002006	6267.42565102267	-0.148143478462128	0.0302411455746704	-4.89873897456487	9.6453677797329e-07	8.13226491593662e-06
ENSMUSG00000030062	7802.08556372757	0.194292545383866	0.0396670081907592	4.89808922441314	9.67730930787599e-07	8.15599221055618e-06
ENSMUSG00000072294	635.913102110926	0.435032353064352	0.0888564872359867	4.89589861806022	9.78575099036504e-07	8.24414955883736e-06
ENSMUSG00000020387	2184.63694190625	-0.314556933015226	0.0642795918625165	-4.89357389959805	9.90211076379776e-07	8.33890583192164e-06
ENSMUSG00000056234	3744.4267747214	-0.19359621409509	0.0395744797713126	-4.89194590083854	9.98438916361285e-07	8.4048979523966e-06
ENSMUSG00000034145	8049.89128890212	0.363523165482669	0.0743266073918874	4.890888717226	1.00381708024409e-06	8.44685905312412e-06
ENSMUSG00000039741	799.19879178899	-0.36244866712748	0.0741355099719156	-4.88900214303219	1.0134839257012e-06	8.52486126532209e-06
ENSMUSG00000029211	67.4488476362849	-0.785793571942075	0.160799233087441	-4.8867992518022	1.02488500370917e-06	8.61738405390561e-06
ENSMUSG00000059772	551.708707142464	-0.34855281905425	0.0713291212312862	-4.88654301409462	1.02621915075014e-06	8.6252232928749e-06
ENSMUSG00000084898	208.969823594231	-0.672884013156637	0.137750384345058	-4.88480679277884	1.03530323174987e-06	8.69816797367622e-06
ENSMUSG00000039809	13574.6805834598	-0.350612872658209	0.0717784266015686	-4.88465531021471	1.03609946409537e-06	8.70145191559902e-06
ENSMUSG00000032612	3753.39287006833	0.155906843403739	0.0319249633149315	4.88354025236483	1.04197866650204e-06	8.74740479277777e-06
ENSMUSG00000006392	1505.7381980176	0.206471603203058	0.0422857500116132	4.88277027476995	1.04605714190769e-06	8.7782105583231e-06
ENSMUSG00000032244	9973.61427144341	0.243089343422261	0.049797381321989	4.88156880881847	1.05245186605766e-06	8.82842194481979e-06
ENSMUSG00000022176	921.630273102406	-0.738532162713296	0.151297936938776	-4.8813101993066	1.05383321072569e-06	8.83655613337412e-06
ENSMUSG00000031112	409.510957974959	-0.301076431883738	0.061681944473601	-4.88111123041191	1.0548971767379e-06	8.84202373910804e-06
ENSMUSG00000033684	2701.42331771374	0.19380732285011	0.0397154063940642	4.87990279961171	1.06138137960431e-06	8.89290112981501e-06
ENSMUSG00000034532	346.749299131949	-0.394583544523742	0.080881529613222	-4.87853711979303	1.06875552200209e-06	8.95119236648338e-06
ENSMUSG00000129695	18.8762593234551	1.50275089640726	0.308039382843007	4.87843756385248	1.06929500946461e-06	8.95221789125087e-06
ENSMUSG00000101736	4.07291628426285	5.24156035421801	1.07448442256913	4.87820972004906	1.07053066733803e-06	8.95906873492323e-06
ENSMUSG00000035356	94.761229946285	1.0343733911345	0.212050808609581	4.87795070396993	1.07193704990732e-06	8.96734244478195e-06
ENSMUSG00000134939	273.703446566806	-0.480108134620546	0.098428540775932	-4.87773293026349	1.07312087411805e-06	8.97374861075892e-06
ENSMUSG00000103785	62.9138611550467	0.804588185410068	0.164992380168114	4.87651723425202	1.07975258509114e-06	9.02568885964421e-06
ENSMUSG00000039137	1109.50314404664	-0.474732279333149	0.0973968142416551	-4.87420746796986	1.09246134588932e-06	9.12836716654736e-06
ENSMUSG00000030782	3721.28672587908	0.192039342626852	0.039412889551354	4.87250097145578	1.10194314176756e-06	9.20401224948734e-06
ENSMUSG00000032028	477.480047772844	-0.595345413843187	0.122204277174994	-4.8717232130154	1.10629082176017e-06	9.23673231423721e-06
ENSMUSG00000017421	5036.75087276278	0.168292946472611	0.0345522715002111	4.87067677942919	1.11216645205708e-06	9.27923655486732e-06
ENSMUSG00000061353	2701.36440000326	0.696873694503155	0.143075747252906	4.87066262370333	1.11224614067239e-06	9.27923655486732e-06
ENSMUSG00000050965	22173.5061955024	-0.368257417691111	0.0756114078915445	-4.87039493060799	1.11375413403378e-06	9.28820755290177e-06
ENSMUSG00000121141	9566.59813943474	0.238594977111341	0.0489945880814317	4.86982310607006	1.11698198152291e-06	9.31150882150321e-06
ENSMUSG00000014198	36.5620411371676	1.19853237535847	0.246131243547787	4.86948490603051	1.11889529495193e-06	9.32383788875707e-06
ENSMUSG00000027739	2426.4712652189	0.170367049135939	0.0349887618790063	4.86919342059262	1.12054685795124e-06	9.33397704803309e-06
ENSMUSG00000050973	634.337351988662	-0.283473417409288	0.0582439896550163	-4.86699862231834	1.13305818582794e-06	9.43453336578063e-06
ENSMUSG00000019966	4678.80226690385	0.226277096105202	0.0464962420098292	4.86656741113331	1.13553203076432e-06	9.45146590631518e-06
ENSMUSG00000022858	4104.1018610821	0.131015311740555	0.0269299603839466	4.86503915611608	1.1443414999561e-06	9.52109869692153e-06
ENSMUSG00000025151	31768.9309514197	0.142278188860718	0.0292459642485577	4.86488281430947	1.14524641513375e-06	9.52493589587802e-06
ENSMUSG00000026491	1515.61410999756	0.346591578990888	0.0712515765193716	4.86433558275947	1.14841924821017e-06	9.54762493496499e-06
ENSMUSG00000071646	1985.83967481316	0.208458546902722	0.0428651409094686	4.86312519870137	1.15546709143224e-06	9.60249964563856e-06
ENSMUSG00000046707	2290.43704528976	0.127246156734913	0.0261743719530614	4.86147889099705	1.16512006683823e-06	9.67897343450054e-06
ENSMUSG00000036432	1078.45100230958	0.225108840413981	0.0463361105136762	4.85817298686603	1.18473881066731e-06	9.83814441384316e-06
ENSMUSG00000027775	3228.15666046738	-0.120700689643043	0.0248460593244364	-4.85794097433925	1.18612755020536e-06	9.84586774660027e-06
ENSMUSG00000031969	1658.58034590465	-0.21599453122411	0.0444968896040125	-4.85414897864305	1.20904821226281e-06	1.00322492943307e-05
ENSMUSG00000026858	2990.04642492753	-0.216392096393255	0.0445974067067498	-4.85212285584544	1.22146914237795e-06	1.01293292602931e-05
ENSMUSG00000017764	1080.39830641269	-0.216080813088477	0.0445335841643951	-4.8520867372996	1.22169167310626e-06	1.01293292602931e-05
ENSMUSG00000028475	62.9161419954469	-0.799452152690496	0.16479176138654	-4.8512871393812	1.22662809350183e-06	1.01663315270696e-05
ENSMUSG00000096999	4.34841421629566	5.06032611000091	1.04328406048007	4.85038188705038	1.23223994489535e-06	1.02089010641156e-05
ENSMUSG00000026083	4272.00805588728	0.22910061344285	0.0472406535540827	4.84964953290851	1.23679802923121e-06	1.02427108393045e-05
ENSMUSG00000034863	3675.50149164976	-0.198639694123279	0.0409865053403289	-4.84646574461245	1.25680276534662e-06	1.04043687469844e-05
ENSMUSG00000033854	731.128870688215	0.289122407663073	0.0596617022898163	4.84603014273067	1.25956387666247e-06	1.04232066987034e-05
ENSMUSG00000061175	590.513923798165	0.388951963190448	0.0802654369923874	4.84582128702965	1.26088980061344e-06	1.04301581733982e-05
ENSMUSG00000040648	5377.33405958038	-0.233527826817968	0.0481934904012129	-4.84563008144542	1.26210484968436e-06	1.04361874820202e-05
ENSMUSG00000005442	14268.5491484065	0.267936503483108	0.0553095825605877	4.84430529175669	1.27055444567125e-06	1.0502010678005e-05
ENSMUSG00000028039	201.723782325265	-0.481722360612358	0.0994536594104059	-4.84368663222819	1.27451891073458e-06	1.05307247643681e-05
ENSMUSG00000004455	4118.78259448136	0.142311694819478	0.0293816545754093	4.84355618756013	1.27535633780296e-06	1.0533589514151e-05
ENSMUSG00000028920	3026.17055266262	0.246275421647445	0.0508483284551738	4.84333367741977	1.27678602723579e-06	1.05413418694782e-05
ENSMUSG00000033813	2836.65978066859	0.166393191448583	0.0343600631346733	4.84263346072471	1.28129518014749e-06	1.05745030130896e-05
ENSMUSG00000073755	7613.91667490921	-0.211293296095548	0.0436621531112858	-4.83927797964989	1.30311674596365e-06	1.07504627474465e-05
ENSMUSG00000070738	2399.62609085317	0.198863049407685	0.0410985856001362	4.83868353384467	1.30701967156461e-06	1.07785187359992e-05
ENSMUSG00000029352	64.0726883267621	0.777540321084388	0.160703342991754	4.83835809889957	1.30916112497068e-06	1.07920325301923e-05
ENSMUSG00000121137	324.764454038857	-0.363890470682415	0.0752514710625639	-4.83565923089898	1.32705094819987e-06	1.09353073528055e-05
ENSMUSG00000024487	2160.99633211979	0.141674080622118	0.0293004071007303	4.83522567229406	1.32994668396056e-06	1.09549637443965e-05
ENSMUSG00000016481	2423.87891328677	0.140957130232178	0.0291633713144565	4.8333619838494	1.34246360727253e-06	1.1053825774343e-05
ENSMUSG00000069873	31.5661089948498	2.44094799676261	0.505188042119617	4.83176123195855	1.35330497536126e-06	1.11388207826322e-05
ENSMUSG00000010453	5674.38221116622	0.183087091775299	0.0378966513115232	4.83122084508896	1.35698381239486e-06	1.11648196691714e-05
ENSMUSG00000020836	1371.0125905911	-0.287053211716153	0.0594212457116205	-4.83081780394275	1.35973388930088e-06	1.11831600259512e-05
ENSMUSG00000074829	615.04512528201	-0.241024730676824	0.0499174613374753	-4.8284653149193	1.37589292668728e-06	1.13117263746722e-05
ENSMUSG00000033762	81.8886768945754	0.858627287772615	0.177847848019359	4.82787561016287	1.37997241366908e-06	1.13409218345408e-05
ENSMUSG00000021217	1458.02994503295	-0.263304529798449	0.0545532272672298	-4.82656192838323	1.38910212429895e-06	1.14115829315734e-05
ENSMUSG00000026321	1290.44418508198	-0.417368263468258	0.0864763563881304	-4.8263858573665	1.39033017271243e-06	1.1417302022741e-05
ENSMUSG00000039395	363.498671648959	0.349707115122834	0.072459934285471	4.82621352850101	1.39153313158718e-06	1.1422424025247e-05
ENSMUSG00000066154	15.8310995229174	1.94395743017321	0.402797221491611	4.82614409050409	1.39201813332928e-06	1.1422424025247e-05
ENSMUSG00000034730	2279.42106917635	-0.226988410233294	0.0470356411553157	-4.82588106928868	1.39385672517213e-06	1.14331404136588e-05
ENSMUSG00000041168	3788.87339434808	0.152745790512776	0.0316533375706804	4.82558245782779	1.39594693351938e-06	1.14459117169316e-05
ENSMUSG00000038517	1768.07828745443	0.221948914010338	0.0460060710856837	4.82433967458276	1.40467854034447e-06	1.15131078835565e-05
ENSMUSG00000038982	1910.29715989783	-0.193559394870396	0.0401355593215606	-4.82264102312927	1.41669800010593e-06	1.16071905611733e-05
ENSMUSG00000000579	43.8721436798059	0.967473422195521	0.200657240457819	4.82152261233203	1.42466567392649e-06	1.16680173050385e-05
ENSMUSG00000034673	3345.70039748356	-0.181332815164635	0.0376191421453732	-4.8202272785462	1.43394762297998e-06	1.17395574656324e-05
ENSMUSG00000019961	1574.10493780092	0.238299384301042	0.049475203056433	4.81654181447685	1.46067566860662e-06	1.19538177286731e-05
ENSMUSG00000005718	172.340683457753	-0.532915081675002	0.110731082023709	-4.81269641671974	1.48907402592789e-06	1.21815789026555e-05
ENSMUSG00000123536	58.3341993661493	-0.817698942175223	0.16994156678806	-4.81164766001602	1.49691078784451e-06	1.22410236083315e-05
ENSMUSG00000021254	1935.94887698146	0.198615965802658	0.0412789176539931	4.81155943737408	1.49757183058557e-06	1.2241765771268e-05
ENSMUSG00000059645	24.1823885439042	1.45819492705807	0.3030691984688	4.81142568900215	1.4985745280304e-06	1.22452991315952e-05
ENSMUSG00000049130	145.395806399193	1.12034779878702	0.232871333363549	4.81101637803558	1.50164710109047e-06	1.22657369375982e-05
ENSMUSG00000036062	109698.182980973	-0.318964032838952	0.0663027289723873	-4.81072254162855	1.5038565755807e-06	1.22791119252246e-05
ENSMUSG00000004698	2587.34594239078	0.245944386703178	0.051136214970979	4.80959310036453	1.51237843283214e-06	1.23439982658459e-05
ENSMUSG00000036155	2770.88156125431	-0.302520322402135	0.0629119939797795	-4.80862715143582	1.51970352435239e-06	1.23990710200488e-05
ENSMUSG00000092203	541.920144727717	0.463746713031073	0.0964668516286403	4.80731676427378	1.52969513944994e-06	1.24758494921856e-05
ENSMUSG00000083750	3.73889397398552	4.99917134124932	1.04006673134004	4.80658710697177	1.53528607109264e-06	1.25166922909512e-05
ENSMUSG00000013033	7768.44445295938	-0.301262885947823	0.0626901905998085	-4.805582549126	1.54301555377927e-06	1.25730609502308e-05
ENSMUSG00000060336	167.67429632566	-0.450901504731369	0.0938295891209063	-4.80553638735803	1.54337163905051e-06	1.25730609502308e-05
ENSMUSG00000036781	1268.51173275097	0.292277835092898	0.0608314613367987	4.80471500552445	1.54972088560391e-06	1.26199956488519e-05
ENSMUSG00000006127	3904.73610159625	-0.167596540556544	0.0348984774741576	-4.80240264580739	1.56773046766752e-06	1.27618135073761e-05
ENSMUSG00000026274	183.534939812396	0.442635504470162	0.0921999379825166	4.80082214972961	1.58015557813556e-06	1.28580817438431e-05
ENSMUSG00000023942	2143.79406114496	-0.257946541541828	0.0537307282945185	-4.80072669270228	1.58090903959088e-06	1.28593381750124e-05
ENSMUSG00000026275	7351.21174533019	0.168026025768774	0.0350050927316037	4.8000451550604	1.58629859731867e-06	1.2898290034107e-05
ENSMUSG00000107761	305.839208003712	-0.478843507794318	0.0997648723145195	-4.79972054978141	1.58887176124805e-06	1.29143207977852e-05
ENSMUSG00000054493	197.200436849055	-0.516134355755131	0.107547150047557	-4.79914489158379	1.59344490595547e-06	1.29465890807116e-05
ENSMUSG00000026869	4302.82706563424	-0.183714464125182	0.0382860454972196	-4.79847061087893	1.59881761859104e-06	1.29853269015041e-05
ENSMUSG00000026739	1582.03344992622	0.171834481690211	0.035827178756675	4.79620465951972	1.6170007518232e-06	1.3128040143206e-05
ENSMUSG00000063683	110.920784565297	0.8543394583445	0.178139527333019	4.7959005569122	1.61945610072485e-06	1.31430036514781e-05
ENSMUSG00000021221	343.509360198406	-0.44094088444025	0.0919843520711153	-4.79365103424708	1.63773056008765e-06	1.32862903260927e-05
ENSMUSG00000043542	6962.76426661654	-0.190915350714292	0.0398377328218033	-4.79232469298061	1.64859808210154e-06	1.33694017492979e-05
ENSMUSG00000041199	1103.24303073175	-0.240275644299088	0.0501416105606093	-4.79194109667962	1.65175402061462e-06	1.33899364828223e-05
ENSMUSG00000029171	322.307422556899	0.473776181223728	0.098870945196576	4.79186458955927	1.65238415719782e-06	1.33899880401693e-05
ENSMUSG00000022350	5350.82840277958	-0.187859170913029	0.0392075339694943	-4.79140491363712	1.65617505943269e-06	1.34156429531253e-05
ENSMUSG00000025873	5589.21725045012	0.144771298875639	0.0302249899123122	4.78978816190327	1.6695747690428e-06	1.35190841162855e-05
ENSMUSG00000070814	1161.27091373601	-0.213135050576476	0.0445227865903541	-4.78710042427246	1.69208176612388e-06	1.36961640994024e-05
ENSMUSG00000029557	414.896971579411	-0.341616665981009	0.0713986334303743	-4.78463871880885	1.71295161220498e-06	1.38598640435704e-05
ENSMUSG00000029103	14963.6900284046	0.102888024579368	0.0215047769938959	4.78442648387251	1.71476243570125e-06	1.38692880349521e-05
ENSMUSG00000020491	402.859992169029	-0.304371063682194	0.063622868308272	-4.78398839560996	1.71850609700541e-06	1.38943321575586e-05
ENSMUSG00000056091	1904.17874895836	-0.288866691661315	0.0603860044365651	-4.78366956642688	1.7212355729862e-06	1.39111606964314e-05
ENSMUSG00000020542	40.6531070315413	0.98243730314016	0.205394798567972	4.78316544522932	1.72555982573676e-06	1.3940860827725e-05
ENSMUSG00000045967	13515.6124058666	0.404886424348869	0.0846906061889731	4.78077135786975	1.74623876237341e-06	1.410261898913e-05
ENSMUSG00000020841	8587.73814465199	0.303540935063897	0.0635039535303505	4.77987460920563	1.75404557192098e-06	1.41603393181105e-05
ENSMUSG00000140561	16.155266649773	1.5915098544325	0.333033529647212	4.7788276937713	1.76320212354292e-06	1.42289085654032e-05
ENSMUSG00000014426	2139.11274058009	-0.242796671835781	0.0508292969371705	-4.7767072626619	1.78188881676215e-06	1.4374304900645e-05
ENSMUSG00000060621	145.506173180071	0.583789212884761	0.12224441682708	4.77558998633496	1.7918114305251e-06	1.44489196722959e-05
ENSMUSG00000032333	7617.43429930856	-0.148228564801433	0.0310419940456238	-4.77509803602096	1.79619729459303e-06	1.44788475875831e-05
ENSMUSG00000036395	659.66931203663	-0.389138351946754	0.0815037479612342	-4.77448413945137	1.80168481097328e-06	1.45176299370693e-05
ENSMUSG00000020400	3672.28212858094	0.192314700312986	0.0403043674912829	4.77155981556043	1.82804673963683e-06	1.47242144387231e-05
ENSMUSG00000058325	1146.76283888288	0.368301978317794	0.0771880683335525	4.77148847314396	1.82869447934575e-06	1.47242144387231e-05
ENSMUSG00000032120	6121.05324235008	0.20357376323521	0.0426709136168407	4.77078520191014	1.83509150828534e-06	1.47701815961204e-05
ENSMUSG00000011096	3798.98708333202	0.149827585706984	0.0314127125080797	4.76964813746813	1.84547987640096e-06	1.4848227521298e-05
ENSMUSG00000029162	1533.68987327266	-0.209032384094981	0.0438280706559912	-4.76937225313173	1.8480088965899e-06	1.4863004486399e-05
ENSMUSG00000019809	1362.821298566	-0.184685406083441	0.0387301975122215	-4.76851185757993	1.85591751150412e-06	1.49210207123398e-05
ENSMUSG00000079317	5228.64010344102	-0.148480426354801	0.0311450892499677	-4.76737841921435	1.86638554057162e-06	1.49995627158032e-05
ENSMUSG00000047117	94.86660566665	-0.670162075869803	0.14067986634732	-4.76373836050756	1.90038884189028e-06	1.52671208383297e-05
ENSMUSG00000027087	2315.75521712332	0.510587213370053	0.107184048324449	4.76364926826138	1.90122850616648e-06	1.52681523057874e-05
ENSMUSG00000007950	6409.83650651764	-0.161915563385127	0.0339947024631897	-4.7629645695665	1.90769346618638e-06	1.53143410415695e-05
ENSMUSG00000090071	12119.9475020067	-0.246692087167998	0.0518026663659767	-4.7621503770706	1.91540860517781e-06	1.53705275210269e-05
ENSMUSG00000020392	2289.54657126325	-0.216686470140395	0.0455034289502231	-4.76198113283796	1.9170160914868e-06	1.53776784080178e-05
ENSMUSG00000028524	3628.60352322407	-0.24576117576021	0.0516111017467395	-4.7617889842031	1.91884269550821e-06	1.53865809868432e-05
ENSMUSG00000025967	10384.0416240695	0.284015581543399	0.0596734765733224	4.75949446643051	1.94078445922417e-06	1.55567136675526e-05
ENSMUSG00000028576	1318.74172123573	-0.20797008875524	0.0436986767731715	-4.75918503973837	1.94376179175314e-06	1.55747632033494e-05
ENSMUSG00000091387	283.531698855439	0.557063520885582	0.117064709605025	4.75859482131812	1.94945310048505e-06	1.56145374085866e-05
ENSMUSG00000121411	160.938243345346	-0.665283088609111	0.139869258569035	-4.75646396796153	1.97013384114344e-06	1.57742980358019e-05
ENSMUSG00000022752	18117.4495961188	-0.147375647451712	0.0309861892010375	-4.75617206412646	1.97298323954349e-06	1.57912223042657e-05
ENSMUSG00000045098	1850.05165671899	0.190041549708942	0.0399843445017212	4.75289896776377	2.00520562141421e-06	1.60431397201929e-05
ENSMUSG00000075478	1568.31960856616	-0.331300579885555	0.0697087429573551	-4.75264028341797	2.00777371288815e-06	1.60576522630705e-05
ENSMUSG00000055817	4748.03335699025	-0.192949512280556	0.0405990212683987	-4.7525656100174	2.00851562127756e-06	1.60576522630705e-05
ENSMUSG00000025544	11356.709049213	-0.184468006028134	0.0388196921198547	-4.75191831657485	2.01495777040133e-06	1.61031584137882e-05
ENSMUSG00000032177	461.266962592058	-0.352576889317286	0.0742009374642308	-4.7516500648964	2.01763334224791e-06	1.61168123875056e-05
ENSMUSG00000137183	16.4926713599627	1.50347278382218	0.316414236685241	4.75159651339514	2.01816787932615e-06	1.61168123875056e-05
ENSMUSG00000061414	172.304029745895	-0.566879167900899	0.119305427576951	-4.75149521202852	2.01917941515134e-06	1.61188937618589e-05
ENSMUSG00000118257	235.168067508746	-0.533804950116059	0.112391379295594	-4.74951863267135	2.039014105844e-06	1.62711809650733e-05
ENSMUSG00000029063	2881.98673779336	0.240596525437271	0.0506680463127174	4.74848633303002	2.04944734566806e-06	1.634835998592e-05
ENSMUSG00000061119	1529.1225466368	0.192367879864927	0.0405166259663974	4.74787510747977	2.05564902568632e-06	1.63917392219103e-05
ENSMUSG00000092083	10633.1259581421	-0.403705151763508	0.085062404557867	-4.74598800565144	2.07491007771059e-06	1.6539182966259e-05
ENSMUSG00000113416	14.2776368345054	1.82165423531052	0.384062071471116	4.74312453800198	2.10446802942818e-06	1.67685637415387e-05
ENSMUSG00000027763	11753.4416516159	-0.176081529249042	0.0371594434927328	-4.73854053501847	2.15262972794767e-06	1.71400243676703e-05
ENSMUSG00000024420	2368.19444376881	-0.339184468213166	0.07158002102665	-4.73853546490136	2.15268357846078e-06	1.71400243676703e-05
ENSMUSG00000029390	2901.89691025043	0.190445852552664	0.0401919067556728	4.73841297727891	2.15398493205805e-06	1.71440269008372e-05
ENSMUSG00000059552	1236.96887282891	0.193157044528644	0.0407791168606825	4.73666571025912	2.17263099982954e-06	1.72860255901931e-05
ENSMUSG00000022673	911.457942914578	0.216132301912856	0.0456337475500326	4.73623827795184	2.17721591348493e-06	1.73160862537487e-05
ENSMUSG00000019890	741.524949089345	0.734558024488942	0.155143216064718	4.73470927779736	2.19369314252898e-06	1.74406729620471e-05
ENSMUSG00000047731	2540.83772066486	0.222394819866661	0.0469776831207434	4.73405253501018	2.2008072193613e-06	1.74907544505034e-05
ENSMUSG00000036834	131.448868053669	0.584497629600308	0.123499221210585	4.73280417374983	2.21439105190083e-06	1.75921977498531e-05
ENSMUSG00000008855	3307.64017487727	-0.167130009240985	0.0353186742462258	-4.73205783648135	2.22255061327515e-06	1.76504888881111e-05
ENSMUSG00000046844	19831.244169364	0.203145801317238	0.0429388107890975	4.73105327287775	2.23357890937961e-06	1.77315106763102e-05
ENSMUSG00000025900	25.4276700235773	1.25499494873806	0.265385701581907	4.72894711831613	2.2568715168101e-06	1.79097981441204e-05
ENSMUSG00000041852	3708.37709291244	-0.239698679027821	0.0507268592071486	-4.72528129622584	2.29797033684861e-06	1.82292059315566e-05
ENSMUSG00000030302	8348.14618439054	-0.437853745777693	0.0927011858886023	-4.7232809546132	2.32069895077231e-06	1.83991855450785e-05
ENSMUSG00000020701	8739.45153591065	-0.360538560964555	0.0763328134261449	-4.72324475912827	2.32111219864309e-06	1.83991855450785e-05
ENSMUSG00000037487	10694.727446059	0.283520373106564	0.0600293325195129	4.72303057866592	2.32355896717899e-06	1.84117817605996e-05
ENSMUSG00000057181	6542.92116812817	-0.196224927829886	0.0415539339774203	-4.72217451027648	2.33336332975539e-06	1.84826484267636e-05
ENSMUSG00000031723	1303.36201391834	-0.198665373205399	0.0420772042754713	-4.72144897994588	2.34170375491296e-06	1.85418711925347e-05
ENSMUSG00000048440	422.336921913391	0.274359401946675	0.0581390938532543	4.71901751064733	2.36986422505983e-06	1.87579297400938e-05
ENSMUSG00000021266	8745.21318014107	0.192176534983672	0.040730437871602	4.71825359672013	2.37877854371186e-06	1.88215481825724e-05
ENSMUSG00000028917	4975.01182031581	0.189766571735678	0.0402209520776563	4.71810243002919	2.38054636027528e-06	1.88285954936143e-05
ENSMUSG00000029599	3980.13529147688	0.151248041643385	0.0320577417852962	4.71798801850595	2.38188518260655e-06	1.88322457936767e-05
ENSMUSG00000007850	5116.67760478678	0.191585282019537	0.0406105858405288	4.71761926242239	2.38620521913164e-06	1.88594555353019e-05
ENSMUSG00000027489	5400.92661990689	-0.250227732476423	0.0530453177287398	-4.71724448434871	2.39060351145817e-06	1.88872635174682e-05
ENSMUSG00000032076	24886.7818299815	-0.255114868609229	0.0540888186290685	-4.71659161866267	2.39828395863795e-06	1.89409725739964e-05
ENSMUSG00000018906	872.015827418316	0.360880406144002	0.0765210116394654	4.71609559795573	2.4041350798439e-06	1.89801999352443e-05
ENSMUSG00000030032	705.599787823087	0.238945040596938	0.0506690991825997	4.71579413195871	2.40769790300197e-06	1.90013394065589e-05
ENSMUSG00000024525	632.204185068027	-0.254230139328216	0.0539113084157736	-4.7157107998112	2.40868364332023e-06	1.90021327039736e-05
ENSMUSG00000058486	1349.92308915499	0.148839795395899	0.0315636536698963	4.71554392759842	2.410658748319e-06	1.90107276603291e-05
ENSMUSG00000029209	3510.23062199891	0.302584374734377	0.0641771315149484	4.71483171016919	2.41910607087903e-06	1.90703381995921e-05
ENSMUSG00000035064	2637.25060829234	0.194063458744074	0.0411694732357151	4.71377075030732	2.43174240323014e-06	1.91629157223708e-05
ENSMUSG00000033953	13533.5600614836	-0.14684698610199	0.0311588088902094	-4.71285621409398	2.44268561945058e-06	1.92420878925233e-05
ENSMUSG00000031139	190.099492779126	-0.532162415674703	0.112940169236825	-4.71189674383086	2.45421732242653e-06	1.93258360393279e-05
ENSMUSG00000032870	6447.84267382357	-0.188787657957387	0.0400717541362825	-4.71124017469582	2.46213860893574e-06	1.9381102816067e-05
ENSMUSG00000040549	16948.9437173193	-0.38557666616635	0.0818468368774275	-4.71095378730131	2.46560145923925e-06	1.94012466730315e-05
ENSMUSG00000058013	3866.37303613271	0.161844626950318	0.0343578885986938	4.71055217742546	2.47046539723828e-06	1.9432396561787e-05
ENSMUSG00000026927	2091.5807990513	0.195757498509999	0.0415661786721021	4.70953801296593	2.48278907945539e-06	1.95169933118793e-05
ENSMUSG00000026354	144.172351614888	-0.567916448662969	0.120589093504741	-4.70951752067564	2.48303870002527e-06	1.95169933118793e-05
ENSMUSG00000025226	861.263471442743	-0.306299540578152	0.0650438617570007	-4.7091229257338	2.48785003870145e-06	1.95476533421542e-05
ENSMUSG00000017418	1849.44602801391	0.261599613425267	0.0555552746664471	4.70881684945141	2.49158822171297e-06	1.95698619712003e-05
ENSMUSG00000028637	228.454992159296	-0.461198782316157	0.0979465626100049	-4.70867756893642	2.4932910725277e-06	1.9576073943994e-05
ENSMUSG00000026721	8578.44238127305	-0.192923767119886	0.0409756946944024	-4.70824884260575	2.49853971780009e-06	1.96101109990116e-05
ENSMUSG00000020684	3841.93029212478	0.256750381526967	0.0545403484963333	4.70753100421108	2.50735154731581e-06	1.96720790623835e-05
ENSMUSG00000072582	731.286548361918	-0.263005814971815	0.055874325456252	-4.70709601993747	2.51270570673567e-06	1.97049997468846e-05
ENSMUSG00000090626	506.02904055059	-0.405289216530934	0.0861027585472537	-4.70704102132232	2.51338345788549e-06	1.97049997468846e-05
ENSMUSG00000031511	4258.16819718661	0.15469646628382	0.0328823992358397	4.70453707390093	2.54442628913025e-06	1.99410933634428e-05
ENSMUSG00000017221	8503.67243508269	0.117320745710755	0.0249454421622822	4.70309345280496	2.56249057135767e-06	2.00753367170671e-05
ENSMUSG00000025212	7926.43323489004	0.140884950347991	0.0299567327998043	4.70294779105255	2.56432008402505e-06	2.0082340358877e-05
ENSMUSG00000031576	323.786073489806	-0.341114309246015	0.0725523754517064	-4.70162840461472	2.58094879649018e-06	2.02051957933837e-05
ENSMUSG00000032420	4749.46031818284	0.302214508809151	0.0643037540508346	4.69979573152508	2.60421846635461e-06	2.03799320447569e-05
ENSMUSG00000026112	6882.2932238165	-0.147398771161016	0.0313641349599211	-4.69959625379021	2.60676337658142e-06	2.03924134991606e-05
ENSMUSG00000024878	1005.0870751825	-0.209876240073436	0.0446639036988254	-4.69901246180044	2.61422503904412e-06	2.04433350412099e-05
ENSMUSG00000038738	1037.47011791203	-0.392610961843233	0.0835641292272632	-4.69831930846163	2.62311111045738e-06	2.05053543689287e-05
ENSMUSG00000020610	3223.53837768491	-0.143001198856553	0.0304434900694118	-4.69726692079348	2.63665792805313e-06	2.06037492113537e-05
ENSMUSG00000038178	4373.43750808546	-0.272687711348739	0.0580801602315385	-4.69502339975751	2.66576206887722e-06	2.08230518658066e-05
ENSMUSG00000030232	2316.69550625511	0.204284443078267	0.0435114861663235	4.69495439198252	2.66666214381359e-06	2.08230518658066e-05
ENSMUSG00000022009	682.819556750803	0.247441456814936	0.0527068195588297	4.69467630348573	2.67029223517467e-06	2.08438156800944e-05
ENSMUSG00000041959	26568.5903210463	0.20488571938397	0.0436505696729886	4.69376965567428	2.68216033400689e-06	2.09288454125016e-05
ENSMUSG00000009907	11920.792862466	0.209316703084149	0.0446164980771399	4.69146419161472	2.7125675226251e-06	2.1158420945011e-05
ENSMUSG00000046798	1363.95436883908	0.180483377795485	0.0384826444719122	4.68999415898295	2.73212847977568e-06	2.13032582444115e-05
ENSMUSG00000044393	31.8984103685216	2.5182807041062	0.537004837348109	4.68949351842383	2.73882108959754e-06	2.13476882749822e-05
ENSMUSG00000047669	534.7316858408	0.295387219550404	0.062997523256603	4.68887035998583	2.74717351060227e-06	2.14050187218107e-05
ENSMUSG00000030934	6772.373381555	0.248915800635296	0.0531222690870592	4.68571476544726	2.78984576987982e-06	2.17296187577069e-05
ENSMUSG00000027799	2642.92152633883	0.23249026274788	0.0496217958638464	4.68524483446333	2.79625468162816e-06	2.17716369226805e-05
ENSMUSG00000033565	18158.5536448461	0.236435455619499	0.0504824417855505	4.68351861076525	2.81991837464392e-06	2.19479216207782e-05
ENSMUSG00000041180	298.788907995288	0.493796390467637	0.105446349607015	4.6829159312575	2.82822528547456e-06	2.20045973098937e-05
ENSMUSG00000039089	528.999120335552	0.511698650497848	0.10928537774183	4.68222429268313	2.83778728102136e-06	2.20709933965234e-05
ENSMUSG00000047434	1032.78531442917	-0.202369294248562	0.0432299200901662	-4.68123220738028	2.85155716896505e-06	2.21624179525434e-05
ENSMUSG00000035206	1184.5121710012	-0.200728294402497	0.0428794042807018	-4.68122861708776	2.85160711753121e-06	2.21624179525434e-05
ENSMUSG00000029432	5673.86789848648	-0.137662008293416	0.0294150984917858	-4.67997781247813	2.86905964315559e-06	2.22823097488583e-05
ENSMUSG00000025059	2141.08514986898	0.245309526538105	0.0524168538927955	4.67997425102657	2.86910948224375e-06	2.22823097488583e-05
ENSMUSG00000024935	303.315583609773	-0.499490062339314	0.106758971822176	-4.67867059614713	2.88740879085922e-06	2.24163172168478e-05
ENSMUSG00000032511	619.878510646384	-0.626502593354758	0.133927305337659	-4.67793025309671	2.8978507333999e-06	2.24892494009987e-05
ENSMUSG00000024097	3232.52651694258	0.184701908913919	0.0394865722871682	4.67758780302996	2.90269296225818e-06	2.25186870718591e-05
ENSMUSG00000124773	472.426815162783	0.332004168598152	0.0710052607954489	4.6757685962817	2.92854690583027e-06	2.27110505348817e-05
ENSMUSG00000025723	4627.54264262784	-0.220024182546524	0.0470580887778497	-4.67558688125237	2.93114148019973e-06	2.27229624463588e-05
ENSMUSG00000022010	23045.9679013499	0.174685104259715	0.0373645695320993	4.67515366688879	2.93733592667673e-06	2.27627628166219e-05
ENSMUSG00000031917	899.559035778405	0.226737490022486	0.0485098510930425	4.67405042302854	2.95316776391119e-06	2.2877192067888e-05
ENSMUSG00000041235	300.668815093938	0.488783710649551	0.104596571537341	4.67303759067338	2.96777422574741e-06	2.29820496139589e-05
ENSMUSG00000035513	1432.42696371048	-0.378817232002099	0.081080788502078	-4.67209605383143	2.9814146508812e-06	2.30793533702906e-05
ENSMUSG00000046959	26.679839303212	1.0247082420061	0.219343275298864	4.67171031621503	2.98702033866748e-06	2.31144118925148e-05
ENSMUSG00000071253	2451.81448891745	-0.196776796106432	0.0421288474348284	-4.67083265002294	2.99981262411986e-06	2.32050370412097e-05
ENSMUSG00000028944	8059.8296190588	-0.164124701012005	0.0351451007236592	-4.66991693387064	3.01321551933063e-06	2.33003185655444e-05
ENSMUSG00000104868	585.582384801103	-0.314722731955297	0.067406819827471	-4.66900430491804	3.02663037605624e-06	2.33956239295727e-05
ENSMUSG00000027164	1242.10906136691	0.221821811680525	0.0475328215657496	4.66670827385432	3.06063391515737e-06	2.36499523480087e-05
ENSMUSG00000026424	4354.31933851083	0.367974957244064	0.0788601436389555	4.6661715318293	3.06863559156808e-06	2.37032499491186e-05
ENSMUSG00000039652	2555.18363494284	-0.340882088420617	0.0730588197781028	-4.66585813261092	3.07331697953456e-06	2.37308713247082e-05
ENSMUSG00000033697	5113.50766559721	-0.270311204088331	0.0579502813068178	-4.66453653015364	3.09313383039246e-06	2.38753005405266e-05
ENSMUSG00000038415	44.5952865975745	0.860640361988005	0.184529297996341	4.66397678489554	3.10156386517166e-06	2.3931764892083e-05
ENSMUSG00000078958	222.742563612565	-0.491395923625357	0.105364421973859	-4.66377468238066	3.10461303876323e-06	2.39466846892172e-05
ENSMUSG00000031728	910.822049162189	0.198910052663381	0.0426517393406972	4.66358595776155	3.10746297267172e-06	2.39600575328201e-05
ENSMUSG00000006464	814.721712431214	-0.229625633394274	0.049240109459053	-4.66338592494854	3.11048641134281e-06	2.3974758099061e-05
ENSMUSG00000070000	1267.8435378145	-0.296734283228763	0.0636968475937874	-4.65853954219399	3.18460640294946e-06	2.45372437350011e-05
ENSMUSG00000048439	487.608898901246	-0.312717568250508	0.0671342858734593	-4.65809033613534	3.19156165298063e-06	2.45820102055552e-05
ENSMUSG00000048251	632.10877348476	-0.418207096077756	0.0897924211631394	-4.6574876883867	3.20091559498685e-06	2.46452131140559e-05
ENSMUSG00000071531	1499.21982569096	0.39854115830873	0.0855740247208521	4.65726789886063	3.20433357726731e-06	2.46626836033059e-05
ENSMUSG00000005057	211.62393691341	0.558464818065874	0.119948557253382	4.65586940646698	3.22616389831266e-06	2.48218043875195e-05
ENSMUSG00000074698	9129.64792728303	-0.192053147480558	0.0412571780932676	-4.6550238372192	3.23943226800775e-06	2.49149598943226e-05
ENSMUSG00000102919	50.9928698190581	-0.98395198197633	0.211391015240568	-4.65465375080661	3.24525598357152e-06	2.49474086059409e-05
ENSMUSG00000033610	978.184518211626	-0.312111974063458	0.0670544049518953	-4.65460806471054	3.24597560031645e-06	2.49474086059409e-05
ENSMUSG00000004070	6036.28158701491	-0.152193027367679	0.0326995651960458	-4.65428290728717	3.25110168460399e-06	2.49778628352574e-05
ENSMUSG00000053164	104.295512049169	-0.702297161555405	0.151052015136436	-4.64937300519335	3.32945609601071e-06	2.55692542820523e-05
ENSMUSG00000027408	1398.48184623858	0.585194529865578	0.125866939321793	4.64931087558635	3.33045909683305e-06	2.55692542820523e-05
ENSMUSG00000086848	17.4551413521617	1.55853367910831	0.335227285067335	4.649185041114	3.33249141680255e-06	2.55757099581993e-05
ENSMUSG00000028931	70000.2939988713	-0.207778821362347	0.0446924366761935	-4.64908241337902	3.33414981127004e-06	2.55792922976135e-05
ENSMUSG00000006728	2145.66049546254	0.177189302567625	0.0381265423225586	4.64740025645563	3.36144538989444e-06	2.57794879383616e-05
ENSMUSG00000061207	1196.71401777992	0.24915315066388	0.0536175389523551	4.64685913475586	3.37027138344956e-06	2.58379448275458e-05
ENSMUSG00000038011	27.2381346685541	1.29181866560567	0.278040980779443	4.6461448308241	3.38195611007696e-06	2.59182684251739e-05
ENSMUSG00000043262	1625.85524932168	-0.208653268945821	0.04491144790319	-4.6458815889345	3.38627206219975e-06	2.59420828291148e-05
ENSMUSG00000022574	168.023779023437	0.71814951016488	0.154600382519896	4.64519879226339	3.39749140820904e-06	2.60187479731057e-05
ENSMUSG00000001661	499.512300082813	-0.319391020421696	0.0687629247162517	-4.64481436384002	3.40382380379716e-06	2.6057946423791e-05
ENSMUSG00000005198	5942.18096888739	0.383506737056955	0.0825686670017413	4.64470059870129	3.40569993923745e-06	2.60630142230557e-05
ENSMUSG00000097073	333.338071511416	-0.332260236093959	0.0715406250104893	-4.64435746885413	3.41136460557105e-06	2.60943883243739e-05
ENSMUSG00000135316	34.5450184582045	-1.0567587240063	0.227538612141962	-4.64430504369514	3.41223087797063e-06	2.60943883243739e-05
ENSMUSG00000032625	7576.90757486225	0.349810370497198	0.0753244656011404	4.64404715925262	3.41649522785932e-06	2.6117694644312e-05
ENSMUSG00000028126	1419.09060901498	0.194087709248367	0.0418118149697368	4.6419345677495	3.45162174584125e-06	2.63768289057416e-05
ENSMUSG00000055447	10882.7857651141	-0.20812377463032	0.0448602162877069	-4.63938411031141	3.49449027416934e-06	2.6694921076626e-05
ENSMUSG00000037933	4591.99045885812	0.203895118824279	0.0439653612812053	4.63763091858048	3.52425380436138e-06	2.69127115490649e-05
ENSMUSG00000015749	5589.85578211117	0.108637849787055	0.0234259503573577	4.63750021364376	3.52648246131756e-06	2.69201538103281e-05
ENSMUSG00000036459	414.161955551584	0.470443793680122	0.101474791120897	4.63606565220355	3.55103222346121e-06	2.7097923110138e-05
ENSMUSG00000035834	6714.39995862537	-0.152522366430188	0.0329052703582966	-4.63519566225755	3.56600016124927e-06	2.72024731561396e-05
ENSMUSG00000015522	1101.17583537742	0.264004056094333	0.0569677384364662	4.63427306998971	3.58193918969313e-06	2.73143540482958e-05
ENSMUSG00000020573	168.505793421329	0.817721144157415	0.176489733637897	4.63325048603184	3.59968551918859e-06	2.74399322993261e-05
ENSMUSG00000097466	299.475559746367	0.439102265361379	0.0948207337201205	4.63086761865251	3.641366421946e-06	2.77478067495537e-05
ENSMUSG00000024234	878.11798448137	0.217627742958388	0.0470017261645443	4.63020745656264	3.65299552394696e-06	2.78265443282631e-05
ENSMUSG00000053263	116.97600185458	-0.555573744084546	0.119994337675271	-4.62999967205154	3.65666311843152e-06	2.78446010997698e-05
ENSMUSG00000044461	371.203355828197	0.379751978264841	0.0820723324847259	4.62704015796694	3.70928612709272e-06	2.82352964553802e-05
ENSMUSG00000063931	2404.52595814883	-0.167630922983992	0.0362342225733278	-4.62631487800667	3.7222926328907e-06	2.83242586521204e-05
ENSMUSG00000074826	49.9059401510034	-0.947589997607844	0.204836699127142	-4.62607531582842	3.72659831873155e-06	2.83469736037886e-05
ENSMUSG00000008763	10839.6000563442	-0.196038254988599	0.0423783946628534	-4.62590092305774	3.72973570787076e-06	2.83607887726369e-05
ENSMUSG00000020256	344.901624840823	0.464189896663572	0.100362969449427	4.62511122588374	3.7439743676044e-06	2.84589779656502e-05
ENSMUSG00000045294	7444.63272616663	0.254736119508798	0.0550892945666164	4.62405847656589	3.7630370526904e-06	2.85937534063901e-05
ENSMUSG00000045095	12215.5082880822	-0.264016693140975	0.0571011279230568	-4.62366861643671	3.77012003492614e-06	2.86374368965762e-05
ENSMUSG00000021418	411.123053394734	-0.288371286741774	0.0624110833067601	-4.62051404114209	3.82790435134169e-06	2.90660752762295e-05
ENSMUSG00000073423	595.71356601239	-0.299594664459457	0.0648482727023226	-4.61993283668027	3.838642841613e-06	2.91373080756947e-05
ENSMUSG00000031007	14116.4168911248	0.173134802403039	0.0374784991414891	4.61957672716347	3.84523667730345e-06	2.91770415394117e-05
ENSMUSG00000028347	1978.26911946532	-0.219727236013548	0.0475707075472476	-4.61896085517151	3.85666598951354e-06	2.92522241607358e-05
ENSMUSG00000030713	5.89874593545177	3.8856403243945	0.841248704806401	4.61889605558288	3.85787042760846e-06	2.92522241607358e-05
ENSMUSG00000028525	1207.21416887626	0.249381330963213	0.0539968910011592	4.61843869784762	3.86638165201129e-06	2.93064083835008e-05
ENSMUSG00000049872	677.370378498257	0.608385208715718	0.131746556249585	4.61784524798639	3.87745232251451e-06	2.93799476015166e-05
ENSMUSG00000097842	150.505559260535	-0.432615643714943	0.0937014066625205	-4.61695997022832	3.89402346220274e-06	2.94950979674114e-05
ENSMUSG00000001672	170.436381448583	0.512295331304355	0.111036622405819	4.61375103280797	3.95466102648492e-06	2.9943828428404e-05
ENSMUSG00000107902	33.8823235778402	-1.01740033096104	0.220540837612505	-4.61320607092567	3.96504836749894e-06	3.00118928972963e-05
ENSMUSG00000079654	68.7712127540921	-0.932322247175723	0.202105564830098	-4.61304589984689	3.96810630526423e-06	3.00142357813083e-05
ENSMUSG00000039546	47.1827051785115	1.03495607564658	0.224354290511465	4.61304338458234	3.96815434395569e-06	3.00142357813083e-05
ENSMUSG00000011114	3544.59480928758	0.156442476584642	0.033913679783889	4.61296083413989	3.96973127287198e-06	3.00155870036879e-05
ENSMUSG00000116165	424.944340757329	-0.311853511630558	0.0676844696376825	-4.6074603716321	4.07616856628758e-06	3.08095191703976e-05
ENSMUSG00000020629	2107.2536307215	-0.197531493277933	0.0428862560095928	-4.6059393301609	4.10608101310184e-06	3.10246867396143e-05
ENSMUSG00000028690	1367.67617176498	-0.193289284865733	0.0419685573947112	-4.60557371671991	4.11330237862334e-06	3.10659320311663e-05
ENSMUSG00000026172	694.325215535373	-0.252688113591381	0.0548664010473565	-4.6055164685083	4.11443421059377e-06	3.10659320311663e-05
ENSMUSG00000045589	2584.02797293785	-0.324685329423792	0.0705111843123336	-4.60473515783792	4.12991106151889e-06	3.11718251921816e-05
ENSMUSG00000039244	1134.48797029284	0.209970888867409	0.0456098931379019	4.60362597720982	4.1519784848012e-06	3.13273708804016e-05
ENSMUSG00000047746	333.703184347606	-0.757141617968795	0.164505759725083	-4.60252345713673	4.17402534808182e-06	3.14826521861997e-05
ENSMUSG00000048234	1479.21053812513	0.278448890418232	0.0605193245092401	4.60099138045929	4.20484830073585e-06	3.17039949503322e-05
ENSMUSG00000032185	3842.58952219555	0.204473528232362	0.0444476819032776	4.60031928498128	4.21843851468864e-06	3.17952953498267e-05
ENSMUSG00000062627	744.308039105199	0.393564584788132	0.0855658682773213	4.59955111438335	4.23402297591428e-06	3.18906814528088e-05
ENSMUSG00000027203	1160.10954808683	-0.231216693944768	0.0502694268347336	-4.59954904011376	4.23406513279162e-06	3.18906814528088e-05
ENSMUSG00000036106	1217.02766141649	-0.343272537407727	0.0746501863926636	-4.59841500732626	4.25717321824381e-06	3.2053483094641e-05
ENSMUSG00000026121	997.404267866945	0.365610965594957	0.079513091138086	4.59812290481854	4.26314490900121e-06	3.20871909595442e-05
ENSMUSG00000026035	1061.4414710146	-0.210068144782942	0.0457022573661819	-4.59645008560092	4.29749863041308e-06	3.23344218718707e-05
ENSMUSG00000078698	808.57669357612	-0.568816946970228	0.123757158197654	-4.59623471687806	4.30194075947408e-06	3.23565032736057e-05
ENSMUSG00000022742	2051.11533975475	-0.180665831055019	0.0393108044094915	-4.59583144555031	4.31027034440034e-06	3.24077979729939e-05
ENSMUSG00000042506	14179.9972912691	0.214743007814265	0.0467463130825424	4.59379560982877	4.35255707798461e-06	3.27142822955244e-05
ENSMUSG00000018012	1766.40641923251	-0.247655750065581	0.0539306877467901	-4.59211184601147	4.38783090556706e-06	3.29678607696544e-05
ENSMUSG00000038417	5045.39944360039	-0.229740927040579	0.050030821570417	-4.59198789524622	4.39043839371981e-06	3.29759099228795e-05
ENSMUSG00000085262	42.6471733022436	-0.901137967808991	0.196265857139103	-4.59141483365756	4.40251290453492e-06	3.30550339310061e-05
ENSMUSG00000006589	1992.8033332223	0.252419557036617	0.0549834528745998	4.5908276734149	4.41491747264541e-06	3.31277381139722e-05
ENSMUSG00000045763	15503.440663302	0.171238247200524	0.03730022195345	4.59081040896287	4.41528271424925e-06	3.31277381139722e-05
ENSMUSG00000002289	844.465288589269	0.745612782706798	0.162432211051183	4.59030125786968	4.42606718848427e-06	3.31970504081074e-05
ENSMUSG00000031323	99.1387965627894	-0.558741602467901	0.121725865897623	-4.59016330134654	4.42899362751999e-06	3.32073968593587e-05
ENSMUSG00000105692	675.742780595765	0.399549505975933	0.0870500664521756	4.58988168832061	4.43497317337533e-06	3.3240619462177e-05
ENSMUSG00000022131	1240.44115575977	-0.185372336715672	0.0403952884359346	-4.58895935375398	4.45461148447404e-06	3.33658962860386e-05
ENSMUSG00000022721	1160.77465108976	-0.177070484950633	0.0385862688321096	-4.58895068919657	4.45479636428709e-06	3.33658962860386e-05
ENSMUSG00000024962	2111.65546921368	-0.21820648962073	0.0475579179657499	-4.58822629236791	4.47027919236855e-06	3.34701824706604e-05
ENSMUSG00000034667	5695.5991400131	0.19345060502358	0.0421662884665263	4.58780253275435	4.47936026481735e-06	3.35264809778833e-05
ENSMUSG00000020225	3294.15025513854	0.16016730890147	0.0349155625672665	4.58727561937173	4.49067655103947e-06	3.35994642191054e-05
ENSMUSG00000086171	291.389144094976	-0.349237925031483	0.0761432705025233	-4.58658950064287	4.5054530771984e-06	3.36982772665996e-05
ENSMUSG00000034227	1289.83457529764	-0.384043968908427	0.0837464853532315	-4.58579207579375	4.52268526607717e-06	3.38153820695271e-05
ENSMUSG00000002393	1324.93181155653	-0.215403889153034	0.0469754986907941	-4.58545188782098	4.53005585689946e-06	3.38586974318258e-05
ENSMUSG00000024958	4685.84250113816	-0.164517386378163	0.0358943329868297	-4.58338051409195	4.57518367458122e-06	3.41840907617684e-05
ENSMUSG00000021257	5337.03495365714	-0.232805508323371	0.0508045150931331	-4.58237831611225	4.59717226592211e-06	3.43364300140167e-05
ENSMUSG00000029535	2278.82386449044	0.219017785684328	0.0478228192862202	4.57977570024687	4.65474842689237e-06	3.47543755588423e-05
ENSMUSG00000113853	91.3482418483017	-0.666159443303954	0.14547195726659	-4.57929800231642	4.66539101628379e-06	3.48217258538067e-05
ENSMUSG00000026554	8760.05309279074	-0.101188603749336	0.0221059283813706	-4.57744194243439	4.70696365245487e-06	3.51198059657964e-05
ENSMUSG00000014980	1580.16188860885	-0.213518673697575	0.0466613105344209	-4.5759253491191	4.74119600232691e-06	3.53629302939365e-05
ENSMUSG00000140926	480.172199813974	-0.47234888894459	0.103238895501429	-4.5752997128689	4.75538714999888e-06	3.54564572983244e-05
ENSMUSG00000049176	2647.41012706335	-0.392536947561207	0.0858029347378392	-4.57486621827747	4.7652438490536e-06	3.55176126610363e-05
ENSMUSG00000033863	7233.15676948511	0.264381342831627	0.0577926699365409	4.57465182214163	4.77012596794126e-06	3.55416605441955e-05
ENSMUSG00000004748	614.324266416778	-0.318569627827528	0.0696418785710197	-4.57439739369833	4.77592589833543e-06	3.55725278742777e-05
ENSMUSG00000031605	3359.58416549908	-0.183019719489272	0.0400206494427827	-4.57313217145398	4.80486825598623e-06	3.57756857381202e-05
ENSMUSG00000026980	343.377615980387	-0.401816905261246	0.0878676603297227	-4.57297831481379	4.80839920994815e-06	3.57895622193991e-05
ENSMUSG00000120166	460.079444891513	0.267696335026163	0.0585495507340623	4.57213303381379	4.82784247884708e-06	3.5921825528919e-05
ENSMUSG00000019927	3868.46974837583	0.115811194336607	0.0253355561377689	4.57109343512541	4.85185873836248e-06	3.60880109763302e-05
ENSMUSG00000040990	1458.72054550048	0.205523605712363	0.0449759794173638	4.56963046441224	4.88584940262756e-06	3.63282449867694e-05
ENSMUSG00000037486	1244.34979029691	0.214394552610274	0.0469299406221428	4.56839599130277	4.91470845669588e-06	3.6530170267117e-05
ENSMUSG00000024242	2586.04311486357	-0.173471064509498	0.037972857904559	-4.56829098682803	4.9171707318558e-06	3.65358210211203e-05
ENSMUSG00000022248	664.106033229495	-0.250149483256336	0.0547696727313494	-4.5672992147195	4.94048538494216e-06	3.66963526896777e-05
ENSMUSG00000050534	286.115441176527	-0.738724213061261	0.161829699463136	-4.56482472322417	4.9991184176349e-06	3.7119016241076e-05
ENSMUSG00000052369	1293.31043540568	-0.192252838261002	0.042127967622573	-4.56354410408324	5.02972375888533e-06	3.73333506944096e-05
ENSMUSG00000052364	1947.4991767676	-0.293613789344335	0.0643580695720227	-4.56219074463931	5.06226249076922e-06	3.75618826916184e-05
ENSMUSG00000041471	385.506808989914	-0.295382341596046	0.0647524260212294	-4.56171852926721	5.07366329881297e-06	3.76277481038401e-05
ENSMUSG00000001802	4968.11522454969	-0.175375075191336	0.0384452998518394	-4.56167791296197	5.07464505546525e-06	3.76277481038401e-05
ENSMUSG00000027589	1326.15162336663	-0.204161565059852	0.0447580769876231	-4.5614463087033	5.08024675286363e-06	3.7656276518291e-05
ENSMUSG00000102057	51.362976836785	-0.816968287688084	0.179109352312344	-4.56128212815708	5.08422129237781e-06	3.7672728430163e-05
ENSMUSG00000015882	1679.10372463405	-0.278272426423202	0.0610370946148608	-4.55907064677764	5.13804863122593e-06	3.80584375148018e-05
ENSMUSG00000127834	8.03469040299572	2.72210572293072	0.597092274102022	4.55893643411238	5.14133286342886e-06	3.8069627887673e-05
ENSMUSG00000018449	543.436471632805	0.357602667648309	0.0784464014720574	4.55856050676444	5.1505426450194e-06	3.81246718682712e-05
ENSMUSG00000036526	324.810675407206	-0.734170638710622	0.161100576646671	-4.5572191856322	5.1835323588408e-06	3.83556379230874e-05
ENSMUSG00000020362	2276.68560727933	0.160328445876355	0.0351853666092072	4.55667970315821	5.19685787019911e-06	3.84409893320793e-05
ENSMUSG00000021194	8501.92147515293	-0.29922123776985	0.0656697000061282	-4.55645811907054	5.20234061576745e-06	3.84682892380517e-05
ENSMUSG00000025921	471.897146511188	0.381214973116319	0.0836694452994281	4.55620294543682	5.20866134287614e-06	3.85017645957917e-05
ENSMUSG00000026237	66.0264180591916	-0.698970289777795	0.153434585062953	-4.55549372712164	5.22626753574635e-06	3.86186089233498e-05
ENSMUSG00000091519	843.106159244539	-0.608503098882061	0.133633986139382	-4.5535055599358	5.2759276538253e-06	3.89721483196882e-05
ENSMUSG00000120996	99.5402033551508	0.562100809691379	0.123454377014753	4.55310555432318	5.2859733759853e-06	3.90329220808051e-05
ENSMUSG00000005672	4135.32447870873	-0.358369213473503	0.0787667932362449	-4.54974994854301	5.37097016517153e-06	3.96469207584498e-05
ENSMUSG00000036835	1814.56588082627	0.188045675313402	0.0413317288429324	4.5496687551592	5.37304290247451e-06	3.96485867805149e-05
ENSMUSG00000021978	13150.3306723238	0.212158451570142	0.0466327420940088	4.54955985951767	5.37582403650677e-06	3.96554772397437e-05
ENSMUSG00000086119	312.312568718637	-0.35762388379708	0.0786122968591512	-4.54921046815145	5.38475660545025e-06	3.97077242502903e-05
ENSMUSG00000001288	2365.73344869521	-0.228441633113361	0.0502272169405747	-4.54816426288634	5.41158903766826e-06	3.98912427401149e-05
ENSMUSG00000031755	1011.83691881695	-0.179661658224979	0.0395026144431596	-4.5480953794462	5.41336020227125e-06	3.98912427401149e-05
ENSMUSG00000047583	438.551181035849	-0.299084785203553	0.0657692101168565	-4.54748939012874	5.42896563019996e-06	3.99925107130653e-05
ENSMUSG00000022021	840.373644483447	-0.325388539181175	0.0715581378862545	-4.54719126004085	5.43665886935175e-06	4.00354440101216e-05
ENSMUSG00000102909	22.2711590232367	1.13624805606011	0.24993857661962	4.54610917381257	5.46466985949303e-06	4.02279160507124e-05
ENSMUSG00000042369	1008.01245967301	0.20903776148778	0.0459843647282522	4.54584428257525	5.47154788137676e-06	4.02538867251251e-05
ENSMUSG00000070371	503.948249485953	-0.243859539433915	0.0536455116691706	-4.54575847720096	5.47377763362901e-06	4.02538867251251e-05
ENSMUSG00000028010	630.468745258063	0.236593142481483	0.0520470314302278	4.54575671234295	5.47382350464176e-06	4.02538867251251e-05
ENSMUSG00000029265	2400.8336396647	0.216315693385228	0.0475910108475036	4.5453057107438	5.48555770846546e-06	4.03263636198355e-05
ENSMUSG00000071078	1967.03259208325	0.198468597335529	0.0436769753634579	4.54400964544758	5.51941305229815e-06	4.05613558988812e-05
ENSMUSG00000021743	3.01339230008733	5.15659551668674	1.13502175119579	4.54316889632648	5.54148165881207e-06	4.07095979767488e-05
ENSMUSG00000033781	3321.8201006091	-0.231525362291581	0.0509759933137166	-4.54185092317333	5.57624688197801e-06	4.0939128412923e-05
ENSMUSG00000073295	1078.73226515325	-0.237636616226633	0.0523216636262896	-4.54183983758556	5.57654017885897e-06	4.0939128412923e-05
ENSMUSG00000026657	4049.87653782098	-0.232256280410276	0.0511404556106808	-4.5415371771105	5.58455352472699e-06	4.09790707446789e-05
ENSMUSG00000021902	218.66935083724	-0.379151249101276	0.0834860881727046	-4.5414901739909	5.58579898439069e-06	4.09790707446789e-05
ENSMUSG00000019817	3591.69872968053	0.267939512467411	0.0590047293703429	4.54098366904947	5.59923692140129e-06	4.10636213716434e-05
ENSMUSG00000094870	1478.71276609065	0.208197942504167	0.0458515126397117	4.54069954333084	5.60678852212761e-06	4.11049598415271e-05
ENSMUSG00000021482	1850.33788551466	0.313211561070355	0.0689866704307147	4.54017506736931	5.62075385848459e-06	4.11873708893911e-05
ENSMUSG00000027342	2020.11734294203	0.163461693061679	0.0360037209592112	4.54013331696647	5.62186698527513e-06	4.11873708893911e-05
ENSMUSG00000130420	441.786198902971	0.34839464024216	0.0767432883564476	4.53974083862527	5.63234135265943e-06	4.1250030527529e-05
ENSMUSG00000040452	428.85251993318	-0.659396585305422	0.145253409860245	-4.53962895562904	5.63533067913391e-06	4.12578473254736e-05
ENSMUSG00000058017	4.81006311373793	4.64630013556749	1.02362090456416	4.53908289177212	5.64994239979836e-06	4.13507206116849e-05
ENSMUSG00000050473	109.554773903382	-0.637008765293392	0.140393893782999	-4.53729680208166	5.69798878806159e-06	4.16881483723688e-05
ENSMUSG00000122949	183.47224541084	-0.461311976709773	0.101692102184122	-4.53635992178162	5.72334729810769e-06	4.18594116188006e-05
ENSMUSG00000025384	862.949063249723	-0.209100418609032	0.0461045639858995	-4.53535182922415	5.75075395019399e-06	4.20455327979783e-05
ENSMUSG00000028261	1393.62362658901	0.170613792105415	0.0376206377473785	4.53511163875217	5.75730242897015e-06	4.20719157997886e-05
ENSMUSG00000053510	8316.23608675382	0.126458360312997	0.027884509132104	4.53507571942168	5.75828233577652e-06	4.20719157997886e-05
ENSMUSG00000028163	1617.70709673743	0.23980991643743	0.0528812576175163	4.53487544059458	5.76374902260626e-06	4.20975285877053e-05
ENSMUSG00000059119	9137.83406811868	-0.102597039783859	0.0226292461177735	-4.5338249117931	5.79250506750403e-06	4.22931679520549e-05
ENSMUSG00000047221	844.728608052057	-0.223167903464968	0.049229918446113	-4.53317637950684	5.81032579071622e-06	4.24088586955166e-05
ENSMUSG00000031365	1892.63200353015	-0.240672657109327	0.0530927059574442	-4.53306443454277	5.81340718129769e-06	4.2416926768775e-05
ENSMUSG00000024590	350.747355640305	0.51838646969497	0.114359340818439	4.53296133035587	5.81624660479884e-06	4.24232244711559e-05
ENSMUSG00000099672	58.1504874768853	-0.922102814009721	0.20347519168117	-4.53177021921466	5.84914543845327e-06	4.26478246561719e-05
ENSMUSG00000024065	19412.2958405228	0.188080610953759	0.041503297836244	4.53170279855477	5.85101293265751e-06	4.26478246561719e-05
ENSMUSG00000074207	353.576524456043	1.11905812963057	0.246947251124545	4.53156746849627	5.85476318122301e-06	4.26606742865354e-05
ENSMUSG00000031458	1088.38959765601	-0.280021848337962	0.0617999987488733	-4.53109796127735	5.86779194737167e-06	4.27411000822125e-05
ENSMUSG00000025047	1110.17844930904	0.284055038456991	0.0626994044540098	4.53042642000445	5.88647537218177e-06	4.28626459766804e-05
ENSMUSG00000036352	4423.57702279194	0.127220641986051	0.0280829229162304	4.53017808600415	5.89339885776759e-06	4.28985079283958e-05
ENSMUSG00000020263	1238.32070071781	-0.197949927207125	0.0436982873700537	-4.52992414853264	5.90048662574237e-06	4.29355409858257e-05
ENSMUSG00000026088	370.328268130679	-0.299724472278071	0.0661814574667285	-4.52882852313659	5.93116078320891e-06	4.31441197466494e-05
ENSMUSG00000023036	238.040255498585	-0.445503563352229	0.0984172973131676	-4.52667951177952	5.99177034336067e-06	4.35702378694377e-05
ENSMUSG00000030527	1321.2479325694	0.29266868373715	0.0646616364163902	4.52615646552004	6.00661149969636e-06	4.36633668989103e-05
ENSMUSG00000047205	643.599292102384	0.352126320502944	0.0778726034968723	4.5218254519651	6.13086066092358e-06	4.45514742543621e-05
ENSMUSG00000054169	461.741495897884	-0.558763581193566	0.12358733340335	-4.52120428369418	6.14888130334177e-06	4.46673049264076e-05
ENSMUSG00000018999	3593.17575378466	-0.231653829843105	0.0512649906634736	-4.51875299000412	6.22049143397089e-06	4.51722155350538e-05
ENSMUSG00000041220	7174.48192008094	-0.284662811902676	0.0630041659833215	-4.51815856078521	6.23797645484378e-06	4.52838696583283e-05
ENSMUSG00000005054	2161.67916250602	0.287595926241351	0.0636634339552999	4.51744287691552	6.25909055813557e-06	4.54217842869973e-05
ENSMUSG00000013653	10.3619443968035	1.77242951546075	0.392385321398631	4.51706376054804	6.2703029374732e-06	4.5487773861372e-05
ENSMUSG00000014859	1136.02258177387	0.185217852048646	0.0410072457896333	4.51671036379306	6.2807719639528e-06	4.55483280331793e-05
ENSMUSG00000036087	2813.80191433803	0.148585585314014	0.0328985352567814	4.51648026741208	6.28759732756072e-06	4.55737272371724e-05
ENSMUSG00000022999	472.343754073399	0.385665847899311	0.0853913846431979	4.51644916534366	6.28852045450967e-06	4.55737272371724e-05
ENSMUSG00000033295	20729.6799235028	-0.239790187866472	0.0530947189857585	-4.51627190890285	6.29378400187388e-06	4.55964790361879e-05
ENSMUSG00000032637	4583.40601307364	0.262442839912199	0.0581145154742588	4.51596021700372	6.30304977270961e-06	4.56482005468909e-05
ENSMUSG00000049036	290.54538570024	-0.401489861229866	0.0889121135451622	-4.515581119618	6.31433692151373e-06	4.5714521537003e-05
ENSMUSG00000121485	607.864672969409	0.29948119880332	0.0663597470148967	4.51299488432486	6.39185644240906e-06	4.62601451088176e-05
ENSMUSG00000053025	17512.8281753334	-0.278434935822922	0.0617175738021634	-4.51143683508119	6.43899586907996e-06	4.65856034127639e-05
ENSMUSG00000015354	2432.10940102469	0.27648005275695	0.0612896946802363	4.5110365486305	6.45116030040226e-06	4.66578864583676e-05
ENSMUSG00000007613	1706.99619628941	0.241772064819276	0.0536012032924127	4.51057159109522	6.46531764442566e-06	4.67445296582153e-05
ENSMUSG00000038305	1428.23130987511	-0.220174813149081	0.0488223857753676	-4.50971024157049	6.49162317896428e-06	4.69189168887701e-05
ENSMUSG00000141519	22.6585282796775	1.31484945895384	0.291586604944359	4.50929307676787	6.5044001295653e-06	4.69954403168121e-05
ENSMUSG00000113616	20.9328699066453	-1.90844704881214	0.423496080052138	-4.50641018584442	6.59335741490986e-06	4.76221434281477e-05
ENSMUSG00000060261	9464.65639032473	-0.146138973836591	0.0324311866726258	-4.50612477772644	6.60222729104758e-06	4.76701685266153e-05
ENSMUSG00000054763	463.754372304712	-0.329164716010501	0.0730708239822975	-4.50473524275908	6.64557440409461e-06	4.79670141756204e-05
ENSMUSG00000063446	91.9597329187049	0.80116808977947	0.177856234169139	4.50458255524274	6.65035412187472e-06	4.79853786824076e-05
ENSMUSG00000025134	1221.6937844212	0.218456840174127	0.048511764068228	4.50317246486614	6.69465118100227e-06	4.82887709178074e-05
ENSMUSG00000061313	2877.68722556125	-0.219568858299932	0.0487736376057813	-4.50179377791385	6.73823452961441e-06	4.8586813037522e-05
ENSMUSG00000023965	2785.93741330314	-0.152012063847472	0.0337678076747281	-4.50168590486371	6.74165606095076e-06	4.85951608476726e-05
ENSMUSG00000030161	48902.1151379911	0.111316028165197	0.0247291069417731	4.50141723384108	6.7501850290877e-06	4.86403060874107e-05
ENSMUSG00000107655	406.463526652594	-0.311860688734316	0.0692855333486765	-4.50109385988111	6.76046423165268e-06	4.8698028589482e-05
ENSMUSG00000045671	5861.56464974514	-0.170121970552852	0.037796742187523	-4.5009691499023	6.76443243131708e-06	4.87102672159183e-05
ENSMUSG00000028986	3779.52779824328	0.190459136828486	0.0423164025009648	4.50083479625054	6.76870998026917e-06	4.87247244924406e-05
ENSMUSG00000029093	949.354727448474	0.451518360710918	0.100325474196613	4.50053552526504	6.77824746703533e-06	4.87770231737782e-05
ENSMUSG00000034640	2282.02456273695	0.196688971914196	0.0437046701227074	4.5004108568252	6.78222432558728e-06	4.87892853126865e-05
ENSMUSG00000001415	6947.44990751393	0.170644965968229	0.0379231439608275	4.49975788253464	6.80309035309714e-06	4.8922994143914e-05
ENSMUSG00000017664	1941.85500131646	-0.141428861795719	0.0314466257701355	-4.49742566434685	6.8781197068068e-06	4.94459871487993e-05
ENSMUSG00000085408	174.331826223604	-0.457954290614793	0.101830047603707	-4.49724125041186	6.8840861007649e-06	4.94723107596315e-05
ENSMUSG00000026102	2632.93400564604	0.170653056604768	0.0379474189651407	4.49709258913059	6.88889938300566e-06	4.94903327160641e-05
ENSMUSG00000029501	1742.54409907851	0.221005938460231	0.0491475790964614	4.49678178504917	6.8989728478333e-06	4.95461194886549e-05
ENSMUSG00000028788	9383.65775853447	0.231652132286692	0.0515242847658735	4.49597958204214	6.92503818927484e-06	4.97166788531685e-05
ENSMUSG00000039106	329.573722957742	-0.338302061034925	0.0752551429971535	-4.49540121195067	6.94388911611097e-06	4.98353472973715e-05
ENSMUSG00000024191	807.329606930167	-0.211719048016242	0.0471080213566971	-4.4943311546271	6.97889518135459e-06	5.00698408967104e-05
ENSMUSG00000020718	128.509737525014	-0.451722707120025	0.100524079829104	-4.49367661845774	7.00039094012701e-06	5.02072809625013e-05
ENSMUSG00000050846	481.988248800553	0.272445476833397	0.0606481081650698	4.49223372461783	7.04800120997421e-06	5.0527733545883e-05
ENSMUSG00000022342	2455.68489433774	-0.246088646254863	0.0547815637917755	-4.49218001863264	7.04977927745829e-06	5.0527733545883e-05
ENSMUSG00000059456	2591.63674290016	0.281826943125757	0.0627412599422103	4.4918916736027	7.05933297976122e-06	5.05793196740835e-05
ENSMUSG00000036411	1004.33325747245	-0.233929317602453	0.0520807427354372	-4.49166631111197	7.06680850875044e-06	5.0615986469415e-05
ENSMUSG00000064145	2723.79554323834	0.182153170063444	0.0405550833692335	4.49150032327714	7.07231935448487e-06	5.06385614620988e-05
ENSMUSG00000081058	114.000607581346	0.489504114024813	0.109044470059939	4.48903198626897	7.1547554709444e-06	5.12117308900608e-05
ENSMUSG00000040021	2201.39282116989	0.13338529239221	0.0297153257267852	4.48877100047997	7.16352525014696e-06	5.12574110065515e-05
ENSMUSG00000004568	2975.67858412683	-0.225279162903521	0.0501951740713901	-4.48806418288573	7.18732775257457e-06	5.14105889825944e-05
ENSMUSG00000022177	1042.80275039402	-0.532641050006294	0.118738424972681	-4.485835567794	7.26287391787489e-06	5.19336613994345e-05
ENSMUSG00000121760	51.5274739781915	0.888375501849111	0.198076151539787	4.48502000338321	7.29070945862607e-06	5.21153410718838e-05
ENSMUSG00000069678	621.060405689939	-0.267113695430543	0.059561866529093	-4.48464279238246	7.30361829956228e-06	5.21902364908136e-05
ENSMUSG00000117310	8.10576455190325	2.31843502842625	0.51742911584661	4.48068142557625	7.4405101248153e-06	5.31507455371997e-05
ENSMUSG00000102752	90.1570552951332	0.608460911450802	0.135927812448614	4.47635329731229	7.5928799122575e-06	5.42211444432866e-05
ENSMUSG00000112238	12.4455025065055	1.84357479893397	0.411892557920557	4.47586333737437	7.61031552651626e-06	5.43275800107077e-05
ENSMUSG00000028102	870.125995916109	-0.194712147205143	0.043507700748904	-4.47534904978972	7.62865803709331e-06	5.44404166968899e-05
ENSMUSG00000020227	553.932263773202	0.536672686015838	0.120001340489553	4.47222242540333	7.74108474109132e-06	5.52243685783537e-05
ENSMUSG00000120070	35.5097709984854	0.914249863752624	0.204439409195498	4.47198447378783	7.7497055308172e-06	5.52675013038279e-05
ENSMUSG00000018995	764.460099200013	-0.265698659867353	0.0594222164309906	-4.47136905732756	7.77204414788997e-06	5.54084024173385e-05
ENSMUSG00000034751	1461.8983573591	0.334585562591551	0.0748585626849697	4.46956968703234	7.83771205503461e-06	5.58580102833243e-05
ENSMUSG00000058056	1051.70504871149	0.312528853478108	0.0699534118194417	4.46767134510584	7.90756681508453e-06	5.63371487728524e-05
ENSMUSG00000044243	540.57297971925	-0.498491233579802	0.111589217085088	-4.46719895166661	7.92504210531234e-06	5.64429176617899e-05
ENSMUSG00000039167	595.654064218077	0.511449631096521	0.114508525946433	4.46647642059229	7.9518421970349e-06	5.66150065013437e-05
ENSMUSG00000020277	4615.75089542274	-0.205572862577775	0.0460294080856094	-4.46612005514894	7.96509237233292e-06	5.66723663270578e-05
ENSMUSG00000087646	98.6895222156019	-0.587869305355024	0.131628707692388	-4.46611773116284	7.9651788506817e-06	5.66723663270578e-05
ENSMUSG00000032412	26141.8712664477	-0.209899265218137	0.0470049953675262	-4.4654672035804	7.98942109582921e-06	5.68260149910768e-05
ENSMUSG00000039563	164.152249643768	-0.45602234557017	0.10213829186226	-4.4647539845795	8.01608062212963e-06	5.69967494649337e-05
ENSMUSG00000024174	269.340317898868	-0.335635085140335	0.0751849261797081	-4.46412734832105	8.03957392147316e-06	5.714486549614e-05
ENSMUSG00000124749	64.0934809566247	0.85850405730782	0.192334181424413	4.46360626566637	8.05916000677557e-06	5.72651203924013e-05
ENSMUSG00000033068	1235.24730202794	-0.278732550924659	0.062446934027774	-4.4635105832528	8.06276140276295e-06	5.72717525717106e-05
ENSMUSG00000022443	13340.2991370405	0.29054990307902	0.0651204337002376	4.46173169571443	8.12999789722635e-06	5.77302463982338e-05
ENSMUSG00000029014	2519.04109049802	0.124173235016733	0.0278341268669921	4.46118664365175	8.15070623721064e-06	5.78581547909932e-05
ENSMUSG00000036503	8025.83352746356	-0.105054677809073	0.0235555901908063	-4.45986183993284	8.20125035847183e-06	5.81976992380021e-05
ENSMUSG00000070284	694.290566223131	0.230967711486651	0.0517900380741044	4.45969379586415	8.20768297328995e-06	5.82240987127039e-05
ENSMUSG00000072964	2042.67831917673	-0.219399834475849	0.0492161651070573	-4.45788155169343	8.27736162479614e-06	5.86989906302854e-05
ENSMUSG00000028583	1574.70597822184	0.521366120265095	0.116965115522899	4.45744970997803	8.29404865455271e-06	5.87979023839592e-05
ENSMUSG00000127678	15.6146399731462	1.51313557792639	0.339552368259373	4.45626571737103	8.33996505031913e-06	5.91038922978377e-05
ENSMUSG00000036026	9399.22834897498	-0.219296705011459	0.0492137068213532	-4.45600868488754	8.34996507011331e-06	5.9155231087476e-05
ENSMUSG00000028680	896.818904164854	0.283361114308657	0.0636318153299039	4.45313579126339	8.4625196801674e-06	5.99328431060619e-05
ENSMUSG00000075705	3679.64277132439	0.215074378761206	0.0483040540198554	4.45251197079234	8.48715069942904e-06	6.0087459404335e-05
ENSMUSG00000003348	2440.24305905498	0.217655134072494	0.0488846395552441	4.45242382991336	8.49063638645407e-06	6.00923180585635e-05
ENSMUSG00000097119	1557.71156009354	-0.215428250132104	0.0484086532427009	-4.45020126984398	8.57898505118528e-06	6.06975916640551e-05
ENSMUSG00000037475	1535.64425892188	0.214949177676964	0.0483054921658729	4.44978755084133	8.59552743726277e-06	6.0794593729253e-05
ENSMUSG00000033721	1265.21874258482	-0.403928400197233	0.0907907710153173	-4.44900286317743	8.62698663237224e-06	6.09970010047769e-05
ENSMUSG00000040447	1202.29063253117	-0.302932777328754	0.0680962025999632	-4.44860015335007	8.64317451367514e-06	6.10913349063387e-05
ENSMUSG00000095041	1618.63869431478	-0.429331877911527	0.0965233148780635	-4.44796035500745	8.6689524430171e-06	6.12533683811077e-05
ENSMUSG00000029916	1403.75376037436	-0.245221742110656	0.0551385489909159	-4.44737387179079	8.69264679889811e-06	6.14005778825754e-05
ENSMUSG00000021650	1790.56504520838	-0.177820902939154	0.0399843032751887	-4.44726776193438	8.69694032207738e-06	6.14106976821424e-05
ENSMUSG00000021823	6357.45146592151	0.20652627906152	0.0464413190086255	4.44703732517076	8.70627146563785e-06	6.14563706943052e-05
ENSMUSG00000031561	2512.35403310397	-0.35674592869893	0.0802261738428778	-4.44675237033756	8.71782345641864e-06	6.15176851793171e-05
ENSMUSG00000041205	210.966648932486	-0.399560466665954	0.0898600868197163	-4.44647318745174	8.72915565897324e-06	6.15774089305027e-05
ENSMUSG00000020660	43.5267853739166	0.950657373972101	0.213892112902512	4.44456488400484	8.80699265950587e-06	6.21060789845443e-05
ENSMUSG00000051977	131.249812180627	0.629903198623218	0.141727018585416	4.44448211011784	8.81038385329963e-06	6.21095894236223e-05
ENSMUSG00000097425	43.1434126135362	0.937900960054039	0.21102995546772	4.44439727988051	8.81386058915904e-06	6.21137003962206e-05
ENSMUSG00000000884	210.350041102692	-0.388910559207245	0.0875463324852325	-4.44233982357681	8.89858729776946e-06	6.26902116619361e-05
ENSMUSG00000025066	5571.83961880474	0.129263427847401	0.029103918209204	4.44144416975863	8.93571325096334e-06	6.29259029506071e-05
ENSMUSG00000049680	3702.482120115	-0.13165722592263	0.0296436268411813	-4.44133326289649	8.940320762159e-06	6.29259029506071e-05
ENSMUSG00000021003	2689.7993093916	0.205804200140966	0.0463385122122765	4.44132084340943	8.94083685825732e-06	6.29259029506071e-05
ENSMUSG00000038976	14433.2312276569	-0.131998716811179	0.0297213232890459	-4.44121264478922	8.94533429401805e-06	6.29369209948842e-05
ENSMUSG00000124597	22.3897787741682	1.30595956249272	0.294102332136271	4.44049373225511	8.9752719028198e-06	6.31117494771288e-05
ENSMUSG00000022052	6760.11765724552	0.158997290000035	0.0358068922668095	4.4404102097242	8.978756224917e-06	6.31117494771288e-05
ENSMUSG00000000142	530.990617504475	-0.346197506214677	0.0779653120686495	-4.44040429043426	8.97900320987382e-06	6.31117494771288e-05
ENSMUSG00000025417	5310.59656823233	-0.125888336111612	0.0283520478094121	-4.44018495446457	8.9881596773647e-06	6.31554290128676e-05
ENSMUSG00000035373	104.929599443067	1.44990061966046	0.326696603835424	4.43806456093699	9.0771395416417e-06	6.37597766364139e-05
ENSMUSG00000056938	3482.37742600084	-0.192069447799774	0.0432830294284715	-4.43752321258343	9.09999111206105e-06	6.38993814888788e-05
ENSMUSG00000029836	2288.58047256529	0.131869612578033	0.0297201148903994	4.43704921950458	9.1200445847412e-06	6.40192534519472e-05
ENSMUSG00000027751	1235.26343909835	-0.241072010736644	0.0543522449518404	-4.43536437087832	9.19166869649715e-06	6.45009350241934e-05
ENSMUSG00000027808	3007.64742659648	0.275051298329741	0.0620262958881758	4.43443050066406	9.23159935624225e-06	6.47599711702929e-05
ENSMUSG00000042812	35.6914989061851	1.18602743366719	0.267537700888832	4.43312262057606	9.28780070823369e-06	6.51329402165777e-05
ENSMUSG00000104117	59.3032235579222	-0.692859286068499	0.156356921320957	-4.43126713045375	9.36809472046193e-06	6.56745660579477e-05
ENSMUSG00000032358	8.11858850576884	3.78893570998983	0.855230524158382	4.43030925927072	9.40980451278877e-06	6.59454337811047e-05
ENSMUSG00000052539	15950.5067145926	-0.355285776986163	0.0802048034462307	-4.42973190781955	9.43503048688e-06	6.61006411329524e-05
ENSMUSG00000039199	1279.17609973695	-0.198125061181475	0.044728668445037	-4.42948712915371	9.44574498862544e-06	6.61541148208266e-05
ENSMUSG00000029569	1748.62034851775	0.154301416606985	0.034836850346055	4.42925853153251	9.45576170642585e-06	6.62026682290076e-05
ENSMUSG00000042759	164.970681120607	0.845540011887233	0.190909592053595	4.42900748355201	9.46677384811709e-06	6.62372315033679e-05
ENSMUSG00000074577	134.094110687863	-0.457269057216459	0.103244188350064	-4.4290052982549	9.46686975926269e-06	6.62372315033679e-05
ENSMUSG00000025576	12277.068109179	-0.271763897484639	0.0613886256337349	-4.4269422010858	9.55783296345431e-06	6.68360926231204e-05
ENSMUSG00000000439	2387.63693852209	0.13121670773938	0.0296406129085577	4.42692288935414	9.55868836080217e-06	6.68360926231204e-05
ENSMUSG00000116560	47.3161719779616	0.825678868003496	0.18653171026175	4.42647990974223	9.57832987080868e-06	6.69516212982022e-05
ENSMUSG00000005045	4625.80934264651	-0.35986832962548	0.081340529620728	-4.4242191599128	9.67917242703773e-06	6.76344776428359e-05
ENSMUSG00000052273	10.6666863548049	1.97404285708415	0.446233235546518	4.42379164041081	9.6983559567514e-06	6.77376440510267e-05
ENSMUSG00000042719	5273.76031140435	0.218561801952012	0.049406811892897	4.42371797690175	9.70166503003492e-06	6.77376440510267e-05
ENSMUSG00000057967	603.200507308031	-0.294995563399126	0.0666855673805005	-4.42367929054144	9.70340331020718e-06	6.77376440510267e-05
ENSMUSG00000005610	65583.9406176542	0.155933211945373	0.0352575649153228	4.42268807615822	9.74804278618361e-06	6.8027141238042e-05
ENSMUSG00000003161	9532.154209888	-0.127831099612348	0.0289047263899566	-4.42249817167496	9.7566175222267e-06	6.80648526916212e-05
ENSMUSG00000046861	4419.94943366897	-0.151406861098738	0.0342442868020809	-4.42137580419802	9.80744296593266e-06	6.8374997797521e-05
ENSMUSG00000021252	1501.60409550705	0.252315864558139	0.057067508789799	4.42135761502247	9.80826872585663e-06	6.8374997797521e-05
ENSMUSG00000031730	597.385901771134	-0.227996574046936	0.0515677029874309	-4.42130560095934	9.81063044891291e-06	6.8374997797521e-05
ENSMUSG00000046985	2099.61312898337	0.137015118851002	0.030991568339188	4.42104501945291	9.82247045464812e-06	6.84275551559322e-05
ENSMUSG00000043004	23726.026019524	-0.171274413078738	0.0387411079571293	-4.42099934953511	9.82454695754136e-06	6.84275551559322e-05
ENSMUSG00000034435	183.601287960127	0.760790219476271	0.172133126886673	4.4197780708251	9.88023138983171e-06	6.87930739585234e-05
ENSMUSG00000078776	172.224288107549	-0.442429647735321	0.100132524201067	-4.41844097375314	9.94154225054357e-06	6.91975181420779e-05
ENSMUSG00000019432	4720.81726530651	0.153194040165079	0.0346724904184753	4.41831660535839	9.94726343845571e-06	6.92148969108234e-05
ENSMUSG00000020659	1071.07171455452	0.18801651227917	0.0425632407548144	4.41734484839252	9.99207455417369e-06	6.95041712183708e-05
ENSMUSG00000097381	28.9565597206001	-1.12421845567147	0.254558948327078	-4.4163383886509	1.00386891641993e-05	6.98057990277621e-05
ENSMUSG00000053907	8162.23049153714	0.206799576024643	0.0468306439065374	4.4159028954922	1.00589235292073e-05	6.99238511910507e-05
ENSMUSG00000000305	1115.34669048551	0.385368050594781	0.0872968123093672	4.41445730262284	1.01263698942256e-05	7.0369911346535e-05
ENSMUSG00000043702	1892.42343970369	0.205623543645081	0.0466146806608788	4.41113273178871	1.02831255678135e-05	7.14361079089594e-05
ENSMUSG00000024513	3568.39332121168	0.13890154163883	0.0314940078693476	4.41041172705172	1.03174258713454e-05	7.1651201473407e-05
ENSMUSG00000020530	5586.65411857541	0.121385306490968	0.0275340925896023	4.40854573637944	1.04067045449559e-05	7.22478395090633e-05
ENSMUSG00000052629	236.383112329631	-0.482789474959881	0.109532225088149	-4.40773913404337	1.04455245357296e-05	7.24938990248857e-05
ENSMUSG00000121146	6.61637347748492	2.50620051292172	0.568771610906633	4.40633896780956	1.05132400340353e-05	7.29402749096969e-05
ENSMUSG00000073158	121.934084717039	0.489210807022286	0.111076658275953	4.40426291729913	1.06144150257898e-05	7.36184274454291e-05
ENSMUSG00000055963	1756.55252459671	-0.259998387269144	0.0590360474520894	-4.40406156052613	1.06242773293559e-05	7.3663028795851e-05
ENSMUSG00000027965	302.436794190253	-0.615303052344506	0.139715405334792	-4.4039742852271	1.06285547256374e-05	7.36688911012372e-05
ENSMUSG00000052353	572.946331413022	0.490449421549911	0.111379862312793	4.4033940369989	1.06570347539471e-05	7.38424493312554e-05
ENSMUSG00000133242	186.369200285743	-0.533163700340933	0.121092792191145	-4.40293506073701	1.06796140539447e-05	7.39698426613598e-05
ENSMUSG00000014668	1275.20751471054	0.220897061847331	0.0501710352989688	4.40288027805301	1.06823121331508e-05	7.39698426613598e-05
ENSMUSG00000055214	3059.94263537539	-0.362383874223567	0.0823282867096432	-4.40169337546922	1.07409278387698e-05	7.4351743626905e-05
ENSMUSG00000118665	1142.07872942338	0.208025229228853	0.0472651270049481	4.40124130433577	1.07633342302706e-05	7.44828280422273e-05
ENSMUSG00000025371	2404.1107787445	-0.175966637875335	0.0399822554655165	-4.40111834178792	1.07694364453948e-05	7.44888916873759e-05
ENSMUSG00000035311	4090.21210146836	-0.222288753405966	0.050507730121297	-4.40108381176759	1.07711506474245e-05	7.44888916873759e-05
ENSMUSG00000057101	3363.32513860216	0.208380172882017	0.0473663381646385	4.39933043077382	1.08585384857035e-05	7.50690457758814e-05
ENSMUSG00000062937	1352.0338929202	-0.209400980038847	0.0476039967523719	-4.39881090506152	1.08845611813227e-05	7.52247232190189e-05
ENSMUSG00000019820	19876.0458142372	-0.214739057214323	0.0488307674647113	-4.39761790288284	1.09445434076738e-05	7.56149239746138e-05
ENSMUSG00000003410	9734.3420939983	0.272011340194984	0.0618593164337764	4.39725745250008	1.09627282657467e-05	7.57074674676558e-05
ENSMUSG00000028618	14053.9326938649	-0.104056463471915	0.0236641873787694	-4.3972126237164	1.09649919107865e-05	7.57074674676558e-05
ENSMUSG00000031833	1473.7718762848	-0.210065873386244	0.0477937695103493	-4.3952564432223	1.10642056927067e-05	7.63679226365409e-05
ENSMUSG00000013367	1878.16499280449	-0.252256764008642	0.0573991472886063	-4.39478243013402	1.10883754247217e-05	7.65101468553763e-05
ENSMUSG00000043020	11.1760013312188	1.78855938162932	0.40697995032079	4.39471128791368	1.10920072847794e-05	7.65106132310651e-05
ENSMUSG00000028278	5267.88722108158	-0.234976010459996	0.0534692549144083	-4.39460042665897	1.10976690931741e-05	7.65250770170494e-05
ENSMUSG00000041670	3611.58752767209	-0.303835707250483	0.0691473999600857	-4.39402938398071	1.11268766181708e-05	7.67018411964206e-05
ENSMUSG00000008348	5814.09172901731	0.244669696041972	0.0556868644386228	4.39366982695969	1.11453047725376e-05	7.68042093891786e-05
ENSMUSG00000031671	426.513603890331	-0.290086516786017	0.0660568696423229	-4.3914662980057	1.12588789262231e-05	7.7561968880072e-05
ENSMUSG00000028782	756.588809317306	-0.297274546351618	0.0677023942275628	-4.39090152930799	1.12881655929017e-05	7.77387753022866e-05
ENSMUSG00000040007	3679.61468306176	-0.272652937253594	0.0620983418395697	-4.39066373073197	1.1300518629527e-05	7.7798888037661e-05
ENSMUSG00000054871	7104.0870376063	-0.246823890176645	0.0562354215722812	-4.38911780645931	1.13811407057726e-05	7.83288125649614e-05
ENSMUSG00000079018	1152.85598359785	0.623965471540257	0.142171757753827	4.38881449732558	1.1397022994691e-05	7.84129793602683e-05
ENSMUSG00000078161	1441.91833375246	-0.367425069944124	0.0837279339869675	-4.38832122623872	1.1422897524184e-05	7.85658180884759e-05
ENSMUSG00000074247	5453.99268291376	0.12051359180467	0.0274707464781903	4.38697914162431	1.14935807011019e-05	7.90266506501772e-05
ENSMUSG00000045205	2640.05172623636	-0.15093943760464	0.0344124193123743	-4.38619081775409	1.15352935627859e-05	7.9288060076453e-05
ENSMUSG00000115936	211.314831094381	-0.448588050017319	0.10228255252302	-4.38577292951657	1.1557463996433e-05	7.94150198935438e-05
ENSMUSG00000024770	11.2315454816886	2.802225016022	0.639230596648029	4.38374669597511	1.16655407533466e-05	8.01319992996285e-05
ENSMUSG00000026991	2880.86355531635	0.385546609164158	0.0879558906714445	4.38340861789861	1.16836670609227e-05	8.02308372136169e-05
ENSMUSG00000001436	1831.20411626629	-0.231468658696987	0.0528281466725292	-4.38154039610387	1.17843189093964e-05	8.08953998090128e-05
ENSMUSG00000031099	2179.91578401663	-0.265031920488731	0.0604892323953402	-4.38147270172911	1.17879814871235e-05	8.08953998090128e-05
ENSMUSG00000117286	1025.42323155491	-0.405447008727391	0.0926028832560248	-4.3783410890828	1.19586089369324e-05	8.2040108482004e-05
ENSMUSG00000054027	4198.73652304787	0.210281585795947	0.0480327554970002	4.37787887911365	1.19839914338345e-05	8.21879744788149e-05
ENSMUSG00000025265	560.01912846874	-0.343361842036211	0.0784404266511276	-4.37735816460242	1.20126483294413e-05	8.23560509771292e-05
ENSMUSG00000079426	6171.20063358556	0.113155040782367	0.0258504535440925	4.37729421610961	1.20161721634384e-05	8.23560509771292e-05
ENSMUSG00000028191	1022.14479736579	0.247303235581867	0.0565004508317106	4.37701349177675	1.20316529429258e-05	8.24358321330501e-05
ENSMUSG00000039512	1466.77199246995	0.290057997796472	0.066269651474835	4.37693561594506	1.20359508426418e-05	8.24389664288926e-05
ENSMUSG00000049300	1172.28399805189	-0.201247687047304	0.045981277153268	-4.3767311285524	1.20472433009636e-05	8.2489991929341e-05
ENSMUSG00000024182	1169.98081652764	0.159657017861434	0.0364874613392881	4.37566802405962	1.21061145057874e-05	8.28666626215665e-05
ENSMUSG00000026975	460.123273312573	-0.285660193746315	0.0652898059964566	-4.37526485776077	1.21285122419709e-05	8.29935109295978e-05
ENSMUSG00000043384	12501.4166485407	-0.310228058170646	0.0709188099019875	-4.37441150802437	1.21760502416489e-05	8.32922544573726e-05
ENSMUSG00000034845	1009.21950111705	0.796958686203599	0.18220206050896	4.37403772480613	1.21969287335501e-05	8.3408497035485e-05
ENSMUSG00000027463	447.403159767565	-0.382268275199977	0.0874413583678874	-4.37171016479044	1.23277105671824e-05	8.42759984188333e-05
ENSMUSG00000004043	428.123767561727	0.406250975138651	0.0929352894003662	4.37133168422726	1.23491028695966e-05	8.43953652336075e-05
ENSMUSG00000029471	1855.54593145591	0.210797215349354	0.0482359203648629	4.37012943372607	1.24172911496978e-05	8.48343640418247e-05
ENSMUSG00000037275	1782.58649085131	0.22242710343837	0.0509050392595443	4.36945156459469	1.24558962352276e-05	8.50710367755001e-05
ENSMUSG00000033434	1746.19657802136	0.227883377316605	0.0521564594003745	4.36922636115458	1.24687470427331e-05	8.51317188356577e-05
ENSMUSG00000002968	3130.09216163278	0.152165616961245	0.0348282873583832	4.369023816631	1.24803156674516e-05	8.5183610848177e-05
ENSMUSG00000025766	753.801399949502	-0.208818422516726	0.0478071036282526	-4.36793711956481	1.25425590469578e-05	8.55812372860765e-05
ENSMUSG00000030002	2108.69842331694	0.269188827640797	0.0616555500814056	4.36601128828433	1.26535943123952e-05	8.63114253288449e-05
ENSMUSG00000029516	879.010513603096	-0.309945959883401	0.070997700263246	-4.36557745862444	1.26787362124853e-05	8.64554483917438e-05
ENSMUSG00000032249	3282.09187079627	0.144324853758646	0.0330642275401061	4.36498489443261	1.27131543446459e-05	8.66626138971635e-05
ENSMUSG00000075270	3054.20085939478	-0.319973589249149	0.0733080187510726	-4.36478293507921	1.27249051833686e-05	8.67151792591079e-05
ENSMUSG00000038002	1695.19016480315	0.2618909782706	0.0600032676856666	4.36461193484567	1.27348627927538e-05	8.67554949886556e-05
ENSMUSG00000102564	121.451000601839	-0.569231596106877	0.130428943208681	-4.36430428786139	1.27527962782848e-05	8.68501030804762e-05
ENSMUSG00000014956	12075.088259611	0.0954558756342465	0.0218842072704755	4.36186124790677	1.28960648822676e-05	8.77979475936428e-05
ENSMUSG00000020702	29.5154121203656	-1.0835480756127	0.248421141026505	-4.36173858285714	1.29032987377356e-05	8.78193439138341e-05
ENSMUSG00000046207	130.679565020983	0.600280131311017	0.137631079756423	4.36151581730946	1.29164456629862e-05	8.78809580353917e-05
ENSMUSG00000027374	2265.4523249334	-0.181033830859492	0.0415095976645872	-4.36125236197933	1.29320104670918e-05	8.79589786712901e-05
ENSMUSG00000048799	9145.52398164815	0.272718498567557	0.0625520504497733	4.35986505009198	1.30142677980879e-05	8.84904252625131e-05
ENSMUSG00000007783	2920.12634150829	-0.162406085304807	0.0372528162518232	-4.35956530660574	1.3032105830649e-05	8.85744297785919e-05
ENSMUSG00000097827	25.0013822147969	1.17486040646213	0.269493138374314	4.35951881205341	1.30348748565439e-05	8.85744297785919e-05
ENSMUSG00000021365	1143.78042521595	0.279804935848634	0.0641887751734541	4.35909448486175	1.30601720047402e-05	8.87182443840991e-05
ENSMUSG00000033933	1274.28729015973	0.183050643739741	0.0419943593133997	4.35893407430394	1.30697474086297e-05	8.87552033766675e-05
ENSMUSG00000037349	425.698586764269	-0.32198217215583	0.0738868775617007	-4.35777208052882	1.31393106819153e-05	8.91993811189099e-05
ENSMUSG00000060301	926.500044569832	0.235801429362713	0.0541187935400241	4.35710801993995	1.31792234292423e-05	8.94420518912788e-05
ENSMUSG00000025355	163.435591948747	0.780916774993912	0.179241257223973	4.35679143902738	1.3198291922124e-05	8.95431524653329e-05
ENSMUSG00000048307	22603.6976109978	-0.101858723254146	0.0233895498625465	-4.35488172507548	1.33138784304203e-05	9.02728962559152e-05
ENSMUSG00000055737	2892.83179238646	-0.298193163410516	0.0684734090483081	-4.35487538235669	1.33142639311575e-05	9.02728962559152e-05
ENSMUSG00000042523	1781.53126891768	-0.180906906107018	0.0415513586720979	-4.35381445729953	1.33788954002731e-05	9.06824656338059e-05
ENSMUSG00000057367	1345.89274408358	-0.173583844720264	0.039895219061743	-4.35099364792611	1.35521978775411e-05	9.18281185730104e-05
ENSMUSG00000017723	229.890223357669	-0.49396071386622	0.113539147996314	-4.35057618965273	1.35780265173669e-05	9.19740982082041e-05
ENSMUSG00000028989	221.791661203355	-1.08327158058645	0.249024244101133	-4.35006472761951	1.36097352915786e-05	9.21482758219588e-05
ENSMUSG00000034889	1112.03554754582	0.174758471323759	0.040174148852742	4.35002299524339	1.36123256606462e-05	9.21482758219588e-05
ENSMUSG00000026069	71.0192424636603	1.06277316251927	0.244406366755276	4.34838575045561	1.37143229960551e-05	9.28094758617017e-05
ENSMUSG00000125199	163.970019766279	-0.543311560382053	0.124954166303294	-4.34808679418743	1.37330259589611e-05	9.29067555105764e-05
ENSMUSG00000054074	398.254394804379	-0.272450779858196	0.0626852426766451	-4.34633046351281	1.38433957939992e-05	9.36239237914261e-05
ENSMUSG00000034898	2471.79485966317	-0.251976402425417	0.0579792601514837	-4.34597478075907	1.38658500889012e-05	9.37462481916072e-05
ENSMUSG00000039470	21550.5110174962	0.184868275660192	0.0425518096461941	4.34454555980858	1.3956427717667e-05	9.43289286484383e-05
ENSMUSG00000020178	304.391534096741	-0.57314214820383	0.132026374176049	-4.34111859680083	1.41759178251855e-05	9.57822637820055e-05
ENSMUSG00000128700	83.4921784237993	-0.691032063233307	0.159272319914209	-4.33868272657502	1.43339279027183e-05	9.681941358079e-05
ENSMUSG00000047786	18120.4872777503	0.28613397397319	0.0659668113370182	4.3375444132256	1.44083425759679e-05	9.72914381049786e-05
ENSMUSG00000031994	516.665518629758	0.380586782115606	0.0877487442683686	4.3372333734102	1.44287401040276e-05	9.73985330418414e-05
ENSMUSG00000024579	2484.64393328082	-0.303892822717575	0.0700739696329229	-4.33674336289916	1.44609301377769e-05	9.75851387417536e-05
ENSMUSG00000108358	1375.03376540806	-0.237191393677194	0.0546976198183687	-4.3364116110504	1.44827626250783e-05	9.77017544028698e-05
ENSMUSG00000030443	277.604776923012	0.384919172281363	0.0887771478044974	4.33579115572648	1.45236789943751e-05	9.79469975787794e-05
ENSMUSG00000028292	952.880838072319	-0.17964062401702	0.0414544617860897	-4.33344485194354	1.46794065275152e-05	9.89661245350635e-05
ENSMUSG00000027698	6025.41834953411	0.222819392880886	0.0514385138149727	4.33176187170532	1.47920876078228e-05	9.96944906089561e-05
ENSMUSG00000042631	243.743627915994	-0.416165922823993	0.09609835628963	-4.33062477749061	1.48686861793762e-05	0.00010017928987021
ENSMUSG00000004127	1209.68842494443	0.216320033092707	0.0499550555680676	4.33029311313556	1.48910993811007e-05	0.000100298819992064
ENSMUSG00000030082	7500.72686034297	0.107993115819841	0.0249395967855823	4.33018692115632	1.48982824248416e-05	0.000100315724758987
ENSMUSG00000032370	726.660555552266	0.209997741221626	0.0484994285292608	4.32990135326914	1.49176152155721e-05	0.000100414402075093
ENSMUSG00000041650	995.717722656999	-0.247259181086005	0.0571111604580831	-4.32943717309826	1.49490910124542e-05	0.000100594729678163
ENSMUSG00000058835	6452.34013430338	0.113541944179362	0.0262327007125813	4.3282598091361	1.50292116613261e-05	0.00010110218035789
ENSMUSG00000026312	122.208252685058	-0.595362438066966	0.137624668375174	-4.32598635910218	1.51850819917216e-05	0.000102118724948087
ENSMUSG00000022120	1614.66417693424	-0.268342112649893	0.0620502668105815	-4.32459240617048	1.52814139440927e-05	0.000102734366340086
ENSMUSG00000050370	61.4019135253671	0.915324508131582	0.211694753787832	4.32379400884422	1.53368509487353e-05	0.000103074778480135
ENSMUSG00000046822	3632.48356453648	-0.145321364399769	0.0336111424693249	-4.32360680784342	1.5349877038506e-05	0.000103130034587972
ENSMUSG00000042678	169.936650072284	-0.436432170053293	0.100945548645964	-4.32344145836431	1.53613913964209e-05	0.00010317510253929
ENSMUSG00000033916	3989.51741938031	0.137625350908852	0.0318356088578028	4.32300043399738	1.53921430732158e-05	0.000103349309730889
ENSMUSG00000032869	4836.38088678845	0.134453576503032	0.0311106704821849	4.32178331161408	1.5477315173279e-05	0.000103888695281303
ENSMUSG00000031540	2183.14850333816	0.268168076979657	0.0620538589767784	4.32153747408377	1.54945729103221e-05	0.000103972023161293
ENSMUSG00000033788	5556.64627670043	0.301519305747802	0.0697810148501977	4.32093609408071	1.55368670079336e-05	0.000104223245997595
ENSMUSG00000046671	6355.18672059095	-0.133961837074479	0.0310135228324131	-4.31946534414569	1.56407667173405e-05	0.000104887440910475
ENSMUSG00000022012	2955.69371864223	-0.217108382299425	0.050263958802732	-4.31936495793133	1.56478824998152e-05	0.000104896709908822
ENSMUSG00000031016	529.631831318389	-0.359237180235654	0.0831700775464654	-4.31930798711779	1.56519221950041e-05	0.000104896709908822
ENSMUSG00000027399	5.24839603877631	2.73918546358736	0.634438096431881	4.31749839581309	1.57807555274642e-05	0.000105727121770458
ENSMUSG00000031617	9102.11044778899	-0.219538851069428	0.0508529638524426	-4.31712990626176	1.58071136278664e-05	0.000105843943468341
ENSMUSG00000040396	1247.00392982304	0.159336124066169	0.036907994948564	4.31711677343146	1.58080537948151e-05	0.000105843943468341
ENSMUSG00000042589	821.547668514432	-0.368339715650163	0.0853338698378428	-4.31645390452943	1.58555772628976e-05	0.000106129036958329
ENSMUSG00000063171	1996.51676104094	0.335005737134259	0.0776196678829869	4.31599034460295	1.58888924391926e-05	0.000106318879395171
ENSMUSG00000009030	3124.85030250841	-0.134996980338703	0.0312859371106059	-4.31494124217681	1.59645360116854e-05	0.000106791751332764
ENSMUSG00000027420	140.481112087139	-0.494153513071992	0.1145548332292	-4.31368541284762	1.60555366747736e-05	0.00010736702500333
ENSMUSG00000050910	7318.56302750593	0.211350759180346	0.0489998300094923	4.31329576325884	1.6083872059181e-05	0.000107523013896724
ENSMUSG00000027833	1135.49471313026	-0.403456798840108	0.0935436013868735	-4.3130347010215	1.61028832092467e-05	0.00010760271420088
ENSMUSG00000128663	4.23144882632865	4.01070686671228	0.929912373833916	4.31299440631877	1.61058194692736e-05	0.00010760271420088
ENSMUSG00000037552	855.05476490436	0.471698696486042	0.109391888330372	4.31200798967355	1.61778586519511e-05	0.000108050377667325
ENSMUSG00000029207	4939.22377368392	0.273484304984067	0.0634320272232357	4.31145459093711	1.62184084003165e-05	0.000108287513132564
ENSMUSG00000022860	104.2472104517	-0.578998169780476	0.13430201722146	-4.31116510205299	1.62396589888556e-05	0.000108342472460696
ENSMUSG00000024855	2110.67863076695	0.238693830888416	0.0553667798347432	4.31113804344159	1.6241646643337e-05	0.000108342472460696
ENSMUSG00000029735	573.94251721498	-0.2744043132691	0.0636501144558195	-4.3111362110679	1.62417812530755e-05	0.000108342472460696
ENSMUSG00000074235	51.4157448219325	-0.72455252260749	0.168071728327121	-4.31097204639485	1.62538454257414e-05	0.000108389265582158
ENSMUSG00000111110	5.45133539282328	3.32936170697505	0.77240638329801	4.31037570243709	1.62977416001086e-05	0.000108648236393768
ENSMUSG00000020476	7994.06486758678	-0.0901031662208925	0.0209045845581629	-4.31021080424717	1.63098994887982e-05	0.000108695530092066
ENSMUSG00000111885	9.77646067716777	1.69193920081053	0.392746514421434	4.30796745148196	1.64761623189368e-05	0.000109769491104375
ENSMUSG00000025287	3159.25781422574	0.124433298497268	0.0288873105323181	4.30754183079994	1.65078883516949e-05	0.000109946736381472
ENSMUSG00000053641	4888.47412591663	0.219283645786305	0.0509102802121393	4.30725670478667	1.65291743818038e-05	0.000110054360198449
ENSMUSG00000004151	7364.97483140661	-0.399851997106234	0.0928356259420616	-4.30709647345708	1.65411479005622e-05	0.000110099932041386
ENSMUSG00000038622	1011.88228357594	-0.249205192085604	0.0578727059919958	-4.30609192734259	1.66164026450837e-05	0.000110566552752439
ENSMUSG00000040390	5319.04308576907	-0.173178132056002	0.0402345524976548	-4.30421419664346	1.67579471670586e-05	0.000111473843783105
ENSMUSG00000024560	1400.03605662845	0.190745405897979	0.0443408706296833	4.3017965860663	1.69418808841696e-05	0.000112662458196897
ENSMUSG00000030942	2472.08677594429	0.114797128461754	0.0266878177800139	4.30148052598453	1.69660687039971e-05	0.000112788365066584
ENSMUSG00000037315	336.75566096551	0.343504123807391	0.0798657448100654	4.30101947492386	1.70014115888763e-05	0.000112988328534619
ENSMUSG00000121182	45.0322120104798	-0.936115430681326	0.21765660394266	-4.30088227843498	1.70119422261273e-05	0.00011302332151843
ENSMUSG00000028785	1654.80135452142	-0.316689516256203	0.0736706882400921	-4.29871803591836	1.71788852109638e-05	0.000114097137976036
ENSMUSG00000038665	7095.1558321769	-0.447386140495694	0.104076716247298	-4.29861890946535	1.71865687861104e-05	0.000114112862840287
ENSMUSG00000050783	394.7491192504	0.396882339722519	0.0923513966184291	4.29752396016629	1.72716596020352e-05	0.000114642376319507
ENSMUSG00000027387	210.992805825604	-0.410667356254519	0.0955638772568146	-4.29730739315764	1.72885369644137e-05	0.000114718928741299
ENSMUSG00000032565	1156.00436223363	-0.202845284815135	0.047225566131558	-4.29524305224973	1.74502046513404e-05	0.000115755900199528
ENSMUSG00000086866	10.2883432623086	3.00229625321847	0.699169385665918	4.29408997986798	1.75411328296754e-05	0.000116323125524193
ENSMUSG00000030528	407.994404544954	0.441726822775026	0.102901271332202	4.29272463844467	1.76493837558349e-05	0.000117004839932906
ENSMUSG00000043639	90.6779190026409	-0.744727871218929	0.173503789365944	-4.29228591456406	1.76843028410253e-05	0.000117200137321843
ENSMUSG00000087038	463.36292635593	0.320978430587068	0.0747875423363581	4.29187028427091	1.77174445637107e-05	0.000117383538581671
ENSMUSG00000050069	351.484570158069	0.415764982648176	0.0968842918300933	4.29135595455769	1.77585383555587e-05	0.000117619495322562
ENSMUSG00000002658	3869.01570037656	0.137421913610367	0.0320277975354428	4.29070757857428	1.78104715499779e-05	0.000117927076586004
ENSMUSG00000074238	10845.7500139584	-0.196362894850953	0.0457678272320869	-4.29041330398326	1.78340898740274e-05	0.000118047046942914
ENSMUSG00000103900	19.4437794864655	1.40729795053321	0.328023460692223	4.29023566656914	1.78483613995256e-05	0.000118099549202094
ENSMUSG00000039354	2841.80663232909	0.217463454331234	0.0506886829030212	4.29017764670055	1.78530251169661e-05	0.000118099549202094
ENSMUSG00000020921	1090.4094281882	-0.191880098186604	0.0447262903447194	-4.29009642220994	1.78595560045245e-05	0.000118106355265903
ENSMUSG00000030772	11039.7469636132	-0.167598244643164	0.0390798217060847	-4.28861333871105	1.79792048924838e-05	0.000118860983129676
ENSMUSG00000109464	6.41053397088689	2.63375003881901	0.614160625491833	4.28837331717552	1.79986404666514e-05	0.000118952837517592
ENSMUSG00000126974	5.91659311733094	4.03593035692691	0.94165830618379	4.28598179448246	1.81933887602329e-05	0.000120202918783367
ENSMUSG00000044700	1426.42797785809	-0.226766115230133	0.0529103565026963	-4.28585498603807	1.82037709659285e-05	0.000120234506939884
ENSMUSG00000078578	20681.7589528374	0.0853845831315473	0.0199292572227475	4.28438361636922	1.83246500539223e-05	0.000120995674579359
ENSMUSG00000039427	1626.2097081843	-0.173937034447304	0.0406119141177589	-4.28290658605633	1.8446763027901e-05	0.000121764518805942
ENSMUSG00000031748	52240.1981796598	-0.243165576320553	0.0568034827221634	-4.28082160930029	1.86204578696712e-05	0.000122870066585505
ENSMUSG00000051671	627.813965410954	-0.287631603660628	0.0671917299031044	-4.2807590171501	1.86256962950356e-05	0.000122870066585505
ENSMUSG00000029128	2011.64677650122	-0.150444172154349	0.0351583343120063	-4.27904720454783	1.87695056949369e-05	0.000123780709446241
ENSMUSG00000006705	1035.2272096532	0.270527858722985	0.0632315912352643	4.27836550430051	1.88270692860402e-05	0.000124122195729158
ENSMUSG00000024963	467.411369334096	-0.282952523979997	0.0661415235277536	-4.27798618610996	1.8859172147062e-05	0.000124295667580237
ENSMUSG00000059412	36069.2687323526	-0.183934074927517	0.0429985673147756	-4.2776791510519	1.88851956414637e-05	0.000124428977789951
ENSMUSG00000021546	21309.2590193051	0.0949330755616264	0.0221957863607956	4.27707646931161	1.89363768777498e-05	0.000124727912260748
ENSMUSG00000097343	228.655653096269	-0.364849215437817	0.085314411342287	-4.27652502897803	1.89833222890497e-05	0.000124998771857896
ENSMUSG00000026817	7234.828545201	-0.175734749385009	0.041097480982293	-4.27604673533944	1.90241303024373e-05	0.000125229065032849
ENSMUSG00000038116	8168.8263014936	0.181682085210853	0.0424895308477649	4.27592589482333	1.90344536293253e-05	0.000125258608708491
ENSMUSG00000019988	262.043959495459	0.41046197402927	0.0959981489881221	4.27572800471451	1.90513707771724e-05	0.00012533151244339
ENSMUSG00000011382	867.382474051446	-0.266023854734386	0.0622284931245529	-4.27495253985867	1.91178015105104e-05	0.000125730002213424
ENSMUSG00000054381	389.204243288287	0.277472879447358	0.0649233729784171	4.27385187672859	1.92124694885241e-05	0.00012631389587769
ENSMUSG00000109501	3.68989397255203	4.60935361770787	1.07947880626815	4.26998065264735	1.95489924716003e-05	0.000128487039925099
ENSMUSG00000050373	4914.42977622551	0.154254090704735	0.0361357383885322	4.26874052070534	1.96579783348139e-05	0.00012916380867313
ENSMUSG00000021477	60385.0061052716	0.167594102182572	0.0392655367758695	4.26822389158237	1.9703551506317e-05	0.000129423634221114
ENSMUSG00000062252	783.184592629977	-0.237375887365885	0.0556206718925119	-4.26776375202044	1.97442262879985e-05	0.000129651135361938
ENSMUSG00000022415	31624.5027849662	-0.21437701885851	0.0502383112138213	-4.2672019357118	1.97939973725977e-05	0.000129938210275285
ENSMUSG00000028467	1596.59701099627	-0.195815145941678	0.045894054578694	-4.26667784616668	1.98405339523265e-05	0.000130203883161308
ENSMUSG00000108414	231.554977071509	0.843151267183322	0.197627415239588	4.26636793362476	1.98681016674194e-05	0.000130344948164066
ENSMUSG00000133910	123.071308499944	-0.574743324302461	0.134737747035612	-4.26564446079504	1.99325989347239e-05	0.000130728129768647
ENSMUSG00000130947	61.4777561735693	-0.747507746408387	0.175268475462175	-4.26492981374569	1.99965051034592e-05	0.000131107201756522
ENSMUSG00000032449	3483.0516248634	-0.12877874915476	0.0302008797808128	-4.26407277170036	2.0073402021095e-05	0.000131571190163305
ENSMUSG00000032840	2085.11483590414	0.21539707830818	0.0505174683937069	4.26381378871735	2.00966942593467e-05	0.00013168365047959
ENSMUSG00000037594	496.100535075428	0.301208889470505	0.0706513876871769	4.26331172438067	2.01419219122396e-05	0.000131939730170319
ENSMUSG00000139399	203.752638604891	0.403234641427959	0.09458447870804	4.26322211567767	2.01500043535023e-05	0.000131952408008627
ENSMUSG00000050708	23452.3294934632	0.217976039911744	0.0511316165298482	4.26303830594717	2.01665931159072e-05	0.000132020764814292
ENSMUSG00000010609	3143.24283036286	-0.151589916574151	0.0355676402310865	-4.26201782264038	2.02589281415971e-05	0.000132584802282782
ENSMUSG00000118219	143.320874854976	-0.590076416762517	0.138465832768291	-4.26153084096892	2.03031328078605e-05	0.000132833602210769
ENSMUSG00000032050	8088.26072759158	0.130329637679884	0.0305892574046091	4.2606342467224	2.03847594489783e-05	0.00013332700985124
ENSMUSG00000110056	17.3748173719088	-1.51433904975768	0.355594222902141	-4.25861544487021	2.05696981447931e-05	0.000134495626066442
ENSMUSG00000030000	31261.0938850779	0.268421994319208	0.0630395964663994	4.25799036423526	2.06272837743164e-05	0.000134831082064396
ENSMUSG00000031438	480.671213000963	-0.371697808176338	0.0873444433429163	-4.25554040933141	2.0854469379118e-05	0.000136268965324371
ENSMUSG00000002365	2307.55282280236	-0.208566683757626	0.0490113001518908	-4.25548155448351	2.08599562124236e-05	0.000136268965324371
ENSMUSG00000033526	4805.57395448034	-0.190944348004174	0.044875596279749	-4.2549707153494	2.09076377427165e-05	0.000136538896192623
ENSMUSG00000031207	28387.2530263816	0.170551550643414	0.0401011480738365	4.25303411087844	2.1089343703124e-05	0.000137683653263765
ENSMUSG00000028988	3661.32869544562	-0.139874533793157	0.0329021469407787	-4.25122816589811	2.12601441515898e-05	0.00013875653826635
ENSMUSG00000026153	1598.46114482397	0.278377264336919	0.065503141781087	4.24983072212418	2.13932127814012e-05	0.000139582585278285
ENSMUSG00000020546	678.483924590734	-0.254624523191451	0.0599312424292831	-4.24861078913723	2.15100261681519e-05	0.000140302103228668
ENSMUSG00000042444	7991.97580058688	-0.196236010887073	0.0461922491816176	-4.24824541700744	2.15451299796953e-05	0.000140488384004903
ENSMUSG00000052133	270.012218978148	-0.510457881129419	0.120207045881059	-4.2464888591847	2.17146572337243e-05	0.000141513807301471
ENSMUSG00000028069	916.238960206906	0.22929781354774	0.0539971565617784	4.24647941017781	2.17155725915888e-05	0.000141513807301471
ENSMUSG00000032875	10255.9464727742	-0.175516775121327	0.0413714782620585	-4.24245839149268	2.21084540045716e-05	0.000144030371369388
ENSMUSG00000031631	2493.32197995753	-0.187831642538731	0.0442754604635136	-4.24234193325937	2.21199329791384e-05	0.000144061432442411
ENSMUSG00000022283	11484.0754287612	0.307760185755131	0.0725645706998646	4.24119074621225	2.22337079921257e-05	0.000144758500381853
ENSMUSG00000120285	188.174198442173	0.409683699430285	0.0966407144020211	4.23924535290601	2.24272435968977e-05	0.000145963923417677
ENSMUSG00000028960	10351.5505507279	0.269826520691426	0.063650441433183	4.23919323442047	2.24324505429478e-05	0.000145963923417677
ENSMUSG00000024294	8146.52121884096	0.232138166291439	0.0547681130640955	4.23856425398052	2.24953802197175e-05	0.00014632903993832
ENSMUSG00000074749	1262.70807928066	-0.166285144534738	0.0392352792014255	-4.23815372081503	2.25365447640327e-05	0.000146552399244086
ENSMUSG00000024118	412.434359826983	-0.260869191225063	0.0615573829257305	-4.23782134370144	2.2569925035513e-05	0.000146725018416815
ENSMUSG00000021144	2911.17751423993	-0.13521307151809	0.0319174146497967	-4.23634160227797	2.27191057479601e-05	0.00014765011322607
ENSMUSG00000030683	9313.16309374315	0.327648817390045	0.0773552218638325	4.2356392948727	2.27902370818756e-05	0.000148067563317052
ENSMUSG00000086847	377.477873600573	-0.463852414796082	0.109513718403774	-4.23556447134662	2.27978278639751e-05	0.000148072064426048
ENSMUSG00000016552	303.004434729556	-0.340170195797773	0.0803288340494127	-4.23472094202841	2.28835698148794e-05	0.000148584001707865
ENSMUSG00000024427	1130.80465550966	-0.466429024586307	0.110152936543342	-4.23437666959321	2.29186520725185e-05	0.000148739166298858
ENSMUSG00000033965	1969.21312486998	-0.248454604801184	0.0586759662769527	-4.23435046009245	2.29213249844696e-05	0.000148739166298858
ENSMUSG00000018433	1186.1293229173	0.15852904257869	0.0374551584020811	4.2325022598191	2.31105590293292e-05	0.000149921807229852
ENSMUSG00000017734	390.99547926957	0.27775047116503	0.0656285595441308	4.23215857691135	2.31459116695283e-05	0.000150105782446554
ENSMUSG00000035765	8398.05696354676	-0.181774227869867	0.0429595874246815	-4.23128430152084	2.32360753520677e-05	0.000150644999549225
ENSMUSG00000003581	960.9826627347	0.173534379209282	0.0410272133228856	4.22973838957962	2.33963232142044e-05	0.000151638126242788
ENSMUSG00000027994	1920.8876259089	0.191110177342173	0.0452104895904993	4.22712027835092	2.36701155341951e-05	0.000153366344719901
ENSMUSG00000059975	666.266749444756	-0.204855503138848	0.0484720866662607	-4.22625715598579	2.37610439143488e-05	0.00015390904304931
ENSMUSG00000052534	2651.1320430251	0.214293748943723	0.0507081198504522	4.22602434434003	2.37856270553708e-05	0.000154021801016769
ENSMUSG00000001569	2239.81614389773	-0.111020445799864	0.0262737479912409	-4.22552754319161	2.38381664245912e-05	0.000154315464556778
ENSMUSG00000023973	2351.85138985251	-0.133786155117621	0.0316665139489259	-4.22484632610339	2.39103882990082e-05	0.000154736326568137
ENSMUSG00000035699	91.4387564784212	-0.577857041978003	0.136778578744382	-4.22476273172811	2.39192652089232e-05	0.000154747120848326
ENSMUSG00000038602	2728.25978240296	-0.272416037738844	0.0645073406360034	-4.22302384585981	2.41046305458876e-05	0.000155899367067799
ENSMUSG00000040842	2705.60552599334	0.240398203344331	0.0569272088499803	4.22290514853539	2.41173333926712e-05	0.00015593454174912
ENSMUSG00000097558	22.1057940695974	1.11905072868607	0.26512733139551	4.22080485929493	2.43431600110088e-05	0.00015734726672578
ENSMUSG00000041134	342.349890416563	0.479067341402634	0.11351232288936	4.2203994175115	2.43869848226157e-05	0.000157583087357697
ENSMUSG00000059991	9142.41596863668	0.224677947713424	0.0532400151348548	4.22009548916024	2.4419886106943e-05	0.000157748201977622
ENSMUSG00000025272	8537.59730055833	-0.33745873699276	0.0799688151864193	-4.21987916422286	2.44433297425981e-05	0.000157852140870822
ENSMUSG00000028976	54.4921920635469	-0.887650603308326	0.210373956857633	-4.21939396191054	2.44959901384811e-05	0.000158144638891018
ENSMUSG00000035845	696.879505321103	-0.248449168879795	0.0588936087102613	-4.21861003801091	2.45812997705056e-05	0.000158647679156246
ENSMUSG00000025001	402.065781748946	-0.419820814249654	0.0995690241540367	-4.21637972066671	2.48255602117599e-05	0.000160145761887373
ENSMUSG00000021594	661.844638009729	-0.2141017966664	0.0507788891215499	-4.21635448057759	2.48283376297949e-05	0.000160145761887373
ENSMUSG00000110260	20.9636972502098	-1.31105708878053	0.31099602601172	-4.2156715170731	2.49036032058694e-05	0.0001605829818015
ENSMUSG00000053334	1047.65540210185	-0.241407453650368	0.0573023237348321	-4.21287371813205	2.52142047367545e-05	0.000162507107029035
ENSMUSG00000032468	4486.67759936024	-0.158672817448254	0.0376640314244282	-4.21284741562056	2.52171421556748e-05	0.000162507107029035
ENSMUSG00000022314	7931.02871989742	-0.118931689953296	0.0282333154485299	-4.21245921932589	2.52605331176789e-05	0.000162737876321757
ENSMUSG00000032297	4232.91883943781	-0.191896553292685	0.0455725325893678	-4.21079414264229	2.54474553513179e-05	0.000163892912262644
ENSMUSG00000045038	19874.8213179166	-0.233774908459724	0.0555256486024114	-4.2102148168256	2.55127986713018e-05	0.000164264467989851
ENSMUSG00000020515	2474.24135128424	-0.142951477813424	0.0339582240441755	-4.20962761855454	2.5579192782776e-05	0.00016464256440032
ENSMUSG00000040860	265.901913951926	-0.371026739589217	0.0881469263494226	-4.20918522012251	2.56293229901034e-05	0.000164915781566415
ENSMUSG00000109868	376.224667209171	-0.504662326551118	0.119917811777925	-4.20840173005907	2.57183332350881e-05	0.000165438939533833
ENSMUSG00000063455	1300.39895724244	0.219666660696142	0.0522242991891453	4.20621557602058	2.59682538515769e-05	0.00016699656596104
ENSMUSG00000035352	95.4347163915376	1.5648556028609	0.372104142488422	4.20542376227266	2.60593423018085e-05	0.00016753214790375
ENSMUSG00000046020	2130.1498571094	-0.182987939042451	0.0435284242134734	-4.20387235120289	2.62386947980016e-05	0.00016863467740536
ENSMUSG00000029616	3911.01177894339	-0.158320702215673	0.0376689159054289	-4.20295350716094	2.63454716103359e-05	0.00016927024650927
ENSMUSG00000028961	5405.24103993374	0.156453377836172	0.0372254837509626	4.20285680860027	2.63567327357714e-05	0.00016929192845783
ENSMUSG00000004054	2555.65781558527	0.155044114522239	0.0369007851467757	4.20164811956004	2.64978785737702e-05	0.000170147610369295
ENSMUSG00000022204	1124.16367996333	0.282538222269114	0.067260849248118	4.20063417913237	2.66168365861578e-05	0.000170844652994316
ENSMUSG00000026767	9672.36791087898	-0.121619735145565	0.0289530312641613	-4.20058729035769	2.66223499611472e-05	0.000170844652994316
ENSMUSG00000025854	2234.13664321327	-0.184069061756988	0.0438267768032824	-4.19992240321907	2.67006471072255e-05	0.000171295902810431
ENSMUSG00000118401	50.7261031901797	-0.802364036714819	0.191049643172228	-4.19976726149391	2.67189480886858e-05	0.000171362097302578
ENSMUSG00000058392	443.105298441834	0.249244562488801	0.0593494821755286	4.19960803957227	2.67377427851223e-05	0.000171409646956139
ENSMUSG00000003809	897.51082868306	-0.234070256592329	0.0557367308151049	-4.1995691740301	2.6742332416664e-05	0.000171409646956139
ENSMUSG00000078706	348.853805102826	-0.480362647915286	0.11438639925233	-4.19947346061339	2.67536384077476e-05	0.000171430925988272
ENSMUSG00000040732	264.589642080553	0.621025609986698	0.147914180287305	4.1985535719458	2.6862530771629e-05	0.000172077315888925
ENSMUSG00000024588	4438.63845644273	-0.171031271491105	0.0407394291606377	-4.19817545348316	2.69074128816274e-05	0.000172313402421544
ENSMUSG00000026211	828.763069204284	0.257053218194949	0.0612447829785543	4.19714473124935	2.70301205160371e-05	0.000173047589322175
ENSMUSG00000063558	3036.14258148187	-0.231826230007916	0.0552398907256597	-4.19671775165604	2.70811082121551e-05	0.000173322322266584
ENSMUSG00000033256	2168.55130331461	-0.407609810127459	0.0971595429295128	-4.19526273835161	2.72555460846352e-05	0.000174359673427039
ENSMUSG00000031907	908.693984344666	0.217276764897652	0.0517913784849094	4.1952303887984	2.72594365052242e-05	0.000174359673427039
ENSMUSG00000046675	378.579433963373	0.295792782096047	0.0705219725732589	4.19433506044906	2.73673202218355e-05	0.000174997585904653
ENSMUSG00000047945	1209.99454006406	0.463414886995853	0.110492101987002	4.19409965655617	2.73957528416616e-05	0.000175127227665011
ENSMUSG00000035868	706.748136820598	-0.279974141775555	0.0667731188530618	-4.19291694898443	2.75390285195218e-05	0.000175969812309397
ENSMUSG00000027490	1739.88947818044	-0.205387546971329	0.0489848802216469	-4.19287637413812	2.75439564594975e-05	0.000175969812309397
ENSMUSG00000107230	89.1501463589174	-0.547229635669156	0.130519394234569	-4.19270744304619	2.75644826743675e-05	0.000176048552540307
ENSMUSG00000021156	4588.72456545151	0.110032635108015	0.0262491328668479	4.19185790502756	2.76679276784028e-05	0.000176656673273228
ENSMUSG00000023051	688.402938509513	0.295574296539517	0.0705175666519632	4.19149880764197	2.77117644901228e-05	0.000176883953774896
ENSMUSG00000037031	3680.76611807565	0.192853924684525	0.0460154503351064	4.19106894054217	2.77643273554461e-05	0.000177166780919145
ENSMUSG00000018199	3324.57741471469	0.208603600319092	0.0497842278684764	4.19015437720951	2.78764729731691e-05	0.000177829530116508
ENSMUSG00000106445	4.49479379614532	3.17715893785938	0.758699399669585	4.18763866063824	2.818718117923e-05	0.000179758179201827
ENSMUSG00000048108	2790.54557191671	-0.415613591457862	0.099250860775566	-4.18750616579216	2.82036361289642e-05	0.000179809697993569
ENSMUSG00000025956	824.619711449254	-0.269958297202777	0.0644718091882361	-4.18723005607907	2.82379564088077e-05	0.000179975051149485
ENSMUSG00000037617	174.012830031084	-0.389106056831777	0.092976768975378	-4.18498148644872	2.85189343644043e-05	0.000181711916018493
ENSMUSG00000056305	1527.56924698391	0.161483872445841	0.038600628120417	4.18345193612088	2.87115814339794e-05	0.000182885105953057
ENSMUSG00000040016	3889.11374855841	-0.288965708400667	0.0690962763637426	-4.18207352997531	2.88862510594861e-05	0.00018394312229099
ENSMUSG00000028980	833.795489721951	0.510708229154349	0.122135481953715	4.18148944913395	2.89605692203292e-05	0.000184361678197979
ENSMUSG00000032718	474.29239714564	-0.284274144134061	0.0679912866783305	-4.18103786561613	2.90181530339371e-05	0.000184673487407796
ENSMUSG00000018547	8286.17063531882	-0.206117365576351	0.0493076718206531	-4.1802291198429	2.91215526030247e-05	0.000185276599933766
ENSMUSG00000027865	2505.42694394211	0.169740354495687	0.0406113491485643	4.17962855345542	2.91985625675764e-05	0.000185711509355732
ENSMUSG00000071679	79.0680465084232	-0.908607970872246	0.217402906335272	-4.17937361642727	2.92313113530839e-05	0.000185864730303702
ENSMUSG00000031554	94.117982111832	-0.708804080156235	0.169602437263713	-4.17920928255366	2.92524399115687e-05	0.0001859439961924
ENSMUSG00000047638	6.09339223054794	2.4892132423764	0.595880161031673	4.17737223885205	2.94896206060667e-05	0.00018739615036407
ENSMUSG00000039081	1088.59687839727	-0.269326346049531	0.0644810781647491	-4.17682758593773	2.95602913038094e-05	0.000187789645790936
ENSMUSG00000040712	6114.18387465114	-0.209230689333211	0.0501017409756386	-4.17611614404672	2.9652845964527e-05	0.000188321890968798
ENSMUSG00000043518	554.76357770515	-0.246150668774542	0.058949509943068	-4.17561857617252	2.97177404057821e-05	0.000188678206314853
ENSMUSG00000026656	562.324875305651	0.907918343518014	0.21747946133312	4.17473143418967	2.98337794060267e-05	0.000189358932208684
ENSMUSG00000123423	113.6426447726	-0.71799853396903	0.172011841687051	-4.17412270531535	2.99136506965044e-05	0.000189809762297122
ENSMUSG00000041774	929.979030886099	0.235053053433937	0.0563221862694801	4.17336522253057	3.00133237925501e-05	0.000190385936327093
ENSMUSG00000021112	2959.67423133485	0.178912770579234	0.0428735668985329	4.17303209230666	3.00572584714964e-05	0.000190604998176995
ENSMUSG00000042348	1614.67500683588	-0.175496231031576	0.0420554863146698	-4.17296877079173	3.00656165017844e-05	0.000190604998176995
ENSMUSG00000039763	410.947734042978	-0.275337074102842	0.0659835775260958	-4.172812151538	3.00862987191613e-05	0.000190679801684534
ENSMUSG00000042742	714.024456157216	0.225911944981877	0.0541431031473531	4.17249717599389	3.0127933484384e-05	0.000190887314101472
ENSMUSG00000040414	1074.34343124437	0.208583240088684	0.0500043898696418	4.17129857263427	3.0286871019234e-05	0.000191837702360247
ENSMUSG00000037553	9283.27670121672	0.159195405976183	0.038170173273799	4.17067548617755	3.0369808167891e-05	0.000192306283814734
ENSMUSG00000022715	49.5283401647321	0.782251045654508	0.187582327949848	4.17017452658786	3.04366458596525e-05	0.000192672674734091
ENSMUSG00000099762	3.89826680609733	4.31076776217404	1.03404613455414	4.16883504335401	3.06160460924887e-05	0.000193711618503601
ENSMUSG00000141498	45.5223184165898	-0.777062060217596	0.186398813417158	-4.16881441449169	3.06188168071703e-05	0.000193711618503601
ENSMUSG00000027671	934.925259018959	0.200306082794509	0.048059507015518	4.16787635232778	3.07450623961373e-05	0.000194453008071739
ENSMUSG00000120500	7.25534864594392	2.12186367425717	0.509199316558254	4.1670591559296	3.08554447294113e-05	0.000195093660253768
ENSMUSG00000045045	1763.93778047114	0.1892601313625	0.0454260058993784	4.1663388100139	3.09530572341803e-05	0.000195653217487902
ENSMUSG00000020707	341.879518354932	-0.302029091807537	0.0725047845881614	-4.16564359887571	3.10475419886702e-05	0.00019619268069732
ENSMUSG00000042472	1794.91264294379	0.186603917547377	0.044821409604961	4.16327641615989	3.13713205937211e-05	0.000198180331920193
ENSMUSG00000027435	683.501558140902	0.485191963220636	0.116600907832877	4.16113366729577	3.16671658232037e-05	0.000199990403518944
ENSMUSG00000031803	100.317143383637	0.817536736406349	0.196551462106679	4.15940297591186	3.19080523451431e-05	0.000201452426953189
ENSMUSG00000023367	4570.28844016512	0.211408168337821	0.0508364939843634	4.15859064558714	3.20217160577866e-05	0.000202077169306566
ENSMUSG00000073293	623.367860855215	-0.287962524410819	0.0692461081501527	-4.158537311388	3.20291921820184e-05	0.000202077169306566
ENSMUSG00000055745	2511.88456407743	-0.237240741462148	0.0570496757278481	-4.15849412701118	3.2035246769321e-05	0.000202077169306566
ENSMUSG00000061436	1288.84146634243	0.348390739043005	0.0838004711418137	4.15738401343151	3.21912620132507e-05	0.000203001654047133
ENSMUSG00000121584	765.012852276887	-0.225001826530979	0.0541347402121848	-4.15632966278344	3.23401085247861e-05	0.000203880402229973
ENSMUSG00000086915	352.285678594978	-0.37928794694683	0.0913047330111518	-4.15408856078144	3.26586679187978e-05	0.000205828234158812
ENSMUSG00000032086	11024.7385853908	-0.19549811668819	0.0470807551915395	-4.15239976276595	3.29006877439986e-05	0.000207292680690541
ENSMUSG00000005625	6952.94581700944	0.112543867654888	0.0271075086369142	4.15175991133427	3.2992828441377e-05	0.000207812222805927
ENSMUSG00000029911	792.977129206064	-0.199218820894352	0.0480113518317507	-4.14941078086047	3.33332173549848e-05	0.000209894644688209
ENSMUSG00000055239	6172.25440695463	0.107017812748606	0.0258307354846205	4.14304164170329	3.42729684004731e-05	0.000215748838617172
ENSMUSG00000029012	1603.25002903739	-0.155372548004504	0.0375039045973761	-4.14283658388398	3.43036383610671e-05	0.00021587859896179
ENSMUSG00000037134	1970.76267060567	-0.182882820842953	0.0441468844221071	-4.1425985828203	3.4339268241353e-05	0.000216039487710693
ENSMUSG00000039765	495.685254215348	-0.36332771834568	0.0877145068405799	-4.14216224239879	3.44046817659451e-05	0.000216387605856366
ENSMUSG00000027466	3522.84612870937	-0.142199706788104	0.0343365660206066	-4.14134910004585	3.4526899057819e-05	0.000217092681656456
ENSMUSG00000008226	3752.71590354085	-0.160594973661596	0.0387871537943652	-4.1404165542285	3.46675705742231e-05	0.000217851327795146
ENSMUSG00000107092	26.7171149198106	0.981807158571083	0.237127735593456	4.14041468457467	3.46678531514124e-05	0.000217851327795146
ENSMUSG00000023353	10060.6108018127	-0.139605622260677	0.033723976830452	-4.13965479108668	3.4782883819924e-05	0.000218487694896358
ENSMUSG00000064140	18.0309085210945	1.3687907334848	0.330656826014939	4.13961130027589	3.4789478298507e-05	0.000218487694896358
ENSMUSG00000020099	698.803106151685	-0.447156138016162	0.10804447286009	-4.13863038227968	3.4938529930266e-05	0.000219359603241617
ENSMUSG00000047098	1089.93417572409	0.194698140075081	0.0470455602857147	4.13850188822601	3.4958099616296e-05	0.000219418294258307
ENSMUSG00000038583	127.746583346186	-0.624346206426127	0.150873481463957	-4.13821037579279	3.50025356585762e-05	0.000219632981714995
ENSMUSG00000027499	7732.79065645629	-0.111264249168063	0.0268882492543066	-4.13802505755343	3.50308121110678e-05	0.000219746175562882
ENSMUSG00000048027	21482.976761768	0.180609359846246	0.0436482798797916	4.1378345342279	3.505990538711e-05	0.000219864425661614
ENSMUSG00000026457	14916.9330764822	0.0967270662774163	0.0233863106688011	4.13605496169417	3.53327598619013e-05	0.000221510812849174
ENSMUSG00000030595	1623.82926295417	0.141300177477265	0.0341656580802795	4.13573703586361	3.53817179337952e-05	0.0002217529801947
ENSMUSG00000029246	1131.87319695526	-0.226043822238764	0.0546604736921768	-4.13541645306151	3.5431150383566e-05	0.000221997978439471
ENSMUSG00000025150	213.810858611584	0.824953849059755	0.199781269124529	4.12928525619457	3.63892699429587e-05	0.000227934656724702
ENSMUSG00000071359	2536.90026379234	0.128040318175632	0.0310268800464116	4.12675454264507	3.67918728118768e-05	0.000230389247893742
ENSMUSG00000024052	2185.7128864536	-0.17558882333079	0.042556230723868	-4.12604265800988	3.69058840962727e-05	0.000231035785363251
ENSMUSG00000047766	12275.026348852	-0.203032731811737	0.0492206831204185	-4.12494745989236	3.70819398172453e-05	0.000232070239101163
ENSMUSG00000005103	16713.7906223017	0.124941046527535	0.0302984022414603	4.12368432935273	3.72859811663822e-05	0.000233279181497394
ENSMUSG00000022456	8514.95035139757	-0.205144525911653	0.0497597855520435	-4.1226971466164	3.74461884998673e-05	0.000234213252429531
ENSMUSG00000079055	1555.91251937333	0.226104345408625	0.0548581426846622	4.12161867579673	3.76219575974186e-05	0.000235244084411939
ENSMUSG00000052572	5001.02723634887	0.303461587855049	0.0736368483774065	4.1210561633455	3.77139463526164e-05	0.000235750603496
ENSMUSG00000036880	3210.40668175887	-0.179537166862263	0.0435786216597693	-4.11984500712209	3.79127343921559e-05	0.000236861009199597
ENSMUSG00000030079	1698.0425054657	-0.177046716131396	0.0429741786793609	-4.11983943782563	3.79136507784316e-05	0.000236861009199597
ENSMUSG00000036560	4403.42834063115	0.373761329606338	0.0907547227687397	4.11836781826499	3.81565330466675e-05	0.000238309030660391
ENSMUSG00000051062	243.962163026252	-0.404646831822087	0.0982586536860704	-4.11818009551511	3.81876216064056e-05	0.000238433823561112
ENSMUSG00000030020	2714.87874672784	-0.218052329100822	0.0529601043103995	-4.11729417719452	3.83346623393819e-05	0.000239282309327471
ENSMUSG00000045441	180.052629690959	-0.573710228731994	0.139378521033123	-4.11620258616214	3.85165788179485e-05	0.000240347930495954
ENSMUSG00000000902	2781.20412702515	0.125462240335272	0.0304961547626682	4.11403474673	3.88802872457609e-05	0.000242547005526738
ENSMUSG00000118664	7421.41016094678	-0.143230158791991	0.0348175287537239	-4.1137370720681	3.89304833038196e-05	0.000242789585880242
ENSMUSG00000023017	4675.20580425339	-0.386801268684976	0.0940300676773007	-4.11359130371393	3.89550862490736e-05	0.000242872460477088
ENSMUSG00000075419	1615.78779590838	-0.168978081473756	0.0410892847038383	-4.11246101487795	3.91463591418235e-05	0.000243994118855512
ENSMUSG00000001098	12673.4200107334	0.105595739302576	0.0256779204482712	4.11231663075292	3.91708566231216e-05	0.000244075938540473
ENSMUSG00000026814	1382.01769024362	0.634243118209897	0.154244819478428	4.11192492788129	3.92373896818613e-05	0.000244367006587188
ENSMUSG00000027309	2193.92746127486	0.233303285943496	0.0567386749422253	4.11189168906498	3.92430404264237e-05	0.000244367006587188
ENSMUSG00000061013	393.20006259803	-0.317467225656986	0.0772080568267564	-4.11184063820355	3.92517208009235e-05	0.000244367006587188
ENSMUSG00000060679	1863.27068985954	-0.168955840015371	0.0410913274131912	-4.11171530957	3.92730386400377e-05	0.000244428833704566
ENSMUSG00000073207	262.53049168086	-0.415761177006519	0.101149124436563	-4.11037840735113	3.95011245632033e-05	0.000245777141992383
ENSMUSG00000009828	1458.9362187231	0.153524887064782	0.0373723173383448	4.10798414438332	3.99127496972148e-05	0.000248266324253959
ENSMUSG00000086756	14.8669012721183	1.27606548935104	0.31074655179631	4.10645100315541	4.01784639201059e-05	0.000249846728420913
ENSMUSG00000104011	235.250596706528	-0.327321673292176	0.0797164395576272	-4.10607492141637	4.0243899933664e-05	0.000250181163039685
ENSMUSG00000018750	14365.1406067368	-0.164102355448421	0.0399699987123234	-4.10563824706417	4.03200055934399e-05	0.000250581713974748
ENSMUSG00000045100	745.648179525718	-0.238912506530005	0.0581976290827437	-4.10519312033014	4.03977249329736e-05	0.000250992058874446
ENSMUSG00000037225	1180.68097164952	0.311809859742646	0.0759664390289785	4.10457385824945	4.05060848797489e-05	0.000251592482068487
ENSMUSG00000020409	4228.10331213413	0.145208994113201	0.0353795929894314	4.10431499753482	4.05514626378559e-05	0.000251801474395203
ENSMUSG00000097820	143.588619801497	-0.494098606045275	0.120398250274535	-4.10386866020577	4.0629817983737e-05	0.000252215058657865
ENSMUSG00000073565	123.093052407569	-0.623193164439054	0.151921945500212	-4.10206150524964	4.09485382743226e-05	0.000254120070134897
ENSMUSG00000028259	16.4484239329954	1.57652520298735	0.384490911602489	4.10029250474785	4.12628262085492e-05	0.00025599648190541
ENSMUSG00000002032	6241.18365705703	-0.230775894949768	0.0562919883931262	-4.09962237144829	4.13824815400174e-05	0.000256664648580761
ENSMUSG00000078652	6285.23933325576	0.0832381780258231	0.0203050147174856	4.0993901843441	4.14240163400474e-05	0.000256848045856573
ENSMUSG00000026411	3402.11620949559	-0.173697330715221	0.0423786423599573	-4.09869974691176	4.15477590860699e-05	0.00025754091728027
ENSMUSG00000033730	249.571041024694	0.666217655600455	0.162546852634588	4.0986192276398	4.15622128620399e-05	0.000257556137787687
ENSMUSG00000035835	747.026772400885	-0.285439769942015	0.0696570259007984	-4.09778864731496	4.17115865690753e-05	0.000258407191137596
ENSMUSG00000027977	1091.81359823302	0.347333038995145	0.0847889620018047	4.0964416923485	4.19549097459323e-05	0.000259839611253948
ENSMUSG00000047528	83.9437340474158	-0.53010399709602	0.129415235275049	-4.09614830873179	4.20080868879072e-05	0.000260093912066863
ENSMUSG00000034853	1287.4830075074	0.23995114516926	0.0585844777373636	4.09581435964949	4.20686945297292e-05	0.000260394059047049
ENSMUSG00000049792	2635.33922159191	0.118435444499328	0.0289198688701743	4.09529673287947	4.21628013899574e-05	0.000260901324484528
ENSMUSG00000016028	797.951838991193	0.394610649999755	0.096384296877643	4.09413838958333	4.23741174494363e-05	0.000262133373247723
ENSMUSG00000026917	1153.73939285847	0.209083942415868	0.0510766438246495	4.09353330132009	4.24849025771674e-05	0.000262742990124309
ENSMUSG00000056153	750.330172820959	0.237432814013619	0.0580083453743978	4.09308027114339	4.25680273342341e-05	0.000263181242729455
ENSMUSG00000127556	28.7799758639457	-0.996031048419118	0.243351015964133	-4.09298085102682	4.25862901819895e-05	0.000263218342944597
ENSMUSG00000039382	679.99036625582	0.211391730951618	0.05165322476986	4.09251759001438	4.2671486363355e-05	0.000263669005836436
ENSMUSG00000017688	16.2619983095829	-1.23798501070215	0.302518011968398	-4.09226876326118	4.27173136592982e-05	0.000263876217269207
ENSMUSG00000027859	57.6394820243609	0.976582915320705	0.238725035718488	4.09082739219829	4.29836959657752e-05	0.00026544534453433
ENSMUSG00000072946	2612.57713551574	-0.159116715475268	0.0388988263451573	-4.09052741240551	4.30393335136861e-05	0.000265712491574572
ENSMUSG00000026970	7959.77292149666	-0.190467005586493	0.0465652675483432	-4.09032344523208	4.30772025170993e-05	0.000265869818640614
ENSMUSG00000069184	424.825726955086	-0.281796556252919	0.0689008404797811	-4.08988561374098	4.31585980695844e-05	0.000266295621201983
ENSMUSG00000030397	5983.3354407194	0.168823188314354	0.0412809091237837	4.08961895214386	4.32082435587166e-05	0.000266525332250405
ENSMUSG00000030060	414.480003182174	0.255597476625298	0.062512089169441	4.0887687489134	4.33668913572706e-05	0.000267353277293992
ENSMUSG00000116564	1420.21717308537	0.192656712218036	0.047118545075202	4.08876615164055	4.3367376853521e-05	0.000267353277293992
ENSMUSG00000121476	9.69929009009457	1.95719973564672	0.478712796460875	4.08846337536057	4.34240087759712e-05	0.000267625544755957
ENSMUSG00000026843	1846.59470228111	-0.243129879854383	0.0594900647055053	-4.08689889745376	4.37177515403848e-05	0.000269358569048766
ENSMUSG00000021555	2552.41024666582	0.159257196778129	0.0389745938843804	4.08617976240038	4.38534060919422e-05	0.00027011684796833
ENSMUSG00000037605	2947.48493381853	-0.265045349659622	0.0648693171688688	-4.0858353567936	4.39185145957567e-05	0.000270440285230211
ENSMUSG00000028744	840.701423455304	0.232094393871578	0.0568126715931745	4.08525752025119	4.40279583025722e-05	0.000271036464847438
ENSMUSG00000070733	7910.80292273082	-0.344987512842089	0.0844485396926289	-4.08518032517502	4.40425988189831e-05	0.000271048860736322
ENSMUSG00000006276	2998.50921155971	-0.178198763054851	0.0436546320931051	-4.08201271000967	4.46473544680965e-05	0.000274691920611109
ENSMUSG00000066279	68.1389464841996	-0.777391136854107	0.190458675251457	-4.08167879897169	4.47115610817314e-05	0.000275008128991532
ENSMUSG00000049106	5277.08362969223	-0.14380067540241	0.0352467039712195	-4.07983326667451	4.50680147507751e-05	0.000277121170048736
ENSMUSG00000024812	1204.99109728114	0.452725178433915	0.110972995318833	4.07959771774389	4.51137031024676e-05	0.000277322666322328
ENSMUSG00000021816	11696.9072664621	-0.10047257850612	0.0246419357798658	-4.07730055802731	4.5561581791153e-05	0.000279995681285111
ENSMUSG00000079012	15.5626129541364	1.3115236077985	0.321739448478416	4.07635312984158	4.57475279370321e-05	0.00028105793780662
ENSMUSG00000100252	36.6317596019821	-0.915715285340821	0.224724332011534	-4.07483816791954	4.60463568033957e-05	0.00028281290275871
ENSMUSG00000053560	391.973274101498	0.464440068400843	0.113982076787844	4.07467631306027	4.60783921752299e-05	0.000282928708934063
ENSMUSG00000131183	142.738591685577	0.422120770364884	0.103617357189491	4.07384227714792	4.62438053508265e-05	0.000283863175768042
ENSMUSG00000018209	2785.46841257727	0.139410705061507	0.034230287175871	4.07272963692158	4.64653505302388e-05	0.000285141570749602
ENSMUSG00000040687	10526.5513637905	0.256746466697212	0.0630587767189713	4.07154213982666	4.6702911091256e-05	0.00028651748770646
ENSMUSG00000041132	493.541713468905	-0.287607219800398	0.0706434140570445	-4.07125311877135	4.67609042002942e-05	0.000286791305589576
ENSMUSG00000030752	595.342058639765	-0.235236648624012	0.0578103829680343	-4.06910725282834	4.71936203603083e-05	0.000289362540603935
ENSMUSG00000063179	545.560311530885	-0.347157927298667	0.0853176590033217	-4.06900436971848	4.72144619360125e-05	0.000289407664168602
ENSMUSG00000028948	869.916410563623	0.241120136152077	0.0592600181665767	4.06885018958821	4.72457113597036e-05	0.000289516540122009
ENSMUSG00000027959	463.342809471959	-0.275957682398549	0.0678244935988499	-4.06870243706807	4.72756764278903e-05	0.000289617485787983
ENSMUSG00000032422	1442.84392905595	-0.237935233661507	0.0584904221134182	-4.06793497232981	4.74316128387205e-05	0.000290489871953203
ENSMUSG00000027210	1450.138695255	-0.272909092277073	0.0670963210839668	-4.06742259289513	4.75359913883543e-05	0.000291046089886598
ENSMUSG00000006218	140.924861776835	0.40348780924093	0.0992080029507287	4.06708931981345	4.7604000433286e-05	0.000291379376475882
ENSMUSG00000070637	34.1110309501928	1.14173642063533	0.280893255214761	4.06466299720297	4.81019134163646e-05	0.000294343122404698
ENSMUSG00000024909	857.020606040201	0.445181339373898	0.10953683949989	4.06421566850436	4.81942485004496e-05	0.000294824091852565
ENSMUSG00000067028	243.332146498762	-0.529021170790957	0.130188495559998	-4.0635016828131	4.83419736589109e-05	0.0002956435346331
ENSMUSG00000031133	1654.19023403234	-0.159937494394456	0.0393782911797814	-4.06156513151529	4.87448144785435e-05	0.000298022269323958
ENSMUSG00000028635	16.7143474593953	-1.31479166978006	0.323796085850703	-4.06055455032983	4.89562969135219e-05	0.000299230031191817
ENSMUSG00000034064	4382.56623008394	-0.133048395853534	0.0327701429405198	-4.06004929838196	4.90623559030309e-05	0.000299792921097199
ENSMUSG00000045636	8835.42226712482	-0.197757366084535	0.0487132197627498	-4.05962420566084	4.91517571051711e-05	0.000300253733073308
ENSMUSG00000002799	3115.56485527275	-0.251082224364015	0.0618587164145088	-4.05896272857553	4.92911794564852e-05	0.000301019760515764
ENSMUSG00000107667	108.331966724	-0.647363683504694	0.159496280077017	-4.05880114064163	4.93252949671972e-05	0.000301142429398707
ENSMUSG00000119994	209.217279577853	-0.33103294919562	0.0815774754192991	-4.05789646583384	4.95167097096278e-05	0.000302225103959872
ENSMUSG00000000197	3553.65022377069	-0.260556349340086	0.0642241599875398	-4.05698337495791	4.97106190090219e-05	0.000303322384209114
ENSMUSG00000121277	116.809139205187	-0.500493758218067	0.12336884707268	-4.05688932087705	4.9730633721193e-05	0.00030335827890285
ENSMUSG00000049288	2280.32290627096	0.254250814047673	0.0626726977421862	4.05680341212649	4.97489217814766e-05	0.000303383623568516
ENSMUSG00000067714	706.030720673235	-0.403519896198637	0.0995143481810979	-4.05489161687825	5.01575536806956e-05	0.00030578870982954
ENSMUSG00000110747	126.804411523543	-0.461401805660164	0.113829850197994	-4.05343418143492	5.04712045576716e-05	0.000307613536920778
ENSMUSG00000116652	14.8802814051209	-1.33348450818915	0.329000091649876	-4.05314327270235	5.05340324306639e-05	0.000307909037796376
ENSMUSG00000090935	2480.95742952754	-0.126573943367579	0.0312349683162003	-4.05231540772621	5.07132332160173e-05	0.000308913241831733
ENSMUSG00000051557	790.933711742144	-0.209814965181381	0.0517974972622148	-4.05067766342519	5.10695174092606e-05	0.00031099525126445
ENSMUSG00000040591	5420.23588852222	-0.139126628825114	0.0343517186761662	-4.05006311726821	5.12038203578474e-05	0.000311724676063968
ENSMUSG00000129885	12.2097512592037	-1.34659248232867	0.332511295181908	-4.04976463007666	5.12691724735138e-05	0.000312034039216458
ENSMUSG00000066551	5825.51502367687	0.170539401100637	0.0421130188056491	4.0495648599231	5.13129551905806e-05	0.000312189019987214
ENSMUSG00000040276	21002.9992585856	-0.243474066697731	0.0601242424229054	-4.04951575082092	5.13237236343464e-05	0.000312189019987214
ENSMUSG00000000149	7079.2747886214	-0.112470828234086	0.0277831821087607	-4.04816222252027	5.16213641840624e-05	0.000313910539256398
ENSMUSG00000131224	47.934431944975	0.694572784568243	0.171588012079834	4.04790973535542	5.16770667792992e-05	0.000314160270598821
ENSMUSG00000037386	3890.71501339988	-0.184184313704409	0.0455046353171767	-4.04759454549203	5.17466825055034e-05	0.000314494418647547
ENSMUSG00000066735	5498.5087395782	-0.127489603917298	0.0315025932699482	-4.04695584343898	5.18880247213965e-05	0.000315264177376025
ENSMUSG00000033632	679.165197012762	-0.180464663295403	0.0446028485741167	-4.04603448130727	5.20925631910797e-05	0.000316417363174792
ENSMUSG00000020777	12042.0759267216	0.144929407088185	0.035824957250097	4.04548723049188	5.22144119863347e-05	0.000317067770211785
ENSMUSG00000041037	12775.2722129488	0.23531579690854	0.0581731848919041	4.04509048878443	5.23029178234673e-05	0.000317515394230359
ENSMUSG00000084821	5.71867349044359	2.65351321147775	0.656196658113582	4.04377739305471	5.25968605260668e-05	0.000319209558397667
ENSMUSG00000044876	1129.17222914495	-0.155107003218185	0.0383612533873877	-4.04332469671549	5.26985611155142e-05	0.000319690423579096
ENSMUSG00000027599	4629.52811990539	-0.127804061950773	0.0316089110373232	-4.04329215264216	5.27058794859974e-05	0.000319690423579096
ENSMUSG00000033793	14616.013254765	0.125617624790582	0.0310868659135835	4.04085844934573	5.32558973230726e-05	0.000322935336705389
ENSMUSG00000036955	6853.81444193596	-0.147311241618555	0.0364676297133028	-4.03950689355655	5.3563693785295e-05	0.000324710039761407
ENSMUSG00000032300	296.874183038848	0.428488747144276	0.106127723051044	4.03748177032111	5.40280417256009e-05	0.000327432508097614
ENSMUSG00000024587	26826.955791696	0.176916640572215	0.0438376692740242	4.03572186893263	5.44346709737835e-05	0.000329803738956601
ENSMUSG00000020458	74785.929697026	0.206461363039238	0.0511611940249918	4.03550712554486	5.44844859437498e-05	0.000329937373552576
ENSMUSG00000032369	197.38578168089	0.592704279829002	0.146872784168824	4.03549427610573	5.44874680538471e-05	0.000329937373552576
ENSMUSG00000066037	3147.39852261807	-0.152743020214529	0.037857457637143	-4.03468774048547	5.46749593982167e-05	0.000330979322741714
ENSMUSG00000021420	1024.56770540005	-0.181525550597164	0.0449992273259103	-4.0339703898125	5.48422317872292e-05	0.000331898321833849
ENSMUSG00000029189	3202.81411765768	0.260568425281811	0.0645993471074654	4.03360772127213	5.49269835243399e-05	0.000332317538989143
ENSMUSG00000048109	606.993918173041	0.319736037162545	0.0793223605840055	4.03084369663875	5.55769948564234e-05	0.000336155472411379
ENSMUSG00000143741	192.649965223433	0.386085969063623	0.0958324553150844	4.02876006666243	5.60718088458223e-05	0.000339052802446316
ENSMUSG00000052949	26981.1113560357	-0.240414691753511	0.059676168039901	-4.0286549832215	5.60968739468831e-05	0.000339108841493605
ENSMUSG00000017950	6.46826684099888	2.43596981038613	0.604776328982321	4.02788550683726	5.62807375106981e-05	0.000340124524607164
ENSMUSG00000113390	321.321586754322	-0.369548366671519	0.0917990864186204	-4.02562139873933	5.68250544443943e-05	0.000343317370870636
ENSMUSG00000057914	286.815781873317	-0.451972396431453	0.112295243089251	-4.02485790134698	5.70097293264403e-05	0.00034433619857101
ENSMUSG00000032118	27771.9357673742	-0.164424977406697	0.0408533554339266	-4.02476065087547	5.7033293062173e-05	0.000344381622748975
ENSMUSG00000019906	1281.62053995293	-0.264934270985752	0.0658647598488363	-4.0223978891564	5.7608631711184e-05	0.000347757842607501
ENSMUSG00000001729	14333.0930246808	0.101028633397004	0.0251239848621129	4.02120260585555	5.79017759358824e-05	0.000349377692883683
ENSMUSG00000008429	1605.68408377296	0.177327571853437	0.0440984896534114	4.02117109332154	5.79095234920407e-05	0.000349377692883683
ENSMUSG00000045691	448.746545832266	-0.257524662039727	0.0640462360590804	-4.02091797872664	5.79717889432619e-05	0.000349565707039436
ENSMUSG00000018882	1693.0855629575	-0.145993314901159	0.0363085076891189	-4.02091201740333	5.79732561753654e-05	0.000349565707039436
ENSMUSG00000035372	729.536380256912	0.276463631631504	0.0687730935791684	4.01993886334707	5.82132460095165e-05	0.000350914220398844
ENSMUSG00000108591	402.847805104031	-0.288647144962925	0.0718131438395613	-4.01941942004093	5.83417309327676e-05	0.00035159000454879
ENSMUSG00000039515	13055.4029230882	-0.0984062452680822	0.0244837119773267	-4.01925350858612	5.8382825888334e-05	0.000351738911175688
ENSMUSG00000021314	10836.8365262328	-0.211696218393097	0.0526728097230091	-4.01907966380274	5.84259152773887e-05	0.000351899746729637
ENSMUSG00000048897	1223.53564303915	0.168719977221272	0.0419903342380142	4.0180670214463	5.86775093854395e-05	0.000353315965348624
ENSMUSG00000030603	7276.30995370659	0.132395903328199	0.0329571435967037	4.01721414174501	5.88902056098352e-05	0.000354497238816804
ENSMUSG00000021998	12210.374113864	-0.260036805843491	0.0647362835550685	-4.01686336569334	5.89778959563988e-05	0.000354925571797044
ENSMUSG00000006307	1730.546887921	0.244220427267943	0.0608059810792459	4.01638823900663	5.90968698548096e-05	0.000355541874524479
ENSMUSG00000041840	593.232343419533	-0.208461948425673	0.0519137238327755	-4.01554604514928	5.930831773789e-05	0.000356714023132964
ENSMUSG00000072082	136.005753321916	0.697965182248256	0.173827112294619	4.01528376692628	5.93743135571872e-05	0.000357010928520611
ENSMUSG00000071324	158.959253257538	-0.435165450323871	0.108380499129736	-4.01516374087702	5.94045383286376e-05	0.000357092640650387
ENSMUSG00000041408	3032.7554566735	0.143311868409485	0.035697669179246	4.01460016030415	5.95466532303737e-05	0.000357846712834043
ENSMUSG00000074575	175.305049087887	-0.542132650520834	0.135047120519859	-4.01439622284366	5.9598158260129e-05	0.000358055993622147
ENSMUSG00000028552	16067.2073736003	-0.130859414790127	0.0326010170337437	-4.013967253067	5.97066336141542e-05	0.000358607329927654
ENSMUSG00000096687	307.783899177524	-0.315330168329443	0.0785650146920496	-4.01362068810702	5.97944074324008e-05	0.000359034055928368
ENSMUSG00000028532	2081.63899759111	-0.216859204059674	0.0540530148085173	-4.01197240945575	6.0213538778379e-05	0.000361449615049408
ENSMUSG00000002342	1501.64103441539	-0.143351385698457	0.0357478681199765	-4.01006810300809	6.07012373871203e-05	0.000364275303816585
ENSMUSG00000051169	227.273671208463	-0.396592184191027	0.0989077411858152	-4.009718343946	6.07912173215543e-05	0.000364713323371851
ENSMUSG00000004931	972.542776473344	0.218467630208536	0.0544935465977351	4.00905508722415	6.09621954103827e-05	0.000365636906029414
ENSMUSG00000034021	3103.14011685996	-0.197825450379886	0.0493455206746568	-4.00898496307664	6.09802990020919e-05	0.000365643323569526
ENSMUSG00000032113	72.4660330012175	0.571598796711905	0.142633509255775	4.00746500380143	6.13739522492821e-05	0.000367900938001421
ENSMUSG00000027253	684.461247676898	0.568036366717734	0.141766202185765	4.00685324117945	6.15330702992462e-05	0.000368751783094254
ENSMUSG00000038291	2853.21522510316	-0.223574805095881	0.0558163502056145	-4.00554325519822	6.18751092136236e-05	0.000370698044761274
ENSMUSG00000046574	1851.14065645204	-0.2728947912059	0.0681466816417067	-4.00452061100631	6.21433730837358e-05	0.000372201352292263
ENSMUSG00000096472	4648.14046110929	0.142044310394734	0.0354829342976641	4.00317260131682	6.24986706741008e-05	0.000374224955283193
ENSMUSG00000071072	10254.3122570123	0.119794158981522	0.0299280540206303	4.00273799622736	6.26136297566388e-05	0.000374808749680984
ENSMUSG00000040282	264.808498697279	-0.303348514410445	0.0757918839942331	-4.00238783394706	6.27063981287084e-05	0.000375259420750169
ENSMUSG00000025917	10065.3991913199	0.100000589690267	0.0249857062493692	4.00231190954596	6.27265299116052e-05	0.000375275276221437
ENSMUSG00000018379	7136.50390837438	0.116158149335434	0.0290240248888002	4.00213787648237	6.2772698848017e-05	0.000375446852457936
ENSMUSG00000030873	4.73356924610019	3.18991823933241	0.797072956573657	4.00204048202159	6.27985504965287e-05	0.000375496848177851
ENSMUSG00000060216	2047.10366824484	-0.202735253392986	0.0506613170021482	-4.00177621486606	6.28687463540483e-05	0.000375811893410192
ENSMUSG00000044816	19.1564400936738	-1.32960340025421	0.332262522119368	-4.00166528494761	6.28982341974557e-05	0.000375883489778002
ENSMUSG00000074796	1313.83743535874	-0.239059548336168	0.0597422961309304	-4.00151256008387	6.29388535661741e-05	0.000376021550417894
ENSMUSG00000023994	1761.31195688165	0.299393466191717	0.0748456207926897	4.00014674233231	6.3303218072434e-05	0.000378093177279596
ENSMUSG00000028899	734.678434366587	0.253680477633446	0.063419816079726	4.00001913147368	6.33373631232871e-05	0.000378191887845474
ENSMUSG00000032193	15335.5323322997	0.293551499117399	0.0733940533696248	3.9996632648019	6.34326750873208e-05	0.000378655673922255
ENSMUSG00000012076	3489.70526782994	-0.23918718452845	0.0598084714809016	-3.99921915083265	6.35518128245126e-05	0.0003792613884045
ENSMUSG00000000194	5305.46814142661	0.147366829245521	0.0368669598893591	3.9972601399134	6.40798682145447e-05	0.00038230640664075
ENSMUSG00000037326	1421.70483186614	-0.202894883725942	0.0507597491434026	-3.99716088337511	6.41067332539137e-05	0.000382360415678942
ENSMUSG00000031782	1482.342157252	-0.173452168919901	0.0434008506125898	-3.99651542473652	6.428169506069e-05	0.00038329746282577
ENSMUSG00000023988	1770.59969261765	0.137629337395055	0.0344410364326278	3.99608582233812	6.43983960282971e-05	0.000383886689570515
ENSMUSG00000021730	9366.89337982872	0.325152113641931	0.0813721306491083	3.99586579641189	6.44582434294218e-05	0.000384136772197659
ENSMUSG00000106694	123.503923503776	0.560491990764769	0.140274965943231	3.9956665609999	6.45124811910041e-05	0.000384353294822674
ENSMUSG00000032030	3302.80261205622	0.140174033170007	0.0350949598972397	3.99413572719403	6.49306627327177e-05	0.000386737404611687
ENSMUSG00000060240	30187.2257673782	-0.155186053074439	0.0388680912455332	-3.99263375435946	6.53434528335643e-05	0.00038908808835653
ENSMUSG00000075707	12.6292288159645	1.680130009815	0.42083011754708	3.99241865009112	6.54027732831959e-05	0.000389333314280944
ENSMUSG00000004952	1414.36437315311	-0.209517173329727	0.0524885707517852	-3.99167228844008	6.56089968855291e-05	0.00039045265515519
ENSMUSG00000042622	423.711782461086	0.434098347615309	0.108776845468528	3.9907238139288	6.58719533437594e-05	0.000391908910886125
ENSMUSG00000032101	2696.00616415045	-0.180594508663253	0.0452749010375893	-3.98884380803649	6.6396119582842e-05	0.000394918011350869
ENSMUSG00000003477	412.120629899843	0.961876295865921	0.241226504075094	3.9874403501138	6.67899895976691e-05	0.000397150669446971
ENSMUSG00000022884	46551.2310069036	-0.0973085533255656	0.024408585376009	-3.98665272184145	6.70119991732791e-05	0.000398360447037831
ENSMUSG00000021660	7972.96675587564	0.133180545814819	0.0334125138581698	3.98594809059104	6.72112059545322e-05	0.000399434038488369
ENSMUSG00000028786	271.549404494359	-0.320538935208042	0.0804286105837407	-3.98538446557277	6.73709520182038e-05	0.000400272586776298
ENSMUSG00000029610	1690.01596977444	0.167128546413598	0.0419423498686267	3.98472062097341	6.75595637170519e-05	0.000401273798066126
ENSMUSG00000069814	3091.62303095835	0.211733097257297	0.0531370569469478	3.9846598479982	6.7576855492828e-05	0.000401273798066126
ENSMUSG00000079469	674.814226832551	-0.197704113022601	0.049631261899969	-3.9834593249124	6.79193008387084e-05	0.000403195716759877
ENSMUSG00000029229	765.958838990965	0.232546202703516	0.0583789161842156	3.98339362741358	6.79380881467658e-05	0.00040319574237171
ENSMUSG00000033998	3813.27056487555	-0.298159588667716	0.0748548328767429	-3.9831708549623	6.80018303008472e-05	0.00040346249011553
ENSMUSG00000036368	987.521052894684	-0.229176729567334	0.0575508766450224	-3.98215879457252	6.82921255568373e-05	0.000405072884001953
ENSMUSG00000019791	1266.34905755966	-0.203930059077571	0.0512121105644368	-3.98206707026807	6.83184932525974e-05	0.000405117341480734
ENSMUSG00000074825	668.426263747421	0.244986980303175	0.0615259468029687	3.98184819630201	6.83814511826293e-05	0.000405378688507683
ENSMUSG00000034501	1271.06607132279	-0.179012210564742	0.0449581187077135	-3.98175492459004	6.84082969714026e-05	0.000405425870455032
ENSMUSG00000039660	1267.28568572625	-0.150838550416948	0.0378839024985514	-3.98160011162303	6.84528777920376e-05	0.000405578105074214
ENSMUSG00000085680	69.1299560376217	0.582768486968176	0.1463971174738	3.98073744226878	6.87018007527653e-05	0.000406940633266794
ENSMUSG00000033595	7955.03030324534	-0.34015693180811	0.0854791372348566	-3.9794146596674	6.90851533368346e-05	0.000409098455594067
ENSMUSG00000038146	499.27290045577	0.617570671337283	0.155220043699223	3.97867863337274	6.92993348821735e-05	0.000410253591445322
ENSMUSG00000053219	14.4389961739013	1.36817970803978	0.343932951084643	3.97804195185435	6.94851139995937e-05	0.000411239993690455
ENSMUSG00000036940	3100.94973677465	0.184494326902606	0.0463819249502198	3.97772035336217	6.95791331610587e-05	0.000411682930660222
ENSMUSG00000026634	1329.23515835353	0.130384214866907	0.0327951362822521	3.97571803772217	7.01672221221305e-05	0.000415048109692382
ENSMUSG00000027475	7607.01280638066	0.182740590951373	0.0459686117478272	3.97533412481204	7.02805149581874e-05	0.000415603728400124
ENSMUSG00000001300	2733.05534105462	-0.282861324953795	0.0711588382099867	-3.9750694652867	7.03587168237608e-05	0.000415951587810204
ENSMUSG00000043126	81.9021391988673	-0.625523924745545	0.157376761056185	-3.97469054863968	7.04708228102975e-05	0.000416499637237292
ENSMUSG00000027569	259.923504631367	0.541408024217279	0.136240510597065	3.97391364612916	7.070120522278e-05	0.000417746234878116
ENSMUSG00000024383	1860.89516934998	0.242178949103786	0.0609439215652484	3.97379989478526	7.07349967463974e-05	0.000417830886119474
ENSMUSG00000032413	1631.24324507035	0.210964673122789	0.0530951703954489	3.97333074838143	7.08745251598153e-05	0.000418539905661787
ENSMUSG00000057236	6749.86789875993	0.108497343798908	0.0273107301252245	3.97270022813117	7.10624577637713e-05	0.000419407270098102
ENSMUSG00000027162	3783.42476709819	0.176738715439076	0.0444885196769095	3.97268141809642	7.10680715097493e-05	0.000419407270098102
ENSMUSG00000048636	75.5942495960216	0.774755007390116	0.195022638617003	3.97264139632337	7.10800171721277e-05	0.000419407270098102
ENSMUSG00000051695	10263.0787000856	0.127368514267705	0.0320738922489992	3.971096282263	7.15426563190679e-05	0.000422021066376782
ENSMUSG00000021759	4838.96982059632	0.155831799454069	0.0392423062210269	3.97101532658065	7.15669744865226e-05	0.000422048536903213
ENSMUSG00000040209	1261.44499578602	0.267403642296034	0.0673457582503604	3.9706085318982	7.1689289394483e-05	0.000422653745163958
ENSMUSG00000045973	6923.75992717005	0.150754410411301	0.0379797087501887	3.96934087627916	7.20717171815234e-05	0.000424791730098458
ENSMUSG00000087381	201.31301552763	-0.371764781922469	0.093662421502198	-3.9691989162777	7.21146637831815e-05	0.00042492818357666
ENSMUSG00000025789	102.959039789619	0.73533575627283	0.185264548843033	3.96911206631253	7.21409500956583e-05	0.000424966420075028
ENSMUSG00000004565	3822.69643713138	-0.221231370903211	0.0557597762571199	-3.96757996092143	7.26061552348907e-05	0.000427589500211842
ENSMUSG00000090799	438.2124382255	-0.469969432226282	0.118471605358828	-3.96693731635387	7.28021299068895e-05	0.000428626034169306
ENSMUSG00000051403	4720.25466817701	0.105520808383823	0.0266011612426075	3.96677451113708	7.28518567813024e-05	0.000428736623011853
ENSMUSG00000066357	5491.17655915046	-0.212485373858354	0.0535666828177869	-3.9667450489915	7.28608590676996e-05	0.000428736623011853
ENSMUSG00000031284	3423.41250112108	-0.271577555109606	0.068466952667591	-3.96654947428613	7.29206444466416e-05	0.000428970828635684
ENSMUSG00000039539	240.184469615552	-0.396901301564236	0.100082833400789	-3.96572806821743	7.31722477247448e-05	0.000430333005386129
ENSMUSG00000021877	6408.64073883749	0.129949304222281	0.032770372229268	3.96545096629146	7.32573113293444e-05	0.000430715268418435
ENSMUSG00000024781	5426.64292624926	-0.187954120971715	0.0474435212572718	-3.96163935540316	7.44369163036374e-05	0.000437530899609496
ENSMUSG00000030374	2955.46837759698	0.172029451377894	0.043441289202046	3.96004479926419	7.49357043233857e-05	0.000440342137696632
ENSMUSG00000071266	983.5964466915	-0.305033167890177	0.0770339940531647	-3.95972157018965	7.50371971226605e-05	0.000440817863556385
ENSMUSG00000063172	372.176974385798	-0.286504420472906	0.0723734550584007	-3.95869480380225	7.53604611948513e-05	0.00044259580301195
ENSMUSG00000097178	147.348451398843	-0.547547923552474	0.138356478330297	-3.95751561589561	7.57333378254146e-05	0.000444664067221102
ENSMUSG00000020388	935.308561851703	0.423277932367906	0.106984295518102	3.95644921825264	7.60720501865382e-05	0.000446530661554342
ENSMUSG00000042590	3485.68493821319	-0.180124549444894	0.0455396723262605	-3.95533257583466	7.64282564352577e-05	0.000448498893559115
ENSMUSG00000049583	50.1290058020272	-0.701720333734117	0.177489189823103	-3.95359477629876	7.6985749042617e-05	0.000451646922369177
ENSMUSG00000069805	165.332310931564	-0.640193145748944	0.16196533325703	-3.95265537924091	7.72887099460372e-05	0.000453300395546895
ENSMUSG00000034755	286.44690615341	-0.389390691431264	0.0985231341733443	-3.95227673884348	7.7411142093095e-05	0.000453894448557874
ENSMUSG00000024109	9431.50264928901	-0.261561216551306	0.0661855726915775	-3.95193704480238	7.75211370906289e-05	0.000454415272743703
ENSMUSG00000027665	5456.34219976997	0.202840217377217	0.0513360804586847	3.95122135474411	7.77533657172359e-05	0.000455652128988858
ENSMUSG00000039662	9792.13005091281	-0.213975209846366	0.054163577895459	-3.95053683970729	7.79760938747415e-05	0.000456832650413537
ENSMUSG00000024436	918.139510749627	0.190597907241172	0.0482469384553719	3.95046635793221	7.79990615236165e-05	0.0004568425251476
ENSMUSG00000024617	12197.8782108002	-0.265568829637396	0.0672278524704319	-3.95027983013734	7.80598755475149e-05	0.000457074001228302
ENSMUSG00000026925	1775.98156388913	-0.209098124689136	0.0529384200592086	-3.94983689455167	7.82044663740475e-05	0.000457795766344506
ENSMUSG00000048442	463.781781199982	-0.317398875607863	0.0803616034575672	-3.94963343128733	7.82709692698279e-05	0.000458060148949325
ENSMUSG00000024194	2397.29330730531	0.168482865487277	0.0426594223958425	3.94948773389152	7.83186239755352e-05	0.00045821411345294
ENSMUSG00000002012	616.585256897675	-0.242546915180947	0.0614410910656346	-3.94763359462229	7.89274765852868e-05	0.000461650466588492
ENSMUSG00000031883	151.809252785171	-0.358700293038333	0.0908662911910497	-3.94756172323741	7.89511671887607e-05	0.000461663240227169
ENSMUSG00000036764	908.660116739052	-0.211989535616831	0.0537027942194409	-3.94745820395485	7.89853015444991e-05	0.000461737059628055
ENSMUSG00000020523	3872.34237585868	-0.13777900539868	0.034913161093911	-3.94633430722804	7.93567933527943e-05	0.000463782446531741
ENSMUSG00000105176	661.146516874169	-0.255553393123018	0.064758489216235	-3.94625316643351	7.93836773887487e-05	0.000463813287650212
ENSMUSG00000061911	8350.92886745392	0.273259727962038	0.0692497824614681	3.94600124721092	7.94671995908115e-05	0.000464174940521459
ENSMUSG00000032122	246.215783669603	-0.426765296278095	0.108155822769579	-3.94583745331306	7.95215489650723e-05	0.000464366041916279
ENSMUSG00000031453	1583.05464039877	0.291920431251376	0.0739957848179218	3.94509541279537	7.97682100876135e-05	0.000465679738303158
ENSMUSG00000089824	529.914900936779	0.294992182932868	0.0748068542318376	3.94338441259197	8.03397217275274e-05	0.000468888653236298
ENSMUSG00000037466	258.366321734562	0.350756528234373	0.0889608747321819	3.94281788809216	8.05298047823295e-05	0.00046987028797431
ENSMUSG00000028487	1161.56108298815	-0.295124310030562	0.0748618595936191	-3.94225192417899	8.0720124179001e-05	0.00047085276783327
ENSMUSG00000009894	11306.5547848402	-0.14045860940595	0.0356301907679061	-3.94212341777491	8.07633968317839e-05	0.000470977200866904
ENSMUSG00000025777	10400.3119897328	-0.119108709044625	0.0302165527454112	-3.94183645130445	8.0860107764615e-05	0.0004714131106125
ENSMUSG00000019802	5634.89053570346	0.128061063493111	0.0324882803944531	3.94176182728882	8.08852748267945e-05	0.000471431797293503
ENSMUSG00000033739	523.694280165	0.252999846791186	0.0641919407333139	3.94130234887704	8.10403978363503e-05	0.000472207703570873
ENSMUSG00000031635	5.53323773663162	2.47494772394797	0.628084714380855	3.94046800898139	8.13227957786505e-05	0.000473724595436774
ENSMUSG00000025779	95.1658576660649	0.535455936882633	0.135908407770094	3.93982937235512	8.15395824857399e-05	0.000474858566912342
ENSMUSG00000003814	19393.9416017242	0.210389571252291	0.0534138359711847	3.93885905078583	8.18700061356043e-05	0.000476653526364763
ENSMUSG00000034789	2565.62307003239	0.131634772566189	0.0334259754308086	3.93809816675869	8.21299948831519e-05	0.0004780375461393
ENSMUSG00000002205	1508.62860506843	0.136234625638977	0.0345954545082408	3.93793426262185	8.21861018400903e-05	0.000478234443507557
ENSMUSG00000075225	184.623666090339	0.41555563243724	0.105580937279868	3.93589641410085	8.28867214694102e-05	0.000482180586195761
ENSMUSG00000031706	489.18584406362	0.26029602890224	0.0661641193262003	3.93409647937633	8.35102366066716e-05	0.000485676168788625
ENSMUSG00000037907	5714.3102599262	0.150233957975019	0.0382119399073873	3.93159725308725	8.43833469413395e-05	0.000490559930658233
ENSMUSG00000087301	241.388088989824	-0.541799216684147	0.137807620030462	-3.93156210494299	8.4395687315795e-05	0.000490559930658233
ENSMUSG00000054939	285.584648344211	-0.354361435541688	0.0901398125942762	-3.93124220411559	8.45080816547517e-05	0.000491080260097699
ENSMUSG00000018446	4068.53042888476	-0.116993793286295	0.0297608758886985	-3.93112735404145	8.45484677127065e-05	0.000491181977786457
ENSMUSG00000132846	29.1485863954816	-0.943204749332867	0.239981734424286	-3.93031891196055	8.4833266005307e-05	0.00049270316235658
ENSMUSG00000055067	2666.42426863283	0.161395965895765	0.0410705411514755	3.92972581735671	8.50427778268671e-05	0.00049378638594307
ENSMUSG00000032377	1024.29705896304	0.339167096315693	0.0863177973184846	3.92928349485421	8.51993473083461e-05	0.00049456170614412
ENSMUSG00000019935	942.947827120785	-0.449300802653403	0.114351311884837	-3.92912678698336	8.52548827162893e-05	0.00049475028720948
ENSMUSG00000085457	679.840556099876	0.278313737684266	0.0708417097746045	3.92867053279446	8.54167686214115e-05	0.000495555771683032
ENSMUSG00000028718	43.9327729766668	0.823181679326046	0.209535391338555	3.92860449047481	8.54402254892432e-05	0.000495557924980301
ENSMUSG00000078307	6159.93819961709	-0.279876709633979	0.0712541641059089	-3.92786461178582	8.57034315299287e-05	0.00049695025964923
ENSMUSG00000123638	134.676269481366	-0.392599868597425	0.0999789981554072	-3.92682339132033	8.60751355725382e-05	0.000498970796705403
ENSMUSG00000024206	65.2489971917027	0.600804782092985	0.15312509465474	3.92362064133023	8.72280533858124e-05	0.000505517654962162
ENSMUSG00000042350	5788.94128332766	-0.169957766621435	0.0433190677634117	-3.92339390934412	8.73102223716289e-05	0.000505857282976892
ENSMUSG00000110185	2665.95614228277	-0.257074408724185	0.0655268407417891	-3.92319247828834	8.73832834934668e-05	0.000506143972873923
ENSMUSG00000001768	1522.50906274656	-0.263723511534294	0.0672297278395483	-3.9227216888889	8.75542689970378e-05	0.000506997555514004
ENSMUSG00000057715	3677.67056446201	-0.229912044677424	0.0586298371057339	-3.92141708091049	8.80297413281539e-05	0.000509613383859264
ENSMUSG00000001632	1080.82205962732	0.188061839852802	0.0479589752518651	3.92130646797938	8.80701668716792e-05	0.000509701977504775
ENSMUSG00000001419	5534.42498820414	-0.187779231823475	0.0478876525372939	-3.92124528712775	8.80925340791351e-05	0.000509701977504775
ENSMUSG00000042156	661.177237969946	-0.228672962789116	0.0583204375562633	-3.9209747452342	8.81915062839716e-05	0.000510137125812917
ENSMUSG00000054823	3492.54219295458	0.189471264351472	0.0483310712559118	3.92027859983128	8.84466599599643e-05	0.000511475216244772
ENSMUSG00000021326	1569.03449361922	0.149244272859578	0.0380858278807968	3.91863013524851	8.90536448273985e-05	0.000514846630720424
ENSMUSG00000075316	22475.2089568536	-0.298027409496736	0.076073405221236	-3.91762940846431	8.94240420001747e-05	0.000516848811409734
ENSMUSG00000028801	241.617714554667	-0.322645853398915	0.0823799352610934	-3.91655871513284	8.98219470298599e-05	0.000518959714332954
ENSMUSG00000024773	2801.68030506384	0.224431879476226	0.0573047311833548	3.91646335026202	8.98574687689371e-05	0.000518959714332954
ENSMUSG00000060961	4205.62533610426	-0.156478764245519	0.0399543395140506	-3.9164397697149	8.98662541545337e-05	0.000518959714332954
ENSMUSG00000033278	2091.54101587285	-0.271290423415552	0.0692705886978071	-3.91638686079392	8.98859693417462e-05	0.000518959714332954
ENSMUSG00000038567	6.3354894517086	2.7762262348457	0.709002399772601	3.91567960240491	9.01499041571198e-05	0.000520343598450318
ENSMUSG00000052698	14884.1658937222	-0.272384622005608	0.0696025370067094	-3.91342950587205	9.09944733505699e-05	0.000525077248640681
ENSMUSG00000087196	164.143863852511	-0.410278533517755	0.104883907568072	-3.91173958933094	9.16336885228918e-05	0.000528623691973232
ENSMUSG00000026179	8568.4997817912	-0.196183787495735	0.0501536889541806	-3.91165219521468	9.16668606346206e-05	0.000528672979683709
ENSMUSG00000022844	487.581264060311	0.28490664467479	0.0728390675941512	3.91145375806083	9.17422233792597e-05	0.000528965502836204
ENSMUSG00000052906	1498.59437704996	0.135160884849929	0.034557890530621	3.91114396088979	9.18599955964183e-05	0.000529502326926078
ENSMUSG00000061306	8064.23391241497	0.0895795820062977	0.0229112389420057	3.90985324857582	9.23522101844422e-05	0.000532196656058855
ENSMUSG00000038712	5868.76867658995	0.127841240446786	0.0326985360645663	3.90969308822729	9.24134609482154e-05	0.000532406696917443
ENSMUSG00000002190	10064.18730717	-0.215864227433398	0.0552165735257495	-3.909410049371	9.25217984562963e-05	0.000532887825506535
ENSMUSG00000022972	937.923300712666	-0.18883316776689	0.0483031088757166	-3.90933776649358	9.25494850697567e-05	0.000532904304320654
ENSMUSG00000048349	13531.7201945583	-0.188632678446516	0.0482527928133272	-3.90925928735915	9.25795539040458e-05	0.000532934487558125
ENSMUSG00000074521	884.80828858175	-0.25275319564751	0.0646756950777394	-3.90800895674494	9.30598572106042e-05	0.00053555573589352
ENSMUSG00000096146	532.328991091158	-0.518364487171757	0.132659777934224	-3.90747289980218	9.32664986073044e-05	0.000536601087940069
ENSMUSG00000079164	209.052267392906	-0.442020235610049	0.113142703159302	-3.90674982360723	9.35459195065702e-05	0.000538064498426591
ENSMUSG00000026737	6108.48866015742	-0.190119229937439	0.0486878347986058	-3.90486105459105	9.42795375841438e-05	0.000542097252370198
ENSMUSG00000046321	2545.25703143768	-0.307027561157315	0.078627943178448	-3.90481486283456	9.42975468345439e-05	0.000542097252370198
ENSMUSG00000029703	613.982718463217	0.183917022846757	0.047101734276113	3.90467624331252	9.43516113437839e-05	0.000542262835101918
ENSMUSG00000049091	1327.09157267179	-0.187135392621402	0.0479484926480733	-3.90284203499193	9.50697527172342e-05	0.000546243927148862
ENSMUSG00000057637	5286.24731870372	0.236924152949124	0.0607150409010912	3.90223162881648	9.53098854640201e-05	0.000547477121051821
ENSMUSG00000044708	4999.96830569951	0.331914823626477	0.0850675453744306	3.90177972298991	9.54880332937683e-05	0.000548353697882298
ENSMUSG00000035840	853.904978350112	0.235004331416075	0.0602342648777583	3.90150576076593	9.55961862142899e-05	0.000548827957549063
ENSMUSG00000026709	1172.9428422284	-0.172072759200279	0.0441072820396526	-3.90123243244925	9.57042041467266e-05	0.000549301188827175
ENSMUSG00000035476	2419.57325062166	-0.246015358643059	0.063064159684339	-3.90103285090078	9.57831505295058e-05	0.000549607353452652
ENSMUSG00000072501	1115.71412381247	0.163759777051113	0.0419924921914872	3.89973941780742	9.62962728168054e-05	0.000552380241503956
ENSMUSG00000028962	4846.17233008939	0.141886557328148	0.03638410597121	3.8996851383519	9.63178628505222e-05	0.000552380241503956
ENSMUSG00000037989	1839.59068089698	-0.244609043555537	0.0627273749460159	-3.89955810786042	9.63684079846514e-05	0.000552522501548752
ENSMUSG00000037890	1220.68817936339	-0.21985966443743	0.0563841490938626	-3.89931688197386	9.64644601425631e-05	0.000552925527749068
ENSMUSG00000034686	312.696315366071	-0.288786695389311	0.0740859058356753	-3.8979977653219	9.6991311303048e-05	0.000555783622151537
ENSMUSG00000051043	2190.38695446337	-0.190064007035576	0.0487601294566785	-3.89793893398992	9.70148715271504e-05	0.000555783622151537
ENSMUSG00000026519	1366.24239354058	-0.262326210344736	0.0673114089586646	-3.89720278334731	9.73101354832904e-05	0.000557326405625483
ENSMUSG00000039318	7504.90222218805	0.222083857101592	0.0569886056442566	3.89698703084472	9.73968326778977e-05	0.000557674155845226
ENSMUSG00000112466	66.4977375460441	-0.584176257045494	0.149924702460518	-3.89646434148725	9.76071707021672e-05	0.000558729473678059
ENSMUSG00000001166	751.154975991353	-0.229418118563568	0.0588848162215181	-3.89604881673609	9.77746899982817e-05	0.000559539188350604
ENSMUSG00000097383	98.5841075865879	-0.543701865615243	0.139568649465536	-3.8955873521546	9.79610480966994e-05	0.000560456252250466
ENSMUSG00000026436	722.431778603265	0.200442157916742	0.0514661979589016	3.89463698244828	9.83459029024281e-05	0.000562508167253803
ENSMUSG00000133623	17.0784334065293	1.26335607073146	0.324437450893376	3.89398963421967	9.86088651488355e-05	0.000563861987023149
ENSMUSG00000116125	135.272095112686	-0.480325741805605	0.123377379998543	-3.89314266368175	9.89539193748194e-05	0.000565684376378129
ENSMUSG00000015971	2200.62493208441	-0.155133352661101	0.0398543881846426	-3.8925036797047	9.92149942966976e-05	0.00056701580483845
ENSMUSG00000002984	3613.20491609625	-0.146731456761677	0.0376964906817279	-3.89244341072841	9.92396524167548e-05	0.00056701580483845
ENSMUSG00000050912	1396.78868275222	0.347263089215891	0.089235747645954	3.89152439887285	9.96163693590887e-05	0.000569016760154922
ENSMUSG00000070337	367.086443109449	-0.323734855577584	0.083197903187713	-3.89114200206665	9.97735170081257e-05	0.000569762786937064
ENSMUSG00000029672	3128.48791491823	-0.137512134832916	0.0353426064796053	-3.89083173342827	9.99011952135294e-05	0.000570340174588729
ENSMUSG00000056145	201.755153763489	-0.424797446185653	0.109184804308529	-3.8906279026272	9.99851572655877e-05	0.000570667744180565
ENSMUSG00000002661	524.506512986208	-0.277019704405742	0.0712206983020899	-3.88959545483161	0.000100411467734011	0.000572948582237715
ENSMUSG00000034826	1087.92895229888	0.194884416404706	0.0501065262620784	3.88940185925837	0.000100491596535285	0.000573253417811967
ENSMUSG00000022718	1239.76154263541	0.155427424088195	0.0399687426099345	3.88872438658009	0.00010077247650783	0.000574702970434928
ENSMUSG00000047592	147.01035629427	0.458776191551641	0.117996923338989	3.8880352009996	0.000101058972938511	0.000576183775059249
ENSMUSG00000028455	2343.58603924478	-0.169519444793331	0.0436059563827169	-3.88752956833485	0.000101269654664723	0.000577231653487237
ENSMUSG00000058748	463.992843901091	-0.272377746029954	0.0700821352909396	-3.88655032982661	0.000101678852991226	0.00057941020926723
ENSMUSG00000046096	2868.11504509615	-0.172981531253243	0.0445167715617694	-3.88576092076269	0.000102009862189951	0.00058114217138256
ENSMUSG00000020864	9509.20996617196	-0.112266198712829	0.0288952953785693	-3.88527603687668	0.000102213684093721	0.000582148830659542
ENSMUSG00000031727	119.686115874091	-0.658033618678784	0.169379015010538	-3.88497724253412	0.000102339474237732	0.000582710650924973
ENSMUSG00000001524	662.133965828379	-0.220892588939094	0.0568683486658738	-3.88427999267103	0.000102633579663339	0.000584230289327298
ENSMUSG00000024642	3720.56423635563	-0.220619912593303	0.0568067937929509	-3.88368886646582	0.000102883545972807	0.000585497931562111
ENSMUSG00000046756	2495.10978821595	0.165077470044091	0.0425291714309107	3.88151154819137	0.000103809221500056	0.000590609262846596
ENSMUSG00000056267	414.8625639263	-0.246996014801668	0.0636454945765471	-3.88080910432086	0.000104109535013807	0.000592160911130468
ENSMUSG00000063659	3410.23961537475	-0.182724080285436	0.0470880027514363	-3.88048058122114	0.000104250268642564	0.000592804309054645
ENSMUSG00000021508	76.3880148674922	1.21766445842469	0.313848298694268	3.87978671061991	0.000104548101111238	0.000594340449802392
ENSMUSG00000021707	416.745755003486	-0.248758798969788	0.0641191325083031	-3.87963450593432	0.000104613539755094	0.000594555002484205
ENSMUSG00000026113	6112.83125964944	-0.212437684853141	0.0547767658001176	-3.87824439340456	0.000105212993856277	0.000597803633170686
ENSMUSG00000030970	597.984041552163	0.333635888578555	0.0860367455347506	3.87783018180061	0.000105392239000299	0.000598561156240214
ENSMUSG00000038034	6270.88234731633	0.174896656195926	0.0451019444870852	3.87780744677223	0.00010540208565117	0.000598561156240214
ENSMUSG00000027099	2666.25892034265	-0.174974636550401	0.0451254218819275	-3.87751802095566	0.000105527513270522	0.000599114943101036
ENSMUSG00000025425	379.353334401443	-0.435468210572007	0.112316671363844	-3.87714668966043	0.000105688642313544	0.000599871072422671
ENSMUSG00000021779	362.839214734886	-0.287077167775809	0.0740457280031464	-3.87702539387027	0.000105741325584008	0.000600011444617053
ENSMUSG00000022454	774.381260292536	-0.349561458160292	0.090172888966042	-3.87656935658269	0.00010593962134941	0.000600977777982671
ENSMUSG00000037653	3384.08714134592	-0.197403550591628	0.0509235943990172	-3.87646537761753	0.000105984882954555	0.000601075692867236
ENSMUSG00000035969	11486.9021109239	0.198685613124301	0.0512593844620401	3.87608269606585	0.000106151619833238	0.000601862300935099
ENSMUSG00000031149	3533.06505810574	-0.132120661480951	0.0341061955782824	-3.87380237639522	0.000107150313460175	0.000607364306505447
ENSMUSG00000030254	549.953724042025	0.212654711992325	0.0549187741290858	3.87216785816236	0.000107871618413408	0.000611291489139975
ENSMUSG00000042647	474.75869262698	-0.221318735197473	0.0571585541919457	-3.87201423000058	0.000107939648806468	0.000611515571728596
ENSMUSG00000026127	1202.06096518257	0.204987652047126	0.052942023794715	3.87192701287685	0.000107978288743078	0.000611573072865146
ENSMUSG00000022738	6.16164604756074	2.25231938856777	0.581742261658695	3.87167915589601	0.000108088168460518	0.000612033928824445
ENSMUSG00000022247	1093.99439199394	0.144300002722169	0.0372720146799922	3.87153750504478	0.00010815101234591	0.000612228278221863
ENSMUSG00000003308	4389.65853634218	-0.129235578056224	0.0333833443759655	-3.8712591704643	0.000108274596871988	0.000612766279054598
ENSMUSG00000043088	46.8903913115149	-1.08299911334935	0.279795948147922	-3.87067475607901	0.000108534518928918	0.000614075377788129
ENSMUSG00000063362	2531.54214126968	-0.151098430091147	0.0390388033660954	-3.87046776701085	0.000108626719745484	0.000614435089869973
ENSMUSG00000026626	1084.29726224188	0.40162843243294	0.103776179896381	3.87014084382332	0.000108772494335274	0.000615097566754739
ENSMUSG00000048142	27900.0120789909	-0.225512103981154	0.058281470499761	-3.8693619438116	0.000109120548821662	0.000616903266001001
ENSMUSG00000021379	3989.87405439843	-0.278161822523424	0.0718906845126178	-3.86923318937939	0.000109178184343171	0.000617066589023302
ENSMUSG00000036580	4444.364280072	0.144233807860819	0.0372910878035257	3.86778225995279	0.000109829665684995	0.000620585312870258
ENSMUSG00000050244	852.43448388422	0.258407614958976	0.0668425720774624	3.8659136973292	0.000110674072236735	0.000625192009114145
ENSMUSG00000059540	1352.13766794987	-0.144321728545336	0.0373426490846859	-3.86479620709399	0.000111181990627622	0.000627895977588141
ENSMUSG00000020536	1826.78986090968	0.131555818319034	0.034041160987015	3.86461021024564	0.000111266742533148	0.000628209335932816
ENSMUSG00000014601	2693.85959081855	-0.139542216129201	0.0361085883613141	-3.8645159631525	0.000111309710719509	0.000628286681647378
ENSMUSG00000038539	6152.03416851118	0.178451201129125	0.046187836031414	3.86359735510781	0.000111729333855442	0.000630489453349345
ENSMUSG00000039648	423.676377857485	-0.288680995305486	0.0747246956976872	-3.86326090203698	0.000111883399743124	0.000631192919549516
ENSMUSG00000061411	5141.48925902747	-0.249648644389897	0.0646393914704849	-3.86217504080139	0.000112381996797614	0.000633839186352493
ENSMUSG00000123723	34.8806178240573	0.840365443606824	0.217631883705859	3.86140775559625	0.000112735575622048	0.000635666368873888
ENSMUSG00000022195	2311.65779818934	-0.165806625552622	0.042944211434149	-3.86097730090751	0.000112934396086594	0.000636620206511248
ENSMUSG00000014039	552.929924320265	0.347652277239294	0.090061505597048	3.86016506091687	0.000113310458543568	0.0006385724082689
ENSMUSG00000019066	11384.5728011225	-0.130590167658436	0.033833547769943	-3.85978344767172	0.000113487550838552	0.000639242104918265
ENSMUSG00000045314	75.7277333202504	-0.746444346779299	0.193390354161611	-3.85978064942948	0.000113488850360734	0.000639242104918265
ENSMUSG00000028974	14274.8953958692	0.215843109537315	0.0559302339927749	3.85914905282173	0.000113782527383143	0.000640728156559954
ENSMUSG00000026188	786.123842382347	-0.363997108607748	0.0943376536085759	-3.85844988384	0.000114108459784384	0.000642395016452031
ENSMUSG00000046556	1217.64383290281	0.18364153805347	0.0475959324711378	3.85834520974729	0.000114157331546227	0.000642501646295574
ENSMUSG00000021234	496.662740561904	-0.242948943530211	0.0629857505869618	-3.85720486405544	0.0001146910333669	0.000645336231259207
ENSMUSG00000022543	379.929797311837	-0.259599835666596	0.067322322480515	-3.85607367811369	0.000115222772649925	0.000648158290802747
ENSMUSG00000001280	1696.93314066237	0.264717647867244	0.0686520190825181	3.85593390267313	0.000115288638392098	0.000648252292851912
ENSMUSG00000021265	539.056759526095	-0.325446679590698	0.0844020413537838	-3.85591005111522	0.000115299881398891	0.000648252292851912
ENSMUSG00000097666	89.231794389388	-0.62314777814172	0.161613203454471	-3.85579745232432	0.000115352971518207	0.000648380960096839
ENSMUSG00000025507	217.993837688421	-0.394876783617336	0.102432955972123	-3.85497792062938	0.00011574007431447	0.000650386501370267
ENSMUSG00000030446	181.018884854741	-0.405614744991908	0.105232158916398	-3.85447518295383	0.000115978146562803	0.000651553754021758
ENSMUSG00000054893	525.065286701823	0.253209857494939	0.0657111274364413	3.85337867988728	0.000116499000467134	0.0006543086195781
ENSMUSG00000049739	1175.8020473882	0.192264288476141	0.0498962774051194	3.85327921189598	0.000116546358092362	0.000654403380280052
ENSMUSG00000106235	8.85940768370088	1.78661090905981	0.463684460762967	3.8530747959939	0.000116643739381873	0.000654778898946464
ENSMUSG00000032712	593.06069506554	0.259258191750863	0.0672918476193794	3.85274295360853	0.000116801988534191	0.000655399800229938
ENSMUSG00000032816	702.133724608279	-0.258927138725965	0.0672064117182687	-3.85271482446341	0.000116815412078624	0.000655399800229938
ENSMUSG00000036036	77.8582536296725	0.515078674872972	0.133699108311937	3.85252139207412	0.000116907759598066	0.000655746529274128
ENSMUSG00000106498	132.78057529494	-0.409274496304344	0.10624791769242	-3.85207075294563	0.000117123168564115	0.000656783159978392
ENSMUSG00000022898	1963.05787326217	-0.184797053966733	0.0479857378654392	-3.85108288810599	0.000117596685828449	0.000659266246537867
ENSMUSG00000021993	1664.28161666102	-0.155376296749823	0.0403599145691475	-3.84976773138657	0.000118229887207271	0.000662643017961168
ENSMUSG00000037820	1430.64560209328	0.594946030733604	0.154558570719384	3.84932409742443	0.000118444205439926	0.000663670925077907
ENSMUSG00000074194	126.258741750019	-0.496531922491916	0.128995745495427	-3.84921162000277	0.000118498601129488	0.000663802445679955
ENSMUSG00000121084	415.433544644792	0.230865549440359	0.0599792399087867	3.84909094865903	0.000118556985709414	0.00066395623669144
ENSMUSG00000121491	12.4579446866045	1.41011345224077	0.366384061247707	3.84873033897458	0.000118731621672446	0.000664760821810312
ENSMUSG00000007338	2260.2171246272	-0.13999477786792	0.0363858698119083	-3.84750395116575	0.000119327353372166	0.000667922025420319
ENSMUSG00000138862	9.40250997922417	1.53503165581959	0.398981046615283	3.84737989145569	0.000119387773497402	0.000668086013007098
ENSMUSG00000030946	289.333973178053	0.293553164625794	0.0763011842448307	3.84729499982409	0.000119429134428458	0.000668143288934398
ENSMUSG00000024601	3852.44417322015	-0.180277474126443	0.0468612312767556	-3.84704945249412	0.000119548846159433	0.000668519855969789
ENSMUSG00000055540	717.887614237415	-0.445991355494742	0.115931367774429	-3.84702918680748	0.000119558731345757	0.000668519855969789
ENSMUSG00000030051	478.304871827087	0.23496405660156	0.0611334211649655	3.84346323376082	0.000121310180221043	0.000678136543912737
ENSMUSG00000052565	65.8202429960345	0.58838036955525	0.153116397702528	3.84269992230581	0.000121688217343673	0.000680072708539259
ENSMUSG00000020827	14330.1003555189	-0.161521024538087	0.0420455791418902	-3.84156974013858	0.000122249990839757	0.000683034436066169
ENSMUSG00000045216	7347.26734851887	-0.157392765706054	0.0409778771348232	-3.84092043587834	0.000122573841885807	0.000684665649211746
ENSMUSG00000028133	165.635918917898	-0.392044410084608	0.102088620795813	-3.84023613041784	0.000122916025616732	0.000686331533462881
ENSMUSG00000119960	19.1262940776511	-1.08987268093963	0.283806510829374	-3.840196187729	0.000122936026561296	0.000686331533462881
ENSMUSG00000027394	31340.1644764844	0.184869406394216	0.0481474278765219	3.83965280281076	0.000123208426669888	0.000687673449530891
ENSMUSG00000041438	1310.25403672773	0.194233908113755	0.0505935198522383	3.83910644448197	0.000123482890967827	0.000689026185993077
ENSMUSG00000026918	1458.04098503437	0.18641743523978	0.0485613714374805	3.83880087653166	0.000123636644911024	0.00068970483878899
ENSMUSG00000040710	430.475777473732	-0.404453909147687	0.105385275837761	-3.83785975728087	0.000124111326614548	0.000692172963654948
ENSMUSG00000027222	1385.49855864953	0.21192420570463	0.0552404128660474	3.8363979324073	0.000124852049891336	0.0006961231436279
ENSMUSG00000042599	2636.97291520793	0.225883903738687	0.0588880294813388	3.83582038197199	0.00012514584809703	0.000697580050701334
ENSMUSG00000051391	173009.29130928	0.172248055235091	0.0449317447608005	3.83354922342931	0.000126307511767486	0.000703872546106143
ENSMUSG00000026028	7638.63631736252	0.155723244837494	0.040622588803126	3.83341508814699	0.000126376436844722	0.000704073862784532
ENSMUSG00000020962	2533.20500569443	0.267421913576712	0.0697660397289646	3.83312446307149	0.000126525895443668	0.000704458475159864
ENSMUSG00000033767	2353.98343179725	-0.33234182982211	0.0867027693854404	-3.83311666026112	0.000126529910459453	0.000704458475159864
ENSMUSG00000096188	3387.05070208175	-0.22758817414413	0.0593747035161903	-3.83308312574683	0.00012654716735349	0.000704458475159864
ENSMUSG00000002781	1799.46404813168	-0.176097983906999	0.0459424838186489	-3.83300965185339	0.000126584984846435	0.000704458475159864
ENSMUSG00000033237	1590.44338644066	0.260681219219278	0.0680103858987545	3.8329619186009	0.000126609559171096	0.000704458475159864
ENSMUSG00000028914	3413.68032328922	-0.150310757892166	0.039217293838154	-3.83276721011103	0.000126709846773273	0.000704833783579964
ENSMUSG00000042874	74.1516265268649	0.613104182227632	0.160018440034667	3.83145956237797	0.000127385313282789	0.000708407547908901
ENSMUSG00000011257	1630.15798005321	0.180650290017822	0.0471607621766138	3.83052100263561	0.000127872217618205	0.00071093111198974
ENSMUSG00000035228	209.534218480654	-0.390076143573752	0.10185331453475	-3.82978350145559	0.000128256047250201	0.000712880453203735
ENSMUSG00000019948	732.308039063864	-0.248124951706399	0.0647909423572771	-3.82962405976691	0.000128339170686252	0.00071315781463916
ENSMUSG00000040746	2615.5545695711	-0.173297146611664	0.0452680659165509	-3.82824278225465	0.000129061415042002	0.000716985594019567
ENSMUSG00000101995	35.0120517557247	-0.750529185520823	0.196094234165525	-3.8273903805213	0.000129509029547409	0.000719286113393191
ENSMUSG00000021464	840.330796079793	-0.227892206789686	0.0595474765234942	-3.82706741065295	0.000129679009840629	0.000720043876161132
ENSMUSG00000022462	18189.0596665288	0.284793006815683	0.0744351287987444	3.82605647913498	0.000130212427025064	0.000722818711797264
ENSMUSG00000055240	233.586496705942	-0.356754955069797	0.0932615801194302	-3.82531536151263	0.000130604789936204	0.000724809312505312
ENSMUSG00000027996	46.139745423502	2.14655722113423	0.561310909762327	3.82418581894861	0.00013120493663977	0.000727951711012999
ENSMUSG00000050105	141.49700887286	0.865059020313687	0.226215364707417	3.82405068476467	0.0001312769097064	0.000728162827844337
ENSMUSG00000035248	3561.53425949461	0.139616915108894	0.0365246102444658	3.82254359935432	0.000132082115242848	0.000732371467789086
ENSMUSG00000037935	2463.75913181855	0.108506773914906	0.0283863153202815	3.82250294519135	0.000132103900273891	0.000732371467789086
ENSMUSG00000038879	1852.31431527851	-0.167494259267386	0.0438257420899168	-3.82182368809043	0.00013246838975067	0.000734043860519823
ENSMUSG00000031785	10868.3238555723	0.251884684214772	0.06590711330549	3.82181333063772	0.000132473954889304	0.000734043860519823
ENSMUSG00000034880	816.550123077434	-0.20820020601408	0.0544824075446376	-3.82142081080945	0.000132685021241593	0.000735023655734718
ENSMUSG00000036568	1563.81402584134	-0.225025617321982	0.0588894940483225	-3.82115046085018	0.000132830578462135	0.000735640143774041
ENSMUSG00000044786	461.174702738881	0.646704171661648	0.169262937661354	3.82070747794485	0.000133069407058313	0.000736772734566351
ENSMUSG00000030264	2250.24712495666	-0.127564742497283	0.0334023784412156	-3.81903171122326	0.000133976540660606	0.000741604028318865
ENSMUSG00000058317	3751.02704484736	-0.107887855917324	0.0282505576818212	-3.81896375754551	0.000134013448292086	0.000741617087145635
ENSMUSG00000032491	151.499681042408	0.487730716344169	0.1277941106073	3.81653515976899	0.00013533879732001	0.00074875840805962
ENSMUSG00000026564	122.970248247138	0.678593122277356	0.177816902235297	3.81624645209151	0.000135497171309991	0.000749441453063713
ENSMUSG00000070544	3208.47855941012	0.20860727701545	0.0546752098249351	3.81539051580031	0.000135967731997703	0.000751850421190801
ENSMUSG00000026979	569.547920316029	-0.234315205575726	0.0614431551160717	-3.81352821372995	0.000136996877816842	0.000757346118778352
ENSMUSG00000026587	5288.95754856011	-0.253431058369683	0.0664682549399352	-3.81281347913676	0.000137393799717663	0.000759344826142986
ENSMUSG00000030562	183.879572004111	0.682273607315126	0.178970608484985	3.81221035727979	0.000137729580941741	0.000761004680693799
ENSMUSG00000086770	59.1131321706697	-0.599890537833553	0.157375279487981	-3.81184732306936	0.000137932068639909	0.000761927376588854
ENSMUSG00000113299	34.0036663394081	-0.810497017616655	0.212776497493941	-3.80914728441629	0.000139446877507594	0.000770096905731418
ENSMUSG00000123381	59.1558380772201	-0.842750400373676	0.221371532586213	-3.80695020054336	0.000140691061637941	0.000776768088765441
ENSMUSG00000044252	6019.19343857313	-0.167698844426241	0.0440691828636261	-3.80535407123822	0.000141601480799169	0.000781593568227041
ENSMUSG00000041684	1150.56340461132	-0.220467479052151	0.0579539222524573	-3.80418564410114	0.000142271456640552	0.000785089739909023
ENSMUSG00000034795	341.459061797797	-0.313647228838709	0.0824614468784445	-3.80356203670611	0.000142630253739044	0.000786867393154029
ENSMUSG00000024132	1042.66481267602	-0.164487141391254	0.0432530849812607	-3.80289964201437	0.000143012300630331	0.000788772365192877
ENSMUSG00000061650	3738.12125462945	-0.118186011048567	0.0310796033498351	-3.80268723890242	0.000143135011497757	0.000789246379864078
ENSMUSG00000058440	758.825365046501	0.212032357059152	0.0557604153074861	3.8025605779641	0.000143208234043838	0.000789447342574478
ENSMUSG00000096878	4.75627805955509	3.24636557531403	0.853755882021229	3.80245178238585	0.000143271156807477	0.000789591438261694
ENSMUSG00000024366	3964.03370496127	0.351614440334646	0.0924795101413496	3.80207939896333	0.000143486724768077	0.000790576497400295
ENSMUSG00000060032	997.281859781932	0.241963203906438	0.0636409669036347	3.80200389275699	0.000143530471567199	0.000790614601658068
ENSMUSG00000034424	4885.15426412556	0.140275183461212	0.0369037304113347	3.80111121281461	0.000144048625605275	0.000793265212222377
ENSMUSG00000027247	4584.9743675535	-0.12547202872112	0.0330101057211517	-3.80101868745976	0.00014410243237373	0.000793357992647984
ENSMUSG00000097788	48.8543953706097	-0.648310877193307	0.170606209745976	-3.80004267229551	0.000144671173779289	0.000796284978550311
ENSMUSG00000019863	1205.39444800448	-0.205631753382333	0.0541159411331573	-3.79983696257553	0.000144791313894773	0.000796602648538923
ENSMUSG00000046603	1353.3965582592	-0.19572371800598	0.0515087251774554	-3.79981677534596	0.000144803108851154	0.000796602648538923
ENSMUSG00000045312	3861.24490735585	0.255300184972537	0.0671966779081119	3.79929771709321	0.000145106694131536	0.00079806822860045
ENSMUSG00000097286	24.2405514777404	-0.887091209085959	0.233566024711685	-3.79803188490701	0.000145849565367897	0.000801948455478301
ENSMUSG00000026238	13072.4851370489	0.161313938295159	0.0424740091935608	3.79794470449036	0.0001459008600002	0.000802025060374982
ENSMUSG00000029920	1006.3906815368	0.200681597682905	0.0528801856502628	3.79502445415313	0.000147628904559129	0.000811259961991231
ENSMUSG00000024357	1476.15450873371	-0.172501349068404	0.045455161821208	-3.79497821934759	0.000147656418126327	0.000811259961991231
ENSMUSG00000036461	1718.56540251566	0.192863304187883	0.050828019156182	3.7944288876429	0.000147983686000427	0.000812850000942979
ENSMUSG00000102207	62.5727875655513	-0.705331285221005	0.185905440729298	-3.7940325062786	0.00014822025679647	0.000813941169709137
ENSMUSG00000050549	484.12161779999	-0.319342132017881	0.0841721016183022	-3.79391895744758	0.000148288091300885	0.000814105413776164
ENSMUSG00000037049	5537.49844655848	0.12277060129886	0.0323688294537272	3.79286503005511	0.000148919107778718	0.000817360666729216
ENSMUSG00000015947	159.350412744806	1.14773533827139	0.302756483136317	3.79095214207062	0.000150070871844641	0.000823471711405182
ENSMUSG00000020230	5470.29591856666	0.138992587917262	0.0366693491231745	3.79042964330721	0.000150386927389692	0.000824995089023034
ENSMUSG00000019254	5612.5210377505	0.103248389697196	0.0272436472194595	3.78981524997314	0.000150759370904625	0.000826826943239314
ENSMUSG00000029029	1026.05978848401	-0.188780116372424	0.0498160410934513	-3.78954473757332	0.000150923629941865	0.000827389886581361
ENSMUSG00000038094	31.4336351243386	1.03896389490741	0.27416772977197	3.78951926899469	0.000150939103505665	0.000827389886581361
ENSMUSG00000030986	1961.54106697484	0.207395826267253	0.0547366846526639	3.78897310977639	0.000151271284934589	0.0008289990815435
ENSMUSG00000024151	2801.97968075193	-0.219798079086884	0.0580135190379497	-3.78873894795284	0.000151413916006965	0.000829568943595076
ENSMUSG00000073792	501.033654338836	-0.220466373298462	0.0581972437634987	-3.78826141998048	0.000151705177064605	0.000830952623339837
ENSMUSG00000028995	1242.09970262955	0.180242672952697	0.0476076364302662	3.78600339079444	0.000153089585912857	0.000838321696736066
ENSMUSG00000049489	566.733122242944	-0.251942216059108	0.0665510660853444	-3.7856976736634	0.000153277934064018	0.000839139028976846
ENSMUSG00000078521	17.8166115784964	1.25808552068735	0.332346197218115	3.78546687525863	0.000153420270283314	0.000839704110632743
ENSMUSG00000020327	81.1098219236962	-0.568690457681684	0.150237763913421	-3.78526971427375	0.000153541960421338	0.000840155932297843
ENSMUSG00000027457	7580.18891650257	-0.215826184188584	0.0570460343305695	-3.78336876035795	0.000154719922281853	0.000846385792992422
ENSMUSG00000033618	1360.11020109839	-0.313743926255628	0.0829467599702874	-3.78247355735191	0.000155277592978436	0.000849220079203851
ENSMUSG00000022722	1970.44782086581	-0.183708048190173	0.0485732902624328	-3.78207955849051	0.000155523635420938	0.000850349046853251
ENSMUSG00000023027	547.028667136984	0.321573518085196	0.0850344491179709	3.78168520429958	0.000155770267164262	0.000851480660796548
ENSMUSG00000020926	11903.7640445635	-0.245135042126094	0.0648393791656406	-3.7806506675498	0.000156419024057763	0.000854809259272897
ENSMUSG00000048911	2142.25144628881	0.211061756910729	0.0558330100169151	3.78023246188564	0.000156682001469644	0.000856028466161208
ENSMUSG00000024211	877.644845219845	-0.356742719697189	0.0944063201798722	-3.77880123933957	0.00015758513962122	0.000860743665931069
ENSMUSG00000009621	3592.27804457324	-0.17019468629349	0.0450759268169874	-3.77573348595797	0.000159537502283274	0.00087118596388012
ENSMUSG00000142649	64.6329652934491	-0.681120909031645	0.180473166314662	-3.77408410868176	0.000160596576369164	0.000876746212701037
ENSMUSG00000029389	505.801379556757	-0.215300844757211	0.0570580400854911	-3.77336558414243	0.000161060010592264	0.000879052679220328
ENSMUSG00000040653	935.50854030577	0.247747176438558	0.0656668246249124	3.77279056591643	0.00016143179225961	0.000880857867982915
ENSMUSG00000000552	2723.132202279	-0.230452177109426	0.0610852045038278	-3.77263494460407	0.000161532548964072	0.000881183658465763
ENSMUSG00000020415	1428.05919967817	-0.178743406399624	0.0473861134926853	-3.77206302068254	0.0001619033485294	0.000882982032401447
ENSMUSG00000005804	1713.0925314838	-0.147649257601815	0.039148555289622	-3.77151229488554	0.000162261161372469	0.00088470868428281
ENSMUSG00000112375	109.939514413441	-0.497584016316616	0.131952616922546	-3.77092950425295	0.000162640617345823	0.000886552435740333
ENSMUSG00000026705	3436.38024602934	-0.202996866649335	0.0538354686786295	-3.77069006050869	0.000162796761438422	0.000887178289169122
ENSMUSG00000121075	56.7722679498127	0.704208658698699	0.186883444062498	3.76817038144479	0.000164448447898347	0.000895951873752769
ENSMUSG00000040867	444.922075325803	-0.222859197869206	0.0591444788553821	-3.76804736777094	0.000164529487440312	0.000896165941992828
ENSMUSG00000073418	2654.94483746093	0.709962915973769	0.188446611004868	3.76744857436269	0.000164924500323865	0.00089808963063219
ENSMUSG00000044150	512.506524254249	0.21129660201809	0.0560881626679422	3.76722274304162	0.000165073708625221	0.000898674164176766
ENSMUSG00000022812	23332.5194877513	0.246032393918914	0.06532094221077	3.76651630536874	0.000165541277270645	0.000900991140439062
ENSMUSG00000039202	19498.2908405145	0.242576326986117	0.064414478251339	3.76586651900847	0.000165972450060376	0.000903108900632709
ENSMUSG00000028758	155.795247858648	-0.367216584215051	0.0975648184868021	-3.7638217331868	0.000167336193743101	0.000910298716393665
ENSMUSG00000042978	4686.33531007589	-0.185470006876648	0.0492836173289596	-3.76331967758512	0.000167672641442339	0.000911897877172852
ENSMUSG00000063550	2099.59152147222	0.190585841218495	0.0506469376560077	3.76302793493552	0.000167868442180804	0.000912551143997872
ENSMUSG00000027883	1189.21254616229	-0.188735773067823	0.0501554795516807	-3.76301402667972	0.00016787778196439	0.000912551143997872
ENSMUSG00000003131	22161.8099580476	0.103200537357793	0.0274257386258589	3.76290822156704	0.000167948849068851	0.000912706327623279
ENSMUSG00000002103	6198.16072398762	-0.150963314878212	0.0401246558444261	-3.76235787450831	0.000168318962474486	0.000914486167673325
ENSMUSG00000066442	101.021031035272	-0.459033301041168	0.122010426638024	-3.76224650375997	0.000168393953598697	0.000914662097153247
ENSMUSG00000024423	8113.68219150046	0.152090259196018	0.0404323809688493	3.76159542306437	0.000168832985940575	0.000916814792866276
ENSMUSG00000042015	2639.1068177579	-0.144576641554204	0.0384474303169004	-3.76037202909376	0.000169660850587049	0.000921077344132929
ENSMUSG00000065979	3116.81927509789	-0.112529091076897	0.029927118132989	-3.76010448372756	0.0001698424053329	0.000921829854077381
ENSMUSG00000085008	7.46982261089665	2.0413892433503	0.543042788098847	3.75916831617829	0.000170479122750151	0.000925051781838911
ENSMUSG00000056679	1434.07551920254	-0.198398076587404	0.0527956728486119	-3.75784729851435	0.000171381409241839	0.000929492891717742
ENSMUSG00000089911	2435.96505904672	-0.135630426714053	0.0360926248808844	-3.75784324807825	0.000171384182680463	0.000929492891717742
ENSMUSG00000054321	997.81687698064	0.259443105706884	0.0690451449375053	3.75758651736792	0.000171560059015858	0.000930211726909425
ENSMUSG00000005698	2522.50937059674	0.109420679832746	0.0291266993858127	3.75671401635173	0.000172159045537994	0.000933223755433984
ENSMUSG00000117901	72.1445433654125	-0.651459166051815	0.173430974031409	-3.75630229657727	0.000172442380614454	0.000934523641067881
ENSMUSG00000026197	1296.04614823058	0.161853916720064	0.0430900924667484	3.75617473656995	0.000172530253117782	0.000934763860026831
ENSMUSG00000040675	1825.07995793943	0.182156405878811	0.0485023495589669	3.75562024386785	0.000172912717205755	0.00093659964358787
ENSMUSG00000032279	9207.62554083691	-0.110346494713094	0.0293831136325098	-3.75543913055576	0.000173037813675485	0.000937040794237629
ENSMUSG00000031805	150.526408555109	0.655337583439361	0.174586745450132	3.75365026565861	0.000174277978148766	0.000943518557110067
ENSMUSG00000079144	483.127600439676	-0.229903291270047	0.0612590509341083	-3.75296854529034	0.000174752789699354	0.000945850575816018
ENSMUSG00000016554	5922.55278892395	0.124799280902871	0.0332724420970195	3.75083020774272	0.000176250025535485	0.000953713901725414
ENSMUSG00000044433	2499.07396271759	0.238585020914262	0.0636120485786558	3.7506262767069	0.000176393443708905	0.000954249410951451
ENSMUSG00000038400	4244.20784391452	0.31734801971534	0.0846362804463777	3.74955064236784	0.000177151720651303	0.000958110061854589
ENSMUSG00000020354	978.870643800916	-0.290273927606405	0.0774428522108566	-3.74823394696343	0.000178084108193399	0.000962910193067886
ENSMUSG00000003746	863.858597019535	0.724595509730768	0.193343438608253	3.74771192105941	0.000178455044633943	0.000964672875374521
ENSMUSG00000122685	58.7911268485448	-0.703588530344749	0.187805681456458	-3.7463644597348	0.000179415872154281	0.000969622636370545
ENSMUSG00000059495	14948.6958997913	0.183690411214373	0.0490444928363167	3.74538303061732	0.000180118754265912	0.000973176234349881
ENSMUSG00000074282	313.01344237502	-0.270433270721993	0.0722416117001328	-3.74345566713728	0.00018150663899167	0.000980428161196577
ENSMUSG00000121865	177.713283847643	0.424092234282744	0.113296434120054	3.74320902133033	0.0001816849713101	0.000981144551985563
ENSMUSG00000057716	5907.10398900916	-0.309880329848359	0.0828119552248087	-3.74197576916437	0.000182579123350741	0.000985725216762325
ENSMUSG00000040078	513.023448793462	0.212409622121419	0.0567787998134677	3.74100232515017	0.000183287824982242	0.000989302602732915
ENSMUSG00000071655	5825.04622433109	0.109591371239215	0.0292992693305918	3.74041311415195	0.000183718046977335	0.00099137546415673
ENSMUSG00000050296	67.01652392347	0.732060740554481	0.195743922328907	3.73989001469177	0.000184100791923488	0.000993191153412818
ENSMUSG00000037318	124.576491207538	0.498687030121067	0.133347550045112	3.73975397337528	0.000184200454306121	0.000993479133702311
ENSMUSG00000034297	2636.47606641718	0.186195702811337	0.0498030593110341	3.7386398624328	0.000185018550402653	0.000997640844748394
ENSMUSG00000025153	22668.5509269073	0.336842491227825	0.090103207866067	3.7384073131838	0.000185189742563548	0.00099831316269943
ENSMUSG00000025245	2312.77399590489	-0.128535654863293	0.0343937896915234	-3.73717627560454	0.000186098459504333	0.00100295996277178
ENSMUSG00000044071	3315.87954355216	-0.261603432646887	0.0700015141236807	-3.73711105997906	0.000186146716539642	0.00100296822721886
ENSMUSG00000022889	1657.88855792117	-0.145031843828548	0.0388112013229334	-3.73685531199597	0.000186336073670639	0.00100373655142132
ENSMUSG00000024695	4704.25930747508	-0.0858037732727164	0.0229624569493825	-3.73669827500858	0.000186452434376927	0.00100387436763024
ENSMUSG00000038375	10334.4063179411	0.196185509188011	0.052502420566659	3.73669455751904	0.000186455189776473	0.00100387436763024
ENSMUSG00000018651	722.542018121402	-0.196839915458019	0.0526819933230469	-3.73637941622659	0.000186688911394028	0.00100488068505121
ENSMUSG00000008683	7267.97718293743	0.198544878381135	0.0531499952764422	3.73555778036234	0.000187299565639803	0.00100791488493958
ENSMUSG00000059883	216.977708517365	0.399192811268518	0.106875383932443	3.73512399750395	0.000187622717488393	0.00100940081544006
ENSMUSG00000024982	1472.6466591595	-0.139162319032327	0.0372633256794911	-3.73456519230967	0.000188039778675838	0.00101139110224393
ENSMUSG00000031840	25277.5361444258	-0.180338314750127	0.0483009743160316	-3.73363720512509	0.000188734302477052	0.0010148723790011
ENSMUSG00000022676	42.0821971559133	0.928160585535615	0.248616843912786	3.73329727353956	0.00018898931675955	0.00101595972917687
ENSMUSG00000021668	487.217000343353	-0.246877471872408	0.0661295205504175	-3.73324152084525	0.00018903117294011	0.00101595972917687
ENSMUSG00000068220	9856.52563793498	0.174826559741568	0.0468335876676866	3.73293118140064	0.000189264318692981	0.00101695816397085
ENSMUSG00000020303	20.5746610024321	1.28629002187162	0.344737953815231	3.73121093177062	0.000190561583104858	0.00102367240814036
ENSMUSG00000110611	499.498522758325	-0.332840760688139	0.0892098261160867	-3.73098766334351	0.000190730564348709	0.00102432381643968
ENSMUSG00000030987	3643.55216285936	-0.173034880783181	0.0463887969055902	-3.73010063475754	0.000191403306239216	0.00102767968277414
ENSMUSG00000031633	55795.8656934293	-0.102145068242147	0.0273957355345679	-3.7285024931439	0.00019262100362324	0.00103395910572055
ENSMUSG00000031409	419.356044009704	-0.326485541272824	0.0875817193468276	-3.72778182145439	0.000193172494839844	0.00103666019355803
ENSMUSG00000024193	2169.20113021109	-0.168956283312063	0.0453303686227097	-3.72722059064437	0.000193603001899291	0.00103871083198455
ENSMUSG00000000794	246.198529335084	-0.485453197254025	0.130283855737589	-3.72611936072724	0.000194450351163734	0.0010429963113645
ENSMUSG00000046947	748.809986520899	-0.203623991552696	0.0546490271508786	-3.72603140748541	0.000194518177487585	0.00104309947488096
ENSMUSG00000032261	25102.9383764333	-0.157483140077582	0.0422702319734033	-3.72562753326433	0.000194829916047717	0.0010443361125592
ENSMUSG00000030876	1449.16825719087	0.24311799172833	0.0652559483518575	3.72560659784525	0.000194846088269803	0.0010443361125592
ENSMUSG00000030847	15625.3636959972	0.215501387830495	0.0578473740879978	3.72534434324837	0.000195048781974996	0.00104516154614959
ENSMUSG00000069132	6.92494703850996	-2.05094854894961	0.550602610003334	-3.72491614040332	0.000195380161190498	0.00104667595211261
ENSMUSG00000123583	97.442455791521	-0.47062682064751	0.126356215353857	-3.72460364794509	0.000195622327853527	0.00104771179882829
ENSMUSG00000037221	647.350193523362	-0.211594536148624	0.0568121569012324	-3.72445877238	0.000195734695131299	0.00104805212414279
ENSMUSG00000049314	3.49593668718963	4.31369010275341	1.15837266386336	3.72392256596125	0.000196151111317143	0.00105001988916055
ENSMUSG00000016619	3014.24329875923	0.189083321304668	0.0508061579951357	3.72166148290079	0.000197916234298544	0.00105920465855212
ENSMUSG00000078612	124.158587298835	0.598949889752565	0.160977614281017	3.72070298362718	0.00019866898538915	0.00106296820547445
ENSMUSG00000056824	90.0434187852456	-0.584838530055799	0.157201407536291	-3.72031357238825	0.000198975574680531	0.00106434330577929
ENSMUSG00000050671	80.2669839491869	0.585774730566615	0.157462812306602	3.72008299601579	0.000199157320380902	0.00106505008452826
ENSMUSG00000086158	240.05385783173	-0.304009226310587	0.0817248581533369	-3.71991133640376	0.000199292727779297	0.00106550876575601
ENSMUSG00000024012	22456.5387221782	-0.106831065957947	0.0287197452911258	-3.71977762598603	0.000199398260267813	0.00106580753359285
ENSMUSG00000086006	31.0024632026048	1.00820003432129	0.271043155109258	3.71970298941835	0.000199457190870227	0.00106585712203642
ENSMUSG00000045053	353.27712214124	-0.360604455413801	0.0969476384207144	-3.71957957190169	0.000199554673222347	0.00106611264693651
ENSMUSG00000037111	15951.9585848464	0.205947800656086	0.0553735615645168	3.71924425370639	0.000199819753155661	0.0010672632050857
ENSMUSG00000031146	1136.97792671464	0.27310524057464	0.0734487383036918	3.71831085028881	0.000200559382109256	0.00107094718814858
ENSMUSG00000019080	371.348652055314	-0.265734903001905	0.071472544418188	-3.71799976011883	0.000200806460917396	0.00107187382603564
ENSMUSG00000021062	15202.1013115667	0.187620490128277	0.0504631989269595	3.71796663940864	0.000200832783393057	0.00107187382603564
ENSMUSG00000075585	1125.94034689557	-0.274436956287769	0.0738266954492841	-3.71731329186062	0.000201352690376628	0.00107438151917094
ENSMUSG00000100600	57.3302712906669	-0.937841648589288	0.252301393849413	-3.71714810719215	0.000201484337621104	0.00107481679706129
ENSMUSG00000004394	3509.14707867524	-0.103056984186233	0.0277336840134046	-3.71595003882002	0.000202441585175509	0.00107965492357204
ENSMUSG00000063887	481.273049347955	-0.267834542268972	0.0720916562029994	-3.71519474479528	0.000203047253333197	0.00108261608048942
ENSMUSG00000101780	144.707857981152	-0.651001154589201	0.175234844783671	-3.71502115000511	0.000203186698883299	0.00108309055828878
ENSMUSG00000022391	17231.9942658009	0.154172127125454	0.0415013069165428	3.71487402638879	0.000203304951044899	0.0010832392160084
ENSMUSG00000041506	652.250455215472	0.2125193783158	0.0572078967766287	3.71486088967041	0.000203315512964588	0.0010832392160084
ENSMUSG00000041747	1210.28057277552	0.137208764755207	0.0369359876109338	3.71477178843841	0.000203387163947729	0.00108335207476475
ENSMUSG00000022523	22386.8819463971	-0.204098157053869	0.0549482771239413	-3.71436863422497	0.00020371165801001	0.00108475191768268
ENSMUSG00000035165	42.5950310173118	0.82462126332027	0.222011382528913	3.71431975210946	0.000203751035688836	0.00108475191768268
ENSMUSG00000039116	1638.64019555371	0.303888265123624	0.0818402673151697	3.71318759203632	0.000204665066331924	0.00108934795781827
ENSMUSG00000101860	1121.93914583533	-0.336516676724139	0.0906538765279311	-3.71210465137093	0.00020554296343909	0.00109374944303012
ENSMUSG00000051154	2202.64010146025	-0.150070660801462	0.0404306992042581	-3.71179978964244	0.000205790740069569	0.00109479653688559
ENSMUSG00000046186	665.513653808942	0.717149656087731	0.193302658535164	3.70998340903455	0.000207272830130584	0.00110240797115538
ENSMUSG00000071477	1207.85377564812	0.166494163740596	0.0448966140622213	3.70839020309761	0.000208581066821815	0.00110909120148553
ENSMUSG00000036853	3.80254396461983	3.82222109965714	1.03080834917103	3.7079842268749	0.000208915665686779	0.00111059526489163
ENSMUSG00000030539	1908.6974943415	-0.224902403927975	0.0606761524874288	-3.70660291907222	0.000210057896101277	0.0011163908882669
ENSMUSG00000051367	5126.5792505759	0.166619660371393	0.0449586981104429	3.70606061505795	0.000210507939155739	0.00111850579750423
ENSMUSG00000038301	14374.9250425278	0.135471513208671	0.036559242108744	3.70553396062525	0.000210945861637412	0.00112055527490935
ENSMUSG00000027999	1130.15154132839	0.164842387963818	0.0445027970792355	3.70409050177954	0.000212150513249487	0.00112667563518394
ENSMUSG00000111990	21.9531681993526	1.21930976203311	0.329209996436121	3.70374464698158	0.000212440107358569	0.00112793453983652
ENSMUSG00000022637	2404.6576298647	0.228910614225432	0.0618144705945248	3.70318813740205	0.000212906868109536	0.0011301332420473
ENSMUSG00000044646	472.354996744386	0.519097637068812	0.140181207787335	3.70304725763472	0.000213025180725444	0.00113048171309083
ENSMUSG00000063273	4752.8754145989	0.188420754370999	0.050884225035911	3.70293060841593	0.000213123190941223	0.00113072229776181
ENSMUSG00000030500	17935.1962945248	0.175116454085905	0.0473001868910873	3.70223598670183	0.000213707698694303	0.0011335432320662
ENSMUSG00000084996	435.374103875048	-0.336194614340666	0.0908111235881466	-3.70213032343264	0.000213796743636194	0.00113373539992454
ENSMUSG00000047904	456.018857919571	-0.486377305108515	0.131403325381253	-3.70140788825049	0.000214406490960419	0.00113656528029328
ENSMUSG00000001964	2260.47961539773	0.131467187054205	0.0355184954641784	3.70137263237387	0.000214436289256861	0.00113656528029328
ENSMUSG00000021255	254.866250702727	-0.579584060493797	0.156591656752777	-3.70124483329805	0.000214544337743582	0.00113685725845562
ENSMUSG00000025040	5245.24538374823	-0.0940279637987038	0.0254126399037802	-3.70004706928212	0.000215559482231901	0.00114195455221865
ENSMUSG00000041483	1208.75129978573	0.183907530131144	0.0497138729785764	3.69932011151891	0.000216177800455375	0.0011449476103072
ENSMUSG00000028454	534.398743656353	-0.236702772458215	0.0640082439372282	-3.69800447408533	0.000217301059983179	0.00115061286472593
ENSMUSG00000026389	3661.76078392903	0.358509323963387	0.0969887516859431	3.69640105405487	0.000218677430550951	0.00115761522175258
ENSMUSG00000038271	3477.1575164002	-0.147460496595036	0.039916841629652	-3.69419249055756	0.000220586659909884	0.00116743423117001
ENSMUSG00000039682	3933.90252156401	-0.205331575096709	0.0555835917847953	-3.69410411424467	0.000220663382951112	0.0011675524225853
ENSMUSG00000042642	1627.84667822829	-0.17503442437567	0.0473844021374224	-3.69392493057192	0.00022081901641962	0.00116808797596441
ENSMUSG00000029188	87.0686075291808	-0.78778553265565	0.213280910356423	-3.69365233550038	0.000221055981827547	0.00116892433835593
ENSMUSG00000035851	1783.83445036757	0.141424640475439	0.038288921255207	3.69361778392246	0.000221086034367142	0.00116892433835593
ENSMUSG00000024079	2617.26779066688	0.192388486058751	0.0520930446447691	3.69317031420757	0.000221475584703475	0.00117069561714966
ENSMUSG00000068617	493.283525352106	-0.264941744514876	0.0717403680795301	-3.69306363498395	0.000221568550705795	0.00117089869755061
ENSMUSG00000055421	5153.00906446563	-0.220946235237322	0.0598397235296467	-3.692300401887	0.000222234742410228	0.00117413019457986
ENSMUSG00000046562	2285.93240930148	0.183102223401017	0.0495992653809443	3.69163176096885	0.000222819913672427	0.0011769321522865
ENSMUSG00000055069	2653.91815763298	0.165149250204392	0.0447436174777233	3.69101247315588	0.000223363182769104	0.0011795114591197
ENSMUSG00000020620	3183.62361998214	-0.215992517298832	0.0585350096801038	-3.68997149704493	0.00022427917975143	0.00118368401210582
ENSMUSG00000050332	1839.80730015239	-0.237840064981998	0.0644570011179281	-3.68990273914318	0.000224339806586963	0.00118368401210582
ENSMUSG00000032507	4713.67983129891	-0.169717346048762	0.0459955494447904	-3.68986452162026	0.000224373511292233	0.00118368401210582
ENSMUSG00000058441	4419.06592981128	-0.239498973609789	0.0649072618201233	-3.68986407520178	0.000224373905024625	0.00118368401210582
ENSMUSG00000052675	342.829352256289	-0.2582845434265	0.0700175921479576	-3.68885212277375	0.000225268096306419	0.00118810932562988
ENSMUSG00000034111	5611.70173962926	-0.211464905107772	0.0573404340339118	-3.68788462575483	0.0002261261323689	0.00119199337587157
ENSMUSG00000056394	849.956025135008	-0.261397987282236	0.070880381976159	-3.68787498027534	0.00022613470199896	0.00119199337587157
ENSMUSG00000128738	17.4857192215482	-1.04375297426802	0.28302601807589	-3.68783400679493	0.000226171108726586	0.00119199337587157
ENSMUSG00000025532	2821.29316041695	0.129326227893126	0.0350709384976065	3.68756108143363	0.000226413755246313	0.00119297930047063
ENSMUSG00000030611	931.284593273548	-0.175300692116419	0.0475494039479428	-3.68670640558058	0.000227175193410387	0.00119669759552083
ENSMUSG00000005078	3447.76112572582	-0.134066966797016	0.0363698126575356	-3.68621549028623	0.00022761364021345	0.00119871305221342
ENSMUSG00000022390	7134.07343296681	-0.0969085845607633	0.0262971746214142	-3.68513294511301	0.000228583292471894	0.00120352439445712
ENSMUSG00000027263	3482.35353923449	-0.180747848598385	0.0490543895668071	-3.68464168435374	0.000229024599947651	0.00120555224680635
ENSMUSG00000024312	626.882914067523	0.219210413480239	0.0595036094782488	3.68398514648713	0.000229615627036674	0.00120836701396648
ENSMUSG00000051527	194.657245903952	-0.339052954564627	0.0920436123008114	-3.6836119975013	0.000229952180092223	0.00120981179584808
ENSMUSG00000053181	96.121902274523	-0.494994802752985	0.134379612129183	-3.68355582301526	0.000230002885440046	0.00120981179584808
ENSMUSG00000026781	7424.6371117383	-0.130335335055262	0.0353846162680734	-3.6833898117714	0.000230152795192496	0.00121030374855515
ENSMUSG00000038299	2305.04965207206	0.148639278579421	0.040355431763782	3.68325333376364	0.000230276104823594	0.00121059000996656
ENSMUSG00000022311	80.687857551148	-0.609056243839801	0.165360409311681	-3.68320474274962	0.000230320022393713	0.00121059000996656
ENSMUSG00000048376	1225.67365847381	-0.280406884103244	0.0761420185686485	-3.68268256311636	0.000230792475618772	0.00121277632353306
ENSMUSG00000019868	2180.17350886402	-0.120966834258071	0.0328506192398129	-3.68233041133869	0.00023111160584311	0.00121415607709941
ENSMUSG00000029233	2090.51158328555	-0.142592896162111	0.0387339471013265	-3.68134173852961	0.000232009784899618	0.00121857647238933
ENSMUSG00000021549	4161.4738137422	-0.174585307767744	0.0474346463415272	-3.68054410084009	0.000232736800794695	0.0012220959309831
ENSMUSG00000029910	644.041172486812	-0.194077248517476	0.0527363875037336	-3.68013923031296	0.000233106642079717	0.00122373861063419
ENSMUSG00000031889	1452.1066394607	-0.165976837662779	0.04510655006386	-3.67966154422796	0.000233543708164004	0.00122573331037861
ENSMUSG00000008734	5910.05367198651	-0.259157535872166	0.0704378584378149	-3.6792364450001	0.000233933305676801	0.00122747796129509
ENSMUSG00000021665	5990.48177901914	-0.162512679679314	0.0441723158585855	-3.6790617951657	0.000234093546502051	0.00122801858973925
ENSMUSG00000034919	65.387243741173	-0.631800273154846	0.171771138255389	-3.67815151935179	0.000234930391223581	0.00123210744637317
ENSMUSG00000027238	234.739988742691	0.360613231027722	0.098056584077351	3.67760344112391	0.000235435609583487	0.00123445549470423
ENSMUSG00000023150	10226.9512935899	0.144692754984792	0.0393538755678815	3.67670916515482	0.000236262142317873	0.00123848672698302
ENSMUSG00000045594	1640.40507077153	-0.16977519102252	0.0461830108144369	-3.67613951599379	0.000236790058113994	0.00124095102233276
ENSMUSG00000048148	1022.00379882335	0.244774160301734	0.0665992549833629	3.67532880604866	0.000237543282970137	0.00124459460879594
ENSMUSG00000107108	188.105385985056	-0.355936928008728	0.0968540266173077	-3.67498327576111	0.000237864995482622	0.00124597608419472
ENSMUSG00000048271	1450.84896522269	0.189337266539928	0.0515296070098798	3.67433942400582	0.000238465556729884	0.0012488171848655
ENSMUSG00000031285	325.4977672071	-0.484551574313132	0.131895265417367	-3.67376018221597	0.000239007067585017	0.00125134773482438
ENSMUSG00000121606	1542.32864784576	0.255280416909351	0.0694892066337172	3.67367004569434	0.000239091436412378	0.00125148421702709
ENSMUSG00000020576	4091.61595962935	-0.220297088597248	0.0599685791271152	-3.67354190817637	0.000239211422709353	0.00125180702093588
ENSMUSG00000006526	1352.62922767285	-0.183604117500148	0.049987422360763	-3.67300630496734	0.000239713566417494	0.00125412903161539
ENSMUSG00000039670	191.877126574495	-0.380577447599274	0.103617142458223	-3.67291973673872	0.000239794819448661	0.00125424843915325
ENSMUSG00000022076	91.4855927168594	0.526372477293517	0.143342558221931	3.67212978352568	0.000240537465024971	0.00125753709532951
ENSMUSG00000111117	15.8103765862649	-1.09233867451763	0.29746761975982	-3.67212631546116	0.000240540730151075	0.00125753709532951
ENSMUSG00000022339	953.983891020494	-0.173423981997503	0.0472297416467711	-3.67192315584811	0.000240732074190148	0.00125823099697242
ENSMUSG00000006586	900.118729416793	-0.253846019863753	0.0691432801393537	-3.67130427356271	0.000241315843318282	0.00126097514427221
ENSMUSG00000023045	80.0773624975503	0.551691822802851	0.150279977861696	3.67109331963423	0.00024151513179537	0.00126170937432938
ENSMUSG00000066392	3381.83655324128	-0.215169618259835	0.0586414570510625	-3.6692406546528	0.00024327199155163	0.0012705782410334
ENSMUSG00000074569	64.4673563829968	-0.588341940188389	0.160350902464175	-3.66909029601399	0.000243415099561825	0.00127101642597765
ENSMUSG00000139347	8.41031078461608	1.94687379158366	0.530766952478447	3.66803883039934	0.000244418070503776	0.00127594316669116
ENSMUSG00000003072	16243.9287425139	0.107783566926274	0.0293874643831667	3.66767154596751	0.000244769328056234	0.00127746617944447
ENSMUSG00000020698	89.8316311136791	-0.503152439089458	0.13718896424367	-3.66758683443208	0.000244850410282239	0.00127757873289221
ENSMUSG00000028864	630.34403480195	-0.222025367759621	0.0605478056478408	-3.66694325886835	0.000245467236375918	0.00128048595286645
ENSMUSG00000030282	7759.64963240368	-0.123713657432396	0.033750075333145	-3.6655816679289	0.000246777041658113	0.00128700582512951
ENSMUSG00000007589	592.287031891664	0.240273497198156	0.0655545303629781	3.66524625937753	0.000247100698416726	0.00128812954619614
ENSMUSG00000027502	7875.10661740371	0.0782438081601191	0.0213475614193405	3.66523401072084	0.000247112525446553	0.00128812954619614
ENSMUSG00000071073	481.332249434474	-0.286305416506528	0.0781183929470867	-3.6650192829806	0.00024731994803093	0.00128889779180188
ENSMUSG00000033862	1472.76524142024	-0.17038610097495	0.0465004557348121	-3.6641813135477	0.000248130972512493	0.00129281054756145
ENSMUSG00000027676	172.032845805266	-0.379370040604068	0.103552120317648	-3.66356612921439	0.000248727962744218	0.00129560651498844
ENSMUSG00000033857	846.507509039574	0.2047015819513	0.0558842578411562	3.6629560784924	0.000249321301364949	0.00129838210943717
ENSMUSG00000040972	1428.21346990996	-0.307461821785999	0.0839740298227524	-3.66139177118178	0.000250848827279016	0.00130584962168024
ENSMUSG00000040681	2008.59101015876	0.31448467795859	0.085892786397246	3.66136309170514	0.000250876914180998	0.00130584962168024
ENSMUSG00000029009	2064.52528260765	0.212441424393894	0.0580321348309259	3.66075494228901	0.00025147319286984	0.00130863601409551
ENSMUSG00000060681	12160.5794948843	-0.194694287681972	0.053191369273123	-3.660260872065	0.000251958597408771	0.00131084422006221
ENSMUSG00000064080	4554.79967057028	0.282335871324745	0.0771392017402061	3.6600828755736	0.000252133687160351	0.00131143729793654
ENSMUSG00000060012	4664.03427285921	0.249977535769069	0.0683242710373908	3.6586930526089	0.00025350474304712	0.00131798071953146
ENSMUSG00000031516	4062.25821824865	-0.105005122839814	0.0287002502383567	-3.65868318107831	0.000253514506239886	0.00131798071953146
ENSMUSG00000026305	1340.50747598966	0.192017313490513	0.0524915212589844	3.65806341452997	0.000254128177515891	0.00132085120061891
ENSMUSG00000014226	6562.75916355057	-0.135349938072389	0.0370052905682301	-3.65758344263861	0.000254604385866741	0.00132300599056293
ENSMUSG00000043410	159.46695686732	-0.396215605353084	0.108342457021889	-3.65706682536316	0.000255117887298116	0.00132535347743015
ENSMUSG00000032470	7962.98779948736	0.167126647890093	0.0457030322853308	3.65679561143113	0.000255387854080377	0.00132624001134459
ENSMUSG00000031093	10261.8437799482	-0.285202363426269	0.077992945928964	-3.65677126346825	0.000255412103181708	0.00132624001134459
ENSMUSG00000041710	78.9563066846197	-0.776044105610346	0.212311843017955	-3.6552087466205	0.000256972798768681	0.00133402130553047
ENSMUSG00000005686	3182.27404081072	0.144743902121962	0.0396081444626496	3.6543974499602	0.000257786672477027	0.0013379228025609
ENSMUSG00000031393	6318.75985144965	0.218588093888276	0.059839461092742	3.65290879791677	0.000259286343150895	0.00134538086586346
ENSMUSG00000052997	5477.73068913279	-0.0877794546060134	0.0240356984385288	-3.65204509577739	0.000260160184074577	0.00134958881376145
ENSMUSG00000054894	989.618005760325	-0.168381175965235	0.0461101197399192	-3.65171847123748	0.000260491361750301	0.00135098032648755
ENSMUSG00000079051	201.447828810657	-0.437471886329935	0.119844303442975	-3.6503352580133	0.000261898243235181	0.00135794871721894
ENSMUSG00000019132	13547.247548538	0.110536048985497	0.0302833711223096	3.65005760220879	0.000262181507202615	0.00135908916532512
ENSMUSG00000044976	308.131450775054	-0.492421223715696	0.134939521099373	-3.64919943174441	0.000263058828166367	0.00136330777533057
ENSMUSG00000025130	11456.8009782919	0.191734650842256	0.0525705577554317	3.64718692417612	0.000265127053189554	0.00137369474384914
ENSMUSG00000027430	2155.07970470328	-0.131488474294545	0.0360540245957911	-3.64698465063716	0.000265335767735931	0.00137444439918424
ENSMUSG00000040548	13508.8016762375	-0.156336713391643	0.042870310797132	-3.64673617906457	0.000265592362220652	0.0013754416519731
ENSMUSG00000018398	9997.52115100078	-0.110720355897465	0.0303654701652967	-3.64625857247559	0.000266086235934966	0.00137744901696239
ENSMUSG00000062175	286.718163593614	0.302160657251078	0.0828691709552308	3.64623724079871	0.000266108314233813	0.00137744901696239
ENSMUSG00000006498	1496.73493479322	0.419905725025027	0.115200058872453	3.64501311140768	0.000267378169742785	0.00138350186503008
ENSMUSG00000054863	2326.76946087752	0.144029643098473	0.0395144592626774	3.64498580484217	0.000267406560980612	0.00138350186503008
ENSMUSG00000023073	27.7321595441822	-0.890326112164231	0.244339489336062	-3.64380769798404	0.000268634159193929	0.00138951827982094
ENSMUSG00000015396	242.868983219904	-0.505363563364643	0.138721523904869	-3.64300758194674	0.000269470897531346	0.00139351054839987
ENSMUSG00000034308	279.177025059755	0.34170790802394	0.09381003585798	3.64255172592893	0.00026994871043372	0.00139564523559013
ENSMUSG00000025373	8111.20096777659	0.110555020837553	0.0303547763002439	3.64209637864024	0.00027042678283161	0.00139778023603741
ENSMUSG00000042671	3829.95543956597	-0.375273834130537	0.103039765841291	-3.64202918229219	0.00027049739992151	0.0013978086631476
ENSMUSG00000025328	4.97129248361752	2.44344961666206	0.671343348017582	3.63964225441029	0.000273017079156639	0.00141008770846114
ENSMUSG00000025283	1645.24400506057	0.298590864456664	0.0820395010093934	3.6395987394228	0.00027306321779149	0.00141008770846114
ENSMUSG00000030754	4890.90529685427	0.112319187054029	0.0308603808925734	3.63959172911759	0.000273070651452202	0.00141008770846114
ENSMUSG00000029999	1070.26532851701	0.280193570376067	0.0770050504519102	3.63863887799215	0.000274082812492508	0.00141497394251183
ENSMUSG00000048965	1750.54012664367	-0.207593870691765	0.0570741394437609	-3.63726676766317	0.000275546508071853	0.00142218834870652
ENSMUSG00000024771	166.791252121703	0.429137729077776	0.117992246320936	3.63699940003288	0.000275832573350494	0.00142332260085137
ENSMUSG00000018740	370.117819704045	-0.24490494166129	0.0673603577514091	-3.63574288849686	0.000277180687163639	0.00142988717604809
ENSMUSG00000026966	1465.27029093292	0.144173824777474	0.0396551520983065	3.63568961783483	0.000277237977579063	0.00142988717604809
ENSMUSG00000039883	89.854571263187	-0.581717904691765	0.160049207604655	-3.63461908620438	0.000278391645431783	0.00143549244795548
ENSMUSG00000041801	2884.26202592472	0.213329840305092	0.0587049068256132	3.63393542108503	0.000279130755455718	0.00143895792425851
ENSMUSG00000014444	457.747441276673	0.394643649731649	0.108619778951842	3.63325771364917	0.000279865239180371	0.00144239789297619
ENSMUSG00000032782	347.250545242712	-0.25451438801909	0.0701040288432231	-3.63052441091898	0.000282845950727625	0.00145740245629028
ENSMUSG00000025860	6577.41809213556	-0.113572870169838	0.0312834521867277	-3.6304455624633	0.000282932376077829	0.00145740245629028
ENSMUSG00000102615	152.534101532729	-0.383391499284742	0.105607415119279	-3.63034639993525	0.000283041102696126	0.00145740245629028
ENSMUSG00000027684	121.800946728698	0.455797618765396	0.125552322391439	3.63034000553443	0.000283048115171628	0.00145740245629028
ENSMUSG00000042826	1202.74137870531	0.40131411007797	0.110560102516486	3.62982758647613	0.00028361059351916	0.00145994844136266
ENSMUSG00000046219	25.3778899970035	1.07155497428344	0.29529188514539	3.62879925994529	0.000284742540627144	0.00146542396957619
ENSMUSG00000020736	2308.14240654842	-0.141141105357465	0.0388967217028537	-3.62861185155123	0.000284949288924787	0.00146613648994714
ENSMUSG00000050705	2723.27890550022	-0.129238697459994	0.0356180568420758	-3.628460082284	0.000285116823323439	0.00146664695170404
ENSMUSG00000062785	7068.89124745525	-0.363577118554417	0.100205990295589	-3.62829724532369	0.000285296677705062	0.00146722052793887
ENSMUSG00000040557	1473.89564102386	-0.203335059707288	0.0560527089893764	-3.62756882536802	0.000286102523888432	0.00147101240186565
ENSMUSG00000085526	73.968737974335	-0.550428673377832	0.151746851194686	-3.6272823392668	0.000286420045477454	0.00147229231231298
ENSMUSG00000021532	650.428097782244	0.198751984528695	0.0547977516161607	3.62700984377762	0.000286722367164645	0.00147349349618297
ENSMUSG00000057060	793.832325328678	-0.254490728762376	0.0701912554238446	-3.62567569458123	0.000288206866652586	0.00148076797500345
ENSMUSG00000038279	1191.88656752787	0.179249938475409	0.0494452888920422	3.62521774049657	0.000288718087155075	0.00148303959293392
ENSMUSG00000032398	1585.61667149708	-0.170612890672709	0.0470639460755131	-3.62512931658906	0.00028881689378967	0.00148319221102609
ENSMUSG00000072640	3008.11299187995	-0.229501245550621	0.0633115074318125	-3.62495310663386	0.000289013888772481	0.00148384887261183
ENSMUSG00000063810	287.142733308246	0.356222955033959	0.0982767891534775	3.62469061212053	0.000289307579534908	0.00148500155482935
ENSMUSG00000021696	13292.0591544709	0.1858507648317	0.0512787271713402	3.62432484353028	0.000289717284263393	0.0014865966154611
ENSMUSG00000028458	3313.43953920577	-0.124778747160203	0.0344284707742763	-3.62428955901909	0.000289756835884155	0.0014865966154611
ENSMUSG00000054690	492.318598302609	0.478189959771159	0.132022857216608	3.62202401805771	0.000292306974018893	0.00149932174534996
ENSMUSG00000049744	553.608407367552	-0.314035471350274	0.0867032767567324	-3.62195620623864	0.000292383627440584	0.0014993566523267
ENSMUSG00000086179	36.4989145455782	-0.837961564168717	0.231410031021449	-3.62111167121812	0.000293339855514879	0.00150390096452887
ENSMUSG00000025804	93.4345943391819	1.24381813498831	0.343541694648355	3.62057402162338	0.000293950136602277	0.0015065535795291
ENSMUSG00000016495	353.850325750692	-0.266729539811266	0.0736720687417372	-3.6204974879463	0.000294037105905572	0.0015065535795291
ENSMUSG00000109946	681.367687836335	-0.176886201964119	0.0488572419116579	-3.62047047772281	0.000294067804818174	0.0015065535795291
ENSMUSG00000031536	1670.04775938541	0.167467820673247	0.0462571065157685	3.62036956669911	0.000294182523460025	0.00150678168661248
ENSMUSG00000037138	4544.48385895007	-0.170684083599539	0.0471491540007796	-3.62008793618474	0.000294502911164546	0.00150806285569135
ENSMUSG00000038296	2604.42784458855	-0.215798498711561	0.0596465036193691	-3.61795722493086	0.000296937456068743	0.00151982614172656
ENSMUSG00000135076	10.6247338097634	1.50578284417021	0.416197399706879	3.61795351251763	0.000296941714264473	0.00151982614172656
ENSMUSG00000056952	2114.88141078869	0.138479387475964	0.038280885402529	3.61745518735613	0.00029751382036713	0.00152238794778163
ENSMUSG00000023015	792.03108767058	0.255806935560139	0.0707158058790362	3.6173940518717	0.000297584078491183	0.00152238794778163
ENSMUSG00000044770	459.858792807841	-0.311309141324601	0.0860691553418618	-3.61696521928324	0.000298077338465826	0.0015245480456296
ENSMUSG00000062981	2450.05030528414	-0.160574400634312	0.0443972035410484	-3.61676835086808	0.000298304040569624	0.00152534410073072
ENSMUSG00000039361	13030.2314739268	0.115179040512009	0.0318519676616182	3.61607300797308	0.000299106049708089	0.00152908084378038
ENSMUSG00000022774	2733.45129728791	-0.125026568570847	0.034576988692557	-3.61588944839956	0.000299318104159543	0.00152980057711637
ENSMUSG00000029580	62869.3667295234	0.128465914631885	0.0355426061861639	3.61442022453306	0.000301020483773917	0.0015381351356084
ENSMUSG00000039630	12737.539611415	0.154850622747685	0.0428555376658512	3.61331653227806	0.000302305284159983	0.00154433251541604
ENSMUSG00000085683	251.140686491677	-0.394264553943448	0.109119461468921	-3.61314607528319	0.00030250416915617	0.00154498084584971
ENSMUSG00000029130	278.547001755884	-0.31402571466234	0.0869137932638105	-3.61307110033932	0.00030259168685729	0.00154506021647921
ENSMUSG00000025038	225.113298090649	-0.29872230247522	0.0826867147103944	-3.61270009966508	0.000303025102289633	0.00154690531409019
ENSMUSG00000030757	255.761124315053	-0.434999349673847	0.120454111076623	-3.61132837879759	0.000304632646208292	0.00155474188861322
ENSMUSG00000001687	8524.62224241461	-0.120713565141192	0.0334272232208559	-3.61123520023274	0.000304742132960044	0.00155493097839798
ENSMUSG00000028082	3562.97461044893	0.253871339954398	0.070341425648403	3.60912986357935	0.000307225791216248	0.001567231186846
ENSMUSG00000019806	3218.2821767966	-0.14080237580973	0.039018111936994	-3.60864144418613	0.000307804680166589	0.00156981118186173
ENSMUSG00000020086	964.250799352572	-0.176711152557731	0.0489778294973488	-3.60798251721825	0.000308587278182457	0.00157342862552604
ENSMUSG00000059409	3964.85272150321	-0.109239272449194	0.0302838003801131	-3.60718506521824	0.000309536892085502	0.0015778957315382
ENSMUSG00000027985	197.170291993922	0.420154707836066	0.116510730929426	3.60614601319913	0.000310778311095249	0.00158384786941373
ENSMUSG00000011837	1723.14890207341	0.168995035760852	0.0468716019105035	3.60548880073548	0.000311565928076196	0.00158748497794532
ENSMUSG00000025076	137.738571600543	0.570889060291877	0.158359083784409	3.60502881583408	0.000312118294789092	0.00158992200188483
ENSMUSG00000027722	623.818853326287	0.22392730734565	0.0621217158017908	3.60465425746007	0.000312568755295437	0.00159183888521278
ENSMUSG00000042377	11.7597612505566	1.44204092827245	0.400120171218404	3.60401957212328	0.000313333445792844	0.0015953547787925
ENSMUSG00000041757	18567.7336161397	-0.24169876106109	0.0670777389079804	-3.60326339253416	0.000314246803087178	0.00159962577070651
ENSMUSG00000032615	1832.8224382013	-0.151319443202855	0.04199901674405	-3.60292823341614	0.000314652424263962	0.00160121062503606
ENSMUSG00000087461	6.64163787710289	2.17351075880945	0.603269887764358	3.60288289353246	0.000314707333784923	0.00160121062503606
ENSMUSG00000018363	2532.22948012217	0.160108150256663	0.044442057429948	3.60262687003261	0.000315017563123709	0.00160240924407904
ENSMUSG00000042425	1556.24438366727	-0.291236052934855	0.0808821771782679	-3.60074447913237	0.0003173073037991	0.00161367414910009
ENSMUSG00000041380	12.7699357530506	-1.27135554256338	0.353181886268628	-3.59971898897555	0.000318561256698351	0.00161966744109114
ENSMUSG00000021458	2730.29499961849	0.163118856550737	0.0453197347453013	3.59928974579113	0.000319087504282604	0.00162195888395226
ENSMUSG00000031853	365.969894873781	-0.388518735335499	0.107946472876602	-3.5991795283541	0.000319222760929385	0.00162226225996927
ENSMUSG00000021250	347.755534263162	0.697560050812873	0.193819616321947	3.59901677678579	0.000319422584554091	0.00162289353847056
ENSMUSG00000046287	118.763775630146	-0.639055229380485	0.17758892621173	-3.59850832488605	0.000320047607726554	0.00162553752049461
ENSMUSG00000078963	1622.58304123758	-0.143693839844795	0.0399319235819632	-3.5984702702802	0.000320094433016432	0.00162553752049461
ENSMUSG00000020740	4376.64184909387	0.17256975342041	0.0479578531116407	3.59836277530368	0.000320226737678978	0.001625824775548
ENSMUSG00000044134	653.986757814916	0.206783606104839	0.0574696919141777	3.59813319364299	0.000320509477880424	0.00162654123181633
ENSMUSG00000029146	4730.19650152114	0.092115014316757	0.0256016037565107	3.59801734269602	0.000320652242254897	0.00162654123181633
ENSMUSG00000034333	244.525694350849	0.548972928753221	0.152578377723836	3.59797329702149	0.000320706535831177	0.00162654123181633
ENSMUSG00000068856	1815.58746829224	0.185696281276999	0.0516118047369555	3.59794202553888	0.000320745088327141	0.00162654123181633
ENSMUSG00000020282	866.530961253271	0.282693632349871	0.0785711615547242	3.59793118436944	0.000320758454684326	0.00162654123181633
ENSMUSG00000032582	2096.40686110908	0.146800037420852	0.040801824387237	3.5978792523496	0.000320822490240862	0.00162654123181633
ENSMUSG00000112346	142.415939369549	0.379068033829002	0.10537955350318	3.59716872227556	0.000321699822722103	0.00163060410733239
ENSMUSG00000139989	313.250509657014	-0.288970171942967	0.080338095064104	-3.59692586328303	0.000322000209330502	0.00163174138184338
ENSMUSG00000025102	471.603514422604	-0.235350463086536	0.0654354965429523	-3.59667879851803	0.000322306067336531	0.00163290583937833
ENSMUSG00000007777	1153.94476116213	-0.186249753427879	0.0517995596986985	-3.59558564804865	0.0003236626175955	0.00163927790099645
ENSMUSG00000028016	675.805052644178	0.163306517025024	0.0454191617636315	3.59554229280797	0.000323716529503584	0.00163927790099645
ENSMUSG00000070304	3609.68766941867	-0.232824652021159	0.064781413744884	-3.59400387490843	0.000325634989713386	0.00164860393612914
ENSMUSG00000076617	1814.50763408326	0.401002981940106	0.111583258201129	3.59375580534939	0.00032594533546107	0.00164978603419178
ENSMUSG00000026933	5766.91114386452	0.235936183671946	0.0656557271083207	3.59353546237774	0.000326221226161405	0.00165079322036321
ENSMUSG00000074794	2048.21685924141	0.194260666440705	0.054059994364222	3.59342742679363	0.000326356576990443	0.00165108891861344
ENSMUSG00000075408	79.1571162861528	0.525043499305463	0.146174262510428	3.59190113422332	0.000328274395609134	0.00166040013575534
ENSMUSG00000033732	2673.39955113583	0.16809727822105	0.0468005572585266	3.59177941605437	0.000328427790247203	0.00166078467501683
ENSMUSG00000024002	5021.35643365687	0.223776849633537	0.0623048032857234	3.59164683671851	0.000328594948932295	0.00166123861841277
ENSMUSG00000042814	329.895775050055	-0.242556925550972	0.0675502969756098	-3.59076031358606	0.000329714742884507	0.001666507339477
ENSMUSG00000019790	4413.40326092048	0.219450289007292	0.0611263190817678	3.59011130236284	0.000330536791469464	0.00166989056275262
ENSMUSG00000039298	1944.9621353168	-0.23321626944269	0.0649607765110826	-3.59010901605991	0.000330539690726539	0.00166989056275262
ENSMUSG00000069631	1322.38173203945	-0.132473743076719	0.0369006065819735	-3.59001532352682	0.000330658522548852	0.00167009784589027
ENSMUSG00000022416	764.565518211885	-0.528661628202305	0.147289422418068	-3.58927083508919	0.000331604191729003	0.00167448025868144
ENSMUSG00000038150	3371.40196488895	0.106774087775392	0.0297504369331132	3.58899225633051	0.000331958700169026	0.00167587616599913
ENSMUSG00000106019	238.956314887287	0.307135645989032	0.0855812435399456	3.58881962080482	0.000332178567342558	0.00167659184730199
ENSMUSG00000042210	1275.17383764517	-0.199683290291152	0.0556427825694075	-3.58866471212277	0.000332375973745879	0.00167714596613669
ENSMUSG00000033276	114.085375570457	0.476525729960018	0.132788353870654	3.58861086887325	0.000332444614083277	0.00167714596613669
ENSMUSG00000033966	206.099923220286	-0.571450956132986	0.159331738381528	-3.58654817889841	0.000335084177562375	0.00169006507414332
ENSMUSG00000053801	881.018144369276	0.20782823570732	0.0579529127018303	3.58615686456699	0.000335587138722487	0.00169206127494094
ENSMUSG00000000823	1426.84721037066	-0.140116161598221	0.0390724106022962	-3.5860639115516	0.000335706716166384	0.00169206127494094
ENSMUSG00000019699	14381.9466054848	-0.156514281271311	0.043645237444137	-3.58605635887853	0.000335716433894226	0.00169206127494094
ENSMUSG00000026181	5454.41793466195	-0.147330120696769	0.0411053756287337	-3.58420567731734	0.000338105583268205	0.00170370292263739
ENSMUSG00000041846	1098.09410954592	0.162382340767626	0.0453138163449093	3.58350617682787	0.000339012743420934	0.00170787316364088
ENSMUSG00000039270	11151.0619284806	-0.21990376439024	0.0613812608015925	-3.58258793512001	0.000340207039091832	0.0017134876351819
ENSMUSG00000047153	1686.81654146226	0.157407824702193	0.0439479369554167	3.58168859807631	0.000341380561274762	0.00171899486941685
ENSMUSG00000105867	1542.20821108405	0.154540081681997	0.0431504034682303	3.58142842849147	0.000341720755578321	0.00172030434785278
ENSMUSG00000027774	4343.60108679314	-0.155384408367347	0.0433908161964041	-3.58104368592688	0.000342224421199461	0.00172243597314599
ENSMUSG00000036510	1142.88327943613	-0.271623898743708	0.0758603307713998	-3.58057888730052	0.000342833814301846	0.00172509860708003
ENSMUSG00000007036	5407.63577073675	-0.142300125746112	0.0397547760699923	-3.57944729698836	0.0003443216785275	0.00173217931831997
ENSMUSG00000032131	2786.93070662352	-0.249113358245247	0.0696020168981117	-3.57911120032508	0.000344764755194786	0.00173400192947781
ENSMUSG00000024170	703.0417227595	-0.220143982743977	0.0615188503884872	-3.57848011388027	0.000345598158591183	0.00173778638377098
ENSMUSG00000029203	5208.74187065775	0.0817093288315038	0.0228340754660543	3.57839444618526	0.000345711435240018	0.001737948868586
ENSMUSG00000039987	1183.20060967025	-0.206410549780999	0.057690018697882	-3.57792482027011	0.000346333029339759	0.00174066607534705
ENSMUSG00000031504	117.762708516837	0.426777579068425	0.119283335889968	3.57784744938808	0.00034643553723691	0.0017407736990467
ENSMUSG00000068270	363.185769082789	0.261102193134373	0.0730189675877418	3.57581326825286	0.000349140806903382	0.00175395660215025
ENSMUSG00000022200	7030.44236673886	0.0900920080097639	0.0252037429578578	3.57454875493704	0.000350832436624085	0.00176176917038563
ENSMUSG00000097080	178.23026574938	-0.313938593138611	0.0878265838687287	-3.57452811335397	0.000350860113826449	0.00176176917038563
ENSMUSG00000025531	2798.53929557008	-0.12906301456153	0.036129551945665	-3.57222848364207	0.000353956384573958	0.00177690078373821
ENSMUSG00000029334	757.984999451366	-0.259511263575443	0.0726536287853174	-3.57189679186248	0.000354405084522913	0.00177873732624944
ENSMUSG00000029433	1577.96287377754	0.167519361005883	0.0469007959840771	3.57178076599715	0.000354562165420643	0.00177910973420279
ENSMUSG00000043190	968.066383019692	-0.198332872251002	0.0555334109028005	-3.57141528004	0.000355057402021681	0.00178117835751283
ENSMUSG00000032245	1766.54688057823	-0.176230598868539	0.0493559885123036	-3.57060215346731	0.000356161517041387	0.00178629979551645
ENSMUSG00000033713	3273.46294498117	0.197623054699084	0.0553525481002814	3.57026119811239	0.000356625442714546	0.0017882087720884
ENSMUSG00000024766	571.5809325814	0.238228254322273	0.0667344856433638	3.56979231990174	0.000357264351411462	0.0017909940605788
ENSMUSG00000034732	32.6895721123639	-0.787564855284465	0.220652378534528	-3.56925613272383	0.000357996289387733	0.00179424430259096
ENSMUSG00000028555	1095.52728825387	-0.188961928134101	0.0529424839069311	-3.56919271990112	0.000358082945583553	0.00179425968951833
ENSMUSG00000026727	4260.06710915659	-0.0990053931251228	0.0277402179984648	-3.56902001024656	0.000358319059811715	0.00179502378947918
ENSMUSG00000024949	5186.97972354734	0.16518215997563	0.0463054699866335	3.56722780317986	0.000360777824951135	0.00180691945646315
ENSMUSG00000041975	501.347554245918	-0.205927990507905	0.0577364068204881	-3.56669217653549	0.000361515718551466	0.00181019277220102
ENSMUSG00000129504	1208.53477466921	-0.353749775390085	0.0991861653919365	-3.5665233552707	0.000361748583580874	0.00181093635614437
ENSMUSG00000118668	1821.08371371109	-0.124613575565961	0.0349408715341246	-3.56641291686897	0.000361900993597148	0.00181127692435449
ENSMUSG00000060038	2532.56919196616	0.108142063047079	0.03032324010789	3.56630962464134	0.000362043595907186	0.0018115682586815
ENSMUSG00000037681	190.895790084932	-0.46810461936749	0.131286548286749	-3.56551852018443	0.000363137515696715	0.00181650206471509
ENSMUSG00000019082	5527.91620992514	-0.173523050757178	0.0486675937395271	-3.5654742185506	0.000363198866195712	0.00181650206471509
ENSMUSG00000032312	5348.04596655604	-0.109926659591926	0.0308374721152068	-3.56471046593079	0.000364258063295713	0.00182137516578285
ENSMUSG00000042359	3626.98961946717	-0.249130137689057	0.0699103238516523	-3.56356720958272	0.000365848967238984	0.00182890403603913
ENSMUSG00000034460	2840.93506419937	-0.2429029526909	0.0681692315584806	-3.56323442611379	0.000366313273008423	0.00183079877029076
ENSMUSG00000038151	43.1343093945771	1.05574837525383	0.296402048003866	3.56187948890308	0.000368209400980244	0.00183984706737475
ENSMUSG00000003123	474.360076850917	0.430925370790406	0.120986278420031	3.56177061083203	0.000368362164901448	0.00184018204137177
ENSMUSG00000022148	229.463807298748	0.767262085969624	0.215425008954368	3.56162030441019	0.000368573153203944	0.00184080765627638
ENSMUSG00000026976	87.9137002431858	-0.472515090300926	0.132696073236559	-3.56088223845605	0.000369610832519798	0.00184556085854152
ENSMUSG00000027341	2686.70303735698	-0.146912738922333	0.0412618446355917	-3.56049857246588	0.00037015132367508	0.00184782984046727
ENSMUSG00000121868	47.0590169295786	-0.731062954354161	0.205638241039601	-3.55509243153551	0.000377846234839243	0.00188580499350365
ENSMUSG00000002428	1254.68135777838	-0.152668338516957	0.0429449269986152	-3.55497957935475	0.00037800844653726	0.00188617603751019
ENSMUSG00000021939	111837.897297077	0.122511646194321	0.0344660667256572	3.55455837677935	0.00037861445058369	0.00188876081715768
ENSMUSG00000034484	4591.49516065481	-0.132515286666709	0.0372918947375534	-3.55346081499219	0.00038019783338019	0.00189621902679813
ENSMUSG00000037583	15.614313113013	-1.33435669249786	0.375548026735502	-3.55309200822307	0.000380731275305907	0.00189843845661245
ENSMUSG00000029790	453.228947709063	-0.240501536591778	0.0676993995084155	-3.55249143032476	0.000381601448230901	0.00190233550574188
ENSMUSG00000011832	8618.96592046471	0.170408311954598	0.0479835441673859	3.55139068844404	0.000383201132467437	0.00190986661470768
ENSMUSG00000019301	13.5487021893375	-1.4111087358593	0.397348083145765	-3.55131632871535	0.000383309423524158	0.00190996287961225
ENSMUSG00000056201	56063.2450225889	0.0862925567933682	0.0243039477803117	3.55055720055786	0.000384416589512139	0.00191503516139883
ENSMUSG00000018659	2019.72915042712	0.15354631774419	0.0432576082533355	3.54957945998667	0.000385846999209589	0.00192171500812831
ENSMUSG00000037613	125.458364226895	0.411360366422487	0.115905004841892	3.54911651126396	0.000386526015260444	0.00192465030006511
ENSMUSG00000051306	847.653019284603	0.198072358603735	0.0558369621915515	3.54733407459091	0.000389150790951946	0.0019372706119143
ENSMUSG00000042682	8497.82076259032	0.118748209869425	0.0334764258341463	3.54721888345382	0.000389320990495407	0.00193766853280186
ENSMUSG00000031995	44.7356878210163	0.694702540713594	0.195870830958055	3.54673810957774	0.000390032104568983	0.00194075780173338
ENSMUSG00000050229	1418.21054286353	0.190103835740568	0.0536053776163654	3.5463575520552	0.000390595848756363	0.00194311251202876
ENSMUSG00000022099	17185.4501093742	-0.124150871128409	0.035020851328731	-3.54505577157562	0.000392530021678554	0.00195228207723629
ENSMUSG00000056228	632.50429454978	-0.223331118691416	0.0630111511095782	-3.54431104270793	0.000393640553370422	0.00195735189220512
ENSMUSG00000037013	1278.44471821105	0.299033135787969	0.0843973356756564	3.54315848236217	0.000395365027907238	0.00196547144257915
ENSMUSG00000141504	60.4874009578861	-0.538377104040923	0.151973219985024	-3.54257877864255	0.000396235053098211	0.00196934050701695
ENSMUSG00000021709	2165.74823373137	0.277830878727295	0.0784356509759884	3.54215047966323	0.000396878997206002	0.00197185873200573
ENSMUSG00000026289	2462.51247154674	-0.163251277497232	0.0460885840604557	-3.54211961216015	0.000396925444004321	0.00197185873200573
ENSMUSG00000001100	3539.49427554076	-0.111675160964496	0.0315285305167593	-3.54203507534656	0.000397052673826992	0.00197203440452805
ENSMUSG00000020653	638.590236924608	0.252463829092689	0.0712937436656026	3.54117789461092	0.000398344904001691	0.00197799484369658
ENSMUSG00000029196	2386.50043015875	-0.141899156550203	0.0400773305180489	-3.54063393734018	0.000399166975533576	0.00198161847752168
ENSMUSG00000110631	129.340532523742	0.872149822492879	0.246456251411966	3.53876121013879	0.000402009327649609	0.00199526756701191
ENSMUSG00000070953	1168.69801694854	-0.172279802465361	0.0486903895440013	-3.53827118819151	0.000402756178705985	0.00199851228203945
ENSMUSG00000103955	16.4725361621302	-1.09588645623223	0.309750932694016	-3.53796014979167	0.00040323091007536	0.00200040552708058
ENSMUSG00000137759	774.678017610411	-0.354574986721248	0.100263264650105	-3.53643967168466	0.000405559116649337	0.00201149075739248
ENSMUSG00000112794	6.54541506181868	1.86988911136217	0.528939929697951	3.53516345878814	0.000407522983416884	0.0020203544752649
ENSMUSG00000028412	15684.5542065994	0.0920824972886106	0.0260479591592831	3.53511370029133	0.000407599732602723	0.0020203544752649
ENSMUSG00000048040	1866.04102147543	0.192857418904164	0.0545550880876364	3.53509499598573	0.000407628586246728	0.0020203544752649
ENSMUSG00000015478	3495.40098732458	-0.117704040829842	0.0333036052795037	-3.53427323684626	0.000408898133576623	0.00202617897861398
ENSMUSG00000034118	2549.14162791123	0.151718498280353	0.0429356731704729	3.53362337369128	0.000409904730588967	0.00203069811835282
ENSMUSG00000062393	337.960465448034	-0.603682206807993	0.170844725456449	-3.53351386877836	0.000410074574483327	0.0020310707927686
ENSMUSG00000071659	9418.80355800625	0.125981655578365	0.0356634113983057	3.53251836094263	0.000411621641176857	0.00203826301026584
ENSMUSG00000033790	1478.28097779683	-0.165006003600501	0.0467138422883418	-3.53227213856654	0.000412005122512248	0.00203969141140404
ENSMUSG00000036334	273.629273450636	0.442205192350083	0.125196467313974	3.53209001689398	0.000412288984270671	0.0020406260863164
ENSMUSG00000044149	1638.14012396049	-0.219970806647415	0.0622800954616748	-3.53196001092801	0.000412491728235593	0.00204115892999199
ENSMUSG00000007888	122.550671373522	0.600055841065357	0.169896469142416	3.53189118110723	0.000412599105859114	0.00204121972951642
ENSMUSG00000021782	2305.11897853361	0.175733994028915	0.0497591851836149	3.53168954395945	0.000412913819184834	0.00204230600060407
ENSMUSG00000054520	183.955724429528	0.561031308077995	0.15890240534369	3.5306659258212	0.000414514933565243	0.00204975295183403
ENSMUSG00000030103	1543.84112806219	0.339746559278	0.0962357661085203	3.53035646741654	0.000415000119896438	0.00205167954253729
ENSMUSG00000030269	1911.35289447497	-0.131766053139469	0.0373315367440385	-3.52961770748724	0.000416160534662879	0.00205694267489601
ENSMUSG00000006599	2368.23198691057	-0.144385293672587	0.0409094140587609	-3.52939041036366	0.000416518173118671	0.00205823644202702
ENSMUSG00000026972	1281.16198501779	-0.169019538705721	0.0478913332146435	-3.52923018342786	0.000416770453101011	0.00205900910155726
ENSMUSG00000028560	893.497463723002	0.205500482072731	0.05823074274183	3.52907197120654	0.000417019700900352	0.00205976642879129
ENSMUSG00000031197	5339.60578127872	-0.114304990009299	0.0323915025283176	-3.52885729550119	0.000417358123970242	0.00206096376561887
ENSMUSG00000097885	105.308287511657	-0.454084268527999	0.128706424507398	-3.52806217922634	0.000418613811495544	0.00206668907027676
ENSMUSG00000056856	1144.98156272105	-0.265292288742542	0.0752155361691534	-3.52709429799081	0.000420147099371801	0.00207358459218885
ENSMUSG00000027940	4822.42806427744	0.217447895199132	0.061651341388837	3.52705862193136	0.000420203716389709	0.00207358459218885
ENSMUSG00000048720	833.022281464434	0.16241160189112	0.0460508206797996	3.52679060858436	0.000420629274760919	0.00207520754125899
ENSMUSG00000014349	12324.2837488986	0.0799899801775567	0.0226824594639999	3.52651264755974	0.000421071053433078	0.00207690975022851
ENSMUSG00000022489	352.155383158727	-0.327291828777569	0.092836551576284	-3.52546301236353	0.000422743206460833	0.00208467853661572
ENSMUSG00000087177	1143.81895010927	-0.140646484711371	0.0398973756269475	-3.52520642025326	0.000423152920409978	0.0020859418529438
ENSMUSG00000096910	1387.36881128133	-0.179388414900227	0.0508877193813573	-3.52518087037608	0.000423193737518412	0.0020859418529438
ENSMUSG00000078878	589.475627174382	-0.288574003128126	0.0818662726262263	-3.52494371455822	0.000423572780366618	0.00208733087772034
ENSMUSG00000052430	360.82082043904	-0.416319568061121	0.118138795077406	-3.52398691546112	0.000425105240913499	0.0020944019053131
ENSMUSG00000039989	1664.39396569621	-0.193708884032869	0.0549874883519259	-3.52278108781968	0.000427043932638253	0.00210347064204055
ENSMUSG00000036775	1396.34828692878	-0.166730510025707	0.0473455569756248	-3.52156613368273	0.00042900564448728	0.00211264858099655
ENSMUSG00000044519	5.08527334174133	2.70229334564453	0.767395175793582	3.52138432828956	0.000429299917187009	0.00211361284915971
ENSMUSG00000042203	1768.92416819917	-0.153033521365319	0.0434654344464341	-3.52080965747424	0.000430231327076429	0.002117586103304
ENSMUSG00000039976	2849.84437016064	-0.190400734541533	0.0540793689224897	-3.52076472664517	0.000430304229135006	0.002117586103304
ENSMUSG00000140686	6.12621470248239	2.27393366470676	0.645892114615825	3.52060911296199	0.000430556807685195	0.00211834344115755
ENSMUSG00000005936	6671.50241152628	0.112412274776149	0.0319309836212775	3.52047641592983	0.000430772299264289	0.0021189180055012
ENSMUSG00000017707	29056.9417194337	0.0974584270238411	0.027684231620524	3.52035875005428	0.000430963465424476	0.00211937268013787
ENSMUSG00000025509	2486.02566811039	0.160498536520865	0.045602179235809	3.51953654870147	0.000432301468902082	0.00212546571952636
ENSMUSG00000022760	1265.61028621983	0.115671963588838	0.0328664184482438	3.51945752078195	0.000432430278514599	0.00212561217279468
ENSMUSG00000047037	4103.36127541733	-0.163294936855191	0.0464027803272295	-3.51907656618084	0.00043305170893125	0.00212817948349776
ENSMUSG00000037058	11508.3889215018	0.179735793652433	0.0510788213800105	3.51879289295371	0.000433514991012819	0.00212996859626486
ENSMUSG00000028426	15519.4350512037	0.109216556429916	0.0310467294373459	3.51781196954485	0.000435120558849994	0.00213736794422745
ENSMUSG00000084887	30.9520337879111	-0.728596002114272	0.207125151503264	-3.51766068401785	0.000435368675367219	0.00213809745720264
ENSMUSG00000037885	1722.61428538393	0.197270064374735	0.0560830454178219	3.5174634848208	0.000435692291101399	0.00213919732863281
ENSMUSG00000021763	376.929980962887	0.296450994007241	0.084282763604562	3.51733831840316	0.000435897813202352	0.00213971700393361
ENSMUSG00000031555	7958.730700727	0.162492535785083	0.0462114884671156	3.51628006747096	0.000437639072330402	0.00214777327998272
ENSMUSG00000123342	384.80926490722	0.629479827659808	0.179054411505659	3.51557843432366	0.000438797125527642	0.00215296436493174
ENSMUSG00000033216	665.379573473408	-0.198157650994584	0.0563747314309813	-3.51500833732902	0.000439740182595642	0.00215686117750263
ENSMUSG00000064128	444.796926150492	-0.230139653312658	0.065474016451343	-3.51497686847555	0.000439792293577239	0.00215686117750263
ENSMUSG00000024134	22.4837263410361	1.08128106790936	0.307665845930658	3.51446571730638	0.000440639544197958	0.00216052271716614
ENSMUSG00000046111	823.136262524282	0.223603237903947	0.0636422936072854	3.5134377664596	0.000442348022948994	0.00216840435273421
ENSMUSG00000060260	743.423610962096	-0.194226879770671	0.0553090398189234	-3.51166609303925	0.000445307105924458	0.00218241149218594
ENSMUSG00000000276	2935.44254472635	-0.220019041472537	0.0626695387366764	-3.51078124887768	0.000446791897967462	0.0021891885144418
ENSMUSG00000035992	1261.72982644775	0.202070303536962	0.0575589378226308	3.5106676943839	0.000446982779620354	0.0021896239952831
ENSMUSG00000061689	5701.56308229919	0.166705056632681	0.0474888152978007	3.51040672603179	0.000447421747985819	0.00219127429666064
ENSMUSG00000028691	11626.396692607	0.14815302300968	0.0422098693067511	3.50991427935988	0.000448251176426386	0.00219483571012062
ENSMUSG00000021591	1235.81592621557	0.164428893669067	0.0468588243438085	3.50902729574763	0.000449748745117728	0.00220166626287278
ENSMUSG00000024112	2916.80697207942	-0.303915073334818	0.0866174173995019	-3.50870624476233	0.000450291952361997	0.00220382285668094
ENSMUSG00000023932	3725.42621177463	-0.159902720442885	0.0455743566111057	-3.50861169160025	0.000450452049747759	0.00220410387505935
ENSMUSG00000085282	470.193912715607	-0.265710898763012	0.0757426384364935	-3.50807556018526	0.000451360832320202	0.00220804731690644
ENSMUSG00000028064	430.889746220606	0.386384414226965	0.11015617643741	3.5076055353692	0.000452158966612624	0.00221144779615096
ENSMUSG00000114309	43.519202837531	-0.758478147877437	0.216248386127565	-3.50743957658953	0.000452441090457625	0.00221232356441079
ENSMUSG00000042808	234.670191406417	-0.328984147825282	0.0938096712265639	-3.50693210544079	0.000453304792322465	0.00221604205693328
ENSMUSG00000032482	517.312256617954	0.356699099103922	0.10174108530893	3.50594942073626	0.0004549816707896	0.00222373327531183
ENSMUSG00000024331	17.7605079768447	1.22090561796284	0.348261213329337	3.5057180393163	0.000455377347067839	0.00222516051266976
ENSMUSG00000018678	847.368748640236	0.21961664313556	0.062647213858535	3.50560910228954	0.000455563747155991	0.00222556472381668
ENSMUSG00000032109	755.275165365882	-0.234374633517669	0.0668675827614106	-3.50505616980261	0.00045651095783127	0.00222918106856199
ENSMUSG00000027890	588.336298626971	-0.205468246833514	0.0586205361550093	-3.50505574173184	0.00045651169185682	0.00222918106856199
ENSMUSG00000007815	12912.0347863311	0.12231472634121	0.0349001917762373	3.50470069406585	0.000457120881960001	0.00223164813558185
ENSMUSG00000021377	1796.69475927035	0.218960788090126	0.062495673142956	3.50361516371323	0.000458988141289561	0.00224025453408861
ENSMUSG00000034854	2239.63908087612	-0.149677810745522	0.0427311203103681	-3.50278227339629	0.000460425648203666	0.0022466650608691
ENSMUSG00000063232	231.577174432876	-0.395300302377657	0.112854820881829	-3.5027329740001	0.000460510866851023	0.0022466650608691
ENSMUSG00000001440	15100.4184734129	0.138293393904797	0.039484321502094	3.50248880172507	0.000460933158615355	0.00224821431102868
ENSMUSG00000029776	3828.00800514723	-0.0967944386517888	0.0276375104411135	-3.50228501434765	0.000461285881987634	0.00224942361261848
ENSMUSG00000006390	2731.98767049904	0.302652105516378	0.0864222117015081	3.50201758966435	0.000461749133466614	0.00225117122393694
ENSMUSG00000070639	9667.23762844853	0.179228420276287	0.0511821909345383	3.50177311685462	0.000462173005887947	0.00225272609999788
ENSMUSG00000020155	2902.91278825124	-0.3096593837245	0.0884401380708606	-3.501344417581	0.000462917170893328	0.00225584108749062
ENSMUSG00000031921	1325.56140025181	0.128057671409947	0.0365785486734902	3.50089536227977	0.000463697870012255	0.00225913265494396
ENSMUSG00000020875	1299.28652602982	0.282152733653952	0.0806022287149055	3.50055746785788	0.00046428612161295	0.00226148533844874
ENSMUSG00000040270	931.649993191296	-0.315583626405954	0.0901564583414484	-3.50039955219567	0.000464561280897212	0.00226231226309881
ENSMUSG00000037262	447.884076612487	0.24803253533849	0.0708625084507536	3.50019411902223	0.00046491946452026	0.0022635430313885
ENSMUSG00000039680	1157.71763698976	-0.206184125436675	0.0589253675114207	-3.49907237144873	0.000466879839739278	0.00227216178033903
ENSMUSG00000037375	196.133416952529	-0.370088102046678	0.105767862303172	-3.49906005461151	0.000466901407485115	0.00227216178033903
ENSMUSG00000034557	7410.26743521909	-0.183935834504191	0.0525702827149854	-3.49885572237486	0.000467259344871706	0.00227338828128197
ENSMUSG00000046658	1256.5931528528	-0.147741574022984	0.042246773645762	-3.4971090398948	0.000470329546536745	0.00228754248287207
ENSMUSG00000032657	35415.5865957923	-0.138400494899999	0.0395760220327517	-3.49707948882441	0.000470381650954873	0.00228754248287207
ENSMUSG00000029500	2094.05426965763	0.100860157589753	0.0288528895544467	3.49566920843146	0.000472874525819331	0.00229914486324751
ENSMUSG00000078866	728.214302378719	-0.265706012776066	0.0760217813135229	-3.49513005595414	0.000473830808143887	0.00230327267382624
ENSMUSG00000024430	26.4452080262804	0.824074068359051	0.235807658781695	3.49468746102923	0.000474617176527271	0.00230657285744496
ENSMUSG00000026249	5005.50544148729	0.26319848655468	0.0753235270637773	3.49424007099173	0.000475413301596093	0.00230991895248115
ENSMUSG00000029730	521.108972557661	0.311962767927294	0.0893090136865702	3.49307147229424	0.000477498688857994	0.0023195263306236
ENSMUSG00000020160	204.523063226494	-0.320891218862143	0.0918900455782275	-3.49212166391803	0.000479199922959083	0.00232726369824427
ENSMUSG00000026187	1982.74491595325	-0.129219660500032	0.037007455179409	-3.49171970549138	0.000479921585499813	0.00233024129254444
ENSMUSG00000103451	19.384157924393	-1.08190478379909	0.309880152929277	-3.49136520545738	0.000480558883948187	0.00233280800606779
ENSMUSG00000051427	1422.95419571314	-0.207190361481696	0.0593666961143293	-3.49000997263997	0.000483002522456856	0.00234414020959956
ENSMUSG00000032517	57.937037233188	2.10000784664017	0.601742976845445	3.4898751251725	0.000483246300635172	0.00234479319381433
ENSMUSG00000054942	8659.01303228439	-0.159797073909594	0.0457927036131245	-3.48957500434185	0.000483789273104119	0.00234668919333002
ENSMUSG00000020591	110.245373853445	-0.489180859937591	0.140184980436555	-3.48953831155247	0.000483855695969379	0.00234668919333002
ENSMUSG00000022214	3675.36287685835	-0.0914850232192476	0.0262301567255056	-3.48778027430883	0.000487048155134898	0.00236163896501597
ENSMUSG00000034171	1045.09890146533	-0.263481739485579	0.0755510031962896	-3.48746844302021	0.000487616463653573	0.00236386066142448
ENSMUSG00000028970	185.343989714081	0.360520687131214	0.103389922901286	3.48700025122787	0.000488470898589719	0.00236746812127499
ENSMUSG00000031796	1315.36302472755	-0.179450121192444	0.0514644043714839	-3.48687842371835	0.000488693458683487	0.0023680121408803
ENSMUSG00000033871	231.97551661901	-0.343394058535904	0.0985050781259137	-3.48605437474972	0.000490201354142003	0.00237438703779712
ENSMUSG00000021518	4762.11325070219	0.1198296225464	0.0343741526626318	3.48603858609924	0.000490230287501949	0.00237438703779712
ENSMUSG00000010914	1881.92269586267	-0.173644292317002	0.049843944691917	-3.4837590281084	0.000494424426407215	0.00239416077989111
ENSMUSG00000027230	1034.05831690974	-0.380087124742208	0.109118406705278	-3.48325398270156	0.000495358171609064	0.00239814129719444
ENSMUSG00000051864	3383.43664531352	-0.12094312827809	0.0347296131091789	-3.48242083486168	0.000496902118210633	0.00240507347677778
ENSMUSG00000036197	714.309019913665	0.195853966221459	0.0562454726450575	3.4821285520599	0.000497444823961836	0.00240715748222831
ENSMUSG00000035142	410.466671603399	-0.249614437276559	0.0716888838717167	-3.48191272894178	0.000497845915329993	0.00240855542449259
ENSMUSG00000071604	1763.85298950911	-0.166964734933417	0.0479539257244615	-3.4817740656475	0.000498103769931184	0.00240925992008625
ENSMUSG00000035448	8.09897277034187	1.80975182759511	0.519911267356605	3.48088595347522	0.000499758235024633	0.0024164672597615
ENSMUSG00000030407	832.445126379356	0.158979350413727	0.0456725212769977	3.48085338774137	0.000499818999037597	0.0024164672597615
ENSMUSG00000035681	1425.74293332634	-0.26185207194923	0.0752638947174685	-3.47911934310855	0.000503064498917152	0.00243161056828543
ENSMUSG00000020238	2488.2558492142	0.135465987674501	0.0389377623527445	3.47903884273805	0.000503215642467356	0.00243179355722744
ENSMUSG00000031012	5099.64609182447	0.159971116403369	0.0459993035147071	3.47768562087515	0.000505762731572162	0.00244355228357597
ENSMUSG00000023861	3398.21694115345	0.177673020947319	0.0510987755893146	3.47705045567613	0.000506962405409949	0.00244879725349459
ENSMUSG00000027520	160.991820736123	0.45423469709402	0.130669467862569	3.47621142508792	0.00050855119869598	0.00245591901714464
ENSMUSG00000028820	5847.06935497269	0.153259902305585	0.0440971902771638	3.47550266450769	0.000509896927279687	0.00246186402181416
ENSMUSG00000039759	376.62675134544	-0.262216105526022	0.0754485337433308	-3.47543010468644	0.000510034884270503	0.00246197634939299
ENSMUSG00000042312	5153.54646244042	0.177640147023803	0.0511462673906264	3.47317910155765	0.000514332008340065	0.00248216072190374
ENSMUSG00000034105	999.105936031032	-0.149555908113215	0.0430730147053113	-3.47214860943489	0.000516310438667265	0.00249069482628283
ENSMUSG00000051037	97.6754059978785	-0.441074652778421	0.127032611493042	-3.47213717481185	0.000516332431610854	0.00249069482628283
ENSMUSG00000070283	1531.79427333467	-0.159179246310458	0.0458459212824817	-3.47204815297893	0.000516503682873462	0.00249096114503746
ENSMUSG00000085609	5.58674907875679	1.87794149594457	0.541019242756345	3.47111774874582	0.000518296671954075	0.00249904680147488
ENSMUSG00000061410	1407.24973157547	0.15990076179041	0.0460706582088738	3.47077224435252	0.000518963971977933	0.00250170236300883
ENSMUSG00000078622	8124.29687351146	0.116324165276655	0.0335327721807527	3.46896953969775	0.000522458685976311	0.00251798342010945
ENSMUSG00000022971	421.1997476379	0.251199762498794	0.0724350049809455	3.46793325360955	0.000524477540184968	0.00252714587600685
ENSMUSG00000027185	882.864203490334	-0.152298759642464	0.0439330006401678	-3.46661410382285	0.000527057977204568	0.00253900954638089
ENSMUSG00000083307	333.56875931592	0.272871181156187	0.078734010704904	3.46573454995086	0.000528785073550229	0.00254675799614746
ENSMUSG00000042104	619.283468743455	-0.218114016508141	0.0629397437019936	-3.46544176507717	0.000529361156376967	0.00254896065114131
ENSMUSG00000036752	50733.505670057	-0.134750438012953	0.0388874683928075	-3.46513783442576	0.000529959788241407	0.00255127087113479
ENSMUSG00000139902	21.5586372619258	-0.972861496520608	0.28080719330272	-3.46451771793407	0.000531183147315418	0.00255658687001631
ENSMUSG00000031845	42.8578729444873	0.691281947984037	0.199580125463489	3.4636812978179	0.000532837396574357	0.00256397389707804
ENSMUSG00000055865	932.040990552031	-0.33563609477865	0.0969190395450262	-3.46305634428746	0.000534076544921254	0.00256936062601516
ENSMUSG00000019087	19835.3249016528	0.106748194555718	0.0308263137153762	3.46289198057669	0.000534402888462725	0.00257035456055139
ENSMUSG00000057396	276.59068770272	-0.345004730344818	0.0996362442885401	-3.46264286463575	0.000534897861483494	0.00257215893696341
ENSMUSG00000032504	11237.0831234436	0.14477322418305	0.0418119093614481	3.46248775514029	0.000535206267134327	0.00257274356871261
ENSMUSG00000050321	1080.06498575393	0.270473931726367	0.07811609097201	3.46246116978999	0.000535259143663026	0.00257274356871261
ENSMUSG00000063849	624.977295067914	-0.197925789003923	0.0571677794877753	-3.46219130386632	0.000535796164948377	0.00257423829073145
ENSMUSG00000108701	30.3049962121224	0.702066295753188	0.202781313797477	3.46218437293666	0.000535809963802671	0.00257423829073145
ENSMUSG00000033065	15698.0117343247	-0.196499820370348	0.0567596340337872	-3.46196418837686	0.000536248503741817	0.00257558660561547
ENSMUSG00000022217	3497.19812349253	-0.112303565509716	0.0324396485726593	-3.46192300012667	0.000536330575193382	0.00257558660561547
ENSMUSG00000048978	4098.67718148814	-0.202759831257443	0.0585897147010671	-3.46067278688677	0.000538827318527597	0.00258699781246106
ENSMUSG00000002274	1383.27256701009	0.29581099068751	0.085499480801136	3.45979867849185	0.000540579388137531	0.00259468431571773
ENSMUSG00000021048	1775.33888158235	-0.152246907084763	0.0440051309689142	-3.45975352720374	0.000540670033737325	0.00259468431571773
ENSMUSG00000040731	18683.8325536408	0.0917514611445057	0.0265428871529672	3.45672498307137	0.000546782563729534	0.00262343194300809
ENSMUSG00000040850	7403.63513174083	0.161728301268293	0.0467881998631045	3.45660448022121	0.000547027101995789	0.00262401871987522
ENSMUSG00000034152	7436.01750760532	-0.150607696290906	0.0435796078668004	-3.45592132795764	0.000548415360375547	0.00263009028727022
ENSMUSG00000087266	62.8657566987699	-0.633176664020806	0.183267435540822	-3.45493274433781	0.000550430108774268	0.00263871766464334
ENSMUSG00000034612	4113.95724234103	0.170057656184837	0.0492219076903986	3.45491802663327	0.000550460155700777	0.00263871766464334
ENSMUSG00000010025	5142.88610316646	0.114583404979083	0.0331743434467285	3.4539765696669	0.000552385364873151	0.00264735526732911
ENSMUSG00000045519	579.809703461067	-0.2047684654283	0.0592972092022216	-3.45325637046385	0.000553862350640059	0.00265384134349096
ENSMUSG00000121608	176.24825257525	0.456157864913133	0.132099071633562	3.45314966465849	0.000554081495715701	0.00265429890360037
ENSMUSG00000009569	1986.0490547711	0.206594639714931	0.0598483671518843	3.45196785721207	0.000556514017678158	0.00266535696195434
ENSMUSG00000024817	2153.35459495056	0.218393934716407	0.0632710208689538	3.45172136812431	0.000557022619819253	0.00266676184985406
ENSMUSG00000054967	136.141973696041	0.43526635991386	0.12610395631335	3.45164713811425	0.000557175869785395	0.00266676184985406
ENSMUSG00000032740	2207.45396063942	0.182719600535402	0.0529369603345562	3.45164511488065	0.000557180047358403	0.00266676184985406
ENSMUSG00000026977	2553.03408908936	0.220865769884209	0.0639905904896645	3.45153511155491	0.000557407226159243	0.0026672544620451
ENSMUSG00000043131	2395.09066072411	0.212602932096663	0.0616021161934205	3.45122773752001	0.000558042472245489	0.00266969906601776
ENSMUSG00000029705	3167.66844000141	0.161226727243752	0.0467511150862377	3.44861779117676	0.000563463650292	0.0026950335822567
ENSMUSG00000062604	6157.43423492332	-0.128077368912519	0.0371492615378914	-3.44764239208046	0.000565502233848057	0.00270418154417072
ENSMUSG00000135879	118.740639035131	-0.435532401808112	0.126339794003485	-3.44730973517417	0.00056619905586293	0.00270691067553534
ENSMUSG00000000282	3504.4615765825	0.197866921103364	0.0574272967190266	3.44552037807845	0.000569960990654148	0.00272385518022053
ENSMUSG00000051648	84.6993214821984	-0.501167762956765	0.145455605411105	-3.44550326225175	0.000569997087000402	0.00272385518022053
ENSMUSG00000025521	1266.88026628827	-0.143432219487401	0.0416722597017219	-3.44191125017093	0.000577619724548343	0.00275966726177492
ENSMUSG00000042079	3220.21243331478	0.129739209546464	0.0377072568885296	3.44069604240903	0.000580219939876511	0.00277147334877374
ENSMUSG00000034402	527.811698061341	-0.438246989525946	0.12738749115595	-3.44026705879178	0.000581140448242709	0.0027752526945446
ENSMUSG00000117679	3651.85141962331	-0.149288410247772	0.0433992332037526	-3.43988589722049	0.000581959481148877	0.00277854586795858
ENSMUSG00000026932	32055.4430213474	-0.192422017081353	0.055942618816261	-3.43963191486168	0.000582505830222661	0.00278053594653316
ENSMUSG00000094500	154.028277619803	-0.36354013203929	0.105713104469431	-3.4389315673197	0.000584014843716109	0.00278711930529346
ENSMUSG00000019889	824.961683094999	-0.230700993206865	0.0670903728253967	-3.43866017568969	0.000584600579228414	0.00278929451738545
ENSMUSG00000020109	3072.41622068072	0.113089692315551	0.0328945142991668	3.43794990517356	0.000586136122137809	0.00279599955506893
ENSMUSG00000085741	233.024242005636	-0.294792422327776	0.085785842196014	-3.43637615230493	0.00058955182513802	0.00281166840222456
ENSMUSG00000042992	1614.83761289063	-0.148733129570999	0.0432988381047668	-3.43503743012968	0.000592471988947804	0.00282496750660897
ENSMUSG00000128878	27.4387378803949	0.911169858396634	0.265280006243651	3.43474757596226	0.000593106020446656	0.00282733555380725
ENSMUSG00000045160	1026.67231233434	-0.191857642673645	0.0558596846395426	-3.43463526354802	0.000593351864095124	0.00282733555380725
ENSMUSG00000104178	160.405592273342	-0.441501169792443	0.128544219183175	-3.43462485203871	0.000593374658929953	0.00282733555380725
ENSMUSG00000037364	3623.98777157092	0.191109580052728	0.0556432837532088	3.43454891879395	0.000593540930927704	0.00282733555380725
ENSMUSG00000033106	649.069232401065	0.156254158364794	0.0454953340232076	3.43450953201238	0.000593627193748685	0.00282733555380725
ENSMUSG00000025464	436.733808410698	-0.242623323487488	0.0706545010178561	-3.43394008863173	0.000594875662907466	0.00283265327860951
ENSMUSG00000134665	3.23617393538726	3.83045358675603	1.1159264190988	3.43253239747601	0.00059797243451131	0.00284676785966285
ENSMUSG00000026942	645.950389106614	0.167741318140519	0.0488700870395669	3.43239245726551	0.000598281106763364	0.0028476058176901
ENSMUSG00000082100	21.3704810829884	1.00065667284149	0.291559341008661	3.43208579556971	0.000598958042557779	0.00285019581945141
ENSMUSG00000028854	3032.4292985498	-0.218970634942335	0.0638021680457493	-3.43202498675785	0.000599092358732603	0.00285020314108024
ENSMUSG00000032023	1348.38063032222	-0.208553208403602	0.0608085682218818	-3.42966812904755	0.000604319902999758	0.00287443630352156
ENSMUSG00000052776	161.47426788436	0.714778462035772	0.208416364918093	3.42956975723417	0.000604539013286774	0.00287484148409701
ENSMUSG00000045345	41.7850170116477	-0.716227287413367	0.208892346744512	-3.4286908954561	0.00060649984599144	0.00288352728550437
ENSMUSG00000049907	577.699377968875	-0.336191476943338	0.0980630943527357	-3.42831805545568	0.000607333477854594	0.00288685129221141
ENSMUSG00000044477	10801.5062431187	0.0797217291014998	0.0232562418134035	3.42797128362988	0.000608109780960013	0.00288990138545221
ENSMUSG00000064310	6.84674357472465	1.69222795998576	0.493789681726767	3.42702171108171	0.000610240277064479	0.00289938419377293
ENSMUSG00000016940	4971.27395125751	-0.124223905376372	0.0362553608341816	-3.42635964773667	0.00061172981442599	0.00290581814482591
ENSMUSG00000001018	4712.81623994773	-0.103994041468044	0.0303521585809535	-3.42624862052817	0.000611979939031302	0.0029063631352314
ENSMUSG00000091896	6360.18511828066	0.10043047553703	0.0293154522499861	3.42585455208448	0.000612868473880165	0.00290993909761372
ENSMUSG00000019785	668.247768849651	0.249849897972433	0.072940862936746	3.42537622826182	0.000613948598372737	0.00291442295724661
ENSMUSG00000019429	4.10873449718251	2.59008249811317	0.756165913701935	3.42528332893636	0.000614158583828275	0.00291477518471319
ENSMUSG00000028517	4598.13805263935	0.362952116968046	0.106003050382787	3.42397804268265	0.000617116069254298	0.00292816391304438
ENSMUSG00000020700	1244.49433412576	0.231163585045743	0.0675258779660971	3.42333327619678	0.000618581849966242	0.0029344702743371
ENSMUSG00000074922	603.532442577688	0.214222176888243	0.0625806108481297	3.42313975502918	0.00061902242321714	0.00293591147520529
ENSMUSG00000033177	149.800488099933	-0.432656596240881	0.126448292670803	-3.42160884186286	0.000622518028168538	0.00295183830189217
ENSMUSG00000035382	1429.36516629242	-0.139785106074864	0.040854616544192	-3.42152534765954	0.000622709201487492	0.00295209269415426
ENSMUSG00000095115	1637.56321962682	0.334488096054106	0.097764497947813	3.42136566008509	0.000623074983849183	0.00295317456465148
ENSMUSG00000047842	2559.71750338897	-0.315294085869354	0.0921574902304175	-3.42125295601082	0.000623333265539743	0.00295374655145168
ENSMUSG00000116775	200.662033207447	0.388415429075654	0.113539686758035	3.42096618518429	0.000623990901810806	0.00295621026225354
ENSMUSG00000024381	8855.64129099828	0.128332577756642	0.037514346204576	3.42089335788526	0.000624158015532585	0.00295634950605085
ENSMUSG00000085881	73.7900216754922	-0.513021082273172	0.14998504636672	-3.42048153933168	0.000625103781871793	0.00296017599418926
ENSMUSG00000026174	1575.78233385437	0.142985382270187	0.0418078476992314	3.4200608292212	0.000626071344873748	0.00296410398964708
ENSMUSG00000029767	9426.60626142285	0.187818745159972	0.0549222780951618	3.41971876757453	0.000626859056318651	0.00296717894221305
ENSMUSG00000022897	3446.45826280759	0.152499469934938	0.044600557498047	3.41922788614505	0.000627991086282172	0.00297188197930624
ENSMUSG00000062257	4341.77859215731	-0.256088406129238	0.0749059924759648	-3.41879731733625	0.000628985593712004	0.00297593228005772
ENSMUSG00000048647	188.38751828967	-0.3347413547583	0.0979143980773333	-3.41871431915375	0.000629177467339829	0.00297618411501031
ENSMUSG00000029993	2809.20160364754	-0.109018051638105	0.0318892497971422	-3.4186458550014	0.000629335782454645	0.00297627713288641
ENSMUSG00000045284	963.074640023125	-0.23141563244486	0.067695471507576	-3.41848025120797	0.000629718874548208	0.0029774328989101
ENSMUSG00000058301	3476.83125100688	0.166379204062082	0.0486807765693026	3.41775985897067	0.00063138788742607	0.00298466689968906
ENSMUSG00000031967	1631.85580050156	0.140000668004684	0.0409703535930297	3.4171213017918	0.000632870743476383	0.00299101791709909
ENSMUSG00000094626	23.4456547420118	0.970961317212321	0.284153828668643	3.4170270439839	0.000633089902947663	0.00299139508181258
ENSMUSG00000038187	2921.91810584309	0.141112342521535	0.0413009215699499	3.41668750133186	0.00063387996124576	0.00299446902467022
ENSMUSG00000035062	1026.26196981606	-0.131956539391107	0.0386306566345027	-3.41585028283601	0.000635831947547335	0.00300302939187043
ENSMUSG00000033392	12969.2981755242	-0.17088518163449	0.050046368138893	-3.41453711806288	0.000638904875285487	0.00301687902615008
ENSMUSG00000001376	3800.41250702573	-0.137089320145853	0.040150657012903	-3.41437302263316	0.000639289843346233	0.00301733894608475
ENSMUSG00000007476	1386.8417242668	0.217699758351294	0.063760284333212	3.41434735788807	0.000639350072374667	0.00301733894608475
ENSMUSG00000032500	2929.37911088978	0.163258770052878	0.0478159537998613	3.41431587323793	0.000639423966539622	0.00301733894608475
ENSMUSG00000103492	39.9214325252847	-0.67182147696021	0.196792176445908	-3.41386273119894	0.000640488366778921	0.00302169742445633
ENSMUSG00000022749	1481.70173150156	-0.142365499189394	0.0417047567913236	-3.41365134681741	0.000640985458011141	0.00302337812385567
ENSMUSG00000022472	2849.55871906524	0.146819047674491	0.043015260849336	3.41318510629832	0.000642083137488478	0.00302789029642524
ENSMUSG00000085830	24.7802201006653	-1.04048834219039	0.304898330002092	-3.41257474969854	0.000643522755037471	0.00303401262017008
ENSMUSG00000036398	4416.12874284372	0.128720423353876	0.0377304051437083	3.41158338649169	0.000645867433490539	0.00304439840301008
ENSMUSG00000130594	5.18020119792179	2.06909702744822	0.606545384892905	3.41128146216718	0.000646583093193488	0.00304710267365344
ENSMUSG00000043962	5230.06563886195	0.125146451636242	0.0366871638152571	3.41117815120385	0.000646828143380735	0.00304758843850107
ENSMUSG00000022221	30.598628063033	1.06045460705501	0.311006574053619	3.40974981085827	0.000650224983829745	0.00306292067212844
ENSMUSG00000024570	1249.65411799954	-0.14997590126268	0.0439946754839689	-3.40895573413944	0.000652120603603759	0.00307117614676575
ENSMUSG00000025938	2512.24021946069	-0.33250382161525	0.0975414460875193	-3.40884654628669	0.000652381658380617	0.00307173166896212
ENSMUSG00000006517	3549.81259940834	0.294751647189123	0.0865144687547579	3.40696361466027	0.000656898833900541	0.00309232244923443
ENSMUSG00000027655	1078.70026203767	-0.182773796813536	0.0536540106682059	-3.40652626965394	0.000657952183891714	0.00309603482476735
ENSMUSG00000031314	4308.36403549535	0.141482979298044	0.0415330389129452	3.40651642646707	0.000657975909372434	0.00309603482476735
ENSMUSG00000027004	2033.76797288711	-0.300264803662533	0.0881583232486612	-3.40597226214931	0.000659288771740799	0.00310153249489108
ENSMUSG00000029426	13269.5657200338	0.120263987935033	0.0353163587605746	3.40533373642387	0.000660832398392874	0.00310811311654282
ENSMUSG00000053646	999.957401711673	0.315665221865308	0.0927002750998298	3.40522421886413	0.000661097492894745	0.00310867881324832
ENSMUSG00000014846	98436.8741050285	-0.108782743273518	0.0319491409950885	-3.40487224023459	0.000661950150205145	0.00311200655372397
ENSMUSG00000052302	3156.71714994715	-0.229964800560097	0.0675483141323575	-3.40444914893794	0.000662976429052437	0.00311614889994299
ENSMUSG00000007030	4700.85123825058	-0.198603443412999	0.0583546435195921	-3.40338714169884	0.000665559026856399	0.00312760290510058
ENSMUSG00000055322	26656.5458581296	-0.160269350201151	0.0470992163420232	-3.40280290519727	0.000666983763233133	0.00313361205111894
ENSMUSG00000030787	425.317315676672	0.588006713472951	0.172827953962758	3.40226624218242	0.000668294983724605	0.00313908536556507
ENSMUSG00000057173	14.2913508456184	-1.22626974842111	0.360460941506184	-3.40194902476021	0.000669071162759827	0.00314204366217512
ENSMUSG00000021120	672.377904079339	-0.184937210122613	0.0543650836727229	-3.40176447140102	0.000669523120149827	0.00314347841144711
ENSMUSG00000058975	4245.01449789234	-0.282467388099552	0.0830470363302614	-3.40129402061063	0.000670676503310835	0.00314820507764496
ENSMUSG00000051278	116.658802117058	-0.367619593499864	0.108087412479327	-3.4011323341668	0.000671073329084283	0.00314937911721102
ENSMUSG00000049957	2076.86294026262	-0.10338255123621	0.0304038883914555	-3.40030689184031	0.000673102609794137	0.00315821215777944
ENSMUSG00000040659	3409.03129960256	0.189022691942631	0.0556008774868008	3.39963505049904	0.000674758485103572	0.00316528969432546
ENSMUSG00000025646	803.703170822158	0.144745430520002	0.0425800129789557	3.39937497415841	0.0006754005067353	0.00316760919326632
ENSMUSG00000035649	372.7014336319	0.298801763076921	0.0879081174490116	3.39902356855989	0.000676268884858072	0.00317098905250401
ENSMUSG00000041935	5237.46619975978	-0.166264889451669	0.0489176625185193	-3.39887232732603	0.00067664294496463	0.00317205011063786
ENSMUSG00000003923	1250.70130924071	-0.133167057186624	0.0391866420273248	-3.39827681825268	0.000678117668981456	0.00317826940662793
ENSMUSG00000029413	2827.10394648837	-0.157482008137359	0.0463495185109259	-3.39770537422597	0.000679535606810775	0.00318421989430258
ENSMUSG00000033510	2171.5335774591	-0.176295688645001	0.051892848869144	-3.39730218106849	0.000680537717540495	0.00318821969548762
ENSMUSG00000009216	164.769871221677	-0.374357977104491	0.110211231924184	-3.39673162679116	0.000681958141190573	0.00319417705843265
ENSMUSG00000123843	12.6188497768969	-1.29757496311341	0.38208516154495	-3.39603599853683	0.000683693671045404	0.00320160740459438
ENSMUSG00000035933	3155.28849779166	-0.156286067146886	0.0460485552829	-3.39394072597371	0.000688946025840785	0.00322479933948176
ENSMUSG00000018809	718.778606300927	-0.164155240553176	0.0483671539036048	-3.39394045968335	0.000688946695745055	0.00322479933948176
ENSMUSG00000031772	1736.74323012991	-0.336112746671645	0.0990487657366459	-3.3934067140757	0.000690290652278444	0.0032303856860277
ENSMUSG00000078868	93.7911870199543	-0.590503283261911	0.174027609583365	-3.39315861819639	0.000690916179975454	0.00323260826489823
ENSMUSG00000028179	25.6458768439202	0.831698122806954	0.245143698552086	3.39269631534193	0.000692083196541995	0.00323736280169328
ENSMUSG00000125385	21.7273206831862	-0.991747307810532	0.292415379535991	-3.39157027029239	0.000694933404275847	0.00324998702749136
ENSMUSG00000004633	1821.240504842	-0.231329895018405	0.0682348243521543	-3.39020283579145	0.000698409275966133	0.0032655311517946
ENSMUSG00000026203	7337.99237482491	0.0699271348662538	0.0206357144842964	3.38864617067017	0.000702385813777236	0.00328340894567556
ENSMUSG00000025329	20.9296633923761	1.00768486430404	0.297381686278886	3.38852360719695	0.000702699796889751	0.00328416151535715
ENSMUSG00000029833	1578.14419055134	0.155963609170448	0.0460358840942157	3.38787040238561	0.000704375378087633	0.00329127598302767
ENSMUSG00000054619	2421.75140650189	-0.241486672192841	0.0712852341831992	-3.38761140311658	0.000705040782492174	0.00329366821261741
ENSMUSG00000033400	7825.81432053121	-0.223553887776647	0.0659930015685735	-3.38753932179235	0.000705226073109168	0.00329381698985235
ENSMUSG00000033453	1324.92345902418	-0.219628020547159	0.0648373549683302	-3.38736860339901	0.000705665098452522	0.00329515053369194
ENSMUSG00000023349	52.8902550617213	1.32844919195643	0.392211600240407	3.38707266980925	0.000706426733281892	0.00329798961649176
ENSMUSG00000039496	607.5000866798	-0.188081637992986	0.0555456591297445	-3.38607266417817	0.000709006071287922	0.0033093116604189
ENSMUSG00000063626	330.867518254012	0.324348116497045	0.0957996486322169	3.38569213069085	0.000709989886775654	0.00331318324120135
ENSMUSG00000031290	411.477776677472	-0.211646595977107	0.0625306776192345	-3.38468419078837	0.000712601905747184	0.00332464953461618
ENSMUSG00000041771	93.3523438872207	-0.635657465832884	0.187812737993785	-3.38452797516811	0.00071300752787339	0.00332581912067149
ENSMUSG00000004655	18112.0017781735	-0.202142327205491	0.0597326614583001	-3.38411720272348	0.00071407514419471	0.00333007539545593
ENSMUSG00000024347	91.4021611054064	0.497132840317642	0.146921263073636	3.38366843517049	0.000715243209137215	0.00333479815971752
ENSMUSG00000032232	7617.83337280545	-0.191582081664251	0.056633135164455	-3.38286201369433	0.000717346648233457	0.0033438790773028
ENSMUSG00000059248	3834.46783558679	0.2480405203734	0.0733247427681934	3.3827670034595	0.000717594847409091	0.00334430981208935
ENSMUSG00000032440	2999.65285789463	0.432848865369413	0.127964466163991	3.38257078972769	0.000718107677223638	0.00334587428239895
ENSMUSG00000048572	51.3682285573912	1.32167587857932	0.39073712711104	3.38251931253956	0.000718242275845261	0.00334587428239895
ENSMUSG00000021893	3484.55281303348	-0.0921764950132714	0.0272529987102584	-3.38225147233339	0.000718942982297155	0.0033484118155762
ENSMUSG00000117713	86.3447838707904	-0.472418339500536	0.139695775944803	-3.38176538485458	0.000720216275796017	0.00335361444170006
ENSMUSG00000043013	158.546591679172	-0.476443744953227	0.140939851852723	-3.38047570428195	0.0007236047209192	0.00336866166541999
ENSMUSG00000111192	299.984311068955	-0.378625233746109	0.112031726497803	-3.37962508998318	0.00072584768313711	0.00337837085130555
ENSMUSG00000044312	31.583359690943	-0.72624019391329	0.214921293448935	-3.37909837717334	0.000727239794209016	0.00338411650173222
ENSMUSG00000021493	5350.43737769453	0.122990743997939	0.0363982129155911	3.37903248940159	0.000727414111158957	0.00338419404207589
ENSMUSG00000057554	9901.6660802742	0.133189512303271	0.0394316982006962	3.37772701610196	0.000730875969181362	0.00339956306705246
ENSMUSG00000032265	352.728130965544	0.524697478740179	0.155440810420973	3.37554518224118	0.000736695944727906	0.00342589149686508
ENSMUSG00000015961	5466.49065922088	0.0898891331741064	0.0266406872401138	3.37412966729917	0.000740494779396038	0.00344281155176854
ENSMUSG00000097805	27.3443606993404	-0.861065470944879	0.25520516015078	-3.37401277637233	0.000740809292857517	0.00344352799490677
ENSMUSG00000026227	25.2148390406974	-0.81342997967555	0.241220335086834	-3.37214513603396	0.000745851331007241	0.00346621447746297
ENSMUSG00000037032	16259.7948340221	-0.141823790125006	0.0420602223671577	-3.37192202378245	0.000746455789939251	0.00346764646672495
ENSMUSG00000030271	453.548693726546	-0.211128258094658	0.0626138074139829	-3.3719121518796	0.000746482545548122	0.00346764646672495
ENSMUSG00000042747	1779.21361271527	0.186079874889739	0.0551995765838442	3.37103808408923	0.000748855046559456	0.00347791484843039
ENSMUSG00000003531	2725.54759893297	-0.169182410552382	0.0501881118212186	-3.3709658405769	0.000749051451655283	0.00347807451032496
ENSMUSG00000008976	1678.57891096918	0.174903367534343	0.0518976439192885	3.37016007521177	0.000751245293318003	0.00348750680500957
ENSMUSG00000045083	1020.00935867069	-0.232927986164018	0.0691259427992481	-3.36961749426659	0.000752725928015687	0.00349362481530481
ENSMUSG00000031517	2785.96699531572	-0.184970339359596	0.0549022523072738	-3.36908472032012	0.000754182437117413	0.00349962823068793
ENSMUSG00000037685	15001.1509945191	-0.213037455645198	0.0632382187535122	-3.3688086072691	0.000754938310239716	0.00350237859684585
ENSMUSG00000106847	13207.2041008451	-0.157273430618703	0.0466881546534873	-3.36859384968122	0.000755526706043219	0.00350435096627566
ENSMUSG00000045034	177.67747186616	-0.460094837480394	0.136612391470943	-3.36788509831668	0.000757471575907674	0.00351261284260837
ENSMUSG00000042567	6.6941063857689	3.02332305932268	0.897926827574413	3.36700382089	0.000759896354853357	0.00352309614541731
ENSMUSG00000022141	2186.97229650209	0.210402617195983	0.0624983047871147	3.36653318698273	0.000761194224501439	0.00352835137619259
ENSMUSG00000020657	3850.43316157958	-0.164239198255844	0.0487867932457097	-3.36646840936379	0.000761373023144421	0.00352841824585884
ENSMUSG00000015880	67.8528439575213	0.574187023268171	0.170565363115898	3.36637528733201	0.000761630126123684	0.00352884789280617
ENSMUSG00000006386	506.827622188263	0.437610995734774	0.130043941275581	3.36510099157497	0.000765156470306541	0.00354442140517916
ENSMUSG00000072941	1505.66238655463	0.346657674943624	0.103054205744189	3.36383820961303	0.000768665901456339	0.00355990986853544
ENSMUSG00000024818	237.825811600826	0.309652721245865	0.0920554432963788	3.36376329478874	0.000768874568099652	0.00356010817058394
ENSMUSG00000038729	13.2978298797549	1.36449848923369	0.405687653711115	3.36342128421125	0.000769827867572499	0.00356375350556637
ENSMUSG00000050926	5.4479796301809	2.04207757363125	0.607374923346206	3.3621367875724	0.00077341800374828	0.00357960130842186
ENSMUSG00000062116	1247.39409720945	0.176734644541285	0.0525678156563194	3.36203135577765	0.000773713372188565	0.00358019643186026
ENSMUSG00000026826	442.005052924873	0.421506676678202	0.125412424979089	3.36096424854621	0.000776708785262967	0.00359328249664975
ENSMUSG00000097777	47.4231986065507	-0.665254042782098	0.197939700214795	-3.3608924438109	0.000776910730120946	0.00359344230398109
ENSMUSG00000032735	3609.04773182571	-0.200535036111122	0.0596701820575792	-3.3607243885667	0.00077738356209609	0.00359485470572052
ENSMUSG00000098739	71.528244838476	-0.520558702118296	0.154905764502053	-3.36048631754693	0.000778053844292731	0.00359656815500663
ENSMUSG00000116290	6.45385692626285	1.91604225366037	0.570170275127181	3.36047376940683	0.000778089188104481	0.00359656815500663
ENSMUSG00000030534	1217.60946660304	-0.167142500160377	0.0497422272655534	-3.36017322401089	0.000778936166997265	0.00359970802169285
ENSMUSG00000023452	1278.4887890599	0.192279873062607	0.0572276969219611	3.35990933419548	0.000779680550905705	0.0036023725152264
ENSMUSG00000050855	245.082050515255	-0.303253634014178	0.0902667259429047	-3.35952845133645	0.000780756114783533	0.00360656568968008
ENSMUSG00000133486	80.0212549274524	-0.490486427418808	0.146025691237611	-3.35890502049188	0.000782519575365999	0.00361393399414943
ENSMUSG00000026219	11284.8739946757	0.189028644670308	0.0562814412867807	3.35863191042172	0.000783293269064859	0.00361668275853004
ENSMUSG00000021770	3798.17727370676	0.151323200489531	0.0450557617990899	3.35857600553517	0.000783451729580018	0.00361668275853004
ENSMUSG00000040354	2002.17659431738	0.121665258215968	0.0362321374300043	3.35793764447402	0.000785263253472068	0.0036242659641005
ENSMUSG00000113666	10.1412895570561	-1.47786018545978	0.440181027818249	-3.35739182759597	0.000786815240504575	0.00363064831312795
ENSMUSG00000062961	90.4038121303068	-0.47919710294122	0.142760117817428	-3.35665948072453	0.00078890208377096	0.00363949540731301
ENSMUSG00000047897	34.1676883896185	0.721856365785549	0.215068436848112	3.35640308900997	0.00078963389253706	0.0036420887703482
ENSMUSG00000025169	676.302051745014	0.189667188754158	0.0565130000087575	3.35616917744176	0.000790302086687717	0.00364438766763448
ENSMUSG00000015189	2304.98240913968	-0.107777324000415	0.0321254533820071	-3.35488880791263	0.00079396891089076	0.00366051044698906
ENSMUSG00000022515	1124.94172368038	0.175428047015473	0.0522964798373368	3.35449054240601	0.000795112711050029	0.00366499666210005
ENSMUSG00000023938	1263.05015594237	-0.166789156193862	0.0497302794478298	-3.3538753058654	0.000796882648270831	0.00367236645079039
ENSMUSG00000007021	12491.5917057812	-0.12043971672446	0.0359144121049824	-3.35352048565906	0.000797905071079417	0.00367628895810062
ENSMUSG00000038210	86.9155714904451	1.64186637088744	0.489843691450806	3.3518169153605	0.000802830925181583	0.00369819069526778
ENSMUSG00000025196	293.602607114383	-0.32625653369503	0.0973407678393625	-3.35169467980197	0.000803185450746963	0.00369903001195759
ENSMUSG00000048550	1222.29468239908	-0.194448336360982	0.0580200839043351	-3.35139702110036	0.000804049372070388	0.00370221446178956
ENSMUSG00000067297	119.929787240233	0.365099074222331	0.108961951176057	3.35070242668852	0.000806068710246458	0.00371071647740735
ENSMUSG00000035580	275.081138904414	-0.367919501978666	0.10981231264539	-3.35043942810644	0.000806834532292512	0.00371344555535829
ENSMUSG00000021408	432.764261385745	0.3559920206275	0.106258487531293	3.35024550883675	0.000807399635595269	0.00371524985588168
ENSMUSG00000031644	4451.44944971706	-0.163441354376802	0.048786190510606	-3.35015611315809	0.000807660268660188	0.00371565266332182
ENSMUSG00000022525	543.929348694661	-0.214939636541152	0.0641694067764014	-3.34956558489172	0.00080938391574654	0.00372278447298377
ENSMUSG00000021428	644.633058659317	0.19954006650182	0.059580209084165	3.34909980292186	0.000810745857772278	0.0037279905297836
ENSMUSG00000031425	22024.1641118122	0.235742527345575	0.0703906607133107	3.34905973259314	0.000810863122312478	0.0037279905297836
ENSMUSG00000051401	2089.57642147574	-0.289940766527268	0.0866087800757736	-3.34770639043293	0.000814832889101125	0.00374543957118731
ENSMUSG00000023832	10910.736335044	0.13313561911365	0.0397771715144566	3.34703585108517	0.000816806459946276	0.00375370744363236
ENSMUSG00000115811	8.4343375981619	-1.55364448622149	0.464235288551318	-3.34667468100013	0.000817871313854052	0.00375779658030631
ENSMUSG00000031431	8401.91005997206	-0.27727836293195	0.082867679737822	-3.34603748782646	0.000819753120247298	0.00376563673854665
ENSMUSG00000000126	1110.56077963605	0.300052697681492	0.089689188900092	3.34547230676522	0.00082142561605905	0.00377251225381334
ENSMUSG00000037740	2016.46639746913	-0.200360942113942	0.0598920767131597	-3.34536641755683	0.000821739317566429	0.00377314570927935
ENSMUSG00000057572	996.152438257497	-0.13912666525782	0.0415902016711064	-3.34517890434934	0.000822295106516554	0.00377489023876911
ENSMUSG00000034981	36516.293368514	-0.230562175244832	0.0689282213333946	-3.34496046444663	0.000822943001928352	0.00377705676275262
ENSMUSG00000024043	7541.04373573679	-0.186293213606067	0.0557021333617434	-3.3444538361975	0.000824447490910508	0.00378315302263467
ENSMUSG00000018238	58.1820290804513	0.55105766861045	0.164779331881699	3.34421594211872	0.000825154823905669	0.00378558953835416
ENSMUSG00000036291	1275.93300987491	-0.192119107557823	0.0574612609881452	-3.34345442919289	0.000827422825673421	0.00379518341365505
ENSMUSG00000038020	103.527103624866	-0.543629531858011	0.162669088161843	-3.34193507814553	0.000831965173850437	0.0038152028245831
ENSMUSG00000068327	5054.21123350416	-0.125180038511326	0.0374683222792139	-3.34095659737537	0.000834902736021337	0.00382732456365373
ENSMUSG00000056537	4360.61792799612	0.151331396027662	0.0452961093777412	3.34093585755132	0.000834965104425157	0.00382732456365373
ENSMUSG00000045411	1116.07810890797	0.188052944285036	0.0562956119170558	3.34045475093346	0.000836413092548381	0.00383314334855754
ENSMUSG00000027259	957.631681378852	-0.164935644286965	0.0493782516131333	-3.34024877144691	0.000837033741473462	0.00383516889956656
ENSMUSG00000000120	44427.4420474014	-0.12460233364286	0.0373046315974193	-3.34013038883567	0.000837390640378948	0.0038359853790812
ENSMUSG00000019872	2708.12183489398	-0.206322369324729	0.0617762394700398	-3.33983374667523	0.000838285574781625	0.00383926565996637
ENSMUSG00000125686	22.2706074696501	0.83639856150326	0.250471582799153	3.33929522924741	0.000839912485814624	0.00384589620744384
ENSMUSG00000052533	823.623657720681	0.194952877561856	0.0583877592508704	3.33893405164284	0.000841005277092425	0.00385007875411943
ENSMUSG00000093973	94.6884770778296	-0.464450336136797	0.139159289379272	-3.33754460955143	0.000845221527152372	0.00386855550146116
ENSMUSG00000045231	121.199482227751	-0.355744316496322	0.106595410416705	-3.33733239644784	0.000845867209099167	0.00387018098841864
ENSMUSG00000031422	13322.0829138853	0.09468170765156	0.0283706713394723	3.33730938258866	0.000845937258812087	0.00387018098841864
ENSMUSG00000020331	8766.45685499595	-0.186061387910018	0.0557535280889093	-3.33721280585703	0.000846231278274423	0.00387070117610031
ENSMUSG00000025979	6456.18875901725	0.0894343292791547	0.0268031805940259	3.33670584225696	0.000847776240092698	0.00387643348076789
ENSMUSG00000136128	34.6198476347668	-0.657491141284792	0.197052364767536	-3.33663157029574	0.000848002802040764	0.00387643348076789
ENSMUSG00000054383	195.151188847893	-0.462361544588024	0.138571670312014	-3.3366238824065	0.000848026256670362	0.00387643348076789
ENSMUSG00000034930	3975.23664324413	-0.161574273425335	0.0484311503918287	-3.33616426861905	0.000849429565036173	0.00388126121487102
ENSMUSG00000073725	9015.66444321855	0.120066395644905	0.0359894046427635	3.33615954019532	0.000849444013205258	0.00388126121487102
ENSMUSG00000032640	1136.23279593772	0.177747312336276	0.0532984294189576	3.33494465548085	0.000853163775762087	0.00389739182924223
ENSMUSG00000031820	3989.57217288562	-0.0973850785534863	0.029201903319244	-3.33488805468751	0.000853337445142947	0.00389739182924223
ENSMUSG00000026276	4364.62640725735	0.197129501088609	0.0591188560488768	3.33446068248734	0.00085464981879904	0.00390255541594133
ENSMUSG00000058388	4381.15326066068	-0.146516714461246	0.0439430272956987	-3.33424262000237	0.000855320165558096	0.00390478576645472
ENSMUSG00000067889	13270.2109526031	0.209745298604858	0.0629161240176444	3.33372886330436	0.000856901435206106	0.00391117291263752
ENSMUSG00000030421	2034.36582222274	0.156847525165831	0.0470537463629992	3.3333695463018	0.000858008972133817	0.00391539553482664
ENSMUSG00000002949	1538.03784769034	-0.139465636422663	0.0418426976949952	-3.33309380382862	0.000858859804071029	0.00391844517623564
ENSMUSG00000085517	113.46551867638	-0.403252047518422	0.121005408425017	-3.33251259399951	0.00086065575033858	0.00392580457644878
ENSMUSG00000033628	4391.73632292344	-0.160267312753658	0.048103718230309	-3.33170321650265	0.000863162539728415	0.00393607116266577
ENSMUSG00000036840	1707.17633170678	0.165549930219205	0.0496898111081062	3.33166752956721	0.000863273224346894	0.00393607116266577
ENSMUSG00000058672	43117.9895390282	0.132230158212922	0.0397030484305053	3.33047872745522	0.00086696787719673	0.00395207739475579
ENSMUSG00000042284	663.676684073485	0.367141131067452	0.110241832841135	3.3303249919341	0.000867446737730313	0.00395342073718023
ENSMUSG00000025321	6031.02424377955	0.289492538773022	0.0869340854108911	3.33002340111758	0.00086838685541268	0.00395686525966644
ENSMUSG00000099343	26.7805467182067	-0.909184993924538	0.273043647186471	-3.32981559282947	0.000869035184215382	0.00395897904591837
ENSMUSG00000029101	1399.73929764646	0.187867634881762	0.0564229412197405	3.32963207554365	0.000869608102099775	0.00396074846587604
ENSMUSG00000010057	1071.23395583994	-0.129927679175322	0.0390330479239994	-3.32865830586181	0.000872653952088804	0.00397377805166276
ENSMUSG00000110110	39.0896764626991	-0.650649402541069	0.195497510122444	-3.32817232369637	0.00087417775087623	0.00397987266178349
ENSMUSG00000000214	6030.84270763897	-0.387599235506657	0.116467395439888	-3.32796345314261	0.000874833422906294	0.00398201320104039
ENSMUSG00000111947	351.664796363907	-0.437115135092796	0.13138615186363	-3.32694982608588	0.000878021811214634	0.00399567865158646
ENSMUSG00000017493	8392.62473296688	0.388296701744784	0.116737154692228	3.32624778091012	0.000880236422307538	0.0040049078086591
ENSMUSG00000049295	1841.97422622032	0.173355966124875	0.0521220308837451	3.32596338219311	0.000881135034870492	0.00400814678078618
ENSMUSG00000131582	23.3972054012506	-0.90218120751562	0.271307416635822	-3.32530978586046	0.000883203422569525	0.00401670437899945
ENSMUSG00000120013	198.969183410462	0.298116161783962	0.0896526185876208	3.32523652382336	0.00088343554982004	0.00401690902614636
ENSMUSG00000057751	176.867208649476	0.756450108069061	0.227611412672518	3.32342785094622	0.000889184207666777	0.0040421914870341
ENSMUSG00000049470	13205.5292517635	0.201411810280939	0.0606058363325949	3.32330716757416	0.000889569017197985	0.00404308459097437
ENSMUSG00000024811	6224.142376034	0.0965967533522454	0.0290776993083914	3.32202188102169	0.000893676853893248	0.00406089486572237
ENSMUSG00000036833	276.659424944368	-0.271789690461804	0.0818175026868823	-3.32190156795607	0.000894062278772637	0.00406178642881131
ENSMUSG00000036098	339.476078960598	0.298158500158028	0.0897957782665963	3.3204066595739	0.000898864110517969	0.0040827374093057
ENSMUSG00000035551	13.9467124149688	1.31435145347499	0.395908052135693	3.31984016587899	0.000900689995870405	0.00409016531655471
ENSMUSG00000024639	28931.1776564602	-0.174362971908613	0.052531257223192	-3.31922328010901	0.000902682211189437	0.00409834525071753
ENSMUSG00000020514	1100.26755759875	-0.192943126056891	0.0581561131435501	-3.31767574598114	0.000907697916837352	0.0041202460314719
ENSMUSG00000039018	887.50403057508	-0.152171663165992	0.0458820190067886	-3.31658602781794	0.000911245281069167	0.00413547382736379
ENSMUSG00000029648	1517.13786366834	0.387487167944124	0.116851433465979	3.31606687612385	0.000912939792255427	0.00414228822248045
ENSMUSG00000133510	76.0265936441578	-0.56746392714228	0.171140770939398	-3.31577288116356	0.000913900686414696	0.0041457717951348
ENSMUSG00000074064	1323.59105874947	-0.186922387358744	0.0563748881658756	-3.31570302736122	0.000914129134584742	0.00414593196767295
ENSMUSG00000021810	3235.4986232558	0.120259869955359	0.0362733418247127	3.31537884037546	0.000915190040642958	0.00414986679603754
ENSMUSG00000020038	779.849787768324	0.20026603132134	0.0604159542508052	3.31478719164104	0.000917129160515741	0.00415778132199174
ENSMUSG00000020668	27453.1519816736	0.17284852018846	0.0521462608191578	3.31468675746273	0.00091745870979354	0.00415839709975256
ENSMUSG00000086129	82.723957953646	-0.421690995864743	0.127264623905712	-3.31349736417848	0.000921369755384944	0.00417524238317357
ENSMUSG00000021396	97.7430265693982	-0.452434133865055	0.136555266843555	-3.3131943155542	0.000922368727540589	0.00417826732241352
ENSMUSG00000027950	6737.6152930584	-0.199831370703307	0.0603141287603363	-3.31317677649552	0.00092242657415996	0.00417826732241352
ENSMUSG00000027242	146.055981265848	-0.332249084056747	0.100299045377454	-3.3125847091206	0.000924381280206696	0.0041854950298777
ENSMUSG00000023827	3368.02275429486	0.220273853993491	0.0664963960539991	3.31256830542539	0.000924435491486178	0.0041854950298777
ENSMUSG00000048078	1571.93261055497	0.381722393460998	0.115237122060092	3.31249502449343	0.00092467770784004	0.0041854950298777
ENSMUSG00000027864	3925.2725880256	0.232194911225734	0.0700974788215321	3.31245738262429	0.000924802148826512	0.0041854950298777
ENSMUSG00000060988	2956.4248930413	-0.206175899416333	0.0622473251888684	-3.31220496287611	0.000925637029178071	0.00418823752418451
ENSMUSG00000051166	734.13932073477	-0.267592170008308	0.0807909266412473	-3.31215621769699	0.000925798334680681	0.00418823752418451
ENSMUSG00000009418	12301.8931928422	0.28562889477025	0.0862427972522486	3.31191593814871	0.000926593838373257	0.00419095308354832
ENSMUSG00000053626	340.006189075473	-0.405874285326228	0.122556364826918	-3.31173567280189	0.000927191066266531	0.00419277089287494
ENSMUSG00000094910	3214.24762174185	0.217920245115092	0.0658181646760914	3.31094381296615	0.000929818763437885	0.00420376781296496
ENSMUSG00000131807	43.3085552594798	-0.686058127923317	0.207275610932135	-3.30988351614577	0.00093334804372593	0.00421883535620569
ENSMUSG00000021219	1848.95698280312	-0.360656968567386	0.108987504139587	-3.30915889316514	0.00093576714248197	0.00422887946958273
ENSMUSG00000022389	6398.19571162067	-0.180132853310033	0.0544357524757316	-3.30909090290135	0.000935994420643428	0.00422901625626854
ENSMUSG00000043998	3119.76630569466	0.118814286736396	0.0359222876935051	3.30753675128207	0.000941203611574869	0.0042513066819681
ENSMUSG00000021066	10424.956261508	-0.122900553412736	0.0371581311459727	-3.30750093243202	0.00094132398487815	0.0042513066819681
ENSMUSG00000079610	570.726978111459	-0.213644401817204	0.0646099974469536	-3.30667714377502	0.000944096358865093	0.00426248745426775
ENSMUSG00000097404	99.4951859215141	-0.382986034027761	0.115823065938925	-3.30664734975772	0.00094419676907869	0.00426248745426775
ENSMUSG00000043833	46.8969196940312	-0.747731969008441	0.226171407298919	-3.30604110368471	0.000946242057243366	0.00427082254011482
ENSMUSG00000073489	167.621387057497	0.941112462058834	0.28471985055244	3.30539813164694	0.000948415731538442	0.00427973346504187
ENSMUSG00000071424	471.424105972281	0.315177793226629	0.0953631157905982	3.30502826605108	0.000949668218625543	0.00428448465342915
ENSMUSG00000028132	7863.0104664863	-0.179815530916339	0.0544156819388209	-3.3044799680817	0.000951527756055868	0.00429197201334214
ENSMUSG00000062929	15434.2254234448	0.0981137276416341	0.0296935534378114	3.30420971161698	0.000952445563785368	0.00429520934290267
ENSMUSG00000097435	29.6688567176553	-0.861650556241203	0.260820985216953	-3.30360900801166	0.000954488528228025	0.0043035183253398
ENSMUSG00000013150	1982.93873910607	0.149780268320969	0.0453430207281143	3.30327062281715	0.00095564114667314	0.00430781034323511
ENSMUSG00000026712	915.492373751693	0.85721927591322	0.259596246276221	3.3021250815819	0.000959552702233794	0.00432453460133332
ENSMUSG00000028907	939.167658030821	0.142513399257727	0.0431887589290715	3.29977991476382	0.00096760678415361	0.00435991755429081
ENSMUSG00000000686	146.055634254009	-0.413484516380232	0.125318033238206	-3.29948137307802	0.00096863655578949	0.00436364161732995
ENSMUSG00000021000	4102.16920063502	0.119245560162847	0.0361470495748572	3.29890161341939	0.000970639243567237	0.0043717461188448
ENSMUSG00000038242	365.425679679789	-0.401374408476341	0.121711964108795	-3.2977399667757	0.000974663511376468	0.00438895047938059
ENSMUSG00000044676	1337.921516821	-0.18700417312985	0.0567300662297034	-3.29638559512091	0.000979374938276696	0.00440924128042105
ENSMUSG00000041961	351.150145832429	0.363890250514594	0.110406345725417	3.29591789424493	0.000981006813035978	0.00441566203577905
ENSMUSG00000018042	21393.342341898	0.112410180174946	0.0341100185877168	3.29551799820555	0.000982404103438245	0.00442102442021077
ENSMUSG00000102869	28074.3431495158	-0.186884716676622	0.0567149164107741	-3.29515987157691	0.00098365700985687	0.00442573493472806
ENSMUSG00000040321	1168.25082334611	-0.203192096566837	0.0616692672506436	-3.29486802139223	0.000984679142052163	0.00442940537789014
ENSMUSG00000020111	7820.46658874309	-0.074496174535337	0.0226144383756137	-3.29418636439232	0.000987070307122843	0.00443923134563146
ENSMUSG00000003662	3456.94082298051	-0.0907249072328862	0.0275423464030741	-3.29401518320749	0.000987671632716103	0.00444100529281187
ENSMUSG00000022808	5178.72015361363	-0.100385179857665	0.0304756279735571	-3.29394951089332	0.000987902416556297	0.00444111272749685
ENSMUSG00000053465	496.809636730717	-0.313660624897376	0.0952520728132672	-3.29295327265243	0.00099140949888435	0.00445594562459201
ENSMUSG00000019894	9847.79066474206	-0.17321200318036	0.0526060428565416	-3.29262559536581	0.000992565546321312	0.00446020766534086
ENSMUSG00000024737	113.35975577649	0.843817699755067	0.256393074983951	3.29110955827448	0.000997930397037312	0.00448179293945608
ENSMUSG00000025630	11213.3236188794	0.0684940865268297	0.0208118767931997	3.29110570889072	0.000997944053082194	0.00448179293945608
ENSMUSG00000026999	557.627784688443	0.204522203037047	0.0621441914573964	3.29109122253622	0.000997995446315107	0.00448179293945608
ENSMUSG00000027953	1026.23748876954	-0.172050323838562	0.0522797988266165	-3.29095229323966	0.000998488450160824	0.0044830690380992
ENSMUSG00000038160	2850.67532115502	-0.125020581170385	0.0379916524141497	-3.29073818131222	0.000999248688251163	0.00448554419531566
ENSMUSG00000030861	2770.91691931331	0.141372716229325	0.042966694479373	3.29028606790298	0.00100085574879917	0.00449181883832804
ENSMUSG00000027984	2364.84638178367	-0.142048699739863	0.0431847839109092	-3.28932292524403	0.00100428727032086	0.00450627728777333
ENSMUSG00000082361	51.1638701646914	-0.617332617776148	0.187682023843915	-3.28924744699871	0.00100455664678176	0.00450654398742264
ENSMUSG00000046679	909.14105913557	-0.210461502596261	0.0640029042926558	-3.28831175588404	0.00100790162033882	0.00452060513627102
ENSMUSG00000114436	29.0719238252032	-0.890937632335133	0.27095911875397	-3.28808875830491	0.00100870032751984	0.00452324237111777
ENSMUSG00000002475	1147.11266061355	-0.163791667477679	0.0498180287170565	-3.28779904977655	0.00100973884735769	0.00452634735603495
ENSMUSG00000034958	7472.156240519	-0.135391049878662	0.0411801074692376	-3.28777796366368	0.00100981447349536	0.00452634735603495
ENSMUSG00000116180	399.619855405624	0.254178831237145	0.0773200907376227	3.28735816024419	0.00101132120598383	0.00453215469888288
ENSMUSG00000066235	3179.21574198644	-0.146491143880614	0.0445701437138853	-3.28675502643659	0.00101348957948379	0.00454092408958445
ENSMUSG00000030982	4956.44395074628	-0.108692581752046	0.0330753527278139	-3.2862108122174	0.00101544981912836	0.00454875747441767
ENSMUSG00000002052	8909.30236928536	0.190379881575689	0.0579358219313696	3.28604782376631	0.00101603758008917	0.00455044078743879
ENSMUSG00000021725	1677.97469447498	0.186581540592403	0.0567864577025761	3.28566964978939	0.00101740254569734	0.00455560347224427
ENSMUSG00000104694	5.67508349441479	1.89460511515212	0.576669867368974	3.28542416096085	0.00101828951126127	0.00455862411860991
ENSMUSG00000028484	6651.62974840816	-0.110591174270463	0.0336733186540834	-3.28423745240364	0.00102258726002867	0.00457678258621595
ENSMUSG00000046593	4.44741729522045	2.81873637474206	0.858275363371233	3.28418651523481	0.00102277210780201	0.00457678258621595
ENSMUSG00000022883	1176.46724155948	-0.344625512972215	0.104938109628697	-3.28408348684386	0.00102314608587548	0.00457750185064673
ENSMUSG00000024537	1196.27564950591	-0.123849917321955	0.0377134020544917	-3.28397626772057	0.00102353541008316	0.00457828945881332
ENSMUSG00000028403	6249.56926910008	-0.214548858387344	0.065334287620803	-3.28386313221283	0.00102394636598641	0.00457917347755506
ENSMUSG00000022840	4893.64952068054	-0.14731959885414	0.0448700713450672	-3.28324859840757	0.00102618128095304	0.00458821232596082
ENSMUSG00000071547	290.058023437387	0.256183778122958	0.0780298695131563	3.28315015418247	0.00102653971870246	0.00458885914237132
ENSMUSG00000033083	1129.35927335138	-0.238095492514853	0.0725269731458162	-3.28285439454587	0.0010276172836337	0.00459271967738518
ENSMUSG00000040289	1483.07730183721	-0.169990964812619	0.0517824537333363	-3.28279084046539	0.00102784897194059	0.00459279892416252
ENSMUSG00000044562	498.32546026559	0.278670653125789	0.0849054479580983	3.28212923702276	0.00103026373994928	0.00460263089318442
ENSMUSG00000050931	2397.38666260336	-0.152590954601596	0.0464927901266558	-3.28203478831679	0.0010306088935903	0.0046032148376632
ENSMUSG00000004591	1425.65639814688	0.196301907995339	0.0598235275799369	3.28134959499066	0.00103311607215844	0.00461345321509323
ENSMUSG00000104677	464.213068211134	-0.256475270235215	0.078169308166849	-3.28102264494627	0.00103431439734455	0.00461784377150543
ENSMUSG00000073609	561.67579819948	-0.194446495386615	0.0592705345536309	-3.28066039645163	0.00103564359910824	0.00462281669753743
ENSMUSG00000043664	76.0977762887801	-0.629903439104218	0.192033228580324	-3.28017939270724	0.00103741099365346	0.00462967561334706
ENSMUSG00000047454	2639.33048435424	-0.162400382987984	0.0495104271640056	-3.28012486036578	0.00103761154270999	0.00462967561334706
ENSMUSG00000063160	4958.40800275982	0.124146406342022	0.037856789081704	3.27936968119732	0.00104039249335926	0.00464111913184742
ENSMUSG00000025436	215.798657341995	-0.286740189010768	0.0874784811136907	-3.27783685039192	0.00104605836880852	0.00466542467168992
ENSMUSG00000070493	11947.3727248838	0.141271640869825	0.0431124805422356	3.27681541616301	0.00104984978192777	0.00468136174051964
ENSMUSG00000027770	5412.45846494709	-0.144526578349548	0.0441091262465248	-3.27656860718102	0.00105076780577396	0.00468448218457814
ENSMUSG00000114771	39.3916831778662	-0.61044571932999	0.186343658682287	-3.27591356554178	0.00105320788326733	0.00469356832817999
ENSMUSG00000035293	227.52507881348	0.262961628197941	0.0802714672576373	3.27590409371671	0.00105324320492141	0.00469356832817999
ENSMUSG00000022111	1101.00511493157	0.198887404901552	0.0607139888793866	3.27580856689647	0.00105359949799403	0.00469418157408465
ENSMUSG00000018001	4013.19644796273	0.12430898920829	0.0379510681306545	3.27550699707134	0.00105472501592603	0.00469822104002245
ENSMUSG00000062797	1833.80758162288	-0.105508576899946	0.0322163071584041	-3.27500530651051	0.00105659988876216	0.00470559610210967
ENSMUSG00000024767	8169.13413151937	-0.115733564796188	0.0353404417041534	-3.274819419775	0.00105729535049347	0.00470771665498712
ENSMUSG00000031983	3198.31315934906	-0.155509109770453	0.0474921878585002	-3.27441452547485	0.00105881165571563	0.00471349046071997
ENSMUSG00000124632	176.354458562819	-0.331732943664451	0.101325909136863	-3.27392022919203	0.00106066549326035	0.00472076414644966
ENSMUSG00000022220	112.136578983431	0.708333921747447	0.216377320747888	3.27360519715818	0.00106184857403822	0.00472505006017921
ENSMUSG00000025019	597.113067996281	0.327190083761314	0.0999592450960554	3.27323484132861	0.00106324098066574	0.00473026546963126
ENSMUSG00000117335	36.3108534249332	-0.658003284731066	0.201055683484565	-3.27274152775483	0.00106509828832097	0.00473754659285079
ENSMUSG00000024589	16183.5325520465	-0.21273146557551	0.0650134190321178	-3.27211626065101	0.00106745670924773	0.00474705318431983
ENSMUSG00000029571	6722.56151227831	-0.105994983653651	0.0323967402665107	-3.27177928339971	0.00106872974322046	0.00475173004721841
ENSMUSG00000114797	3630.38066710638	0.143952663501398	0.0440034023699445	3.27139847712599	0.00107017004488821	0.00475714851595987
ENSMUSG00000046694	122.410100843535	-0.517447843299926	0.158177629809912	-3.27130861628007	0.00107051018214519	0.00475767527327715
ENSMUSG00000074355	25.6287531345538	-0.773783082910291	0.236562977637675	-3.27093905664069	0.00107191007438042	0.00476291071344443
ENSMUSG00000034616	581.888642713682	0.254392508900802	0.0777926743229437	3.27013450964203	0.00107496355726465	0.00477549000832844
ENSMUSG00000036196	79.2432590284268	-0.410315308943372	0.125478314815343	-3.27000971878847	0.00107543789390487	0.0047766086965781
ENSMUSG00000070802	1568.3642312564	-0.254785586656163	0.0779252177980021	-3.26961661264288	0.0010769333770167	0.00478226145449739
ENSMUSG00000020258	275.65620091195	-0.306393483792137	0.0937308489447175	-3.26886491738539	0.00107979838828929	0.0047939921826304
ENSMUSG00000026437	332.27716000405	-0.25387222324058	0.077667709397971	-3.26869718713775	0.001080438636656	0.00479584279868851
ENSMUSG00000013419	2998.57000731599	-0.149629559545002	0.0458038759690361	-3.26674449223802	0.00108791821290533	0.00482804472983788
ENSMUSG00000058952	47.3584542685622	0.610055166512554	0.186838404647321	3.26514865968858	0.00109406639847003	0.0048543260251256
ENSMUSG00000120909	43.6774386651493	0.645467302377954	0.197732802055006	3.26434104847408	0.001097190073495	0.00486717960686993
ENSMUSG00000029248	10.5891407779299	1.22180683499966	0.374370920555652	3.2636264408203	0.00109996090530132	0.0048778229565883
ENSMUSG00000028671	1841.18407907846	-0.143944489969917	0.0441059768222615	-3.26360507896663	0.00110004383363663	0.0048778229565883
ENSMUSG00000025607	7214.82187868866	-0.128703128431673	0.0394479626404904	-3.26260520992203	0.00110393187596088	0.00489405238524913
ENSMUSG00000044949	764.839586273456	-0.155128285196972	0.0475534228404202	-3.2621896791226	0.00110555142365879	0.00490012746624998
ENSMUSG00000048087	35.8108451152702	0.675774209535557	0.207156936726853	3.26213652418794	0.00110575875554434	0.00490012746624998
ENSMUSG00000048832	4029.16999936748	0.120918527242584	0.0370776425580119	3.26122479479094	0.00110932057626025	0.00491489690196132
ENSMUSG00000053746	729.394279260435	-0.197181057513351	0.0604639088901101	-3.26113645533102	0.00110966625204151	0.00491541390142859
ENSMUSG00000050619	1138.70340335656	-0.249490152300056	0.0765071928572147	-3.2610025669832	0.0011101903522914	0.00491672087936605
ENSMUSG00000046404	1100.14472505681	0.215692179771299	0.0661493813841016	3.26068324840205	0.00111144123534574	0.00492124537086047
ENSMUSG00000105865	4.46706745506553	2.53345578464379	0.777067155296987	3.26027907288853	0.00111302640150865	0.00492724783146724
ENSMUSG00000031790	8608.00580829388	-0.18551388934827	0.0569044144398315	-3.26009662298564	0.00111374265000479	0.00492940200515523
ENSMUSG00000136036	4.08626068510424	2.73404916500961	0.838676873456773	3.25995535532139	0.00111429752099031	0.00493084118441104
ENSMUSG00000008489	15583.3393336625	-0.180184853627286	0.0552741046641932	-3.25984210367518	0.00111474253526895	0.00493179374733786
ENSMUSG00000000838	3203.58360116009	-0.121694798534426	0.0373351923575836	-3.25951979485937	0.00111600992427668	0.00493638348125351
ENSMUSG00000024604	1317.32065760926	0.115069688633755	0.0353048838285534	3.25931361770096	0.00111682135669397	0.00493895493259019
ENSMUSG00000033960	2880.04547211526	0.46130709869398	0.141556116097346	3.25882845200942	0.00111873293110455	0.00494638951577556
ENSMUSG00000021905	2773.27374902125	0.0991394942674792	0.0304226101861449	3.25874386388547	0.00111906652160543	0.00494684554217098
ENSMUSG00000031109	1057.67280062941	-0.159333555489178	0.0488992522077945	-3.25840474639774	0.00112040482416074	0.00495145344309591
ENSMUSG00000029605	73.9283031475926	0.673720455914374	0.206766552898256	3.25836285642336	0.00112057024254914	0.00495145344309591
ENSMUSG00000032217	2252.73952390133	0.171957236512545	0.0527909714672135	3.25732282875949	0.00112468443133483	0.00496861000268233
ENSMUSG00000020642	4891.64633356036	-0.179974338586299	0.0552652833524424	-3.25655325855387	0.00112773771724659	0.00498107362930355
ENSMUSG00000087174	491.684731088423	-0.273134476561241	0.0838771105518668	-3.25636487432818	0.00112848630223751	0.00498335465209429
ENSMUSG00000025437	8534.64799691126	-0.151433705411281	0.0465054994481261	-3.25625371640606	0.0011289282274785	0.00498428081675306
ENSMUSG00000020102	1378.09364005078	-0.139834139061495	0.0429509848076042	-3.25566781967567	0.00113126019436605	0.00499354952339328
ENSMUSG00000020477	1306.2536881425	-0.14252283400018	0.0437809091438812	-3.2553648790571	0.00113246769440831	0.00499785187667944
ENSMUSG00000025823	2546.02847889931	0.206919914713143	0.0635694088530785	3.25502342158594	0.00113383014822597	0.00500283616892472
ENSMUSG00000109847	9.61823472153713	-1.49614894765852	0.459671233394231	-3.25482396757983	0.00113462669310845	0.00500532194703371
ENSMUSG00000034587	223.684108363484	-0.258887559749846	0.0795454174164589	-3.25458798455282	0.00113556978934993	0.00500845307133463
ENSMUSG00000033707	613.543309277474	-0.224868333771362	0.0691046814122385	-3.2540246069572	0.00113782423504033	0.00501736545385695
ENSMUSG00000052584	2096.92482751145	-0.158288868638091	0.0486506494044639	-3.25358182420413	0.00113959900407505	0.00502415942112858
ENSMUSG00000114995	232.298877732835	-0.317805593860219	0.0977048110253142	-3.25271182171243	0.00114309361798169	0.00503853133544046
ENSMUSG00000105403	34.8345741788836	-0.746256489144922	0.229442803577162	-3.2524728494871	0.00114405525093411	0.00504173476012144
ENSMUSG00000040009	4561.34185665735	-0.138611081876406	0.0426207576982715	-3.25219656716773	0.00114516795304303	0.00504560247947901
ENSMUSG00000027009	553.772206949357	-0.29274286812711	0.0900307565188319	-3.25158734022052	0.00114762509534788	0.00505471906815879
ENSMUSG00000053914	131.876802026415	-0.431381638824287	0.132668853458278	-3.2515667964218	0.00114770803774369	0.00505471906815879
ENSMUSG00000030587	102.551816427788	0.425137330663601	0.130758959715636	3.25130554409545	0.00114876328678574	0.00505832876187545
ENSMUSG00000063236	689.289784356257	0.19500382496421	0.0599789436880249	3.251204722419	0.00114917076494581	0.00505908524206866
ENSMUSG00000134662	18.5145614017894	-0.906724145785547	0.278920660070474	-3.25083177974858	0.00115067920128538	0.00506468725339185
ENSMUSG00000142517	41.4548745718395	0.633324971143852	0.194884560423712	3.24974420634912	0.00115508855158517	0.00508305265443364
ENSMUSG00000079509	1141.7825892595	0.16915349623833	0.0520590614812445	3.24926134711959	0.00115705120973463	0.00509064588402615
ENSMUSG00000042662	1795.04824173732	-0.277739090698622	0.0854969360420725	-3.24852683097261	0.00116004267834317	0.00510276150272836
ENSMUSG00000028523	103.975877810847	-0.410215367134174	0.126281377071677	-3.24842329602834	0.00116046492008291	0.00510357303308741
ENSMUSG00000004815	2903.58388349552	0.123698800898831	0.0380837895290728	3.24806964927692	0.00116190825256154	0.00510887393475748
ENSMUSG00000054418	200.399962054024	-0.376795253409661	0.116061019275977	-3.24652717820523	0.00116822293268503	0.00513558744071611
ENSMUSG00000022678	916.767705795062	0.278093894271438	0.0856756881878086	3.24589040547689	0.00117083903581578	0.00514603414062687
ENSMUSG00000028992	436.289866235262	-0.272209729139977	0.083866325161517	-3.24575720488208	0.00117138695843432	0.00514738842369521
ENSMUSG00000023913	15525.0885741893	-0.179560740214164	0.0553290051439792	-3.24532746878251	0.00117315630001484	0.00515410829638122
ENSMUSG00000024897	29495.2858451574	-0.205009140498824	0.0631778035555698	-3.24495517351283	0.00117469113807992	0.00515979536935206
ENSMUSG00000031403	1054.98770980495	-0.155943271673259	0.0480603531935611	-3.24473836147653	0.00117558583002067	0.00516266886808997
ENSMUSG00000047879	11736.3270167488	-0.131917575417674	0.0406646947168547	-3.24403211031601	0.00117850459913599	0.0051744282522097
ENSMUSG00000043065	455.217857102145	-0.215133567220975	0.066332211603573	-3.24327445173541	0.00118164326691015	0.0051871481324117
ENSMUSG00000032251	448.819677072373	-0.228950335707238	0.0705982013699951	-3.2430052220076	0.00118276043355344	0.00519099069038194
ENSMUSG00000101942	9.63314615775337	1.30837123828346	0.403454052229179	3.24292501476784	0.00118309344149271	0.00519139080439137
ENSMUSG00000047423	2822.15019623342	-0.13030303218287	0.0401859245828593	-3.24250427321135	0.00118484171433182	0.00519799964027116
ENSMUSG00000046687	105.739037757292	-0.399171643897137	0.123145735149169	-3.24145731408084	0.00118920242274294	0.00521606440674296
ENSMUSG00000047284	4539.49785156736	-0.118002003429783	0.0364068678222526	-3.24120174264642	0.00119026915720241	0.00521967675761122
ENSMUSG00000026779	187.163692768304	-0.324961708267456	0.100261570137881	-3.2411392303209	0.00119053021311586	0.00521975521951493
ENSMUSG00000021567	226.86967675899	-0.378594276559665	0.116818979108387	-3.24086273865137	0.00119168549651276	0.00522375349563872
ENSMUSG00000029757	12591.4207488727	-0.175959496338486	0.0542952345579266	-3.24079079446205	0.00119198627543974	0.00522400518346047
ENSMUSG00000027012	22676.3519221202	-0.118912646444735	0.0367006387869906	-3.24007021062768	0.00119500271051807	0.0052361559877487
ENSMUSG00000064023	112.032653450339	-0.52778252237563	0.162926130359364	-3.23939764119794	0.00119782451401479	0.00524744918731457
ENSMUSG00000002279	1045.80276937826	-0.16698496833086	0.0515582945266893	-3.23876051106423	0.00120050330643479	0.00525811140092412
ENSMUSG00000131011	102.540081888827	-0.444752357692928	0.137328227363441	-3.23860845094786	0.00120114345564926	0.00525984198673338
ENSMUSG00000040896	9228.16233740171	-0.336838815503079	0.104025158781117	-3.23805144303441	0.00120349106566086	0.00526904736191639
ENSMUSG00000056665	12724.9161630211	-0.135403157791177	0.0418178588382801	-3.2379266072616	0.00120401778957277	0.00527027852181261
ENSMUSG00000038530	82173.3436143683	-0.167035104820628	0.0515883509854558	-3.23784539784417	0.00120436055360744	0.00527042306854879
ENSMUSG00000022952	4589.50116271596	-0.229296330063569	0.0708185053225456	-3.2378024503515	0.00120454186035127	0.00527042306854879
ENSMUSG00000018820	5846.53273576642	0.100747637164041	0.0311222915415508	3.2371535697985	0.0012072842386409	0.00528134572379573
ENSMUSG00000078716	3555.90742812278	-0.203645678709822	0.0629200816711641	-3.2365768336749	0.00120972655141527	0.00529056773744114
ENSMUSG00000091549	410.808667024832	0.229283055318461	0.0708420406825232	3.23653939256193	0.00120988526148787	0.00529056773744114
ENSMUSG00000019864	1866.16462598722	-0.140113526283472	0.0433002261767263	-3.23586130270106	0.00121276296418478	0.00530207124016102
ENSMUSG00000031875	534.935255673463	0.390548287413344	0.120707015507383	3.23550612010168	0.0012142728230485	0.00530759120740359
ENSMUSG00000038141	1517.5574693907	-0.218743183444375	0.0676174333588512	-3.23501163203706	0.00121637775209768	0.00531570945165489
ENSMUSG00000026981	67.2730540756897	1.26967664817338	0.392543627240581	3.234485443309	0.00121862132502627	0.00532443015734052
ENSMUSG00000021870	6287.45230138936	-0.099384472805416	0.0307299911752903	-3.23411979647199	0.00122018262676767	0.00533016692433755
ENSMUSG00000034295	1184.06373263047	0.217038900880622	0.067110868560483	3.23403504582894	0.0012205447732872	0.00533066411055607
ENSMUSG00000030322	290.397298794454	-0.289294717869558	0.0894625827635245	-3.2336951263105	0.00122199827537086	0.00533592656206488
ENSMUSG00000027316	764.915214130002	-0.190008652941708	0.0587667670926356	-3.2332670715439	0.00122383091959969	0.0053428420825965
ENSMUSG00000076469	7.49479544478372	1.4995550830932	0.463834075628286	3.23295583892144	0.00122516500299301	0.00534757868122162
ENSMUSG00000098557	2058.52787205043	0.756969818856591	0.234150227114585	3.23283828585037	0.00122566923783914	0.00534869198199939
ENSMUSG00000028194	4233.40496903245	0.148845732638017	0.0460501357739041	3.23225393664018	0.00122817860443214	0.00535855323632932
ENSMUSG00000020235	3311.93070052605	-0.105608442053146	0.0326942024526884	-3.2301886613069	0.00123708556995407	0.00539631758679824
ENSMUSG00000122176	816.364221973975	0.236068903857008	0.0730866035757438	3.22998870254459	0.00123795109702537	0.00539899598714884
ENSMUSG00000090622	68.185687914332	-0.514231972747609	0.159225614005048	-3.22958071765581	0.00123971880576812	0.00540560712667449
ENSMUSG00000041189	59.255280128727	0.49395399916255	0.152955821471124	3.22938999255939	0.00124054597492488	0.00540811533260308
ENSMUSG00000129688	315.258671757625	-0.267992905613515	0.0830362875990704	-3.22741916049381	0.0012491233095743	0.00544440222605522
ENSMUSG00000024937	2169.29856886131	0.204895903210183	0.0634936929058643	3.22702765948676	0.00125083368231915	0.00545075026891247
ENSMUSG00000004366	267.855547541954	-0.611548899457832	0.189540669903061	-3.22647851656641	0.00125323639830005	0.00546011214246173
ENSMUSG00000028221	4193.52916399756	-0.124368787336668	0.0385494455816928	-3.22621468246825	0.00125439229103267	0.00546403914758669
ENSMUSG00000029716	158.144378516245	-0.440900969514129	0.136685255229866	-3.22566591965358	0.00125679964852317	0.00547260741347181
ENSMUSG00000039047	6651.97904743388	-0.12940296695094	0.0401168644717925	-3.22565007646415	0.00125686921403224	0.00547260741347181
ENSMUSG00000038582	3900.54550956657	-0.142772143860387	0.0442662706359438	-3.22530318929685	0.00125839324457869	0.00547813210061371
ENSMUSG00000039321	4.91917215047688	2.51480964832798	0.780122174325116	3.22361000762931	0.00126585666845564	0.00550950511862707
ENSMUSG00000040813	5121.45481417972	0.103490982366326	0.0321166329329723	3.22234845048397	0.00127144406688166	0.00553270187303502
ENSMUSG00000058816	16.8853129703786	0.873043415210175	0.270969630505234	3.22192348117517	0.00127333136375301	0.00553979145811151
ENSMUSG00000052593	1258.59762543057	0.286540190357076	0.0889787044865193	3.22032324487808	0.00128046127203599	0.00556968220172736
ENSMUSG00000089685	16.6772653664756	-1.19273991332742	0.370439367447274	-3.21979794303905	0.00128280979515255	0.00557876723313303
ENSMUSG00000037016	167.970445200345	0.338710653970325	0.105216725057407	3.21917122763062	0.0012856169202049	0.00558984257831038
ENSMUSG00000057342	3483.39901043685	0.128081081883321	0.0398082528044219	3.217450474719	0.00129335353825578	0.00562234245690533
ENSMUSG00000092375	29.4430633941413	-0.693617863643937	0.215637862471904	-3.21658662209338	0.00129725365680422	0.00563815488903816
ENSMUSG00000040112	938.612709471668	-0.163627685642338	0.0508792833657093	-3.2159982377546	0.00129991630357983	0.00564858367867299
ENSMUSG00000026688	4085.11346015079	-0.162864786777111	0.0506515445173939	-3.21539625946023	0.00130264568713532	0.00565850748558283
ENSMUSG00000039952	12015.7704559537	0.242867760405719	0.0755331843671821	3.21537827963256	0.00130272728937624	0.00565850748558283
ENSMUSG00000002329	1706.58806115232	-0.117039451284532	0.0364014756473504	-3.21523919575089	0.00130335868712519	0.00565901096161288
ENSMUSG00000071711	1014.76456448729	-0.186001537563339	0.0578500311078742	-3.21523660404777	0.00130337045533467	0.00565901096161288
ENSMUSG00000052751	723.368156057418	0.164118556333535	0.0510479630146139	3.21498736955579	0.00130450261873487	0.00566278123635242
ENSMUSG00000025997	267.912404120319	0.285973389397458	0.088975958053991	3.21405237608039	0.00130875797944657	0.00568010489017388
ENSMUSG00000044502	4007.30745293451	0.119926034916102	0.0373292025686748	3.21265997299227	0.00131511886001715	0.00570655780253245
ENSMUSG00000120675	36.6529245284893	-0.653460145420334	0.203429814924849	-3.21221422563716	0.00131716117710189	0.00571426471860736
ENSMUSG00000057606	218.787124538143	-0.298891374949882	0.0930601731521027	-3.21180763828321	0.00131902662353127	0.0057212013539548
ENSMUSG00000023170	703.025155560178	0.196923138853582	0.0613401318533104	3.21034749851054	0.00132574594611984	0.00574918433927442
ENSMUSG00000129893	5.07649643453118	1.96005148540479	0.610656651383865	3.2097439386977	0.00132853264354577	0.00576010537797487
ENSMUSG00000020687	4646.7409363011	0.120540177896196	0.0375553463406261	3.20966758774902	0.00132888554852578	0.00576047196782197
ENSMUSG00000131431	148.917710851036	-0.353002218383293	0.109984199292272	-3.20957210812824	0.00132932699067341	0.00576122212432777
ENSMUSG00000011263	169.349090068236	0.660363065490335	0.205752502316731	3.20950198930649	0.00132965126542374	0.00576146428413122
ENSMUSG00000024742	766.335133697281	-0.141272034107041	0.0440217256894388	-3.20914348300829	0.00133131037110812	0.00576748908702461
ENSMUSG00000079487	1136.53383176102	0.204381036531227	0.0637038480782302	3.20829969769238	0.0013352228059353	0.00578327133821774
ENSMUSG00000041920	1389.77715281933	0.204241737050733	0.0636627615416526	3.20818217910801	0.00133576855291333	0.00578446797596079
ENSMUSG00000021359	128.590627148321	0.422503157435613	0.131707786122203	3.20788291926493	0.00133715922132062	0.00578932227609288
ENSMUSG00000114621	141.255701822078	-0.405748395831229	0.126496235856536	-3.20759264561361	0.00133850940675636	0.00579399938000242
ENSMUSG00000029279	702.580168616855	0.178580577231468	0.0556881920903213	3.20679430464947	0.00134222931752116	0.00580893034877201
ENSMUSG00000040855	6004.37559928608	-0.157584115123421	0.049163433960484	-3.20531139566211	0.00134916433121362	0.0058377668884966
ENSMUSG00000120012	7.58257436825119	-1.49487195559536	0.466398245657892	-3.20514060572146	0.00134996517144358	0.00583913524041566
ENSMUSG00000055762	4174.74178260088	0.107880129694137	0.0336586033100116	3.20512793417215	0.00135002460626959	0.00583913524041566
ENSMUSG00000036402	2465.85667763589	0.211112495514906	0.0658794588703273	3.20452686064779	0.00135284666517563	0.0058501624727357
ENSMUSG00000063600	308.077135661935	-0.234949431529184	0.0733367278973008	-3.20370758643885	0.00135670194716248	0.00586565236612082
ENSMUSG00000052676	469.437058650872	-0.20030785447996	0.0625264685213002	-3.20356897194223	0.00135735523086575	0.00586729508372216
ENSMUSG00000025738	8652.58607900223	-0.168332827649073	0.05255523476928	-3.20296975911271	0.00136018263299605	0.00587833307829538
ENSMUSG00000021010	115.686022303799	0.377862964495905	0.117994180224524	3.2023864547971	0.00136294018762377	0.00588906482840817
ENSMUSG00000023805	2247.58355853802	-0.203371445690659	0.0635222292728008	-3.20157916400046	0.00136676513951191	0.00590348301389798
ENSMUSG00000028040	35.9246789324655	0.781977620962242	0.244248469568092	3.2015661033415	0.0013668271023513	0.00590348301389798
ENSMUSG00000028345	1163.89259176583	-0.156837880163947	0.0489933403729445	-3.20120814318995	0.00136852635852754	0.00590943001253347
ENSMUSG00000042328	797.838553006341	-0.158201075456954	0.049419919877707	-3.2011600959377	0.00136875458969144	0.00590943001253347
ENSMUSG00000021079	787.870202057488	-0.148065124336399	0.0462634404204684	-3.20047802305015	0.00137199832009343	0.00592224330165405
ENSMUSG00000041891	2608.6315193974	0.127791826310396	0.0399372506925223	3.199815312633	0.00137515675804682	0.00593468334705127
ENSMUSG00000074071	94.1721571698589	-0.445626603095594	0.139278335717359	-3.19953997727195	0.00137647096053678	0.00593916093243872
ENSMUSG00000025780	4662.83944168454	0.283503287149597	0.0886172037418698	3.19919017051593	0.00137814229290358	0.00594517734314074
ENSMUSG00000060671	7113.15056293475	-0.151350595248903	0.0473104379321472	-3.19909520740371	0.0013785963375264	0.0059454432018807
ENSMUSG00000055629	1414.01875940678	0.181867027474857	0.0568501203737321	3.19906143169557	0.00137875786168649	0.0059454432018807
ENSMUSG00000024552	19.7148287145774	1.08151507697018	0.338148329227538	3.19834517426355	0.00138218730201631	0.00595903446978955
ENSMUSG00000130610	45.844718419421	-0.679355853450133	0.212457126086615	-3.19761387138962	0.00138569689489202	0.0059729657722394
ENSMUSG00000047242	2249.52605071836	-0.107065806265339	0.0334838177102259	-3.19753879894768	0.00138605763950286	0.00597332127877302
ENSMUSG00000037992	439.495745989541	0.383413084043278	0.119915092226613	3.19737138106613	0.00138686244238653	0.00597558996151529
ENSMUSG00000033751	1506.43160070473	-0.158861549622671	0.0497023633291471	-3.19625746105134	0.00139222820504594	0.00599750564911022
ENSMUSG00000078870	291.149687396831	-0.254541120391169	0.0796572356295352	-3.19545510686528	0.00139610500608664	0.00601182188737407
ENSMUSG00000031819	3799.2392014248	-0.104108848199086	0.0325803021104412	-3.19545373907757	0.00139611162343053	0.00601182188737407
ENSMUSG00000140213	222.751366062181	0.281959471446501	0.0882738775370118	3.19414394511309	0.00140246168563947	0.00603795478217746
ENSMUSG00000058655	12518.585012316	-0.114555111723939	0.0358661656364539	-3.19396037159619	0.00140335380021162	0.00604058405360792
ENSMUSG00000101162	37.1093228911913	-0.646512757366633	0.202423989539814	-3.19385443808514	0.00140386884471867	0.0060415895390399
ENSMUSG00000098234	371.692336784592	0.261020634039393	0.0817343576621483	3.19352401493544	0.00140547646878897	0.00604729562618242
ENSMUSG00000022412	2441.37971878708	0.136874193984962	0.0428662381001844	3.19305355569265	0.00140776834646836	0.0060559429509599
ENSMUSG00000021719	35387.4889944687	-0.203540337848889	0.06376995832879	-3.19179035368755	0.00141393918874576	0.00608127001114334
ENSMUSG00000025875	9942.59819617366	0.107234684985605	0.033600911898773	3.19142186702143	0.00141574396828298	0.00608781250463993
ENSMUSG00000042275	415.609602526266	0.209333415547384	0.0655974490302633	3.19118225848704	0.00141691866585199	0.0060916435171598
ENSMUSG00000053550	253.842923572498	0.330643614866789	0.103614563922181	3.19109208542456	0.00141736097826302	0.00609232494180895
ENSMUSG00000027074	2412.18136779835	0.22695976622045	0.0711369588291265	3.19046203205868	0.00142045503844594	0.00610440197302914
ENSMUSG00000022548	60519.8242443989	0.381209464026872	0.119517315405229	3.18957519029242	0.00142482068435357	0.00612193771223653
ENSMUSG00000026090	246.571734810355	-0.334252550190849	0.1048590820884	-3.18763566811563	0.0014344114882675	0.0061619125489594
ENSMUSG00000142835	13.8759867690001	1.22421244982754	0.384142581266071	3.18686995279914	0.00143821425573806	0.00617701224763367
ENSMUSG00000038486	3435.17763439996	-0.245280674125917	0.0769743634309992	-3.18652422953507	0.00143993426238912	0.00618316240777053
ENSMUSG00000003992	3699.73454512888	0.091355180534715	0.0286738952265799	3.18600524319525	0.00144251982939253	0.00619302613154801
ENSMUSG00000029561	3611.55263619217	0.358819664228706	0.112645384714747	3.18539161757358	0.001445582405882	0.00620493339825296
ENSMUSG00000005357	361.974637880658	-0.286675808553362	0.0900200995812287	-3.18457555464802	0.00144966462256621	0.00622068222974119
ENSMUSG00000036499	8489.11081003376	0.181452263898815	0.0569790711039154	3.18454233077777	0.00144983104422786	0.00622068222974119
ENSMUSG00000021461	621.504728405863	-0.193190268395651	0.0606673374326459	-3.18441976475619	0.00145044514190372	0.00622207342448145
ENSMUSG00000018322	3824.07954424217	-0.151202136916793	0.0474928090031542	-3.18368485862251	0.0014541323039647	0.00623664416321803
ENSMUSG00000068859	9.66609455587578	-1.69100754896124	0.531230006500144	-3.18319283223844	0.00145660571860008	0.006246004465735
ENSMUSG00000025370	470.584771011123	-0.330014822214442	0.103703784264007	-3.18228331354136	0.00146118807652772	0.00626440248666747
ENSMUSG00000024212	1679.56245462856	0.13790649000136	0.0433534443751382	3.18098116514232	0.00146777171948266	0.00629137135191988
ENSMUSG00000024486	542.722620042405	0.394391897939578	0.124003215466837	3.18049734803088	0.0014702248490736	0.00630062819129845
ENSMUSG00000028692	33985.1384136504	0.0729932755346852	0.022951056274326	3.18038850422491	0.00147077724729925	0.00630173740329856
ENSMUSG00000043843	345.978576332468	-0.289274258264866	0.090971932008391	-3.17981878452559	0.00147367177993748	0.00631287935105527
ENSMUSG00000091971	439.709634880108	0.433657097404604	0.136387802464471	3.17958856707564	0.00147484291712434	0.00631663568615146
ENSMUSG00000035473	1027.26850632653	-0.23333945858471	0.0734074254438133	-3.17869012806219	0.00147942156754159	0.006333902020071
ENSMUSG00000084885	319.127574699853	-0.286578015317365	0.0901562473845213	-3.17868171791905	0.0014794644893616	0.006333902020071
ENSMUSG00000031825	1101.29890633536	-0.41944623722714	0.131992812739498	-3.17779603693242	0.00148399105986433	0.0063520143750843
ENSMUSG00000119948	373.700047633832	-0.300648272377431	0.0946123809984852	-3.17768424390719	0.00148456332185015	0.00635319702289383
ENSMUSG00000040663	37.220844761834	1.03138126247142	0.324579478129185	3.17759233706367	0.00148503393991885	0.0063539443002388
ENSMUSG00000035161	815.966862786007	0.231952589040126	0.0730397732665288	3.17570247916447	0.00149474167056696	0.00639420579920096
ENSMUSG00000028469	6601.06359416489	-0.156910970670083	0.0494123612549156	-3.17554082996738	0.00149557473086567	0.00639649475448545
ENSMUSG00000021238	2908.62132788478	-0.10468383560574	0.0329682443639532	-3.17529300165583	0.00149685274650123	0.00640068546940146
ENSMUSG00000036086	363.037878826736	-0.263040228811129	0.0828533330345492	-3.1747694290276	0.00149955604555378	0.00641096794938407
ENSMUSG00000004535	15928.4054090827	0.0969290334956383	0.0305352000479265	3.17433759541458	0.00150178906364796	0.00641923616891021
ENSMUSG00000073436	673.741766757	-0.242347340022731	0.0763538874736391	-3.17400132516371	0.00150353004328318	0.00642434170288254
ENSMUSG00000070691	564.037980655579	-0.339110151092109	0.106840290660349	-3.17399128171748	0.00150358207003083	0.00642434170288254
ENSMUSG00000143691	147.910802463898	-0.335374703929996	0.105695335299643	-3.17303221546361	0.00150855784307702	0.00644431893721219
ENSMUSG00000051185	3528.38564993882	-0.171979700494887	0.0542041420036273	-3.17281473588086	0.00150968826613211	0.00644734393292557
ENSMUSG00000046523	79.1804084643796	-0.555679875503618	0.175139719981421	-3.17278042675052	0.00150986667058683	0.00644734393292557
ENSMUSG00000017314	1248.48713342418	-0.23169163137608	0.0730321903653876	-3.17245902412215	0.00151153887933526	0.00645320079232513
ENSMUSG00000105006	10.2498055430152	1.38567397990258	0.43681626181359	3.17221244041944	0.00151282297302769	0.00645739867548467
ENSMUSG00000025234	9409.58958421787	0.0946221294851417	0.0298415680772553	3.17081626676518	0.00152011257106311	0.00648700122140281
ENSMUSG00000057278	622.651916659199	0.240558464374181	0.0758675585975955	3.17076849210494	0.00152036258012101	0.00648700122140281
ENSMUSG00000035150	4022.04653202677	0.0715250491262538	0.0225591673096093	3.17055359998979	0.00152148759812886	0.00649051128406878
ENSMUSG00000053329	4310.30344787823	-0.100124581607248	0.0315807159408651	-3.17043419138222	0.0015221130656782	0.00649188934389993
ENSMUSG00000054342	800.230615295808	0.244157621121608	0.0770131608124424	3.17033632363472	0.00152262587785008	0.00649278647078461
ENSMUSG00000051323	486.05884618318	-0.305693455708161	0.0964685964391269	-3.16883905220968	0.00153049122062032	0.00652502970046391
ENSMUSG00000030868	7950.11778625758	-0.086018003815765	0.0271490523335514	-3.16836119209443	0.00153300934268189	0.00653446754368735
ENSMUSG00000031865	35150.4887439522	-0.180270533174909	0.0569031899766642	-3.16802156871763	0.00153480133435476	0.00654080711599351
ENSMUSG00000033460	9576.02790830748	-0.138306187378077	0.0436590840017834	-3.16786736461139	0.00153561561489726	0.0065424257646666
ENSMUSG00000025026	4549.0313860658	0.253213050762348	0.0799325449314609	3.1678342154559	0.00153579071220325	0.0065424257646666
ENSMUSG00000031434	493.757609293123	-0.269842799897028	0.0851893206314289	-3.16756605049712	0.00153720786376869	0.00654592841939405
ENSMUSG00000036131	202.314186604401	-0.353926633776615	0.111734670826045	-3.16756322061958	0.00153722282503333	0.00654592841939405
ENSMUSG00000087303	16.6153436064295	0.916130306606871	0.289252079329025	3.16723844728103	0.00153894075865318	0.00655194413432152
ENSMUSG00000097350	341.654506553261	-0.26893591755242	0.0849325093853608	-3.1664661682394	0.00154303293948949	0.00656806366826915
ENSMUSG00000021012	4733.18334304752	-0.0834389819120834	0.0263582781282452	-3.16557028141649	0.00154779265233777	0.00658605053064037
ENSMUSG00000029780	1849.10775285541	-0.144052913724765	0.0455064542999385	-3.16554906201425	0.00154790555159272	0.00658605053064037
ENSMUSG00000046949	3780.75187995944	-0.141673487278617	0.0447555800936706	-3.1654932632334	0.00154820246894728	0.00658605053064037
ENSMUSG00000072235	108514.814368435	0.114777771432207	0.036259657654566	3.16544001947448	0.0015484858393805	0.00658605053064037
ENSMUSG00000093467	13.3335676737214	-1.13501125744312	0.358703462370785	-3.16420491160432	0.00155507266931354	0.00661275553080122
ENSMUSG00000029434	9463.48083586952	-0.121098752253468	0.0382765733324411	-3.16378248391508	0.00155733139079501	0.00662104884824828
ENSMUSG00000050493	45.6927373826428	0.692246311622691	0.218813438594985	3.16363709682389	0.00155810947433418	0.00662220503089554
ENSMUSG00000058498	67.9149335149221	-0.532020493792367	0.168168459274846	-3.16361638850992	0.00155822033033883	0.00662220503089554
ENSMUSG00000015165	5597.22758428537	-0.11788606424354	0.0372638383997858	-3.1635512954623	0.00155856883454985	0.00662237502027852
ENSMUSG00000026135	1285.28495542819	0.223768258913398	0.0707536343217774	3.16263978604593	0.00156345654598046	0.00664182826360906
ENSMUSG00000126002	18.5801188943611	0.875910929336789	0.276977270041955	3.1623928173027	0.00156478327399811	0.00664565387492362
ENSMUSG00000042055	2583.50554741936	-0.133783760262367	0.0423050794325448	-3.16235690978159	0.00156497625723185	0.00664565387492362
ENSMUSG00000057092	570.340668420465	0.360043053255914	0.11385831510999	3.1622025401316	0.00156580615909506	0.00664786293732885
ENSMUSG00000031822	1911.42434246391	-0.214288530637592	0.0677748775420671	-3.16176935184554	0.00156813717371191	0.0066564430632588
ENSMUSG00000071454	2524.74990561949	-0.140624681911963	0.0444813264073959	-3.16143184724324	0.00156995552219309	0.00666284405682028
ENSMUSG00000037455	577.252839366959	-0.249062619340777	0.0787910671766344	-3.16105147785887	0.00157200713685226	0.00667023229880818
ENSMUSG00000021681	2605.67943284751	0.119158534735702	0.0376968306909385	3.16096957096038	0.00157244924449102	0.00667078962099689
ENSMUSG00000043633	66.2835800050965	-0.55026630824346	0.174166549147812	-3.15942591120903	0.00158080287299843	0.00670490307681967
ENSMUSG00000036552	282.072402299509	-0.23811274729441	0.0753779662662216	-3.15891710919127	0.00158356523305285	0.00671529262993134
ENSMUSG00000078495	239.404709348997	-0.26173070187816	0.0828645242139636	-3.15853743638651	0.00158562942646582	0.00672271800681718
ENSMUSG00000027805	27138.9393135102	-0.100896732219198	0.0319504763904973	-3.15791010393844	0.00158904551681237	0.00673587106317029
ENSMUSG00000013465	3838.10784803073	-0.0881599342189483	0.0279278990726124	-3.15669768032794	0.00159566688406469	0.00676165083853151
ENSMUSG00000026885	991.750833540551	0.144691907126542	0.0458367186165769	3.15668118254465	0.00159575715773785	0.00676165083853151
ENSMUSG00000016520	768.249680338983	-0.271546917422941	0.0860271016776816	-3.15652756081854	0.00159659798110621	0.00676387848084191
ENSMUSG00000030056	784.448269374858	-0.165898868993802	0.052570621956478	-3.1557334271439	0.00160095104890815	0.00678098169215913
ENSMUSG00000027366	2154.39475818015	0.172189426492097	0.0546023196386404	3.15351852506727	0.00161314989573508	0.00683130314891483
ENSMUSG00000032175	693.334929076741	-0.199448614185138	0.0632524280266482	-3.15321672870977	0.00161481868348263	0.00683702127409038
ENSMUSG00000037936	1068.29352129599	0.326614590093706	0.103602401785343	3.1525773965205	0.00161835913063436	0.0068506600469724
ENSMUSG00000029676	1171.8334854108	-0.147091910413087	0.0466602205908511	-3.15240495116579	0.00161931530858716	0.00685335615420581
ENSMUSG00000022957	4262.96114927285	0.153915055847064	0.0488327775502573	3.15188001928948	0.00162222916118139	0.00686433494459287
ENSMUSG00000090100	12484.1055396786	0.204182695213006	0.0647833490314508	3.15177739752047	0.00162279936958283	0.00686539441613421
ENSMUSG00000032555	1351.66101360795	-0.184120887953509	0.0584382983141999	-3.150688730934	0.00162885981371789	0.00688967581502821
ENSMUSG00000105741	181.100352484159	-0.317833213832585	0.100882126385145	-3.15054039026863	0.0016296872145846	0.00689181752330042
ENSMUSG00000026509	20268.3689380761	0.134315491655121	0.0426334707776942	3.15047049196368	0.00163007722094988	0.00689210904567858
ENSMUSG00000002741	6972.59887630129	0.0687659516103147	0.0218335592099371	3.14955298625874	0.00163520452902556	0.00691242623475042
ENSMUSG00000014554	882.483537746087	-0.186834890033371	0.0593276717663284	-3.14920313693163	0.00163716350166694	0.00691934469911055
ENSMUSG00000117003	148.017018745653	-0.374429527281292	0.118916164561116	-3.14868486267783	0.00164006953530312	0.00693026233165684
ENSMUSG00000109814	174.34055969324	-0.322119573553533	0.102327633387046	-3.14792361448584	0.00164434656390749	0.00694696778997013
ENSMUSG00000024253	1052.07726357826	-0.142562922453275	0.0452909932044078	-3.14771022595726	0.00164554731535203	0.00695067270195724
ENSMUSG00000029047	469.36104531265	-0.246962809386259	0.0784693923502637	-3.14725018238821	0.00164813875639541	0.0069602491726901
ENSMUSG00000028062	2171.39036486549	-0.113727575491014	0.0361406923948831	-3.14680123580354	0.00165067130773907	0.0069695732281524
ENSMUSG00000026944	11533.6830940349	-0.195399597391971	0.0621060099535676	-3.14622687141	0.00165391657416974	0.00698083866622972
ENSMUSG00000085236	18.8973895496432	-0.867122230336085	0.275608160269703	-3.14621392010869	0.0016539898190834	0.00698083866622972
ENSMUSG00000049755	839.06673459428	0.150415432886944	0.0478126710784337	3.14593243787189	0.00165558245395493	0.00698618693858788
ENSMUSG00000031224	312.965296279967	-0.279806734128343	0.0889532119833478	-3.14554952979915	0.00165775122457925	0.00699396379457904
ENSMUSG00000039478	6829.67305828691	-0.12780670425334	0.0406426703466903	-3.14464338005163	0.0016628940245513	0.00701428239949269
ENSMUSG00000015653	1365.39921536881	0.229876104840573	0.0731042698810126	3.1444962820192	0.00166373025436741	0.00701643097057973
ENSMUSG00000071302	847.055105475433	-0.212937758308793	0.0677259020711403	-3.14411106824564	0.00166592196935731	0.00702429404718601
ENSMUSG00000029167	1398.85123532481	-0.237049967762136	0.0754420685836021	-3.14214565179169	0.001677145826001	0.0070702302240647
ENSMUSG00000036819	1792.90411469144	-0.129102941897908	0.0410937003679634	-3.14167234252178	0.00167985911534619	0.00708027798351095
ENSMUSG00000045871	26.3121871935295	-0.917166136607596	0.292007384785819	-3.14090048537751	0.00168429252156549	0.00709559112600104
ENSMUSG00000087478	45.0240439921441	-0.540185617063309	0.171985820848658	-3.14087297660808	0.00168445072535999	0.00709559112600104
ENSMUSG00000029089	700.950497893347	-0.182581736727423	0.0581309953819354	-3.14086720049802	0.00168448394568626	0.00709559112600104
ENSMUSG00000097888	28.7930285852769	0.713375629065804	0.22718901811961	3.14000929697326	0.00168942473141639	0.00711500711881188
ENSMUSG00000025505	801.396121157036	-0.150128020841084	0.0478286403418517	-3.13887285459204	0.00169599018721116	0.007141256445405
ENSMUSG00000034023	97.0779411220068	-0.421064220810767	0.134151437885457	-3.13872312848624	0.00169685693252886	0.00714350478793185
ENSMUSG00000090191	35.1835376525163	0.863640764563556	0.275208869902777	3.13812837816112	0.00170030389144609	0.00715661241838856
ENSMUSG00000003500	12361.803040296	-0.154603804635772	0.0492687157136156	-3.13797107142874	0.00170121666105773	0.00715905054817981
ENSMUSG00000097462	517.411445307556	-0.236924487038222	0.0755171016328322	-3.13736202681825	0.00170475488402468	0.00717253397500467
ENSMUSG00000111398	74.2407644525475	-0.725103702590377	0.231123764913777	-3.13729617056422	0.00170513787881575	0.00717273950747772
ENSMUSG00000031378	560.272088576421	0.254363094990977	0.0810897319004117	3.13681016116031	0.00170796677169103	0.00718323172435731
ENSMUSG00000019878	1904.11990000439	0.108775670757471	0.0346787185077428	3.13666927263141	0.00170878764181989	0.00718527630152903
ENSMUSG00000041716	449.393731371466	-0.197768266450116	0.0630727706618254	-3.13555698243355	0.00171528101884691	0.00721116771456479
ENSMUSG00000102215	149.094927056957	-0.348975273832766	0.111300021266658	-3.13544660514193	0.00171592662045142	0.00721246932340125
ENSMUSG00000042684	250.242385721609	0.250903958658071	0.0800331330059383	3.1350010831071	0.00171853477043268	0.00722201788999761
ENSMUSG00000063450	1656.9524358072	0.265608140669287	0.084739699057643	3.13440032975112	0.00172205743957582	0.00723540516694746
ENSMUSG00000120554	242.483162380719	-0.247701833530914	0.079042407227842	-3.13378403085456	0.00172567816339972	0.00724919911067287
ENSMUSG00000028737	838.834602217136	-0.184367218688704	0.0588389304920904	-3.13342233019495	0.00172780639459833	0.00725671924602775
ENSMUSG00000020284	1695.00373280152	-0.130580539962869	0.0416847684979039	-3.13257203214252	0.00173281902186545	0.00727634842006335
ENSMUSG00000049100	3288.5889499273	-0.206744660008974	0.0660007566542142	-3.13245893667755	0.00173348674230735	0.00727703680333172
ENSMUSG00000005267	795.440639886654	0.170426260734747	0.054407659619504	3.13239462837789	0.00173386652675695	0.00727703680333172
ENSMUSG00000034480	1428.64397760317	0.233809724994	0.074643025242461	3.13237203656365	0.00173399996501639	0.00727703680333172
ENSMUSG00000060212	3923.40592394467	-0.231370577948394	0.0738671773780404	-3.13225151090148	0.00173471200787345	0.00727860202521727
ENSMUSG00000036890	1164.05517383448	0.122219204666438	0.0390230347490112	3.13197590737187	0.00173634123195485	0.00728401424372539
ENSMUSG00000086749	7.54453743700031	1.57822147034414	0.503932448200924	3.13181156716244	0.00173731339494173	0.00728666849078138
ENSMUSG00000025933	1316.62232297513	-0.130075667107467	0.0415392350100389	-3.13139293672672	0.0017397920866778	0.00729563917417965
ENSMUSG00000001435	1565.38820376653	0.386293568727279	0.123380867740814	3.13090332237543	0.00174269519638045	0.00730638575888724
ENSMUSG00000070939	3189.02764967887	-0.126005356897531	0.0402489521673652	-3.13064937376678	0.00174420270794147	0.00731007103306975
ENSMUSG00000022498	1181.84203989051	-0.120642164098334	0.038535936423419	-3.13064052142812	0.00174425527957622	0.00731007103306975
ENSMUSG00000032059	755.459993114312	0.176786922874984	0.0564730867507056	3.13046325332617	0.00174530833344155	0.00731305654609729
ENSMUSG00000051730	450.293124096228	-0.212302356852964	0.0678295404527818	-3.12993948412129	0.00174842317903446	0.00732467836868728
ENSMUSG00000041645	10674.0968311799	0.128885208824489	0.041179402053979	3.12984653481717	0.0017489764805183	0.00732556665966943
ENSMUSG00000059493	670.28077638721	-0.235689968536155	0.0753343177668825	-3.12858701747964	0.00175648992695516	0.00735560139914544
ENSMUSG00000023000	2705.90164728369	0.264565367112435	0.0845723180278528	3.12827380497367	0.00175836294705977	0.00736200878127267
ENSMUSG00000059070	5829.13855724599	0.189605834986621	0.0606277268525858	3.12737826123089	0.00176372846097488	0.0073830333742759
ENSMUSG00000021103	1177.02219040896	-0.164862192116706	0.0527302488624991	-3.12652027390587	0.00176888307572945	0.0074031671093017
ENSMUSG00000028655	1209.25641666635	0.338667037738953	0.108337030047624	3.12605059959718	0.00177171064635345	0.00741355569875694
ENSMUSG00000064289	1300.31312861513	0.129602881321161	0.0414651623646399	3.12558480252526	0.00177451897817099	0.00742385975159197
ENSMUSG00000028909	279.659554492304	-0.439412706357855	0.140591056668182	-3.12546698752638	0.00177522994335376	0.00742538697662351
ENSMUSG00000033335	2740.53462941035	0.120079081907141	0.0384268336996662	3.12487577940058	0.00177880159737994	0.00743887382274191
ENSMUSG00000040624	1555.22070423238	-0.225942440545565	0.0723057782615393	-3.12481859649311	0.00177914740547643	0.00743887382274191
ENSMUSG00000039716	5265.02844113625	-0.237718670488335	0.0760796208337205	-3.12460377540383	0.00178044706744338	0.0074428581791119
ENSMUSG00000032017	3160.56677381287	-0.257266890493954	0.0823390341179802	-3.12448273470547	0.00178117974484234	0.00744447126222464
ENSMUSG00000087644	187.244163764827	-0.466105507886647	0.149200596351367	-3.12401906751747	0.00178398895653313	0.00745476093847384
ENSMUSG00000031963	1009.06047288787	0.359954250939115	0.11523135732628	3.1237525903639	0.0017856052989825	0.00746006293265053
ENSMUSG00000025025	2555.67052143571	-0.148823042916329	0.0476444580226465	-3.12361708145762	0.00178642775731614	0.00746204674811214
ENSMUSG00000021981	10428.4982834439	-0.124690988438934	0.0399260268687824	-3.12305025613326	0.0017898718253738	0.00747497832752412
ENSMUSG00000037339	541.930455935252	0.216092768347559	0.069244375749684	3.1207266439765	0.00180405413072602	0.00753274187320846
ENSMUSG00000030560	1526.38057872508	0.536083488213551	0.171786250825233	3.12064257551634	0.00180456917825262	0.00753342706736108
ENSMUSG00000024846	678.067756699543	-0.197296545259532	0.0632528057658011	-3.11917460215188	0.00181358456444973	0.00756959095089984
ENSMUSG00000020522	1480.12630153776	0.192369298531693	0.0616748589399804	3.11908777479166	0.0018141190988165	0.00757035003405811
ENSMUSG00000024997	4829.34073849978	0.0753101195814393	0.0241458775534778	3.11896386514195	0.00181488217324051	0.00757104397292154
ENSMUSG00000038145	4839.91231007246	-0.131548187429782	0.0421776127470002	-3.11891021947747	0.00181521263152933	0.00757104397292154
ENSMUSG00000037395	1829.1221442978	0.171975555207492	0.0551400054208072	3.11888897897346	0.00181534348870899	0.00757104397292154
ENSMUSG00000097015	7.89270366553313	1.34350685784616	0.430799217718244	3.11863810933115	0.0018168896868397	0.00757521430957194
ENSMUSG00000028546	20004.1538858859	-0.174744771886834	0.0560328628926151	-3.11861223692472	0.00181704921643464	0.00757521430957194
ENSMUSG00000092060	1170.14206211776	-0.271325540113458	0.0870067683076541	-3.1184417648298	0.00181810067146437	0.00757806717843959
ENSMUSG00000073164	167.426287013274	0.441491501176156	0.141576887110693	3.11838683690632	0.00181843958055261	0.00757806717843959
ENSMUSG00000022031	5532.87638082887	-0.110086625102182	0.0353061623611594	-3.11805695493231	0.00182047619679663	0.00758508191778657
ENSMUSG00000062542	10768.6288298582	-0.113554700145658	0.0364237667173527	-3.11759903984778	0.00182330673472664	0.00759540119690318
ENSMUSG00000116812	38.4620879356832	0.654994431287461	0.210109862479796	3.11739022412831	0.0018245988419743	0.00759851823969446
ENSMUSG00000031103	212.582543565941	0.660125946837219	0.21175775679921	3.11736371226842	0.0018247629519065	0.00759851823969446
ENSMUSG00000021786	762.893224496459	-0.143518775594404	0.046049392949855	-3.11662687390227	0.0018293294542981	0.00761605625794472
ENSMUSG00000038077	10697.5662955922	-0.159174776276847	0.0510788602144626	-3.11625544517882	0.00183163533556377	0.00762417764460189
ENSMUSG00000127884	7.57249877942894	1.50609550337973	0.483444114945589	3.11534561455824	0.00183729497919589	0.00764625320345464
ENSMUSG00000023826	558.380735324958	-0.228669507960022	0.0734259002864286	-3.11428946826665	0.0018438849365819	0.00767219113174397
ENSMUSG00000138080	11.1826875791893	1.20399583569468	0.3866141647974	3.11420518264152	0.0018444117819345	0.00767289599050502
ENSMUSG00000044813	161.358438486286	0.498827022330887	0.160202934080743	3.11371964061205	0.00184744946062692	0.00768404381356666
ENSMUSG00000000148	1384.52949192983	0.166000427839115	0.0533142943039847	3.11361952748773	0.00184807636598199	0.00768516219918043
ENSMUSG00000034101	987.491452471652	0.156943320187271	0.0504271183026977	3.11228016729393	0.00185648221884268	0.0077173148952654
ENSMUSG00000100303	6.76571354356519	1.76560952385743	0.567305477537314	3.1122730059332	0.00185652725794981	0.0077173148952654
ENSMUSG00000024220	1622.99429884986	-0.134541981493314	0.0432516502131845	-3.11067857134157	0.00186657997789963	0.00775760034958245
ENSMUSG00000024045	2000.60590250469	-0.152039072043518	0.0488829551272093	-3.11026761061935	0.00186917912909157	0.00776615378978226
ENSMUSG00000100546	36.9095627907163	-0.728416858900474	0.234203573456074	-3.11018678387968	0.00186969071481661	0.00776615378978226
ENSMUSG00000070319	4594.06819957251	0.10182793604412	0.0327402819309347	3.11017285247957	0.00186977890538025	0.00776615378978226
ENSMUSG00000038910	1154.3492624383	0.261041946192433	0.0839329578486925	3.11012447176017	0.00187008520168567	0.00776615378978226
ENSMUSG00000060591	728.966922480868	0.483665529406609	0.155568313047617	3.10902342470325	0.00187706835718215	0.00779156228886004
ENSMUSG00000084968	54.9844236198998	-0.529951212278304	0.170457746773385	-3.10898872189626	0.00187728884118032	0.00779156228886004
ENSMUSG00000039634	407.317161173392	0.252245165898644	0.0811353959465707	3.10894108490889	0.00187759154112917	0.00779156228886004
ENSMUSG00000041375	1385.62574029999	0.148978060961958	0.0479193843636872	3.10893102948234	0.00187765544210719	0.00779156228886004
ENSMUSG00000028780	1951.77514584371	0.376397339829636	0.1210724668441	3.10885992200279	0.00187810737826111	0.00779193138418109
ENSMUSG00000026064	6.82449815840685	1.76152337195758	0.566709445949176	3.10833599924777	0.00188144034348505	0.00780425090111111
ENSMUSG00000102697	5129.555539972	-0.198256221970351	0.0637855802053692	-3.10816678835607	0.00188251794861967	0.00780721218799651
ENSMUSG00000038102	3888.51829564547	-0.161888776632209	0.0520934807047709	-3.10765904758179	0.00188575485618222	0.00781912569882318
ENSMUSG00000025731	1030.68516835454	-0.18948819581808	0.0609863909950381	-3.10705704545621	0.00188959931460076	0.00783355328065274
ENSMUSG00000056211	3328.59884230621	0.172950074226609	0.0556653417060069	3.10696151188712	0.0018902100649581	0.00783457216728917
ENSMUSG00000027006	6891.82163742649	-0.0797122395268272	0.025658843419157	-3.10661857296785	0.00189240398267898	0.00784168562331536
ENSMUSG00000122271	6.9176484796699	1.64375247467033	0.529119794668089	3.10657906061035	0.00189265690927033	0.00784168562331536
ENSMUSG00000039771	1212.16208577793	-0.131785051513386	0.0424222836648754	-3.1065053582323	0.00189312877607114	0.0078421270372719
ENSMUSG00000029104	8185.29653030919	0.225204741300965	0.0725024997325011	3.10616519612235	0.00189530800597634	0.00784785013320847
ENSMUSG00000063524	31793.3220094658	0.111300862700373	0.0358326807063806	3.10612715840024	0.00189555183572831	0.00784785013320847
ENSMUSG00000026353	6306.98190932662	0.0749682293191439	0.0241356627481736	3.1061185309617	0.0018956071434215	0.00784785013320847
ENSMUSG00000003549	940.468756146211	0.138340745652899	0.0445396986057272	3.10600991887068	0.00189630354688584	0.0078492194248846
ENSMUSG00000022300	1428.5384257296	0.131154104061745	0.0422346601944712	3.10536662205499	0.00190043308353103	0.00786479594584096
ENSMUSG00000117770	46.8607107653981	-0.610180998709659	0.196531618311688	-3.10474723584654	0.00190441693286325	0.00787976366246
ENSMUSG00000028271	2682.74855849588	-0.107155229630781	0.0345314901279128	-3.10311629280557	0.00191494376126934	0.00792179278847711
ENSMUSG00000011884	1621.88308044011	0.224201102304904	0.0722774572462214	3.10195060599791	0.00192250033562664	0.00795152065598486
ENSMUSG00000092416	409.412275146951	-0.2311289274235	0.0745296183745926	-3.10116880327798	0.00192758370852974	0.00797100980298583
ENSMUSG00000043061	1327.35283447424	-0.177190030967996	0.0571441641085061	-3.10075462179385	0.00193028176363719	0.00798062949503775
ENSMUSG00000049511	2041.99425326541	-0.212983676359227	0.0686961094176749	-3.1003746524316	0.00193276000402803	0.00798848261802709
ENSMUSG00000039838	5570.80431935234	0.133841834770503	0.0431699212094422	3.10034929462019	0.00193292549697348	0.00798848261802709
ENSMUSG00000035824	1980.37661853801	-0.109457259772734	0.0353072205384695	-3.10013810499394	0.0019343042915149	0.00799264214083905
ENSMUSG00000025213	335.481678162341	-0.233511619463772	0.0753428670051897	-3.09931953409323	0.00193965703658291	0.00801321746483616
ENSMUSG00000133015	17.7536904911961	-0.885445262996332	0.28573990535142	-3.09878055677017	0.00194318890369205	0.0080262638073222
ENSMUSG00000022822	9167.29605352345	-0.22722624514327	0.0733359602932396	-3.09842871402635	0.00194549768006092	0.00803425417471867
ENSMUSG00000037236	6447.08429520289	0.093624783486694	0.0302207323872311	3.09803158596688	0.00194810664213456	0.00804348089633786
ENSMUSG00000029436	776.511668475597	-0.246332210002301	0.0795226419843566	-3.09763614305921	0.00195070772488094	0.00805267154274889
ENSMUSG00000133647	15.2523614676663	1.11997698611779	0.361645583791747	3.09689108982105	0.00195561708478578	0.00807138556854672
ENSMUSG00000044496	2674.11027607422	0.076806340187925	0.0248087888726126	3.09593267862885	0.00196194899905697	0.00809596255550884
ENSMUSG00000034850	7969.39414275147	0.0953401092938568	0.0308047258391099	3.09498321107641	0.00196824037867553	0.00812036286155084
ENSMUSG00000019920	5802.61932025539	-0.103361814380627	0.033399248593208	-3.09473472411132	0.00196988996252648	0.00812560682851524
ENSMUSG00000029708	1660.41110303257	0.130243932180299	0.0420874823825824	3.09460021857235	0.00197078340856007	0.00812688973025038
ENSMUSG00000031962	417.946843534239	-0.347550005097581	0.112309534659689	-3.09457256813233	0.00197096712125474	0.00812688973025038
ENSMUSG00000036251	2661.65208833495	-0.361036997471158	0.116669904953784	-3.09451694174409	0.00197133675698378	0.00812688973025038
ENSMUSG00000024137	590.430077254168	0.167634186912251	0.0541965340437796	3.09307947214553	0.00198091079762876	0.00816479093354436
ENSMUSG00000020472	502.242359598694	0.275133424716809	0.088956140402104	3.0929109949368	0.00198203570352126	0.00816785916908952
ENSMUSG00000036862	303.547211173381	0.506818910963396	0.163902266643304	3.09220196488419	0.00198677625724852	0.00818582325107422
ENSMUSG00000060204	34.896208094285	0.627768744698688	0.203020968026044	3.09213748117956	0.00198720790923654	0.0081860305084766
ENSMUSG00000021704	2372.3327365134	-0.184163018507646	0.0595689903880111	-3.09159207346093	0.00199086229664468	0.0081995107559046
ENSMUSG00000038515	162.892597721709	-0.351515939046224	0.113703238299278	-3.09152091272018	0.00199133954853604	0.00819990307862547
ENSMUSG00000041729	13777.2179878865	-0.16115991812262	0.0521362139885123	-3.09113197513978	0.00199394988200445	0.00820907713216487
ENSMUSG00000037904	770.729086056552	-0.175113926000944	0.0566693357729187	-3.0901002034442	0.0020008897851424	0.00823606905615852
ENSMUSG00000037606	3783.29109025032	0.141769895259713	0.0458809620318872	3.08995036244407	0.00200189948716829	0.00823864539715384
ENSMUSG00000115835	79.0450357062952	-0.460225650569835	0.148946914761263	-3.08986360212629	0.00200248433441603	0.0082394726322742
ENSMUSG00000060288	547.583223520602	-0.207154029780747	0.0670466679729943	-3.08969910129145	0.00200359365739623	0.00824245715785119
ENSMUSG00000019849	5187.65000087587	0.118091965661907	0.0382265288652136	3.08926730120587	0.00200650821547145	0.00825277952805438
ENSMUSG00000002228	8536.01227815734	0.142127932702566	0.0460078053966364	3.08921348187056	0.00200687175703176	0.00825277952805438
ENSMUSG00000051234	8055.32130725922	-0.156688139223468	0.0507262789848042	-3.08889479692383	0.00200902566517348	0.00826005457357094
ENSMUSG00000034951	3027.63177801184	-0.125439958890379	0.040612295935656	-3.08871872422872	0.00201021660409587	0.00826336836911564
ENSMUSG00000026295	12.1032937411304	1.24444901514053	0.402953944827387	3.08831575199895	0.00201294470844634	0.00827299848966287
ENSMUSG00000058400	86.1211237898622	1.35904988925261	0.440090363746555	3.08811553537054	0.00201430142930245	0.00827698975524624
ENSMUSG00000049281	5781.61947958951	-0.202059602219988	0.0654543167913597	-3.08703248502413	0.00202165502323418	0.00830561659880287
ENSMUSG00000022867	4765.50871267774	-0.153152218974263	0.0496280515595847	-3.08600104500142	0.00202868109199271	0.00833288716431601
ENSMUSG00000059401	1142.1929743915	-0.245098993507657	0.0794373545845752	-3.08543750971346	0.00203252929768274	0.00834709659538124
ENSMUSG00000021460	4731.89097119337	-0.145322225976578	0.0471004996738379	-3.08536484714402	0.00203302597477492	0.00834753932182833
ENSMUSG00000087532	11.6688765987248	1.01953741870006	0.330586843627813	3.08402296810059	0.00204221828432733	0.00838367903831908
ENSMUSG00000014771	949.399742521071	0.165813229262781	0.053777415972392	3.0833245938761	0.00204701744922841	0.00840177372182355
ENSMUSG00000053461	92.8689222084298	0.426725452894163	0.138418803385647	3.08285754866171	0.00205023271338979	0.00841336177129137
ENSMUSG00000029088	12012.0522422385	-0.171486033869335	0.0556315771735156	-3.08253050842811	0.00205248690326272	0.00842100226785888
ENSMUSG00000026017	436.23713794957	-0.255013319649441	0.0827402125043323	-3.08209650339112	0.0020554818803455	0.00843167858656534
ENSMUSG00000113047	323.667179478274	-0.227747784665926	0.0739142172212111	-3.08124462692096	0.00206137216129798	0.00845275543067812
ENSMUSG00000075405	27.6786657163053	0.711530874752462	0.230923584964757	3.08123951419278	0.00206140755984347	0.00845275543067812
ENSMUSG00000004791	420.748503970821	-0.329158388294824	0.106831638308248	-3.08109464113135	0.00206241083649511	0.00845364291396032
ENSMUSG00000032220	9773.68172314827	-0.2360823829373	0.0766228951578072	-3.08109452730911	0.00206241162491429	0.00845364291396032
ENSMUSG00000133086	42.9253643397002	0.726226550396245	0.235765228929528	3.08029540103778	0.00206795380040834	0.00847387243685056
ENSMUSG00000114860	111.946670760101	-0.423281622919052	0.137417092477059	-3.08026909381535	0.00206813648079102	0.00847387243685056
ENSMUSG00000020605	1224.57558626164	-0.225535345487688	0.0732343926344021	-3.07963700352643	0.00207253024207064	0.0084902546137955
ENSMUSG00000028060	1218.09324387985	0.245174567375931	0.0796267618780741	3.07904731516455	0.00207663697949912	0.00850545495171303
ENSMUSG00000135450	32.5248647579794	-0.761602186184791	0.247370104361751	-3.07879639760766	0.00207838669498863	0.00851099748085196
ENSMUSG00000019055	1521.1474423178	0.286739277180984	0.0931394293930249	3.07860246782291	0.00207973994582051	0.00851270873445627
ENSMUSG00000041298	5560.77338074454	-0.140674006208153	0.0456942997117546	-3.07858982620463	0.00207982818765965	0.00851270873445627
ENSMUSG00000044221	8335.08474659353	-0.0880674231092422	0.0286066376957827	-3.07856603232422	0.00207999428455339	0.00851270873445627
ENSMUSG00000054034	387.812700857271	-0.270937360743535	0.0880126741600997	-3.07839028104845	0.00208122152065288	0.00851610773205007
ENSMUSG00000002803	1494.44466143205	-0.124929549835989	0.0405859468720613	-3.07814796658073	0.00208291464340252	0.0085214114227708
ENSMUSG00000035798	7894.26161464802	-0.155615317296126	0.0505710640760664	-3.07716122132724	0.00208982237976525	0.00854804253125778
ENSMUSG00000086181	81.4275640896062	-0.564575913542581	0.183510506767152	-3.07653182092155	0.00209423948324096	0.00856447794765679
ENSMUSG00000084950	71.3608242613642	-0.587708092892694	0.191076969257442	-3.0757662484214	0.00209962377796956	0.00858450484889729
ENSMUSG00000046434	8971.5788050162	0.100075374205287	0.0325371990785938	3.07572185188881	0.00209993640927791	0.00858450484889729
ENSMUSG00000050587	1386.36900799032	-0.191229932396229	0.062179289189782	-3.07546025192668	0.00210177940984615	0.00859040304869715
ENSMUSG00000043953	56.3978901682464	0.721598039241575	0.234650969143567	3.07519735322328	0.00210363305462116	0.00859634249961883
ENSMUSG00000057880	4583.34099794143	-0.13767240513998	0.0447728822061456	-3.07490602249152	0.00210568891902263	0.00860310588803576
ENSMUSG00000041679	67.8604518553346	-0.527605713405048	0.171609343288856	-3.07445797118967	0.00210885432641768	0.00861439904298417
ENSMUSG00000031497	180.749671318714	-0.319259750360584	0.103880048889393	-3.07335002027694	0.00211670056107904	0.008644804840967
ENSMUSG00000067629	931.940733693134	0.156800986634237	0.0510222026138372	3.07319125011103	0.00211782712262796	0.00864776051252268
ENSMUSG00000027620	5822.576495122	0.115881213315104	0.0377114507935356	3.07283890905009	0.00212032914031451	0.00865633041574576
ENSMUSG00000016308	4261.0483543581	-0.126801695770465	0.0412706462297697	-3.07244270090929	0.00212314590126478	0.00866618176774097
ENSMUSG00000042476	585.37865467426	-0.285573303129869	0.0929499875653007	-3.07233288147826	0.00212392724723996	0.00866772286867928
ENSMUSG00000136983	39.4591358800581	-0.649210085815681	0.211337595060091	-3.07191006707107	0.00212693796004471	0.00867835967502753
ENSMUSG00000120426	13.2447113324392	1.20466571545246	0.392201524427735	3.07154776415058	0.00212952090469862	0.00868724738507421
ENSMUSG00000033768	15545.5379501796	-0.175570744213145	0.057167510007376	-3.07116304681615	0.00213226679553901	0.00869679632016727
ENSMUSG00000033629	14048.6760139006	-0.158872720733305	0.0517387698580129	-3.0706706241625	0.00213578616212806	0.00870949577436189
ENSMUSG00000059323	440.024670943824	-0.212691870758514	0.0692692260532499	-3.07051028107359	0.00213693329034639	0.00871251852052718
ENSMUSG00000071654	1047.15039066778	-0.155239847687802	0.0505627279213207	-3.07024272759506	0.002138848682151	0.00871867182131661
ENSMUSG00000043463	3119.39437348476	-0.1657697073473	0.0540073785999237	-3.06938999160263	0.00214496385268499	0.00874193925607292
ENSMUSG00000128092	46.5190679527593	-0.577985452939814	0.188321450898096	-3.0691429477812	0.00214673845450914	0.00874751094618323
ENSMUSG00000026344	684.464951481338	-0.598401083548445	0.194994964148817	-3.06880275683301	0.00214918436777278	0.00875581545617963
ENSMUSG00000064068	1031.53210248325	-0.201120434853043	0.0655412509866078	-3.06860842332927	0.00215058273800108	0.00875984991535694
ENSMUSG00000090084	433.72739828942	0.229104983006076	0.0746639206123221	3.06848315929804	0.00215148454547584	0.00876186060580239
ENSMUSG00000024831	960.571780223473	-0.162662903415018	0.0530216086946593	-3.06786058400756	0.00215597176852489	0.00877846926842855
ENSMUSG00000002699	247.488068868905	-0.464634135159246	0.151464414295016	-3.06761253012376	0.00215776201064457	0.0087840924180725
ENSMUSG00000057147	1543.9813320205	-0.12143575005983	0.0395908225532527	-3.06727019617966	0.00216023492445475	0.0087924920152343
ENSMUSG00000052105	8675.49062336607	-0.1921751353104	0.0626559275812938	-3.06715011219105	0.00216110298917075	0.00879435768067096
ENSMUSG00000087679	5867.36343075817	-0.135155181671932	0.0440731327870571	-3.06661163219201	0.00216499949402746	0.00880854418855068
ENSMUSG00000036721	321.17457098305	0.221495677016243	0.0722309805344522	3.06649135007374	0.00216587074918049	0.00880933485003979
ENSMUSG00000097440	114.661322746212	-0.365090405790858	0.119058796520336	-3.06647149527082	0.00216601459696776	0.00880933485003979
ENSMUSG00000117115	108.160631823013	-0.387969275339681	0.12655370056529	-3.06564939315644	0.00217197841075857	0.00883191675797377
ENSMUSG00000053347	1051.0839946744	-0.139407495855101	0.0454790402199287	-3.06531305808018	0.00217442263802963	0.00884018112650455
ENSMUSG00000033099	1084.45427320308	0.15243162028411	0.0497330639457596	3.06499556211451	0.00217673227030098	0.00884789526875229
ENSMUSG00000024563	4558.48165356076	0.123660977820075	0.0403556996009148	3.06427540701764	0.00218197939422871	0.00886754442948001
ENSMUSG00000024749	38.2669628424164	0.643006540135888	0.209855492697217	3.06404436629937	0.00218366523552537	0.008872644264535
ENSMUSG00000062202	2460.28727369648	0.123334201081748	0.0402528058830691	3.0639901585997	0.00218406094725626	0.008872644264535
ENSMUSG00000031788	1254.24026201189	-0.124693174209857	0.040716215685496	-3.06249419575295	0.00219500732316482	0.00891542614930104
ENSMUSG00000005699	788.977384938398	-0.174914161350751	0.0571219398996696	-3.06211871757112	0.00219776268464978	0.0089249288287348
ENSMUSG00000020268	486.710052939028	-0.194443937223693	0.063515240345069	-3.06137450110096	0.00220323331932322	0.00894545232316858
ENSMUSG00000063698	874.462434022544	-0.157871097821391	0.0515761147234174	-3.0609342845616	0.00220647516346466	0.00895692054820962
ENSMUSG00000038412	4102.38128715772	-0.133144955315186	0.0435038664040596	-3.06053154169215	0.00220944487267306	0.00896727994645489
ENSMUSG00000051243	460.079782997465	-0.406214231721787	0.132740360956288	-3.06021641643385	0.00221177106896597	0.0089742752424639
ENSMUSG00000017588	284.207693682921	-0.293217917044629	0.0958170621093044	-3.06018479996952	0.00221200457970169	0.0089742752424639
ENSMUSG00000109460	34.5116010587947	0.678151041886835	0.221712223717996	3.05869938298666	0.00222300097224898	0.00901718421585347
ENSMUSG00000004929	3560.26806225806	-0.110728042117356	0.0362091944719054	-3.05800898728275	0.00222812893558343	0.00903627729666239
ENSMUSG00000131103	76.7944170940483	-0.486908358018189	0.159228234638093	-3.05792725219163	0.00222873674589125	0.00903703494282235
ENSMUSG00000021065	3431.15744082797	-0.144689666621728	0.0473173809761249	-3.05785450582598	0.00222927784072792	0.00903752183740614
ENSMUSG00000047379	10.5264839886601	1.17324573907832	0.383743719848425	3.05736792133493	0.00223290020208143	0.00905049768464501
ENSMUSG00000022109	1317.51196511653	-0.158169041586195	0.0517370742887156	-3.05717019682139	0.00223437369589879	0.00905476038439935
ENSMUSG00000040296	1818.07456753449	0.184843800301902	0.0604664259823554	3.05696586657596	0.00223589735344027	0.00905862896038757
ENSMUSG00000024388	11.328802619042	1.31243002047601	0.429329571468158	3.05692900674872	0.00223617231254513	0.00905862896038757
ENSMUSG00000028140	2468.59920005408	0.105454614061991	0.0345003216199976	3.05662698520659	0.00223842643595836	0.0090660494102419
ENSMUSG00000117839	17.4927563789814	-0.936170225466921	0.30630029079424	-3.05638046584749	0.00224026786455707	0.0090717958839053
ENSMUSG00000071256	408.062373695041	0.2057775017963	0.0673428863411778	3.05566798479314	0.00224559769865854	0.00909166356080804
ENSMUSG00000051439	175.535699229778	0.668852709973092	0.218921210468039	3.05522113888887	0.00224894633025414	0.00910350404021033
ENSMUSG00000062232	1886.71915768235	-0.163087465756796	0.0533861627205347	-3.05486398433475	0.00225162611045841	0.00911263312351059
ENSMUSG00000084948	7.93655854513112	-1.73338075443597	0.567452429008347	-3.05467148579335	0.00225307166682929	0.00911676463716446
ENSMUSG00000090086	85.4249607113553	-0.435981912607182	0.142759450635492	-3.05396182645993	0.00225840816010323	0.00913663580188013
ENSMUSG00000052833	6281.31996823074	-0.101849946415706	0.0333571153413671	-3.05331997006946	0.00226324476017943	0.00915447748671785
ENSMUSG00000051844	31.2363027658995	-0.631036390182092	0.206712035972866	-3.0527317251373	0.00226768571217424	0.0091707124147574
ENSMUSG00000021303	717.269515948033	0.219204002315562	0.0718161057840983	3.05229585929594	0.00227098142664759	0.00918231066197345
ENSMUSG00000002812	8504.80857016936	0.132688832413306	0.0434773176347563	3.0519093548502	0.00227390757472151	0.00919241054594576
ENSMUSG00000024647	1994.87060444434	0.207346256190607	0.0679505684487577	3.05142783826701	0.00227755787264591	0.00920543349542781
ENSMUSG00000026915	4483.45079586482	-0.168385767691772	0.05519496076793	-3.05074530987998	0.00228274120564929	0.00922464659647359
ENSMUSG00000042035	5094.46547728204	-0.142393372398132	0.0466792057646235	-3.0504669063167	0.0022848585901233	0.00923146517891713
ENSMUSG00000026385	11627.7612952282	0.208301654603329	0.068299820345679	3.04981262833596	0.00228984175299133	0.00924985755922318
ENSMUSG00000021876	2765.89176579013	0.664884851599453	0.218101888940775	3.04850569992083	0.00229982549904058	0.00928843916508094
ENSMUSG00000038425	366.23548400237	-0.200629556262471	0.0658169028689128	-3.04829834764581	0.00230141314179449	0.00929310280319046
ENSMUSG00000078317	1036.03549298664	-0.134944113873071	0.0442737082700059	-3.0479514625273	0.00230407139608336	0.0093020870017539
ENSMUSG00000056900	6302.85516951603	0.189950010134563	0.0623227730218216	3.04784272144075	0.0023049052809078	0.00930370379089262
ENSMUSG00000075318	356.675154707249	-0.243589353833057	0.0799304031339794	-3.04751814431302	0.0023073959561689	0.00931200631605969
ENSMUSG00000024378	7472.89545255318	0.205502154185364	0.0674346387454825	3.04742722743704	0.00230809405779055	0.00931307275273158
ENSMUSG00000026820	1704.18815994551	-0.0977249158540782	0.0320736043221583	-3.04689534959949	0.00231218193828904	0.00932752480977019
ENSMUSG00000030110	57784.5576593071	0.214574040842885	0.0704249205715155	3.04684817677555	0.00231254481680783	0.00932752480977019
ENSMUSG00000015484	117.845318460364	0.487051087069389	0.159864344033431	3.04665239778256	0.00231405141075713	0.00933184812761835
ENSMUSG00000025185	306.155252519431	0.307637247660228	0.100983126150618	3.04642230229021	0.00231582323233947	0.00933637549090467
ENSMUSG00000025486	1789.3032615491	-0.153695239774417	0.0504515362860595	-3.04639364999644	0.00231604395271906	0.00933637549090467
ENSMUSG00000052387	4071.4499620419	-0.164957840401781	0.0541526145144043	-3.04616576468165	0.00231780013296323	0.00934170064855216
ENSMUSG00000095130	5.11895839631514	-4.72398076791362	1.55082574997232	-3.04610673894081	0.0023182552090049	0.00934178079904248
ENSMUSG00000050323	370.390477358009	-0.24730836462402	0.0811966160219764	-3.04579644744166	0.00232064883723332	0.00934967115991936
ENSMUSG00000020770	738.020931033423	0.14980578369297	0.0491927220401032	3.04528347853661	0.00232461090928741	0.00936387648316072
ENSMUSG00000029416	1808.31053211431	0.160420672777891	0.0526919604281928	3.04449998584713	0.00233067441273492	0.00938491252757089
ENSMUSG00000085793	568.904428464245	-0.194392482309047	0.0638504701727094	-3.04449570666017	0.00233070756938789	0.00938491252757089
ENSMUSG00000071550	42.9384767008871	-0.702445955275823	0.230831641708281	-3.04310947180957	0.00234147137117487	0.00942646134334793
ENSMUSG00000029553	11.097609757519	1.54320594198792	0.507124101590003	3.04305383465201	0.00234190432982738	0.00942646134334793
ENSMUSG00000026833	19776.3000041262	-0.102149115804442	0.033571248193391	-3.04275596832147	0.0023442235207597	0.00943402738969399
ENSMUSG00000138755	97.6424499931167	-0.575144946575594	0.189025570048688	-3.04268330695922	0.00234478958202016	0.00943453667622206
ENSMUSG00000089682	7125.88713042644	-0.126252118316503	0.0414950635019285	-3.04258163891316	0.00234558182711167	0.0094359556785568
ENSMUSG00000120162	417.22040109315	-0.202032980637543	0.0664163114339166	-3.04191811131462	0.00235075836823158	0.00945500826915102
ENSMUSG00000032121	706.515587736891	-0.191814643457243	0.0630622331910766	-3.04167222997084	0.00235267927781511	0.00946096166683761
ENSMUSG00000046909	289.370043568376	-0.2288373160098	0.0752441307757939	-3.04126466277708	0.00235586649876353	0.00947168428299119
ENSMUSG00000026131	81073.734296491	0.310849446659677	0.102212140398145	3.04121844478388	0.00235622817810365	0.00947168428299119
ENSMUSG00000043670	14751.145152249	-0.1542413314723	0.0507211430443146	-3.04096718280858	0.0023581953207157	0.00947606535897944
ENSMUSG00000029234	1621.688731336	-0.119441460704189	0.0392774672170503	-3.04096646670587	0.00235820092926806	0.00947606535897944
ENSMUSG00000007594	3274.94068967349	-0.255656394466394	0.0840775495356961	-3.04072128503047	0.00236012192257058	0.0094815464617114
ENSMUSG00000109590	17.9413874593286	-0.992853313745005	0.326523485271585	-3.04067964029969	0.00236044835047916	0.0094815464617114
ENSMUSG00000000530	698.104818404083	0.347316688764553	0.114240918901654	3.04021266726283	0.00236411150194927	0.00949448409744492
ENSMUSG00000087221	60.8219887788705	-0.512765436395736	0.168667220562654	-3.04010129938237	0.00236498589120456	0.00949621906857409
ENSMUSG00000044576	20.751226044346	1.01564495549127	0.334098302464972	3.03995844336189	0.00236610793867864	0.009498947636371
ENSMUSG00000056004	6540.33767126222	-0.201497085009651	0.0662901692036808	-3.0396224271285	0.00236874906434084	0.00950777251592007
ENSMUSG00000027173	353.951593216234	0.267667171545439	0.0880640863017046	3.03945890755535	0.00237003532284401	0.00951115689664786
ENSMUSG00000004100	465.612032372648	0.172665227276672	0.0568105687389983	3.03931523850674	0.0023711659631848	0.00951391561976167
ENSMUSG00000042790	3971.58478661362	-0.142255518244449	0.0468066459418959	-3.03921623482784	0.00237194538534957	0.00951526436963442
ENSMUSG00000028693	561.539799639709	0.202837340240724	0.0667496568256604	3.03877727447353	0.00237540399673906	0.0095273584069508
ENSMUSG00000024764	468.465816106953	0.203161081124807	0.0668657710457138	3.03834200888691	0.00237883805508517	0.00953801685647986
ENSMUSG00000030795	8113.26031576609	0.228079220407358	0.075067350821085	3.03832782045234	0.00237895007218826	0.00953801685647986
ENSMUSG00000005447	1336.72578921471	-0.130755597342295	0.0430366752548851	-3.03823649405753	0.0023796712058769	0.00953912644357674
ENSMUSG00000050174	180.64368492691	-0.302727222079834	0.0996547099047188	-3.03776130971909	0.00238342659861526	0.00955239644620524
ENSMUSG00000026971	74.499184482626	-0.512496556129728	0.168720771722731	-3.03754274531143	0.00238515573915389	0.00955754211250279
ENSMUSG00000050668	2442.49437026254	-0.102804365786699	0.0338506702288832	-3.03699646392764	0.00238948258840705	0.00957282022272673
ENSMUSG00000031734	146.314697614177	0.361333029361541	0.118978966229673	3.03694880542193	0.00238986041058383	0.00957282022272673
ENSMUSG00000097537	31.897457364975	-0.809449275184313	0.266550037707173	-3.03676293632177	0.00239133444704898	0.00957693754484204
ENSMUSG00000112096	105.303181946712	-0.385386011097563	0.126930497624481	-3.03619711818757	0.00239582679721888	0.00959313897203888
ENSMUSG00000086454	79.7595983093922	0.47314331038077	0.155860575555106	3.03568306927935	0.0023999148183607	0.00960771568275472
ENSMUSG00000035283	72.1666712902872	-0.515850157697515	0.169934444281182	-3.03558327965556	0.00240070914419888	0.00960910357810428
ENSMUSG00000056313	381.830654557086	0.426889139934831	0.140645486491969	3.03521393101517	0.00240365125525592	0.00961908610091789
ENSMUSG00000033186	2878.68040188306	-0.130575087149367	0.0430310601135899	-3.03443807344475	0.00240984223517787	0.00964206401124477
ENSMUSG00000117916	61.9413548563712	-0.455496400336791	0.150117379964058	-3.03426825358829	0.00241119926357104	0.00964569574949982
ENSMUSG00000025986	3561.66058656225	0.156747989994651	0.0516818608379255	3.03294013515135	0.00242183639193277	0.00968644307606276
ENSMUSG00000017697	313.253458166271	0.266975005995086	0.088048416960861	3.03213862565821	0.00242827658253372	0.0097103921610784
ENSMUSG00000029810	5832.7852934288	0.174785464877775	0.0576495633689197	3.03186103525644	0.00243051069454778	0.00971751584450784
ENSMUSG00000097899	85.4131966383905	-0.404131168343173	0.133332598955425	-3.03100045682211	0.00243744879118593	0.00974344054964564
ENSMUSG00000029060	2167.31956664903	-0.102894277560972	0.0339479670443359	-3.03094077552839	0.00243793062107413	0.00974355217128603
ENSMUSG00000047888	3241.3143245953	-0.249844995941533	0.0824414596678431	-3.03057462771958	0.00244088858057021	0.00975355812928521
ENSMUSG00000072214	4689.15695210218	0.131182323922023	0.0432874058036535	3.03049631842228	0.00244152163577967	0.00975427199583963
ENSMUSG00000109419	28.8466638184656	-0.708627120974587	0.233882807279364	-3.02983844438022	0.00244684584982092	0.00977372404396277
ENSMUSG00000036641	293.996572440086	-0.241219559858846	0.079651259018528	-3.02844628987892	0.00245814768812714	0.00981704153922552
ENSMUSG00000020190	3039.30772237978	0.173947440817247	0.0574679418963514	3.02686045606047	0.00247108004746361	0.00986685347820941
ENSMUSG00000022724	734.239966784671	0.148417635458391	0.0490701834595601	3.02459915562993	0.0024896284801543	0.00993906731541607
ENSMUSG00000041153	870.46909224561	0.146626669877102	0.0485036842944249	3.02300066500218	0.00250281693311249	0.00998986022428278
ENSMUSG00000025246	3823.81577478445	-0.109368806546313	0.0361905965876859	-3.02202275890435	0.00251091669041043	0.0100203267663786
ENSMUSG00000131246	276.278444547995	0.248285150809943	0.0821646114407286	3.02180155734138	0.00251275217119241	0.0100257877521963
ENSMUSG00000071714	147.138114346545	0.773696143418084	0.256078088920108	3.02132894962155	0.00251667787689506	0.0100395850781322
ENSMUSG00000030519	3771.86486871022	0.20265628484515	0.0670773792664825	3.02123140559867	0.00251748882232674	0.0100409541174407
ENSMUSG00000020589	949.697333825443	0.249526197687066	0.0825948259145757	3.02108751878889	0.00251868548114302	0.0100438607724719
ENSMUSG00000075012	336.743483182042	0.348159042285755	0.115246960552887	3.0209824243129	0.00251955984578345	0.0100454813613647
ENSMUSG00000027905	619.274231098687	0.155088066316674	0.0513756219942583	3.01870926903827	0.00253854011658489	0.0101192761639018
ENSMUSG00000002109	170.284137263876	-0.305367906075779	0.101160626036995	-3.01864389376263	0.00253908791311073	0.0101195806057993
ENSMUSG00000041025	606.990010836105	0.208600414187015	0.0691162091810462	3.01811133247481	0.00254355441273926	0.0101355000972454
ENSMUSG00000000957	2124.79281593123	0.438926324936091	0.14544308490565	3.01785626467444	0.00254569616639491	0.0101421518017508
ENSMUSG00000031134	790.705349157292	0.248572365941957	0.0823728452118952	3.01764938800562	0.00254743447993654	0.010147194014904
ENSMUSG00000031758	389.493510240617	0.251329103342109	0.0832918229488989	3.01745230736881	0.00254909149042826	0.0101519105628076
ENSMUSG00000031577	966.230281580656	0.139027974391974	0.0460775914797815	3.01725784545353	0.00255072744941246	0.0101565415375789
ENSMUSG00000073678	1672.92392602517	-0.253391789735622	0.0839875145660177	-3.0170173631754	0.00255275189403902	0.0101627173882496
ENSMUSG00000035864	16782.0739961076	-0.225854674568606	0.074865084124848	-3.01682255765534	0.00255439289658608	0.010166158678237
ENSMUSG00000103255	1667.23715819893	-0.191029935418417	0.0633219931634299	-3.01680231267171	0.00255456349158719	0.010166158678237
ENSMUSG00000117927	12.6038111854935	-1.15386812849944	0.382539443684472	-3.01633765497703	0.00255848180958916	0.0101798647867731
ENSMUSG00000031828	199.925604660592	-0.302907873646601	0.100446107060793	-3.0156258167703	0.00256449518696803	0.0102019002378532
ENSMUSG00000032733	329.976059510311	0.394500219856219	0.130825631340604	3.01546582128955	0.00256584855446973	0.0102053928238368
ENSMUSG00000004667	2069.44714342061	-0.115980484633066	0.0384682864161483	-3.01496363467804	0.00257010068683933	0.0102204115123552
ENSMUSG00000143157	172.915204153766	-0.289790800064533	0.0961213748546984	-3.01484243751813	0.00257112785651696	0.0102222260836769
ENSMUSG00000008153	3723.11705936768	0.265016386557538	0.0879052051586366	3.01479742956382	0.00257150940332877	0.0102222260836769
ENSMUSG00000028549	483.625072614896	-0.175011662204693	0.0580733715939475	-3.01363012687442	0.0025814231042181	0.0102584183847495
ENSMUSG00000020781	490.969920172204	-0.197975857726211	0.065693858123121	-3.01361289140869	0.00258156974352077	0.0102584183847495
ENSMUSG00000035329	1323.35774563364	0.202574756231703	0.0672368279802381	3.01285415027673	0.00258803266443945	0.0102821967749134
ENSMUSG00000123948	58.1368977787735	-0.60408312773717	0.200514111459408	-3.01267139424978	0.00258959158085566	0.0102864864682915
ENSMUSG00000026393	20822.4495051878	-0.10402814400135	0.0345311593963531	-3.01258764026141	0.00259030629267855	0.0102874218091837
ENSMUSG00000039529	182.899632032967	0.608184803656451	0.201911549681799	3.01213479176854	0.00259417378487281	0.010300875779889
ENSMUSG00000118449	132.427106230709	-0.347559656420012	0.115415374296805	-3.01138092336137	0.00260062380962692	0.0103231078854124
ENSMUSG00000117042	65.4083999857641	-0.439778637385018	0.146039486961512	-3.011367997348	0.00260073453108685	0.0103231078854124
ENSMUSG00000003464	7091.07544997616	-0.0777288834783294	0.0258204083119596	-3.01036616227043	0.00260932915922809	0.0103553077707506
ENSMUSG00000086824	27.5572003360311	-0.811080980985009	0.269434386180507	-3.01030982898235	0.00260981320628469	0.0103553142857869
ENSMUSG00000019969	4774.86258714388	0.105268392546729	0.0349725373506731	3.01003016999289	0.00261221740801327	0.0103599905341494
ENSMUSG00000117729	25.9493850079564	0.756022667950469	0.251167902127173	3.01002899473865	0.00261222751583331	0.0103599905341494
ENSMUSG00000051726	400.521340203049	-0.369737754465444	0.122836286384054	-3.01000433462665	0.00261243961433666	0.0103599905341494
ENSMUSG00000120773	31.8480562768763	-0.760919057502229	0.252888813375377	-3.00890754061452	0.00262188893829157	0.010395542657807
ENSMUSG00000045316	553.937987066488	-0.157401605525137	0.0523263806808162	-3.00807362323156	0.00262909437202168	0.010422186480114
ENSMUSG00000090066	62.1943038482092	2.3503461137228	0.781559451826878	3.00725185810102	0.00263621250819616	0.0104484744647228
ENSMUSG00000019892	186.328633589392	-0.328626036976774	0.109286537249091	-3.0070129885052	0.00263828490070178	0.0104547579247673
ENSMUSG00000037847	389.61689079616	-0.231077307867431	0.0768522659724558	-3.00677286405908	0.00264036968093521	0.0104610881452483
ENSMUSG00000001416	14501.8331717285	0.0825003077946801	0.0274403587622292	3.00653167509745	0.00264246521916335	0.0104674586445028
ENSMUSG00000054409	2614.50655903503	-0.195224748697552	0.0649368352034317	-3.00637916963398	0.00264379102701532	0.0104707782630832
ENSMUSG00000000555	328.58371781805	0.613347536848772	0.204047295146154	3.0059086860693	0.00264788501311037	0.0104850580504385
ENSMUSG00000056735	55.8740911539723	-0.541323106761482	0.18010050588733	-3.00567232776198	0.0026499439078102	0.0104912755302571
ENSMUSG00000044783	3007.14531492512	-0.177211197344591	0.0589835989594241	-3.00441479446681	0.00266092278480248	0.0105327989117776
ENSMUSG00000022022	390.065494927075	-0.213080116095744	0.0709396344110386	-3.003682185069	0.00266733796983037	0.0105562457338456
ENSMUSG00000031333	2357.19789544769	-0.129121658735965	0.0429913400286125	-3.00343414859899	0.00266951313288417	0.0105629067116113
ENSMUSG00000036686	1996.00303743248	-0.114419257469665	0.0381003253070932	-3.00310447607554	0.00267240671497102	0.0105705280913438
ENSMUSG00000036422	335.225260550897	0.426720668463393	0.142093480991125	3.00309813994946	0.00267246235610487	0.0105705280913438
ENSMUSG00000113204	449.643321864456	-0.299018494607186	0.099571718972233	-3.00304642416158	0.00267291654149883	0.0105705280913438
ENSMUSG00000061751	2577.85470824059	-0.19733730171489	0.0657156021396958	-3.00289878338782	0.00267421356048554	0.0105720421856726
ENSMUSG00000028688	788.778804056603	0.133246886899663	0.0443728724378215	3.00289072081998	0.00267428440641955	0.0105720421856726
ENSMUSG00000043068	3601.94012916589	-0.164807322066245	0.0548991892499072	-3.00199919740205	0.00268212882877674	0.0106011006147158
ENSMUSG00000041765	1777.97738797194	-0.10282308128442	0.03425352896276	-3.00182446591732	0.00268366873536503	0.0106052343654908
ENSMUSG00000039428	3763.75265224131	-0.143064744984508	0.0476608954147345	-3.00172172049204	0.00268457460681435	0.0106068614963881
ENSMUSG00000126489	22.4660270274073	-0.826270244633812	0.275271902918808	-3.00165122510713	0.00268519630225837	0.0106073654442912
ENSMUSG00000043411	4367.21498413896	-0.148333852197577	0.049420795251788	-3.00144608037666	0.00268700621246838	0.0106125621631732
ENSMUSG00000029208	727.707651536813	-0.168095816324543	0.0560097981589869	-3.00118589692814	0.00268930331093791	0.0106196808080561
ENSMUSG00000028182	77.4460484098362	-0.42845380189376	0.142797067415011	-3.000438381893	0.00269591293319254	0.0106438232525126
ENSMUSG00000057093	418.61103673664	-0.18301175152029	0.0610000417878538	-3.00019059260269	0.00269810719109911	0.0106505275770749
ENSMUSG00000029402	590.784128447863	0.157451306462465	0.0524818847509935	3.00010769829458	0.00269884161242782	0.0106514679265261
ENSMUSG00000069835	365.101171666429	-0.276527154566269	0.0921810849708851	-2.99982534002077	0.00270134460202171	0.0106593866226099
ENSMUSG00000037104	4604.46337873335	-0.10838133714312	0.0361309755322042	-2.99967923773655	0.00270264057106379	0.0106611285140673
ENSMUSG00000090053	1051.35634521962	-0.287702919324214	0.0959117281069054	-2.99966359696421	0.00270277934284703	0.0106611285140673
ENSMUSG00000002835	362.841938288471	-0.184496352879225	0.0615101252292432	-2.99944687466692	0.0027047028682594	0.0106667557909344
ENSMUSG00000027602	27801.4574159851	0.120766465556517	0.0402671806331809	2.99912890988458	0.002707527238398	0.0106759330821917
ENSMUSG00000039911	2161.41333643934	0.146283076515912	0.0487840231767626	2.99858574570355	0.0027123582106547	0.0106930176951173
ENSMUSG00000031780	11.6390330125633	-2.39230453672318	0.798132070512261	-2.99737928734995	0.00272311679428514	0.0107334603573494
ENSMUSG00000042857	160.93758597767	-0.297432189835042	0.0992522938402337	-2.99672862285498	0.00272893526069707	0.0107544197367584
ENSMUSG00000118030	70.5004564626379	-0.491215753473996	0.163932033188023	-2.99645983717284	0.00273134214844756	0.0107608861522953
ENSMUSG00000044712	126.401463496417	0.383000451329594	0.127818775274593	2.99643343090085	0.00273157871256206	0.0107608861522953
ENSMUSG00000090641	347.434758952302	-0.229585736097214	0.076634216405714	-2.99586460024266	0.00273667920488993	0.0107790010664527
ENSMUSG00000030096	2098.10301523908	0.337532868446296	0.112674629262883	2.99564214814314	0.00273867621540469	0.0107848878444097
ENSMUSG00000041809	229.791193688593	-0.263239271083028	0.087888463959291	-2.99515157307741	0.00274308494183976	0.0108002680413669
ENSMUSG00000028343	2307.08310388409	0.110987186773653	0.0370637261278201	2.99449619260882	0.00274898486708438	0.0108215127740388
ENSMUSG00000020375	849.959333492156	-0.13745570310601	0.045903845404317	-2.99442676088055	0.00274961059028565	0.0108219913698335
ENSMUSG00000025656	3232.37307673084	-0.111749466468783	0.0373255061402099	-2.99391697594148	0.00275420879107157	0.0108381019081837
ENSMUSG00000004383	7120.749319142	0.16984739359302	0.0567380025409612	2.99353847485909	0.00275762736943185	0.0108495654531202
ENSMUSG00000042846	516.760933981178	-0.308649461090654	0.103145072129162	-2.99238203744869	0.00276809620605766	0.0108887581380307
ENSMUSG00000097293	10.4255879886398	1.09271430854312	0.365320098909971	2.9911146739627	0.00277961090161134	0.0109320497643806
ENSMUSG00000042298	3247.63072846683	0.136077338091693	0.0455082752874166	2.99016689233485	0.00278825059351707	0.0109620577374383
ENSMUSG00000062309	144.410308746078	-0.322699820173689	0.107920383169115	-2.99016562671025	0.00278826214694928	0.0109620577374383
ENSMUSG00000004934	1585.60030269019	-0.124394797986522	0.0416034381535356	-2.99001244866948	0.00278966077716249	0.010965548112538
ENSMUSG00000117757	24.1543194066889	0.732543797755707	0.245025675323843	2.98966137645587	0.00279286874686419	0.0109761480263982
ENSMUSG00000028675	1835.32429624801	0.167360333370924	0.0559909209460055	2.98906198618017	0.00279835354377437	0.0109956904943549
ENSMUSG00000069581	58.6546315146818	-0.43879520703545	0.146805793087139	-2.98895021652856	0.00279937739372766	0.0109977004271153
ENSMUSG00000022565	26225.8216701178	0.236061519125006	0.0789803285203033	2.9888647407224	0.0028001606135011	0.01099876445186
ENSMUSG00000052296	10862.879725941	-0.0871706868438579	0.0291678697656035	-2.98858598671662	0.0028027162433676	0.0110067886718128
ENSMUSG00000045545	13.0813951627149	1.03607755828441	0.346721114682451	2.98821593035463	0.00280611222843678	0.011018109583981
ENSMUSG00000002455	3386.97096632171	0.104271830839356	0.0348978210743525	2.98791808855906	0.00280884823365866	0.0110268354395971
ENSMUSG00000024491	1576.72880693367	0.164625400012157	0.0551143625846899	2.98697820843325	0.00281749804975754	0.0110587700011145
ENSMUSG00000039834	1087.57103587404	0.156312910431248	0.0523346428503663	2.98679616249935	0.00281917624703511	0.011063334061948
ENSMUSG00000096433	593.200155854429	-0.163509092741249	0.0547493497709238	-2.9865029160234	0.00282188147020272	0.0110719260901794
ENSMUSG00000003070	187.858033762262	0.310728180099856	0.104052594108604	2.98626077285046	0.0028241170476967	0.0110786726143745
ENSMUSG00000020493	80.7295482066577	-0.419507754522742	0.140506324568201	-2.98568591707141	0.00282943086006742	0.0110974900131934
ENSMUSG00000099876	112.676815250474	-0.378832508601571	0.126886127153198	-2.98561014589232	0.00283013194906819	0.0110982119873397
ENSMUSG00000022833	157.558072630215	-0.296576308856157	0.0993631207996079	-2.98477248368922	0.00283789317425013	0.0111266145896718
ENSMUSG00000039795	712.875874875998	-0.20169291686268	0.0675799913278567	-2.98450640344402	0.00284036256214376	0.0111342627390391
ENSMUSG00000024304	4766.69017240363	0.175691695536166	0.0588791906377369	2.98393530266296	0.00284566935355279	0.0111530287280197
ENSMUSG00000087579	20.3979799900379	0.858701408467322	0.287782154604079	2.98385912652817	0.00284637788245833	0.0111537691903707
ENSMUSG00000020357	137.442053341508	0.532691758996989	0.178561304127943	2.98324299096351	0.00285211460076979	0.0111742091659289
ENSMUSG00000061536	2661.91689355372	-0.124562048041753	0.0417611538928216	-2.98272524656375	0.00285694337809049	0.0111910851376077
ENSMUSG00000106783	131.077363595394	-0.353512013803126	0.118534746114518	-2.98234927218383	0.00286045460472389	0.0112027948449194
ENSMUSG00000015053	113.161239556701	0.627139361488007	0.210366043937682	2.98118151460693	0.00287138543489674	0.011243553401221
ENSMUSG00000054892	26.6566051813727	0.961068868808072	0.322450157057954	2.9805191524076	0.00287760243176363	0.0112658423855988
ENSMUSG00000097746	6.14976575492312	1.44427658249498	0.48460675481002	2.98030633737488	0.00287960254139497	0.0112716170958396
ENSMUSG00000097055	135.588472761878	-0.326990459652634	0.10975153774844	-2.97937018797972	0.00288841587690398	0.011304053821991
ENSMUSG00000029701	1393.96672830139	0.15105440979049	0.0507020817066311	2.97925459282936	0.00288950584834543	0.0113062582100953
ENSMUSG00000017631	15793.8836393128	-0.132945894053721	0.0446284651243286	-2.97894838380287	0.00289239497367194	0.0113134941987381
ENSMUSG00000095565	5.5996943003153	2.90532274303331	0.97528518117989	2.97894687533187	0.00289240921283306	0.0113134941987381
ENSMUSG00000036790	551.666376770798	0.256529374745743	0.0861256639365989	2.97854742733346	0.00289618204136533	0.0113261875933591
ENSMUSG00000019122	218.009956307733	0.804359970400353	0.270128338352856	2.97769562166282	0.00290424244305437	0.0113556408529335
ENSMUSG00000045538	672.891316962007	0.161729908662385	0.0543177630123937	2.97747734245763	0.00290631125196256	0.0113616604142467
ENSMUSG00000036138	1614.67168637759	0.120381415270791	0.0404440034461065	2.97649601952003	0.00291562867144771	0.0113960096615616
ENSMUSG00000038508	9.37611569333388	1.47935299754167	0.497070228388918	2.97614484443472	0.00291896961059231	0.0114066082784483
ENSMUSG00000024507	3486.49458773328	-0.108582061943523	0.0364846903904127	-2.97609931128964	0.00291940305048891	0.0114066082784483
ENSMUSG00000113604	8.51628855715289	1.57537126120465	0.529364889943531	2.97596476670884	0.00292068415282148	0.0114095370381194
ENSMUSG00000042660	764.123095806248	-0.157012965859753	0.0527680617968631	-2.97553028315107	0.00292482470909895	0.0114236330432165
ENSMUSG00000018339	6800.39026236945	0.330256870654282	0.111001223355079	2.97525433208813	0.00292745725795049	0.0114318350917164
ENSMUSG00000120555	96.5034952255549	-0.469268915568164	0.15776319685869	-2.9745144933168	0.00293452592890052	0.0114573542360456
ENSMUSG00000059406	83.3144458791939	-0.536865986585495	0.180523805708744	-2.9739345704448	0.0029400775950491	0.0114769422904754
ENSMUSG00000028657	4338.49869512651	-0.0981604363723683	0.0330081249328567	-2.97382649187255	0.00294111330219668	0.0114788978445371
ENSMUSG00000087028	19.5835306395213	-0.817639190373706	0.275002416175677	-2.97320729666383	0.00294705341424638	0.0114999906544652
ENSMUSG00000107152	6.72762637196293	2.01203474733562	0.676764884761494	2.97301883215276	0.00294886357875706	0.0115049628465284
ENSMUSG00000032215	905.259248409625	0.133896795516894	0.0450468736987108	2.9723881930729	0.00295492812308391	0.0115265286371287
ENSMUSG00000052726	409.214026474696	-0.269303642119936	0.0906251532589055	-2.97162137039997	0.00296231760928943	0.0115532539609387
ENSMUSG00000038708	6098.31048302337	0.14142246787506	0.0475981731121733	2.97117428313422	0.00296663374284438	0.0115679854539323
ENSMUSG00000020334	208.931273381943	0.269331355400615	0.0906567051184227	2.97089283190685	0.00296935378572745	0.0115764889873639
ENSMUSG00000052423	1649.68450460339	0.144791648891543	0.0487470929759271	2.97026222595562	0.00297545644445855	0.0115981746934351
ENSMUSG00000097520	181.735958835127	-0.327423700852763	0.110251139033061	-2.96979880411556	0.00297994847945705	0.0116135755374047
ENSMUSG00000046480	28208.0455298194	-0.207586607910353	0.0699007120989249	-2.96973523841319	0.00298056511607542	0.0116138701727491
ENSMUSG00000032125	279.501328242786	0.374486001487083	0.126113312648587	2.96944068490677	0.00298342403346151	0.0116229002363493
ENSMUSG00000040904	8.46986079889242	1.46347685334615	0.493046248348863	2.96823443692577	0.00299515791914827	0.0116664960791938
ENSMUSG00000028416	8633.80239443721	0.105050083400912	0.035405043141806	2.96709378322631	0.00300629244516805	0.0117077419499233
ENSMUSG00000026313	2748.96166230479	-0.14909903667263	0.0502659413118635	-2.9662040097405	0.00301500419776438	0.011739539290624
ENSMUSG00000026077	207.072854424581	-0.337743104274456	0.113875578300703	-2.96589584276447	0.00301802681884284	0.0117491773110773
ENSMUSG00000034848	725.391554315018	-0.161768313696816	0.0545617350720759	-2.9648674750376	0.00302813346145774	0.0117863849290393
ENSMUSG00000037325	1024.95444050828	-0.144072948794671	0.0486008788336419	-2.96441036154562	0.00303263580684701	0.0118017694397712
ENSMUSG00000137863	32.8892069091001	0.625594368366473	0.211173768361817	2.96246249342201	0.00305188988578752	0.0118745456386288
ENSMUSG00000014503	55.1799422175319	-0.5083263468449	0.171631869958027	-2.96172468999616	0.00305921191152036	0.0119008776536238
ENSMUSG00000040220	1336.08628677862	0.111133357623988	0.0375259214547503	2.96150909333419	0.00306135453437661	0.0119070549800559
ENSMUSG00000031936	5.64798440712608	1.55333291958477	0.52454935920571	2.96127121752064	0.00306372015778541	0.0119140972657648
ENSMUSG00000028906	7603.08955639453	-0.158418283010068	0.053500651797248	-2.96105332717118	0.0030658884928317	0.0119203699306512
ENSMUSG00000034037	382.713217453625	0.377642685849308	0.127565024785099	2.96039362266812	0.00307246207590597	0.0119437651070984
ENSMUSG00000028949	1363.61639596709	-0.154097121922821	0.0520615897128025	-2.9599004327931	0.00307738482806031	0.0119587877058352
ENSMUSG00000002297	123.591976182099	0.358426050808823	0.121094184405963	2.95989483365457	0.00307744075687291	0.0119587877058352
ENSMUSG00000039754	432.622287670946	0.193263143510273	0.0652961066122309	2.95979582148734	0.00307842992517564	0.0119604663844018
ENSMUSG00000020289	2174.84990112539	-0.101868050163187	0.0344204900047403	-2.9595177218325	0.00308120979496833	0.0119691005173344
ENSMUSG00000054414	928.469724126474	0.174688696645947	0.0590285084278986	2.95939540568476	0.0030824331855186	0.0119716864049832
ENSMUSG00000135284	60.7513011619721	-0.44920939539073	0.151794147144887	-2.95933277955679	0.00308305973552011	0.011971953741439
ENSMUSG00000024827	142.932603891462	0.348210760693649	0.117681533340014	2.95892440224733	0.00308714823986633	0.0119856618044801
ENSMUSG00000036285	1221.34666078386	-0.125436698378279	0.0423998761808939	-2.95842133696614	0.00309219151702063	0.0120030710857803
ENSMUSG00000031563	1500.5653141423	0.213217907651146	0.072078092751435	2.95815135378844	0.00309490122066476	0.0120114173933809
ENSMUSG00000033411	559.75704190815	0.179545607638818	0.0607094119577556	2.95745917887912	0.00310185817294785	0.0120362414209144
ENSMUSG00000018541	1500.09484029369	-0.121847763300918	0.0412010277508778	-2.95739620957203	0.00310249177562314	0.0120365242102885
ENSMUSG00000024414	2383.84336093453	-0.146740154112219	0.0496217770617217	-2.9571724916199	0.00310474379972931	0.0120430846413064
ENSMUSG00000030148	116.583528165543	0.674859627967814	0.228226548221658	2.95697250484802	0.00310675819896346	0.0120487211380216
ENSMUSG00000018548	13772.5657764463	-0.117372037596662	0.039695966677473	-2.95677489227814	0.00310874985410281	0.0120542674075453
ENSMUSG00000144291	558.777065966492	0.195564930035816	0.0661515824172617	2.95631522164139	0.00311338718797495	0.0120700685167185
ENSMUSG00000036214	219.393319700394	-0.233125281345584	0.0788592899282706	-2.95621836764739	0.00311436509233784	0.012071679500203
ENSMUSG00000020869	11710.344142504	0.116712755147381	0.0394828025244832	2.95604029311262	0.00311616378579812	0.0120764708116885
ENSMUSG00000028367	27331.6776613809	-0.133489333948281	0.0451657846370389	-2.95554112523512	0.00312121082531183	0.0120938468548996
ENSMUSG00000019891	1702.20855354796	-0.145531513651618	0.0492509493363835	-2.95489763370121	0.00312772810368274	0.0121157825663216
ENSMUSG00000097617	333.798434747516	-0.212252507799007	0.0718314022530197	-2.95487072703059	0.00312800088430795	0.0121157825663216
ENSMUSG00000071113	34.7492635519848	0.61033906722592	0.206595786989548	2.95426676467899	0.00313412958269221	0.0121373309799876
ENSMUSG00000008958	1435.2420031122	0.138273983035313	0.0468147104033129	2.95364388338773	0.0031404617255371	0.0121596593435028
ENSMUSG00000024830	774.687455072437	0.142472912587704	0.0482440183825499	2.95317258728259	0.00314526061815343	0.0121760440810246
ENSMUSG00000020870	29.7667770875062	-0.667137920018631	0.225958488068806	-2.95248001400807	0.00315232475803242	0.0122011906339567
ENSMUSG00000022940	1786.60114610423	-0.156633140336139	0.0530741221576504	-2.9512149041463	0.00316526603147493	0.0122490716840889
ENSMUSG00000029725	743.296603459522	-0.203462863226648	0.068949246456435	-2.95090771376601	0.0031684156928267	0.0122590503356557
ENSMUSG00000037243	107.421084322916	-0.388882341590942	0.131795385413045	-2.95065218233696	0.00317103786468908	0.0122669848267103
ENSMUSG00000087403	661.515861988876	-0.178440576830722	0.0604776501792672	-2.95052099910943	0.00317238478814144	0.0122699841193233
ENSMUSG00000027713	44.5578066992597	-0.521115017313037	0.176646251031425	-2.95004855336744	0.00317723994542356	0.0122865488503805
ENSMUSG00000118256	27.3129801700423	-0.744760421320433	0.2524624056527	-2.94998544197096	0.00317788903137681	0.0122868454516453
ENSMUSG00000030249	235.016980247602	0.403643587310835	0.136845502595728	2.94962990857863	0.00318154786788448	0.0122987766130035
ENSMUSG00000022394	1740.20985285671	-0.110843820080576	0.0375815845134427	-2.9494184855598	0.00318372546738215	0.0123049785529033
ENSMUSG00000028423	2674.88418608636	0.109635338997832	0.0371744864477403	2.94920924198797	0.00318588195655571	0.0123110966839649
ENSMUSG00000024847	6799.04536574518	-0.104703912872139	0.0355097753230853	-2.9485940679571	0.00319222972603543	0.0123334059213601
ENSMUSG00000139573	8.79294258035942	-1.31788013023508	0.447125270793443	-2.94745167924963	0.00320404822887384	0.0123768398922091
ENSMUSG00000022228	1761.65208887312	-0.159994560289082	0.0542870354950453	-2.94719648678706	0.00320669374732714	0.0123848305109975
ENSMUSG00000120849	737.591977621	0.424043989567929	0.143887462398008	2.9470530823247	0.00320818126011011	0.0123883466324022
ENSMUSG00000025969	4073.5784116895	-0.164128164510511	0.0557045371523692	-2.94640567718155	0.00321490452611134	0.0124120756398392
ENSMUSG00000040466	2171.05014595543	0.147302128734683	0.0499978871229144	2.94616707247162	0.00321738565887062	0.0124194210669514
ENSMUSG00000091474	704.635838799752	-0.17246661623948	0.0585598241031234	-2.9451354897475	0.00322813267105895	0.0124586652134037
ENSMUSG00000062960	594.405251358168	0.480718236680618	0.163320206183434	2.94340944035239	0.00324618780213608	0.0125246694209674
ENSMUSG00000017837	1967.59822292876	0.114488654113563	0.0388968813466107	2.94338903660045	0.00324640178227254	0.0125246694209674
ENSMUSG00000040350	191.086282279505	-0.242176112555918	0.0823016178798341	-2.94254376517253	0.0032552776939056	0.0125566560606249
ENSMUSG00000034459	2059.74066699267	0.605517773767638	0.205789341491161	2.94241562454121	0.00325662518392672	0.0125595968735485
ENSMUSG00000059588	544.605386386704	0.245797736870891	0.0835378361494913	2.94235221069211	0.00325729221367562	0.0125599128181715
ENSMUSG00000121377	1055.69664936572	-0.147063757440448	0.0499860449866753	-2.94209628866719	0.0032599854396134	0.0125672684929802
ENSMUSG00000061461	1659.41420856503	-0.127516997474795	0.0433427635170631	-2.94205969180056	0.00326037073685861	0.0125672684929802
ENSMUSG00000046808	165.773484310318	0.336207447759748	0.114290125698862	2.94170161861232	0.00326414277394005	0.0125795491535722
ENSMUSG00000086290	275.714054402526	0.293416033055436	0.0997799677721597	2.9406306657207	0.0032754482131861	0.0126208528709842
ENSMUSG00000025421	4948.41483163543	-0.103360858047333	0.0351563715949485	-2.94003201576652	0.00328178335125704	0.0126429937936259
ENSMUSG00000125050	7.43842945659956	1.44864474098182	0.492768332036621	2.93980892602117	0.00328414702389423	0.0126498295379353
ENSMUSG00000009551	375.878521960776	-0.201827556739806	0.0686552516187124	-2.9397249588522	0.00328503707151483	0.0126509877605198
ENSMUSG00000028902	1480.02425365958	0.117584063388705	0.0400047157260939	2.93925506667226	0.0032900219609022	0.0126679123610272
ENSMUSG00000038497	3050.77345492107	-0.0797047660808323	0.0271251292173494	-2.93841055805377	0.00329899832280057	0.012700196914856
ENSMUSG00000066571	1787.68503312841	0.182052702926639	0.0619635931907627	2.93805916590678	0.0033027398709231	0.0127123209735046
ENSMUSG00000022475	482.05981809406	0.315134559416946	0.107276788667159	2.93758382714731	0.00330780732670835	0.0127295432189174
ENSMUSG00000127526	27.8517143973267	-0.745420664924369	0.253792338384191	-2.93712832180123	0.00331266998767715	0.012745971313045
ENSMUSG00000040543	326.453281666502	0.368448408725317	0.125485246361959	2.93618906929135	0.00332271735997287	0.0127823388618598
ENSMUSG00000143548	42.9211766165249	-0.615116142829845	0.20957849957001	-2.93501549105405	0.00333531036362398	0.012828484548567
ENSMUSG00000079109	600.021689457406	-0.147036021356071	0.0501018747106253	-2.9347409095031	0.00333826301031623	0.0128364580948095
ENSMUSG00000028295	779.913860263818	-0.160185744413115	0.0545831317489902	-2.93471149932834	0.00333857940665804	0.0128364580948095
ENSMUSG00000097709	81.2670042084017	-0.489256694501679	0.166728884987219	-2.93444470968053	0.00334145079270444	0.0128451974778284
ENSMUSG00000016984	612.501191532485	-0.199592919600656	0.0680207873902045	-2.93429298981327	0.00334308471627901	0.0128489919335775
ENSMUSG00000030346	62.6189410881801	-0.499927577053627	0.170377083004177	-2.9342419076477	0.00334363500144246	0.0128489919335775
ENSMUSG00000028959	3383.97450128816	-0.0865322660529354	0.0294942448875135	-2.93386951871309	0.003347649072925	0.0128621147305187
ENSMUSG00000037958	850.846979702244	0.135358317447439	0.0461495819162518	2.93303453307714	0.00335666554375002	0.0128937519324824
ENSMUSG00000032498	705.730498072372	-0.198342441655829	0.0676245236245364	-2.93299576876966	0.0033570846711378	0.0128937519324824
ENSMUSG00000001445	2817.96062004873	-0.0948687480947017	0.0323587573289443	-2.93177970743157	0.00337025718922303	0.0129420287699216
ENSMUSG00000030127	5837.20788854326	-0.0998776969314755	0.0340696715908175	-2.93157204833153	0.00337251127557983	0.0129483682778746
ENSMUSG00000128635	5.90210316135476	1.70816663387842	0.582828397041213	2.93082259297951	0.00338065784333437	0.0129773249758612
ENSMUSG00000006998	23279.1955479323	0.0977682571367077	0.0333635949492504	2.93038736639214	0.0033853969692834	0.0129931935173677
ENSMUSG00000038010	403.309301485765	-0.232027597510635	0.0792028522804955	-2.92953587945183	0.00339468619759944	0.0130265166102377
ENSMUSG00000021987	31968.146252255	-0.1254298756223	0.0428171536963227	-2.92943049208506	0.00339583752501615	0.0130286055964248
ENSMUSG00000091514	178.893487623389	-0.313168858692631	0.106913861491982	-2.92916984123818	0.00339868658951938	0.0130372062778097
ENSMUSG00000014551	2304.68962097433	-0.124734471702737	0.0425870586222745	-2.92892901594986	0.00340132088325484	0.0130449801822313
ENSMUSG00000033075	563.154224729749	0.174842686346311	0.0597032198778611	2.92853026526875	0.00340568674855597	0.013059391165506
ENSMUSG00000037857	3904.88225337734	0.171677765375758	0.0586344352937268	2.92793414852118	0.00341222306233246	0.0130811844774879
ENSMUSG00000042505	914.785552090235	-0.186419605901818	0.0636700549776419	-2.92790081565472	0.00341258888819212	0.0130811844774879
ENSMUSG00000024429	5289.30299209316	-0.0760787407656538	0.0259867523536621	-2.92759709756239	0.00341592381803752	0.0130916301871083
ENSMUSG00000049922	1740.74652386108	-0.160435964563417	0.0548100168830327	-2.92712853757727	0.00342107458853053	0.0131090301887534
ENSMUSG00000057530	5437.52792164582	0.126721930314906	0.0432957384907167	2.92689153095466	0.00342368263869564	0.0131166824062539
ENSMUSG00000038700	947.226724975864	-0.211444132917141	0.0722450558792489	-2.92676267384374	0.00342510135766767	0.0131197761855272
ENSMUSG00000063687	222.127706649703	-0.329264343610873	0.112533262270343	-2.92592907170741	0.00343429226825977	0.0131526347601185
ENSMUSG00000030806	17294.9418653162	0.180444813051741	0.0616813457778186	2.92543573387193	0.00343974215140414	0.0131698636760323
ENSMUSG00000035443	1481.71539371842	-0.12771286635549	0.0436571642788218	-2.92535872325185	0.00344059359460342	0.0131698636760323
ENSMUSG00000030007	16888.9465257596	0.0732983092530027	0.0250562074777103	2.92535529641539	0.00344063148677858	0.0131698636760323
ENSMUSG00000035653	3993.91131915379	-0.180799978597602	0.0618140734361329	-2.92489992241665	0.0034456701559984	0.0131867989960174
ENSMUSG00000020859	22869.1800438565	-0.0912378286015811	0.0311942674644176	-2.92482677163853	0.00344648018811207	0.0131875478998242
ENSMUSG00000095448	22.2837341059191	0.919500282989253	0.314390796222257	2.92470483881219	0.00344783079148239	0.0131903645998861
ENSMUSG00000017774	2754.59063592505	0.241763841172884	0.0826704697006012	2.92442805815007	0.00345089837331545	0.0131990886604755
ENSMUSG00000020287	593.195964683275	-0.177928587536815	0.0608430135569393	-2.92438814475062	0.00345134094154705	0.0131990886604755
ENSMUSG00000030822	1155.12983298616	0.151161011082281	0.0516968314435919	2.92398986284523	0.0034557600063553	0.0132136345380162
ENSMUSG00000019923	51828.9833158756	0.072294726983475	0.0247362663089165	2.92262082242442	0.00347098925031479	0.013269502270215
ENSMUSG00000039485	29786.6640887394	-0.125810701369214	0.0430498977039106	-2.92243903190008	0.00347301608058445	0.0132748866071627
ENSMUSG00000028709	206.53285405387	0.298476380016577	0.102142185342873	2.92216559705126	0.00347606670605833	0.0132841815759744
ENSMUSG00000035469	3944.64056869507	0.163250185672703	0.0558690304124242	2.92201572978075	0.00347773976185192	0.01328820963473
ENSMUSG00000061126	970.617564306642	-0.247777982535416	0.0848335682501123	-2.92075398508406	0.00349185443812661	0.0133397663941672
ENSMUSG00000032745	3033.21515187934	0.0709206035978662	0.0242828488228221	2.92060474927521	0.00349352732756848	0.0133437824935205
ENSMUSG00000033200	5.10808264780786	1.87195616161111	0.640963976775689	2.92053255633462	0.00349433685087624	0.0133440369429283
ENSMUSG00000048728	163.509596439316	-0.333935166059407	0.114342251275828	-2.92048794153838	0.00349483721667489	0.0133440369429283
ENSMUSG00000028851	6346.13300827956	0.0645579285003393	0.0221061838354382	2.92035608592231	0.00349631639062476	0.0133473106244266
ENSMUSG00000003731	5475.23432117575	-0.119078827245036	0.0407765007704286	-2.92028067625148	0.00349716260246611	0.0133481672163118
ENSMUSG00000096914	58.2836126272901	-0.466953594989675	0.159933499482752	-2.91967346740909	0.00350398320967543	0.0133718228584698
ENSMUSG00000017978	2851.11543172157	-0.212017384678211	0.0726257340492577	-2.91931486068577	0.00350801702198168	0.0133848370767612
ENSMUSG00000038072	1623.92000777942	-0.158550696197243	0.0543231492905965	-2.91865803562108	0.00351541632315364	0.0134106854083555
ENSMUSG00000022672	1145.40705182732	-0.231991042708927	0.0794870601803924	-2.91860136961203	0.00351605534510098	0.0134107398788091
ENSMUSG00000074607	1572.02379183292	-0.221719758051131	0.0759754804623311	-2.91830675767902	0.00351937938414409	0.013421033551259
ENSMUSG00000138531	104.048607355691	-0.407566123151754	0.139675334779391	-2.91795343677164	0.00352336959383776	0.0134338635348706
ENSMUSG00000026309	1666.06901991305	-0.101919917497166	0.0349315711789937	-2.91770206885102	0.00352621090878515	0.0134415553254784
ENSMUSG00000034801	2657.07969426355	0.142163814696248	0.0487252150114792	2.9176641839909	0.00352663931766953	0.0134415553254784
ENSMUSG00000042821	107.435509364143	0.943340875385503	0.323449758341679	2.91649893393643	0.00353983932841142	0.0134894711563429
ENSMUSG00000050605	352.425309751554	-0.200368740748548	0.0687170540978582	-2.91585172529672	0.00354719034207275	0.013515084821252
ENSMUSG00000075588	236.837718355558	-0.311740860478721	0.106957189166014	-2.91463213374887	0.00356108025159802	0.0135654885534166
ENSMUSG00000002458	735.937293779511	0.216229356103823	0.0741888743231853	2.91457928262766	0.00356168328925073	0.0135654885534166
ENSMUSG00000032042	7349.09288588288	0.0811748818473771	0.0278547661445261	2.91421875258964	0.00356579945936653	0.0135762071881548
ENSMUSG00000040524	1907.28088503089	0.186939752512377	0.0641482052926588	2.91418523183174	0.00356618238553033	0.0135762071881548
ENSMUSG00000031971	255.473279020512	0.224761881453451	0.0771273265398216	2.91416663246332	0.00356639487254286	0.0135762071881548
ENSMUSG00000049988	80.745580132301	0.746043690416847	0.256036516480327	2.91381753146985	0.00357038528667652	0.0135889876886167
ENSMUSG00000050122	106.228268469115	-0.36706981263062	0.125999690989206	-2.91325962586738	0.00357677088374777	0.0136108781759492
ENSMUSG00000028990	647.074334501017	0.157058190333484	0.0539134137788041	2.91315610207623	0.00357795692380354	0.0136122055667168
ENSMUSG00000042320	142.221914963312	-0.316078963365823	0.108501924942518	-2.91311848645335	0.00357838796296389	0.0136122055667168
ENSMUSG00000039760	14.5361922322072	-1.01178526522055	0.347332389329246	-2.91301731800616	0.00357954749124781	0.0136142038354227
ENSMUSG00000022710	8696.11975665324	-0.118240855282263	0.040592286224317	-2.912889769964	0.00358100985271541	0.0136170466036147
ENSMUSG00000027663	7160.64580707906	0.171072712591305	0.0587305260972697	2.91284148056112	0.0035815636412936	0.0136170466036147
ENSMUSG00000031906	3085.40895062443	-0.141822550351774	0.0486898026680085	-2.91277726711672	0.00358230016933317	0.0136174349982125
ENSMUSG00000021671	2089.99919272328	-0.138333552330019	0.0474975065079468	-2.91243819940052	0.00358619156010845	0.0136298137445623
ENSMUSG00000003955	1730.06630025794	0.108615023638379	0.037303897485585	2.91162669209968	0.00359552063404771	0.0136628511117841
ENSMUSG00000133328	16.420628069127	1.00865780976004	0.346464254131615	2.91128968640116	0.00359940132853275	0.0136751767996963
ENSMUSG00000032103	580.86133276478	-0.16669388297615	0.0572664541333044	-2.91084694345002	0.00360450540076096	0.0136921452721173
ENSMUSG00000127524	7.21381036358581	1.47402422718271	0.506585395516559	2.90972507345907	0.00361746813858352	0.0137389545404872
ENSMUSG00000131852	45.9642703199955	-0.614771852137465	0.211300611105894	-2.90946556623714	0.00362047266734647	0.0137479331818962
ENSMUSG00000032849	1406.77543536855	-0.160089255347704	0.0550288883595245	-2.90918570445728	0.0036237154009647	0.0137578130168214
ENSMUSG00000019977	4258.30988549479	0.0967200028017019	0.0332531309187467	2.90859838245112	0.0036305292388411	0.013781245029348
ENSMUSG00000029817	2170.27588826542	0.139300738467949	0.0478950510189926	2.90845787830375	0.00363216102907945	0.0137850015293882
ENSMUSG00000030660	2305.2061268507	0.107194625421119	0.0368590556944783	2.90823037653613	0.00363480460863182	0.0137925960277339
ENSMUSG00000078908	2561.4118268871	-0.111895076252429	0.0384787091801356	-2.90797375059022	0.00363778871229992	0.013800109581084
ENSMUSG00000027365	2567.08451052733	-0.102478547529247	0.0352408273904263	-2.90794953233951	0.00363807044253024	0.013800109581084
ENSMUSG00000031494	52.5934206977853	0.885653759937673	0.304590817761347	2.90768371301199	0.0036411640156488	0.0138094040211868
ENSMUSG00000031105	1585.32901955333	-0.138179941045814	0.0475331375618008	-2.90702335536251	0.00364885953362057	0.0138361453362832
ENSMUSG00000122028	8.71419306968578	-1.37747652847494	0.473860914537188	-2.90692160128947	0.00365004664507731	0.0138382022753849
ENSMUSG00000012114	3580.1784523097	0.13244203764877	0.04557596249857	2.90596249399944	0.00366125331567697	0.0138782383320364
ENSMUSG00000038594	1071.67906386928	0.161429249427699	0.0555679319461896	2.90507931056391	0.00367160051568729	0.0139150029431044
ENSMUSG00000037795	186.395722565363	0.472619454066412	0.162752317168175	2.90391843440266	0.00368524155063128	0.0139642356797619
ENSMUSG00000133227	25.0042493069533	-0.757094693030089	0.260809158297033	-2.90286851111202	0.00369761848419386	0.0140061986709615
ENSMUSG00000046167	1310.86719279323	0.363076492999672	0.125075082123886	2.90286831584925	0.00369762078954342	0.0140061986709615
ENSMUSG00000090610	80.548127821809	0.387575630403568	0.133521137555469	2.9027286428155	0.00369927015949176	0.0140099741079129
ENSMUSG00000043162	532.473922218181	-0.164886625994051	0.056827166729601	-2.90154578317491	0.00371326514501413	0.0140604956081978
ENSMUSG00000036241	6574.27367167714	0.0724026759012807	0.0249599112647453	2.90075854570629	0.00372260599114387	0.0140933792250255
ENSMUSG00000021669	9776.81586154533	-0.149793167851749	0.0516561648691084	-2.89981202110745	0.00373386511175327	0.0141335123415439
ENSMUSG00000031448	153.710118782085	-0.348783334190532	0.120280544245998	-2.89974855349174	0.003734621179404	0.014133881917681
ENSMUSG00000043999	477.118274827225	-0.280374985706607	0.0967216652023328	-2.89878162374571	0.00374615710060905	0.014175041128446
ENSMUSG00000044629	2271.89721635369	-0.140577859711175	0.0485018962149313	-2.89839925202549	0.0037507279024826	0.0141898352405167
ENSMUSG00000020905	18.9434612360823	0.919622155682923	0.317296729135019	2.89830329543548	0.00375187574544826	0.0141916766082454
ENSMUSG00000069085	34.7117957338669	-0.679119819542025	0.234326130929615	-2.89818219098242	0.00375332486559116	0.0141946567238865
ENSMUSG00000074923	16.2746655363836	0.892769507241544	0.308072760824083	2.89791770247203	0.00375649146963274	0.0142041299783576
ENSMUSG00000031791	5370.30454922972	-0.133250855562195	0.0459833247129602	-2.8978082031689	0.00375780316698791	0.0142065873164076
ENSMUSG00000112441	50.9582663204319	-0.674573277573224	0.232796085449102	-2.89770026103257	0.00375909661840802	0.0142089748214028
ENSMUSG00000034910	626.124838111709	-0.160785223081241	0.0554963793533534	-2.89722005209562	0.00376485578245514	0.0142263020090686
ENSMUSG00000124790	54.8284649541405	-0.676991387977424	0.233670312636007	-2.8972075243122	0.00376500613591348	0.0142263020090686
ENSMUSG00000027579	47.6698565921882	-0.700875222718381	0.242004935054088	-2.89611954632964	0.00377808444919924	0.0142732067558097
ENSMUSG00000072601	32.8098199376097	1.60996492840706	0.555964919059221	2.89580308615761	0.00378189628191213	0.0142850933639848
ENSMUSG00000021754	1132.4524644876	-0.139289686818726	0.0481025534338895	-2.89568176479782	0.00378335855106815	0.0142881025083091
ENSMUSG00000036893	1040.51326391328	0.109370238331831	0.0377811702697081	2.89483458429346	0.00379358382714418	0.0143234220638238
ENSMUSG00000028933	515.852494234813	-0.214500340696903	0.0740985933061078	-2.89479639391781	0.0037940453673205	0.0143234220638238
ENSMUSG00000057133	4066.60413667474	-0.211035473267358	0.0729268334556826	-2.89379729335983	0.0038061378897054	0.0143665475541438
ENSMUSG00000021013	405.152681412252	-0.261922492605324	0.0905233095316242	-2.89342594698023	0.00381064136708917	0.014381017508076
ENSMUSG00000025404	4077.13230308036	-0.0945840941388965	0.0326917334601519	-2.89321134513058	0.00381324614317743	0.0143883181067757
ENSMUSG00000058159	34.945887375935	-0.601793159335181	0.208024244591884	-2.89289914507714	0.00381703842738531	0.014400096112874
ENSMUSG00000015542	954.380873481614	-0.153543891529187	0.0531076604778365	-2.8911816138703	0.00383796257683686	0.0144764900148269
ENSMUSG00000027650	1177.64498027253	-0.156252533825784	0.0540532452396739	-2.89071512973837	0.00384366357613203	0.0144954466488493
ENSMUSG00000004356	1055.59967966068	0.224783495736672	0.0777671409850559	2.89046881355543	0.00384667696013216	0.0145042627131911
ENSMUSG00000023972	1643.93230151902	-0.193868760426886	0.0670765834929094	-2.89025991383981	0.00384923428027373	0.0145090712312206
ENSMUSG00000025137	4961.68074728124	0.0972260171702108	0.0336392614224807	2.89025421661713	0.00384930404648287	0.0145090712312206
ENSMUSG00000051515	662.125837547602	0.234669907130663	0.0811971551617777	2.89012474221671	0.0038508898547427	0.0145125002847449
ENSMUSG00000001036	4752.5620100062	-0.110444932649651	0.0382265071183888	-2.88922376055963	0.0038619415646131	0.014551595159906
ENSMUSG00000084843	197.451963097293	-0.291132015038831	0.100787308789924	-2.88857812093835	0.00386987888661125	0.014578943520533
ENSMUSG00000048347	217.44617335383	0.267928071965594	0.0927643708885427	2.88826485211129	0.00387373546757314	0.0145886942499552
ENSMUSG00000036672	455.343220807428	0.173482741474822	0.060064846457285	2.88825747016924	0.00387382638706535	0.0145886942499552
ENSMUSG00000087333	16.1797522744343	0.937683977214324	0.32467048863949	2.88810966818581	0.0038756471942621	0.0145929911720804
ENSMUSG00000037846	47.145667625872	-0.527529543330438	0.18273110607145	-2.8869170371254	0.00389036796573809	0.0146458503599673
ENSMUSG00000035953	6645.47535274516	-0.0879269223711733	0.0304652561518153	-2.88613763603409	0.00390001561796899	0.0146795958715277
ENSMUSG00000024248	7483.27947411403	-0.0761330668676935	0.0263801579214008	-2.88599738843605	0.00390175394857137	0.0146835642110857
ENSMUSG00000005102	691.157404033245	0.13965840732345	0.0483991950725521	2.88555227239001	0.00390727570248455	0.0147017669113994
ENSMUSG00000036095	1008.21474832623	-0.164031139981517	0.0568478761589695	-2.8854400738353	0.00390866866763976	0.0147044307079487
ENSMUSG00000024900	9689.86307927492	-0.108585714808263	0.0376380598461981	-2.88499766597908	0.00391416563720194	0.0147225301503727
ENSMUSG00000022023	5821.79738633585	-0.0899578613936407	0.0311828550047016	-2.88485006841347	0.0039160011157069	0.0147268535300919
ENSMUSG00000001870	426.176160519097	0.492505826571159	0.170751545609565	2.88434183604585	0.00392232732103332	0.0147480606539326
ENSMUSG00000113586	33.3049814883729	-0.636003479300601	0.220522255602072	-2.8840784235776	0.00392560978961622	0.0147578178185467
ENSMUSG00000048379	2070.1256491186	0.168177179178965	0.0583155433824872	2.88391686717046	0.00392762423073787	0.0147628054170932
ENSMUSG00000054000	202.82094231645	0.320445582410115	0.111141760218764	2.88321493000806	0.0039363875657316	0.0147931539716377
ENSMUSG00000054693	7749.05429714702	0.159666534620449	0.0553790881974881	2.88315571486226	0.0039371276488307	0.0147933453719237
ENSMUSG00000034032	881.413163291745	-0.173755742646705	0.0602699887430563	-2.88295628173189	0.00393962113477443	0.0148001237800259
ENSMUSG00000038546	3215.32006635395	-0.0989488344579503	0.0343250164934391	-2.88270318753855	0.00394278760271566	0.0148094275905327
ENSMUSG00000040483	564.721324587783	0.338389783337074	0.117392154961301	2.88255874890982	0.00394459571381153	0.0148136269406365
ENSMUSG00000024131	38.3375683629457	-0.589767024146985	0.204638249352538	-2.88199799408453	0.00395162249136773	0.0148351170313265
ENSMUSG00000022855	5492.175950393	0.112986510760414	0.0392048881207185	2.88194957762688	0.00395222972721779	0.0148351170313265
ENSMUSG00000042254	181.876284565937	-0.568955144677101	0.197421111776549	-2.88193668629053	0.00395239142374714	0.0148351170313265
ENSMUSG00000017417	299.667353191752	-0.270213045852637	0.093765928381137	-2.88178286631241	0.00395432125721833	0.0148397657530505
ENSMUSG00000030168	5269.71066413627	0.113297537441752	0.0393305467016143	2.8806499513291	0.0039685612480482	0.0148906022986546
ENSMUSG00000034765	1488.22585153633	-0.310093055018369	0.107653561281131	-2.88047187039711	0.00397080383748651	0.0148964129981624
ENSMUSG00000000959	2118.55595576699	-0.110451781865891	0.0383596564727387	-2.87937359252387	0.00398466000174685	0.0149457822116893
ENSMUSG00000073968	300.832825360062	-0.250511011133681	0.0870064114913153	-2.87922472424559	0.00398654153820667	0.0149486290165676
ENSMUSG00000037577	13.8737578990295	0.943739402247004	0.327778547528829	2.87919819451882	0.00398687693036937	0.0149486290165676
ENSMUSG00000023791	395.676573922653	0.215401850203065	0.07481443466502	2.87914827088545	0.00398750814072794	0.0149486290165676
ENSMUSG00000026958	1435.2983483894	-0.120151558105961	0.0417447299204209	-2.87824495056044	0.00399894497280838	0.0149888864652182
ENSMUSG00000049313	15579.616375282	-0.280892570606291	0.0976113662774214	-2.87766252352176	0.00400633479605031	0.0150139634657849
ENSMUSG00000074037	5.14467104873002	1.71691970915503	0.59675560389839	2.87709021572484	0.00401360830119543	0.0150385958794661
ENSMUSG00000028841	21.0854197298448	1.99184144089025	0.692347652664463	2.87693824515003	0.00401554172056349	0.0150432144107532
ENSMUSG00000060703	396.02890769534	0.541753928503454	0.188327917551874	2.87665225392953	0.00401918248740815	0.0150542263609672
ENSMUSG00000027016	2542.24685268168	-0.159414135342038	0.0554215395183188	-2.87639312670746	0.00402248385373014	0.0150639634340843
ENSMUSG00000134668	8.72265763015152	-1.2728993734947	0.442568365043	-2.87616439410671	0.00402540002792042	0.0150722548402825
ENSMUSG00000024241	7892.91907139746	-0.172492387908237	0.0599847147299412	-2.87560570530043	0.00403253097426905	0.0150963219207638
ENSMUSG00000021076	8352.11478635521	-0.0626487369201229	0.0217879762870074	-2.8753811778968	0.00403540000761902	0.0151044283458675
ENSMUSG00000060743	4186.38849243377	0.226046807707449	0.0786224783518015	2.87509135359468	0.00403910615081274	0.0151156646850325
ENSMUSG00000020211	1733.0396840181	0.179677047319289	0.0624990081540951	2.87487838009019	0.00404183152963201	0.0151232274037094
ENSMUSG00000028293	780.83562977063	0.181298442944294	0.0630870916473585	2.87378032827552	0.00405590958467478	0.0151732581290744
ENSMUSG00000014355	4497.9610366197	0.141094076471841	0.0490999372982272	2.87361011511791	0.00405809585722615	0.0151787917182813
ENSMUSG00000114851	38.87487257375	-0.689911908049745	0.240092213859019	-2.87352887026506	0.0040591397693406	0.0151798561599939
ENSMUSG00000024991	12005.400173916	0.148089667744355	0.0515367344670559	2.87347790417376	0.00405979475517214	0.0151798561599939
ENSMUSG00000024286	3590.79657134878	0.0987972017371309	0.0343837694968839	2.87336738184231	0.00406121545189824	0.015182523666048
ENSMUSG00000058799	16535.4054662094	-0.0828818374883022	0.0288472751699166	-2.87312534719867	0.00406432823495906	0.0151915148688196
ENSMUSG00000038836	303.680259166642	-0.241664425369448	0.0841276440499053	-2.87259233393116	0.00407119090160638	0.0152145166946174
ENSMUSG00000024867	649.729395633532	0.327699631828941	0.114085652023172	2.8724000434549	0.00407366926546355	0.0152211287123482
ENSMUSG00000120246	8.44340140202437	1.67023308096354	0.581871585451026	2.87044963652744	0.00409888486419773	0.0153126805594968
ENSMUSG00000033685	3935.29974339716	0.29282574247507	0.102024689590623	2.87014587988497	0.00410282466800679	0.0153247319163796
ENSMUSG00000038848	4085.83782834901	0.0979829507218063	0.0341470094262082	2.86944456830247	0.004111933994269	0.0153560847461688
ENSMUSG00000094151	18.9302714240417	-1.15362403265746	0.402180393967737	-2.86842434380331	0.0041252184483258	0.0154015381375193
ENSMUSG00000045930	483.813035670601	0.508498965580832	0.177276189827373	2.86839967666269	0.00412554012348532	0.0154015381375193
ENSMUSG00000022787	702.914678236058	0.127857892193295	0.0445799031071076	2.86806124019839	0.00412995584867949	0.0154153420705536
ENSMUSG00000029687	145.521103848227	0.382939799579335	0.133546682096829	2.86746022863886	0.0041378080750788	0.0154419659491727
ENSMUSG00000019579	1619.71961554109	0.14256946924332	0.0497226350960785	2.86729512560698	0.00413996751954836	0.0154473392620589
ENSMUSG00000039601	25371.2056128836	-0.168254898504153	0.058696175016856	-2.86653940322064	0.00414986495435918	0.0154815782256299
ENSMUSG00000030921	197.383542009996	0.778361953570286	0.271552581140298	2.86633973539048	0.00415248351788205	0.0154886552901575
ENSMUSG00000000296	285.742424664795	-0.339826743726207	0.118561040691278	-2.86625979111539	0.00415353237521104	0.0154898759496665
ENSMUSG00000028089	503.506194193798	0.165322139612217	0.0577182113663577	2.86429769215923	0.0041793502931714	0.0155834520398154
ENSMUSG00000019873	2686.62845842136	0.26598330679636	0.0928698146933688	2.86404476712445	0.00418268893267516	0.015593192189789
ENSMUSG00000019528	8731.88021832424	-0.150903216332311	0.0527029196212904	-2.86328001212574	0.00419279850976573	0.0156281668363659
ENSMUSG00000124151	5.65789275974637	-1.50816518634266	0.526926766565971	-2.86219126079229	0.00420722935713097	0.0156792335729468
ENSMUSG00000058587	2544.34622636816	0.309982110888289	0.108313212262806	2.86190488133768	0.00421103264829318	0.0156906833584901
ENSMUSG00000026489	1438.73332715367	-0.202796448930726	0.0708651651728495	-2.8617226593077	0.0042134542895553	0.0156969819124599
ENSMUSG00000126350	7.32219169083358	1.38431920552076	0.483776037756202	2.86148774945812	0.00421657798991796	0.0157058933075792
ENSMUSG00000028710	2760.47991460176	-0.163995824091536	0.0573178230950661	-2.86116630458097	0.00422085578870113	0.0157184855502539
ENSMUSG00000051346	626.728381755916	-0.168723823890589	0.0589711742376948	-2.86112369427332	0.00422142314344609	0.0157184855502539
ENSMUSG00000042729	1239.26880170216	0.169773265917975	0.0593480000111961	2.86064005334547	0.00422786765544802	0.015739751490088
ENSMUSG00000024870	11884.3892819935	-0.0655326863821537	0.0229178392062303	-2.85946182763768	0.00424360487092576	0.0157950303095982
ENSMUSG00000028879	12650.2373528008	0.0756533859242638	0.0264576144459142	2.85941826232738	0.00424418777721803	0.0157950303095982
ENSMUSG00000067285	12.8716654091159	1.08548060250241	0.379685158893998	2.85889658069426	0.00425117355021453	0.0158182859124467
ENSMUSG00000041890	2175.40700054081	0.11344783659987	0.0396869797921422	2.85856563522961	0.00425561060361998	0.0158320515107983
ENSMUSG00000132590	127.99037012551	0.341928005416985	0.119654531943199	2.85762686848586	0.00426821970465123	0.0158762093536724
ENSMUSG00000021958	225.766114291011	0.229154349355243	0.0801975832900529	2.85737225430415	0.0042716454058541	0.0158861989400666
ENSMUSG00000023909	6657.40951621067	-0.141935749140904	0.049676597710867	-2.85719545382341	0.00427402563083894	0.0158922976254268
ENSMUSG00000055633	937.691464229698	-0.147465776252806	0.0516173545587627	-2.85690302250819	0.00427796520768308	0.0159041914007837
ENSMUSG00000030557	9153.46373197053	-0.118627455034694	0.0415252275841872	-2.85675628855233	0.00427994321896396	0.0159087898074944
ENSMUSG00000002778	3153.34745281256	0.116356271789891	0.0407358373244617	2.8563613621861	0.00428527104810925	0.015925835927755
ENSMUSG00000022687	1834.35588208758	-0.264174140776775	0.0925023833717451	-2.85586307236131	0.00429200190263232	0.0159480894654501
ENSMUSG00000002718	4048.07303817526	0.132709843525019	0.0464765035613647	2.85541797157348	0.00429802238905454	0.0159676961930503
ENSMUSG00000025776	346.306682860092	0.322617458402978	0.112989726892326	2.85528133642113	0.00429987206800087	0.0159705505810613
ENSMUSG00000005882	5403.91822130621	-0.0693617634804537	0.0242927000231199	-2.85525130654232	0.00430027868995316	0.0159705505810613
ENSMUSG00000019845	181.907231188647	-0.304834012488429	0.106782308068235	-2.85472395196438	0.00430742506108841	0.0159943238819104
ENSMUSG00000049516	2292.62040946658	0.125152794093712	0.0438460901624945	2.85436611633769	0.00431228035067538	0.0160095831905219
ENSMUSG00000047921	6668.67408249677	-0.13227454087237	0.0463438540899683	-2.85419811256058	0.00431456161980362	0.0160152826786624
ENSMUSG00000104913	230.952795949607	0.255729114437429	0.0896052710184874	2.85395168755939	0.00431790972505833	0.0160249395155778
ENSMUSG00000024277	26756.0231102777	-0.148117893858552	0.0519121067615617	-2.85324374406292	0.00432754145757541	0.0160579092356636
ENSMUSG00000022828	1510.13518609074	-0.103925537501345	0.0364248045895818	-2.85315291797254	0.00432877857606304	0.0160597236283735
ENSMUSG00000046387	551.85803666277	0.211556529043156	0.0741621754053697	2.8526203268282	0.00433603931595845	0.0160838811052988
ENSMUSG00000046442	4735.63146806448	-0.224136509321161	0.0785784924621247	-2.85239004081424	0.00433918219045705	0.0160927582758036
ENSMUSG00000049076	2530.73457391379	-0.127654895346304	0.0447568294792659	-2.85218807568667	0.00434194024972964	0.0161002054587487
ENSMUSG00000049047	4975.54030805462	-0.109528374362402	0.0384050893554889	-2.85192343516181	0.00434555661715115	0.0161108321837248
ENSMUSG00000030811	2834.18622341869	-0.196380391636593	0.0688605653147312	-2.85185564101928	0.00434648347736189	0.0161114858098861
ENSMUSG00000038481	2566.72190997939	0.150310184646049	0.0527159579014807	2.85132226804944	0.0043537818389598	0.0161357529273327
ENSMUSG00000026097	517.728258451964	-0.186329745008119	0.0653524399001562	-2.85115208082192	0.00435611291763913	0.0161416053668292
ENSMUSG00000097729	791.290919241184	-0.176466611903741	0.0619043150352712	-2.85063507775177	0.00436320132326927	0.0161650810502758
ENSMUSG00000024826	4585.873395331	-0.109879727453132	0.0385470880065228	-2.85053250804675	0.00436460885452416	0.0161675053789846
ENSMUSG00000057388	1646.52530232103	-0.122046661646256	0.0428276637526234	-2.84971560324207	0.00437583367958894	0.0162062880893817
ENSMUSG00000025613	16432.0831295142	0.0790785045049585	0.0277518027245455	2.84949072641744	0.0043789282291876	0.0162139501918027
ENSMUSG00000136666	69.4113252303399	0.476429489688128	0.167200186083479	2.84945549911205	0.00437941317488456	0.0162139501918027
ENSMUSG00000029710	743.710059064738	0.409227042137936	0.143657457343768	2.84863069209604	0.00439078154568035	0.0162532361889247
ENSMUSG00000027233	39.2415245003892	-0.630116147828292	0.22122147499146	-2.84834981708993	0.00439465896596628	0.0162647843730055
ENSMUSG00000068876	134.874644360033	-0.394037613929699	0.138376962563064	-2.84756657922823	0.00440548779911	0.0163020515593338
ENSMUSG00000090000	2502.69330836982	-0.110871048562384	0.0389394983446225	-2.84726443009492	0.00440967169088785	0.0163147212196826
ENSMUSG00000035246	6955.910713449	-0.146164516659634	0.0513379222274177	-2.84710619982149	0.00441186415909556	0.0163200199964062
ENSMUSG00000036202	679.023631419879	0.18058652446006	0.0634438053154382	2.8464012138332	0.00442164458849206	0.0163533808987889
ENSMUSG00000020074	2760.59215760624	0.136673537380038	0.0480240894497569	2.84593709003117	0.00442809420466987	0.0163744134707051
ENSMUSG00000035314	3933.47626449633	-0.153607944572586	0.0539856968151036	-2.84534522354467	0.00443633134333503	0.0164020476431329
ENSMUSG00000029464	1002.11104596566	-0.187032382371047	0.0657366182014592	-2.845178037572	0.00443866062188424	0.0164054525346575
ENSMUSG00000015733	13742.5773388007	0.0535428986490926	0.01881887889268	2.84516941494954	0.00443878078455655	0.0164054525346575
ENSMUSG00000110354	39.214746193341	-0.848943785666569	0.298455223869077	-2.84445946249872	0.00444868462096473	0.0164392260412513
ENSMUSG00000059895	1946.53573816678	0.22677097360657	0.0797335601594802	2.84410947100557	0.00445357436749846	0.0164544625426372
ENSMUSG00000025702	2869.85765559773	0.141776505544919	0.0498660315197259	2.8431479551132	0.0044670328272357	0.0165013468713546
ENSMUSG00000041921	420.527706338759	-0.196206019101987	0.0690333741972051	-2.8421907719807	0.00448046723415453	0.0165481262299314
ENSMUSG00000038026	116.965895387179	-0.490776635860892	0.172720491891524	-2.84144996627916	0.00449088982538259	0.0165837675884505
ENSMUSG00000056596	39065.3771903133	-0.11780901664317	0.0414723038710362	-2.84066728025318	0.00450192550256358	0.0166216602748589
ENSMUSG00000036980	1582.90118254146	-0.0994966163432454	0.0350295515065727	-2.84036226740089	0.00450623275622272	0.0166347020369866
ENSMUSG00000141341	33.2577405331463	-0.622081180320145	0.219020312576568	-2.84028989367216	0.00450725533320843	0.0166356160561644
ENSMUSG00000048120	1122.25643274453	0.32513593910098	0.114492362211982	2.83980461944694	0.00451411726257472	0.0166580782462487
ENSMUSG00000055313	51.6727168195468	-0.49243355550658	0.173411891132068	-2.83967582783323	0.0045159400047993	0.0166619402102134
ENSMUSG00000030493	375.306627595565	0.178873632767759	0.063013603404715	2.83865107060953	0.00453046680770274	0.0167126654913468
ENSMUSG00000026807	147.145373590407	-0.339177809127823	0.11950390775567	-2.838215214027	0.00453665826571169	0.0167326299539119
ENSMUSG00000025584	799.872168131575	0.161666658198962	0.0569637936597627	2.83805989405439	0.00453886647872052	0.0167378986140207
ENSMUSG00000034533	54672.6550148186	-0.219345828118494	0.0772887479671483	-2.83800467581293	0.00453965176132749	0.0167379190499237
ENSMUSG00000041939	3797.55932587127	0.119732536220577	0.0421919683609022	2.83780399142337	0.00454250681781567	0.016745569526229
ENSMUSG00000038009	73.4372691624667	-0.562215659453461	0.198151263565247	-2.83730544704973	0.00454960644964602	0.0167688619588086
ENSMUSG00000030704	42694.5836065811	0.0847860179243251	0.0298949273143852	2.83613393779776	0.00456632916337913	0.0168276088963255
ENSMUSG00000019823	5925.29379485536	0.17539149128598	0.0618520845462522	2.83566014909044	0.0045731080586541	0.0168496974917729
ENSMUSG00000026526	4351.47543566351	-0.0848128411668204	0.0299125616235276	-2.83535867754339	0.00457742621050287	0.0168627134090706
ENSMUSG00000034820	2614.93893117068	0.126911231950915	0.0447750153020105	2.8344207387734	0.00459088447995466	0.0169093902276436
ENSMUSG00000001082	779.00265339981	0.166234324414846	0.0586557392636653	2.83406750135055	0.00459596228573202	0.0169251889561715
ENSMUSG00000042390	3381.17963806787	0.147921376542751	0.052196428657658	2.83393673373568	0.00459784336645988	0.0169292119561626
ENSMUSG00000034412	1290.29471922817	0.175982537071979	0.062106111460953	2.83357841816617	0.00460300127802707	0.0169452967645565
ENSMUSG00000041836	2272.81443141355	-0.214629858934179	0.0757548480952742	-2.83321614828197	0.00460822143813798	0.0169616051767952
ENSMUSG00000041445	834.807885099218	0.454667298131481	0.160484687649588	2.83308834500291	0.004610064309771	0.0169654792514219
ENSMUSG00000001034	1374.71161275292	0.135955626237039	0.0479917995498191	2.83289285903745	0.00461288442958685	0.0169726813118204
ENSMUSG00000022371	1275.9709433197	0.352890891463253	0.124571280716841	2.83284308736776	0.00461360269516782	0.0169726813118204
ENSMUSG00000049001	960.083146950812	0.219177531119485	0.0773774801568789	2.83257519726817	0.00461747041423949	0.0169831675454781
ENSMUSG00000014245	289.327565767006	-0.234228643861012	0.0826922014037033	-2.83253607819083	0.00461803544968582	0.0169831675454781
ENSMUSG00000091952	13.9995499470324	0.971547123053901	0.343084463099647	2.83180157526318	0.00462865623176438	0.0170193104952131
ENSMUSG00000049624	1897.79365347841	-0.137723151166948	0.0486442555814733	-2.83123155078976	0.00463691392281598	0.0170467535994464
ENSMUSG00000061904	20986.8908367106	0.0662033474756924	0.0233870381998719	2.83077091292625	0.00464359672180912	0.0170671372179681
ENSMUSG00000138860	20.3706657342918	-0.878459294075918	0.310328522354609	-2.83073978315184	0.00464404865788465	0.0170671372179681
ENSMUSG00000032400	221.975405452513	-0.220593647513807	0.077963485219315	-2.82944825892873	0.00466283389720117	0.0171332407458611
ENSMUSG00000031766	9.40070226179865	1.19200433414294	0.421381874300108	2.82879831061265	0.00467231340444513	0.0171651342700358
ENSMUSG00000028266	2240.25730251524	0.312947513276262	0.110650051999891	2.82826358975928	0.00468012539578157	0.0171908918114044
ENSMUSG00000003527	1526.29768508222	0.123773763376738	0.0437656116531808	2.82810541659006	0.00468243848811826	0.0171964456092295
ENSMUSG00000031792	436.97057421594	0.247836386305436	0.0876366902492248	2.82799801773239	0.00468400965713515	0.0171992732295695
ENSMUSG00000076432	16789.9281896059	0.0560395999133987	0.0198206323697665	2.82733662922275	0.00469369582579284	0.01723189235445
ENSMUSG00000030545	403.948974324061	0.199033369832854	0.0704083495628357	2.82684328021676	0.00470093282581334	0.0172532029239614
ENSMUSG00000000275	2409.23892927548	0.152372752376887	0.0539023144988755	2.82683134840277	0.00470110798016631	0.0172532029239614
ENSMUSG00000020305	933.287282689052	-0.125036977292033	0.0442330754683974	-2.82677557388851	0.00470192680653279	0.0172532582613731
ENSMUSG00000036111	845.230537850689	-0.158475807690525	0.056069440633528	-2.82642034412879	0.00470714496973907	0.0172694537549853
ENSMUSG00000085360	19.4450319109266	-0.849151818482671	0.300442826427383	-2.82633414343781	0.00470841200873769	0.0172711504066239
ENSMUSG00000000171	6075.93418591009	-0.11962582454194	0.0423315195172052	-2.82592795879485	0.00471438655513496	0.0172901113604181
ENSMUSG00000042694	797.920517375977	0.156863046460808	0.055518152879937	2.8254370565973	0.00472161636557981	0.01731366875701
ENSMUSG00000030314	2057.58325247454	-0.105033276998889	0.0371791102937545	-2.82506160499847	0.00472715263765018	0.0173310091408708
ENSMUSG00000014776	11446.7890618663	-0.0952502094207594	0.0337196044065472	-2.82477244609267	0.00473142047385463	0.017343693970588
ENSMUSG00000032311	64.1081155940308	-0.419187721767977	0.148408255463917	-2.82455797662749	0.00473458818489371	0.0173517366773346
ENSMUSG00000038611	2371.24592908818	0.125061163065732	0.0442770483321957	2.82451445560327	0.00473523122406718	0.0173517366773346
ENSMUSG00000027349	2036.59339778058	-0.133469106227625	0.0472654748654692	-2.82381815918523	0.0047455300157915	0.017386507478918
ENSMUSG00000025487	6594.77132577459	0.0695591558928754	0.0246401747625947	2.82299766795772	0.00475769176771155	0.0174280906972178
ENSMUSG00000036242	13697.9327241614	-0.207165189408391	0.0733938535327484	-2.8226503915066	0.00476284777285586	0.0174426312092634
ENSMUSG00000041702	2125.83332094056	0.126077062382977	0.0446670237866877	2.82259823231277	0.00476362261582305	0.0174426312092634
ENSMUSG00000034158	5640.17101185633	0.155739122412278	0.0551764290858836	2.82256617531131	0.00476409889033408	0.0174426312092634
ENSMUSG00000031299	20332.0080484698	0.0585493156132842	0.0207438345730701	2.82249240886705	0.0047651950104639	0.017443669183939
ENSMUSG00000056014	312.614194409194	0.185796905547524	0.0658359488213859	2.82211935688197	0.00477074181065636	0.0174609963695736
ENSMUSG00000044566	241.458098133381	-0.221473289341628	0.0784837544600847	-2.82189977868943	0.0047740093854629	0.0174683326597823
ENSMUSG00000029570	351.85672419173	0.31713921535978	0.112385978005447	2.82187529964289	0.00477437378714911	0.0174683326597823
ENSMUSG00000024913	868.946315258469	0.403591288045831	0.143048011016757	2.82136944916034	0.0047819096508168	0.0174929230682402
ENSMUSG00000120740	257.802463447329	-0.223567401796171	0.079245583518493	-2.82119699129982	0.0047844812863003	0.0174993483202798
ENSMUSG00000021703	12199.0577655151	0.141933979031817	0.0503172201175971	2.82078339582554	0.00479065378814885	0.0175189393895065
ENSMUSG00000051599	83.0446200645872	0.372440790509099	0.132048315140019	2.82048877423523	0.00479505511696352	0.0175320478863463
ENSMUSG00000033207	563.375640852614	0.249399525544685	0.088457809361963	2.81941783708615	0.00481108460520263	0.0175876604453814
ENSMUSG00000035686	931.820503017966	-0.295706942004434	0.104892767076679	-2.81913567775617	0.00481531595001148	0.0176001314801543
ENSMUSG00000108613	25.0618940831113	0.762850956143538	0.270699520579049	2.81807280083739	0.00483128541771	0.0176525331529797
ENSMUSG00000030965	2446.01432063704	-0.108720952260883	0.03857990582183	-2.81807199745326	0.00483129750646397	0.0176525331529797
ENSMUSG00000039701	790.157625741903	0.170057951830283	0.0603492241206487	2.81789789857625	0.00483391786844509	0.0176591015936083
ENSMUSG00000042763	5252.59889078092	-0.125433634388225	0.0445194433080917	-2.81750231062361	0.00483987664330054	0.0176778614982286
ENSMUSG00000033964	2078.22705161862	0.126208741154028	0.0447971873114588	2.8173362822211	0.00484237952258402	0.0176839943572284
ENSMUSG00000014077	23352.8016273652	0.0708963639722178	0.0251742106892712	2.81622986505124	0.00485908869571651	0.0177419965882379
ENSMUSG00000130941	17.6625078499547	0.781771607339937	0.277639410462333	2.81578038952794	0.00486589158670017	0.0177638144217867
ENSMUSG00000059974	917.484302279871	-0.208221057732	0.0739697483683842	-2.81494884496588	0.00487849987970521	0.0178068148984445
ENSMUSG00000038143	2683.27777015051	0.156574183124222	0.0556304100406438	2.81454303518217	0.00488466369454523	0.0178262820243298
ENSMUSG00000118084	206.670085464522	-0.284891451739027	0.10123698498591	-2.81410446763777	0.00489133298482217	0.0178475869203115
ENSMUSG00000006262	1339.29744127754	0.116220642915206	0.0413062184984936	2.8136355042872	0.00489847361607646	0.0178706041201049
ENSMUSG00000020122	485.343243947078	0.695157570816352	0.247155278645663	2.81263493389908	0.00491374024850537	0.0179232537254743
ENSMUSG00000026754	2818.08901455697	-0.120543050912587	0.0428628230221597	-2.8122984538435	0.00491888389933263	0.0179389673433697
ENSMUSG00000021666	1514.08203878425	-0.112351184631319	0.0399604974315684	-2.8115562080707	0.00493024757095341	0.0179773559296902
ENSMUSG00000039703	9344.17848277386	0.0921266418640576	0.0327877004524301	2.80979271473214	0.00495734167251728	0.0180730802211712
ENSMUSG00000020628	4682.17170269519	-0.142255977598425	0.0506308542010035	-2.80966971312931	0.00495923646872539	0.0180769179890744
ENSMUSG00000005268	528.867687862669	-0.334621532919773	0.119107148200598	-2.80941604240419	0.0049631462449588	0.0180880980126121
ENSMUSG00000078651	75.1147551386905	0.561230918986456	0.199832863551433	2.80850160985661	0.00497726335797125	0.0181364683826534
ENSMUSG00000029020	18788.8260697883	0.13411445915387	0.0477586066876763	2.80817361425407	0.00498233583268627	0.0181475507891213
ENSMUSG00000113769	32.4628720329539	0.721702357973012	0.25700356209611	2.80814145954569	0.00498283335899691	0.0181475507891213
ENSMUSG00000134144	105.083037730067	-0.329061373510095	0.117182683800213	-2.80810579548697	0.00498338523765286	0.0181475507891213
ENSMUSG00000034563	647.409493831098	-0.166202209502381	0.059187001257046	-2.80808633606176	0.0049836863832046	0.0181475507891213
ENSMUSG00000042705	1169.19844540527	-0.124439020839278	0.0443174104101245	-2.80790370393234	0.00498651352023247	0.0181547658116198
ENSMUSG00000132756	92.4125181607191	0.506899674063591	0.180545067595443	2.80760743461254	0.00499110284043449	0.0181683930087785
ENSMUSG00000036622	13721.2264289898	-0.103934597752274	0.0370227262543133	-2.80731886242885	0.00499557660063952	0.018181594999886
ENSMUSG00000090990	52.6805109578722	-0.500710289811413	0.178369716154519	-2.80714854856671	0.00499821869283009	0.0181881272182218
ENSMUSG00000075602	1314.11036789855	0.675133969204609	0.240514739689489	2.80703781429872	0.00499993719990689	0.0181912969378307
ENSMUSG00000031227	12075.4414737469	-0.193376796868353	0.0689095166291118	-2.80624224821014	0.00501229946405271	0.0182331842561185
ENSMUSG00000050640	5572.32125347648	-0.130305533656561	0.0464352937195532	-2.80617442507296	0.00501335464200451	0.0182339326915061
ENSMUSG00000035958	907.370825766565	-0.141017253634932	0.0502535753291597	-2.8061138478461	0.00501429725942744	0.0182342715519006
ENSMUSG00000040128	3162.74980418367	0.115314955123958	0.0410993392892105	2.80576177423442	0.00501977890564739	0.0182502900001908
ENSMUSG00000013846	922.19952690159	-0.157631490473773	0.0561821539143862	-2.80572173708365	0.00502040261115841	0.0182502900001908
ENSMUSG00000097804	59.3393680556422	0.428498801005173	0.152804743690241	2.80422446749301	0.00504377769570344	0.0183321591628801
ENSMUSG00000036442	954.213880691079	-0.153481744677972	0.0547428231510804	-2.80368705600713	0.00505219162718724	0.0183596318722196
ENSMUSG00000038984	1314.86409394343	0.196334184642971	0.0700350077333151	2.80337207058773	0.00505712906245447	0.0183744638548828
ENSMUSG00000129672	30.5373021136494	-0.744043272786531	0.265421329362409	-2.8032535085777	0.00505898866628062	0.0183766403911996
ENSMUSG00000001089	6162.60771960567	-0.176896772713644	0.0631047419474712	-2.8032247221753	0.00505944026423132	0.0183766403911996
ENSMUSG00000056258	4120.03480988216	0.25441806237807	0.090767755355504	2.80295641752523	0.0050636511515307	0.0183886464846687
ENSMUSG00000000028	155.52565527393	-0.35480952079371	0.126588119453274	-2.80286587972166	0.00506507280509871	0.0183886464846687
ENSMUSG00000133442	9.96655014362402	-1.11276751413234	0.397012808345255	-2.80285041374444	0.00506531569290255	0.0183886464846687
ENSMUSG00000031789	30.6571402885204	0.68128551341735	0.243096227958104	2.80253428504355	0.00507028269215285	0.0184035658217371
ENSMUSG00000021917	6880.88224822552	0.101162335287307	0.0361016486059281	2.80215278785623	0.00507628262045071	0.0184222286949442
ENSMUSG00000062646	806.318247675161	-0.151703058794946	0.0541410891927908	-2.80199495534246	0.00507876677925987	0.0184281284116958
ENSMUSG00000041671	940.96549914763	0.138999442295571	0.0496325332475177	2.80057118185727	0.00510122556355773	0.018506491118359
ENSMUSG00000028351	1831.32088887601	-0.165938687308464	0.0592568725043357	-2.80032813571663	0.00510506836184932	0.0185173027129871
ENSMUSG00000030720	796.487301979498	-0.153140959687435	0.0546894146099594	-2.80019379946968	0.00510719347249942	0.0185218812435669
ENSMUSG00000038506	3084.04906328915	-0.131792551782711	0.0470670489281312	-2.80010229627846	0.00510864145028613	0.0185240029344328
ENSMUSG00000064254	717.119587580776	-0.125518975557117	0.0448388913451971	-2.79933271745717	0.00512083422008759	0.0185650780895795
ENSMUSG00000021986	5332.93578949825	0.248581634233231	0.0888181773524336	2.79876981990804	0.00512976909700955	0.0185943301986503
ENSMUSG00000034157	3891.40963378304	-0.131240761804674	0.0468946521125156	-2.79862960684268	0.00513199689081585	0.01859835330796
ENSMUSG00000044042	10265.7334682598	0.203160017645367	0.0725936815393511	2.79859091504044	0.00513261180454464	0.01859835330796
ENSMUSG00000006717	2012.85093538421	-0.122603670593743	0.0438193844481646	-2.79793228813551	0.00514308932440306	0.0186331739135251
ENSMUSG00000024384	1924.07970227456	0.119588256786867	0.0427485121392231	2.7974834866157	0.00515023998492913	0.0186559317442607
ENSMUSG00000031021	4559.10085205056	-0.0703176861362325	0.0251370422685037	-2.79737311116907	0.00515199994973554	0.0186591582454907
ENSMUSG00000009487	6.73062232481193	-1.32363631936209	0.473227434855542	-2.79704053879747	0.00515730618802051	0.018675225140359
ENSMUSG00000109780	105.743118657009	-0.314720789388145	0.112578204383427	-2.79557478387421	0.00518075140914423	0.0187569589726244
ENSMUSG00000029782	2076.35300644782	-0.111269727381395	0.0398031548952614	-2.79550019776552	0.00518194700895963	0.0187581238607635
ENSMUSG00000045259	108.033421006588	-0.363254831868227	0.129959163120863	-2.79514597620482	0.00518762851131928	0.018775524131509
ENSMUSG00000045377	133.697234657343	0.515225198163002	0.18433919410943	2.79498454277254	0.00519021967384339	0.0187790306497568
ENSMUSG00000015083	59.2840076017449	-0.438358385160709	0.156838081005833	-2.794974169216	0.00519038621942803	0.0187790306497568
ENSMUSG00000049439	1102.25667072969	0.113576743847361	0.0406368187443291	2.79492212621123	0.00519122183339498	0.0187790306497568
ENSMUSG00000035378	280.455215211807	0.236713672102766	0.0846966343428626	2.79484154169007	0.00519251595608002	0.0187805471799855
ENSMUSG00000029381	1903.94001514545	-0.18843564338187	0.0674242167665292	-2.79477689795595	0.00519355429323223	0.0187811382174062
ENSMUSG00000026600	1696.19093827471	0.149052865502601	0.0533501316960701	2.79386124764863	0.00520828204922324	0.0188312249399741
ENSMUSG00000022205	6390.33036112295	-0.114305680724257	0.040919177400479	-2.79345011278058	0.0052149072055776	0.0188520037175697
ENSMUSG00000029198	2859.34443403573	0.0961086983608629	0.0344081606796903	2.79319488349146	0.00521902388013292	0.0188637088080373
ENSMUSG00000020706	1573.57088399516	0.116122424435043	0.0415816692892003	2.79263498604187	0.00522806493142485	0.0188932056932602
ENSMUSG00000111293	68.8334751459906	-0.546653955427689	0.195772331281885	-2.79229425245278	0.00523357391569749	0.0189099305965936
ENSMUSG00000021497	2980.11119077386	0.0878412654048142	0.0314727189871436	2.79102880944912	0.0052540795478858	0.0189808265861522
ENSMUSG00000038453	2424.94813467235	-0.134571491814997	0.0482184692214471	-2.79087026170339	0.00525665381475418	0.0189869309755197
ENSMUSG00000099696	987.703712220786	-0.299384888890709	0.107317400952978	-2.78971430757893	0.00527545697346044	0.0190516418896874
ENSMUSG00000029227	3175.29064456024	0.1051219497702	0.0376827602617133	2.78965630543277	0.00527640205563909	0.019051849710067
ENSMUSG00000030166	372.335709603431	0.210179884775573	0.0753487170151266	2.789428846325	0.0052801097315709	0.0190620308607301
ENSMUSG00000018160	1621.84393475037	0.144612123181943	0.0518525482985596	2.78891063076182	0.00528856564582979	0.0190843331137939
ENSMUSG00000020257	3350.86706363078	0.114349431867148	0.0410017130028087	2.78889401180178	0.00528883702583232	0.0190843331137939
ENSMUSG00000038844	3140.03298433521	-0.150373935854201	0.0539189812009186	-2.7888868169423	0.0052889545184925	0.0190843331137939
ENSMUSG00000026615	9271.98224175321	0.199651857845964	0.0715950001880169	2.78862849810259	0.005293174449018	0.0190963500374152
ENSMUSG00000032046	15377.7284036744	-0.102656403706539	0.0368181449208953	-2.78820141338188	0.00530015803208785	0.0191183317621909
ENSMUSG00000053477	2073.77666141126	0.207795272126144	0.0745328118712665	2.78797038390352	0.00530393923612643	0.0191287566603982
ENSMUSG00000058267	1167.07252764257	-0.135156084256293	0.0484846854947054	-2.7876036087942	0.00530994716091531	0.0191472074174715
ENSMUSG00000000441	6452.7062733302	0.0901165030761652	0.0323291178490309	2.78747176143151	0.00531210837553921	0.0191517834043206
ENSMUSG00000022253	657.206469960648	-0.183963171167369	0.0660059324384001	-2.78707025825372	0.00531869462657512	0.019172308791614
ENSMUSG00000017747	743.267931645426	0.149297257515695	0.0535895734631147	2.78593852997273	0.00533729918885755	0.0192361424425816
ENSMUSG00000066456	774.363247924822	0.229411016684193	0.0823607098210421	2.78544244194434	0.00534547292710833	0.0192623672743507
ENSMUSG00000006310	8.92086085034337	1.2757686728896	0.458042738122515	2.785261214093	0.0053484617252296	0.0192699025501475
ENSMUSG00000109881	30.2308164889604	-0.821242583612407	0.295037741992119	-2.7835170445222	0.00537730370400692	0.0193705657510006
ENSMUSG00000041708	265.790410385825	-0.255376905390662	0.0917673321153309	-2.78287381254269	0.00538797572869984	0.0194057528510522
ENSMUSG00000046447	3793.63696270621	-0.112102188988584	0.0402853441712008	-2.78270401544002	0.00539079606404907	0.0194126536337657
ENSMUSG00000084228	14.3009483603569	0.989056601974421	0.355539611808107	2.78184643602592	0.0054050608634752	0.0194607575470243
ENSMUSG00000044258	209.381768735688	0.778260913772897	0.279776944298273	2.78171925754964	0.00540717922340982	0.0194651197735561
ENSMUSG00000021684	1764.25809349996	0.170673791065328	0.0613618681249265	2.78143081820543	0.00541198641787897	0.0194791583578454
ENSMUSG00000110980	167.943065215851	-0.302241795348443	0.1086897225202	-2.78077621637384	0.00542291047618206	0.0195152047412781
ENSMUSG00000046836	7451.78961652811	-0.109560642473237	0.0394087678480094	-2.78010829711264	0.00543407729193057	0.0195521124955719
ENSMUSG00000038954	1292.54081451822	-0.1032912262394	0.0371577599900618	-2.77980228805575	0.0054392003301148	0.0195672656755898
ENSMUSG00000044707	151.205714995918	-0.284259256208352	0.102286112129127	-2.77906013134511	0.00545164323159613	0.0196087422267833
ENSMUSG00000001467	8625.36406071086	0.205620436439677	0.0740249758500239	2.77771703507567	0.00547422675232654	0.0196866730550246
ENSMUSG00000033326	3023.81477328843	0.130942466513306	0.0471511810733156	2.77707712792397	0.00548501615672242	0.0197221703216421
ENSMUSG00000028977	4478.86632350737	-0.241696245084698	0.0870407937053002	-2.77681572967986	0.00548942908296358	0.019734731987087
ENSMUSG00000051022	585.874756768994	-0.372518940793299	0.134156948927847	-2.77673980938287	0.00549071137012007	0.0197360365490619
ENSMUSG00000047963	5142.35767624452	-0.109933130239674	0.0395915109992648	-2.77668438170281	0.00549164770950874	0.0197360973936572
ENSMUSG00000044916	60.8514005314707	0.501229930031187	0.18052810592663	2.7764647917754	0.00549535865718996	0.0197461280440642
ENSMUSG00000029919	70.509330251165	0.762138879544713	0.27452530750104	2.7762062684943	0.00549973045765619	0.0197585295404264
ENSMUSG00000024067	1706.0387751252	-0.110176302816759	0.0397085402653177	-2.77462485602849	0.0055265415921272	0.0198515297551209
ENSMUSG00000042211	2785.740408753	0.105665392842509	0.0380944308146307	2.77377534151073	0.00554099284024036	0.0199001091364564
ENSMUSG00000001128	144.530710785931	0.922848869863943	0.333001989901293	2.77130136711042	0.00558327254149218	0.0200485995944582
ENSMUSG00000038876	3127.69352270696	-0.0713291846393301	0.0257412295883717	-2.77100922449922	0.00558828436544832	0.0200632400382528
ENSMUSG00000031986	728.553289979711	0.165593077417749	0.0597655341829928	2.77071191082687	0.00559338906832018	0.0200782089867159
ENSMUSG00000046311	1202.10412763055	0.144973463082951	0.0523293080447242	2.77040665164246	0.00559863456801783	0.0200936782539827
ENSMUSG00000042861	12.2616014826717	-1.1393778730053	0.411316919553376	-2.77007295066413	0.00560437388217227	0.0201109143688917
ENSMUSG00000035187	20.7406816767807	1.32930284230158	0.480012295895963	2.76930998157117	0.0056175161149869	0.0201547051519821
ENSMUSG00000037661	261.571421614139	-0.235058914914834	0.0848845687448414	-2.76915955856958	0.00562011044781268	0.0201606435281997
ENSMUSG00000086693	139.389530853218	-0.316240419388211	0.114205607128054	-2.76904459720287	0.00562209390548803	0.0201643889348715
ENSMUSG00000036820	787.914868987287	-0.155548820028369	0.056188573447992	-2.76833545475833	0.00563434288921489	0.0202049456164194
ENSMUSG00000008575	2128.1297465002	0.173176091601111	0.062565109752226	2.76793395371531	0.00564128866693663	0.0202264744487158
ENSMUSG00000027496	268.557912460279	0.243772429962631	0.0880785115492829	2.76767199711626	0.00564582455481798	0.0202393570296798
ENSMUSG00000042249	1325.14202474536	-0.22936375966602	0.0828895831517574	-2.76709992914419	0.00565574159016298	0.0202715226205441
ENSMUSG00000031169	1678.72270558654	0.125256438766177	0.0452674287477	2.76703232835023	0.00565691451547637	0.0202723417344267
ENSMUSG00000032128	7.25003415888581	-1.391183032791	0.502860960718451	-2.76653616300495	0.0056655300801493	0.0202998278585353
ENSMUSG00000031683	2328.38531123541	-0.079712092297953	0.0288180442432844	-2.76604795332455	0.00567401905142818	0.0203268512947192
ENSMUSG00000038658	1128.54779612927	0.143560531659028	0.051904974680931	2.76583376721633	0.00567774693080562	0.0203368122170321
ENSMUSG00000039632	60.2537936423868	-0.418296010081907	0.151262975365478	-2.76535622197851	0.00568606649412476	0.0203632137742546
ENSMUSG00000023328	5794.49388406623	-0.171932016537708	0.0621774706744322	-2.7651819006592	0.00568910617466346	0.020370701108478
ENSMUSG00000035112	282.162021890625	0.499679805092491	0.180724398000815	2.76487187463332	0.00569451579048498	0.0203866704400518
ENSMUSG00000033382	5981.35292642427	-0.111820390583306	0.0404468517405	-2.76462532364018	0.00569882114763789	0.0203984110044739
ENSMUSG00000030980	1621.30356322232	-0.119416869338772	0.0431953765673097	-2.76457525848142	0.00569969576096312	0.0203984110044739
ENSMUSG00000024905	7.62036979628128	1.32260621943218	0.478530923280732	2.76388871666768	0.00571170152257804	0.0204379704756893
ENSMUSG00000053046	7749.97026693021	-0.133823649553224	0.0484263734692954	-2.76344561787338	0.00571946222891681	0.0204623293676547
ENSMUSG00000020948	2181.16287687737	-0.16687101751156	0.0603874855465328	-2.76333773465322	0.00572135320136496	0.0204656836894685
ENSMUSG00000037735	395.146740178157	-0.207610298269718	0.075145201224995	-2.7627885065888	0.00573098879198699	0.0204967353230244
ENSMUSG00000018040	6627.01899154693	0.0677435885170989	0.0245207378594966	2.76270595547607	0.00573243832314907	0.0204985042553253
ENSMUSG00000044501	914.273439951018	-0.161029214810397	0.0582994183656688	-2.76210671263271	0.00574297046067992	0.020532745487834
ENSMUSG00000029726	2067.92483722434	0.0992170972955468	0.035921845981024	2.7620266883823	0.00574437826622212	0.0205343586782222
ENSMUSG00000037363	506.519453982426	-0.149615463594907	0.0541703060602253	-2.76194606374511	0.0057457969486222	0.0205360102063144
ENSMUSG00000051596	255.195189417705	0.31763178029231	0.115008776630274	2.76180470394378	0.00574828509811222	0.0205413714730521
ENSMUSG00000027202	21.8528985635434	0.712757294443191	0.258081559270196	2.76175212385856	0.00574921083621063	0.0205413714730521
ENSMUSG00000097911	56.4265614883083	-0.456007293874958	0.165119617743987	-2.76167847349297	0.00575050776896905	0.0205425860823248
ENSMUSG00000033429	980.400084043036	-0.132912108361143	0.0481336546422245	-2.76131345830841	0.00575693933239057	0.0205621397186516
ENSMUSG00000004460	2858.54736116123	0.118253629619759	0.0428301829440595	2.76098819783726	0.00576267588270929	0.0205792048741037
ENSMUSG00000117406	305.576719496869	0.212219379178431	0.076865503116456	2.76091836486005	0.00576390818412257	0.0205801818164297
ENSMUSG00000031072	2893.1535796603	0.128113261215095	0.0464343586581227	2.75901864303415	0.00579752274451315	0.0206967608903574
ENSMUSG00000036989	4082.18396113804	-0.101046932363781	0.0366286756052632	-2.75868375511948	0.00580346669871049	0.0207135267909913
ENSMUSG00000031877	216.627956759205	0.477354366026076	0.173039412060114	2.75864533023403	0.00580414905654582	0.0207135267909913
ENSMUSG00000037101	68.3825498334896	-0.606293576955885	0.219787504402563	-2.75854434310968	0.00580594275370315	0.0207164839014281
ENSMUSG00000144223	2421.62387337119	0.236692354118409	0.0858185928262965	2.75805447658054	0.0058146506815784	0.020744106952096
ENSMUSG00000040029	3945.69434154125	-0.0894764237727921	0.032443599406536	-2.75790681088136	0.00581727791396411	0.0207500311899557
ENSMUSG00000120732	676.625317282884	0.234824950208965	0.085159977199236	2.75745670597798	0.00582529267552846	0.0207751673987197
ENSMUSG00000124059	46.14895481943	-0.700058740884867	0.253885297602012	-2.75738196538767	0.00582662450198361	0.0207764653753456
ENSMUSG00000050945	210.235181163	-0.275842919478331	0.100043441214852	-2.75723141995821	0.00582930795244059	0.0207825817151785
ENSMUSG00000032376	843.804321356482	0.120096754269227	0.0435618905902859	2.75692245313173	0.00583481873131697	0.0207987743086101
ENSMUSG00000027709	1431.44236682249	-0.130091738405617	0.0472016426691461	-2.75608498029356	0.00584977964882159	0.0208486418631254
ENSMUSG00000029428	6502.38823930429	-0.110876015691269	0.040233923908785	-2.75578429642205	0.0058551596051612	0.0208643519396398
ENSMUSG00000132828	10.9034881515758	-1.09645533315635	0.397891277098436	-2.75566567116548	0.00585728332242154	0.0208684554023404
ENSMUSG00000034584	63.6457755017778	-0.549157289913738	0.199336819616514	-2.75492149904976	0.00587062189158725	0.0209125073887839
ENSMUSG00000074519	1002.52296214803	-0.209242901083775	0.0759588046730784	-2.75468922904122	0.00587479071103688	0.020923885416147
ENSMUSG00000017309	253.290596704357	0.432879044778543	0.157169538538981	2.75421718993711	0.0058832711676712	0.0209506136173241
ENSMUSG00000060771	909.747071168722	-0.147332881130498	0.0535092564380795	-2.75340924053001	0.0058978120573093	0.020998910867839
ENSMUSG00000033653	2910.93445603627	-0.15372761100733	0.0558461429829751	-2.75269880418052	0.00591062473235261	0.0210410398846901
ENSMUSG00000020994	1612.16371207713	0.134019389294898	0.0486875287070121	2.75264308651583	0.00591163065705278	0.0210411314349685
ENSMUSG00000033499	6765.52787131468	0.130056590478613	0.0472506187398528	2.75248438956249	0.00591449661173772	0.0210478422194234
ENSMUSG00000045427	5727.32762760709	0.086843243533013	0.0315567165351941	2.75197336947778	0.00592373378311152	0.0210772201870167
ENSMUSG00000024231	5955.32665316998	-0.116166950161005	0.0422151640997752	-2.75178250844756	0.00592718711018199	0.0210860123478897
ENSMUSG00000037143	375.102067122432	-0.235264514810547	0.0855128727670158	-2.75121753249406	0.0059374200890139	0.0211189162602771
ENSMUSG00000038909	7547.45022347821	0.110381285471336	0.0401257793966673	2.75088202973332	0.00594350432653652	0.0211370549823448
ENSMUSG00000059326	413.74744975823	0.254666867369052	0.0925823321392619	2.75070698139234	0.00594668100333929	0.0211448491664206
ENSMUSG00000040464	394.684585779762	-0.18176794829426	0.0661055929494285	-2.74966065932294	0.00596570098184144	0.0212089660941054
ENSMUSG00000049939	687.085038977528	-0.217234331200634	0.079023995382455	-2.74896669232273	0.00597834608886992	0.021250401911522
ENSMUSG00000042331	939.110033658416	0.251952736397452	0.0916624851552808	2.74870069222574	0.00598319940401355	0.0212641321865157
ENSMUSG00000023224	10484.7097630933	0.306157011138771	0.111406150278712	2.74811588384339	0.00599388203258224	0.0212985717118706
ENSMUSG00000020431	4546.31008110986	-0.241345850663652	0.0878270626481917	-2.74796678138274	0.00599660841823565	0.0213047329205307
ENSMUSG00000097923	62.746798084797	-0.402809620614867	0.146620342750422	-2.74729695115045	0.00600887026594044	0.0213412409124843
ENSMUSG00000070923	7002.1164814999	-0.0956850327157743	0.0348287931477846	-2.74729682162015	0.0060088726392926	0.0213412409124843
ENSMUSG00000026878	14083.0194415371	-0.076145119775139	0.0277239727781801	-2.74654431326915	0.00602267493030966	0.0213867229204346
ENSMUSG00000137365	94.1482807309432	0.342732540214869	0.124795998218293	2.74634239164754	0.00602638337558158	0.0213963522229961
ENSMUSG00000085704	87.2209863199925	0.376122051022768	0.136996759137969	2.74548137773081	0.00604221965506775	0.0214490304474424
ENSMUSG00000026031	3200.73731478477	-0.115822090076211	0.0421899183514404	-2.7452551368177	0.0060463870271706	0.0214602751199147
ENSMUSG00000056755	3777.88031449353	-0.192870861967746	0.0702625050820879	-2.74500406358149	0.00605101484329714	0.021470237421165
ENSMUSG00000034175	523.00778044291	-0.190998509018055	0.0695806569738541	-2.74499433211483	0.00605119427923453	0.021470237421165
ENSMUSG00000120478	39.7304183196351	0.649342325531573	0.236636803361584	2.74404621896185	0.00606869928660435	0.0215287731569538
ENSMUSG00000042308	818.261722751742	0.163588831132601	0.0596170903036946	2.74399220591387	0.00606969790114061	0.0215287731569538
ENSMUSG00000033191	603.313680868683	0.360729133237261	0.131464145521002	2.74393547995665	0.00607074683236874	0.0215289363131716
ENSMUSG00000021096	18966.1959641359	-0.0719450381339209	0.0262248908808701	-2.743387511534	0.00608088783822175	0.0215613376833941
ENSMUSG00000022941	20.6081514628626	1.05862308572454	0.385931854423593	2.7430311169977	0.00608749165892652	0.021581188431134
ENSMUSG00000032649	2981.80559184284	-0.185566468270946	0.0676544750078345	-2.74285578669344	0.00609074281586318	0.0215891488251848
ENSMUSG00000046432	7805.79407266858	-0.103339310689336	0.0376772280405196	-2.74275248110611	0.00609265914769576	0.0215911963629364
ENSMUSG00000070871	489.273648635742	0.240875708702064	0.0878237813784525	2.74271620876897	0.00609333213298559	0.0215911963629364
ENSMUSG00000042195	496.318786306036	-0.174980966984805	0.0638007714896043	-2.74261522077859	0.00609520618444158	0.0215942723147752
ENSMUSG00000036615	1085.95265154118	-0.120266762917474	0.0438532819541147	-2.74248032435323	0.00609771029041569	0.0215975809256543
ENSMUSG00000114165	10.943065158125	1.08976790287991	0.39736925499832	2.74245651663341	0.00609815233347577	0.0215975809256543
ENSMUSG00000014418	2003.43649162604	-0.126609468462716	0.0461785737265535	-2.74173622625147	0.00611153977371843	0.0216414240815968
ENSMUSG00000030536	2765.96718251036	0.329094183108984	0.120043116204199	2.74146651232528	0.00611655953057575	0.021655627063061
ENSMUSG00000006010	4274.81872302081	-0.0991079107576178	0.0361562252437375	-2.74110226080041	0.00612334465933908	0.0216734036326378
ENSMUSG00000049357	7.73082245617884	1.21418245436222	0.442956300980612	2.74108857165883	0.00612359978719596	0.0216734036326378
ENSMUSG00000078619	1834.01890082206	-0.100193942573395	0.0365605364392359	-2.7404943234331	0.00613468416801772	0.0217090554485111
ENSMUSG00000027782	8952.15112498212	0.113266739549552	0.0413360066573294	2.74014711891546	0.00614116885693431	0.0217265698138747
ENSMUSG00000021253	1500.22154256867	-0.22615527033167	0.082534776401528	-2.74012095497097	0.00614165776719425	0.0217265698138747
ENSMUSG00000047793	978.966919362197	0.495043013577482	0.180707900622811	2.73946524679503	0.00615392205344838	0.0217663685614307
ENSMUSG00000026269	963.193135761844	0.207779452942826	0.0758490958911149	2.73937942834683	0.00615552882235947	0.0217684648600936
ENSMUSG00000026959	6635.73163239028	-0.222390515905455	0.0811870764335491	-2.73923542606537	0.00615822580930957	0.021774415289514
ENSMUSG00000078201	295.093731440125	-0.220501841933556	0.0805191405846563	-2.73850217889154	0.0061719751447034	0.0218194365046448
ENSMUSG00000020847	53.0968462514609	0.484971611422229	0.177115602777659	2.73816424875359	0.00617832107344976	0.0218382743557834
ENSMUSG00000047735	959.041107868495	0.420313956963281	0.153532607421085	2.73762013179721	0.00618855129382508	0.0218708334002715
ENSMUSG00000038542	1830.33413979994	-0.105824652805629	0.0386571083745244	-2.73752117670986	0.00619041343722652	0.0218738131429637
ENSMUSG00000032204	21.3540828536638	1.07468958735692	0.392635157816075	2.73712011256095	0.00619796585632198	0.0218968951731086
ENSMUSG00000134855	34.5190857081666	-0.648044385686395	0.236803616085696	-2.7366321359378	0.00620716610720275	0.021925790300677
ENSMUSG00000057778	1487.35639525212	-0.130760109513795	0.0477849495528048	-2.73642874456315	0.00621100445230292	0.0219306645467522
ENSMUSG00000031066	1491.70260649389	-0.160214248560715	0.0585498011339042	-2.73637562310933	0.00621200729740818	0.0219306645467522
ENSMUSG00000031827	2520.76419043875	0.196114547024085	0.0716694675961452	2.73637510647048	0.00621201705141021	0.0219306645467522
ENSMUSG00000074637	694.556698998093	0.238563654380976	0.0871834041051778	2.73634250497003	0.00621263258682568	0.0219306645467522
ENSMUSG00000030741	1626.74255023225	0.122837310250027	0.0448919498332552	2.73628814756963	0.00621365900848055	0.0219306814002044
ENSMUSG00000049532	1638.24173413758	-0.154091875755006	0.0563358863789201	-2.73523477945427	0.00623357975232009	0.0219973734938851
ENSMUSG00000056124	8349.87268828648	-0.142789065227534	0.0522057852301278	-2.73511957722898	0.00623576188047248	0.022001457022719
ENSMUSG00000036403	314.955307081362	0.254971297774471	0.0932302934568144	2.73485460916819	0.00624078344106178	0.022015555849767
ENSMUSG00000057894	734.233092795751	-0.185284631983625	0.0677510450061033	-2.73478633380391	0.00624207795611112	0.0220165043387909
ENSMUSG00000024258	799.175535747356	0.142428387576086	0.0520827107865117	2.73465772854841	0.00624451699493224	0.0220214887158231
ENSMUSG00000022967	3605.53370334223	0.108395636003748	0.0396389291555298	2.73457528528181	0.00624608100848642	0.0220233861577151
ENSMUSG00000097145	201.486256523896	-0.273579824065402	0.100053918576553	-2.73432393211148	0.00625085155244775	0.0220365871940948
ENSMUSG00000024008	324.204186321664	0.272062309347293	0.0995439816031052	2.73308647058182	0.00627438574587944	0.0221142861932942
ENSMUSG00000128858	28.3675029710433	-0.690013996049377	0.252469691727477	-2.73305675357736	0.00627495188686085	0.0221142861932942
ENSMUSG00000041859	186.768840027174	0.560572495215361	0.205127891027487	2.73279509874279	0.00627993867885852	0.0221260191562942
ENSMUSG00000032757	1134.12633522522	-0.118846223559741	0.0434896836614962	-2.73274518354249	0.00628089040104977	0.0221260191562942
ENSMUSG00000036687	5.11786105188199	-1.88845206611098	0.691052199183197	-2.73271985581274	0.00628137336897684	0.0221260191562942
ENSMUSG00000045934	521.364798041579	0.2336748624129	0.08554811527784	2.73150216873837	0.00630463260386599	0.0222043057382424
ENSMUSG00000027132	434.249162474325	0.154629023531819	0.0566131960384623	2.7313247502714	0.00630802796482046	0.0222126194706096
ENSMUSG00000046897	2848.47625222762	-0.0949220738643261	0.0347539577297166	-2.73125940367829	0.00630927895546049	0.0222133806885214
ENSMUSG00000126410	39.0449416110589	-1.0247516015862	0.375219203786965	-2.73107450589872	0.00631281983558355	0.0222222024582874
ENSMUSG00000029587	1121.38408182098	-0.117714221823265	0.0431060428484584	-2.73080556795936	0.00631797331740699	0.0222366970374583
ENSMUSG00000040722	11565.2438800241	-0.107232763103328	0.039279363968332	-2.73000253236743	0.00633338390407005	0.0222872817843881
ENSMUSG00000006850	486.174061568532	-0.202740562904646	0.0742730181173904	-2.72966641242731	0.00633984422253971	0.0223063589708306
ENSMUSG00000031781	4107.16588651717	0.081400028599175	0.0298225920491939	2.72947530734087	0.00634351995927643	0.022315634127471
ENSMUSG00000072872	922.920485103851	0.158782926707063	0.0581846229502934	2.72894999839923	0.00635363369445831	0.0223475505301068
ENSMUSG00000071398	9.80445888014664	2.01866732881843	0.739980595124324	2.72800035854896	0.00637195387652757	0.0224083161719431
ENSMUSG00000042207	1664.28824088356	0.17338468971271	0.0635682923588384	2.72753417275969	0.00638096478433405	0.0224363292482416
ENSMUSG00000121226	262.347076502875	0.278131755164497	0.101996385405133	2.72687854633034	0.00639365679429029	0.0224772742787808
ENSMUSG00000039254	587.441405151959	-0.162795637671726	0.0597016110673318	-2.72682151723048	0.00639476187100938	0.0224774780289974
ENSMUSG00000138016	54.8237322201035	-0.622755299090154	0.228398126064371	-2.72662175395711	0.00639863412301504	0.0224874066936216
ENSMUSG00000000776	1257.61793707343	0.136039581328256	0.0498966532564824	2.72642697354821	0.00640241181758074	0.0224969998487785
ENSMUSG00000021198	380.854069530932	-0.293145753176709	0.107545939083973	-2.72577240641153	0.00641512161516616	0.0225362201493835
ENSMUSG00000097626	108.13157302659	-0.385459122903457	0.141414277868972	-2.72574402466353	0.00641567321964421	0.0225362201493835
ENSMUSG00000022788	1117.5700341328	0.160086602683113	0.0587325075324449	2.72568990170697	0.00641672522751717	0.0225362277051511
ENSMUSG00000129119	6.7487608945545	-1.47962075299199	0.54293865296097	-2.72520798606386	0.00642609924553041	0.022561924539059
ENSMUSG00000118140	28.2315415409002	-0.651966548716515	0.239235721403362	-2.72520568789671	0.00642614397800273	0.022561924539059
ENSMUSG00000026452	20712.570178581	-0.240686446422667	0.0883271080779147	-2.72494426298157	0.00643123428918986	0.0225761038841782
ENSMUSG00000017144	1235.75854067919	0.218057574066452	0.0800336069642711	2.72457511709797	0.00643842825731151	0.0225976620293409
ENSMUSG00000033287	7647.07056365821	-0.107507422810591	0.0394642902714381	-2.72416967519617	0.00644633790944485	0.0226217246303978
ENSMUSG00000038936	5053.60895106645	-0.0850692619433599	0.0312319005340282	-2.72379395710082	0.0064536754912467	0.0226437721633053
ENSMUSG00000005779	10444.7636845084	0.0914729672017393	0.0335891961212351	2.72328539425539	0.00646361943135902	0.0226749558283302
ENSMUSG00000029036	997.596203628657	0.128647217270541	0.0472414273662273	2.72318650055248	0.00646555470203837	0.0226780387637182
ENSMUSG00000034007	2661.66781467964	-0.123692082939691	0.0454330451091461	-2.72251359429109	0.00647873678575217	0.0227205626275047
ENSMUSG00000073574	389.387480420174	0.300700579127446	0.11046886923263	2.72203907957289	0.00648804695356459	0.0227494962275755
ENSMUSG00000040945	5440.82598820134	-0.115574777330074	0.0424621668815202	-2.72182947357717	0.00649216333758766	0.022760212021012
ENSMUSG00000010097	1173.24036200246	0.111251354651541	0.0408765243347939	2.72164418237597	0.00649580416739324	0.0227672314650996
ENSMUSG00000022114	1206.71130349878	0.147208924886811	0.0540887210920694	2.72161962632159	0.00649628681280794	0.0227672314650996
ENSMUSG00000025209	723.939496374993	0.152016199339024	0.0558615456528218	2.72130313550221	0.00650251027817562	0.0227853224993989
ENSMUSG00000132139	24.2339938104258	-0.617041376452383	0.226772064504378	-2.72097613875395	0.00650894596417778	0.0228041511452652
ENSMUSG00000052889	4387.6192348058	-0.122969161321741	0.0452006777437934	-2.72051587409275	0.00651801422923889	0.0228321954054899
ENSMUSG00000116641	7.09912420600152	-1.39596399822101	0.513282231529441	-2.71968112759606	0.00653448963959629	0.022886173046757
ENSMUSG00000002104	178.447127386868	-0.30464117025801	0.112023857272552	-2.71943117899272	0.00653943016231261	0.0228997402714849
ENSMUSG00000000094	12.3248218417327	-1.14173764511801	0.419868861592704	-2.71927201456907	0.00654257798146208	0.0229068479715148
ENSMUSG00000097083	52.0603498807479	-0.435289039843116	0.160080013492584	-2.7191966713776	0.00654406853045706	0.0229068479715148
ENSMUSG00000021891	643.620028281923	0.141999346259377	0.0522216403601193	2.71916671479778	0.0065446612600997	0.0229068479715148
ENSMUSG00000028312	447.652157844909	0.254345263062638	0.0935681877420509	2.71828779845366	0.00656207326015088	0.0229640470496248
ENSMUSG00000028955	1517.80220360357	0.25299560491962	0.09307450081978	2.71820533756603	0.00656370900871751	0.0229660273155876
ENSMUSG00000032463	1088.41092286052	-0.136883601844839	0.0503642428028387	-2.71787272531224	0.00657031064801828	0.0229853794606193
ENSMUSG00000029478	8468.39136712093	0.158321163413694	0.0582558565815353	2.71768664481152	0.0065740065507193	0.0229945616127979
ENSMUSG00000087352	98.1472679740544	-0.45008166937102	0.165656552928923	-2.71695662751195	0.00658852410538613	0.0230415865829617
ENSMUSG00000021785	3373.14158956951	0.0752871277528162	0.0277116459238011	2.71680462285906	0.00659155058354361	0.0230476991468821
ENSMUSG00000028158	311.024958786888	-0.233939242838917	0.0861096145647683	-2.71676100306961	0.00659241930317042	0.0230476991468821
ENSMUSG00000030353	81.3626049872569	0.419095446080925	0.154269858665174	2.71663855601584	0.00659485847490259	0.0230524722394169
ENSMUSG00000120104	133.093578356924	-0.332190987822912	0.122300200076584	-2.71619333095853	0.00660373429567169	0.0230797395621766
ENSMUSG00000086851	25.4525532481245	-0.649851471390944	0.239300509843008	-2.71562928059483	0.00661499439187311	0.0231153295809781
ENSMUSG00000039914	1710.89910908308	-0.121081338707801	0.044591569407614	-2.71534149428539	0.00662074609753833	0.0231316627164319
ENSMUSG00000116081	42.6317077868256	-0.599436298571055	0.220776134598115	-2.71513177663983	0.0066249403526014	0.023142549977045
ENSMUSG00000121238	197.766110009664	-0.247947782831321	0.09132281344318	-2.71506947150277	0.00662618688651199	0.0231431382534765
ENSMUSG00000143186	34.2468720571381	0.576808489722325	0.212459570307393	2.71490942435674	0.006629389903702	0.0231496920949028
ENSMUSG00000121607	1964.4702939572	-0.160390216324776	0.059078459592063	-2.71486794734107	0.0066302202086771	0.0231496920949028
ENSMUSG00000049038	602.203208581002	-0.176139539829648	0.064883202509344	-2.71471710731729	0.0066332405784045	0.0231537456788096
ENSMUSG00000003559	594.376780373854	0.223750515140339	0.0824217522631944	2.71470223571375	0.00663353842936173	0.0231537456788096
ENSMUSG00000034833	8.15091691336997	-1.27900107391834	0.471156722358784	-2.71459795270497	0.00663562736469197	0.0231572715022724
ENSMUSG00000020553	1618.37914159652	-0.183773491385552	0.0677036715853278	-2.71437998977559	0.00663999537881659	0.023168748504824
ENSMUSG00000038900	8651.64057375844	0.184539246757782	0.0679964910854462	2.71395249684113	0.00664856991805383	0.0231948971007547
ENSMUSG00000026761	1815.42015883527	-0.104729483381859	0.0385903311350676	-2.71387884740616	0.00665004816365811	0.0231962843485676
ENSMUSG00000046768	897.824752567298	0.396057162205599	0.14595274988838	2.71359849340619	0.00665567795833937	0.0232121499681093
ENSMUSG00000025817	1605.82217196595	-0.152874487194174	0.0563398157466468	-2.7134360517193	0.00665894191365717	0.0232167809142779
ENSMUSG00000027109	2268.25684940466	0.0925483594994256	0.0341075827795741	2.71342475652803	0.00665916892244523	0.0232167809142779
ENSMUSG00000107985	6.14942861860957	1.51112872471338	0.556944288625481	2.71324934212502	0.00666269526374928	0.0232232448516028
ENSMUSG00000018581	9.90352122804444	1.50535263950561	0.554820441585178	2.71322490426753	0.00666318666919881	0.0232232448516028
ENSMUSG00000118443	14.8038696338953	-0.892962164932682	0.329219054729404	-2.71236476778853	0.00668050338048156	0.023279819085295
ENSMUSG00000079227	157.16417574252	1.00335341582749	0.369974587416872	2.71195225280961	0.00668882269047232	0.0233050264362407
ENSMUSG00000052821	64.4365576197828	0.799590994622547	0.294878955066133	2.71159057262402	0.00669612446161269	0.0233266808979192
ENSMUSG00000020946	5205.0038900875	0.0841839539633024	0.0310594940073875	2.71040970414004	0.00672001430943146	0.023406105332834
ENSMUSG00000049950	212.244932819695	0.320067314833947	0.118095526232649	2.7102408113531	0.00672343739127896	0.0234142289164819
ENSMUSG00000020571	6247.9457856096	0.166756502180004	0.06155678117451	2.7089867111027	0.00674890428588432	0.0234985526445316
ENSMUSG00000067722	1154.81510346688	-0.112170514275085	0.0414075194330013	-2.70894069026716	0.00674984047359461	0.0234985526445316
ENSMUSG00000022639	2961.88895170192	0.175374482697226	0.0647527414129634	2.70837155107871	0.00676142794851447	0.0235344907016085
ENSMUSG00000032580	3139.89077305344	0.196218590950333	0.072450137573384	2.7083259952624	0.00676235622135104	0.0235344907016085
ENSMUSG00000085733	20.5644768061421	-0.818494741482995	0.302224671336315	-2.7082327126503	0.00676425736161512	0.0235372910559945
ENSMUSG00000010054	7933.05304438254	-0.120265599178063	0.0444116547039341	-2.70797384109647	0.00676953579313762	0.0235518404109388
ENSMUSG00000039509	1375.63986273858	-0.153641181033223	0.0567391372876643	-2.70785190571845	0.00677202335684898	0.0235566769369827
ENSMUSG00000026556	158.711760561953	0.360102732855077	0.133005060959883	2.70743632051484	0.006780507747043	0.0235801851654607
ENSMUSG00000028577	6387.51785799587	0.0900964564504632	0.033277688763373	2.70741327894225	0.0067809784322365	0.0235801851654607
ENSMUSG00000103400	153.596282261161	0.275416598820307	0.101759935606589	2.70653275455171	0.00679898749329568	0.0236389804877041
ENSMUSG00000057176	111.667583075393	-0.299101858570995	0.110558605576537	-2.70536931079449	0.00682284891858937	0.0237181011961845
ENSMUSG00000007670	2690.90107370005	0.124036055062984	0.0458498469624481	2.70526650098901	0.00682496109078957	0.0237216021332398
ENSMUSG00000042677	85.5058343897366	0.368307985288157	0.136159577700316	2.70497302877065	0.00683099355253615	0.0237387255299888
ENSMUSG00000028850	221.246405496179	0.26420978241651	0.0976879103466465	2.70463132519632	0.00683802346946641	0.0237593091284503
ENSMUSG00000024140	7948.05727932948	0.177427453875856	0.0656265807849943	2.7035913154937	0.00685945975853971	0.0238299341603517
ENSMUSG00000029504	659.72837520633	-0.140621574097204	0.0520147435993035	-2.70349451648719	0.00686145801140492	0.0238330190409091
ENSMUSG00000020993	4406.46613894717	-0.104904823660453	0.0388092085977656	-2.70309103047499	0.00686979293710128	0.0238576453684485
ENSMUSG00000017843	8091.29873495062	-0.0580718416291917	0.0214838705888228	-2.70304372711145	0.00687077069168678	0.0238576453684485
ENSMUSG00000024544	672.570484109777	-0.2044656936809	0.0756552826849154	-2.70259638751793	0.00688002332868747	0.0238847438164915
ENSMUSG00000023064	116399.424522073	-0.10594357625664	0.0392012096388564	-2.70255885552135	0.0068808001379476	0.0238847438164915
ENSMUSG00000056820	7444.25799794058	-0.0644560480525721	0.0238569109203421	-2.70177678358233	0.00689700481772047	0.0239370308674375
ENSMUSG00000074274	1993.52910627524	-0.229587961614363	0.0849784967714706	-2.70171832095106	0.0068982175507304	0.0239370308674375
ENSMUSG00000078816	19.3498817408196	0.689924235312308	0.255376633409855	2.70159499755424	0.00690077636620597	0.0239370308674375
ENSMUSG00000028391	136.050657495491	-0.259729522323121	0.096140278508317	-2.7015682329301	0.00690133181328402	0.0239370308674375
ENSMUSG00000047115	82.0170511808314	-0.399847059548312	0.148005820187475	-2.70156308070747	0.00690143874213037	0.0239370308674375
ENSMUSG00000062312	632.027776419532	0.257488375479233	0.0953333782863783	2.70092574193423	0.00691467750899962	0.0239773193484475
ENSMUSG00000120330	13.2269197463167	1.0275375002946	0.380443144249492	2.70089635159979	0.00691528855335126	0.0239773193484475
ENSMUSG00000028837	5760.71894584788	0.0781011908817274	0.0289258227823972	2.70005079783784	0.00693288895676892	0.024034462911176
ENSMUSG00000021364	701.18268433866	0.218982195391863	0.0811049040521386	2.69998710868444	0.00693421628987557	0.0240351827673937
ENSMUSG00000028614	1860.93164036184	-0.128178772710345	0.0474823087196556	-2.69950590370694	0.0069442523682435	0.0240660835222336
ENSMUSG00000033467	774.42819538337	0.143789367836002	0.0532744315401214	2.69903148056517	0.00695415977463464	0.024096528445893
ENSMUSG00000031150	421.533666921935	-0.247528535723453	0.0917235786302444	-2.69863582973893	0.00696243188127673	0.0241212980573735
ENSMUSG00000030956	1600.86351393477	-0.218505634848789	0.0809868368788508	-2.69803888224026	0.00697492934429098	0.0241606960310715
ENSMUSG00000049044	9531.33655282245	-0.133388637110011	0.0494403965637979	-2.6979685920983	0.00697640223674986	0.0241618990664848
ENSMUSG00000021456	144.254897558554	-0.558958680680889	0.207192914845537	-2.69776927988872	0.00698058023710236	0.0241724690062331
ENSMUSG00000022807	1704.34414205928	0.146012222255764	0.0541377911345897	2.69704801758109	0.00699571818892347	0.0242209817166825
ENSMUSG00000036949	7.979922483776	1.52105964255993	0.564004196702328	2.69689419237197	0.00699895050533376	0.0242282650455563
ENSMUSG00000038736	1190.05072613619	-0.119578448361901	0.0443435894169461	-2.6966343937012	0.00700441267904846	0.0242432638775321
ENSMUSG00000042286	716.057958539268	0.506023793850016	0.187654379219048	2.69657332781633	0.00700569712289242	0.0242438004900869
ENSMUSG00000034949	1595.73884831276	-0.14361560459355	0.0532849463522588	-2.69523785656324	0.00703384002392597	0.0243372678842029
ENSMUSG00000037787	1058.57359289678	-0.127539617911786	0.0473255862592274	-2.69494005236795	0.00704012959352436	0.0243551042473157
ENSMUSG00000018965	98857.6181268139	0.0738789089104477	0.0274149868675854	2.69483656028301	0.00704231650944107	0.0243587441494782
ENSMUSG00000031543	26483.8926602878	-0.187434599180109	0.069570166687254	-2.69418068268693	0.00705619020420502	0.0244027998910045
ENSMUSG00000050075	14.1827133282053	1.01952967146628	0.378449382433878	2.69396574228631	0.00706074214734502	0.024414608720185
ENSMUSG00000062054	1278.3991447352	0.149735378974982	0.0555907812500297	2.69352895584467	0.00707000040331315	0.024442684596154
ENSMUSG00000035852	168.090842897676	0.32034465733177	0.11893576561775	2.69342578044464	0.00707218893079851	0.0244463136213399
ENSMUSG00000031467	2641.75928797451	0.083846215498911	0.0311328899549543	2.69317161433541	0.00707758282577518	0.0244610196326018
ENSMUSG00000032399	25162.4504414519	0.0857505972084219	0.0318414856734379	2.69304636372401	0.00708024224366244	0.024466271732527
ENSMUSG00000034487	1440.41813122954	-0.147195262875522	0.0546653102961085	-2.69266308154479	0.00708838596209237	0.024490470475177
ENSMUSG00000021178	12399.9173082895	0.0609719743400653	0.0226450504974559	2.69250776662721	0.00709168838133175	0.0244979373662162
ENSMUSG00000026696	7934.24632330113	0.0847117977333765	0.0314634719430968	2.69238556655737	0.00709428765940738	0.0245029732738277
ENSMUSG00000024317	364.87886069575	0.26322864519734	0.0977853929980049	2.69190149087717	0.00710459268375753	0.0245346181707753
ENSMUSG00000039783	40.2003984370725	0.897619975758959	0.333610060890915	2.69062621601351	0.00713180515907876	0.0246246307776717
ENSMUSG00000075271	153.961555699319	-0.261275491374074	0.0971317518655502	-2.68990815419176	0.00714716867627743	0.0246737090390755
ENSMUSG00000086643	23.2920127101119	-0.692164381787102	0.257344046946578	-2.68964598171097	0.00715278546971495	0.0246891289424186
ENSMUSG00000115680	14.5888964524382	-0.913738773494912	0.339736988074842	-2.68954751931109	0.00715489595530386	0.0246924431795101
ENSMUSG00000003037	2309.1301916293	0.119993919289366	0.0446432494520852	2.68784017207693	0.00719158096534551	0.0248112179616155
ENSMUSG00000039640	2933.52340240045	-0.158715924005644	0.0590496575339869	-2.68783817948974	0.00719162387762841	0.0248112179616155
ENSMUSG00000029861	12933.1013688502	-0.083519174581801	0.0310756812735266	-2.68760558607451	0.00719663458016465	0.0248245151691812
ENSMUSG00000026463	6494.83507738802	0.251789556918412	0.0937604786468342	2.68545511448191	0.00724311028160604	0.0249808170477113
ENSMUSG00000006736	4830.67302652719	0.0729468340722615	0.0271703797048687	2.68479258901156	0.00725748286864234	0.0250263658246227
ENSMUSG00000040022	2797.31251707999	-0.154919679240176	0.057705512621132	-2.68465996060563	0.00726036313375842	0.0250322767473913
ENSMUSG00000018774	204.374214908542	0.644306410009983	0.240066396679267	2.68386754215663	0.0072775933131695	0.0250876534543916
ENSMUSG00000006215	1065.757373056	0.135876492653715	0.0506281738564894	2.68381184434718	0.00727880577361021	0.0250878042286957
ENSMUSG00000109108	49.6880976588716	-0.435992212626939	0.162462674738116	-2.68364541781515	0.00728242971760775	0.0250962652621878
ENSMUSG00000067925	2924.78159903818	-0.09927262312209	0.0369925936666783	-2.68358104372421	0.00728383190003554	0.0250970683091754
ENSMUSG00000025525	427.930144671587	0.157507414249165	0.0586966623988941	2.68341346529666	0.00728748319307777	0.025102401302543
ENSMUSG00000020639	154.662693720755	-0.335770679026512	0.1251286968157	-2.68340266918197	0.00728771848120041	0.025102401302543
ENSMUSG00000079056	16317.6312750342	-0.138115501716256	0.0514980241109417	-2.6819573003173	0.0073192801406099	0.0252070700302153
ENSMUSG00000059995	11333.0528779582	-0.114973788135513	0.0428722646298114	-2.68177548184766	0.00732325907386032	0.025216727507136
ENSMUSG00000021557	22163.4820425934	0.132788619082254	0.0495188614384788	2.68157657960751	0.00732761409271245	0.025227676682304
ENSMUSG00000021193	2709.0209832081	0.103480198477761	0.0385974067845712	2.68101427267715	0.00733993852907956	0.025266055238169
ENSMUSG00000039531	326.187236410184	-0.217550270977586	0.0811524154982059	-2.68076149849656	0.0073454847970265	0.0252810929377859
ENSMUSG00000038628	2188.48809236682	-0.0984088607878318	0.0367151412497552	-2.68033452788331	0.00735486175179033	0.0253093078492997
ENSMUSG00000039693	554.75639690524	-0.140677064078706	0.052491747674593	-2.67998438441774	0.00736255947267373	0.0253286538455774
ENSMUSG00000013822	1517.74494493722	0.166108616209998	0.0619814868101937	2.67997146823331	0.00736284356640281	0.0253286538455774
ENSMUSG00000040725	5084.23718204772	0.0999964973483875	0.0373146565138742	2.67981824544484	0.00736621447872863	0.0253361897132493
ENSMUSG00000000753	5927.99665806843	0.173116838198538	0.0646140945832696	2.67924265309388	0.00737888992432643	0.0253747839092895
ENSMUSG00000042659	1436.84622770443	0.139111751757622	0.0519228426085127	2.67920138360866	0.00737979949434893	0.0253747839092895
ENSMUSG00000025577	295.883954133708	0.207261121353194	0.0773616088379969	2.67912113600455	0.0073815684211352	0.0253768013658053
ENSMUSG00000031783	1400.59038441846	0.128489773157617	0.0479620219141213	2.67898991805818	0.00738446172497641	0.0253826830085418
ENSMUSG00000031298	2456.53883463141	-0.183043578230335	0.0683295048711802	-2.67883659592474	0.00738784370616951	0.0253899491891671
ENSMUSG00000036606	2200.98521601866	0.258183184370788	0.0963806374107059	2.67878685290899	0.00738894123659401	0.0253899491891671
ENSMUSG00000047412	1014.92116830123	0.173692685124209	0.0648489338460918	2.6784200575516	0.00739703872977569	0.0254137057255706
ENSMUSG00000036792	2114.13801045382	-0.135848247036479	0.0507243732413918	-2.67816511778256	0.00740267155081251	0.025425921648942
ENSMUSG00000032952	106.697280988405	-0.303198437747038	0.113213191043379	-2.67811935122352	0.0074036831570545	0.025425921648942
ENSMUSG00000036960	61.8930897840003	-0.462892999541296	0.172843914598806	-2.67809833291345	0.00740414777916411	0.025425921648942
ENSMUSG00000036446	2338.96907571177	0.311755440819854	0.116414412073669	2.67797977300758	0.00740676910552402	0.0254292478647466
ENSMUSG00000045071	371.889546766584	0.217907408582702	0.0813710571509302	2.67794737112139	0.00740748564698876	0.0254292478647466
ENSMUSG00000040570	1507.43706871746	0.121337452823153	0.0453134586978043	2.67773540820075	0.00741217456925264	0.0254412758720143
ENSMUSG00000144212	624.154820194895	-0.162033992083267	0.0605173291889364	-2.67748088448175	0.00741780851478303	0.0254565431779908
ENSMUSG00000022540	2550.10865989005	-0.120297672045287	0.0449385630765502	-2.67693632839054	0.00742987530071044	0.0254914740068261
ENSMUSG00000052955	5.07255594818303	1.52302377322502	0.568961514217557	2.67684849531431	0.00743182323662989	0.0254914740068261
ENSMUSG00000024603	13896.2227263237	0.0930732365007415	0.0347697476234911	2.67684532854818	0.00743189347678458	0.0254914740068261
ENSMUSG00000069114	1552.65860101989	0.182102331189485	0.0680296753651374	2.67680729346542	0.00743273715683987	0.0254914740068261
ENSMUSG00000018486	9.77715513615624	1.20288476633736	0.449393451184221	2.67668512562338	0.00743544761957091	0.0254966962622539
ENSMUSG00000022304	27.340576874761	-0.6344951942855	0.237051821900053	-2.67660965100289	0.00743712257151601	0.0254983665740557
ENSMUSG00000117896	25.5615263754473	0.608750746159724	0.227570840034253	2.67499450310988	0.00747304754684424	0.0256174446886871
ENSMUSG00000037628	255.267342444237	0.217913727796992	0.081465495204228	2.67492055686519	0.00747469601779413	0.0256190044256696
ENSMUSG00000040040	1311.40132256524	-0.131934904792625	0.0493524478896174	-2.67332038094063	0.00751044843988112	0.0257374339416488
ENSMUSG00000002948	2771.58533437561	-0.100663148109504	0.0376590279226609	-2.67301504213631	0.00751728796196305	0.0257567603178769
ENSMUSG00000034641	119.136180362336	0.702108074590097	0.262690504112648	2.67275772667068	0.00752305610776402	0.0257724102153307
ENSMUSG00000097068	77.272981112045	-0.410324357782428	0.153552479142542	-2.67220926730545	0.00753536396547905	0.025810455223069
ENSMUSG00000024142	2801.19188310879	0.10396461650933	0.0389095178398142	2.67195848936858	0.00754099763140082	0.0258256310076021
ENSMUSG00000035390	12727.5995859696	-0.0969880220946144	0.03630107622504	-2.67176712594855	0.00754529910459831	0.02583624032211
ENSMUSG00000042680	1153.26451046205	-0.170057773760097	0.0636759443195365	-2.67067533237857	0.00756988258341427	0.0259162838174754
ENSMUSG00000025575	3673.50065328801	-0.0876357613751474	0.0328186784143675	-2.67030135304844	0.00757831982321796	0.0259410322636257
ENSMUSG00000015843	731.516663593511	-0.316076796079885	0.11838236553729	-2.66996519832442	0.00758591090693456	0.0259628768380512
ENSMUSG00000041044	6.38857194841881	1.35526246156628	0.507718961361487	2.6693162255198	0.00760058537036914	0.0260089535406255
ENSMUSG00000048814	7664.38650100547	-0.16403857728345	0.0614563888953398	-2.66918672300789	0.00760351670320734	0.0260148373527333
ENSMUSG00000024121	15148.0293363284	0.0820631287045732	0.0307453205698067	2.66912581113768	0.00760489581426181	0.026015409330509
ENSMUSG00000041390	878.867141769918	0.408212225399409	0.152966529521636	2.66863755539195	0.00761595856113422	0.0260491023698705
ENSMUSG00000028792	1429.58426768837	0.122987986608389	0.0461076331347947	2.66741054022089	0.0076438235962245	0.0261402449126263
ENSMUSG00000025044	107.78053480606	0.757923359991816	0.284240975708154	2.66648169956332	0.00766497794007938	0.0262084129438904
ENSMUSG00000050900	12.6952268555075	0.914252718589418	0.34299296158686	2.66551451773127	0.00768706125721714	0.0262797351405356
ENSMUSG00000030766	4632.55873355361	-0.126257401244231	0.047382425001763	-2.66464625311036	0.00770693458737233	0.0263434805497666
ENSMUSG00000129634	14.3566863506554	-0.929475047002219	0.34893051980078	-2.66378259927763	0.0077267480495467	0.0263998843885676
ENSMUSG00000031026	327.957115595758	0.283856063890909	0.106561737607236	2.66377097694431	0.00772701499359297	0.0263998843885676
ENSMUSG00000020877	203.332050607293	-0.260257960443641	0.0977030053607528	-2.66376617057663	0.00772712538961009	0.0263998843885676
ENSMUSG00000035168	5695.76146088848	-0.161241493706602	0.0605511931158151	-2.66289540155219	0.00774714916143969	0.0264640840069167
ENSMUSG00000000384	1983.43156942981	0.0993688704112782	0.037322200669659	2.66246010761257	0.00775717638559246	0.0264941206512534
ENSMUSG00000060950	635.298122509894	0.134533734808589	0.0505539077564379	2.66119358085541	0.00778641767045338	0.0265897616471448
ENSMUSG00000041417	12171.5732422824	-0.112782555408332	0.0423895254568692	-2.66062321275775	0.00779961842406093	0.0266306042772215
ENSMUSG00000100113	20.213077258163	0.76147860765258	0.286222867498224	2.66043944814195	0.00780387579088381	0.0266409029464237
ENSMUSG00000029017	2153.26686386852	-0.106466211885275	0.040020408131837	-2.66029800432193	0.00780715410853385	0.0266478565898851
ENSMUSG00000054404	890.409707111063	0.526008610890458	0.197851878908481	2.65859800671274	0.00784665248840959	0.0267784169024166
ENSMUSG00000025439	2761.92107957332	-0.100738145006306	0.0378924665626653	-2.65852698819984	0.00784830644766178	0.0267798038794322
ENSMUSG00000000154	753.089657238397	-0.185712811251352	0.0698728765042313	-2.65786697990179	0.00786369241007607	0.0268280389819919
ENSMUSG00000038037	135.000089763178	0.581067565405876	0.218649159655762	2.65753395220315	0.00787146612730142	0.0268502926884876
ENSMUSG00000043556	291.140601981469	0.318595842215392	0.119895059884601	2.65728915371526	0.00787718473836766	0.026865530281824
ENSMUSG00000086451	8.00786634481158	-1.21886283899621	0.458700376973329	-2.65720915042344	0.00787905446064006	0.026867638292629
ENSMUSG00000047636	5.76445243399685	-1.4977092330321	0.563704821179802	-2.65690335927495	0.00788620463718436	0.0268877491648347
ENSMUSG00000020585	17622.4330166315	0.162134836704744	0.061039961758507	2.65620803214457	0.00790248479595778	0.0269389770732142
ENSMUSG00000052516	13199.3283104798	-0.191431062081113	0.0721029157443063	-2.65496977625665	0.00793155145983963	0.027033770028091
ENSMUSG00000024472	4939.23721169922	-0.159350426972232	0.0600236297009394	-2.65479491603852	0.00793566381304354	0.027043492524336
ENSMUSG00000020717	1344.35704402926	0.42443294737636	0.159890109963475	2.65452908546574	0.00794191926037669	0.0270605141021026
ENSMUSG00000047022	470.458039165933	-0.171307046864825	0.0645469783637411	-2.65399018215011	0.00795461412810841	0.0270994678422433
ENSMUSG00000036769	2007.8130733755	-0.139314644654204	0.0524946790659024	-2.65388125298008	0.0079571823636633	0.0271039156804818
ENSMUSG00000022150	1203.1276131521	0.650469117781862	0.245137079745361	2.65349133822409	0.0079663815160576	0.0271309448871478
ENSMUSG00000024740	17905.1485448891	0.119234754229933	0.0449392877992104	2.65324085158349	0.00797229620219869	0.0271467814524741
ENSMUSG00000029019	631.389170714504	0.307794418625808	0.116032420205913	2.65265878346406	0.00798605563829131	0.0271893212262587
ENSMUSG00000060371	1809.78706083336	-0.34025284650223	0.12827505664964	-2.65252540430808	0.0079892115647883	0.0271957525292968
ENSMUSG00000021947	570.150082652076	-0.160186364617581	0.0604025689528419	-2.65197933456512	0.00800214394303976	0.0272354561410007
ENSMUSG00000033763	4045.37259789626	-0.148656737056236	0.0560607066632275	-2.65171001052947	0.00800852914953788	0.0272528672675935
ENSMUSG00000097772	73.7174319376828	0.386012566634206	0.145585560628124	2.6514481585177	0.0080147415809275	0.027269685017624
ENSMUSG00000025867	20377.1298614018	-0.159759786401141	0.0602636416314346	-2.65101447699118	0.00802504015451864	0.0273003980914259
ENSMUSG00000035790	2399.61090536146	0.0981971979350361	0.0370490260164117	2.65046638180279	0.008038072642091	0.0273375206290639
ENSMUSG00000022225	180.881776163314	0.735151019669246	0.277368541726439	2.65044844340822	0.00803849949737498	0.0273375206290639
ENSMUSG00000020918	3106.90988471001	-0.0952568190257818	0.0359419692233704	-2.65029493608946	0.0080421531297772	0.0273456136676378
ENSMUSG00000018858	2080.16953923642	-0.0906051897799877	0.0341929582886594	-2.64982014761906	0.00805346299751445	0.0273797334026996
ENSMUSG00000085421	5.93024040066008	1.51568732026232	0.572252232364821	2.64863505031475	0.00808175518561017	0.027471568775029
ENSMUSG00000073234	127.109323623238	0.290323804635312	0.1096154601225	2.64856621785706	0.00808340117456432	0.0274728134283087
ENSMUSG00000032202	1741.86565160489	-0.174482482804866	0.065879637947276	-2.64850397241869	0.00808488990667702	0.0274735233080147
ENSMUSG00000039238	27.7142085622026	-0.757506282815095	0.286065213558259	-2.64801956656231	0.00809648389374911	0.0275085665183948
ENSMUSG00000002017	4824.14196200267	0.0926056948269357	0.0349739461984035	2.64784803812511	0.008100592899179	0.0275181717318842
ENSMUSG00000028798	5079.31227660029	0.0966252407597436	0.036492754570148	2.64779246998212	0.00810192444783571	0.0275183402210825
ENSMUSG00000070605	83.0612324122071	-0.475576137791498	0.179645317656803	-2.64730605837468	0.0081135884265204	0.027553597399729
ENSMUSG00000117611	14.7096456098545	-0.954475991050845	0.360615178510314	-2.6467992694976	0.00812575703195072	0.0275905568566678
ENSMUSG00000041488	180.209892920846	0.285202131127723	0.107783846388555	2.64605634966473	0.00814362495062702	0.0276468532642985
ENSMUSG00000052155	1735.72019911545	0.112859369329002	0.0426605558951653	2.64552036326822	0.00815653775603991	0.0276863123768426
ENSMUSG00000034224	62.875718907155	-0.50046629306426	0.189205183810644	-2.64509821023258	0.00816672102395229	0.0277105419448642
ENSMUSG00000039542	6979.82628513622	0.176624706040399	0.0667748685509086	2.64507755497477	0.0081672195664693	0.0277105419448642
ENSMUSG00000029179	582.715057563749	-0.172529690848937	0.0652270402271655	-2.64506392208001	0.00816754862970073	0.0277105419448642
ENSMUSG00000009734	70.6190389770272	-0.467838082709543	0.176995241720062	-2.64322406728585	0.00821206703435399	0.0278571793551585
ENSMUSG00000097164	1779.23581291158	-0.103776515515971	0.0392688169795839	-2.64272070049692	0.00822428461934386	0.0278942160908256
ENSMUSG00000141600	6.46775080920673	-1.41899262304582	0.537032459691897	-2.64228464674167	0.00823488154612013	0.0279214741385835
ENSMUSG00000038692	293.889416781905	0.217174238089903	0.0821918932141648	2.64228295026638	0.00823492279751104	0.0279214741385835
ENSMUSG00000093896	4.80318395869623	4.04206966773635	1.52982969406406	2.64216970256239	0.00823767694006333	0.0279264013258685
ENSMUSG00000017999	1220.94532278493	0.106577041934505	0.0403425713088121	2.64180091840664	0.00824665134850096	0.0279497860454491
ENSMUSG00000038482	1487.54422524338	0.151504775954982	0.0573495216066554	2.64177924611318	0.0082471790185351	0.0279497860454491
ENSMUSG00000000889	7.01624340072138	1.16419686802274	0.440738690330568	2.64146736731815	0.00825477588958944	0.0279711159030666
ENSMUSG00000121345	682.894333612688	-0.231497812454385	0.0876618841071296	-2.64080352381517	0.00827096691286057	0.0280215555163297
ENSMUSG00000061118	1087.70407849628	-0.0976023959329574	0.036966646361767	-2.64028267476012	0.00828369021419936	0.0280602326239551
ENSMUSG00000027809	3098.00857444236	-0.0850718010228774	0.0322319558508576	-2.63936204853711	0.0083062221106028	0.0281321179908804
ENSMUSG00000093803	1413.00746712791	0.117106414103905	0.0443747165189684	2.63903464158124	0.00831424845059437	0.0281548599527463
ENSMUSG00000092094	40.0506327323661	-0.558165280281276	0.211516916974716	-2.63886826767618	0.0083183297440428	0.0281642375844831
ENSMUSG00000033157	2883.25139597098	-0.088060975313273	0.0333715548209092	-2.63880348955445	0.00831991929120166	0.0281643783935631
ENSMUSG00000025083	1521.5872300897	0.197553785792178	0.0748661540624979	2.63875964066835	0.00832099542401831	0.0281643783935631
ENSMUSG00000022070	56.3631474704654	-0.467623175649627	0.17723597396421	-2.63842133845838	0.00832930217369441	0.0281880498913013
ENSMUSG00000051177	2297.37649717633	-0.149281249803473	0.0566001262075499	-2.63747203064646	0.0083526513245103	0.0282585537112755
ENSMUSG00000079339	257.640310941526	0.309690959111313	0.117419829676504	2.63746728269427	0.00835276825202848	0.0282585537112755
ENSMUSG00000113654	85.6629608201041	-0.3565892374325	0.135228485563009	-2.63693877771298	0.008365792867124	0.028298157845207
ENSMUSG00000042870	2793.05517162579	0.0766936708587517	0.0290885469812904	2.63655901781827	0.00837516298339641	0.0283253897276804
ENSMUSG00000066721	244.825241899828	-0.263091804258169	0.0997962544282768	-2.63628936542154	0.00838182202863251	0.0283390155905516
ENSMUSG00000031377	114.186130009635	0.444140235654055	0.168471758388343	2.63628895372642	0.0083818321990316	0.0283390155905516
ENSMUSG00000031250	32.3190506151592	1.28852516976438	0.488830582416278	2.63593403545915	0.00839060410668051	0.0283642059455124
ENSMUSG00000005677	45.2854141306042	-0.443887089031316	0.168418669663101	-2.63561688213814	0.00839844958893485	0.0283862571053496
ENSMUSG00000052917	1195.78667985809	-0.114104505141469	0.0432989268170891	-2.63527328572113	0.0084069566033088	0.0284105369091037
ENSMUSG00000032584	330.475088369956	-0.213695757804482	0.0811036868617287	-2.63484640555004	0.00841753635378349	0.0284418125878036
ENSMUSG00000006019	520.294249061267	0.149592821472023	0.0567837051796544	2.63443220196244	0.00842781331042656	0.028472055480267
ENSMUSG00000057228	19.8898854220935	-0.698027451207594	0.264989428893853	-2.63417093323826	0.00843430151444583	0.0284894911580007
ENSMUSG00000116760	95.2556341224421	-0.379316710680538	0.144025370772834	-2.63367980686417	0.00844650996957706	0.0285262402465295
ENSMUSG00000028354	2468.27684547727	-0.143026859579185	0.0543095123030057	-2.63355080011038	0.00844971944860071	0.0285325904803623
ENSMUSG00000070643	534.976599512309	0.210707257751216	0.0800133896971971	2.63339996653831	0.00845347332650302	0.0285407767264413
ENSMUSG00000032058	245.132161104661	0.412011356612519	0.156469452169549	2.6331744049699	0.00845908978391235	0.0285552478851176
ENSMUSG00000028470	868.835009654578	-0.152549301935628	0.0579387938411242	-2.63293886224036	0.00846495833272321	0.0285670902139186
ENSMUSG00000024201	2734.3186842991	0.122554999303368	0.0465470594723425	2.63292677760211	0.00846525951973987	0.0285670902139186
ENSMUSG00000029649	7876.57381695362	0.0831720689271035	0.0315936739079429	2.63255451611765	0.00847454213707388	0.0285923583403189
ENSMUSG00000035529	3228.69099409574	0.137571286668412	0.0522584076026324	2.63251968399974	0.00847541116740191	0.0285923583403189
ENSMUSG00000030268	5980.42574133818	0.179435533394199	0.0681684218192049	2.63223833859753	0.00848243340659975	0.0286115517765667
ENSMUSG00000038828	2090.86212510508	0.118721473071593	0.0451064232893872	2.63203030552693	0.0084876291523909	0.0286226179117112
ENSMUSG00000091994	187.29751480048	-0.234197745874725	0.0889808992742054	-2.63200021336059	0.00848838095713935	0.0286226179117112
ENSMUSG00000039419	12583.9328592315	-0.206460139196813	0.0784673598390207	-2.63115949893529	0.00850940895095539	0.0286853606896254
ENSMUSG00000032294	82985.5579661962	0.112127804238637	0.042615520935438	2.63114944455353	0.0085096607132924	0.0286853606896254
ENSMUSG00000046470	243.685893777853	0.626787911922631	0.238234657713305	2.63096863377836	0.00851418936321594	0.0286961200927608
ENSMUSG00000020063	612.775627537395	0.153161750739083	0.0582221877940725	2.63064231252876	0.00852236797378589	0.028719175969433
ENSMUSG00000025199	1358.07453774276	0.169671779610946	0.0645075814883589	2.63026105918365	0.00853193224827431	0.028746893367047
ENSMUSG00000050379	7462.90437376187	0.0669529573116818	0.0254595131798425	2.62978152169428	0.00854397574454345	0.0287794537628082
ENSMUSG00000014850	1146.0858058357	-0.167920122336117	0.0638535511117765	-2.62976951809885	0.00854427740754573	0.0287794537628082
ENSMUSG00000058620	24.7281612518545	-0.877371573092339	0.33365396578474	-2.62958532810722	0.00854890749042778	0.0287905315640921
ENSMUSG00000063894	1632.37126880858	-0.158164970177903	0.0601527390754717	-2.62938932804804	0.00855383691279218	0.0288026138305877
ENSMUSG00000022129	7.61566379876444	2.34844919773946	0.893265491230118	2.62906070008974	0.00856210764358376	0.0288259414487404
ENSMUSG00000027593	8500.07761462159	-0.0841089250213631	0.0319969963575075	-2.62865064212906	0.00857243778668741	0.0288561940613191
ENSMUSG00000038587	78955.357231734	0.155485015723905	0.0591636485469994	2.62804981677877	0.00858759384841042	0.0289026794528031
ENSMUSG00000029875	1037.58044788121	-0.147217012793915	0.0560303967532675	-2.62744905131035	0.00860277234631636	0.0289492257698741
ENSMUSG00000037656	1300.98438637252	0.23926230985174	0.0910800010457225	2.62694671832107	0.008615482327077	0.0289874519800995
ENSMUSG00000006411	1520.58258289145	-0.184327871593975	0.0701781970465778	-2.62656892526942	0.00862505226691144	0.029015102955888
ENSMUSG00000127542	15.3782338542881	-0.814965903554701	0.310290048472467	-2.62646484335129	0.00862769045259969	0.0290194301559863
ENSMUSG00000039086	879.972898310432	0.140007023573898	0.0533184093212339	2.62586647569287	0.00864287139843698	0.0290655167457338
ENSMUSG00000028457	50.9632373816046	-0.526415225872943	0.200476655565696	-2.62581807536407	0.00864410038687994	0.0290655167457338
ENSMUSG00000045251	539.362434861668	-0.148638852076296	0.0566161628365753	-2.62537841897459	0.00865527136421727	0.0290985207680952
ENSMUSG00000115124	57.7228829688792	-0.401887872179687	0.153124388095342	-2.62458434726579	0.00867548018015541	0.0291618943857213
ENSMUSG00000060121	267.348866490167	-0.192644308927118	0.0734107724157722	-2.62419673009364	0.0086853601950298	0.0291905342017394
ENSMUSG00000023912	1501.99205384291	-0.0977187233734379	0.0372395930262768	-2.62405454604421	0.00868898685936999	0.0291981515221096
ENSMUSG00000029512	4936.63629349989	0.139789728699091	0.0532781630692854	2.62377155378465	0.00869620912256813	0.0292178470848407
ENSMUSG00000030180	2285.34990008096	0.114977014436859	0.0438284371566941	2.62334278600435	0.00870716195451664	0.029250068625298
ENSMUSG00000034394	34.197514748694	0.688695159763835	0.262567258327293	2.62292855610112	0.0087177551245455	0.0292810720549982
ENSMUSG00000019813	224.730258314759	-0.221724675412672	0.0845465896476321	-2.62251471451139	0.00872834986366302	0.029312071053409
ENSMUSG00000009394	12460.6482074315	-0.126712958798643	0.04832982889088	-2.62183752160054	0.00874571146841276	0.0293657816957529
ENSMUSG00000027566	9823.09557899415	0.135445310999367	0.0517226433065769	2.61868501570074	0.00882694104769024	0.0296338937331434
ENSMUSG00000041930	790.091338243888	0.263530545477481	0.100651861882102	2.6182381582386	0.00883850945438835	0.029667472249549
ENSMUSG00000020272	649.253401679706	0.23354975096204	0.0892026854917604	2.61819192633626	0.0088397070953189	0.029667472249549
ENSMUSG00000036256	4227.25915072719	0.506013533417804	0.193280857360585	2.61802198276565	0.00884411074242806	0.0296776115674473
ENSMUSG00000002768	4189.64457099005	-0.0880735056057952	0.0336425334338562	-2.61792132209527	0.0088467200268724	0.0296817274299536
ENSMUSG00000025892	4379.93715359079	-0.176816741573758	0.067550756808743	-2.61753901698511	0.00885663624954927	0.0297103537635294
ENSMUSG00000087595	12.7220799751681	-1.0054564459182	0.384244135370501	-2.61671253602533	0.00887810743937985	0.029777727233395
ENSMUSG00000055401	818.903761411443	0.152080373320042	0.0581230628500709	2.61652373193641	0.00888301890963236	0.0297895459950271
ENSMUSG00000019214	124.29675199638	-0.273336738703833	0.104469370228548	-2.61642946737261	0.00888547197665753	0.0297931180023322
ENSMUSG00000039953	37962.5619342029	-0.148556544418096	0.0567839972653114	-2.61616919506382	0.00889224824116846	0.029811182374656
ENSMUSG00000110444	929.015262329409	-0.167626277817188	0.0640890796052222	-2.61552012994627	0.00890916695180253	0.0298632382553706
ENSMUSG00000030222	73.3130496857154	-0.37883273714431	0.144867515171727	-2.61502888825862	0.00892199090248173	0.0299015545218849
ENSMUSG00000007880	4620.92904194725	0.171303757272994	0.0655110025283274	2.61488529654116	0.00892574250216755	0.029909458094213
ENSMUSG00000042751	8305.0368215753	-0.123077896394859	0.047076196790495	-2.61444009469577	0.00893738318326473	0.029943790761973
ENSMUSG00000044505	366.5788404523	-0.345253388991302	0.132077572706885	-2.61401979091114	0.00894838529620616	0.0299759735905683
ENSMUSG00000087002	37.3842863834967	0.598564892893977	0.228990555076954	2.61392830238272	0.00895078175485139	0.0299793230066531
ENSMUSG00000022577	1892.49616433803	-0.188062114618286	0.0719670093096405	-2.61317117971572	0.00897063590272209	0.0300411342102703
ENSMUSG00000039263	1381.03850954671	-0.103491234483847	0.0396157072838285	-2.61237881586663	0.00899145629484527	0.0301061614139992
ENSMUSG00000031767	854.496616861221	-0.147767845602193	0.0565659289952751	-2.61231183199583	0.00899321835991945	0.0301073651456692
ENSMUSG00000027194	1855.34614076475	0.14959999503888	0.0572692547256424	2.61222178908321	0.0089955874976641	0.0301106005340492
ENSMUSG00000026678	11621.1555833995	0.205905982185993	0.0788315514693825	2.61197424569229	0.0090021035356445	0.0301277135167049
ENSMUSG00000045813	8.8053660836982	-1.10864904678385	0.424476840271575	-2.61180102564501	0.00900666568051744	0.0301382830082599
ENSMUSG00000049421	3810.18368777703	-0.106132039374785	0.040653321252239	-2.61066097690457	0.00903674300615173	0.0302342153008187
ENSMUSG00000072949	402.076109428114	0.358966757936503	0.137508305433962	2.6105096474256	0.00904074218981674	0.0302428816965258
ENSMUSG00000069089	1747.9668044646	-0.127239376715766	0.048745162140807	-2.61029753779909	0.00904635026999779	0.0302569265964121
ENSMUSG00000068105	30.3122868015301	-0.728002764005116	0.27890987233795	-2.61017208857709	0.00904966855084719	0.0302633097230855
ENSMUSG00000007610	1046.32238102703	-0.154670420384596	0.0592589973630472	-2.61007487921228	0.00905224060124667	0.0302671957548849
ENSMUSG00000137214	10.7202396964229	-1.0700953626133	0.410109921114237	-2.60928913815577	0.00907305439643561	0.0303320644251498
ENSMUSG00000038349	1052.87069644226	-0.201424982845209	0.077203200130689	-2.60902375166104	0.00908009396737017	0.0303508715514743
ENSMUSG00000010505	5406.19205636516	-0.144942879372003	0.0555567174753239	-2.60891726435027	0.00908291999178816	0.0303555909300521
ENSMUSG00000034282	72.0513220228362	-0.416588518316678	0.159726034890162	-2.60814411753946	0.00910346178621223	0.0304195066473897
ENSMUSG00000131028	10.1358940535145	-1.12240694041141	0.430389706598492	-2.60788518685113	0.00911035059971002	0.0304377877001362
ENSMUSG00000042436	283.322860832636	1.15461722282721	0.442824506896689	2.60739233001977	0.00912347584487789	0.0304768958117256
ENSMUSG00000020887	94.0569058580042	-0.398345628295979	0.15280041834821	-2.60696686960768	0.0091348198323264	0.0305083828453446
ENSMUSG00000035696	3271.90326546432	0.141625493615565	0.0543264962676517	2.60693222176183	0.00913574419686365	0.0305083828453446
ENSMUSG00000027175	7752.28942497945	0.176265341244922	0.0676166254144012	2.60683434236249	0.00913835595739848	0.0305123579065976
ENSMUSG00000027777	130.066158660605	0.396515467090863	0.152172626704858	2.6056950956095	0.00916880405901443	0.0306092609534687
ENSMUSG00000002731	1400.97443015365	-0.134510253282823	0.0516320411240894	-2.6051701686468	0.00918286397973587	0.0306514318440383
ENSMUSG00000120470	18.2691843161249	0.787284343310201	0.302226623184107	2.60494702622745	0.00918884657061043	0.0306666325380478
ENSMUSG00000039789	1041.9098541292	0.150296655007643	0.0577197793052154	2.60390210802595	0.00921690780690786	0.0307526697606996
ENSMUSG00000112105	15.5556401923734	-0.993455632155042	0.381528903575791	-2.60388039502148	0.00921749171901338	0.0307526697606996
ENSMUSG00000093402	121.511839589845	-0.294957488198052	0.113280385160605	-2.60378253287073	0.00922012386470717	0.0307566711545927
ENSMUSG00000085837	82.5171093104336	0.399548818880091	0.153459317131562	2.60361395025337	0.00922465971394039	0.0307670207301809
ENSMUSG00000018931	584.79484978036	0.16450220504826	0.0631944712706645	2.60311071112044	0.00923821160997647	0.0308074336522844
ENSMUSG00000038697	1116.9095075919	0.109714500971342	0.042157146343502	2.60251251537221	0.00925434373496738	0.0308538228480906
ENSMUSG00000053985	256.774543386565	-0.198361964534194	0.076221597489285	-2.60243777443892	0.00925636111190123	0.0308538228480906
ENSMUSG00000033972	626.923162482217	-0.185518701905241	0.0712865825491999	-2.60243506240745	0.00925643432133158	0.0308538228480906
ENSMUSG00000031119	353.983779765916	0.387222133435545	0.148802825482778	2.60224987112466	0.00926143465553261	0.0308656973009879
ENSMUSG00000137375	16.3102940361515	0.758822633688174	0.291652954332926	2.60179992149837	0.00927359375176082	0.0309014224581338
ENSMUSG00000037287	4579.50713187736	-0.095611439325754	0.0367558446484486	-2.60125811936115	0.00928825390237392	0.0309454692330217
ENSMUSG00000021147	5182.5027803317	0.0903304485389519	0.0347290876593628	2.60100263574299	0.00929517398239515	0.0309637189177676
ENSMUSG00000093789	19.4600023987339	0.71705802661458	0.275721709671521	2.60065856790472	0.00930450074165469	0.0309899787308548
ENSMUSG00000130463	17.7620140565415	-0.727471095831532	0.279735280771046	-2.60056970227843	0.0093069110076704	0.0309931975939579
ENSMUSG00000021751	10.9461322291682	1.0829786982599	0.41648482527406	2.60028368992139	0.00931467218610192	0.0310142319135821
ENSMUSG00000016018	4841.10327286837	-0.111071288216535	0.0427173537417347	-2.60014440239118	0.00931845395729086	0.0310220118869736
ENSMUSG00000019173	8753.30613035672	0.0649430011307081	0.0249808489122236	2.59971153738215	0.00933021534443531	0.0310563502223055
ENSMUSG00000032968	129.710482832947	-0.371116574132317	0.142756549561362	-2.59964656803923	0.00933198177092093	0.0310574140611765
ENSMUSG00000086233	21.6575275354388	0.905925696017576	0.348489551429503	2.59957778447437	0.00933385222598032	0.0310588237301029
ENSMUSG00000046791	367.42124736724	0.201418393272053	0.0774860014116056	2.59941653463467	0.00933823845942653	0.0310686030331758
ENSMUSG00000064037	1530.15431898388	-0.0868873571029837	0.0334270096827926	-2.59931588040647	0.00934097733502205	0.0310728993450462
ENSMUSG00000044948	7.57209174276622	1.65652687621944	0.637544368956208	2.59829269440732	0.00936885967751719	0.0311608214808776
ENSMUSG00000029238	4465.38163013891	0.116406690516972	0.0448085570434663	2.59786742081545	0.0093804704276576	0.0311946054531523
ENSMUSG00000124562	8.26091082420938	-1.25900632565378	0.484745860507769	-2.59725028767647	0.00939734212531048	0.0312458714470128
ENSMUSG00000055334	887.673014039348	0.113999848844456	0.0438961286787671	2.59703651041098	0.00940319285506735	0.0312604828599777
ENSMUSG00000087131	22.0459478544565	0.703508672938845	0.270915495326597	2.59678270558406	0.00941014329168588	0.0312787451067404
ENSMUSG00000045348	8799.12859966324	-0.0969748651170155	0.0373458327084879	-2.5966716520683	0.00941318592949263	0.0312840144236707
ENSMUSG00000097527	109.842834235503	-0.334742859112192	0.128934935304507	-2.59621535716155	0.00942569668339495	0.0313207438089406
ENSMUSG00000066880	1001.84453150044	0.116276155570661	0.0447954968657226	2.5957108126115	0.00943954761757833	0.0313619144341335
ENSMUSG00000130650	74.9588198493109	-0.406721819918826	0.156720375599646	-2.59520702628883	0.00945339584751362	0.0314030633337554
ENSMUSG00000035237	261.735772254395	0.270231196303317	0.104139341807225	2.59490017522434	0.00946183953882669	0.0314262490392161
ENSMUSG00000024665	10396.552600252	0.152566628478415	0.0587968842805018	2.59480804715036	0.00946437596085504	0.0314298103922825
ENSMUSG00000032268	224.270419655375	0.362485440277999	0.139709674067671	2.5945622069265	0.00947114727401725	0.0314474319232876
ENSMUSG00000048779	117.158665010784	0.641593144566324	0.247294870741617	2.59444582349096	0.00947435439398141	0.0314532154997224
ENSMUSG00000109812	112.783224536108	0.373560007380483	0.143999878250699	2.59416891124122	0.00948198902015707	0.0314736935683766
ENSMUSG00000058690	33579.1207751993	-0.132490729471831	0.0510786466736037	-2.5938574746989	0.00949058205565078	0.031497346073995
ENSMUSG00000031641	900.024674628063	-0.128549480857205	0.0495679518795874	-2.5933990811136	0.00950324250673991	0.0315344881202162
ENSMUSG00000064125	192.594521869322	-0.452339949678604	0.174440958042205	-2.59308338337126	0.00951197057327001	0.0315585719205277
ENSMUSG00000035203	9971.78538236755	0.0630515666960454	0.0243195922858454	2.59262433164815	0.00952467468913259	0.0315958378731139
ENSMUSG00000140105	26.4690186949618	0.845813212220174	0.326332712876294	2.59187381113337	0.00954547770860348	0.0316599543406802
ENSMUSG00000008690	6460.39748191921	-0.0616791424549267	0.0238005639476273	-2.59149920105467	0.00955587634729715	0.0316885821628017
ENSMUSG00000022704	594.792591281396	-0.151256461648155	0.05836735435388	-2.59145653118164	0.00955706144237297	0.0316885821628017
ENSMUSG00000074991	16.0586929116562	-0.897095164330376	0.346181408914457	-2.59140191018187	0.00955857865425913	0.031688718052869
ENSMUSG00000026896	621.425966558426	0.313186210610702	0.120863588682384	2.59123706341139	0.00956315891850104	0.0316990070019369
ENSMUSG00000074342	31.4231274847164	0.886352812151745	0.342088374681468	2.59100535929367	0.00956960012132893	0.0317154602755051
ENSMUSG00000016150	987.73299808072	-0.314298330080478	0.121306685600806	-2.59093988533134	0.00957142094984408	0.0317165980409622
ENSMUSG00000060257	5142.64776023095	0.182792077730766	0.0705541971881705	2.59080373692373	0.009575208221212	0.0317242506060406
ENSMUSG00000044533	14535.6150299081	0.147904361505291	0.057092870279604	2.59059249922015	0.00958108691354681	0.0317388289639191
ENSMUSG00000032308	874.540339654593	-0.128388654283639	0.0495765941932256	-2.58970299136004	0.00960587701672085	0.0318160401235812
ENSMUSG00000004788	2310.16875417709	0.0811438021137032	0.0313340045080265	2.589640340829	0.00960762520701765	0.0318169211190745
ENSMUSG00000113647	6.97578854088255	-1.22588028103451	0.473407795763831	-2.58948055356077	0.00961208516950718	0.0318267808497056
ENSMUSG00000009292	1733.43049979875	-0.17646196152813	0.0681473102146524	-2.58941931783229	0.00961379486277946	0.0318275324682949
ENSMUSG00000020739	1128.46945225216	-0.117475119554805	0.0453691436326125	-2.58931754379338	0.00961663697997432	0.0318320322917701
ENSMUSG00000064284	660.934107428134	-0.169538298292659	0.0654805912244358	-2.58913817243286	0.0096216478847911	0.0318437085252738
ENSMUSG00000049946	43.3014469867647	-0.46519338765465	0.179678086278298	-2.58903796946126	0.00962444816076668	0.0318480660118726
ENSMUSG00000051579	2807.34730024308	-0.108619319865745	0.0419589127646234	-2.58870673020215	0.00963371015701528	0.0318738012069189
ENSMUSG00000051207	11057.4481426113	-0.222850729405624	0.0861063023477319	-2.58808848283443	0.00965101863264235	0.031923981874658
ENSMUSG00000141578	10.4488026644192	-1.0116080170371	0.390875211986436	-2.58805876150623	0.00965185140997534	0.031923981874658
ENSMUSG00000003184	781.948702456626	0.125198518643353	0.0483796644686451	2.58783354573478	0.00965816392982588	0.0319399394419415
ENSMUSG00000028842	3366.61731680949	0.178234948977973	0.0688811720061976	2.58757137526546	0.0096655168798027	0.0319593323077395
ENSMUSG00000085272	59.7319928588446	-0.480769694891473	0.185819498992826	-2.58729410797752	0.00967329867104692	0.0319801369586775
ENSMUSG00000102234	34.1555188931993	-0.633089363692178	0.244716018029108	-2.58703687968997	0.00968052304070625	0.0319990926380968
ENSMUSG00000030655	3351.56090568257	0.16347884146304	0.0631991699106948	2.58672450435738	0.00968930270583774	0.0320231827380312
ENSMUSG00000061479	1793.94503077647	0.104136313811805	0.0402647288196862	2.58629119987741	0.00970149297379775	0.0320585357413089
ENSMUSG00000026504	713.168736615207	-0.139093988679921	0.0537997876362567	-2.58540032946492	0.00972659901876376	0.0321365514140038
ENSMUSG00000031871	1444.20559864054	0.432471322042084	0.167346773745512	2.58428239972975	0.00975818585017344	0.032233964082454
ENSMUSG00000044452	1439.34594240106	-0.124219956524061	0.0480680768632711	-2.58425060102576	0.0097590856504178	0.032233964082454
ENSMUSG00000028776	653.240618088959	0.276267928489305	0.106929060080216	2.58365619488337	0.00977591903305652	0.0322845966097833
ENSMUSG00000002345	924.337501530148	-0.166898624669374	0.0646305391555258	-2.58234925547738	0.00981302214564237	0.0324021432669373
ENSMUSG00000039109	818.376707566295	0.635488619787941	0.246175902509429	2.5814412105734	0.00983887474563717	0.0324825108104964
ENSMUSG00000096647	19.1070522974164	0.785499816115765	0.304366602401619	2.58076875030881	0.00985805920067446	0.032536484603857
ENSMUSG00000003518	12461.558325394	-0.0858400062700173	0.0332616326802409	-2.58075143500129	0.00985855362471805	0.032536484603857
ENSMUSG00000021957	16948.0312870328	0.108808347590675	0.042162194581709	2.58070882386845	0.00985977044386888	0.032536484603857
ENSMUSG00000049124	197.245175910334	0.282602043378811	0.109529278634061	2.5801506857631	0.00987572120094069	0.0325841117890244
ENSMUSG00000052752	1278.48186969892	0.12468711721233	0.0483276772699745	2.58003538046711	0.00987901931886316	0.0325899844319528
ENSMUSG00000038042	3333.44603086276	-0.0963051562801167	0.0373302431034985	-2.57981594207971	0.00988529870324772	0.0326056886852974
ENSMUSG00000028420	386.158094087743	0.189453927319426	0.0734446634389746	2.57954653814764	0.00989301274963902	0.0326261194782226
ENSMUSG00000035683	37.3172028018622	-0.715624770657636	0.277442556436547	-2.57936194017627	0.00989830157886004	0.0326385471108771
ENSMUSG00000046008	183.10877057422	0.277407237288149	0.107569150594791	2.57887355021638	0.00991230635909397	0.0326797063898497
ENSMUSG00000004880	811.547475546809	0.26549509363482	0.102978519035824	2.57815995142113	0.0099328008342058	0.0327422455016987
ENSMUSG00000128567	148.977002360982	-0.336810951726851	0.130653732238419	-2.57789001474701	0.009940563219335	0.0327628020983026
ENSMUSG00000066152	855.008851329909	0.198987195449789	0.0771999109379759	2.57755731881167	0.00995013776408269	0.0327893241086581
ENSMUSG00000003345	8704.9597201263	-0.0718734972631185	0.0278851003646045	-2.57748748698606	0.00995214847357291	0.0327909162139242
ENSMUSG00000031753	5406.03572527387	-0.0728608320689079	0.0282698939402474	-2.5773295160891	0.00995669835958754	0.0327965719457177
ENSMUSG00000030304	2683.26593792516	0.0911464827301654	0.0353648049594176	2.57732179874198	0.0099569206824859	0.0327965719457177
ENSMUSG00000027298	2338.69117254926	-0.0906197725913483	0.0351644985536535	-2.57702445132502	0.00996549009534592	0.0328197622563203
ENSMUSG00000114255	41.3150366483826	0.462129940746996	0.179374574269421	2.57634027915727	0.00998523256913716	0.0328797365131306
ENSMUSG00000041592	1026.9158443814	0.284438593378744	0.110417879667341	2.57601933885779	0.00999450562142257	0.0329052235689351
ENSMUSG00000050357	4586.63047890527	-0.103020688465465	0.0400091649457729	-2.5749272349247	0.010026117688908	0.033004238967965
ENSMUSG00000021270	83109.2318648967	0.143939929627667	0.0559027742707494	2.5748262318885	0.0100290458193104	0.0330088159394843
ENSMUSG00000024712	8630.35988751419	0.105730748067452	0.0410688840300192	2.5744733650461	0.0100392815914049	0.0330374396199751
ENSMUSG00000020528	1481.80700475044	-0.0892136225917438	0.0346656443621336	-2.57354577517084	0.0100662330092417	0.0331210542269134
ENSMUSG00000031503	3523.84974105476	0.320620298356096	0.124593705332638	2.57332661790665	0.0100726100955607	0.0331369575956024
ENSMUSG00000021390	8032.72296654683	0.378405669792767	0.147052989433627	2.5732606406044	0.0100745306220752	0.0331381971090203
ENSMUSG00000129166	43.7019683648555	0.531536315756302	0.206599761077861	2.57278281922108	0.0100884492109678	0.0331788954745877
ENSMUSG00000021256	4006.43549517274	0.152211435349778	0.0591858521714235	2.57175371757626	0.0101184843616158	0.0332725774060119
ENSMUSG00000031201	3180.1232037802	-0.0981781190967492	0.0381780922885683	-2.57158263316752	0.010123485307669	0.0332839233595378
ENSMUSG00000043621	14.415528055619	1.21374799786264	0.472005666700273	2.57146912313106	0.0101268045191181	0.0332897374896461
ENSMUSG00000131121	21.4166202180944	-0.766169308776788	0.298047505560981	-2.57062815316879	0.010151425998448	0.0333655658371896
ENSMUSG00000071723	905.163399495079	-0.135942107995965	0.0528866279596279	-2.57044385775057	0.0101568288181348	0.0333782130144031
ENSMUSG00000043259	1153.72732308306	-0.148932131382355	0.0579441962816547	-2.57026830881261	0.010161977605943	0.0333900216269973
ENSMUSG00000086191	139.419398372045	-0.253292396889308	0.098561056576012	-2.56990342523332	0.0101726869468049	0.033420094582203
ENSMUSG00000029153	371.211684479989	-0.261634023554376	0.101820587843126	-2.56955915396474	0.0101828005274877	0.0334482013960293
ENSMUSG00000035983	68.8964411655461	-0.421280800040226	0.163965256748966	-2.56932967625706	0.0101895468142821	0.0334652405011289
ENSMUSG00000097908	308.809220570016	-0.185126073551356	0.072057481867581	-2.56914436576565	0.0101949975575046	0.0334780201268767
ENSMUSG00000054474	599.917004356447	-0.172355615068133	0.0671023703279465	-2.56854734379407	0.0102125760850914	0.0335306145981298
ENSMUSG00000036860	1183.95637556652	-0.127285340332232	0.0495727649100212	-2.56764658100604	0.0102391489287441	0.0336127192085062
ENSMUSG00000086382	30.8097151676429	-0.58482376956866	0.227785486190288	-2.56743210179822	0.0102454852117743	0.0336283769963223
ENSMUSG00000006699	23886.6009377228	0.0554875199333958	0.0216139391198962	2.56720996693833	0.010252051342225	0.0336447843009023
ENSMUSG00000110790	10.4351875127541	-0.957896955604095	0.373201112107199	-2.56670445110825	0.0102670079531443	0.0336886840815578
ENSMUSG00000078695	2470.3504652826	-0.101095723233109	0.0393881723571264	-2.56665179375398	0.0102685670337106	0.0336886840815578
ENSMUSG00000020198	12629.6885371685	0.125216955646824	0.048792347043937	2.56632368051628	0.0102782865689813	0.0337154186261847
ENSMUSG00000033222	834.372541096642	-0.130173627721484	0.0507299399712945	-2.56601186193286	0.0102875310036243	0.0337405867874407
ENSMUSG00000061171	156.571828099106	-0.280097435770867	0.109188644637323	-2.5652615865068	0.0103098046288197	0.0338037305086241
ENSMUSG00000042460	1392.28265481939	0.118766084880084	0.0462979236284799	2.5652572636546	0.0103099330867401	0.0338037305086241
ENSMUSG00000020708	14076.5962288362	0.0609300150359345	0.0237546305522256	2.56497422268795	0.0103183470357389	0.0338261511101361
ENSMUSG00000054412	27.326848473327	-0.626653763717221	0.244365245911692	-2.56441443372712	0.0103350058602827	0.0338755895246339
ENSMUSG00000053192	18893.300380749	0.0610370502209579	0.0238030752523935	2.56425060937538	0.0103398856534781	0.0338864099904672
ENSMUSG00000022881	214.900016794836	-0.203617636284281	0.0794183929253253	-2.56385994206325	0.0103515306346674	0.0339193949937065
ENSMUSG00000041974	348.933667940569	0.213204616742953	0.0831912991371021	2.56282350383283	0.0103824812796404	0.0340156201386996
ENSMUSG00000015016	1340.44120937646	-0.113577163309548	0.0443216358840063	-2.56256704077417	0.0103901526078261	0.0340355586570419
ENSMUSG00000040167	847.991857618797	0.151047036261972	0.0589523733049088	2.56218753875673	0.0104015135336216	0.0340647871892494
ENSMUSG00000031349	6227.20130512215	0.0992985983063923	0.0387559297865816	2.56215239456782	0.0104025661832705	0.0340647871892494
ENSMUSG00000083327	412.530620804146	0.196658537810739	0.0767564771375751	2.56211000223807	0.0104038360576129	0.0340647871892494
ENSMUSG00000032221	173.454049623317	-0.330333729818627	0.12893607961781	-2.56199607431679	0.0104072494845169	0.0340707667278693
ENSMUSG00000016756	91.7114189955582	0.609832209815952	0.238239505265766	2.55974427555858	0.0104749210726726	0.0342870777288794
ENSMUSG00000045288	512.17795559315	-0.23309906580246	0.0910931666305289	-2.55890836189616	0.0105001416075611	0.0343581150462898
ENSMUSG00000010830	407.134744069703	0.345645200459128	0.135076962873759	2.55887601486985	0.0105011186415152	0.0343581150462898
ENSMUSG00000054604	3367.02877754112	0.0995794994111922	0.0389154823235891	2.55886586688483	0.0105014251755663	0.0343581150462898
ENSMUSG00000022723	1092.98916091946	0.228261841901759	0.0892110196296237	2.55867316447487	0.0105072475317384	0.0343626471069354
ENSMUSG00000039899	1352.40388640813	0.582238388436896	0.227554925201577	2.5586718807388	0.0105072863284704	0.0343626471069354
ENSMUSG00000117519	59.2931629540488	-0.423385250232881	0.165471407534315	-2.55866107952868	0.0105076127648339	0.0343626471069354
ENSMUSG00000020917	51870.1981020996	0.135432900763462	0.0529353702611175	2.55845760774703	0.0105137638162527	0.0343775253739042
ENSMUSG00000039391	6.37738507117976	1.68831869075948	0.660156363153473	2.55745272634293	0.0105441888689202	0.0344717572738718
ENSMUSG00000027993	20170.5072556865	-0.132764923670625	0.0519163459929934	-2.5572855934149	0.0105492567845562	0.0344830738750242
ENSMUSG00000043716	15427.3326538078	0.130393889946213	0.0509911962370999	2.55718436845265	0.0105523272484782	0.0344878588178796
ENSMUSG00000027350	6681.35900987025	-0.181278107013842	0.0708967575401435	-2.55693085697463	0.010560020518665	0.034507748584817
ENSMUSG00000020457	5692.45988461217	0.061925345417689	0.0242197204768495	2.55681503330645	0.0105635370600812	0.0345139857734707
ENSMUSG00000112110	171.822636291487	-0.243998019032946	0.0954336888275636	-2.55672836322841	0.010566169145835	0.034517331743189
ENSMUSG00000000532	3573.96580322039	-0.141633179533008	0.0554056047843083	-2.55629696822875	0.0105792788709264	0.0345548996109718
ENSMUSG00000032018	10594.5451855518	0.128004694591512	0.0500830776678712	2.55584721530859	0.0105929618791926	0.034594328266963
ENSMUSG00000027395	522.520777006241	0.146862932049138	0.0574701457986958	2.55546475492795	0.0106046100015012	0.0346271004399491
ENSMUSG00000026204	17324.694812037	0.142697205271234	0.055842505901688	2.55535103532882	0.0106080756149441	0.0346331484639377
ENSMUSG00000020778	1465.98726306209	0.116647270554288	0.0456515827747477	2.55516377449265	0.0106137845981974	0.0346465176680208
ENSMUSG00000052865	8.77280240033117	-1.09475188122041	0.428461586406425	-2.55507591801231	0.010616464002548	0.0346499948728439
ENSMUSG00000074406	715.410308978445	0.135687247937207	0.0531089137118824	2.55488652381999	0.0106222421010676	0.034663582995062
ENSMUSG00000067924	2802.35518521909	-0.104296189262354	0.0408328269910824	-2.55422406303466	0.0106424746722168	0.0347243291250653
ENSMUSG00000038346	1215.31251870582	0.101693501386851	0.0398258524232383	2.55345448243347	0.0106660218732389	0.0347958701414812
ENSMUSG00000085498	19.7236633497519	-0.807274826801157	0.316222122322634	-2.55287271134533	0.0106838533205245	0.0348487456888585
ENSMUSG00000102923	43.6354960795074	-0.4418781713835	0.173104172605804	-2.55267198203104	0.0106900118783751	0.0348635361563658
ENSMUSG00000034659	3148.43712931225	-0.0883272685601568	0.0346066612173774	-2.55231985557174	0.0107008230643718	0.0348934935287567
ENSMUSG00000024687	5044.51125801494	0.0996344290746721	0.039037910722234	2.55224798743969	0.0107030307946868	0.0348953917130539
ENSMUSG00000115715	6.98233099528617	-1.14531469274214	0.448780206168312	-2.55206151474647	0.0107087609723146	0.0349087719106615
ENSMUSG00000024727	158.261563268614	0.389310571913151	0.152555275275125	2.55193123417759	0.0107127660230586	0.0349165252734554
ENSMUSG00000013539	5319.17767083984	-0.0968631973377337	0.0379626198944183	-2.55154142699134	0.0107247573274672	0.0349503022303645
ENSMUSG00000075289	645.994804597736	-0.136891533355384	0.0536582004789208	-2.55117637441385	0.010735997946859	0.0349816229397807
ENSMUSG00000005483	3881.72309052541	0.225143421790618	0.0882817564791538	2.55028253593687	0.0107635650607949	0.0350661234777695
ENSMUSG00000026433	236.053868184159	0.315394758619877	0.123688808572718	2.54990538157261	0.0107752158467146	0.0350987531662481
ENSMUSG00000033703	479.139347424124	-0.167228472248821	0.0655859327497601	-2.54976128626352	0.0107796700962222	0.0351079348028382
ENSMUSG00000059482	1256.24058770886	-0.116512012031091	0.0457047329887769	-2.54923296586595	0.0107960154523263	0.0351558355126876
ENSMUSG00000017009	2650.37092772856	0.23595230516698	0.0926032323845074	2.54799210666058	0.0108344922497815	0.0352757789524966
ENSMUSG00000031616	430.492394393927	-0.289618348088749	0.113670960311638	-2.54786576355771	0.0108384167498289	0.035278404952812
ENSMUSG00000018900	821.15200478636	0.144315899447049	0.0566419979978831	2.54786032534449	0.0108385857012855	0.035278404952812
ENSMUSG00000033967	12.3126886977684	0.853208829860552	0.334884155747112	2.54777305888683	0.0108412971684314	0.0352818806879242
ENSMUSG00000043079	2631.57206336759	0.14164560290489	0.055607847987097	2.5472232433407	0.0108583944273385	0.0353321653444367
ENSMUSG00000122751	210.134111967494	-0.444760096269232	0.174623472085111	-2.5469662867112	0.0108663930559649	0.035352833182683
ENSMUSG00000004360	2660.34947272899	-0.152371383951087	0.0598319445632876	-2.54665605577829	0.0108760570020612	0.0353757173319381
ENSMUSG00000121202	65.5506482025725	-0.378183775431056	0.148503347306917	-2.54663468729395	0.0108767229288545	0.0353757173319381
ENSMUSG00000039745	4289.64797690099	0.0754517114594823	0.0296378302153861	2.54579066386286	0.0109030550510888	0.035455988445186
ENSMUSG00000038742	369.092440472827	-0.19191076799308	0.075390446976863	-2.54555816669951	0.0109103185203158	0.0354742346799606
ENSMUSG00000035273	218.918665254056	-0.394019924372719	0.15480530208236	-2.54526117046747	0.0109196032671567	0.0354990464535491
ENSMUSG00000028436	4834.18605697154	0.0799331147249725	0.0314089277196099	2.54491701972579	0.010930370948584	0.0355286709240316
ENSMUSG00000027377	73.7877987817168	0.781040067041773	0.306937789152786	2.54462009776512	0.0109396685318662	0.035553508660869
ENSMUSG00000027201	3375.24016993752	0.113500212965102	0.0446114015870834	2.54419742324267	0.0109529159562875	0.0355911737689477
ENSMUSG00000028539	16.4183094638337	1.16732052385994	0.458992160035373	2.54322540883917	0.0109834348391239	0.0356849420700217
ENSMUSG00000123116	33.5418632834179	0.627840564992894	0.246879472222842	2.54310558646279	0.0109872021962414	0.035691780015817
ENSMUSG00000028331	211.128198566322	0.205255676024519	0.0807622738325941	2.54147965732091	0.0110384369492997	0.0358527897645131
ENSMUSG00000050966	9.18868214390922	1.65175642723813	0.650170777442032	2.54049625813181	0.0110695278158801	0.0359483334486661
ENSMUSG00000032536	12785.5560171102	-0.118723032188897	0.046737298730397	-2.54022023980777	0.0110782683028288	0.0359712762650919
ENSMUSG00000024254	14.0704055083063	-1.01171941599733	0.398334915421661	-2.53987129128854	0.0110893269960049	0.0360017382480704
ENSMUSG00000044827	49.4763875089366	0.833062646051527	0.328063800663669	2.53933120437626	0.0111064624823808	0.0360492610016556
ENSMUSG00000017485	4078.06426151506	0.118644900049511	0.046723392099493	2.53930407699998	0.0111073237801617	0.0360492610016556
ENSMUSG00000142874	5.46462379846951	-1.46200883571048	0.575835512309214	-2.53893482506409	0.011119053479719	0.036078146784014
ENSMUSG00000025262	1316.72234625302	-0.153215102433089	0.0603466110387319	-2.53891808994462	0.0111195853499971	0.036078146784014
ENSMUSG00000018008	401.664332705197	0.561780800936326	0.221326875149707	2.53824033143889	0.0111411446566237	0.036142634305438
ENSMUSG00000116617	109.229742076652	-0.338783407007751	0.133484727657268	-2.53799376867744	0.0111489969540335	0.0361626425831496
ENSMUSG00000039483	2426.04274631594	0.0890072808136872	0.0350744952541948	2.53766391130153	0.0111595096264714	0.0361912726456919
ENSMUSG00000005107	201.07666783169	-0.24129027085151	0.0950961447446498	-2.5373296835473	0.0111701705636861	0.0362203748217652
ENSMUSG00000037523	466.273359673706	0.212572547759272	0.0837862939404295	2.53708020443543	0.0111781341495931	0.0362384510719475
ENSMUSG00000011305	8.80974402887783	1.25276263558816	0.493788051340974	2.53704526099011	0.0111792499766661	0.0362384510719475
ENSMUSG00000114708	55.1150544389442	-0.417049566746246	0.164388085207478	-2.53698171750026	0.0111812793244993	0.0362384510719475
ENSMUSG00000074171	76.9655604661488	-0.333842889476265	0.131592556467997	-2.53694356608579	0.0111824978990301	0.0362384510719475
ENSMUSG00000026005	1895.8302433739	-0.11539726293134	0.0454937556266456	-2.53655169466273	0.0111950212902802	0.0362735587950422
ENSMUSG00000014837	1922.36022445577	0.129998876275662	0.0512668968411775	2.53572742423621	0.0112214039121851	0.0363535551432184
ENSMUSG00000021287	58.450134190113	-0.404660534442047	0.159596484566357	-2.53552285654385	0.0112279601056185	0.036369306115468
ENSMUSG00000097274	174.285686788442	-0.381399940501349	0.150434078714321	-2.53532938653906	0.0112341637587503	0.036383910568095
ENSMUSG00000021608	2586.74430058549	-0.0934426072298737	0.0368584144060615	-2.53517707518386	0.0112390497930634	0.0363942439067582
ENSMUSG00000106656	23.6588986646576	0.610226788612137	0.240723546350224	2.53496925358656	0.011245719598497	0.0364103494572151
ENSMUSG00000055923	260.495801414273	-0.208277347506784	0.0821821472010915	-2.53433810870322	0.011265997050724	0.036470501084428
ENSMUSG00000114019	111.875567119832	-0.316292893102663	0.124807934438099	-2.53423706214396	0.0112692464926296	0.0364755194829294
ENSMUSG00000033589	332.624747983352	0.197162049022356	0.0778110965480172	2.53385516679728	0.0112815349504674	0.0365097888205539
ENSMUSG00000021824	6034.60483432472	-0.102673008086512	0.0405220665738918	-2.53375547614997	0.0112847447093194	0.036514671379296
ENSMUSG00000056131	716.874289318647	-0.121081379600425	0.0477913431653667	-2.53354209320842	0.0112916177662459	0.0365263334084688
ENSMUSG00000031328	3934.87478331241	0.366344591276858	0.144598029262416	2.53353792679993	0.0112917520031025	0.0365263334084688
ENSMUSG00000040044	2001.12910223111	-0.0952922745263895	0.03761441984236	-2.53339742911772	0.0112962795053452	0.0365354732351575
ENSMUSG00000120580	25.0218868272377	-0.663671374818607	0.261977533312242	-2.53331408395086	0.0112989660438822	0.0365360845868967
ENSMUSG00000038630	93.2520199890213	-0.348157842864961	0.137433297280722	-2.53328596310842	0.0112998726158766	0.0365360845868967
ENSMUSG00000085338	8.31238232752057	1.44149276847756	0.569062381438882	2.53310149378128	0.0113058212201921	0.036549812998892
ENSMUSG00000042050	530.702697337489	-0.157013083705444	0.0619862108713974	-2.53303245186577	0.0113080483380193	0.0365515081499658
ENSMUSG00000046668	2090.09709592713	-0.229744071482928	0.0907309234832229	-2.53214739432703	0.0113366325810551	0.0366383852732505
ENSMUSG00000028459	85.2151743731113	0.608431875314806	0.240348173747436	2.53146036363963	0.0113588654610245	0.0367047126277816
ENSMUSG00000036617	6823.29646546827	0.1508754104177	0.0596074048897721	2.53115213951528	0.011368852420544	0.0367314548554181
ENSMUSG00000004945	3408.20137394611	-0.137026169927687	0.054149307260002	-2.53052489240067	0.0113892003167135	0.0367916589915083
ENSMUSG00000066151	4494.86056176401	-0.108149378547458	0.042738856203136	-2.53046965116307	0.0113909938905015	0.0367919161681472
ENSMUSG00000020180	3482.52639905846	-0.0698501721322443	0.0276158109884925	-2.52935436737132	0.0114272586230253	0.0369034953515664
ENSMUSG00000048330	6293.96612507858	0.111083303195635	0.0439216794436897	2.52912239701696	0.0114348142670964	0.0369223410134615
ENSMUSG00000029617	1791.26925727199	-0.0928065989690191	0.0367082046839059	-2.52822495047568	0.0114640873115712	0.0370112946653914
ENSMUSG00000034473	921.834299116711	-0.12200522270523	0.0482662054905738	-2.52775666670248	0.0114793882536091	0.0370551200378908
ENSMUSG00000010517	4752.63595525831	0.0922355533733604	0.0365063796274444	2.52655985925322	0.0115185757355391	0.0371760256711898
ENSMUSG00000022546	148.665337313212	-0.276880632025796	0.10961246811299	-2.52599578124984	0.0115370866670853	0.0372301717371697
ENSMUSG00000055302	12559.3927237839	0.0787401520013496	0.0311735194112417	2.52586661655387	0.0115413290823428	0.03723826395334
ENSMUSG00000056687	219.247152394021	0.232860032308124	0.0921957452216288	2.52571343447957	0.0115463621429419	0.0372489043823852
ENSMUSG00000027860	536.600877277692	0.194620591356473	0.0770676883332718	2.52532021610477	0.0115592909274554	0.0372850096241558
ENSMUSG00000074553	78.3464347071133	0.465441845600255	0.184325405243353	2.52510957448194	0.011566221980409	0.0373017609722745
ENSMUSG00000039886	1296.14439702999	0.110147826223543	0.0436278487523747	2.52471367196504	0.011579258926602	0.0373381962022591
ENSMUSG00000115850	6.86729599608744	1.13255032261302	0.44870762794827	2.52402734446847	0.0116018903744214	0.0374055540368474
ENSMUSG00000124778	29.8121183261666	-0.56198891931019	0.222668840349491	-2.52387769401465	0.0116068302629184	0.0374158610037253
ENSMUSG00000049858	857.554460128114	-0.152011146210347	0.0602321295996677	-2.52375513236353	0.0116108773532441	0.0374204403991231
ENSMUSG00000116940	9.632317330448	1.0981368165421	0.435124680862988	2.52372909384076	0.0116117373287319	0.0374204403991231
ENSMUSG00000040822	1258.49912007672	0.101188573120542	0.040101253504772	2.52332693561563	0.0116250266057261	0.0374576435182402
ENSMUSG00000021619	899.481593576475	-0.135851430304955	0.0538429229264324	-2.52310652767819	0.0116323156862613	0.0374755048058361
ENSMUSG00000021196	29673.3418071802	0.132162056372526	0.0523995257377496	2.52219947626957	0.0116623553572803	0.0375657899237744
ENSMUSG00000021892	2416.97366339046	0.224773553414749	0.0891209777582388	2.522117228387	0.0116650826376668	0.0375657899237744
ENSMUSG00000023022	1693.80824580283	0.344706822196039	0.136674421559449	2.52210192853169	0.0116655900322314	0.0375657899237744
ENSMUSG00000121069	414.959438754688	0.556007670304276	0.220461188725735	2.52202064915824	0.011668285857425	0.0375688351905632
ENSMUSG00000032135	12214.5127400452	0.14286375987521	0.0566499049982178	2.52187112899314	0.0116732464955465	0.0375791705568989
ENSMUSG00000025451	3772.88352732332	-0.0725202924414457	0.0287587249554857	-2.52167968342465	0.0116796008262845	0.037593988804472
ENSMUSG00000053199	1454.52394286825	-0.242302691926559	0.096131412456811	-2.52053606343731	0.0117176230347511	0.0377107190500701
ENSMUSG00000036966	12372.8565880641	-0.0765184515710343	0.030363072091557	-2.52011559766746	0.0117316299424272	0.0377501376621408
ENSMUSG00000022887	771.308084295985	-0.197679902943673	0.0784574855751907	-2.51957989087255	0.0117494973700825	0.0378007400373965
ENSMUSG00000038623	1227.53266402018	-0.134100333677772	0.0532241645083306	-2.51953853886768	0.0117508775863946	0.0378007400373965
ENSMUSG00000096515	14.4494548502194	6.41530787288594	2.54637544206988	2.5193880552316	0.0117559015307215	0.0378058493412407
ENSMUSG00000030786	91.0274602475116	0.827940045937586	0.328627778455361	2.51938545739842	0.0117559882769394	0.0378058493412407
ENSMUSG00000022313	368.467428372215	0.176000932560477	0.0698929163110527	2.51815122117955	0.0117972658622693	0.0379329102755351
ENSMUSG00000103839	33.6978989460297	-0.531554287619365	0.211127297495164	-2.51769569319448	0.0118125329071858	0.0379763114251385
ENSMUSG00000032068	19.5742255206043	0.744730062623556	0.295838763748612	2.51735118544637	0.0118240907370901	0.0380077765442313
ENSMUSG00000024283	4696.27344135567	0.0725353113725155	0.0288252122728887	2.51638429184224	0.0118565824708419	0.0381065128490931
ENSMUSG00000138697	4.94775974063627	-1.59375409644544	0.633490893917882	-2.51582794914182	0.0118753138132111	0.0381597755468508
ENSMUSG00000038422	194.296106093208	-0.249313798209337	0.0991020292797096	-2.51572848731143	0.0118786653285526	0.0381597755468508
ENSMUSG00000041608	8428.39433176978	-0.158103726260125	0.0628465194535468	-2.51571173129146	0.0118792300302864	0.0381597755468508
ENSMUSG00000031167	9428.02026311818	0.14693817636496	0.0584089063518214	2.51568100727464	0.0118802655352466	0.0381597755468508
ENSMUSG00000107277	46.0031918730738	0.417440299568011	0.165939994593743	2.51560993833944	0.011882661109324	0.0381617599300941
ENSMUSG00000033777	109.449616605385	0.70054588101006	0.278511403773894	2.51532207125993	0.0118923688434387	0.0381868935852751
ENSMUSG00000073802	309.520734624942	0.242906248130718	0.0965734009399338	2.51525001466812	0.0118947999062124	0.0381868935852751
ENSMUSG00000058715	376.793430481228	0.574356737142289	0.22835251531707	2.51521966528281	0.0118958239730147	0.0381868935852751
ENSMUSG00000022210	852.836343303117	0.130623785261269	0.0519359043607041	2.51509599898489	0.0118999976022716	0.0381945796247552
ENSMUSG00000025402	734.112086343792	0.202966120556455	0.0807042696817053	2.5149365870845	0.0119053795298547	0.0382061409759097
ENSMUSG00000061665	6361.47440205001	-0.111564367814265	0.0443727025600228	-2.51425676998943	0.0119283551648446	0.0382741512658526
ENSMUSG00000071753	1579.16380431021	0.189493796634114	0.0753823161706529	2.51376989007783	0.0119448342941998	0.0383212992018072
ENSMUSG00000028096	2530.36808572901	-0.144912813306546	0.0576524648692795	-2.51355798290879	0.0119520128897735	0.0383385996252058
ENSMUSG00000030101	2692.13827514517	-0.104093699487076	0.041415613334678	-2.51339268226933	0.0119576152915975	0.0383508396607547
ENSMUSG00000079104	808.942836879647	0.152535644099509	0.0606948197153769	2.51315754482527	0.0119655886275821	0.0383706790378963
ENSMUSG00000026466	1890.56886082055	0.197352549461954	0.0785305005823988	2.51306878217184	0.0119685997284684	0.0383722127131854
ENSMUSG00000042216	4304.97977941174	-0.138247631514917	0.0550121518973353	-2.51303806062554	0.0119696420538288	0.0383722127131854
ENSMUSG00000051232	1884.39406426255	-0.129977517182645	0.0517281164956537	-2.51270539095631	0.0119809340766348	0.0384026774509545
ENSMUSG00000038173	71.7525123269618	0.855885299720438	0.340679759165799	2.51228691078152	0.0119951522327678	0.038442510873185
ENSMUSG00000104283	12.3645458041692	-1.00583141884996	0.400530083116799	-2.51125061823796	0.0120304253979828	0.0385498002079561
ENSMUSG00000021427	9687.95945145794	0.0806251727970626	0.0321066879102184	2.51116443472833	0.0120333630360625	0.0385534583480771
ENSMUSG00000023456	33506.0625070492	0.0654509109287358	0.0260664326791806	2.51092705067432	0.012041457761018	0.0385736356212523
ENSMUSG00000041544	1614.32060619511	-0.298452490041834	0.118906191175983	-2.5099827611173	0.0120737055596143	0.0386711673444764
ENSMUSG00000004996	772.155435700409	-0.131252049052601	0.0522952513840909	-2.50982728983554	0.0120790222875559	0.0386824246493624
ENSMUSG00000110179	11.5113148574423	-1.05381854510306	0.419895320410351	-2.50971728875948	0.0120827853019098	0.0386887036531617
ENSMUSG00000039164	326.209298422806	0.175021297081024	0.0697537411611078	2.50913132640131	0.0121028479362652	0.0387471638776837
ENSMUSG00000021806	828.045173599751	0.290273466621614	0.11574049106632	2.50796816176703	0.0121427607627872	0.0388691474103774
ENSMUSG00000112501	10.4663777201019	0.927918589346853	0.370318124314863	2.50573366092633	0.0122197628205324	0.0391098000157372
ENSMUSG00000095159	58.2782265772721	-0.453267898511159	0.180930131195311	-2.50520958292935	0.0122378853376737	0.0391619628292343
ENSMUSG00000009535	4034.31579365539	0.0974082999599586	0.0388878062328286	2.50485459058186	0.0122501744295564	0.0391954455663821
ENSMUSG00000006356	24233.0693445897	-0.0925307278376128	0.0369619115292226	-2.50340753519895	0.0123003816533867	0.0393502224398806
ENSMUSG00000075224	467.869787792457	0.365637751048403	0.146066596539592	2.503226334498	0.0123066814419935	0.0393645095863259
ENSMUSG00000056770	11113.1706609854	-0.0653703302697155	0.0261171007697683	-2.50297040417995	0.0123155842181051	0.0393871172267349
ENSMUSG00000067438	352.591347315382	0.294515102221347	0.117689463039827	2.50247638670661	0.0123327852158665	0.0394362531571264
ENSMUSG00000054256	466.112619726705	0.223770995824134	0.0894265796983526	2.50228731299958	0.0123393741270826	0.0394514454888227
ENSMUSG00000044857	1526.39862168728	0.133841843234122	0.053502291566506	2.50160954447623	0.0123630188887556	0.0395189895912336
ENSMUSG00000032598	3153.80904579547	-0.101123908491503	0.0404240763467568	-2.50157622957329	0.0123641821529267	0.0395189895912336
ENSMUSG00000026856	2172.3580263677	-0.107490808769848	0.0429832353335805	-2.50076123715777	0.0123926696440655	0.0396041456869898
ENSMUSG00000039166	603.816077058912	-0.171175375695362	0.0684629481781764	-2.50026299261718	0.0124101140546188	0.0396539905174824
ENSMUSG00000141614	16.9782075583588	-0.723969728405739	0.289639466264837	-2.49955483533368	0.0124349452983672	0.0397274201182841
ENSMUSG00000026787	17.5088916011249	1.04286813635123	0.417248732683855	2.49939198051778	0.0124406619548219	0.0397393097806183
ENSMUSG00000074863	362.31612255788	-0.165169548967244	0.0660851774474627	-2.49934335272918	0.0124423693764807	0.0397393097806183
ENSMUSG00000021258	1135.4517507174	0.117779670525452	0.0471318216846318	2.49894161345043	0.0124564832101137	0.0397784689955816
ENSMUSG00000031860	241.891585865878	-0.241864230423807	0.0968183886123455	-2.49812286581442	0.0124852912069684	0.0398645338463161
ENSMUSG00000001017	6907.97181892731	0.0588286960005279	0.0235512815340137	2.49789787088932	0.0124932180797506	0.0398817778167801
ENSMUSG00000031376	3246.45368038361	-0.227696483614051	0.0911564733190963	-2.49786411566177	0.0124944077060396	0.0398817778167801
ENSMUSG00000020098	1650.10568397821	-0.146688978976971	0.0587304323392686	-2.49766557360911	0.0125014068998767	0.0398973887069092
ENSMUSG00000064181	2079.43842509142	-0.110691689121007	0.0443188680405733	-2.49761995319172	0.0125030156448047	0.0398973887069092
ENSMUSG00000031700	3326.04832585291	-0.165895981848148	0.0664326632120033	-2.49720504684168	0.0125176551969885	0.0399381668339113
ENSMUSG00000031353	8278.46568870314	0.0886167685913897	0.0354888847042757	2.49702883958799	0.0125238770826391	0.0399520798715904
ENSMUSG00000042492	5539.43820650092	0.084144564523014	0.0337026841032433	2.49667249840545	0.0125364678738848	0.0399863030283525
ENSMUSG00000028613	2393.5564429936	0.170430774498304	0.068267147603784	2.49652696033923	0.0125416134699895	0.0399967723587572
ENSMUSG00000041360	2938.88658863333	0.0809211518300534	0.0324154209692668	2.49637824869759	0.0125468732015362	0.0400076025169602
ENSMUSG00000041633	206.740038780451	0.235057962268732	0.0941786359312608	2.49587350617709	0.0125647398354054	0.0400586225021256
ENSMUSG00000052920	6450.03266648945	-0.176056735904129	0.0705449090480446	-2.4956689048139	0.012571988630184	0.0400757808042068
ENSMUSG00000022799	4612.85347042289	0.174169895799405	0.0697939487808647	2.49548705642454	0.0125784344204147	0.0400903746501294
ENSMUSG00000035181	3807.42920389654	-0.190787578827643	0.076456424301774	-2.49537668770126	0.0125823479721192	0.0400968945322908
ENSMUSG00000031928	1188.10137597115	-0.127688661320511	0.051185000792833	-2.49464998227351	0.0126081430630048	0.0401731332923351
ENSMUSG00000006134	4197.95332370484	0.132609995258882	0.053159007679971	2.49459124702296	0.0126102299692621	0.0401738196082191
ENSMUSG00000122203	26.0921458443249	0.829035354269638	0.332350542956416	2.49446065860153	0.0126148709668599	0.0401777078028986
ENSMUSG00000034936	781.964467406408	-0.220438630275885	0.0883715813230155	-2.49445157567271	0.0126151938223953	0.0401777078028986
ENSMUSG00000138479	12.3507282721224	0.840552459133892	0.336990259123687	2.49429304372083	0.0126208300681936	0.0401855528175485
ENSMUSG00000091102	6.0886925981366	-1.51839516083209	0.608753865668452	-2.49426779272242	0.0126217280162472	0.0401855528175485
ENSMUSG00000002603	500.569345071757	0.343262612544494	0.137622990210221	2.49422434449474	0.0126232732064068	0.0401855528175485
ENSMUSG00000024943	986.15841480766	0.137210645541803	0.0550175866689447	2.49394155304258	0.0126333344773691	0.0402116189043899
ENSMUSG00000126938	22.6878940414748	-0.619100943035836	0.248248758005621	-2.4938732745717	0.0126357647806512	0.0402133916651531
ENSMUSG00000005339	16.1169497438783	1.06694069772459	0.427843619087685	2.49376325864036	0.012639681557418	0.0402198939092107
ENSMUSG00000030718	12497.7710754434	0.0873893913048366	0.0350464159651043	2.49353290196208	0.0126478861754266	0.0402400362593312
ENSMUSG00000056529	171.819705359138	0.384190393301792	0.154096521452766	2.49318018135507	0.0126604581678274	0.0402740656536132
ENSMUSG00000087200	55.2685517855196	-0.448274564559822	0.179824078801797	-2.492850610145	0.0126722150435267	0.040305492387664
ENSMUSG00000121132	35.1479840192569	-0.502000812339296	0.201381648695882	-2.49278330766572	0.0126746171295309	0.0403071601929646
ENSMUSG00000100277	8.87355892342185	1.23431333208214	0.495200196051114	2.49255420721751	0.0126827969519192	0.0403271988401566
ENSMUSG00000034707	5962.50441744853	-0.106097047670295	0.0425676047295741	-2.49243640426364	0.0126870048176717	0.0403346038827224
ENSMUSG00000050132	3310.21745549739	0.136208429679724	0.0546585311901391	2.49198847305097	0.0127030159931961	0.0403795263305121
ENSMUSG00000085278	48.3199080970052	-0.549594493253877	0.220577344539132	-2.49161805081199	0.0127162701400088	0.0404156729087103
ENSMUSG00000041355	2885.08937541143	0.0825668938525818	0.0331398410872967	2.49146921480658	0.0127215991148385	0.0404266242189672
ENSMUSG00000036555	985.932935046369	-0.151043614626201	0.0606276648595089	-2.49133155591941	0.0127265296597143	0.0404363063462741
ENSMUSG00000006463	1384.82404750458	-0.136609074255895	0.0548440883296309	-2.49086234116666	0.0127433482905494	0.0404837523168467
ENSMUSG00000040669	444.128599848529	0.242551754927867	0.0973817095963359	2.49073215014694	0.0127480183693528	0.0404925957852216
ENSMUSG00000018800	5801.56304214391	-0.234348354700889	0.0941314850049172	-2.48958522951855	0.0127892250212675	0.040617473636119
ENSMUSG00000028522	1598.98217288323	0.116805906698781	0.046920855600243	2.48942405684042	0.0127950250814511	0.0406298828991759
ENSMUSG00000015711	3804.84125052005	-0.0778396571745566	0.0312747106723068	-2.48890095227906	0.0128138658882084	0.0406836925242244
ENSMUSG00000020828	894.685133266675	0.137765217078312	0.0553535439509021	2.48882379058707	0.0128166471197016	0.0406858568912727
ENSMUSG00000021693	6783.03234231445	0.107156623749129	0.0430559383201354	2.48877687793919	0.012818338309684	0.0406858568912727
ENSMUSG00000057265	86.537919953425	-0.36568918328721	0.146940357122519	-2.48869126527505	0.0128214251352165	0.0406896380769601
ENSMUSG00000078440	587.355544424118	-0.138746804270115	0.0557714798870687	-2.48777340230279	0.0128545606899797	0.0407872426582194
ENSMUSG00000034063	81.227075194649	0.362647241880452	0.145774116360773	2.48773411174687	0.0128559807987288	0.0407872426582194
ENSMUSG00000125131	127.890595398038	-0.284995761369354	0.114568888689204	-2.48754932189727	0.0128626616621267	0.0408024080448074
ENSMUSG00000036913	5089.82837658402	-0.215053027079472	0.0864582698234686	-2.48736214035476	0.0128694321260389	0.0408178531349808
ENSMUSG00000021938	1756.74895220117	-0.111648952547273	0.0448888975708993	-2.48722865984691	0.0128742621184965	0.0408271399964021
ENSMUSG00000024576	24104.7598771764	0.0704557794217539	0.0283365221533861	2.48639473257782	0.0129044741059932	0.0409169041594164
ENSMUSG00000061601	5251.46695656423	-0.267488768689221	0.107607736407457	-2.48577637277281	0.0129269168765711	0.0409820111759675
ENSMUSG00000068154	697.276839116279	-0.245709127467055	0.0988559702782545	-2.48552643583839	0.0129359978903197	0.0410047446417016
ENSMUSG00000070705	653.171611309219	-0.128400630239294	0.0516615170884603	-2.48542120858419	0.0129398228232262	0.0410077061852666
ENSMUSG00000029640	7632.93878546239	-0.109051620508421	0.0438769664619512	-2.4853956255838	0.0129407528975587	0.0410077061852666
ENSMUSG00000023272	569.448588216356	0.266795039267612	0.107377363532316	2.48464881694845	0.0129679293267094	0.0410877595464419
ENSMUSG00000033427	158.382975300706	-0.42657423943132	0.17169752739741	-2.48445184911705	0.0129751054112093	0.041104429273468
ENSMUSG00000120489	71.4683672589773	-0.368492228119554	0.148324900627749	-2.48435850325873	0.0129785074864534	0.0411091399888163
ENSMUSG00000086665	21.4675625252552	-0.661596701448334	0.266351849385364	-2.48392005903109	0.0129944975470975	0.0411537156013566
ENSMUSG00000024833	415.455205340226	-0.159076371158173	0.0640492222596389	-2.48365812333081	0.013004058654833	0.0411779205022342
ENSMUSG00000024683	1196.86281248445	-0.110599478381889	0.0445396246036198	-2.48317042108389	0.0130218772136576	0.0412282619864859
ENSMUSG00000040950	639.051284669083	0.705873158103837	0.28432152919221	2.48265813745904	0.0130406171236004	0.0412815052610539
ENSMUSG00000072889	266.439020781208	0.243821732675624	0.0982149227779348	2.48253244801616	0.0130452186270292	0.0412899827555011
ENSMUSG00000097303	29.5817292560592	-0.557989055190455	0.224827005391816	-2.48185957117572	0.013069877148559	0.0413619317220947
ENSMUSG00000039579	1715.75828153699	-0.228913369665585	0.0922397786698616	-2.4817207170986	0.0130749707802354	0.0413708889040811
ENSMUSG00000024885	769.172351587489	-0.198834235060162	0.0801209050065419	-2.48167734805201	0.0130765620615946	0.0413708889040811
ENSMUSG00000100665	78.3037310243032	-0.424495681146471	0.171063179236933	-2.48151404083587	0.0130825556077303	0.0413837516468521
ENSMUSG00000045752	1152.6469479282	0.107900414326971	0.0434832731583156	2.48142346446928	0.0130858809027189	0.0413881714244531
ENSMUSG00000024483	1684.56184589323	0.168453266985875	0.0679001222338153	2.48089784589493	0.0131051924923393	0.041443144083759
ENSMUSG00000031779	37.1917899272431	-1.91275217391572	0.771098656192713	-2.48055441227183	0.0131178240904965	0.0414769792202973
ENSMUSG00000048904	23.5975504958433	0.61462220528643	0.247790067807225	2.48041501713697	0.0131229541591341	0.041487088951395
ENSMUSG00000133744	18.5259271540309	0.879630794612502	0.354682271808429	2.48005289389713	0.013136289437522	0.0415231319490276
ENSMUSG00000051586	3355.27709321192	0.13009685176047	0.0524595470844641	2.4799461488107	0.0131402226379752	0.0415294492265571
ENSMUSG00000085482	15.4379041598017	0.744959912020948	0.300445554572329	2.47951717269162	0.013156039480946	0.041573317164432
ENSMUSG00000026341	17943.1298643841	-0.0574154048749178	0.0231608767299312	-2.4789823608326	0.0131757821853405	0.0416295761540357
ENSMUSG00000022751	440.728591382103	-0.171321577813226	0.0691382915203539	-2.47795503831318	0.0132137795393924	0.041743486621427
ENSMUSG00000119993	30.538316724271	-0.588614985648253	0.237550772895934	-2.47784917082174	0.0132177007383407	0.0417497298483257
ENSMUSG00000026023	2517.18065308124	-0.192096685810157	0.0775385374947277	-2.47743498932023	0.0132330513885617	0.0417920672512674
ENSMUSG00000035297	5474.24223574553	-0.0706964111022757	0.0285387337830163	-2.47720910254077	0.0132414299840411	0.0418123765868528
ENSMUSG00000032842	249.478894081744	-0.203418833054608	0.0821236274570349	-2.47698304803976	0.0132498194955879	0.0418327144127505
ENSMUSG00000050821	2682.02641250972	-0.123133851028334	0.0497132078691011	-2.47688403758928	0.0132534955285329	0.0418381669140422
ENSMUSG00000029136	211.84021683953	-0.236680887087768	0.095567614822084	-2.47658045592528	0.0132647724467887	0.0418595162401815
ENSMUSG00000045867	526.189987196539	-0.136068655364205	0.0549427547259728	-2.47655320602049	0.0132657850931262	0.0418595162401815
ENSMUSG00000120485	7.14358975918674	1.2114480937779	0.489168716488703	2.47654449874429	0.0132661086826589	0.0418595162401815
ENSMUSG00000028542	305.075621551523	0.682322834028307	0.275535883988177	2.476348358523	0.0132733997140539	0.041876366587578
ENSMUSG00000109769	9.9608818998188	-0.989812388863616	0.399716315884883	-2.47628718050298	0.0132756745814775	0.041877388767964
ENSMUSG00000062906	592.460279514877	-0.163569182068228	0.0660585278206606	-2.47612514938714	0.0132817012752095	0.0418902438397953
ENSMUSG00000105337	7.33925680638716	-1.37066098793629	0.553613173583788	-2.47584604799662	0.0132920880302867	0.0419168446684492
ENSMUSG00000035726	3809.63532102118	0.100123226624218	0.0404723961595959	2.47386456263669	0.0133660356587264	0.0421438486266483
ENSMUSG00000034271	668.712849797446	-0.197633325941343	0.0798912180089152	-2.47378035867833	0.0133691861291956	0.0421475913422401
ENSMUSG00000038860	5169.38190746444	0.106647210755515	0.0431126092715208	2.4736895436752	0.0133725846859228	0.0421476620651269
ENSMUSG00000026580	121.166974566798	0.993451455620744	0.401609558638025	2.47367482733685	0.0133731354852129	0.0421476620651269
ENSMUSG00000038560	152.029326135784	0.28253854472215	0.114232684623855	2.47335992892483	0.0133849262271724	0.0421786298286088
ENSMUSG00000053714	426.21728726583	-0.178687688723891	0.0722848253439086	-2.47199447288903	0.0134361593636071	0.0423338612797871
ENSMUSG00000001829	3488.36939683838	0.108155662685404	0.0437565451400757	2.47175964965174	0.0134449875853433	0.0423554598630731
ENSMUSG00000125324	96.1915827771862	-0.401503655728771	0.162445652046144	-2.4716183577183	0.0134503019506329	0.0423659841045174
ENSMUSG00000028443	780.987541630154	-0.129312719123191	0.0523204201799926	-2.47155352878148	0.0134527409605137	0.0423674497444816
ENSMUSG00000007379	53.118629269781	0.632929022777678	0.25614669813458	2.47096303558493	0.0134749746367485	0.0424312462303716
ENSMUSG00000013698	38643.9915931278	0.109001076222245	0.0441174786029473	2.47070049499527	0.0134848704281243	0.0424561790275912
ENSMUSG00000087128	92.4161579560129	-0.299122611650489	0.121110499586758	-2.46983220010757	0.0135176443220983	0.0425531240677758
ENSMUSG00000025903	1760.32443620506	-0.158446005144729	0.064159115853907	-2.46957899958468	0.013527214650699	0.0425770072862031
ENSMUSG00000056941	2097.112416421	-0.0776933104179464	0.0314620083716252	-2.46943264079784	0.013532749366423	0.0425881832428728
ENSMUSG00000045238	34.4900031109452	-0.532521175542006	0.21568487658969	-2.4689778159785	0.0135499618307874	0.0426344842635782
ENSMUSG00000075520	20.2404239542792	0.68613575491488	0.277907138749412	2.46893893407167	0.0135514341810488	0.0426344842635782
ENSMUSG00000027236	2952.82172100581	0.0798212353930238	0.0323402845104556	2.46816738322811	0.0135806799232409	0.0427202337679204
ENSMUSG00000063260	59.9720393573376	-0.3786620944801	0.15343357413152	-2.46792200874835	0.0135899925563933	0.0427374027154367
ENSMUSG00000060470	29.7528612227939	0.896897820193402	0.363422764080176	2.46791865793947	0.0135901197677989	0.0427374027154367
ENSMUSG00000138620	71.9329823324992	-0.384390367524228	0.155787737329	-2.46739810279453	0.013609895105531	0.0427933218595765
ENSMUSG00000005043	708.68046322834	-0.168204335962136	0.0681976777009973	-2.46642322191092	0.0136469981873335	0.0429036999252051
ENSMUSG00000031029	8485.09876930753	-0.0803472096636946	0.032577223777213	-2.46636147429774	0.01364935125146	0.0429048138766788
ENSMUSG00000038084	11007.9601502907	-0.13520663565609	0.0548251518487849	-2.46614247469862	0.0136576997287019	0.0429247704796946
ENSMUSG00000052688	273.324298960098	0.586289001733125	0.23780330314665	2.46543674530697	0.0136846335129456	0.0430031244311068
ENSMUSG00000072980	56.9964400460883	-0.382054995688723	0.155014828095813	-2.46463516027369	0.0137152824725708	0.0430931284479223
ENSMUSG00000030226	62.0365279568606	-0.472401609430107	0.191687577609853	-2.46443517791016	0.0137229383300337	0.043110872851237
ENSMUSG00000113031	16.7534564642041	-0.710186637662179	0.28822782957327	-2.46397663512796	0.0137405068192743	0.0431597482268864
ENSMUSG00000061607	1187.931823509	0.156285419007864	0.0634375373085724	2.46361106749245	0.0137545273104655	0.0431974664588812
ENSMUSG00000032563	2977.03131868574	-0.0881007396136647	0.0357641846201217	-2.463378951581	0.0137634361295364	0.0432191222873946
ENSMUSG00000025551	81.3016110365999	-0.415615432965999	0.168733309729675	-2.46314988802063	0.0137722327919536	0.0432404196448846
ENSMUSG00000028684	2970.82208022591	-0.0844271266330979	0.0342834864234648	-2.46261787935643	0.0137926825278975	0.0432934817961226
ENSMUSG00000105784	18.1315285137481	0.75349973275769	0.305982351895082	2.46255945184726	0.0137949300403016	0.0432934817961226
ENSMUSG00000044912	464.84695534478	-0.267341067769387	0.108562570413976	-2.46255285546343	0.0137951838016155	0.0432934817961226
ENSMUSG00000091898	54.6150782965121	0.786560710626824	0.319441373576702	2.46230067764832	0.0138048881136333	0.0433176038952275
ENSMUSG00000000600	1350.25094391955	-0.111741152221268	0.0453936469257207	-2.46160332533127	0.0138317550306902	0.0433955646724342
ENSMUSG00000037034	38.8666070990756	1.13043122211732	0.459280656119351	2.46130815015983	0.0138431411552803	0.0434249405288976
ENSMUSG00000067235	13.5710576489804	1.2198954809093	0.495835767533022	2.46028132859145	0.0138828143970259	0.0435430294924837
ENSMUSG00000124020	6.94904347339575	-1.14805669136479	0.466689385501923	-2.46000172069493	0.0138936349648953	0.0435706016298675
ENSMUSG00000025161	215.115651313645	0.519051570003456	0.211052655492277	2.45934631238246	0.01391902785006	0.0436438579943598
ENSMUSG00000029253	1248.13990841095	-0.132309209239126	0.0538044369434374	-2.45907617950203	0.0139295056913539	0.0436703328714185
ENSMUSG00000046994	945.048150604436	0.176055855294763	0.0716132545149833	2.45842555944622	0.0139547703532783	0.0437431513439649
ENSMUSG00000085148	909.072486767242	0.2618365799931	0.106516666445883	2.45817475076662	0.0139645204699388	0.043767323172391
ENSMUSG00000087168	36.8810085629069	-0.552421297135094	0.224749134843485	-2.45794626760099	0.0139734079225154	0.043788784593389
ENSMUSG00000120175	74.9715612601917	-0.324728468269052	0.132157027486398	-2.45714113313024	0.0140047655510447	0.0438806447699205
ENSMUSG00000041912	3532.51833602345	-0.110164610153869	0.0448355300883718	-2.45708280769141	0.0140070395669101	0.0438813647611343
ENSMUSG00000020363	235.049113934855	0.504526706702838	0.205432584520418	2.45592347426604	0.0140523078019876	0.0440167575189647
ENSMUSG00000021069	1971.02215644343	-0.149263527217204	0.0607829185737351	-2.45568213438343	0.0140617475680086	0.0440386769006381
ENSMUSG00000039977	16.7390165231517	0.758397276107205	0.308843463777956	2.45560410063416	0.0140648009764991	0.0440386769006381
ENSMUSG00000051652	1663.91652926545	-0.189963777907624	0.0773598158705382	-2.45558725508769	0.0140654602082724	0.0440386769006381
ENSMUSG00000017146	177.575844075902	-0.27897443315889	0.113624523162534	-2.45523083744721	0.0140794146110863	0.0440759390464603
ENSMUSG00000066720	205.640671666842	0.261458681763733	0.106498972328814	2.45503478621824	0.0140870955830039	0.0440935540660194
ENSMUSG00000033249	1957.56407672826	-0.127667292755007	0.052004507179477	-2.45492746069881	0.0140913019904508	0.0441002899150046
ENSMUSG00000009687	1517.1264287495	0.628905702930859	0.256278441975421	2.45399378146358	0.0141279424582677	0.04420851498676
ENSMUSG00000022705	15.0057719967699	-0.747613707679237	0.30477956944727	-2.45296529893741	0.0141684005902355	0.0443286528304904
ENSMUSG00000029602	10.9110160656088	0.958709005155452	0.390880964009057	2.45268788564807	0.0141793308812925	0.0443563854120991
ENSMUSG00000122087	9.80534083765368	-0.966248577944836	0.39405238558228	-2.45208153356828	0.0142032475140776	0.0444201695092896
ENSMUSG00000129238	33.7007229550282	-0.525512261205036	0.214314073789366	-2.45206603520367	0.0142038592896564	0.0444201695092896
ENSMUSG00000032481	4429.67459693858	0.0977149563397793	0.039859894238393	2.45146050201158	0.0142277800458112	0.0444884962073391
ENSMUSG00000020482	1065.49928933256	0.182912019568793	0.074615443957378	2.45139625079865	0.0142303202861745	0.0444899585294236
ENSMUSG00000074802	1992.0019702737	0.350794548556634	0.143119237396211	2.45106496470139	0.0142434243876153	0.0445244426830566
ENSMUSG00000028048	2435.38766511818	0.0945541418644103	0.0385862745928507	2.45046050343324	0.0142673614343091	0.044592775269202
ENSMUSG00000073096	1200.20830254957	-0.131518228272023	0.0536771108157495	-2.45017338439598	0.0142787439560184	0.0446204843746688
ENSMUSG00000022003	2594.74977525522	0.0991426941025256	0.040464225211228	2.45013202612898	0.0142803842194156	0.0446204843746688
ENSMUSG00000049555	76.5482887423302	-0.397459894491352	0.162292143588067	-2.44903964975774	0.0143237679398914	0.0447495273755942
ENSMUSG00000120174	36.7930870346979	-0.655213036089138	0.267560136823886	-2.44884400145308	0.0143315503751632	0.0447673254297515
ENSMUSG00000120768	7.06516681262429	-1.16736397174023	0.476767691447545	-2.44849639075988	0.0143453867220727	0.0448040260986487
ENSMUSG00000022556	1497.27067370498	-0.100163416628715	0.0409107141222148	-2.44834192650588	0.0143515388201104	0.044811867743294
ENSMUSG00000039913	129.342111038913	-0.375721738499456	0.153463770790974	-2.44827646657536	0.0143541467007998	0.044811867743294
ENSMUSG00000112964	570.30732468542	-0.164503870880094	0.0671917146089328	-2.44827612805439	0.0143541601883392	0.044811867743294
ENSMUSG00000031749	5246.80213685826	-0.081474097050953	0.033285797110038	-2.44771356328381	0.0143765896558037	0.0448753633199771
ENSMUSG00000121208	43.5332697213489	-0.467180672402664	0.190868197790374	-2.44766114947948	0.0143786809684903	0.0448753657559774
ENSMUSG00000041130	1357.08589536273	0.113916421903167	0.0465424278457561	2.44758228515048	0.0143818281636632	0.0448786630849243
ENSMUSG00000042810	580.731445226842	-0.160288140013321	0.0654966519855181	-2.44727226742464	0.0143942057589542	0.044910758840365
ENSMUSG00000031697	601.702677005701	0.140483029086319	0.0574121066480696	2.4469234328478	0.0144081443669921	0.0449477150097155
ENSMUSG00000128062	14.1547047774435	-0.804586190237929	0.328853773019794	-2.44663816032757	0.0144195520316252	0.0449767660434274
ENSMUSG00000031166	5889.47701151499	-0.0782858481120077	0.0319983815555588	-2.44655649149255	0.0144228193248562	0.0449804212737705
ENSMUSG00000058192	1031.22549676167	-0.191427794604912	0.0782584210243965	-2.44609835081181	0.0144411600877887	0.045028108506804
ENSMUSG00000055725	619.060364533602	-0.182067236930127	0.0744325611440335	-2.44606975941364	0.0144423053698568	0.045028108506804
ENSMUSG00000031634	3337.59641048505	-0.0665208511314177	0.0271980331279533	-2.44579638602799	0.0144532598984233	0.0450557184112047
ENSMUSG00000056031	3.84001373432579	1.88283337032675	0.769978353276296	2.44530688728482	0.0144728932393294	0.0451103711740154
ENSMUSG00000022064	610.730152094873	-0.158637176403074	0.064906315614712	-2.44409461391638	0.014521617679941	0.0452556685710822
ENSMUSG00000039738	385.340937465297	0.179242827984675	0.0733416071293135	2.4439446447995	0.0145276553734103	0.0452679126499676
ENSMUSG00000001918	1312.01568501373	0.18255900785993	0.0747086414678457	2.44361300477539	0.0145410149211251	0.0453029646294443
ENSMUSG00000137527	13.9864726449648	-0.876898253770612	0.359043717315586	-2.44231610659225	0.0145933622946585	0.0454551379755595
ENSMUSG00000084989	17.6419462048946	1.28622017505075	0.526643417121428	2.442298020321	0.0145940934933176	0.0454551379755595
ENSMUSG00000017639	7708.15993246525	0.149472841467541	0.0612049368753501	2.44216968595126	0.0145992827718454	0.0454647038996713
ENSMUSG00000032216	40936.7814157089	-0.0836187557812042	0.0342431650640315	-2.4419108346102	0.0146097545335091	0.0454907152330006
ENSMUSG00000033961	486.024936001218	0.161098826347098	0.0659861081613913	2.44140518111897	0.0146302297135172	0.045547862368435
ENSMUSG00000087260	2159.71685329406	-0.0941283990519449	0.0385627028180137	-2.44091809373836	0.0146499770211496	0.0456006790684973
ENSMUSG00000007050	426.673154595113	0.14340994347707	0.0587542770534174	2.44084261894137	0.0146530389926122	0.0456006790684973
ENSMUSG00000073367	20.0388863345446	-0.898300786897995	0.368030931462102	-2.44082958823394	0.0146535676984298	0.0456006790684973
ENSMUSG00000028453	559.563005403815	-0.147053353636562	0.0602529511254925	-2.44060001858307	0.0146628849785689	0.0456230597115466
ENSMUSG00000027678	1991.68153945061	0.128563662930517	0.0526850734734749	2.44022935633267	0.0146779396452861	0.0456581161814428
ENSMUSG00000040003	1243.04151243771	-0.15950302518914	0.065364255491525	-2.44021788345498	0.014678405840312	0.0456581161814428
ENSMUSG00000053684	1305.16362824968	-0.106663499797079	0.0437140896313661	-2.44002564611445	0.0146862192566442	0.0456758015883983
ENSMUSG00000034714	697.915523106522	0.189221660498169	0.0775523714069753	2.43992101163718	0.0146904736272604	0.0456824144405
ENSMUSG00000035067	133.786379796195	0.275290470189433	0.1128395456269	2.43966305128232	0.0147009667702212	0.0457084230431009
ENSMUSG00000034127	4766.73464800788	0.105228006592671	0.0431345037694354	2.43953210068534	0.0147062960207485	0.0457183708010698
ENSMUSG00000089781	14.7255515839369	0.898354672857142	0.368334129576159	2.43896669008348	0.0147293258915318	0.0457833347216364
ENSMUSG00000039683	1022.42250079118	0.304754849671919	0.124981425989729	2.43840112447561	0.0147523938694789	0.0458483982629557
ENSMUSG00000023868	2463.54185776286	-0.21325281312848	0.0874855611926346	-2.43757724384849	0.0147860548327337	0.0459463597335641
ENSMUSG00000035772	1441.61101913132	-0.107799020126928	0.0442280601746366	-2.43734452067938	0.014795575362681	0.0459692894391822
ENSMUSG00000050552	2466.57442104321	-0.134768392377955	0.0552968348397094	-2.43718094839627	0.0148022702143637	0.0459834345038395
ENSMUSG00000140230	12.7814443351912	-0.949149720165428	0.389484691999442	-2.43693716251828	0.0148122530834289	0.0460069221737363
ENSMUSG00000041261	1155.57389507562	-0.224870097560249	0.0922774295927274	-2.4368916489409	0.0148141174911425	0.0460069221737363
ENSMUSG00000027519	3975.41629063196	0.0697451037212343	0.0286377623239382	2.43542435097782	0.0148743344521935	0.0461815826248743
ENSMUSG00000037679	3616.59766021676	0.136181535574467	0.0559171460075363	2.43541642050387	0.0148746604988531	0.0461815826248743
ENSMUSG00000055818	549.661684663927	-0.198111495085027	0.0813502420458325	-2.43529078835944	0.0148798264705171	0.0461909407109357
ENSMUSG00000135097	15.3804853158671	-0.769945211461267	0.316183487905994	-2.43512150669356	0.0148867898029139	0.0462058747700044
ENSMUSG00000025558	4634.88282314713	0.16095847423146	0.0661101322838836	2.43470204446556	0.0149040565840033	0.0462527799092402
ENSMUSG00000000420	3743.55831244387	0.101453859705247	0.0416736874039677	2.4344824282477	0.0149131039217006	0.0462741672135335
ENSMUSG00000029466	2423.45480810891	0.0822079141814774	0.0337825476246452	2.43344330021767	0.0149559776165612	0.0464004936431714
ENSMUSG00000075296	8.76910376474868	0.989607755128836	0.406746637331931	2.43298324878652	0.0149749936703987	0.0464509384772804
ENSMUSG00000020538	4308.24153036537	0.147654070651817	0.0606896916945469	2.43293492731788	0.0149769922558043	0.0464509384772804
ENSMUSG00000061184	244.14239856281	-0.27514219230722	0.113094626247992	-2.43284938847485	0.0149805307352509	0.0464509384772804
ENSMUSG00000046743	466.08715580018	0.266748361945467	0.109644815270057	2.43284063444734	0.0149808929040442	0.0464509384772804
ENSMUSG00000068748	3354.41134601518	0.215108737658434	0.0884259759261159	2.43264194039733	0.0149891152846146	0.0464697210715679
ENSMUSG00000036306	1902.44399139064	-0.15905259761266	0.0653871802018465	-2.43247372224453	0.0149960796153807	0.0464845985593881
ENSMUSG00000092569	128.640234531848	-0.367577846676343	0.151152647123709	-2.43183201664674	0.0150226727894685	0.046560308128607
ENSMUSG00000113415	50.3284762505705	-0.499084891228025	0.205246917133024	-2.43163160840344	0.0150309864944373	0.0465793498036078
ENSMUSG00000029094	954.078495764521	0.361932996622538	0.148851535197665	2.43150328373783	0.0150363120233396	0.0465891272940253
ENSMUSG00000047909	309.871445605177	-0.22043422738799	0.0906710821539402	-2.43114146375511	0.0150513366590479	0.0466289497363433
ENSMUSG00000042269	15.7145143020125	-0.80583572729837	0.331480524175131	-2.43101982930564	0.0150563905191423	0.0466378757408237
ENSMUSG00000036699	839.384582496541	-0.333658030831264	0.137264753340643	-2.43076261539073	0.0150670825714005	0.046662992557199
ENSMUSG00000025586	12713.523328601	-0.0853353299280885	0.0351070148897723	-2.43072019070893	0.0150688467533077	0.046662992557199
ENSMUSG00000116223	411.578128797917	-0.369978121733138	0.152222753722059	-2.43050472210399	0.015077809577832	0.0466840127502873
ENSMUSG00000073910	1023.04796230595	-0.236865465399881	0.0974652864936351	-2.43025464676954	0.0150882178216312	0.0467095015516493
ENSMUSG00000046691	14.6628935185094	0.765428804691394	0.314973105888217	2.43014019413785	0.0150929835002255	0.0467161154772917
ENSMUSG00000086021	11.767416425634	1.06635568854379	0.438811657480694	2.43009881429759	0.0150947068364155	0.0467161154772917
ENSMUSG00000054659	109.57706826046	-0.322765757821878	0.132868385110713	-2.42921412458601	0.0151315927784081	0.0468235217790555
ENSMUSG00000015968	397.533081851277	-0.215159688242809	0.0885774238893001	-2.42905786593778	0.0151381160135898	0.0468369556569211
ENSMUSG00000054715	402.989776921381	0.171190665102272	0.0704802482424152	2.42891688623834	0.0151440035327824	0.0468462466340432
ENSMUSG00000050195	47.4141441245902	0.432399439148103	0.178024101907323	2.42888145209239	0.0151454836318019	0.0468462466340432
ENSMUSG00000073062	228.982279359378	-0.18963751975421	0.0780809922469501	-2.42872835368735	0.015151880080266	0.0468580915499908
ENSMUSG00000084786	5399.30324258892	0.0925130685425101	0.0380918302579925	2.42868530905256	0.0151536789127008	0.0468580915499908
ENSMUSG00000028284	3130.79825362512	0.0777462934650351	0.0320168565506336	2.42829252590996	0.0151701019839089	0.0468999799288334
ENSMUSG00000029763	6926.83819880288	-0.118636929017672	0.0488568290442591	-2.42825683406918	0.0151715951097465	0.0468999799288334
ENSMUSG00000112390	36.3975745363961	-0.507776120352823	0.20912865836984	-2.42805612731867	0.0151799938489374	0.046919186171532
ENSMUSG00000048546	1070.50798627248	0.247970651787194	0.102131262588162	2.42796030816852	0.0151840049238311	0.0469248271947825
ENSMUSG00000106743	119.27221796081	-0.314685991835898	0.12961292236666	-2.42789056901046	0.0151869248538485	0.0469270949924733
ENSMUSG00000024556	3068.55111187842	-0.0951119765415474	0.0391757960832685	-2.42782498508483	0.0151896712583035	0.0469288260263016
ENSMUSG00000043991	4593.23274712657	-0.143659002227201	0.0591769833358964	-2.42761617995587	0.0151984181330306	0.0469490924800165
ENSMUSG00000047757	141.619658623335	-0.288902312176714	0.119034234541256	-2.42705229541828	0.015222061496742	0.0470153628905129
ENSMUSG00000038545	3153.88399376879	-0.110431512128038	0.0455015630094919	-2.42698282924922	0.015224976413848	0.0470176008775229
ENSMUSG00000002325	1160.39459362393	0.259026156337685	0.106731226266296	2.42690134273741	0.0152283963511277	0.0470213975939741
ENSMUSG00000024425	48857.3186640274	-0.0661691137633106	0.027267139800329	-2.42669800528592	0.0152369332451876	0.0470409908012653
ENSMUSG00000066568	3049.33318973324	0.116552324940676	0.0480682892600476	2.42472379888812	0.015320037385422	0.0472901945706923
ENSMUSG00000005150	888.672793691927	-0.104020132456651	0.0429015831698031	-2.42462223468403	0.0153243234980783	0.0472901945706923
ENSMUSG00000053166	104.208615670876	0.356175782133251	0.146901800776656	2.42458417970496	0.0153259297287286	0.0472901945706923
ENSMUSG00000022357	64.5334642347697	-0.488941145898764	0.201660847293838	-2.42457151430258	0.0153264643449318	0.0472901945706923
ENSMUSG00000030036	1360.76024653835	0.116893589255524	0.0482153409661443	2.42440656673161	0.0153334284058596	0.0473048827479422
ENSMUSG00000125093	61.906279670197	-0.442562426531481	0.182589417527134	-2.42381202878701	0.0153585528267155	0.047375584851024
ENSMUSG00000040387	468.735369735118	-0.205272199909843	0.0847479544470555	-2.4221493161594	0.0154290094465904	0.0475860799971996
ENSMUSG00000026674	2225.68001254764	0.586980750912428	0.242367374995804	2.42186371380468	0.0154411402913151	0.0476166524196768
ENSMUSG00000020817	7972.4477363206	-0.0845525762539325	0.0349186305708518	-2.42141730278829	0.0154601182341448	0.0476683277814065
ENSMUSG00000035131	132.306171559277	-0.404727825203125	0.167165345782858	-2.42112277103685	0.0154726506828991	0.0477001177020124
ENSMUSG00000110212	23.6152806498344	-0.605680305812517	0.250280920680645	-2.42000190891641	0.0155204256260137	0.0478405307995421
ENSMUSG00000028383	5470.29933686642	-0.0933147883711901	0.0385624900783484	-2.41983306009544	0.015527633774363	0.0478558774731481
ENSMUSG00000002249	169.485363528197	0.420289294701592	0.173735711926782	2.41913012610048	0.0155576736640446	0.0479415766397333
ENSMUSG00000071267	721.777696356409	-0.131765792412702	0.0544716693474378	-2.41897841559174	0.0155641637191823	0.0479494024673977
ENSMUSG00000030265	6130.51989900033	0.0916818298708695	0.037901242623983	2.41896633259342	0.0155646807226697	0.0479494024673977
ENSMUSG00000036292	123.926555896074	-0.262557510940561	0.108572538182112	-2.41826814898777	0.0155945800559144	0.0480346183785707
ENSMUSG00000044103	29.6734648244017	0.6723553533189	0.278081358086524	2.41783684438746	0.0156130756827395	0.0480838634138603
ENSMUSG00000120343	42.2238982955635	0.543280012776947	0.224700992821563	2.41779088714739	0.0156150476035601	0.0480838634138603
ENSMUSG00000135532	80.1639317629342	-0.634700777264697	0.262546178033118	-2.41748244830529	0.0156282876852299	0.0481177314186955
ENSMUSG00000016918	2628.91303711251	0.236711956321398	0.0979250103533463	2.41727782787321	0.0156370766945664	0.0481378873261957
ENSMUSG00000032590	1940.70688933178	-0.104584223209954	0.0432721348942418	-2.41689538696348	0.0156535152415042	0.0481815827608446
ENSMUSG00000078786	601.100939203693	-0.121245624338436	0.0501680406106691	-2.41679010905303	0.0156580430943205	0.0481886097580909
ENSMUSG00000030042	1178.10628240514	0.112621015021666	0.0466015021278786	2.416682078458	0.0156626905339499	0.0481960027238773
ENSMUSG00000054150	731.17530857022	0.292168357794334	0.120907534235084	2.41646113819725	0.0156721990881896	0.0482183496670599
ENSMUSG00000139315	68.297223819158	0.76756826316094	0.317671635425493	2.41623166050961	0.0156820804417291	0.0482418370252447
ENSMUSG00000074158	132.123162139079	-0.268174568739652	0.111008816517634	-2.41579522376991	0.0157008886173354	0.0482927747613872
ENSMUSG00000028042	1665.2073752455	0.119683952248539	0.0495533258155211	2.41525569230415	0.0157241670709163	0.048355180322576
ENSMUSG00000015605	1178.78857523684	0.143047510211458	0.0592282401025625	2.41519096234751	0.0157269619277706	0.048355180322576
ENSMUSG00000010045	1997.52263886506	0.09408906559365	0.038957558896563	2.41516841040959	0.015727935759444	0.048355180322576
ENSMUSG00000021838	1126.49143888502	0.325166780344315	0.134639924888892	2.4150843860961	0.0157315645415803	0.0483594106329032
ENSMUSG00000034334	171.638010189381	-0.251958348772296	0.104334724683231	-2.41490404596611	0.0157393554292323	0.0483764323659651
ENSMUSG00000122536	9.46473771222999	-1.0125144207356	0.419330401809498	-2.41459816976397	0.0157525773704308	0.0484101397041756
ENSMUSG00000017670	5567.24092980957	-0.0966006948773263	0.0400102033830117	-2.41440149535313	0.0157610840659285	0.0484293487774435
ENSMUSG00000028982	2547.18634688393	-0.121432571090282	0.050304518955528	-2.4139495538688	0.015780647058916	0.0484825203616274
ENSMUSG00000001016	3579.98408759129	0.0797383814697126	0.0330344543992494	2.4137944131302	0.0157873674904697	0.0484962264668608
ENSMUSG00000004994	482.675671420739	0.138762629868022	0.0575103441048134	2.41282906628284	0.0158292412565197	0.048612275610674
ENSMUSG00000084799	170.174177436451	-0.254968704921521	0.105672533641663	-2.41281907544797	0.0158296751382936	0.048612275610674
ENSMUSG00000120736	6.26759065849445	-1.64608420727254	0.682312969980204	-2.41250610745433	0.0158432720026691	0.0486470714932476
ENSMUSG00000020650	3690.55909012971	-0.0829125481246172	0.0343736932804197	-2.41209309247682	0.0158612311189906	0.0486912941943919
ENSMUSG00000026679	32.8833358457955	0.504570789157423	0.209185749086699	2.41207057058318	0.0158622109522679	0.0486912941943919
ENSMUSG00000010047	654.4646345512	0.168322582747407	0.0697922973871656	2.41176446468949	0.0158755336171338	0.0487252222798676
ENSMUSG00000064293	898.646966085904	-0.319215200899858	0.132371515871673	-2.41150974813432	0.0158866271606341	0.0487523000186094
ENSMUSG00000090761	8.43392436218622	-1.15334821189084	0.478508685482626	-2.41029734021979	0.0159395240569092	0.0489076362786755
ENSMUSG00000135216	8.35496561056476	1.12851633434594	0.468233954683487	2.41015484472668	0.0159457512402286	0.0489197507678645
ENSMUSG00000032492	1454.04185475349	-0.13659778463564	0.0566861096029875	-2.4097223392526	0.015964665226436	0.0489707779009253
ENSMUSG00000020712	26.5401062681854	-0.687948815891862	0.285497638907351	-2.40964800453258	0.015967917959131	0.0489737572382776
ENSMUSG00000015981	2946.50199912356	-0.138013706332867	0.0572900878239874	-2.40903289862091	0.0159948560818393	0.0490493686646803
ENSMUSG00000029480	868.829594436351	0.163519361891068	0.06788529270843	2.40875976764791	0.0160068304613326	0.0490745846166424
ENSMUSG00000125200	46.3618738239077	-0.431307463984933	0.179059290543653	-2.40874105261679	0.0160076512385041	0.0490745846166424
ENSMUSG00000021711	3150.3920933198	-0.0843888476057765	0.0350361478210053	-2.4086223187808	0.0160128593600052	0.0490835411997532
ENSMUSG00000037098	4765.43433185245	-0.100958401934415	0.041921148182192	-2.40829286200948	0.0160273184001897	0.0491208476268521
ENSMUSG00000083226	32.983727604164	-0.655469982650742	0.272296561956388	-2.40719154858711	0.0160757356617069	0.0492622043846111
ENSMUSG00000026150	7764.45194331895	-0.0674963849357385	0.0280446011221841	-2.40675146855082	0.0160951189133441	0.0493145621743996
ENSMUSG00000038457	59.9195588548835	0.641941345064247	0.266772115830965	2.40632849900625	0.0161137678944857	0.0493646555762851
ENSMUSG00000078442	17.4389316423903	-0.749949799181403	0.311671334494838	-2.40622000222425	0.0161185546425442	0.0493722736810578
ENSMUSG00000057469	3069.92310306287	-0.105992408386602	0.0440560893357008	-2.40585149487409	0.0161348220785806	0.0494102659994504
ENSMUSG00000063663	445.871837725721	0.146309275907838	0.0608143497194274	2.40583475089102	0.016135561569745	0.0494102659994504
ENSMUSG00000048399	29.612099881719	-0.547543008190095	0.227620347376622	-2.40550994012906	0.0161499125994099	0.0494471578746159
ENSMUSG00000030019	1313.42799437596	-0.0950614554303604	0.0395212790135969	-2.40532335498696	0.0161581615145297	0.0494583947728314
ENSMUSG00000032932	2244.53494301585	0.0874382605336081	0.0363522139853466	2.40530770887446	0.0161588533962424	0.0494583947728314
ENSMUSG00000038664	11697.4401071611	-0.21985471868162	0.0914053991682584	-2.40527059322736	0.016160494779495	0.0494583947728314
ENSMUSG00000041058	4359.28129879613	-0.0725526770074954	0.0301658968512237	-2.40512249197565	0.0161670457920124	0.0494713905875036
ENSMUSG00000052563	28.6404472696492	-0.686235252334218	0.285385831486234	-2.40458767262705	0.0161907220729961	0.0495367787940329
ENSMUSG00000027398	40.3384404831519	0.947629631094896	0.394211747538784	2.40385944105246	0.0162230096451103	0.0496284915265695
ENSMUSG00000032667	2173.06870816923	0.159216835018173	0.0662373174857216	2.40373313808329	0.0162286152887755	0.0496385659431255
ENSMUSG00000045302	4541.40248336629	0.0731029844408302	0.0304148991521964	2.40352545885562	0.0162378363162248	0.0496596943103122
ENSMUSG00000022401	1061.06296614391	-0.105622547236277	0.0439564869109456	-2.40288873517725	0.016266135765041	0.0497391553180014
ENSMUSG00000035234	188.254499141219	-0.208167695469032	0.0866361466771053	-2.40278109603463	0.0162709241117367	0.0497467108649111
ENSMUSG00000039988	2967.17205024276	0.0947546852483232	0.0394508782703623	2.40183969033481	0.0163128555303919	0.0498678092872961
ENSMUSG00000078684	59.9236623502719	0.480781275442797	0.200254661778836	2.40084935437747	0.0163570688158999	0.0499958478146243
