source_gene_symbol	source_log2fc_control	source_padj_control	source_log2fc_cko	source_padj_cko	source_rss_shift	source_symbol_norm	source_rss_sign	source_rss_abs_ge_0_3	matched_our_tested_universe	significant_wt_side	significant_cko_side	present_wt_bendpoint	present_cko_bendpoint	present_shared_bendpoint	present_wt_only_bendpoint	present_cko_only_bendpoint	direction_consistent_with_source_rss	appears_in_retained_go_terms	appears_in_anchor_gene_table	analysis_membership	selected_wt_source_constrained_bendpoint	selected_cko_source_constrained_bendpoint	selected_shared_source_constrained_bendpoint	selected_wt_only_source_constrained_bendpoint	selected_cko_only_source_constrained_bendpoint	source_constrained_membership
IGKV6-14	-1.90436772718729	0.209225212786181	4.15794843491734	0.00947356526872041	6.062316162104629	IGKV6-14	positive	True	True	False	True	False	False	False	False	False	True	False	False	DE-significant outside bend-point	False	False	False	False	False	tested source RSS, not source-constrained selected
IGHV1-39	-4.90898945773134	0.00475778756517321	1.03264972050344	0.596549516998583	5.94163917823478	IGHV1-39	positive	True	True	True	False	False	False	False	False	False	True	False	False	DE-significant outside bend-point	False	False	False	False	False	tested source RSS, not source-constrained selected
IGHV10-3	0.332412188222127	0.906198015100906	6.04297662277961	0.00113000163851999	5.710564434557482	IGHV10-3	positive	True	True	False	True	False	False	False	False	False	True	False	False	DE-significant outside bend-point	False	False	False	False	False	tested source RSS, not source-constrained selected
XKR9	1.08385834313939	0.405271263190232	4.55957309471824	0.000751539142640689	3.47571475157885	XKR9	positive	True	False	False	False	False	False	False	False	False	False	False	False	not in our tested universe	False	False	False	False	False	not in our tested universe
REG3B	-0.143356503356134	0.914876400018923	3.30515316954953	0.00430459921048646	3.448509672905664	REG3B	positive	True	False	False	False	False	False	False	False	False	False	False	False	not in our tested universe	False	False	False	False	False	not in our tested universe
GM47855	0.475622345412014	0.663519867087857	3.57198806436592	0.0048389403700428	3.0963657189539058	GM47855	positive	True	False	False	False	False	False	False	False	False	False	False	False	not in our tested universe	False	False	False	False	False	not in our tested universe
SPEER1I	2.12276176829409	0.0316079174426177	5.20243052574747	1.13444529581665e-05	3.0796687574533803	SPEER1I	positive	True	False	False	False	False	False	False	False	False	False	False	False	not in our tested universe	False	False	False	False	False	not in our tested universe
GM40124	2.52190794709537	0.0319722599716828	5.20745749543636	7.26553975669047e-05	2.6855495483409904	GM40124	positive	True	False	False	False	False	False	False	False	False	False	False	False	not in our tested universe	False	False	False	False	False	not in our tested universe
GLT6D1	-0.295274076903813	0.83471961192412	2.30503156087381	0.0236573465825641	2.6003056377776232	GLT6D1	positive	True	False	False	False	False	False	False	False	False	False	False	False	not in our tested universe	False	False	False	False	False	not in our tested universe
IGKV12-41	1.68485302121492	0.354279742586979	4.25290290095966	0.0190211735317706	2.5680498797447404	IGKV12-41	positive	True	True	False	True	False	False	False	False	False	True	False	False	DE-significant outside bend-point	False	False	False	False	False	tested source RSS, not source-constrained selected
TMEM247	1.76686018212345	0.0147118439326988	4.31476906725108	5.43560292125637e-05	2.5479088851276304	TMEM247	positive	True	False	False	False	False	False	False	False	False	False	False	False	not in our tested universe	False	False	False	False	False	not in our tested universe
CCL17	-2.42622730256855	0.00605024604184216	0.110075479020243	0.940828580234864	2.5363027815887933	CCL17	positive	True	True	True	False	False	False	False	False	False	True	False	False	DE-significant outside bend-point	False	False	False	False	False	tested source RSS, not source-constrained selected
GSC2	2.46647298902848	6.38343922768032e-06	4.77206414820684	4.14023120858781e-08	2.30559115917836	GSC2	positive	True	True	True	True	False	False	False	False	False	True	False	False	DE-significant outside bend-point	False	False	False	False	False	tested source RSS, not source-constrained selected
1700016H13RIK	-0.55283767664532	0.44162562557888	1.68822029322807	0.00479419354920685	2.24105796987339	1700016H13RIK	positive	True	False	False	False	False	False	False	False	False	False	False	False	not in our tested universe	False	False	False	False	False	not in our tested universe
GSTT4	1.24670131102419	0.0813446909664047	3.4755933321272	0.000230831981173359	2.22889202110301	GSTT4	positive	True	False	False	False	False	False	False	False	False	False	False	False	not in our tested universe	False	False	False	False	False	not in our tested universe
LCE1A1	2.70419110975238	0.00026342748720974	4.90241407624545	8.58145789669271e-06	2.1982229664930704	LCE1A1	positive	True	False	False	False	False	False	False	False	False	False	False	False	not in our tested universe	False	False	False	False	False	not in our tested universe
ZNRF4	1.62386391121694	0.167774331436108	3.80808564111552	0.00524010129025288	2.1842217298985798	ZNRF4	positive	True	False	False	False	False	False	False	False	False	False	False	False	not in our tested universe	False	False	False	False	False	not in our tested universe
RIMBP3	-0.574216561730021	0.314943592808221	1.57221419717925	0.00119683318239692	2.146430758909271	RIMBP3	positive	True	True	False	True	False	False	False	False	False	True	False	False	DE-significant outside bend-point	False	False	False	False	False	tested source RSS, not source-constrained selected
CYP24A1	2.98286870247029	6.50561107275208e-06	5.09568259355572	4.00258791235584e-07	2.1128138910854304	CYP24A1	positive	True	True	True	True	False	False	False	False	False	True	False	False	DE-significant outside bend-point	False	False	False	False	False	tested source RSS, not source-constrained selected
FFAR3	2.52127376401421	9.39362081760159e-05	4.62500156004977	4.15474111098411e-06	2.1037277960355603	FFAR3	positive	True	True	True	True	False	False	False	False	False	True	False	False	DE-significant outside bend-point	False	False	False	False	False	tested source RSS, not source-constrained selected
GM44196	-0.246125209878212	0.843185533695811	1.77513657990222	0.049985989359426	2.021261789780432	GM44196	positive	True	False	False	False	False	False	False	False	False	False	False	False	not in our tested universe	False	False	False	False	False	not in our tested universe
GM43264	0.145298744537161	0.9107088477461	2.14647082426188	0.0286482143967269	2.0011720797247188	GM43264	positive	True	False	False	False	False	False	False	False	False	False	False	False	not in our tested universe	False	False	False	False	False	not in our tested universe
9230109A22RIK	-0.0306270745001315	0.971773623909409	1.92866224249271	0.000105090770348996	1.9592893169928416	9230109A22RIK	positive	True	False	False	False	False	False	False	False	False	False	False	False	not in our tested universe	False	False	False	False	False	not in our tested universe
IL23A	-0.425971205792493	0.626090904336548	1.53193531218342	0.0274961769776646	1.957906517975913	IL23A	positive	True	False	False	False	False	False	False	False	False	False	False	False	not in our tested universe	False	False	False	False	False	not in our tested universe
UCN2	0.981093935386937	0.263443643807314	2.89953331758416	0.0012530152566893	1.9184393821972232	UCN2	positive	True	True	False	True	False	False	False	False	False	True	False	False	DE-significant outside bend-point	False	False	False	False	False	tested source RSS, not source-constrained selected
CRYGA	-1.77950554717313	0.0369723370932711	0.0918952128283407	0.940878054460739	1.8714007600014708	CRYGA	positive	True	False	False	False	False	False	False	False	False	False	False	False	not in our tested universe	False	False	False	False	False	not in our tested universe
GM26457	4.99411648088	1.48284575821203e-05	6.86419040188812	4.16628285263082e-08	1.87007392100812	GM26457	positive	True	False	False	False	False	False	False	False	False	False	False	False	not in our tested universe	False	False	False	False	False	not in our tested universe
SMLR1	3.62335381462402	0.00292390591272295	5.49162370016019	9.82592246077009e-07	1.86826988553617	SMLR1	positive	True	False	False	False	False	False	False	False	False	False	False	False	not in our tested universe	False	False	False	False	False	not in our tested universe
RGS1	-1.54733317281784	0.0258883925513212	0.193589989338892	0.864321033392295	1.740923162156732	RGS1	positive	True	True	False	False	False	False	False	False	False	True	False	False	tested, not significant	False	False	False	False	False	tested source RSS, not source-constrained selected
4732490B19RIK	1.21507166562325	0.0323958699130776	2.95027130236531	1.3663193667465e-06	1.73519963674206	4732490B19RIK	positive	True	True	True	True	False	False	False	False	False	True	False	False	DE-significant outside bend-point	False	False	False	False	False	tested source RSS, not source-constrained selected
GM56977	-0.146088196328855	0.884925600791939	1.58414037406415	0.0114074587537929	1.730228570393005	GM56977	positive	True	False	False	False	False	False	False	False	False	False	False	False	not in our tested universe	False	False	False	False	False	not in our tested universe
GM5546	-1.26124289199739	0.0326006954129258	0.419906291008566	0.577132192437275	1.681149183005956	GM5546	positive	True	False	False	False	False	False	False	False	False	False	False	False	not in our tested universe	False	False	False	False	False	not in our tested universe
GM37131	-1.8134073084177	0.0113660328833905	-0.160133238028929	0.874918424358888	1.653274070388771	GM37131	positive	True	False	False	False	False	False	False	False	False	False	False	False	not in our tested universe	False	False	False	False	False	not in our tested universe
GM4847	1.28117234696454	0.179765685401872	2.92611279249597	0.00186400330731753	1.64494044553143	GM4847	positive	True	False	False	False	False	False	False	False	False	False	False	False	not in our tested universe	False	False	False	False	False	not in our tested universe
FGF21	0.756417834469829	0.467807871142611	2.36614177756658	0.00559603149200277	1.6097239430967507	FGF21	positive	True	False	False	False	False	False	False	False	False	False	False	False	not in our tested universe	False	False	False	False	False	not in our tested universe
GM5444	0.039547813857267	0.980139335029314	1.62171987459412	0.0468654709110684	1.582172060736853	GM5444	positive	True	False	False	False	False	False	False	False	False	False	False	False	not in our tested universe	False	False	False	False	False	not in our tested universe
1700061I17RIK	-1.70456587570283	0.0248886547483884	-0.134668070450813	0.907112109555679	1.569897805252017	1700061I17RIK	positive	True	False	False	False	False	False	False	False	False	False	False	False	not in our tested universe	False	False	False	False	False	not in our tested universe
D930020B18RIK	-1.43917531362713	0.013896186679249	0.111929834988139	0.893878195445961	1.551105148615269	D930020B18RIK	positive	True	False	False	False	False	False	False	False	False	False	False	False	not in our tested universe	False	False	False	False	False	not in our tested universe
4930516K23RIK	0.403940394687014	0.592733285272919	1.94434985387432	0.00111354091658009	1.540409459187306	4930516K23RIK	positive	True	False	False	False	False	False	False	False	False	False	False	False	not in our tested universe	False	False	False	False	False	not in our tested universe
GM12534	1.62877020071821	0.0565167240471048	3.13507646364032	0.000256497144512446	1.50630626292211	GM12534	positive	True	True	False	True	False	False	False	False	False	True	False	False	DE-significant outside bend-point	False	False	False	False	False	tested source RSS, not source-constrained selected
4930414F18RIK	1.18145308003006	0.166270135486043	2.68465313558264	0.00188454664015752	1.5032000555525802	4930414F18RIK	positive	True	False	False	False	False	False	False	False	False	False	False	False	not in our tested universe	False	False	False	False	False	not in our tested universe
SERPINB2	0.461594779399385	0.734116755230369	1.93979707036975	0.0494192946942556	1.4782022909703652	SERPINB2	positive	True	True	False	True	False	False	False	False	False	True	False	False	DE-significant outside bend-point	False	False	False	False	False	tested source RSS, not source-constrained selected
OTOG	-1.01693667340457	0.0156006556663535	0.44800944438523	0.368029642757192	1.4649461177898	OTOG	positive	True	True	True	False	False	False	False	False	False	True	False	False	DE-significant outside bend-point	False	False	False	False	False	tested source RSS, not source-constrained selected
GM8864	-0.426481666877534	0.482820826302783	1.02157436052476	0.0399182197746562	1.448056027402294	GM8864	positive	True	True	False	False	False	False	False	False	False	False	False	False	tested, not significant	False	False	False	False	False	tested source RSS, not source-constrained selected
EIF4E1B	-0.0805912615160429	0.927556848457137	1.36526039578379	0.0216695954143449	1.445851657299833	EIF4E1B	positive	True	False	False	False	False	False	False	False	False	False	False	False	not in our tested universe	False	False	False	False	False	not in our tested universe
GM39119	4.95718804224735	4.16556534202092e-15	6.40033419517818	2.35596963899925e-10	1.4431461529308303	GM39119	positive	True	False	False	False	False	False	False	False	False	False	False	False	not in our tested universe	False	False	False	False	False	not in our tested universe
GM7229	0.954371929275844	0.381722116871534	2.3640340257539	0.0191050248862858	1.4096620964780562	GM7229	positive	True	False	False	False	False	False	False	False	False	False	False	False	not in our tested universe	False	False	False	False	False	not in our tested universe
GM35037	1.57113207069953	0.00881295054365834	2.97975951287339	1.09204700109001e-05	1.40862744217386	GM35037	positive	True	True	True	True	False	False	False	False	False	True	False	False	DE-significant outside bend-point	False	False	False	False	False	tested source RSS, not source-constrained selected
OR9A7	0.512415793968831	0.5236281332944	1.90883345549108	0.00880502597377373	1.396417661522249	OR9A7	positive	True	False	False	False	False	False	False	False	False	False	False	False	not in our tested universe	False	False	False	False	False	not in our tested universe
VMN2R5	3.50907952310043	1.73673132090133e-10	4.90172906375249	3.75287253684383e-11	1.39264954065206	VMN2R5	positive	True	True	True	True	False	False	False	False	False	True	False	False	DE-significant outside bend-point	False	False	False	False	False	tested source RSS, not source-constrained selected
GM31831	4.97316081291686	4.30073190536841e-21	6.35524320717273	2.92576176233805e-15	1.3820823942558702	GM31831	positive	True	True	True	True	False	False	False	False	False	False	False	False	DE-significant outside bend-point	False	False	False	False	False	tested source RSS, not source-constrained selected
GM11945	-1.27721156023713	0.0379716131010899	0.104559791811367	0.906684586340898	1.3817713520484969	GM11945	positive	True	False	False	False	False	False	False	False	False	False	False	False	not in our tested universe	False	False	False	False	False	not in our tested universe
GM2446	-1.52708418761051	0.00678132636749842	-0.147785062833124	0.870362004706841	1.3792991247773858	GM2446	positive	True	False	False	False	False	False	False	False	False	False	False	False	not in our tested universe	False	False	False	False	False	not in our tested universe
GM9293	1.00582214581825	0.193424621763881	2.3765709355749	0.00259922079241869	1.37074878975665	GM9293	positive	True	False	False	False	False	False	False	False	False	False	False	False	not in our tested universe	False	False	False	False	False	not in our tested universe
FMO9	0.834209048483725	0.214557032146267	2.16352873422559	0.000324869778382706	1.329319685741865	FMO9	positive	True	False	False	False	False	False	False	False	False	False	False	False	not in our tested universe	False	False	False	False	False	not in our tested universe
VMN2R-PS131	-1.31365849670187	0.0102641359077629	0.0109782721048619	0.9893371647009	1.324636768806732	VMN2R-PS131	positive	True	False	False	False	False	False	False	False	False	False	False	False	not in our tested universe	False	False	False	False	False	not in our tested universe
ROBO3	-1.18678638919483	0.0113397217350716	0.113999025040235	0.874803132905851	1.300785414235065	ROBO3	positive	True	True	True	False	False	False	False	False	False	True	False	False	DE-significant outside bend-point	False	False	False	False	False	tested source RSS, not source-constrained selected
IL24	3.50072183495985	0.000314602140999633	4.79000152144402	2.00053294879796e-05	1.2892796864841696	IL24	positive	True	False	False	False	False	False	False	False	False	False	False	False	not in our tested universe	False	False	False	False	False	not in our tested universe
IL17F	1.53089187600109	0.0952713383552174	2.8018299386101	0.00455002644868967	1.27093806260901	IL17F	positive	True	False	False	False	False	False	False	False	False	False	False	False	not in our tested universe	False	False	False	False	False	not in our tested universe
CIB3	-0.31684602668848	0.558959188281474	0.926558203772515	0.0322043936221408	1.243404230460995	CIB3	positive	True	True	False	False	False	False	False	False	False	True	False	False	tested, not significant	False	False	False	False	False	tested source RSS, not source-constrained selected
GM13310	0.279193907583827	0.763123606576542	1.52139350076491	0.0201567968879422	1.242199593181083	GM13310	positive	True	False	False	False	False	False	False	False	False	False	False	False	not in our tested universe	False	False	False	False	False	not in our tested universe
PSG17	-2.26130886196072	0.0426745663968565	-1.03098460547927	0.37897429046411	1.2303242564814498	PSG17	positive	True	False	False	False	False	False	False	False	False	False	False	False	not in our tested universe	False	False	False	False	False	not in our tested universe
WNT3A	-1.33377446748028	0.0307572330333579	-0.114497270539914	0.894858281427045	1.219277196940366	WNT3A	positive	True	False	False	False	False	False	False	False	False	False	False	False	not in our tested universe	False	False	False	False	False	not in our tested universe
LIPN	3.05495207479567	1.38848430759806e-05	4.27163240658388	3.3645434085623e-08	1.2166803317882096	LIPN	positive	True	True	True	True	False	False	False	False	False	True	False	False	DE-significant outside bend-point	False	False	False	False	False	tested source RSS, not source-constrained selected
NPY	3.5833735459939	1.43148613281397e-07	4.79989514313513	9.95418407154939e-13	1.21652159714123	NPY	positive	True	True	True	True	False	False	False	False	False	True	False	False	DE-significant outside bend-point	False	True	False	False	True	cKO-only source-constrained bend-point
GM56671	2.91491235008025	1.47003736610671e-13	4.13121991452876	1.03440383268906e-16	1.2163075644485102	GM56671	positive	True	False	False	False	False	False	False	False	False	False	False	False	not in our tested universe	False	False	False	False	False	not in our tested universe
GM44430	-1.96589029994358	0.00443472560549502	-0.75622757137018	0.300187214095163	1.2096627285734	GM44430	positive	True	False	False	False	False	False	False	False	False	False	False	False	not in our tested universe	False	False	False	False	False	not in our tested universe
GM13194	-1.10632447732653	0.047017287346258	0.0855963881252293	0.91718854004584	1.1919208654517592	GM13194	positive	True	True	False	False	False	False	False	False	False	True	False	False	tested, not significant	False	False	False	False	False	tested source RSS, not source-constrained selected
TRBC2	0.672616672329444	0.42460548763329	1.86343006994205	0.00484699178398536	1.190813397612606	TRBC2	positive	True	True	False	True	False	False	False	False	False	True	False	False	DE-significant outside bend-point	False	False	False	False	False	tested source RSS, not source-constrained selected
OAS1E	2.89255934649966	1.99666219457591e-10	4.08044315366515	4.52112205671257e-14	1.1878838071654898	OAS1E	positive	True	True	True	True	False	False	False	False	False	True	False	False	DE-significant outside bend-point	False	True	False	False	True	cKO-only source-constrained bend-point
KRT2	-0.0885937257463638	0.905271168713004	1.08865172351718	0.0198355184230248	1.1772454492635438	KRT2	positive	True	False	False	False	False	False	False	False	False	False	False	False	not in our tested universe	False	False	False	False	False	not in our tested universe
GM9369	1.15629177352641	0.114307225989312	2.32505566386503	0.000700677711127661	1.16876389033862	GM9369	positive	True	False	False	False	False	False	False	False	False	False	False	False	not in our tested universe	False	False	False	False	False	not in our tested universe
PRSS56	5.52188984397371	8.63958164509149e-17	6.68858659919546	2.24493778285136e-11	1.16669675522175	PRSS56	positive	True	True	True	True	False	False	False	False	False	True	False	False	DE-significant outside bend-point	False	False	False	False	False	tested source RSS, not source-constrained selected
PLEKHS1	-0.80705611266256	0.0487209619159175	0.344500174668037	0.47852133605442	1.1515562873305971	PLEKHS1	positive	True	True	False	False	False	False	False	False	False	True	False	False	tested, not significant	False	False	False	False	False	tested source RSS, not source-constrained selected
GM7450	0.991278901838367	0.0117405401086517	2.118557079842	9.43474281731832e-08	1.1272781780036332	GM7450	positive	True	True	True	True	False	False	False	False	False	True	False	False	DE-significant outside bend-point	False	False	False	False	False	tested source RSS, not source-constrained selected
GM44267	0.516746950457868	0.587761057083636	1.61746186904228	0.0325108016710412	1.100714918584412	GM44267	positive	True	False	False	False	False	False	False	False	False	False	False	False	not in our tested universe	False	False	False	False	False	not in our tested universe
GM5761	-1.0610760085553	0.0436713849371274	0.0361333376358126	0.962480591431067	1.0972093461911125	GM5761	positive	True	False	False	False	False	False	False	False	False	False	False	False	not in our tested universe	False	False	False	False	False	not in our tested universe
PRH1	4.50890637140077	0.00146905975353849	5.60264646298351	2.64579545136768e-05	1.09374009158274	PRH1	positive	True	False	False	False	False	False	False	False	False	False	False	False	not in our tested universe	False	False	False	False	False	not in our tested universe
GM17749	1.14142452191383	0.233013447807762	2.2256254939097	0.0183250325591738	1.0842009719958703	GM17749	positive	True	False	False	False	False	False	False	False	False	False	False	False	not in our tested universe	False	False	False	False	False	not in our tested universe
GM20614	-1.64822157988168	0.0185866043828196	-0.571734751586272	0.449056514040696	1.0764868282954079	GM20614	positive	True	False	False	False	False	False	False	False	False	False	False	False	not in our tested universe	False	False	False	False	False	not in our tested universe
UBD	-2.22765750036747	0.0352859074562259	-1.15959202969134	0.365490506491275	1.06806547067613	UBD	positive	True	True	False	False	False	False	False	False	False	True	False	False	tested, not significant	False	False	False	False	False	tested source RSS, not source-constrained selected
KRT13	-1.19419383890779	0.0413404283793605	-0.131465609247082	0.879973649649981	1.062728229660708	KRT13	positive	True	False	False	False	False	False	False	False	False	False	False	False	not in our tested universe	False	False	False	False	False	not in our tested universe
CHST4	2.71505989133455	5.43446153807403e-15	3.77682998458764	4.44356261883406e-19	1.0617700932530902	CHST4	positive	True	True	True	True	False	False	False	False	False	True	False	False	DE-significant outside bend-point	False	False	False	False	False	tested source RSS, not source-constrained selected
GM45885	0.389052500435423	0.584780563523495	1.44687555440253	0.0180393748487965	1.057823053967107	GM45885	positive	True	False	False	False	False	False	False	False	False	False	False	False	not in our tested universe	False	False	False	False	False	not in our tested universe
VMN1R89	-2.38161035010481	0.00147852563808184	-1.32419145443511	0.0699815809369312	1.0574188956696997	VMN1R89	positive	True	False	False	False	False	False	False	False	False	False	False	False	not in our tested universe	False	False	False	False	False	not in our tested universe
WFDC15B	-1.09352554743857	0.0241529658176972	-0.0376872107168897	0.960916362205067	1.0558383367216801	WFDC15B	positive	True	False	False	False	False	False	False	False	False	False	False	False	not in our tested universe	False	False	False	False	False	not in our tested universe
GM46329	0.5578240157021	0.491432106768032	1.59565486110784	0.0255432687868466	1.03783084540574	GM46329	positive	True	False	False	False	False	False	False	False	False	False	False	False	not in our tested universe	False	False	False	False	False	not in our tested universe
MISFADT	-1.13360694498808	0.0150283524888484	-0.0963134925606073	0.895537821452246	1.0372934524274726	MISFADT	positive	True	False	False	False	False	False	False	False	False	False	False	False	not in our tested universe	False	False	False	False	False	not in our tested universe
ABHD16B	1.02328602403686	0.182519385878517	2.05881108949785	0.00354043858829618	1.03552506546099	ABHD16B	positive	True	False	False	False	False	False	False	False	False	False	False	False	not in our tested universe	False	False	False	False	False	not in our tested universe
GM11827	-1.67080748707758	0.0316218621344778	-0.640087329094216	0.382603043172007	1.030720157983364	GM11827	positive	True	False	False	False	False	False	False	False	False	False	False	False	not in our tested universe	False	False	False	False	False	not in our tested universe
CD207	3.54087698970461	1.47287812219795e-42	4.52501367867959	7.69924272225866e-50	0.9841366889749801	CD207	positive	True	True	True	True	True	True	True	False	False	True	True	False	shared WT/cKO bend-point	True	True	True	False	False	shared source-constrained bend-point
IL6	3.31743510142868	2.42080214354895e-41	4.29974811862375	2.95683479588147e-42	0.9823130171950702	IL6	positive	True	True	True	True	True	True	True	False	False	True	True	False	shared WT/cKO bend-point	True	True	True	False	False	shared source-constrained bend-point
KPRP	7.74031869965204	3.76682467317423e-15	8.71924435842428	5.44384553514033e-19	0.9789256587722406	KPRP	positive	True	True	True	True	False	False	False	False	False	True	False	False	DE-significant outside bend-point	False	True	False	False	True	cKO-only source-constrained bend-point
GM32255	0.67934981260449	0.251545001148408	1.63475995456073	0.00207720532575485	0.9554101419562401	GM32255	positive	True	False	False	False	False	False	False	False	False	False	False	False	not in our tested universe	False	False	False	False	False	not in our tested universe
GM10601	-1.0909275370177	0.0140677465815363	-0.14684655530409	0.812121449445384	0.9440809817136101	GM10601	positive	True	False	False	False	False	False	False	False	False	False	False	False	not in our tested universe	False	False	False	False	False	not in our tested universe
MIR935	0.668307924595066	0.133342457989697	1.61238443769639	0.000226636703888989	0.944076513101324	MIR935	positive	True	False	False	False	False	False	False	False	False	False	False	False	not in our tested universe	False	False	False	False	False	not in our tested universe
GM45494	0.292344247473407	0.607158832661544	1.23011942421467	0.00291733748286593	0.937775176741263	GM45494	positive	True	False	False	False	False	False	False	False	False	False	False	False	not in our tested universe	False	False	False	False	False	not in our tested universe
DUSP9	3.7986357694871	6.41963345477151e-44	4.72533269427622	1.44789675070589e-36	0.9266969247891206	DUSP9	positive	True	True	True	True	True	True	True	False	False	True	True	False	shared WT/cKO bend-point	True	True	True	False	False	shared source-constrained bend-point
CAR6	5.21534820911977	3.27211342243569e-13	6.14084512667263	1.99666781142934e-13	0.9254969175528602	CAR6	positive	True	True	True	True	False	False	False	False	False	True	False	False	DE-significant outside bend-point	False	False	False	False	False	tested source RSS, not source-constrained selected
LCE1G	4.31988483775046	1.21534037522864e-48	5.23621122504233	2.27403729168687e-47	0.9163263872918694	LCE1G	positive	True	True	True	True	True	True	True	False	False	False	True	False	shared WT/cKO bend-point	True	True	True	False	False	shared source-constrained bend-point
GM56932	0.695826413722362	0.348837678548152	1.58993795567138	0.0169204894644951	0.894111541949018	GM56932	positive	True	False	False	False	False	False	False	False	False	False	False	False	not in our tested universe	False	False	False	False	False	not in our tested universe
GM36723	-1.04970513275797	0.0162755492917513	-0.162065276828416	0.807458103434178	0.8876398559295541	GM36723	positive	True	False	False	False	False	False	False	False	False	False	False	False	not in our tested universe	False	False	False	False	False	not in our tested universe
BPIFC	3.5080377812102	3.97321900520573e-22	4.37461911584874	1.28506460208604e-25	0.8665813346385405	BPIFC	positive	True	True	True	True	True	True	True	False	False	True	True	False	shared WT/cKO bend-point	False	True	False	False	True	cKO-only source-constrained bend-point
NXPH2	-2.17556317771314	2.33096719483306e-05	-1.32182922762878	0.00582420073388411	0.8537339500843601	NXPH2	positive	True	True	True	True	False	False	False	False	False	True	False	False	DE-significant outside bend-point	False	False	False	False	False	tested source RSS, not source-constrained selected
DLK2	0.575027229791283	0.381012460406498	1.42592793471655	0.0143244894925621	0.8509007049252671	DLK2	positive	True	True	False	True	False	False	False	False	False	True	False	False	DE-significant outside bend-point	False	False	False	False	False	tested source RSS, not source-constrained selected
GM37403	-1.22833415436519	0.03155338838758	-0.384726542315472	0.617667695070018	0.843607612049718	GM37403	positive	True	False	False	False	False	False	False	False	False	False	False	False	not in our tested universe	False	False	False	False	False	not in our tested universe
GM11733	-1.38783303395546	0.0192896092392798	-0.558137695130856	0.43339891810193	0.8296953388246041	GM11733	positive	True	False	False	False	False	False	False	False	False	False	False	False	not in our tested universe	False	False	False	False	False	not in our tested universe
IGFBPL1	1.0487612329552	0.0245280420280603	1.874342510443	2.42157343259582e-05	0.8255812774878	IGFBPL1	positive	True	True	True	True	False	False	False	False	False	True	False	False	DE-significant outside bend-point	False	False	False	False	False	tested source RSS, not source-constrained selected
GM30693	-0.95919096679799	0.00395330543416952	-0.137670491751324	0.792119582063617	0.821520475046666	GM30693	positive	True	True	False	False	False	False	False	False	False	True	False	False	tested, not significant	False	False	False	False	False	tested source RSS, not source-constrained selected
TUBA5-PS	1.024785135731	0.0026040469031813	1.83900070815997	5.82221814696385e-07	0.8142155724289699	TUBA5-PS	positive	True	True	False	True	False	False	False	False	False	True	False	False	DE-significant outside bend-point	False	False	False	False	False	tested source RSS, not source-constrained selected
SPRR2A1	3.59429669140596	1.9796940288729e-09	4.40388720813131	4.78114274638838e-09	0.8095905167253497	SPRR2A1	positive	True	False	False	False	False	False	False	False	False	False	False	False	not in our tested universe	False	False	False	False	False	not in our tested universe
GM30504	-1.17460467222613	5.13510050893854e-06	-0.366332410578891	0.223310989787184	0.8082722616472391	GM30504	positive	True	True	True	False	False	False	False	False	False	True	False	False	DE-significant outside bend-point	False	False	False	False	False	tested source RSS, not source-constrained selected
GM7912	0.225926795310331	0.513780231590002	1.0332967605788	3.47522207070514e-05	0.8073699652684689	GM7912	positive	True	True	False	True	False	False	False	False	False	True	False	False	DE-significant outside bend-point	False	False	False	False	False	tested source RSS, not source-constrained selected
IL21	0.516733252453686	0.185478077309546	1.31500601527867	6.87865151393968e-05	0.798272762824984	IL21	positive	True	False	False	False	False	False	False	False	False	False	False	False	not in our tested universe	False	False	False	False	False	not in our tested universe
SCNN1G	-0.943646744815914	2.26247423068487e-05	-0.152952625525007	0.634064260888446	0.790694119290907	SCNN1G	positive	True	False	False	False	False	False	False	False	False	False	False	False	not in our tested universe	False	False	False	False	False	not in our tested universe
GM50164	3.57430984219656	4.42926685520547e-05	4.36041477362801	7.28993999945594e-05	0.7861049314314501	GM50164	positive	True	False	False	False	False	False	False	False	False	False	False	False	not in our tested universe	False	False	False	False	False	not in our tested universe
GM30818	0.275275260962085	0.591800410481055	1.04773161895052	0.00458406671519184	0.7724563579884349	GM30818	positive	True	False	False	False	False	False	False	False	False	False	False	False	not in our tested universe	False	False	False	False	False	not in our tested universe
GM16364	-0.551761093578461	2.89006450982459e-08	0.211668484970025	5.25186070464908e-06	0.763429578548486	GM16364	positive	True	True	True	True	False	False	False	False	False	True	False	False	DE-significant outside bend-point	False	False	False	False	False	tested source RSS, not source-constrained selected
GM35725	-1.68048623584961	8.82755985986667e-05	-0.917541197193809	0.0321072562628324	0.762945038655801	GM35725	positive	True	True	True	True	False	False	False	False	False	True	False	False	DE-significant outside bend-point	False	False	False	False	False	tested source RSS, not source-constrained selected
SERPINA3K	0.783313489828273	0.149776984233592	1.5407232502188	0.00482441666148088	0.757409760390527	SERPINA3K	positive	True	True	False	True	False	False	False	False	False	True	False	False	DE-significant outside bend-point	False	False	False	False	False	tested source RSS, not source-constrained selected
SH2D1B2	4.02197791290346	7.46201096806283e-10	4.76822533822484	7.29340030561878e-10	0.7462474253213802	SH2D1B2	positive	True	True	True	True	False	False	False	False	False	True	False	False	DE-significant outside bend-point	False	False	False	False	False	tested source RSS, not source-constrained selected
4930515G01RIK	0.169825189843019	0.694016783579208	0.914291780009803	0.00245807110658776	0.7444665901667841	4930515G01RIK	positive	True	True	False	True	False	False	False	False	False	True	False	False	DE-significant outside bend-point	False	False	False	False	False	tested source RSS, not source-constrained selected
SLITRK6	-0.883949893547079	0.00261247449312044	-0.144001916654591	0.738909000670359	0.7399479768924879	SLITRK6	positive	True	True	True	False	False	False	False	False	False	True	False	False	DE-significant outside bend-point	False	False	False	False	False	tested source RSS, not source-constrained selected
MIR8102	-1.08585656912494	0.0201008757714606	-0.351442710502311	0.567147887305065	0.734413858622629	MIR8102	positive	True	True	False	False	False	False	False	False	False	True	False	False	tested, not significant	False	False	False	False	False	tested source RSS, not source-constrained selected
SLC15A1	0.120874953349879	0.823905312806713	0.852401910504444	0.0106627493938878	0.7315269571545651	SLC15A1	positive	True	True	False	False	False	False	False	False	False	True	False	False	tested, not significant	False	False	False	False	False	tested source RSS, not source-constrained selected
SOWAHD	-0.668972385479856	0.0461609045647308	0.0584649047476553	0.912484157646301	0.7274372902275114	SOWAHD	positive	True	True	False	False	False	False	False	False	False	True	False	False	tested, not significant	False	False	False	False	False	tested source RSS, not source-constrained selected
SLC10A2	-0.97434925386892	5.23273491141941e-05	-0.2485954176721	0.43521352982695	0.72575383619682	SLC10A2	positive	True	True	True	False	False	False	False	False	False	True	False	False	DE-significant outside bend-point	False	False	False	False	False	tested source RSS, not source-constrained selected
4930448D08RIK	-0.694889583766975	0.00226485622746749	0.0204628212443565	0.958464877364105	0.7153524050113315	4930448D08RIK	positive	True	True	True	False	False	False	False	False	False	True	False	False	DE-significant outside bend-point	False	False	False	False	False	tested source RSS, not source-constrained selected
SERPINA10	0.840591357713025	2.42042112494779e-09	1.55448782777104	3.14025019994443e-26	0.7138964700580152	SERPINA10	positive	True	True	True	True	False	True	False	False	True	True	True	False	cKO-only bend-point	False	True	False	False	True	cKO-only source-constrained bend-point
RNF212	-1.24275518494871	0.0165651175718285	-0.533840556714889	0.405401663011975	0.708914628233821	RNF212	positive	True	True	False	False	False	False	False	False	False	True	False	False	tested, not significant	False	False	False	False	False	tested source RSS, not source-constrained selected
SERPINB3D	4.49880529599392	1.72050485477163e-06	5.19854433415113	3.9840166926646e-06	0.69973903815721	SERPINB3D	positive	True	True	True	True	False	False	False	False	False	True	False	False	DE-significant outside bend-point	False	False	False	False	False	tested source RSS, not source-constrained selected
1700029M03RIK	0.69564495428134	0.273661709326692	1.39113171541313	0.0158245290085235	0.69548676113179	1700029M03RIK	positive	True	False	False	False	False	False	False	False	False	False	False	False	not in our tested universe	False	False	False	False	False	not in our tested universe
GM8877	1.39142036290746	0.126495152565805	2.08099521632504	0.0260422011651002	0.6895748534175798	GM8877	positive	True	False	False	False	False	False	False	False	False	False	False	False	not in our tested universe	False	False	False	False	False	not in our tested universe
GM39232	-1.31529656829669	0.00343869818760226	-0.627170581891309	0.194538394304063	0.6881259864053809	GM39232	positive	True	True	True	False	False	False	False	False	False	True	False	False	DE-significant outside bend-point	False	False	False	False	False	tested source RSS, not source-constrained selected
GM31406	-0.624430102803238	0.000777303767233956	0.0634479293601552	0.8298251586231	0.6878780321633932	GM31406	positive	True	False	False	False	False	False	False	False	False	False	False	False	not in our tested universe	False	False	False	False	False	not in our tested universe
GM14705	-0.114084699058908	0.742081626653273	0.573152760747933	0.0127167005476856	0.6872374598068409	GM14705	positive	True	False	False	False	False	False	False	False	False	False	False	False	not in our tested universe	False	False	False	False	False	not in our tested universe
HTR2C	-1.07441441040419	0.00732204550026431	-0.387323883803038	0.437387725464717	0.687090526601152	HTR2C	positive	True	True	True	False	False	False	False	False	False	True	False	False	DE-significant outside bend-point	False	False	False	False	False	tested source RSS, not source-constrained selected
GM56823	-0.658553790149861	0.0156202267338681	0.0274546189126882	0.950203156236483	0.6860084090625492	GM56823	positive	True	True	False	False	False	False	False	False	False	True	False	False	tested, not significant	False	False	False	False	False	tested source RSS, not source-constrained selected
FAM246A	-1.33833392026668	8.4720162909041e-06	-0.652504946116831	0.0334777982501835	0.685828974149849	FAM246A	positive	True	True	True	False	False	False	False	False	False	True	False	False	DE-significant outside bend-point	False	False	False	False	False	tested source RSS, not source-constrained selected
DNAI3	1.23381619001977	1.38062056445778e-05	1.91539545202174	1.3930613616246e-10	0.68157926200197	DNAI3	positive	True	True	True	True	False	False	False	False	False	True	False	False	DE-significant outside bend-point	False	False	False	False	False	tested source RSS, not source-constrained selected
GM5857	0.434194135361337	0.014184259612267	1.11515701159577	5.20564191305981e-12	0.6809628762344331	GM5857	positive	True	True	False	True	False	False	False	False	False	True	False	False	DE-significant outside bend-point	False	False	False	False	False	tested source RSS, not source-constrained selected
1700019L13RIK	1.6883109939692	1.34633193621466e-09	2.3683843842515	4.74484057790366e-15	0.6800733902823002	1700019L13RIK	positive	True	False	False	False	False	False	False	False	False	False	False	False	not in our tested universe	False	False	False	False	False	not in our tested universe
GM44530	0.662313327574982	0.101972330955815	1.34075957964658	0.000818825291183923	0.6784462520715981	GM44530	positive	True	False	False	False	False	False	False	False	False	False	False	False	not in our tested universe	False	False	False	False	False	not in our tested universe
GM12027	-1.01341929792003	1.98591830009753e-09	-0.341102702469193	0.0860025112599008	0.672316595450837	GM12027	positive	True	True	False	False	False	False	False	False	False	True	False	False	tested, not significant	False	False	False	False	False	tested source RSS, not source-constrained selected
HNF4G	-1.16005693210594	3.97153186609221e-05	-0.488462179124143	0.122629315185571	0.6715947529817969	HNF4G	positive	True	True	True	False	False	False	False	False	False	True	False	False	DE-significant outside bend-point	False	False	False	False	False	tested source RSS, not source-constrained selected
GM16758	-0.602483681794854	0.0447130485475789	0.0652251786373045	0.890636178432114	0.6677088604321585	GM16758	positive	True	True	False	False	False	False	False	False	False	True	False	False	tested, not significant	False	False	False	False	False	tested source RSS, not source-constrained selected
GM30421	1.16422748052321	0.182445428666574	1.82604757169574	0.0248091921290606	0.66182009117253	GM30421	positive	True	False	False	False	False	False	False	False	False	False	False	False	not in our tested universe	False	False	False	False	False	not in our tested universe
CCKBR	4.82708076418308	4.89887687288376e-213	5.4833586940833	1.11683141597114e-241	0.6562779299002202	CCKBR	positive	True	True	True	True	True	True	True	False	False	True	True	False	shared WT/cKO bend-point	True	True	True	False	False	shared source-constrained bend-point
GM11682	0.310543694896739	0.523717705382222	0.966165785636033	0.0081452696663929	0.655622090739294	GM11682	positive	True	False	False	False	False	False	False	False	False	False	False	False	not in our tested universe	False	False	False	False	False	not in our tested universe
GM31557	2.18284662104776	7.64983058931523e-10	2.83628154215506	7.16775590778416e-14	0.6534349211073001	GM31557	positive	True	False	False	False	False	False	False	False	False	False	False	False	not in our tested universe	False	False	False	False	False	not in our tested universe
TRDC	0.903866135517583	0.182998107374697	1.55202877490832	0.0104107260000597	0.6481626393907369	TRDC	positive	True	True	False	True	False	False	False	False	False	True	False	False	DE-significant outside bend-point	False	False	False	False	False	tested source RSS, not source-constrained selected
KIF19B	1.52402376991837	9.774749952801e-39	2.17057650602648	8.98365270473659e-74	0.6465527361081098	KIF19B	positive	True	True	True	True	True	True	True	False	False	True	True	False	shared WT/cKO bend-point	True	True	True	False	False	shared source-constrained bend-point
KPNA2-PS	0.167738348261644	0.767508202290074	0.809989851864934	0.0256842080411157	0.64225150360329	KPNA2-PS	positive	True	True	False	True	False	False	False	False	False	True	False	False	DE-significant outside bend-point	False	False	False	False	False	tested source RSS, not source-constrained selected
MYL2	-0.972937000742062	0.0303952587760814	-0.331261281564926	0.570717541298483	0.6416757191771361	MYL2	positive	True	False	False	False	False	False	False	False	False	False	False	False	not in our tested universe	False	False	False	False	False	not in our tested universe
GM34552	-0.901628870086641	0.00295095677140807	-0.261204378158933	0.506167708023121	0.640424491927708	GM34552	positive	True	True	True	False	False	False	False	False	False	True	False	False	DE-significant outside bend-point	False	False	False	False	False	tested source RSS, not source-constrained selected
CYP4A32	2.52094153754292	1.55545082043771e-12	3.16002165325348	7.05190456460915e-18	0.6390801157105601	CYP4A32	positive	True	False	False	False	False	False	False	False	False	False	False	False	not in our tested universe	False	False	False	False	False	not in our tested universe
ANKRD1	4.03198390148895	1.23411394678908e-17	4.66916006929476	2.20698968847959e-21	0.6371761678058103	ANKRD1	positive	True	True	True	True	True	True	True	False	False	True	True	False	shared WT/cKO bend-point	True	True	True	False	False	shared source-constrained bend-point
GM29685	2.30647973915921	0.0562689679578919	2.94149059572329	0.00174014118863691	0.6350108565640804	GM29685	positive	True	False	False	False	False	False	False	False	False	False	False	False	not in our tested universe	False	False	False	False	False	not in our tested universe
D930048N14RIK	-0.683248736182334	0.0248573815904822	-0.0526524599415802	0.914766469940024	0.6305962762407538	D930048N14RIK	positive	True	True	True	False	False	False	False	False	False	True	False	False	DE-significant outside bend-point	False	False	False	False	False	tested source RSS, not source-constrained selected
GM38124	-1.04086995831311	0.0153516057285703	-0.414683480266262	0.412153019343735	0.626186478046848	GM38124	positive	True	True	False	False	False	False	False	False	False	True	False	False	tested, not significant	False	False	False	False	False	tested source RSS, not source-constrained selected
1700094M23RIK	-0.775791043522353	0.00010602898513185	-0.151714673066581	0.580862933473166	0.6240763704557719	1700094M23RIK	positive	True	True	True	False	False	False	False	False	False	True	False	False	DE-significant outside bend-point	False	False	False	False	False	tested source RSS, not source-constrained selected
GM43614	1.28204533779125	0.00879601848835113	1.9053625412195	1.79759095144968e-05	0.6233172034282501	GM43614	positive	True	False	False	False	False	False	False	False	False	False	False	False	not in our tested universe	False	False	False	False	False	not in our tested universe
UBAP1L	0.10277294647494	0.823009894304269	0.722764468628599	0.0148136117608027	0.619991522153659	UBAP1L	positive	True	True	False	True	False	False	False	False	False	True	False	False	DE-significant outside bend-point	False	False	False	False	False	tested source RSS, not source-constrained selected
GM17891	-0.877938808116465	0.0082771083792179	-0.259376106254201	0.529988914680375	0.6185627018622639	GM17891	positive	True	True	False	False	False	False	False	False	False	True	False	False	tested, not significant	False	False	False	False	False	tested source RSS, not source-constrained selected
1810044K17RIK	1.5420834601094	0.0255870751642166	2.16033504663898	0.00116081715418195	0.6182515865295801	1810044K17RIK	positive	True	False	False	False	False	False	False	False	False	False	False	False	not in our tested universe	False	False	False	False	False	not in our tested universe
GM4425	0.684625750432948	0.243931950273598	1.29798202615363	0.0274393556336108	0.6133562757206819	GM4425	positive	True	False	False	False	False	False	False	False	False	False	False	False	not in our tested universe	False	False	False	False	False	not in our tested universe
NIBAN3	-0.695132467425922	0.0208794739144127	-0.0826266056422715	0.854688469706358	0.6125058617836505	NIBAN3	positive	True	True	False	False	False	False	False	False	False	True	False	False	tested, not significant	False	False	False	False	False	tested source RSS, not source-constrained selected
SLC28A2B	0.37531895546133	0.3986319824218	0.983705426932495	0.00625817440752575	0.608386471471165	SLC28A2B	positive	True	False	False	False	False	False	False	False	False	False	False	False	not in our tested universe	False	False	False	False	False	not in our tested universe
GM47593	0.174456867768118	0.518271878489786	0.78049899222353	4.6058858449291e-05	0.6060421244554121	GM47593	positive	True	True	False	True	False	False	False	False	False	True	False	False	DE-significant outside bend-point	False	False	False	False	False	tested source RSS, not source-constrained selected
C78859	0.0623807181436782	0.879446133598413	0.664475441935995	0.00576777678085875	0.6020947237923168	C78859	positive	True	True	False	True	False	False	False	False	False	True	False	False	DE-significant outside bend-point	False	False	False	False	False	tested source RSS, not source-constrained selected
GM4832	-0.0235119382839377	0.960819553152294	0.574618173689571	0.0430527414337901	0.5981301119735087	GM4832	positive	True	True	False	False	False	False	False	False	False	True	False	False	tested, not significant	False	False	False	False	False	tested source RSS, not source-constrained selected
CES4A	0.229225981984379	0.628408382915817	0.825732965072408	0.0130916242751549	0.596506983088029	CES4A	positive	True	True	False	False	False	False	False	False	False	True	False	False	tested, not significant	False	False	False	False	False	tested source RSS, not source-constrained selected
SOAT2	0.419858043760404	0.00318146400388973	1.01553562367715	1.27459934686892e-14	0.595677579916746	SOAT2	positive	True	True	True	True	False	False	False	False	False	True	False	False	DE-significant outside bend-point	False	False	False	False	False	tested source RSS, not source-constrained selected
4930426L09RIK	-0.569180104165484	0.0385952382952771	0.0233422347237491	0.957225220176505	0.5925223388892331	4930426L09RIK	positive	True	True	False	False	False	False	False	False	False	True	False	False	tested, not significant	False	False	False	False	False	tested source RSS, not source-constrained selected
GM57269	1.89358644696908	1.00798758002956e-11	2.4850164666631	1.01212663019302e-17	0.5914300196940201	GM57269	positive	True	True	True	True	False	False	False	False	False	True	False	False	DE-significant outside bend-point	False	False	False	False	False	tested source RSS, not source-constrained selected
SLC6A16	-0.677463749768614	0.0311019267033062	-0.0872689936858149	0.855090834634229	0.5901947560827991	SLC6A16	positive	True	True	False	False	False	False	False	False	False	True	False	False	tested, not significant	False	False	False	False	False	tested source RSS, not source-constrained selected
RFX8	-0.873589871311954	0.0150430890892984	-0.293177408941742	0.496812563723136	0.580412462370212	RFX8	positive	True	True	True	False	False	False	False	False	False	True	False	False	DE-significant outside bend-point	False	False	False	False	False	tested source RSS, not source-constrained selected
GM18728	0.228680888030754	0.603703393666899	0.805250939682303	0.01441895248561	0.576570051651549	GM18728	positive	True	False	False	False	False	False	False	False	False	False	False	False	not in our tested universe	False	False	False	False	False	not in our tested universe
WFDC3	1.62493743670031	2.65604480480809e-23	2.20119089995928	4.61229079572447e-36	0.57625346325897	WFDC3	positive	True	True	True	True	False	True	False	False	True	True	True	False	cKO-only bend-point	False	True	False	False	True	cKO-only source-constrained bend-point
CHRNA4	-0.000487196825797159	0.998257342631964	0.573287333251988	2.02514989757471e-08	0.5737745300777851	CHRNA4	positive	True	True	False	True	False	False	False	False	False	True	False	False	DE-significant outside bend-point	False	False	False	False	False	tested source RSS, not source-constrained selected
F2RL1	0.42512327637	0.292875205516763	0.997619540128742	0.00311058039989353	0.572496263758742	F2RL1	positive	True	True	False	True	False	False	False	False	False	True	False	False	DE-significant outside bend-point	False	False	False	False	False	tested source RSS, not source-constrained selected
TNNC1	0.75734249540237	0.0501165851461832	1.32931870765957	0.000132765046384857	0.5719762122572001	TNNC1	positive	True	True	True	True	False	False	False	False	False	True	False	False	DE-significant outside bend-point	False	False	False	False	False	tested source RSS, not source-constrained selected
ARMCX7-PS	-0.964283964235843	1.32295077941857e-09	-0.394921324753008	0.0245475477018459	0.5693626394828349	ARMCX7-PS	positive	True	False	False	False	False	False	False	False	False	False	False	False	not in our tested universe	False	False	False	False	False	not in our tested universe
GM15889	1.13502856046146	0.0823445555818928	1.70421138268269	0.0150122220074125	0.5691828222212298	GM15889	positive	True	False	False	False	False	False	False	False	False	False	False	False	not in our tested universe	False	False	False	False	False	not in our tested universe
GM32750	0.801752439736053	0.288856202358299	1.36943656249516	0.0439491369300921	0.5676841227591071	GM32750	positive	True	False	False	False	False	False	False	False	False	False	False	False	not in our tested universe	False	False	False	False	False	not in our tested universe
GM47595	0.173524066737202	0.37785156999803	0.737460016894978	4.75289798551563e-07	0.563935950157776	GM47595	positive	True	True	False	True	False	False	False	False	False	True	False	False	DE-significant outside bend-point	False	False	False	False	False	tested source RSS, not source-constrained selected
GM47583	-0.686981905473345	9.43845281022462e-06	-0.123136167926524	0.591251621867441	0.563845737546821	GM47583	positive	True	True	True	False	False	False	False	False	False	True	False	False	DE-significant outside bend-point	False	False	False	False	False	tested source RSS, not source-constrained selected
GM36642	0.146783759778551	0.768156662553198	0.710248385981106	0.0278100746486163	0.563464626202555	GM36642	positive	True	False	False	False	False	False	False	False	False	False	False	False	not in our tested universe	False	False	False	False	False	not in our tested universe
1700014L14RIK	-1.0049499625107	5.94269419857119e-06	-0.445289573797329	0.0656054018846446	0.5596603887133709	1700014L14RIK	positive	True	True	True	False	False	False	False	False	False	True	False	False	DE-significant outside bend-point	False	False	False	False	False	tested source RSS, not source-constrained selected
GM6311	-0.0186569671426774	0.966501956667235	0.539663486024677	0.0394306457404354	0.5583204531673543	GM6311	positive	True	False	False	False	False	False	False	False	False	False	False	False	not in our tested universe	False	False	False	False	False	not in our tested universe
LEAP2	0.524603144649129	0.356581920845706	1.07891665225763	0.0445907531860376	0.5543135076085008	LEAP2	positive	True	False	False	False	False	False	False	False	False	False	False	False	not in our tested universe	False	False	False	False	False	not in our tested universe
CLCA1	3.27251753219739	6.24881122147879e-34	3.82457942482227	8.86658508704464e-38	0.5520618926248804	CLCA1	positive	True	True	True	True	True	True	True	False	False	True	True	False	shared WT/cKO bend-point	True	True	True	False	False	shared source-constrained bend-point
TGM1	0.50453111208307	0.212237733042471	1.0546680982803	0.00351807657167239	0.5501369861972301	TGM1	positive	True	True	False	True	False	False	False	False	False	True	False	False	DE-significant outside bend-point	False	False	False	False	False	tested source RSS, not source-constrained selected
GM21941	0.671624098313851	0.326543469828237	1.21911517933859	0.0325849001469383	0.547491081024739	GM21941	positive	True	False	False	False	False	False	False	False	False	False	False	False	not in our tested universe	False	False	False	False	False	not in our tested universe
H3C6	0.277980272072049	0.663438339963269	0.825227850927724	0.0460747773924054	0.547247578855675	H3C6	positive	True	False	False	False	False	False	False	False	False	False	False	False	not in our tested universe	False	False	False	False	False	not in our tested universe
GM29374	4.9263406729367	2.89170513300513e-09	5.46679697977374	1.8479928965479e-11	0.54045630683704	GM29374	positive	True	True	True	True	False	False	False	False	False	True	False	False	DE-significant outside bend-point	False	False	False	False	False	tested source RSS, not source-constrained selected
GM39149	0.568552420009709	0.254585442224656	1.1086584773322	0.0172466367784609	0.540106057322491	GM39149	positive	True	False	False	False	False	False	False	False	False	False	False	False	not in our tested universe	False	False	False	False	False	not in our tested universe
SYT13	-0.407105839557571	0.0400949754873706	0.1326257492162	0.604472302448945	0.539731588773771	SYT13	positive	True	True	False	False	False	False	False	False	False	True	False	False	tested, not significant	False	False	False	False	False	tested source RSS, not source-constrained selected
ADM2	6.54366883783967	9.94475027253819e-77	7.082943153426	2.92543976855787e-54	0.5392743155863302	ADM2	positive	True	True	True	True	True	True	True	False	False	True	True	False	shared WT/cKO bend-point	True	True	True	False	False	shared source-constrained bend-point
DBHOS	1.44592835450777	1.81522627577736e-05	1.98401882868673	1.32152492708075e-08	0.53809047417896	DBHOS	positive	True	True	True	True	False	False	False	False	False	True	False	False	DE-significant outside bend-point	False	False	False	False	False	tested source RSS, not source-constrained selected
TBX4	-1.0461889848839	8.5036245821605e-07	-0.511931848491567	0.0283254153548743	0.5342571363923331	TBX4	positive	True	True	True	False	False	False	False	False	False	True	False	False	DE-significant outside bend-point	False	False	False	False	False	tested source RSS, not source-constrained selected
ECEL1	2.98232219486478	6.56354239207733e-19	3.51542936799815	1.28847870101419e-25	0.5331071731333701	ECEL1	positive	True	True	True	True	True	True	True	False	False	True	True	False	shared WT/cKO bend-point	True	True	True	False	False	shared source-constrained bend-point
CCL2	0.597665999187697	0.197592609744647	1.12863360834427	0.00463449765500247	0.530967609156573	CCL2	positive	True	True	False	True	False	False	False	False	False	True	False	False	DE-significant outside bend-point	False	False	False	False	False	tested source RSS, not source-constrained selected
GM14317	-0.841217872136492	0.000323829502143426	-0.311209337844398	0.276620137542094	0.5300085342920939	GM14317	positive	True	True	True	False	False	False	False	False	False	True	False	False	DE-significant outside bend-point	False	False	False	False	False	tested source RSS, not source-constrained selected
GM49171	2.01101072316035	1.80912534061418e-09	2.53804559249466	1.35717328362509e-12	0.5270348693343099	GM49171	positive	True	False	False	False	False	False	False	False	False	False	False	False	not in our tested universe	False	False	False	False	False	not in our tested universe
OLIG3	0.329170799514538	0.498288100804447	0.85549925143017	0.026730629559213	0.526328451915632	OLIG3	positive	True	True	False	True	False	False	False	False	False	True	False	False	DE-significant outside bend-point	False	False	False	False	False	tested source RSS, not source-constrained selected
GM38256	-0.86940279550996	5.13369829427244e-08	-0.345426969694981	0.0607784450404902	0.523975825814979	GM38256	positive	True	False	False	False	False	False	False	False	False	False	False	False	not in our tested universe	False	False	False	False	False	not in our tested universe
PRRT4	-0.834308661664946	0.000183577985050706	-0.310613646390667	0.247947548055365	0.523695015274279	PRRT4	positive	True	True	True	False	False	False	False	False	False	True	False	False	DE-significant outside bend-point	False	False	False	False	False	tested source RSS, not source-constrained selected
2410012E07RIK	-0.541480161189492	1.70566024106977e-05	-0.0195082624503524	0.929911791279131	0.5219718987391396	2410012E07RIK	positive	True	True	False	False	False	False	False	False	False	True	False	False	tested, not significant	False	False	False	False	False	tested source RSS, not source-constrained selected
NELL1	-0.28514134166762	0.0221989121482306	0.231768043879144	0.072452968460394	0.516909385546764	NELL1	positive	True	True	False	False	False	False	False	False	False	True	False	False	tested, not significant	False	False	False	False	False	tested source RSS, not source-constrained selected
NEK10	2.2129675027069	0.00344271239677987	2.72968797237406	0.000175063166153872	0.5167204696671601	NEK10	positive	True	True	True	True	False	False	False	False	False	True	False	False	DE-significant outside bend-point	False	False	False	False	False	tested source RSS, not source-constrained selected
FCAMR	1.41551789111199	0.0992080084407347	1.93202957213721	0.0213781517415082	0.5165116810252202	FCAMR	positive	True	True	False	True	False	False	False	False	False	True	False	False	DE-significant outside bend-point	False	False	False	False	False	tested source RSS, not source-constrained selected
GM37020	-0.649580809527893	0.0487420270274264	-0.133679598250096	0.781288408571331	0.515901211277797	GM37020	positive	True	False	False	False	False	False	False	False	False	False	False	False	not in our tested universe	False	False	False	False	False	not in our tested universe
CRH	2.62912946824427	6.93234563396599e-10	3.14021751187838	4.88877687674663e-12	0.5110880436341101	CRH	positive	True	True	True	True	False	False	False	False	False	True	False	False	DE-significant outside bend-point	False	False	False	False	False	tested source RSS, not source-constrained selected
1810053B23RIK	1.29006466702216	0.0060530109579754	1.80113216048715	0.000164978956951184	0.5110674934649899	1810053B23RIK	positive	True	True	True	True	False	False	False	False	False	True	False	False	DE-significant outside bend-point	False	False	False	False	False	tested source RSS, not source-constrained selected
DGKK	-0.595204195820502	0.00105310553375361	-0.0846101410998491	0.763359893815035	0.5105940547206529	DGKK	positive	True	True	True	False	False	False	False	False	False	True	False	False	DE-significant outside bend-point	False	False	False	False	False	tested source RSS, not source-constrained selected
GPR151	3.99881410997022	1.65877713779026e-203	4.50903849023692	1.03645303858967e-244	0.5102243802666999	GPR151	positive	True	True	True	True	True	True	True	False	False	True	True	True	shared WT/cKO bend-point	True	True	True	False	False	shared source-constrained bend-point
TMCO5B	4.32526533383082	1.25385771860203e-15	4.8338713690009	5.66496936020076e-17	0.5086060351700805	TMCO5B	positive	True	True	True	True	False	False	False	False	False	True	False	False	DE-significant outside bend-point	False	False	False	False	False	tested source RSS, not source-constrained selected
BMP15	-0.90694742885832	1.21760712818695e-11	-0.399214818328326	0.00654334976121768	0.507732610529994	BMP15	positive	True	True	True	True	False	False	False	False	False	True	False	False	DE-significant outside bend-point	False	False	False	False	False	tested source RSS, not source-constrained selected
GM40847	0.595653609621431	0.171991990013149	1.10000684210292	0.00524010129025288	0.5043532324814891	GM40847	positive	True	False	False	False	False	False	False	False	False	False	False	False	not in our tested universe	False	False	False	False	False	not in our tested universe
GM57297	0.133038418542444	0.657688249989786	0.636935465591757	0.00144408482651639	0.5038970470493129	GM57297	positive	True	False	False	False	False	False	False	False	False	False	False	False	not in our tested universe	False	False	False	False	False	not in our tested universe
GM21083	3.14393762378969	5.90401637959681e-05	3.64779853238219	5.0271816670589e-05	0.5038609085925003	GM21083	positive	True	True	True	True	False	False	False	False	False	False	False	False	DE-significant outside bend-point	False	False	False	False	False	tested source RSS, not source-constrained selected
KPNA2RT	0.291168696926448	0.307688183633367	0.794904710196064	0.000672308882542027	0.503736013269616	KPNA2RT	positive	True	True	False	False	False	False	False	False	False	True	False	False	tested, not significant	False	False	False	False	False	tested source RSS, not source-constrained selected
TNFRSF8	2.26657910594635	1.06565292484518e-15	2.77005502378999	1.36031865008745e-20	0.5034759178436401	TNFRSF8	positive	True	True	True	True	True	True	True	False	False	True	True	False	shared WT/cKO bend-point	False	True	False	False	True	cKO-only source-constrained bend-point
MRGPRC1-PS	-0.441612660181706	0.026505979615629	0.0603446176566679	0.844346034392234	0.5019572778383738	MRGPRC1-PS	positive	True	True	True	False	False	False	False	False	False	True	False	False	DE-significant outside bend-point	False	False	False	False	False	tested source RSS, not source-constrained selected
GM15873	1.95668114498482	2.72834158275508e-15	2.4584836171378	5.75615054432921e-20	0.5018024721529801	GM15873	positive	True	False	False	False	False	False	False	False	False	False	False	False	not in our tested universe	False	False	False	False	False	not in our tested universe
GM49211	1.6810089914062	0.00251749125975526	2.18226862410418	9.91417121186131e-05	0.5012596326979799	GM49211	positive	True	False	False	False	False	False	False	False	False	False	False	False	not in our tested universe	False	False	False	False	False	not in our tested universe
GM29696	-0.0564028824850921	0.83625091089531	0.442891747714346	0.00853691127443382	0.4992946301994381	GM29696	positive	True	False	False	False	False	False	False	False	False	False	False	False	not in our tested universe	False	False	False	False	False	not in our tested universe
GM16213	-0.41491901340366	0.0038994760931612	0.0836479167670364	0.684460754889441	0.4985669301706964	GM16213	positive	True	False	False	False	False	False	False	False	False	False	False	False	not in our tested universe	False	False	False	False	False	not in our tested universe
GM36855	3.04581802615387	7.24852262539139e-06	3.54390631231471	1.51820581656093e-06	0.49808828616084	GM36855	positive	True	True	True	True	False	False	False	False	False	True	False	False	DE-significant outside bend-point	False	False	False	False	False	tested source RSS, not source-constrained selected
C430042M11RIK	-0.893687260271262	0.0335084973990828	-0.395636979830732	0.380981837260437	0.49805028044053	C430042M11RIK	positive	True	True	False	False	False	False	False	False	False	True	False	False	tested, not significant	False	False	False	False	False	tested source RSS, not source-constrained selected
GM47913	-0.89258733008105	8.92273221853627e-12	-0.395005310526779	0.00569160577670152	0.49758201955427095	GM47913	positive	True	False	False	False	False	False	False	False	False	False	False	False	not in our tested universe	False	False	False	False	False	not in our tested universe
GM42797	1.3414662290898	0.00744310296227787	1.83885561788966	0.000502576647288988	0.49738938879985994	GM42797	positive	True	True	False	True	False	False	False	False	False	True	False	False	DE-significant outside bend-point	False	False	False	False	False	tested source RSS, not source-constrained selected
CACNA1I	-0.540263191043291	0.000305404769964392	-0.04293735797619	0.865128711249016	0.497325833067101	CACNA1I	positive	True	True	True	False	False	False	False	False	False	True	False	False	DE-significant outside bend-point	False	False	False	False	False	tested source RSS, not source-constrained selected
GALNT6OS	1.55273205418339	1.35589358354375e-20	2.04957900715719	4.45841800874221e-31	0.4968469529738	GALNT6OS	positive	True	False	False	False	False	False	False	False	False	False	False	False	not in our tested universe	False	False	False	False	False	not in our tested universe
GM11749	-0.793219561441259	0.00119708804232739	-0.298475487283025	0.324567484900022	0.49474407415823407	GM11749	positive	True	True	True	False	False	False	False	False	False	True	False	False	DE-significant outside bend-point	False	False	False	False	False	tested source RSS, not source-constrained selected
SPEER1G	4.20276155471909	0.000317180265070581	4.69694344776655	0.000114243876208933	0.4941818930474602	SPEER1G	positive	True	False	False	False	False	False	False	False	False	False	False	False	not in our tested universe	False	False	False	False	False	not in our tested universe
PTPRO	0.666129125852645	1.08912075679593e-10	1.16023782644685	4.16694481996556e-31	0.494108700594205	PTPRO	positive	True	True	True	True	False	True	False	False	True	True	True	False	cKO-only bend-point	False	True	False	False	True	cKO-only source-constrained bend-point
ASB17	-0.713009815313347	0.0022751559204311	-0.224993958514446	0.447183652195118	0.4880158567989009	ASB17	positive	True	False	False	False	False	False	False	False	False	False	False	False	not in our tested universe	False	False	False	False	False	not in our tested universe
NEUROG1	0.612613503704452	0.015770826302027	1.09777206170256	1.27982810973862e-05	0.4851585579981079	NEUROG1	positive	True	True	True	True	False	False	False	False	False	True	False	False	DE-significant outside bend-point	False	False	False	False	False	tested source RSS, not source-constrained selected
GM39168	-0.920486857459888	0.000408175983213358	-0.435481741384596	0.131875524961023	0.485005116075292	GM39168	positive	True	True	True	False	False	False	False	False	False	True	False	False	DE-significant outside bend-point	False	False	False	False	False	tested source RSS, not source-constrained selected
ZPLD2	1.05070321846752	1.35981030293887e-20	1.53569979961216	7.11693055077813e-41	0.48499658114463995	ZPLD2	positive	True	True	True	True	True	True	True	False	False	True	True	False	shared WT/cKO bend-point	True	True	True	False	False	shared source-constrained bend-point
ESR2	0.204264623975405	0.331871794326932	0.688852959898115	1.86466558600514e-05	0.48458833592271	ESR2	positive	True	True	False	True	False	False	False	False	False	True	False	False	DE-significant outside bend-point	False	False	False	False	False	tested source RSS, not source-constrained selected
CCDC178	-0.628588691430947	0.019819936267321	-0.146661167310853	0.691804627024831	0.481927524120094	CCDC178	positive	True	True	False	False	False	False	False	False	False	True	False	False	tested, not significant	False	False	False	False	False	tested source RSS, not source-constrained selected
GABRA4	-0.814342775596943	2.9247750612475e-07	-0.334113243556237	0.0629992490355594	0.480229532040706	GABRA4	positive	True	True	True	False	False	False	False	False	False	True	False	False	DE-significant outside bend-point	False	False	False	False	False	tested source RSS, not source-constrained selected
GM13032	0.796280052192606	0.00604183221976685	1.2760724459369	1.40198473455529e-05	0.47979239374429394	GM13032	positive	True	False	False	False	False	False	False	False	False	False	False	False	not in our tested universe	False	False	False	False	False	not in our tested universe
A430108G06RIK	-0.487198842166713	0.0204542650099052	-0.0083047935667963	0.981638755619317	0.4788940485999167	A430108G06RIK	positive	True	True	True	False	False	False	False	False	False	True	False	False	DE-significant outside bend-point	False	False	False	False	False	tested source RSS, not source-constrained selected
C030015A19RIK	0.0888274923269081	0.785156206489986	0.565884197395537	0.00537147450325922	0.47705670506862885	C030015A19RIK	positive	True	True	False	True	False	False	False	False	False	True	False	False	DE-significant outside bend-point	False	False	False	False	False	tested source RSS, not source-constrained selected
GM48844	1.66716403922843	7.75750563224966e-06	2.1439183203831	2.29143220374264e-09	0.4767542811546699	GM48844	positive	True	True	True	True	False	False	False	False	False	True	False	False	DE-significant outside bend-point	False	False	False	False	False	tested source RSS, not source-constrained selected
DNASE1L3	0.877848992801342	3.85597711400657e-11	1.35390740256185	1.15531426593817e-25	0.47605840976050806	DNASE1L3	positive	True	True	True	True	False	True	False	False	True	True	True	False	cKO-only bend-point	False	True	False	False	True	cKO-only source-constrained bend-point
TMEM114	0.647561277563329	0.00241425310027409	1.1204204522231	4.75720108536453e-08	0.472859174659771	TMEM114	positive	True	True	True	True	False	False	False	False	False	True	False	False	DE-significant outside bend-point	False	False	False	False	False	tested source RSS, not source-constrained selected
F830208F22RIK	-0.134379356937367	0.404341711097529	0.337804287669821	0.0087683703155026	0.472183644607188	F830208F22RIK	positive	True	True	False	False	False	False	False	False	False	True	False	False	tested, not significant	False	False	False	False	False	tested source RSS, not source-constrained selected
GM49944	-0.516531017570832	0.00931519625975078	-0.0449021748141633	0.891304183082813	0.47162884275666866	GM49944	positive	True	False	False	False	False	False	False	False	False	False	False	False	not in our tested universe	False	False	False	False	False	not in our tested universe
ATP13A4	1.05347688361157	7.19720528347626e-05	1.52497483074781	2.23315821705312e-09	0.47149794713623994	ATP13A4	positive	True	True	True	True	False	False	False	False	False	True	False	False	DE-significant outside bend-point	False	False	False	False	False	tested source RSS, not source-constrained selected
GM7364	0.854364861062153	0.0838262678897758	1.32571238679599	0.0037136502461621	0.47134752573383687	GM7364	positive	True	False	False	False	False	False	False	False	False	False	False	False	not in our tested universe	False	False	False	False	False	not in our tested universe
GM17094	4.17671674100175	0.000326574791642721	4.64804879202212	3.97068171934185e-05	0.47133205102037046	GM17094	positive	True	False	False	False	False	False	False	False	False	False	False	False	not in our tested universe	False	False	False	False	False	not in our tested universe
GM13656	-0.586977728685693	0.0140537806094452	-0.116176316928511	0.737938701731946	0.470801411757182	GM13656	positive	True	False	False	False	False	False	False	False	False	False	False	False	not in our tested universe	False	False	False	False	False	not in our tested universe
GM6201	-0.542531396541418	0.0138293102166588	-0.0726545684133415	0.828689147212542	0.4698768281280765	GM6201	positive	True	True	False	False	False	False	False	False	False	True	False	False	tested, not significant	False	False	False	False	False	tested source RSS, not source-constrained selected
PRSS22	3.37833785283801	0.00240075643330623	3.84769886788102	0.00300007518745322	0.46936101504300964	PRSS22	positive	True	False	False	False	False	False	False	False	False	False	False	False	not in our tested universe	False	False	False	False	False	not in our tested universe
ZP3	0.350294495317254	0.354798612736351	0.819271434713084	0.00880447483896626	0.46897693939582996	ZP3	positive	True	True	False	True	False	False	False	False	False	True	False	False	DE-significant outside bend-point	False	False	False	False	False	tested source RSS, not source-constrained selected
GM49064	-0.621734505368055	0.00075558030396695	-0.153151104138563	0.542057632794534	0.46858340122949194	GM49064	positive	True	True	True	False	False	False	False	False	False	True	False	False	DE-significant outside bend-point	False	False	False	False	False	tested source RSS, not source-constrained selected
FBXW13	4.21739693460977	0.000374167179441433	4.6847936437254	0.000508668640921001	0.46739670911563014	FBXW13	positive	True	True	True	True	False	False	False	False	False	False	False	False	DE-significant outside bend-point	False	False	False	False	False	tested source RSS, not source-constrained selected
GM7233	-1.32983225300928	0.000274530467883076	-0.866548344208477	0.0163042323683387	0.46328390880080306	GM7233	positive	True	True	True	False	False	False	False	False	False	True	False	False	DE-significant outside bend-point	False	False	False	False	False	tested source RSS, not source-constrained selected
GM43634	-0.755265981519211	0.0180946238934134	-0.292218320120455	0.443552838247716	0.46304766139875597	GM43634	positive	True	False	False	False	False	False	False	False	False	False	False	False	not in our tested universe	False	False	False	False	False	not in our tested universe
OR8B53	1.26104889599284	9.38669888252068e-24	1.72115347578259	1.34839062596019e-43	0.46010457978974983	OR8B53	positive	True	True	True	True	True	True	True	False	False	True	True	False	shared WT/cKO bend-point	True	True	True	False	False	shared source-constrained bend-point
GM3234	-0.496315891186715	0.0302365551094225	-0.0384461791449209	0.916793091150266	0.4578697120417941	GM3234	positive	True	True	True	False	False	False	False	False	False	True	False	False	DE-significant outside bend-point	False	False	False	False	False	tested source RSS, not source-constrained selected
GM42067	-0.468700130912204	0.0125861767537865	-0.0115729118249071	0.970465508831195	0.4571272190872969	GM42067	positive	True	True	False	False	False	False	False	False	False	True	False	False	tested, not significant	False	False	False	False	False	tested source RSS, not source-constrained selected
KLK5	-0.699327261574896	1.61241189516299e-08	-0.244628552805235	0.0934451143865249	0.454698708769661	KLK5	positive	True	True	True	False	False	False	False	False	False	True	False	False	DE-significant outside bend-point	False	False	False	False	False	tested source RSS, not source-constrained selected
FAR2OS1	-0.454010273990302	0.0150716957692594	0.00057371428969239	0.998492085438052	0.4545839882799944	FAR2OS1	positive	True	False	False	False	False	False	False	False	False	False	False	False	not in our tested universe	False	False	False	False	False	not in our tested universe
NTSR1	-1.09207991379795	1.68878867950185e-07	-0.638115997359623	0.0030652255185698	0.453963916438327	NTSR1	positive	True	True	True	True	False	False	False	False	False	True	False	False	DE-significant outside bend-point	False	False	False	False	False	tested source RSS, not source-constrained selected
EPGN	1.20218971576477	0.0372654667612877	1.65561188988518	0.00132903761437656	0.45342217412040986	EPGN	positive	True	True	False	True	False	False	False	False	False	True	False	False	DE-significant outside bend-point	False	False	False	False	False	tested source RSS, not source-constrained selected
GM8091	-0.808190900535673	1.27180198340003e-11	-0.354778754351416	0.00633697356451973	0.453412146184257	GM8091	positive	True	False	False	False	False	False	False	False	False	False	False	False	not in our tested universe	False	False	False	False	False	not in our tested universe
KCNK16	2.37123525607778	2.98195622568089e-44	2.82437514916805	1.83167734058288e-56	0.45313989309027036	KCNK16	positive	True	True	True	True	True	True	True	False	False	True	True	False	shared WT/cKO bend-point	True	True	True	False	False	shared source-constrained bend-point
GM12299	-0.80496730141927	0.000381207224528035	-0.354022498349085	0.184858900788089	0.450944803070185	GM12299	positive	True	True	False	False	False	False	False	False	False	True	False	False	tested, not significant	False	False	False	False	False	tested source RSS, not source-constrained selected
DYRK4	-0.0443160144610849	0.869400678604228	0.406218260142089	0.0112917320752649	0.4505342746031739	DYRK4	positive	True	True	False	True	False	False	False	False	False	True	False	False	DE-significant outside bend-point	False	False	False	False	False	tested source RSS, not source-constrained selected
4930470H14RIK	-0.648312956371705	0.0147594776166736	-0.198013231033353	0.569496131326687	0.45029972533835205	4930470H14RIK	positive	True	False	False	False	False	False	False	False	False	False	False	False	not in our tested universe	False	False	False	False	False	not in our tested universe
MROH7	-0.704530840425387	0.00885890678764057	-0.255382994257143	0.453222076854763	0.44914784616824405	MROH7	positive	True	True	False	False	False	False	False	False	False	True	False	False	tested, not significant	False	False	False	False	False	tested source RSS, not source-constrained selected
GM11528	-0.717982375585369	0.0127921774103993	-0.269119132636091	0.435790581159303	0.44886324294927804	GM11528	positive	True	True	False	False	False	False	False	False	False	True	False	False	tested, not significant	False	False	False	False	False	tested source RSS, not source-constrained selected
D330037F02RIK	-0.689382643558795	0.00180340266145899	-0.245042491360808	0.36414762245086	0.44434015219798695	D330037F02RIK	positive	True	True	True	False	False	False	False	False	False	True	False	False	DE-significant outside bend-point	False	False	False	False	False	tested source RSS, not source-constrained selected
LMBR1	-0.321087464487859	0.00974988736135887	0.121405048411029	0.0121216968561993	0.442492512898888	LMBR1	positive	True	True	True	True	False	False	False	False	False	True	False	False	DE-significant outside bend-point	False	False	False	False	False	tested source RSS, not source-constrained selected
GM45708	-0.584630021420698	0.00621623014755438	-0.143050951000013	0.626527936545831	0.441579070420685	GM45708	positive	True	True	False	False	False	False	False	False	False	True	False	False	tested, not significant	False	False	False	False	False	tested source RSS, not source-constrained selected
GM49528	0.00932834853846311	0.974535786679095	0.450510667881211	0.00568943792641859	0.44118231934274793	GM49528	positive	True	False	False	False	False	False	False	False	False	False	False	False	not in our tested universe	False	False	False	False	False	not in our tested universe
LYPD1	-0.617311453854943	0.00431908132317124	-0.176203647911712	0.542191862533817	0.441107805943231	LYPD1	positive	True	True	True	False	False	False	False	False	False	True	False	False	DE-significant outside bend-point	False	False	False	False	False	tested source RSS, not source-constrained selected
GM32531	-0.741236028331027	0.039063880188399	-0.30136126868585	0.485519127718319	0.43987475964517697	GM32531	positive	True	False	False	False	False	False	False	False	False	False	False	False	not in our tested universe	False	False	False	False	False	not in our tested universe
9330154J02RIK	0.969261355060929	0.000229791050116964	1.40743407623887	3.99158651481601e-08	0.4381727211779409	9330154J02RIK	positive	True	True	True	True	False	False	False	False	False	True	False	False	DE-significant outside bend-point	False	False	False	False	False	tested source RSS, not source-constrained selected
RUBCNL	-0.283616184360544	0.0340084692169813	0.154473525845118	0.311359851174769	0.438089710205662	RUBCNL	positive	True	True	False	False	False	False	False	False	False	True	False	False	tested, not significant	False	False	False	False	False	tested source RSS, not source-constrained selected
NPAS2	-0.320842120786101	0.00709435452880428	0.11690520237144	0.429978823214942	0.43774732315754106	NPAS2	positive	True	True	True	False	False	False	False	False	False	True	False	False	DE-significant outside bend-point	False	False	False	False	False	tested source RSS, not source-constrained selected
GM28981	0.16396797404191	0.264470401395496	0.601613561190233	1.45036430555985e-07	0.437645587148323	GM28981	positive	True	False	False	False	False	False	False	False	False	False	False	False	not in our tested universe	False	False	False	False	False	not in our tested universe
KIRREL3OS	0.230381791465244	0.352369066496969	0.668003179448384	0.000508606836782327	0.43762138798314004	KIRREL3OS	positive	True	True	False	True	False	False	False	False	False	True	False	False	DE-significant outside bend-point	False	False	False	False	False	tested source RSS, not source-constrained selected
PADI1	0.605081011456447	0.0355776112042094	1.04163638765612	0.000119276788238529	0.4365553761996731	PADI1	positive	True	True	True	True	False	False	False	False	False	True	False	False	DE-significant outside bend-point	False	False	False	False	False	tested source RSS, not source-constrained selected
VMN2R-PS89	0.231476981103618	0.0378895236766826	0.666701419391328	3.18196402132764e-12	0.43522443828770996	VMN2R-PS89	positive	True	False	False	False	False	False	False	False	False	False	False	False	not in our tested universe	False	False	False	False	False	not in our tested universe
TAL2	0.695922320092114	0.0324343682599787	1.13101415162231	0.000124213973872748	0.43509183153019604	TAL2	positive	True	True	False	True	False	False	False	False	False	True	False	False	DE-significant outside bend-point	False	False	False	False	False	tested source RSS, not source-constrained selected
OACYL	1.53097395374618	2.33380329488226e-13	1.96384176930854	2.64015900484476e-20	0.43286781556236	OACYL	positive	True	True	True	True	False	True	False	False	True	True	False	False	cKO-only bend-point	False	True	False	False	True	cKO-only source-constrained bend-point
ATP8B5	-0.524699234163252	0.000596405364089032	-0.0926330662390825	0.674414805777491	0.4320661679241695	ATP8B5	positive	True	True	True	False	False	False	False	False	False	True	False	False	DE-significant outside bend-point	False	False	False	False	False	tested source RSS, not source-constrained selected
BAIAP2L2	-0.601024923685965	0.0379545987955497	-0.169916447747738	0.651731347264843	0.43110847593822704	BAIAP2L2	positive	True	True	False	False	False	False	False	False	False	True	False	False	tested, not significant	False	False	False	False	False	tested source RSS, not source-constrained selected
TMEM88B	4.9325246556392	0.0	5.36324665795542	0.0	0.4307220023162204	TMEM88B	positive	True	True	True	True	True	True	True	False	False	True	True	True	shared WT/cKO bend-point	True	True	True	False	False	shared source-constrained bend-point
GM12463	1.30876006309114	0.0796428733865761	1.73836585624347	0.012950507286263	0.42960579315233005	GM12463	positive	True	False	False	False	False	False	False	False	False	False	False	False	not in our tested universe	False	False	False	False	False	not in our tested universe
GM10344	-0.729266192578763	0.000186626817818753	-0.300630559110375	0.192638867753158	0.428635633468388	GM10344	positive	True	True	True	False	False	False	False	False	False	True	False	False	DE-significant outside bend-point	False	False	False	False	False	tested source RSS, not source-constrained selected
GM35167	-0.915455576772674	0.00560004559555028	-0.486834975618094	0.179291818567013	0.42862060115457995	GM35167	positive	True	True	True	False	False	False	False	False	False	True	False	False	DE-significant outside bend-point	False	False	False	False	False	tested source RSS, not source-constrained selected
GM48898	-0.698150033439968	0.00656847276328585	-0.271838775626112	0.392400616499616	0.426311257813856	GM48898	positive	True	True	True	False	False	False	False	False	False	True	False	False	DE-significant outside bend-point	False	False	False	False	False	tested source RSS, not source-constrained selected
GM3360	3.52732706357005	2.32243951976228e-05	3.95315152896953	0.000244778966555991	0.4258244653994798	GM3360	positive	True	False	False	False	False	False	False	False	False	False	False	False	not in our tested universe	False	False	False	False	False	not in our tested universe
GM13415	0.198561422756759	0.550152359203441	0.622025943953137	0.0141431964403971	0.423464521196378	GM13415	positive	True	True	True	True	False	False	False	False	False	False	False	False	DE-significant outside bend-point	False	False	False	False	False	tested source RSS, not source-constrained selected
9330188P03RIK	-0.322101607611981	0.0491225278747893	0.101019025365239	0.635171763784053	0.42312063297721997	9330188P03RIK	positive	True	True	False	False	False	False	False	False	False	True	False	False	tested, not significant	False	False	False	False	False	tested source RSS, not source-constrained selected
KCNA10	-0.960574688534408	0.0135055254149466	-0.5384864669433	0.205722028179109	0.4220882215911079	KCNA10	positive	True	True	True	False	False	False	False	False	False	True	False	False	DE-significant outside bend-point	False	False	False	False	False	tested source RSS, not source-constrained selected
TTLL6	-0.471446381725729	0.00713945496104262	-0.0496210320208885	0.858258367252456	0.4218253497048405	TTLL6	positive	True	True	False	False	False	False	False	False	False	True	False	False	tested, not significant	False	False	False	False	False	tested source RSS, not source-constrained selected
GM5582	0.698573587379671	0.12761188458593	1.12001569840929	0.00591763526439392	0.4214421110296189	GM5582	positive	True	False	False	False	False	False	False	False	False	False	False	False	not in our tested universe	False	False	False	False	False	not in our tested universe
GM13872	0.453805106439387	0.187368700129292	0.874893484794121	0.00282234631050115	0.421088378354734	GM13872	positive	True	False	False	False	False	False	False	False	False	False	False	False	not in our tested universe	False	False	False	False	False	not in our tested universe
GPR119	0.962500945261181	4.26721636994861e-13	1.38287280850373	2.07930321986021e-25	0.42037186324254905	GPR119	positive	True	True	True	True	False	True	False	False	True	True	True	False	cKO-only bend-point	False	True	False	False	True	cKO-only source-constrained bend-point
GM54721	1.12171365810537	0.071984522284408	1.54092723308001	0.0197566376765455	0.41921357497463996	GM54721	positive	True	False	False	False	False	False	False	False	False	False	False	False	not in our tested universe	False	False	False	False	False	not in our tested universe
GM10322	-0.456684741240094	9.32821922004943e-05	-0.0388623766888391	0.843187219800257	0.4178223645512549	GM10322	positive	True	False	False	False	False	False	False	False	False	False	False	False	not in our tested universe	False	False	False	False	False	not in our tested universe
GM7276	-0.611430621266637	0.00126656811263963	-0.193844683702051	0.435540617634197	0.41758593756458606	GM7276	positive	True	True	False	False	False	False	False	False	False	False	False	False	tested, not significant	False	False	False	False	False	tested source RSS, not source-constrained selected
GM36914	-0.547647890868997	0.0458019476615866	-0.130436451594983	0.717511865025797	0.41721143927401405	GM36914	positive	True	False	False	False	False	False	False	False	False	False	False	False	not in our tested universe	False	False	False	False	False	not in our tested universe
GM11751	0.163514252074712	0.612167361795366	0.580477430183404	0.0143281534072584	0.416963178108692	GM11751	positive	True	False	False	False	False	False	False	False	False	False	False	False	not in our tested universe	False	False	False	False	False	not in our tested universe
PDE4C	0.108332723448616	0.306176453008671	0.523125455266506	4.36954576502145e-11	0.41479273181789	PDE4C	positive	True	True	False	True	False	False	False	False	False	True	False	False	DE-significant outside bend-point	False	False	False	False	False	tested source RSS, not source-constrained selected
GM10530	-0.798866776377658	0.000211472008785506	-0.385997053000797	0.107965008484932	0.412869723376861	GM10530	positive	True	False	False	False	False	False	False	False	False	False	False	False	not in our tested universe	False	False	False	False	False	not in our tested universe
GM19410	0.227873440253302	0.402400064248408	0.640090525263589	0.00160784538564995	0.412217085010287	GM19410	positive	True	True	False	True	False	False	False	False	False	True	False	False	DE-significant outside bend-point	False	False	False	False	False	tested source RSS, not source-constrained selected
OOEP	-0.0800113367689041	0.628256421604779	0.331920630254017	0.00356159583893417	0.4119319670229211	OOEP	positive	True	True	False	True	False	False	False	False	False	True	False	False	DE-significant outside bend-point	False	False	False	False	False	tested source RSS, not source-constrained selected
XKR7	-0.421779860953047	7.58577622349114e-06	-0.0100887977630347	0.952913524283701	0.4116910631900123	XKR7	positive	True	True	True	False	False	False	False	False	False	True	False	False	DE-significant outside bend-point	False	False	False	False	False	tested source RSS, not source-constrained selected
PLA2R1	-0.116221420999362	0.310874753792208	0.292937733973289	0.00165291286518741	0.409159154972651	PLA2R1	positive	True	True	False	True	False	False	False	False	False	True	False	False	DE-significant outside bend-point	False	False	False	False	False	tested source RSS, not source-constrained selected
PPM1N	-0.724647093928824	0.00355969288909904	-0.315920575390859	0.270528632594168	0.408726518537965	PPM1N	positive	True	True	False	False	False	False	False	False	False	True	False	False	tested, not significant	False	False	False	False	False	tested source RSS, not source-constrained selected
GPR39	-0.578023649187975	0.00611800310721024	-0.169583853421942	0.545603373676152	0.408439795766033	GPR39	positive	True	True	False	False	False	False	False	False	False	True	False	False	tested, not significant	False	False	False	False	False	tested source RSS, not source-constrained selected
4930456G14RIK	-0.792177256688452	0.0317886465736274	-0.383809850839566	0.373088239515384	0.408367405848886	4930456G14RIK	positive	True	True	False	False	False	False	False	False	False	True	False	False	tested, not significant	False	False	False	False	False	tested source RSS, not source-constrained selected
GM42545	-1.23389467069683	0.000384997360431279	-0.827824996890378	0.0229741154827072	0.40606967380645187	GM42545	positive	True	False	False	False	False	False	False	False	False	False	False	False	not in our tested universe	False	False	False	False	False	not in our tested universe
B4GALNT2	0.441990012126637	0.157305922937788	0.847760953894762	0.00225021306116391	0.405770941768125	B4GALNT2	positive	True	False	False	False	False	False	False	False	False	False	False	False	not in our tested universe	False	False	False	False	False	not in our tested universe
GM48398	1.74900001940587	1.31693461983941e-10	2.15079912062123	1.93305800597932e-14	0.4017991012153601	GM48398	positive	True	True	True	True	False	False	False	False	False	True	False	False	DE-significant outside bend-point	False	True	False	False	True	cKO-only source-constrained bend-point
DKKL1	0.00399573519622811	0.98988653077695	0.405621505295193	0.0146528361455415	0.4016257700989649	DKKL1	positive	True	True	False	True	False	False	False	False	False	True	False	False	DE-significant outside bend-point	False	False	False	False	False	tested source RSS, not source-constrained selected
GM13619	-0.730911717026602	0.0297288240807414	-0.329779970349999	0.415277277960234	0.40113174667660295	GM13619	positive	True	True	True	False	False	False	False	False	False	True	False	False	DE-significant outside bend-point	False	False	False	False	False	tested source RSS, not source-constrained selected
GM57126	-0.839823638803268	0.0499363102694789	-0.439345477269892	0.347800883209783	0.40047816153337606	GM57126	positive	True	True	False	False	False	False	False	False	False	True	False	False	tested, not significant	False	False	False	False	False	tested source RSS, not source-constrained selected
GM19554	-0.888637459885046	0.000654718739952774	-0.489199386540091	0.0894670311830715	0.39943807334495507	GM19554	positive	True	True	False	False	False	False	False	False	False	False	False	False	tested, not significant	False	False	False	False	False	tested source RSS, not source-constrained selected
VGF	1.54490229419383	4.71880938065505e-153	1.94282722902284	1.05771829070541e-241	0.39792493482901015	VGF	positive	True	True	True	True	True	True	True	False	False	True	True	True	shared WT/cKO bend-point	True	True	True	False	False	shared source-constrained bend-point
NR0B2	-1.16777348922848	0.000135809195217277	-0.770901791551626	0.0134970165301361	0.39687169767685393	NR0B2	positive	True	True	True	False	False	False	False	False	False	True	False	False	DE-significant outside bend-point	False	False	False	False	False	tested source RSS, not source-constrained selected
ABCA12	0.618765521649701	0.00173511334741373	1.0129544526966	8.98008494415799e-08	0.3941889310468989	ABCA12	positive	True	True	True	True	False	False	False	False	False	True	False	False	DE-significant outside bend-point	False	False	False	False	False	tested source RSS, not source-constrained selected
GM49067	-0.040983407065282	0.867704646216233	0.352900105620303	0.0190740984646503	0.39388351268558497	GM49067	positive	True	True	False	False	False	False	False	False	False	False	False	False	tested, not significant	False	False	False	False	False	tested source RSS, not source-constrained selected
TRIM6	0.244135123801923	0.209234731157878	0.637653743640252	6.49702117183898e-05	0.3935186198383289	TRIM6	positive	True	True	False	True	False	False	False	False	False	True	False	False	DE-significant outside bend-point	False	False	False	False	False	tested source RSS, not source-constrained selected
GM6034	-0.0476978453708099	0.80035391469718	0.345093543050555	0.00290725728023203	0.3927913884213649	GM6034	positive	True	False	False	False	False	False	False	False	False	False	False	False	not in our tested universe	False	False	False	False	False	not in our tested universe
GM34312	-0.973721032255639	5.37151407679033e-22	-0.58114986165176	2.20153760505902e-08	0.392571170603879	GM34312	positive	True	True	False	False	False	False	False	False	False	True	False	False	tested, not significant	False	False	False	False	False	tested source RSS, not source-constrained selected
CDCP2	-0.896572140329472	0.0465461183078759	-0.504367882093688	0.311753801726469	0.392204258235784	CDCP2	positive	True	True	True	False	False	False	False	False	False	True	False	False	DE-significant outside bend-point	False	False	False	False	False	tested source RSS, not source-constrained selected
GM15413	0.673926437500681	0.00659065418496151	1.06587915137839	5.96722835642099e-06	0.391952713877709	GM15413	positive	True	False	False	False	False	False	False	False	False	False	False	False	not in our tested universe	False	False	False	False	False	not in our tested universe
GM9996	0.0828670923377377	0.538625460055417	0.473491171023852	3.82092402713218e-07	0.3906240786861143	GM9996	positive	True	True	False	False	False	False	False	False	False	True	False	False	tested, not significant	False	False	False	False	False	tested source RSS, not source-constrained selected
MEIOC	-0.38543942533442	0.0173899194023853	0.00393129678435179	0.9877431889196711	0.3893707221187718	MEIOC	positive	True	False	False	False	False	False	False	False	False	False	False	False	not in our tested universe	False	False	False	False	False	not in our tested universe
ST6GALNAC5	-0.45226867773172	2.94225824815106e-09	-0.0643957804853546	0.565887951241482	0.3878728972463654	ST6GALNAC5	positive	True	True	True	False	False	False	False	False	False	True	False	False	DE-significant outside bend-point	False	False	False	False	False	tested source RSS, not source-constrained selected
GM56754	2.35043285044074	4.41033494399288e-08	2.73826114771173	1.39850017338356e-08	0.3878282972709899	GM56754	positive	True	True	True	True	False	False	False	False	False	True	False	False	DE-significant outside bend-point	False	False	False	False	False	tested source RSS, not source-constrained selected
GM45163	-0.714457843271279	0.00145675240240973	-0.327935093463224	0.201236098056128	0.386522749808055	GM45163	positive	True	True	True	False	False	False	False	False	False	True	False	False	DE-significant outside bend-point	False	False	False	False	False	tested source RSS, not source-constrained selected
PROM2	-0.40520485891933	0.010941580012218	-0.0190205821905569	0.942961540785043	0.3861842767287731	PROM2	positive	True	True	False	False	False	False	False	False	False	True	False	False	tested, not significant	False	False	False	False	False	tested source RSS, not source-constrained selected
SLC26A3	0.409357084949615	0.364076463769951	0.794859306559863	0.0452185713039148	0.38550222161024805	SLC26A3	positive	True	False	False	False	False	False	False	False	False	False	False	False	not in our tested universe	False	False	False	False	False	not in our tested universe
GM56143	-0.548047498349646	0.00811635090257664	-0.163939310386579	0.544291385206631	0.38410818796306695	GM56143	positive	True	False	False	False	False	False	False	False	False	False	False	False	not in our tested universe	False	False	False	False	False	not in our tested universe
CHRNA10	-0.827343594901588	2.99896583260578e-05	-0.443561367630301	0.0444941849644941	0.383782227271287	CHRNA10	positive	True	True	True	False	False	False	False	False	False	True	False	False	DE-significant outside bend-point	False	False	False	False	False	tested source RSS, not source-constrained selected
GM57280	-0.498607719950527	0.0448870547726068	-0.115153063064356	0.739883563433793	0.383454656886171	GM57280	positive	True	True	False	False	False	False	False	False	False	True	False	False	tested, not significant	False	False	False	False	False	tested source RSS, not source-constrained selected
GM37412	-0.742775609421943	0.00153663060223643	-0.359719227481185	0.152259058535731	0.383056381940758	GM37412	positive	True	True	True	False	False	False	False	False	False	True	False	False	DE-significant outside bend-point	False	False	False	False	False	tested source RSS, not source-constrained selected
GM57141	-0.418681264060751	0.0399693563650321	-0.0357816494606625	0.912023413891826	0.38289961460008853	GM57141	positive	True	True	False	False	False	False	False	False	False	True	False	False	tested, not significant	False	False	False	False	False	tested source RSS, not source-constrained selected
GRM3	-0.498333653237328	0.000620425798511894	-0.116805673285614	0.561088376975999	0.38152797995171395	GRM3	positive	True	True	False	False	False	False	False	False	False	True	False	False	tested, not significant	False	False	False	False	False	tested source RSS, not source-constrained selected
4930471C04RIK	1.92251896506999	0.054611642597848	2.30374633580223	0.0183325887886516	0.3812273707322398	4930471C04RIK	positive	True	False	False	False	False	False	False	False	False	False	False	False	not in our tested universe	False	False	False	False	False	not in our tested universe
GM16339	-1.13762982703601	0.000633540366601873	-0.758048721177541	0.0273025316666418	0.37958110585846894	GM16339	positive	True	False	False	False	False	False	False	False	False	False	False	False	not in our tested universe	False	False	False	False	False	not in our tested universe
NXNL2	-0.434159444480942	0.00297164012527918	-0.054662981616945	0.817763761574547	0.379496462863997	NXNL2	positive	True	True	True	False	False	False	False	False	False	True	False	False	DE-significant outside bend-point	False	False	False	False	False	tested source RSS, not source-constrained selected
GM44264	-0.404867428579176	0.0206207131921349	-0.0255912221444727	0.928036219718955	0.37927620643470333	GM44264	positive	True	False	False	False	False	False	False	False	False	False	False	False	not in our tested universe	False	False	False	False	False	not in our tested universe
GM14273	1.58975858429459	1.71784801848365e-19	1.96823684160063	3.85685767862763e-26	0.3784782573060399	GM14273	positive	True	True	True	True	False	True	False	False	True	True	False	False	cKO-only bend-point	False	True	False	False	True	cKO-only source-constrained bend-point
ST6GAL2	-0.885686132073435	1.63836852003812e-20	-0.507800169004722	3.34400023777877e-07	0.377885963068713	ST6GAL2	positive	True	True	True	True	True	False	False	True	False	True	False	False	WT-only bend-point	False	False	False	False	False	tested source RSS, not source-constrained selected
SERPINB5	1.16117701261291	2.57142920391286e-19	1.53843023953209	1.66334214545089e-32	0.37725322691917995	SERPINB5	positive	True	True	True	True	False	True	False	False	True	True	True	False	cKO-only bend-point	False	True	False	False	True	cKO-only source-constrained bend-point
ARHGEF39	-0.6917461552619	0.012519814351566	-0.315246123536442	0.32442518110263	0.376500031725458	ARHGEF39	positive	True	True	False	False	False	False	False	False	False	True	False	False	tested, not significant	False	False	False	False	False	tested source RSS, not source-constrained selected
SLC17A8	-0.449944166961002	0.000203715682012199	-0.0737132876340796	0.681397315151619	0.3762308793269224	SLC17A8	positive	True	True	True	False	False	False	False	False	False	True	False	False	DE-significant outside bend-point	False	False	False	False	False	tested source RSS, not source-constrained selected
GM40518	-0.050137571060845	0.837000343680215	0.325309582801302	0.0354404529866407	0.375447153862147	GM40518	positive	True	True	False	True	False	False	False	False	False	True	False	False	DE-significant outside bend-point	False	False	False	False	False	tested source RSS, not source-constrained selected
KCNG2	-0.47502014853154	1.32362107637619e-06	-0.100103022937047	0.455646485174962	0.37491712559449303	KCNG2	positive	True	True	True	False	False	False	False	False	False	True	False	False	DE-significant outside bend-point	False	False	False	False	False	tested source RSS, not source-constrained selected
4932435O22RIK	-0.688693863457474	0.00249731812207284	-0.314087142228348	0.243220512009629	0.37460672122912597	4932435O22RIK	positive	True	True	False	False	False	False	False	False	False	True	False	False	tested, not significant	False	False	False	False	False	tested source RSS, not source-constrained selected
GM15723	-0.50075487275478	0.0215865481764597	-0.126495968684941	0.662540637691327	0.374258904069839	GM15723	positive	True	True	False	False	False	False	False	False	False	True	False	False	tested, not significant	False	False	False	False	False	tested source RSS, not source-constrained selected
GM46545	1.87987632185703	0.0439799004280613	2.25385596004549	0.0150252656129812	0.3739796381884599	GM46545	positive	True	False	False	False	False	False	False	False	False	False	False	False	not in our tested universe	False	False	False	False	False	not in our tested universe
CCKAR	-0.239589596286801	0.0404543239118049	0.133181205248044	0.315697426708655	0.372770801534845	CCKAR	positive	True	True	False	False	False	False	False	False	False	True	False	False	tested, not significant	False	False	False	False	False	tested source RSS, not source-constrained selected
HTR1A	-0.0324886513980552	0.759762764134263	0.339749803188822	8.05920048481938e-08	0.37223845458687715	HTR1A	positive	True	True	False	True	False	False	False	False	False	True	False	False	DE-significant outside bend-point	False	False	False	False	False	tested source RSS, not source-constrained selected
MAB21L1	-0.850072943822877	5.15998872607421e-12	-0.47791513921934	0.000289626328891244	0.37215780460353703	MAB21L1	positive	True	True	True	True	False	False	False	False	False	True	False	False	DE-significant outside bend-point	False	False	False	False	False	tested source RSS, not source-constrained selected
4930568A13RIK	-1.28329508387598	0.00080376200531238	-0.911674065993307	0.0331412463205875	0.371621017882673	4930568A13RIK	positive	True	False	False	False	False	False	False	False	False	False	False	False	not in our tested universe	False	False	False	False	False	not in our tested universe
SLAMF1	4.04044671236119	3.77821657991235e-44	4.41167557311982	1.62746918042301e-42	0.37122886075863004	SLAMF1	positive	True	True	True	True	True	True	True	False	False	True	True	False	shared WT/cKO bend-point	True	True	True	False	False	shared source-constrained bend-point
C030013E06RIK	0.950298219027244	0.100942243985407	1.32148661965643	0.0200205051305576	0.3711884006291861	C030013E06RIK	positive	True	False	False	False	False	False	False	False	False	False	False	False	not in our tested universe	False	False	False	False	False	not in our tested universe
LRRC26	-0.691316379126898	0.000434594618729217	-0.320582330197354	0.18536716112495	0.37073404892954404	LRRC26	positive	True	False	False	False	False	False	False	False	False	False	False	False	not in our tested universe	False	False	False	False	False	not in our tested universe
RAD21L	0.287780202589089	0.463374665706345	0.657758611030852	0.0295211278555088	0.369978408441763	RAD21L	positive	True	True	False	False	False	False	False	False	False	True	False	False	tested, not significant	False	False	False	False	False	tested source RSS, not source-constrained selected
GM14257	0.533115617709774	0.0887719035245318	0.902820002591249	0.00136719553421262	0.36970438488147495	GM14257	positive	True	False	False	False	False	False	False	False	False	False	False	False	not in our tested universe	False	False	False	False	False	not in our tested universe
4930544M13RIK	0.866187251115954	0.000320009169790394	1.23576372347048	8.603510721011e-08	0.36957647235452595	4930544M13RIK	positive	True	True	False	True	False	False	False	False	False	True	False	False	DE-significant outside bend-point	False	False	False	False	False	tested source RSS, not source-constrained selected
GRIP1OS2	1.21578793867161	0.0313495095550708	1.58520298020403	0.00442716387959896	0.36941504153242	GRIP1OS2	positive	True	False	False	False	False	False	False	False	False	False	False	False	not in our tested universe	False	False	False	False	False	not in our tested universe
2010008C14RIK	-0.461087691046097	5.78159686870089e-05	-0.0918875319115075	0.574840550564151	0.3692001591345895	2010008C14RIK	positive	True	True	True	False	False	False	False	False	False	True	False	False	DE-significant outside bend-point	False	False	False	False	False	tested source RSS, not source-constrained selected
MELK	-0.802550569642472	0.009846005906789	-0.434132205325543	0.202812333204879	0.368418364316929	MELK	positive	True	True	True	False	False	False	False	False	False	True	False	False	DE-significant outside bend-point	False	False	False	False	False	tested source RSS, not source-constrained selected
GM45079	-0.690602006714761	0.0221145547535359	-0.322640702251484	0.336990129141794	0.367961304463277	GM45079	positive	True	False	False	False	False	False	False	False	False	False	False	False	not in our tested universe	False	False	False	False	False	not in our tested universe
SLCO1A6	0.167170231379069	0.621361467008939	0.534884379475028	0.0389689165399453	0.367714148095959	SLCO1A6	positive	True	False	False	False	False	False	False	False	False	False	False	False	not in our tested universe	False	False	False	False	False	not in our tested universe
PTGDR2	0.185198190752361	0.62738869603796	0.551887424742025	0.046641124723183	0.366689233989664	PTGDR2	positive	True	False	False	False	False	False	False	False	False	False	False	False	not in our tested universe	False	False	False	False	False	not in our tested universe
PLAUR	2.63952680958932	9.98499297421215e-151	3.00559693519283	1.05631391414925e-191	0.36607012560350993	PLAUR	positive	True	True	True	True	True	True	True	False	False	True	True	False	shared WT/cKO bend-point	True	True	True	False	False	shared source-constrained bend-point
GM49312	-0.700851728467952	0.0374131956242553	-0.334819034062246	0.366534620369571	0.36603269440570596	GM49312	positive	True	True	False	False	False	False	False	False	False	False	False	False	tested, not significant	False	False	False	False	False	tested source RSS, not source-constrained selected
NMUR1	-0.736770169019255	1.96465227556669e-08	-0.37150678102327	0.00972604404596159	0.36526338799598496	NMUR1	positive	True	True	True	True	False	False	False	False	False	True	False	False	DE-significant outside bend-point	False	False	False	False	False	tested source RSS, not source-constrained selected
GM46409	-0.641247619680696	0.00442668304824647	-0.278472999921851	0.31087970003399	0.362774619758845	GM46409	positive	True	True	True	False	False	False	False	False	False	True	False	False	DE-significant outside bend-point	False	False	False	False	False	tested source RSS, not source-constrained selected
GM49870	-0.4114533442178	0.0197021790464667	-0.0486961739488862	0.859428215777298	0.3627571702689138	GM49870	positive	True	True	True	False	False	False	False	False	False	True	False	False	DE-significant outside bend-point	False	False	False	False	False	tested source RSS, not source-constrained selected
GM44898	0.0782955453075494	0.651792231548512	0.43942177125619	0.000137295599327087	0.3611262259486406	GM44898	positive	True	True	False	True	False	False	False	False	False	True	False	False	DE-significant outside bend-point	False	False	False	False	False	tested source RSS, not source-constrained selected
GM57366	1.41521070341477	1.94664705949848e-10	1.77609873287508	2.28480456553214e-15	0.36088802946030984	GM57366	positive	True	True	False	False	False	False	False	False	False	True	False	False	tested, not significant	False	False	False	False	False	tested source RSS, not source-constrained selected
TERB1	-0.350300347972517	0.0497261422891752	0.0092124768414153	0.973893486167329	0.3595128248139323	TERB1	positive	True	True	False	False	False	False	False	False	False	True	False	False	tested, not significant	False	False	False	False	False	tested source RSS, not source-constrained selected
RHO	-0.654752658332724	7.87672650615954e-08	-0.296186999721475	0.029382285539277	0.358565658611249	RHO	positive	True	True	True	True	False	False	False	False	False	True	False	False	DE-significant outside bend-point	False	False	False	False	False	tested source RSS, not source-constrained selected
GM29529	-0.471716111470447	0.000758191148772901	-0.114848889279053	0.550135765689287	0.356867222191394	GM29529	positive	True	False	False	False	False	False	False	False	False	False	False	False	not in our tested universe	False	False	False	False	False	not in our tested universe
TMEM132C	-0.620066275604704	4.91791807412177e-08	-0.263814536570896	0.0419793803109038	0.35625173903380797	TMEM132C	positive	True	True	True	True	False	False	False	False	False	True	False	False	DE-significant outside bend-point	False	False	False	False	False	tested source RSS, not source-constrained selected
GJA8	0.0612138257915546	0.845537909772076	0.41683317595042	0.0298082859068758	0.3556193501588654	GJA8	positive	True	False	False	False	False	False	False	False	False	False	False	False	not in our tested universe	False	False	False	False	False	not in our tested universe
2310039L15RIK	0.224207733502998	0.00158852048201195	0.579375402714634	8.32941743831813e-19	0.35516766921163595	2310039L15RIK	positive	True	False	False	False	False	False	False	False	False	False	False	False	not in our tested universe	False	False	False	False	False	not in our tested universe
GM49224	-0.672220171912575	0.00350635791738838	-0.317226257843738	0.236602469285842	0.354993914068837	GM49224	positive	True	False	False	False	False	False	False	False	False	False	False	False	not in our tested universe	False	False	False	False	False	not in our tested universe
GM26795	0.287320841219926	0.0221014222433107	0.64197782238518	1.52889467779697e-08	0.35465698116525396	GM26795	positive	True	False	False	False	False	False	False	False	False	False	False	False	not in our tested universe	False	False	False	False	False	not in our tested universe
TMEM121B	0.8126793834474	0.00717752556707591	1.16694636468495	4.79656422903945e-05	0.35426698123755007	TMEM121B	positive	True	True	True	True	False	False	False	False	False	True	False	False	DE-significant outside bend-point	False	False	False	False	False	tested source RSS, not source-constrained selected
SECTM1B	1.87410908784227	5.79668467940615e-39	2.22738000452285	2.18805266127352e-52	0.35327091668057986	SECTM1B	positive	True	True	True	True	True	True	True	False	False	True	True	False	shared WT/cKO bend-point	True	True	True	False	False	shared source-constrained bend-point
AI504432	-0.41110466435615	0.00141003617679094	-0.0590409934307754	0.766867641724374	0.3520636709253746	AI504432	positive	True	True	True	False	False	False	False	False	False	True	False	False	DE-significant outside bend-point	False	False	False	False	False	tested source RSS, not source-constrained selected
TDRD6	0.0289127476318279	0.920035705330893	0.380636115127125	0.0271308946833543	0.3517233674952971	TDRD6	positive	True	True	False	True	False	False	False	False	False	True	False	False	DE-significant outside bend-point	False	False	False	False	False	tested source RSS, not source-constrained selected
9130209A04RIK	3.45831835327246	2.79693507562264e-05	3.80954959822899	5.32993855771415e-05	0.35123124495653	9130209A04RIK	positive	True	False	False	False	False	False	False	False	False	False	False	False	not in our tested universe	False	False	False	False	False	not in our tested universe
GM7255	-0.558054739343721	0.00468926352069638	-0.207904157421979	0.40182689122291	0.350150581921742	GM7255	positive	True	True	True	False	False	False	False	False	False	True	False	False	DE-significant outside bend-point	False	False	False	False	False	tested source RSS, not source-constrained selected
CRHBP	-0.501194672872302	0.0151158674919736	-0.151439663477074	0.589254906288417	0.349755009395228	CRHBP	positive	True	True	False	False	False	False	False	False	False	True	False	False	tested, not significant	False	False	False	False	False	tested source RSS, not source-constrained selected
OPN1MW	0.0808344714821937	0.813679546661563	0.430305569417855	0.0482237338769115	0.34947109793566133	OPN1MW	positive	True	True	False	False	False	False	False	False	False	False	False	False	tested, not significant	False	False	False	False	False	tested source RSS, not source-constrained selected
NAGS	4.88030816281124	1.52252321430037e-09	5.22900408055195	1.48794626675916e-07	0.3486959177407094	NAGS	positive	True	True	True	True	False	False	False	False	False	False	False	False	DE-significant outside bend-point	False	False	False	False	False	tested source RSS, not source-constrained selected
NPPB	0.296422141391315	0.0197415746084067	0.644620843594162	1.38177333897642e-08	0.34819870220284704	NPPB	positive	True	True	True	True	False	False	False	False	False	True	False	False	DE-significant outside bend-point	False	False	False	False	False	tested source RSS, not source-constrained selected
GM4849	0.521103230401218	0.00789391418410546	0.8692047639998	4.30671090053292e-06	0.348101533598582	GM4849	positive	True	False	False	False	False	False	False	False	False	False	False	False	not in our tested universe	False	False	False	False	False	not in our tested universe
AVPR1A	1.40070703300995	4.68394448484969e-11	1.74878213534469	1.02119863256075e-15	0.3480751023347399	AVPR1A	positive	True	True	True	True	False	False	False	False	False	True	False	False	DE-significant outside bend-point	False	True	False	False	True	cKO-only source-constrained bend-point
SLC4A11	-0.256664607127161	3.13805016170077e-05	0.0909256984273089	0.22661196956385	0.3475903055544699	SLC4A11	positive	True	True	True	False	False	False	False	False	False	True	False	False	DE-significant outside bend-point	False	False	False	False	False	tested source RSS, not source-constrained selected
GPR150	-0.350243007738591	0.00657606852922404	-0.00310802741389129	0.988724126020087	0.34713498032469975	GPR150	positive	True	True	False	False	False	False	False	False	False	True	False	False	tested, not significant	False	False	False	False	False	tested source RSS, not source-constrained selected
GM29480	-0.796861739743061	3.12586188061639e-05	-0.450381541983974	0.0279632715633828	0.34648019775908695	GM29480	positive	True	True	True	True	False	False	False	False	False	True	False	False	DE-significant outside bend-point	False	False	False	False	False	tested source RSS, not source-constrained selected
GM26535	2.50079445278774	0.00113137476960324	2.84631317214849	0.000161420258826163	0.34551871936074985	GM26535	positive	True	False	False	False	False	False	False	False	False	False	False	False	not in our tested universe	False	False	False	False	False	not in our tested universe
1810007D17RIK	0.19564339629553	0.398001731397826	0.541127940817686	0.00277974851717959	0.34548454452215605	1810007D17RIK	positive	True	True	False	False	False	False	False	False	False	True	False	False	tested, not significant	False	False	False	False	False	tested source RSS, not source-constrained selected
OR7E168	0.9343707662796	0.00567502534919988	1.27982168034448	7.79488519197858e-05	0.34545091406487993	OR7E168	positive	True	True	True	True	False	False	False	False	False	True	False	False	DE-significant outside bend-point	False	False	False	False	False	tested source RSS, not source-constrained selected
ITIH3	1.2093209989039	1.38325323467499e-07	1.55329500711712	8.65663672723586e-12	0.3439740082132201	ITIH3	positive	True	True	True	True	False	False	False	False	False	True	False	False	DE-significant outside bend-point	False	False	False	False	False	tested source RSS, not source-constrained selected
TXK	0.869991650099862	0.00314361911487962	1.21378531797911	1.20875747196786e-05	0.34379366787924803	TXK	positive	True	True	True	True	False	False	False	False	False	True	False	False	DE-significant outside bend-point	False	False	False	False	False	tested source RSS, not source-constrained selected
GM29506	0.149491265580774	0.538630468444784	0.492778358651571	0.00550658194251635	0.34328709307079697	GM29506	positive	True	True	False	False	False	False	False	False	False	True	False	False	tested, not significant	False	False	False	False	False	tested source RSS, not source-constrained selected
GM43031	0.145690847047919	0.639702682213739	0.488443341727719	0.0260145207242011	0.34275249467980007	GM43031	positive	True	True	False	False	False	False	False	False	False	True	False	False	tested, not significant	False	False	False	False	False	tested source RSS, not source-constrained selected
SDS	-0.0276881348872221	0.896212770601259	0.314626374055704	0.0115778748560433	0.3423145089429261	SDS	positive	True	True	False	False	False	False	False	False	False	True	False	False	tested, not significant	False	False	False	False	False	tested source RSS, not source-constrained selected
ADAMTS13	0.364217336769261	0.158341245426319	0.706224000535059	0.00210894641808076	0.34200666376579797	ADAMTS13	positive	True	True	False	False	False	False	False	False	False	True	False	False	tested, not significant	False	False	False	False	False	tested source RSS, not source-constrained selected
ADRA2B	-0.84559660366184	0.015629562328669	-0.503750910259241	0.177991793133025	0.34184569340259896	ADRA2B	positive	True	True	True	False	False	False	False	False	False	True	False	False	DE-significant outside bend-point	False	False	False	False	False	tested source RSS, not source-constrained selected
F730016J06RIK	-0.895776649358718	1.1419990825288e-19	-0.554470420188652	2.51234570848889e-08	0.34130622917006603	F730016J06RIK	positive	True	True	True	True	False	False	False	False	False	True	False	False	DE-significant outside bend-point	False	False	False	False	False	tested source RSS, not source-constrained selected
RGS14	-0.66664364740429	5.34327624323503e-18	-0.325759319841456	6.38268696441653e-05	0.34088432756283404	RGS14	positive	True	True	True	True	False	False	False	False	False	True	False	False	DE-significant outside bend-point	False	False	False	False	False	tested source RSS, not source-constrained selected
LRRC36	-0.627373345905724	1.47599131518511e-06	-0.286862430574986	0.052915070261859	0.340510915330738	LRRC36	positive	True	True	False	True	False	False	False	False	False	False	False	False	DE-significant outside bend-point	False	False	False	False	False	tested source RSS, not source-constrained selected
KCND3OS	-0.374011638981281	0.0054301166121258	-0.0343293616155501	0.875714289251598	0.33968227736573087	KCND3OS	positive	True	True	False	False	False	False	False	False	False	False	False	False	tested, not significant	False	False	False	False	False	tested source RSS, not source-constrained selected
TMEM131L	-0.338667382380771	0.000574547494504072	0.000924839416519039	0.996083087774708	0.33959222179729004	TMEM131L	positive	True	True	True	False	False	False	False	False	False	True	False	False	DE-significant outside bend-point	False	False	False	False	False	tested source RSS, not source-constrained selected
D630039A03RIK	0.984421961780208	5.11480197046626e-06	1.32379845264781	4.18319596208072e-10	0.3393764908676019	D630039A03RIK	positive	True	False	False	False	False	False	False	False	False	False	False	False	not in our tested universe	False	False	False	False	False	not in our tested universe
GM42450	1.86624872356362	1.84991396845306e-27	2.20506019667896	8.22754370446546e-36	0.33881147311533977	GM42450	positive	True	False	False	False	False	False	False	False	False	False	False	False	not in our tested universe	False	False	False	False	False	not in our tested universe
SLC24A4	-0.649786197578863	0.00137050956728934	-0.312623387838024	0.184946068656255	0.337162809740839	SLC24A4	positive	True	True	True	False	False	False	False	False	False	True	False	False	DE-significant outside bend-point	False	False	False	False	False	tested source RSS, not source-constrained selected
GM13293	1.15061801014224	0.00108884172858808	1.48723446811868	1.32863607527512e-05	0.3366164579764399	GM13293	positive	True	True	True	True	False	False	False	False	False	True	False	False	DE-significant outside bend-point	False	False	False	False	False	tested source RSS, not source-constrained selected
GM54513	1.00902741552182	0.00112235023984941	1.34540859776131	8.93541399255627e-06	0.33638118223949	GM54513	positive	True	False	False	False	False	False	False	False	False	False	False	False	not in our tested universe	False	False	False	False	False	not in our tested universe
TAF7L2	1.62051658745419	0.0535355000073864	1.95654498924646	0.0103518550591822	0.3360284017922699	TAF7L2	positive	True	False	False	False	False	False	False	False	False	False	False	False	not in our tested universe	False	False	False	False	False	not in our tested universe
NECTIN1	-0.0186526629348383	0.907476433624466	0.317284074103324	0.000322594010384487	0.3359367370381623	NECTIN1	positive	True	True	False	True	False	False	False	False	False	True	False	False	DE-significant outside bend-point	False	False	False	False	False	tested source RSS, not source-constrained selected
PCDHB21	0.0174770633309219	0.942811958500665	0.353350212905009	0.0137187471057846	0.3358731495740871	PCDHB21	positive	True	True	False	True	False	False	False	False	False	True	False	False	DE-significant outside bend-point	False	False	False	False	False	tested source RSS, not source-constrained selected
SMR2L	-0.567378420977564	0.0487614805812755	-0.23172719561386	0.532889737665157	0.33565122536370395	SMR2L	positive	True	True	False	False	False	False	False	False	False	True	False	False	tested, not significant	False	False	False	False	False	tested source RSS, not source-constrained selected
P2RX2	-0.440908734881402	3.3439153917889e-08	-0.105784368792514	0.306614076792845	0.33512436608888796	P2RX2	positive	True	True	True	False	False	False	False	False	False	True	False	False	DE-significant outside bend-point	False	False	False	False	False	tested source RSS, not source-constrained selected
GCNT7	-0.504990961714771	0.00843675486177849	-0.169880519137764	0.5024775999264	0.33511044257700695	GCNT7	positive	True	True	True	False	False	False	False	False	False	True	False	False	DE-significant outside bend-point	False	False	False	False	False	tested source RSS, not source-constrained selected
ABCA5	-0.237351813816332	0.0262280077980279	0.0972517720945584	0.456187244690815	0.3346035859108904	ABCA5	positive	True	True	True	False	False	False	False	False	False	True	False	False	DE-significant outside bend-point	False	False	False	False	False	tested source RSS, not source-constrained selected
SLIT1	0.239780056444403	0.0569823654979413	0.574156041778438	1.21230618163924e-07	0.334375985334035	SLIT1	positive	True	True	False	True	False	False	False	False	False	True	False	False	DE-significant outside bend-point	False	False	False	False	False	tested source RSS, not source-constrained selected
GM29594	-0.843151767509531	0.000644150314499687	-0.50918113062845	0.0463220363871428	0.333970636881081	GM29594	positive	True	True	True	True	False	False	False	False	False	True	False	False	DE-significant outside bend-point	False	False	False	False	False	tested source RSS, not source-constrained selected
4930556N13RIK	0.367918459416871	0.220460034028737	0.701711695184524	0.00890682935987803	0.333793235767653	4930556N13RIK	positive	True	False	False	False	False	False	False	False	False	False	False	False	not in our tested universe	False	False	False	False	False	not in our tested universe
GM15755	-0.445946792855709	0.000315708041210372	-0.11223634788777	0.501746319252066	0.333710444967939	GM15755	positive	True	False	False	False	False	False	False	False	False	False	False	False	not in our tested universe	False	False	False	False	False	not in our tested universe
NTS	0.695030720528743	1.78670617848974e-05	1.02776390381277	4.51496221637164e-11	0.3327331832840269	NTS	positive	True	True	True	True	False	False	False	False	False	True	False	False	DE-significant outside bend-point	False	False	False	False	False	tested source RSS, not source-constrained selected
GM35439	3.90601118641352	2.77078670739196e-49	4.23868895883825	9.61280598505165e-46	0.3326777724247303	GM35439	positive	True	False	False	False	False	False	False	False	False	False	False	False	not in our tested universe	False	False	False	False	False	not in our tested universe
GM32113	-0.605381587756411	0.00532383048465698	-0.272861153455844	0.262543566424884	0.33252043430056705	GM32113	positive	True	True	True	True	False	False	False	False	False	True	False	False	DE-significant outside bend-point	False	False	False	False	False	tested source RSS, not source-constrained selected
GM26760	-0.440164500311654	0.00058231637520988	-0.107662505469841	0.531400593713844	0.332501994841813	GM26760	positive	True	True	True	False	False	False	False	False	False	True	False	False	DE-significant outside bend-point	False	False	False	False	False	tested source RSS, not source-constrained selected
ZDHHC23	-0.695306184396969	3.50463033631972e-09	-0.362824608013544	0.00452991111870182	0.332481576383425	ZDHHC23	positive	True	True	True	True	False	False	False	False	False	True	False	False	DE-significant outside bend-point	False	False	False	False	False	tested source RSS, not source-constrained selected
P2RY1	-0.659107973178449	8.46106756128364e-09	-0.327653969231755	0.00917113772931869	0.33145400394669405	P2RY1	positive	True	True	True	True	False	False	False	False	False	True	False	False	DE-significant outside bend-point	False	False	False	False	False	tested source RSS, not source-constrained selected
FCRL1	1.12086579470106	0.0510628793505402	1.45194058076657	0.00557884233495879	0.3310747860655099	FCRL1	positive	True	True	False	True	False	False	False	False	False	True	False	False	DE-significant outside bend-point	False	False	False	False	False	tested source RSS, not source-constrained selected
GM7451	-0.57819869663685	0.0091200149709662	-0.247180449207693	0.351215146960323	0.331018247429157	GM7451	positive	True	False	False	False	False	False	False	False	False	False	False	False	not in our tested universe	False	False	False	False	False	not in our tested universe
CYSLTR2	-0.0632470365650393	0.659444782902757	0.267468047177509	0.00639591557069558	0.3307150837425483	CYSLTR2	positive	True	True	False	True	False	False	False	False	False	True	False	False	DE-significant outside bend-point	False	False	False	False	False	tested source RSS, not source-constrained selected
TSSK6	-0.489151478540978	0.0370210211416098	-0.158633101228362	0.593913841885793	0.330518377312616	TSSK6	positive	True	True	False	False	False	False	False	False	False	False	False	False	tested, not significant	False	False	False	False	False	tested source RSS, not source-constrained selected
GM43437	0.122353634080567	0.57892121442241	0.452775424516501	0.00531392175708846	0.330421790435934	GM43437	positive	True	True	False	True	False	False	False	False	False	True	False	False	DE-significant outside bend-point	False	False	False	False	False	tested source RSS, not source-constrained selected
TMEM200A	-0.448587618244706	9.17233010425883e-09	-0.118804473185582	0.226698241752405	0.329783145059124	TMEM200A	positive	True	True	True	False	False	False	False	False	False	True	False	False	DE-significant outside bend-point	False	False	False	False	False	tested source RSS, not source-constrained selected
E230014E18RIK	0.0689564399584617	0.786530530221866	0.398555626032886	0.0135539551738603	0.32959918607442434	E230014E18RIK	positive	True	False	False	False	False	False	False	False	False	False	False	False	not in our tested universe	False	False	False	False	False	not in our tested universe
GM6961	0.146799542581711	0.412841682160102	0.475895478314266	0.000438711425062713	0.329095935732555	GM6961	positive	True	True	False	False	False	False	False	False	False	True	False	False	tested, not significant	False	False	False	False	False	tested source RSS, not source-constrained selected
GM43584	-0.29031033438131	0.00339783579669027	0.0384333330549944	0.805089209968462	0.3287436674363044	GM43584	positive	True	False	False	False	False	False	False	False	False	False	False	False	not in our tested universe	False	False	False	False	False	not in our tested universe
SH2D4B	-0.310070495851129	0.0291643666100696	0.018588509968637	0.934098169316472	0.328659005819766	SH2D4B	positive	True	True	False	False	False	False	False	False	False	True	False	False	tested, not significant	False	False	False	False	False	tested source RSS, not source-constrained selected
BCL2L14	-0.627069957866984	9.31130497191573e-09	-0.298421348051405	0.0140135847545177	0.32864860981557903	BCL2L14	positive	True	True	True	True	False	False	False	False	False	True	False	False	DE-significant outside bend-point	False	False	False	False	False	tested source RSS, not source-constrained selected
MRGPRB5	-0.703704792441064	1.63061310060776e-07	-0.375867942950148	0.0101488042374739	0.32783684949091596	MRGPRB5	positive	True	True	True	True	False	False	False	False	False	True	False	False	DE-significant outside bend-point	False	False	False	False	False	tested source RSS, not source-constrained selected
RTL4	-0.853521717524255	5.20544189519825e-05	-0.52587446244585	0.0210030229164304	0.327647255078405	RTL4	positive	True	True	True	True	False	False	False	False	False	True	False	False	DE-significant outside bend-point	False	False	False	False	False	tested source RSS, not source-constrained selected
GM48877	1.2153955477726	4.03426660816784e-11	1.54249314347637	1.63752029956415e-16	0.32709759570377006	GM48877	positive	True	False	False	False	False	False	False	False	False	False	False	False	not in our tested universe	False	False	False	False	False	not in our tested universe
LIN28B	0.0376781245485016	0.863223721906751	0.36431833591838	0.00506413219802435	0.32664021136987836	LIN28B	positive	True	True	False	True	False	False	False	False	False	True	False	False	DE-significant outside bend-point	False	False	False	False	False	tested source RSS, not source-constrained selected
SHISAL2A	3.60916631300215	6.85255909202788e-21	3.93502721373355	1.33505934628022e-19	0.3258609007313997	SHISAL2A	positive	True	True	True	True	True	True	True	False	False	True	False	False	shared WT/cKO bend-point	True	True	True	False	False	shared source-constrained bend-point
GM13571	-0.295223961173808	0.0379163919808047	0.0300370201976184	0.892617562306076	0.3252609813714264	GM13571	positive	True	True	False	True	False	False	False	False	False	True	False	False	DE-significant outside bend-point	False	False	False	False	False	tested source RSS, not source-constrained selected
CYP4F39	-0.254553842550655	0.00964996653289435	0.0707044032239586	0.592673280037562	0.3252582457746136	CYP4F39	positive	True	True	True	False	False	False	False	False	False	True	False	False	DE-significant outside bend-point	False	False	False	False	False	tested source RSS, not source-constrained selected
MBOAT4	0.548829827912194	0.00304942412857997	0.873958415074356	5.54566228349032e-07	0.325128587162162	MBOAT4	positive	True	True	True	True	False	False	False	False	False	True	False	False	DE-significant outside bend-point	False	False	False	False	False	tested source RSS, not source-constrained selected
GM32085	-0.68919897172312	0.00281824862396803	-0.364711180645885	0.16818963596185	0.32448779107723497	GM32085	positive	True	True	True	False	False	False	False	False	False	True	False	False	DE-significant outside bend-point	False	False	False	False	False	tested source RSS, not source-constrained selected
C230012O17RIK	1.06468458847351	4.66561896316967e-07	1.38902911405156	1.8443611161385e-11	0.32434452557804994	C230012O17RIK	positive	True	True	True	True	False	False	False	False	False	True	False	False	DE-significant outside bend-point	False	False	False	False	False	tested source RSS, not source-constrained selected
GM29946	0.187220725287515	0.509701401251638	0.511355070491622	0.017563425862646	0.324134345204107	GM29946	positive	True	True	False	False	False	False	False	False	False	True	False	False	tested, not significant	False	False	False	False	False	tested source RSS, not source-constrained selected
AGTR1A	-0.795206754942834	4.4716788730116e-14	-0.471453512751159	1.98339119242565e-05	0.323753242191675	AGTR1A	positive	True	True	True	True	False	False	False	False	False	True	False	False	DE-significant outside bend-point	False	False	False	False	False	tested source RSS, not source-constrained selected
GM20597	0.226758759565748	0.240162412999924	0.55034078474932	0.000679576044904518	0.32358202518357204	GM20597	positive	True	True	False	True	False	False	False	False	False	True	False	False	DE-significant outside bend-point	False	False	False	False	False	tested source RSS, not source-constrained selected
GM29232	-0.511159420259818	1.56889686500489e-06	-0.189075504405643	0.136149279591371	0.32208391585417495	GM29232	positive	True	False	False	False	False	False	False	False	False	False	False	False	not in our tested universe	False	False	False	False	False	not in our tested universe
SH2D1A	-0.498246694022209	0.0274611389102623	-0.176540818565562	0.535649731943998	0.321705875456647	SH2D1A	positive	True	False	False	False	False	False	False	False	False	False	False	False	not in our tested universe	False	False	False	False	False	not in our tested universe
KCND3	-0.331802428113836	0.00314557049548055	-0.0102739393924739	0.957226464216453	0.3215284887213621	KCND3	positive	True	True	True	False	False	False	False	False	False	True	False	False	DE-significant outside bend-point	False	False	False	False	False	tested source RSS, not source-constrained selected
GM9910	0.224517715953054	0.089625984850571	0.545984086742324	1.0612734226788e-06	0.32146637078927	GM9910	positive	True	True	False	False	False	False	False	False	False	False	False	False	tested, not significant	False	False	False	False	False	tested source RSS, not source-constrained selected
GM14412	-0.556716610730981	0.00030808357073021	-0.235399226746044	0.194271709705868	0.32131738398493703	GM14412	positive	True	True	True	False	False	False	False	False	False	True	False	False	DE-significant outside bend-point	False	False	False	False	False	tested source RSS, not source-constrained selected
ANO2	1.26694703652758	2.47008678804544e-10	1.58812265588379	2.44536447624918e-15	0.3211756193562101	ANO2	positive	True	True	True	True	False	True	False	False	True	True	True	False	cKO-only bend-point	False	True	False	False	True	cKO-only source-constrained bend-point
GM49145	-0.738509370111857	4.82023529667084e-25	-0.417363704517194	1.84664874480461e-08	0.321145665594663	GM49145	positive	True	False	False	False	False	False	False	False	False	False	False	False	not in our tested universe	False	False	False	False	False	not in our tested universe
4930455G09RIK	0.327847336060225	0.173659085839951	0.648554752422521	0.00226812868798518	0.32070741636229605	4930455G09RIK	positive	True	True	False	True	False	False	False	False	False	True	False	False	DE-significant outside bend-point	False	False	False	False	False	tested source RSS, not source-constrained selected
MMP25	-0.0129272786693768	0.906046342916522	0.307452834866627	9.23372708139401e-08	0.3203801135360038	MMP25	positive	True	True	False	True	False	False	False	False	False	True	False	False	DE-significant outside bend-point	False	False	False	False	False	tested source RSS, not source-constrained selected
ZC3H3	0.404478845830453	1.70582264802048e-05	0.724483586513132	9.53189782280872e-16	0.32000474068267903	ZC3H3	positive	True	True	True	True	False	False	False	False	False	True	False	False	DE-significant outside bend-point	False	False	False	False	False	tested source RSS, not source-constrained selected
GM30015	-0.0151265880384275	0.948105803632345	0.304687741550009	0.0264397130064341	0.3198143295884365	GM30015	positive	True	True	False	False	False	False	False	False	False	False	False	False	tested, not significant	False	False	False	False	False	tested source RSS, not source-constrained selected
SKOR2	-0.630157989332197	2.41217211878591e-06	-0.310625898837403	0.037834020496343	0.31953209049479403	SKOR2	positive	True	True	True	False	False	False	False	False	False	True	False	False	DE-significant outside bend-point	False	False	False	False	False	tested source RSS, not source-constrained selected
GM54621	0.184498588118074	0.529623084710788	0.503973694441763	0.0259385421804809	0.31947510632368903	GM54621	positive	True	True	False	False	False	False	False	False	False	False	False	False	tested, not significant	False	False	False	False	False	tested source RSS, not source-constrained selected
OSMR	0.108305545491898	0.297751324229265	0.427644382041065	5.4289351167726e-08	0.31933883654916695	OSMR	positive	True	True	False	True	False	False	False	False	False	True	False	False	DE-significant outside bend-point	False	False	False	False	False	tested source RSS, not source-constrained selected
2210017I01RIK	3.14602799945508	5.92682693335466e-49	3.46441057538157	2.74091302605254e-48	0.3183825759264898	2210017I01RIK	positive	True	True	True	True	True	True	True	False	False	True	True	False	shared WT/cKO bend-point	True	True	True	False	False	shared source-constrained bend-point
GM43032	-0.41943860370278	0.000737110922366986	-0.101865681863735	0.552492240449872	0.317572921839045	GM43032	positive	True	True	True	False	False	False	False	False	False	True	False	False	DE-significant outside bend-point	False	False	False	False	False	tested source RSS, not source-constrained selected
UBA1Y	-0.677194600697548	0.00817454719702975	-0.359799169247836	0.209951576595692	0.317395431449712	UBA1Y	positive	True	True	False	False	False	False	False	False	False	True	False	False	tested, not significant	False	False	False	False	False	tested source RSS, not source-constrained selected
SRMS	-0.681016293688254	0.00400365742839709	-0.364353930595828	0.170161957767269	0.316662363092426	SRMS	positive	True	True	True	False	False	False	False	False	False	True	False	False	DE-significant outside bend-point	False	False	False	False	False	tested source RSS, not source-constrained selected
GPR35	-0.485021833962768	4.70884254594958e-10	-0.168518290163452	0.0647030657105701	0.316503543799316	GPR35	positive	True	True	True	True	False	False	False	False	False	True	False	False	DE-significant outside bend-point	False	False	False	False	False	tested source RSS, not source-constrained selected
KCNH4	2.03834640013756	2.88809917802338e-08	2.35476893882619	3.34516899579354e-09	0.3164225386886299	KCNH4	positive	True	True	True	True	False	False	False	False	False	True	False	False	DE-significant outside bend-point	False	False	False	False	False	tested source RSS, not source-constrained selected
GM33973	-0.860020617879433	9.30204949501371e-05	-0.543616839998012	0.021951203653835	0.31640377788142093	GM33973	positive	True	True	True	False	False	False	False	False	False	True	False	False	DE-significant outside bend-point	False	False	False	False	False	tested source RSS, not source-constrained selected
GM15337	-0.202971620910645	0.0482181576232214	0.113228878831899	0.330677096923887	0.316200499742544	GM15337	positive	True	True	False	False	False	False	False	False	False	True	False	False	tested, not significant	False	False	False	False	False	tested source RSS, not source-constrained selected
GM47123	0.3664607675762	2.56614131012245e-05	0.682011057990076	2.07584098507015e-16	0.315550290413876	GM47123	positive	True	False	False	False	False	False	False	False	False	False	False	False	not in our tested universe	False	False	False	False	False	not in our tested universe
GM12596	0.263467799337232	0.457403786503812	0.578472570255709	0.0463063642299103	0.31500477091847695	GM12596	positive	True	True	False	True	False	False	False	False	False	True	False	False	DE-significant outside bend-point	False	False	False	False	False	tested source RSS, not source-constrained selected
GM12919	0.405580515819225	0.0987831172157031	0.71918865268633	0.00135922632304016	0.31360813686710504	GM12919	positive	True	False	False	False	False	False	False	False	False	False	False	False	not in our tested universe	False	False	False	False	False	not in our tested universe
GM4952	1.19308231096471	1.76298823360921e-09	1.50643791626025	9.70556356306714e-15	0.31335560529553996	GM4952	positive	True	True	True	True	False	False	False	False	False	True	False	False	DE-significant outside bend-point	False	False	False	False	False	tested source RSS, not source-constrained selected
GM37087	3.5629437563932	0.000514195526657816	3.87487835698374	0.0014652117000999	0.31193460059054035	GM37087	positive	True	False	False	False	False	False	False	False	False	False	False	False	not in our tested universe	False	False	False	False	False	not in our tested universe
GM38039	0.0390960300904003	0.848925678809311	0.350949926477627	0.00457087974935636	0.3118538963872267	GM38039	positive	True	False	False	False	False	False	False	False	False	False	False	False	not in our tested universe	False	False	False	False	False	not in our tested universe
SCN5A	-0.632386799730599	3.88646930175307e-06	-0.320909137220672	0.0353110043628906	0.311477662509927	SCN5A	positive	True	True	True	True	False	False	False	False	False	True	False	False	DE-significant outside bend-point	False	False	False	False	False	tested source RSS, not source-constrained selected
TRPC6	-0.678492152112364	1.51314412930165e-12	-0.367367128355182	0.000314355489340243	0.31112502375718204	TRPC6	positive	True	True	True	True	False	False	False	False	False	True	False	False	DE-significant outside bend-point	False	False	False	False	False	tested source RSS, not source-constrained selected
4930538E20RIK	-0.458022047915181	0.000601551602961213	-0.147015488304951	0.38558866215223	0.31100655961022994	4930538E20RIK	positive	True	False	False	False	False	False	False	False	False	False	False	False	not in our tested universe	False	False	False	False	False	not in our tested universe
FAM83D	-0.691157777806102	4.82803271848005e-14	-0.380408744091856	7.16202621551158e-05	0.310749033714246	FAM83D	positive	True	True	True	True	False	False	False	False	False	True	False	False	DE-significant outside bend-point	False	False	False	False	False	tested source RSS, not source-constrained selected
DEFB30	-0.455756425851048	0.00367704229518087	-0.145061228366504	0.475426549393234	0.310695197484544	DEFB30	positive	True	False	False	False	False	False	False	False	False	False	False	False	not in our tested universe	False	False	False	False	False	not in our tested universe
GM38572	-0.696590762131041	0.00283658313894211	-0.38634176783449	0.161184025566141	0.310248994296551	GM38572	positive	True	False	False	False	False	False	False	False	False	False	False	False	not in our tested universe	False	False	False	False	False	not in our tested universe
SLC10A6	1.01078045546905	6.47361643704449e-37	1.31964083088104	2.85277703740353e-61	0.30886037541198985	SLC10A6	positive	True	True	True	True	True	True	True	False	False	True	True	False	shared WT/cKO bend-point	True	True	True	False	False	shared source-constrained bend-point
NKAIN1	1.32205010213963	2.76538925549853e-49	1.63075791532942	1.0795874847775e-73	0.30870781318979	NKAIN1	positive	True	True	True	True	True	True	True	False	False	True	True	False	shared WT/cKO bend-point	True	True	True	False	False	shared source-constrained bend-point
GM6125	0.372489034656577	0.0811591370900238	0.681147168647044	0.000323316832929208	0.30865813399046704	GM6125	positive	True	False	False	False	False	False	False	False	False	False	False	False	not in our tested universe	False	False	False	False	False	not in our tested universe
GM49883	0.10910026323391	0.596380726660233	0.417384186381698	0.00405732272961401	0.30828392314778796	GM49883	positive	True	True	False	True	False	False	False	False	False	True	False	False	DE-significant outside bend-point	False	False	False	False	False	tested source RSS, not source-constrained selected
INSM2	-0.497720458107405	2.18011663002377e-08	-0.189516439432171	0.066790749878289	0.308204018675234	INSM2	positive	True	True	True	False	False	False	False	False	False	True	False	False	DE-significant outside bend-point	False	False	False	False	False	tested source RSS, not source-constrained selected
FGF3	5.95297849848021	1.13770270569482e-219	6.26088261977332	1.67089401795839e-201	0.3079041212931104	FGF3	positive	True	True	True	True	True	True	True	False	False	True	True	False	shared WT/cKO bend-point	True	True	True	False	False	shared source-constrained bend-point
LMTK3	-0.0369939325596265	0.822751226342542	0.270318808919891	0.00739292310789369	0.30731274147951754	LMTK3	positive	True	True	False	True	False	False	False	False	False	True	False	False	DE-significant outside bend-point	False	False	False	False	False	tested source RSS, not source-constrained selected
ZCWPW2	-0.352888611140172	2.61145960385256e-07	-0.0462333151175151	0.65387677422416	0.3066552960226569	ZCWPW2	positive	True	True	False	False	False	False	False	False	False	False	False	False	tested, not significant	False	False	False	False	False	tested source RSS, not source-constrained selected
ZFP57	0.447046890793639	0.00059375216206077	0.752989747507035	8.33019439283526e-10	0.30594285671339594	ZFP57	positive	True	True	True	True	False	False	False	False	False	True	False	False	DE-significant outside bend-point	False	False	False	False	False	tested source RSS, not source-constrained selected
GPR176	-0.499484146292146	2.51129878078328e-06	-0.194299491777706	0.120669452308956	0.30518465451444	GPR176	positive	True	True	True	False	False	False	False	False	False	True	False	False	DE-significant outside bend-point	False	False	False	False	False	tested source RSS, not source-constrained selected
5033421B08RIK	-0.0646214724285587	0.709959862210571	0.240519755451545	0.0455761826590456	0.30514122788010367	5033421B08RIK	positive	True	True	False	False	False	False	False	False	False	True	False	False	tested, not significant	False	False	False	False	False	tested source RSS, not source-constrained selected
CDKL1	-0.685391212533636	2.61759641671331e-13	-0.380539281709986	0.000116301596908093	0.30485193082365	CDKL1	positive	True	True	True	True	False	False	False	False	False	True	False	False	DE-significant outside bend-point	False	False	False	False	False	tested source RSS, not source-constrained selected
FYB2	0.545270178205005	0.00116733598744998	0.849954878935753	1.12723598827265e-07	0.30468470073074805	FYB2	positive	True	True	True	True	False	False	False	False	False	True	False	False	DE-significant outside bend-point	False	False	False	False	False	tested source RSS, not source-constrained selected
GM10578	-0.596863940788436	1.52452203747163e-09	-0.29236438043467	0.00569827212420275	0.30449956035376596	GM10578	positive	True	False	False	False	False	False	False	False	False	False	False	False	not in our tested universe	False	False	False	False	False	not in our tested universe
TRPC3	-0.62661537498627	5.25173641699475e-16	-0.32225514555878	9.04434255874944e-05	0.30436022942748997	TRPC3	positive	True	True	True	True	False	False	False	False	False	True	False	False	DE-significant outside bend-point	False	False	False	False	False	tested source RSS, not source-constrained selected
SMC1B	0.328123171647046	0.230102618494358	0.632408987336311	0.0072808570336056	0.304285815689265	SMC1B	positive	True	False	False	False	False	False	False	False	False	False	False	False	not in our tested universe	False	False	False	False	False	not in our tested universe
PLPPR4	0.929924169120289	1.22631671728673e-23	1.23408924429171	6.65897786362494e-41	0.304165075171421	PLPPR4	positive	True	True	True	True	True	True	True	False	False	True	True	False	shared WT/cKO bend-point	True	True	True	False	False	shared source-constrained bend-point
SPINK4	0.530445027237235	0.0252410378174185	0.834430322780384	0.000225508385758901	0.303985295543149	SPINK4	positive	True	False	False	False	False	False	False	False	False	False	False	False	not in our tested universe	False	False	False	False	False	not in our tested universe
GM47914	-0.718905775720629	3.82920288970289e-13	-0.415216854064109	6.57627923341019e-05	0.30368892165651995	GM47914	positive	True	True	False	False	False	False	False	False	False	False	False	False	tested, not significant	False	False	False	False	False	tested source RSS, not source-constrained selected
SLC18A2	-0.00759141383303637	0.960607593074908	0.296085668090447	0.000367096651227739	0.30367708192348336	SLC18A2	positive	True	True	False	False	False	False	False	False	False	False	False	False	tested, not significant	False	False	False	False	False	tested source RSS, not source-constrained selected
HFM1	-0.427060608620672	4.59090077434396e-06	-0.124053209566438	0.291481677306655	0.303007399054234	HFM1	positive	True	True	True	False	False	False	False	False	False	True	False	False	DE-significant outside bend-point	False	False	False	False	False	tested source RSS, not source-constrained selected
HCRTR2	-0.550090149860948	1.840142409628e-11	-0.24774932160247	0.00603017074355545	0.30234082825847797	HCRTR2	positive	True	True	True	True	False	False	False	False	False	True	False	False	DE-significant outside bend-point	False	False	False	False	False	tested source RSS, not source-constrained selected
GM57374	0.107045211600655	0.688003449189089	0.409054941908532	0.0248018823208297	0.302009730307877	GM57374	positive	True	True	False	False	False	False	False	False	False	True	False	False	tested, not significant	False	False	False	False	False	tested source RSS, not source-constrained selected
KCNK13	0.0531639289785157	0.707276680515381	0.35504617946693	7.52761433172646e-05	0.3018822504884143	KCNK13	positive	True	True	False	True	False	False	False	False	False	True	False	False	DE-significant outside bend-point	False	False	False	False	False	tested source RSS, not source-constrained selected
RNF112	-0.759833227977373	3.70276066702741e-20	-0.458084628806987	9.26612946946494e-08	0.30174859917038593	RNF112	positive	True	True	True	True	True	False	False	True	False	True	True	False	WT-only bend-point	True	False	False	True	False	WT-only source-constrained bend-point
REDRUM	-0.507168007989099	8.66291933845065e-09	-0.206600143984967	0.0416699561950125	0.300567864004132	REDRUM	positive	True	True	True	False	False	False	False	False	False	True	False	False	DE-significant outside bend-point	False	False	False	False	False	tested source RSS, not source-constrained selected
GM42948	-0.573649830885779	3.10315724365981e-06	-0.273267104908831	0.046780113981223	0.30038272597694804	GM42948	positive	True	False	False	False	False	False	False	False	False	False	False	False	not in our tested universe	False	False	False	False	False	not in our tested universe
PGR	-0.0474995857786747	0.825534675950408	-0.347699980992944	0.00845354837079533	-0.30020039521426933	PGR	negative	True	True	False	True	False	False	False	False	False	True	False	False	DE-significant outside bend-point	False	False	False	False	False	tested source RSS, not source-constrained selected
FAM117A	-0.0578087633477662	0.76404031366679	-0.358218085768724	0.00253894312447765	-0.3004093224209578	FAM117A	negative	True	True	False	True	False	False	False	False	False	True	False	False	DE-significant outside bend-point	False	False	False	False	False	tested source RSS, not source-constrained selected
ABCG8	-0.834856085071796	0.0734373698062999	-1.13575472197411	0.00781099919238144	-0.300898636902314	ABCG8	negative	True	True	True	True	False	False	False	False	False	True	False	False	DE-significant outside bend-point	False	False	False	False	False	tested source RSS, not source-constrained selected
RPL5-PS1	-0.0498840378029118	0.810393073207774	-0.351032025912404	0.00514125045103567	-0.3011479881094922	RPL5-PS1	negative	True	True	False	False	False	False	False	False	False	True	False	False	tested, not significant	False	False	False	False	False	tested source RSS, not source-constrained selected
TMED1	0.0512347735143345	0.771136859551766	-0.250125449479293	0.0297885442864959	-0.3013602229936275	TMED1	negative	True	True	False	True	False	False	False	False	False	True	False	False	DE-significant outside bend-point	False	False	False	False	False	tested source RSS, not source-constrained selected
SPAG16	0.60976659752234	0.0102631454496413	0.308252392834022	0.273921853167757	-0.30151420468831797	SPAG16	negative	True	False	False	False	False	False	False	False	False	False	False	False	not in our tested universe	False	False	False	False	False	not in our tested universe
G0S2	-0.492287994623396	6.83377547164343e-07	-0.794006539290527	3.67255461555137e-17	-0.301718544667131	G0S2	negative	True	True	True	True	False	True	False	False	True	True	True	False	cKO-only bend-point	False	True	False	False	True	cKO-only source-constrained bend-point
GM35721	-0.447556461583698	1.84942254678772e-06	-0.749359375635241	3.54882063762528e-17	-0.301802914051543	GM35721	negative	True	True	True	True	False	True	False	False	True	True	False	False	cKO-only bend-point	False	True	False	False	True	cKO-only source-constrained bend-point
AKR1B10	0.0496736647224127	0.788618104395382	-0.25248042973865	0.0360782899404159	-0.30215409446106267	AKR1B10	negative	True	True	False	True	False	False	False	False	False	True	False	False	DE-significant outside bend-point	False	False	False	False	False	tested source RSS, not source-constrained selected
FLT4	0.432776414465202	0.0371386500260784	0.130596664481981	0.63396461824048	-0.30217974998322095	FLT4	negative	True	True	True	False	False	False	False	False	False	True	False	False	DE-significant outside bend-point	False	False	False	False	False	tested source RSS, not source-constrained selected
CAND2	0.090124290853628	0.33353197480355	-0.21221421372952	0.00405597911934885	-0.30233850458314804	CAND2	negative	True	True	False	True	False	False	False	False	False	True	False	False	DE-significant outside bend-point	False	False	False	False	False	tested source RSS, not source-constrained selected
RGS9	-0.168343397687914	0.482543789689892	-0.471006671790799	0.00937018492978161	-0.302663274102885	RGS9	negative	True	True	False	True	False	False	False	False	False	True	False	False	DE-significant outside bend-point	False	False	False	False	False	tested source RSS, not source-constrained selected
GM43152	2.11687372185624	0.0341300283877532	1.81391813182701	0.0642755533305651	-0.3029555900292302	GM43152	negative	True	True	True	False	False	False	False	False	False	True	False	False	DE-significant outside bend-point	False	False	False	False	False	tested source RSS, not source-constrained selected
ARHGEF2	0.747667905396161	6.85731633572098e-09	0.444451934733702	0.00119641518456605	-0.30321597066245903	ARHGEF2	negative	True	True	True	True	False	False	False	False	False	True	False	False	DE-significant outside bend-point	False	False	False	False	False	tested source RSS, not source-constrained selected
PMEPA1	0.298734503994842	0.00209280263832036	-0.00449619551973152	0.97908497123277	-0.30323069951457354	PMEPA1	negative	True	True	True	False	False	False	False	False	False	True	False	False	DE-significant outside bend-point	False	False	False	False	False	tested source RSS, not source-constrained selected
NDST2	0.0491182341846503	0.680532822421553	-0.25422762521797	0.00102091893625578	-0.30334585940262027	NDST2	negative	True	True	False	True	False	False	False	False	False	True	False	False	DE-significant outside bend-point	False	False	False	False	False	tested source RSS, not source-constrained selected
GM20449	-0.0259918098282114	0.919191255519188	-0.330095561205144	0.0309412926368229	-0.3041037513769326	GM20449	negative	True	False	False	False	False	False	False	False	False	False	False	False	not in our tested universe	False	False	False	False	False	not in our tested universe
PRICKLE1	-0.105745427753191	0.446351281778044	-0.410128650988098	4.4098961143209e-05	-0.30438322323490696	PRICKLE1	negative	True	True	False	True	False	False	False	False	False	True	False	False	DE-significant outside bend-point	False	False	False	False	False	tested source RSS, not source-constrained selected
NAALADL1	-0.214127237083651	0.474328639957274	-0.518544060055332	0.0243968596854135	-0.30441682297168104	NAALADL1	negative	True	False	False	False	False	False	False	False	False	False	False	False	not in our tested universe	False	False	False	False	False	not in our tested universe
CLCF1	1.03113669265199	0.00398796212398027	0.726606029305005	0.0530689175241303	-0.3045306633469851	CLCF1	negative	True	True	True	True	False	False	False	False	False	True	False	False	DE-significant outside bend-point	False	False	False	False	False	tested source RSS, not source-constrained selected
SLC40A1	-0.175893772825831	0.490617020332112	-0.48132791378917	0.0124147820049951	-0.305434140963339	SLC40A1	negative	True	True	False	True	False	False	False	False	False	True	False	False	DE-significant outside bend-point	False	False	False	False	False	tested source RSS, not source-constrained selected
ARSJ	-0.231250962649234	0.438191341172761	-0.536716863530528	0.0191746090930257	-0.30546590088129405	ARSJ	negative	True	True	False	True	False	False	False	False	False	True	False	False	DE-significant outside bend-point	False	False	False	False	False	tested source RSS, not source-constrained selected
CTSC	0.49705168402332	0.0368143984322367	0.191491814600851	0.518673954553863	-0.30555986942246904	CTSC	negative	True	True	True	False	False	False	False	False	False	True	False	False	DE-significant outside bend-point	False	False	False	False	False	tested source RSS, not source-constrained selected
ABCC9	0.396127696657833	0.0156079967668996	0.0901618626776057	0.692920337186759	-0.30596583398022725	ABCC9	negative	True	True	True	False	False	False	False	False	False	True	False	False	DE-significant outside bend-point	False	False	False	False	False	tested source RSS, not source-constrained selected
C230014O12RIK	1.85677622462665	0.000143217704976105	1.55053831826868	0.0011453939632004	-0.3062379063579699	C230014O12RIK	negative	True	True	True	True	False	False	False	False	False	True	False	False	DE-significant outside bend-point	False	False	False	False	False	tested source RSS, not source-constrained selected
PIGBOS1	-0.00340018718075385	0.988780198669578	-0.310575587159257	0.00930820016047318	-0.3071753999785031	PIGBOS1	negative	True	True	False	True	False	False	False	False	False	True	False	False	DE-significant outside bend-point	False	False	False	False	False	tested source RSS, not source-constrained selected
TLR4	0.0613321120154422	0.653087404782288	-0.246068587527018	0.0080030904434055	-0.3074006995424602	TLR4	negative	True	True	False	True	False	False	False	False	False	True	False	False	DE-significant outside bend-point	False	False	False	False	False	tested source RSS, not source-constrained selected
POPDC2	-0.180315591613423	0.573328993233813	-0.488777905542716	0.0409415912636088	-0.308462313929293	POPDC2	negative	True	True	False	False	False	False	False	False	False	True	False	False	tested, not significant	False	False	False	False	False	tested source RSS, not source-constrained selected
CD93	0.461896956641715	0.000420898594344832	0.152685812085526	0.355413849014588	-0.309211144556189	CD93	negative	True	True	True	False	False	False	False	False	False	True	False	False	DE-significant outside bend-point	False	False	False	False	False	tested source RSS, not source-constrained selected
GM19590	-0.235001782176101	0.423444926167757	-0.544526380930992	0.0204425142161354	-0.309524598754891	GM19590	negative	True	True	False	True	False	False	False	False	False	True	False	False	DE-significant outside bend-point	False	False	False	False	False	tested source RSS, not source-constrained selected
GM45753	-0.000107166647842527	0.999555134751015	-0.309870033380876	0.00567682698658501	-0.30976286673303344	GM45753	negative	True	False	False	False	False	False	False	False	False	False	False	False	not in our tested universe	False	False	False	False	False	not in our tested universe
TRP53TG5	0.417094156779825	0.0455823138674235	0.107288063352021	0.702712744613751	-0.30980609342780396	TRP53TG5	negative	True	False	False	False	False	False	False	False	False	False	False	False	not in our tested universe	False	False	False	False	False	not in our tested universe
SCD4	0.795567101255354	0.0161159488383596	0.485620531085596	0.185214811089727	-0.309946570169758	SCD4	negative	True	True	True	False	False	False	False	False	False	True	False	False	DE-significant outside bend-point	False	False	False	False	False	tested source RSS, not source-constrained selected
MT-ND5	0.0968575061160783	0.330531761527845	-0.213468831903303	0.00839513731519837	-0.3103263380193813	MT-ND5	negative	True	True	False	False	False	False	False	False	False	True	False	False	tested, not significant	False	False	False	False	False	tested source RSS, not source-constrained selected
NAPRT	0.711762081955503	3.40603597830059e-05	0.400340552654018	0.0334392025087387	-0.3114215293014849	NAPRT	negative	True	True	True	True	False	False	False	False	False	True	False	False	DE-significant outside bend-point	False	False	False	False	False	tested source RSS, not source-constrained selected
CLEC4N	1.2359672172534	0.00209208413039477	0.924253711965272	0.0281306565579666	-0.311713505288128	CLEC4N	negative	True	True	True	True	False	False	False	False	False	True	False	False	DE-significant outside bend-point	False	False	False	False	False	tested source RSS, not source-constrained selected
GM12708	1.39645919961323	0.0240292879866865	1.08448467540489	0.0938768732159363	-0.31197452420834004	GM12708	negative	True	False	False	False	False	False	False	False	False	False	False	False	not in our tested universe	False	False	False	False	False	not in our tested universe
GM4270	-1.48891764531249	0.00357612629737489	-1.8013276997672	0.000373072339236059	-0.31241005445471015	GM4270	negative	True	False	False	False	False	False	False	False	False	False	False	False	not in our tested universe	False	False	False	False	False	not in our tested universe
GM12068	-0.335971662436882	0.337835993439764	-0.648715386304665	0.0252766265845503	-0.312743723867783	GM12068	negative	True	False	False	False	False	False	False	False	False	False	False	False	not in our tested universe	False	False	False	False	False	not in our tested universe
CRIP1	0.0219716589751471	0.923905426547726	-0.290899342009323	0.0329706134974488	-0.31287100098447007	CRIP1	negative	True	True	False	True	False	False	False	False	False	True	False	False	DE-significant outside bend-point	False	False	False	False	False	tested source RSS, not source-constrained selected
EDNRA	-0.328217440477035	0.023848100491566	-0.641197466943461	5.85564660593163e-07	-0.31298002646642603	EDNRA	negative	True	True	True	True	False	False	False	False	False	True	False	False	DE-significant outside bend-point	False	False	False	False	False	tested source RSS, not source-constrained selected
NGF	0.903496216699829	0.00155030586605408	0.590466764927573	0.0530927235883181	-0.31302945177225605	NGF	negative	True	True	True	True	False	False	False	False	False	True	False	False	DE-significant outside bend-point	False	False	False	False	False	tested source RSS, not source-constrained selected
GADD45B	-0.0926642885322225	0.682266525696018	-0.406673605867393	0.00741461637220218	-0.31400931733517046	GADD45B	negative	True	True	False	True	False	False	False	False	False	True	False	False	DE-significant outside bend-point	False	False	False	False	False	tested source RSS, not source-constrained selected
METRNL	0.593952447893886	5.7561306076447e-09	0.279869298635929	0.0131594148893476	-0.314083149257957	METRNL	negative	True	True	True	True	False	False	False	False	False	True	False	False	DE-significant outside bend-point	False	False	False	False	False	tested source RSS, not source-constrained selected
ACOX2	1.03594295024885	0.00279684254455746	0.721725601131049	0.0422031729654986	-0.31421734911780097	ACOX2	negative	True	True	True	True	False	False	False	False	False	False	False	False	DE-significant outside bend-point	False	False	False	False	False	tested source RSS, not source-constrained selected
CLIC4	0.701330632567899	4.29688237307632e-12	0.386716107153569	0.000335503533865698	-0.31461452541432994	CLIC4	negative	True	True	True	True	False	False	False	False	False	True	False	False	DE-significant outside bend-point	False	False	False	False	False	tested source RSS, not source-constrained selected
HELZ2	0.74900101897371	8.5769655337699e-06	0.434218469805671	0.017275856663118	-0.31478254916803894	HELZ2	negative	True	True	True	True	False	False	False	False	False	True	False	False	DE-significant outside bend-point	False	False	False	False	False	tested source RSS, not source-constrained selected
SARDHOS	0.283323973106018	0.0329559333517969	-0.0315293992302508	0.878323994856372	-0.31485337233626876	SARDHOS	negative	True	False	False	False	False	False	False	False	False	False	False	False	not in our tested universe	False	False	False	False	False	not in our tested universe
LAMB3	-0.0905119785901501	0.602936876072581	-0.405765324074002	0.000590816886198331	-0.3152533454838519	LAMB3	negative	True	True	True	True	False	False	False	False	False	True	False	False	DE-significant outside bend-point	False	False	False	False	False	tested source RSS, not source-constrained selected
HPSE	-0.427988291408283	0.0254129084930699	-0.743401107391379	1.62235056098665e-05	-0.315412815983096	HPSE	negative	True	True	True	True	False	False	False	False	False	True	False	False	DE-significant outside bend-point	False	False	False	False	False	tested source RSS, not source-constrained selected
TMEM140	-0.0909090672032511	0.603127609657209	-0.406383032240019	0.000633063803333505	-0.3154739650367679	TMEM140	negative	True	True	False	True	False	False	False	False	False	True	False	False	DE-significant outside bend-point	False	False	False	False	False	tested source RSS, not source-constrained selected
GM4755	0.578357157976682	0.0380492542861817	0.261889033024328	0.429447663841057	-0.316468124952354	GM4755	negative	True	True	False	False	False	False	False	False	False	True	False	False	tested, not significant	False	False	False	False	False	tested source RSS, not source-constrained selected
CYP4V3	-0.022893211526243	0.905827822005123	-0.339480492514083	0.00153729236701131	-0.31658728098784	CYP4V3	negative	True	True	False	True	False	False	False	False	False	True	False	False	DE-significant outside bend-point	False	False	False	False	False	tested source RSS, not source-constrained selected
TEK	0.395360816082031	0.00621267613452764	0.0772277067610084	0.710239887957536	-0.31813310932102257	TEK	negative	True	True	True	False	False	False	False	False	False	True	False	False	DE-significant outside bend-point	False	False	False	False	False	tested source RSS, not source-constrained selected
4933431K23RIK	-0.324193904200291	0.0194877602263056	-0.642830945712237	1.66543393171333e-07	-0.318637041511946	4933431K23RIK	negative	True	True	True	True	False	False	False	False	False	False	False	False	DE-significant outside bend-point	False	False	False	False	False	tested source RSS, not source-constrained selected
2410022M11RIK	-0.0441970138974108	0.839120977594027	-0.363568835003088	0.00505749830273671	-0.3193718211056772	2410022M11RIK	negative	True	True	False	True	False	False	False	False	False	True	False	False	DE-significant outside bend-point	False	False	False	False	False	tested source RSS, not source-constrained selected
SYT10	-0.369370184182785	0.0276614320536959	-0.689442674241306	2.86564303529211e-06	-0.320072490058521	SYT10	negative	True	True	True	True	False	False	False	False	False	True	False	False	DE-significant outside bend-point	False	False	False	False	False	tested source RSS, not source-constrained selected
EFEMP2	0.419597162225331	0.000637883665793436	0.0992978391570752	0.556426644131586	-0.3202993230682558	EFEMP2	negative	True	True	True	False	False	False	False	False	False	True	False	False	DE-significant outside bend-point	False	False	False	False	False	tested source RSS, not source-constrained selected
ABHD11OS	-0.204054531979339	0.349028175550064	-0.524920829263176	0.00135143697673998	-0.320866297283837	ABHD11OS	negative	True	False	False	False	False	False	False	False	False	False	False	False	not in our tested universe	False	False	False	False	False	not in our tested universe
ANGPTL2	1.10049276886442	2.36350299883146e-20	0.779225242578974	1.43234741226178e-10	-0.32126752628544597	ANGPTL2	negative	True	True	True	True	True	False	False	True	False	True	True	False	WT-only bend-point	True	False	False	True	False	WT-only source-constrained bend-point
ANGPTL4	0.704753400842286	3.73365316344504e-05	0.383268471574399	0.0426348536825456	-0.321484929267887	ANGPTL4	negative	True	True	True	True	False	False	False	False	False	True	False	False	DE-significant outside bend-point	False	False	False	False	False	tested source RSS, not source-constrained selected
FAM20A	-0.198883912073672	0.179119158017146	-0.520586812876572	1.56634089126531e-05	-0.32170290080290004	FAM20A	negative	True	True	False	True	False	False	False	False	False	True	False	False	DE-significant outside bend-point	False	False	False	False	False	tested source RSS, not source-constrained selected
GM35625	-0.455337975511497	0.194285820723543	-0.777087802353283	0.0104499842498152	-0.321749826841786	GM35625	negative	True	True	False	True	False	False	False	False	False	True	False	False	DE-significant outside bend-point	False	False	False	False	False	tested source RSS, not source-constrained selected
EGFLAM	0.712620788870133	1.03200987545699e-14	0.390353607501727	5.79486678233459e-05	-0.32226718136840604	EGFLAM	negative	True	True	True	True	False	False	False	False	False	True	False	False	DE-significant outside bend-point	False	False	False	False	False	tested source RSS, not source-constrained selected
GM33318	-0.197481242611252	0.57695028371236	-0.519857217040386	0.0476981596206919	-0.322375974429134	GM33318	negative	True	True	False	True	False	False	False	False	False	True	False	False	DE-significant outside bend-point	False	False	False	False	False	tested source RSS, not source-constrained selected
CRISPLD1	0.27664056077775	0.0453420424211997	-0.0461125494684007	0.819159072728572	-0.3227531102461507	CRISPLD1	negative	True	True	True	False	False	False	False	False	False	True	False	False	DE-significant outside bend-point	False	False	False	False	False	tested source RSS, not source-constrained selected
MT-TG	0.00870779101758801	0.969751894961063	-0.314099120769042	0.0130873257928784	-0.32280691178663	MT-TG	negative	True	False	False	False	False	False	False	False	False	False	False	False	not in our tested universe	False	False	False	False	False	not in our tested universe
4930528J11RIK	-0.0629871005630638	0.829549329427757	-0.385843048411195	0.0364646151708782	-0.3228559478481312	4930528J11RIK	negative	True	False	False	False	False	False	False	False	False	False	False	False	not in our tested universe	False	False	False	False	False	not in our tested universe
NT5DC2	0.238421296446525	0.000885887438244468	-0.084510338217728	0.313449839444363	-0.322931634664253	NT5DC2	negative	True	True	True	False	False	False	False	False	False	True	False	False	DE-significant outside bend-point	False	False	False	False	False	tested source RSS, not source-constrained selected
CD68	0.597188461619072	0.0409711204934093	0.27422608659387	0.426718281106344	-0.32296237502520203	CD68	negative	True	True	True	False	False	False	False	False	False	True	False	False	DE-significant outside bend-point	False	False	False	False	False	tested source RSS, not source-constrained selected
GM10518	0.659239451320958	0.000937087507762928	0.33576432026095	0.122894609561314	-0.32347513106000797	GM10518	negative	True	False	False	False	False	False	False	False	False	False	False	False	not in our tested universe	False	False	False	False	False	not in our tested universe
DSE	0.00288081513640346	0.991086985380277	-0.320721032696256	0.0158245290085235	-0.3236018478326595	DSE	negative	True	True	False	True	False	False	False	False	False	True	False	False	DE-significant outside bend-point	False	False	False	False	False	tested source RSS, not source-constrained selected
ATP6-PS	0.0173444681552138	0.916392025234979	-0.306575500408246	0.000810806960863369	-0.3239199685634598	ATP6-PS	negative	True	True	False	False	False	False	False	False	False	True	False	False	tested, not significant	False	False	False	False	False	tested source RSS, not source-constrained selected
F630042J09RIK	-0.0459304750621193	0.865206817129357	-0.370149417178361	0.0284492941741036	-0.3242189421162417	F630042J09RIK	negative	True	True	False	False	False	False	False	False	False	True	False	False	tested, not significant	False	False	False	False	False	tested source RSS, not source-constrained selected
MT-ND6	0.104399030559876	0.294264133261901	-0.219843844253211	0.00735400540998466	-0.324242874813087	MT-ND6	negative	True	True	False	False	False	False	False	False	False	True	False	False	tested, not significant	False	False	False	False	False	tested source RSS, not source-constrained selected
CRYBG1	0.903823019050248	1.21587018167971e-05	0.57870840723617	0.00843617530221076	-0.32511461181407797	CRYBG1	negative	True	True	True	True	False	False	False	False	False	True	False	False	DE-significant outside bend-point	False	False	False	False	False	tested source RSS, not source-constrained selected
HEBP1	-0.0275893557979146	0.851848240550924	-0.35365153502553	1.54640941552388e-05	-0.3260621792276154	HEBP1	negative	True	True	False	True	False	False	False	False	False	True	False	False	DE-significant outside bend-point	False	False	False	False	False	tested source RSS, not source-constrained selected
RPS14	-0.0054550741664455	0.977395437963524	-0.332152221824268	0.000873260868783307	-0.32669714765782254	RPS14	negative	True	True	False	True	False	False	False	False	False	True	False	False	DE-significant outside bend-point	False	False	False	False	False	tested source RSS, not source-constrained selected
GM12854	0.798651853558595	2.68166537921866e-09	0.471842705345834	0.000668403776072341	-0.326809148212761	GM12854	negative	True	False	False	False	False	False	False	False	False	False	False	False	not in our tested universe	False	False	False	False	False	not in our tested universe
4930512H18RIK	1.63520505490878	0.000440731440095619	1.30802531150578	0.00452705979500888	-0.32717974340299993	4930512H18RIK	negative	True	True	True	True	False	False	False	False	False	True	False	False	DE-significant outside bend-point	False	False	False	False	False	tested source RSS, not source-constrained selected
DYNLT4	0.665358333723897	0.0360189851419893	0.338027326882217	0.391848943303441	-0.32733100684168	DYNLT4	negative	True	False	False	False	False	False	False	False	False	False	False	False	not in our tested universe	False	False	False	False	False	not in our tested universe
GABRG3	-0.283608684721951	0.323904819386283	-0.611424793326777	0.00893197384504271	-0.327816108604826	GABRG3	negative	True	True	False	True	False	False	False	False	False	True	False	False	DE-significant outside bend-point	False	False	False	False	False	tested source RSS, not source-constrained selected
MT-ND4	0.0764265092549169	0.477010021900746	-0.251720002564138	0.00150134607854841	-0.3281465118190549	MT-ND4	negative	True	True	False	True	False	False	False	False	False	True	False	False	DE-significant outside bend-point	False	False	False	False	False	tested source RSS, not source-constrained selected
GM16958	-0.0900709654886995	0.750825417426833	-0.418281441052614	0.0255757506638214	-0.32821047556391447	GM16958	negative	True	True	False	False	False	False	False	False	False	True	False	False	tested, not significant	False	False	False	False	False	tested source RSS, not source-constrained selected
B3GNT3	0.742740344497205	0.000258682467741416	0.41439698623215	0.0646579894677349	-0.32834335826505506	B3GNT3	negative	True	True	True	False	False	False	False	False	False	True	False	False	DE-significant outside bend-point	False	False	False	False	False	tested source RSS, not source-constrained selected
RNASE4	0.640154792087497	0.000536444065796541	0.31175696690682	0.141949159667386	-0.32839782518067706	RNASE4	negative	True	True	True	False	False	False	False	False	False	True	False	False	DE-significant outside bend-point	False	False	False	False	False	tested source RSS, not source-constrained selected
PDGFC	0.601367041849752	1.91825693689105e-06	0.272795130173057	0.0576181852528928	-0.32857191167669497	PDGFC	negative	True	True	True	True	False	False	False	False	False	True	False	False	DE-significant outside bend-point	False	False	False	False	False	tested source RSS, not source-constrained selected
HOXC8	-0.0981842259830586	0.466432977559017	-0.426854314331847	5.47895215551612e-06	-0.3286700883487884	HOXC8	negative	True	True	False	True	False	False	False	False	False	True	False	False	DE-significant outside bend-point	False	False	False	False	False	tested source RSS, not source-constrained selected
DOC2B	0.811798748644902	3.36364564756861e-06	0.483036575734683	0.00957337072495568	-0.328762172910219	DOC2B	negative	True	True	True	True	False	False	False	False	False	True	False	False	DE-significant outside bend-point	False	False	False	False	False	tested source RSS, not source-constrained selected
LRRC25	0.726092738020817	0.0147347078608508	0.397255505050706	0.236658878272491	-0.32883723297011097	LRRC25	negative	True	True	True	False	False	False	False	False	False	True	False	False	DE-significant outside bend-point	False	False	False	False	False	tested source RSS, not source-constrained selected
MT-ND4L	0.0778488092191544	0.572227212012334	-0.25176733452235	0.0118204034771107	-0.3296161437415044	MT-ND4L	negative	True	True	False	False	False	False	False	False	False	False	False	False	tested, not significant	False	False	False	False	False	tested source RSS, not source-constrained selected
IL1RL1	0.90870858955913	0.00100391502652237	0.578593444858307	0.0538812253704253	-0.33011514470082304	IL1RL1	negative	True	True	True	True	False	False	False	False	False	True	False	False	DE-significant outside bend-point	False	False	False	False	False	tested source RSS, not source-constrained selected
ENG	0.592896604326192	0.00181519668487167	0.261737103207868	0.244620993415169	-0.33115950111832393	ENG	negative	True	True	True	False	False	False	False	False	False	True	False	False	DE-significant outside bend-point	False	False	False	False	False	tested source RSS, not source-constrained selected
6430710C18RIK	-0.576726334707097	0.157949699976759	-0.907973208083666	0.0150701329106124	-0.331246873376569	6430710C18RIK	negative	True	True	False	False	False	False	False	False	False	True	False	False	tested, not significant	False	False	False	False	False	tested source RSS, not source-constrained selected
GM28437	0.0445853683989176	0.719351441191085	-0.286921382373242	0.000251704094819354	-0.3315067507721596	GM28437	negative	True	True	False	False	False	False	False	False	False	True	False	False	tested, not significant	False	False	False	False	False	tested source RSS, not source-constrained selected
SQOR	0.0102550719595428	0.957972222913376	-0.321566082740888	0.00271519720552693	-0.3318211547004308	SQOR	negative	True	True	False	True	False	False	False	False	False	True	False	False	DE-significant outside bend-point	False	False	False	False	False	tested source RSS, not source-constrained selected
CXCL12	0.673604274517992	9.36407864747225e-05	0.340633867018852	0.080106407523672	-0.33297040749914	CXCL12	negative	True	True	True	True	False	False	False	False	False	True	False	False	DE-significant outside bend-point	False	False	False	False	False	tested source RSS, not source-constrained selected
9530036M11RIK	-0.335622121033615	0.193421177526452	-0.668935149703579	0.00210828572633042	-0.33331302866996404	9530036M11RIK	negative	True	True	False	True	False	False	False	False	False	True	False	False	DE-significant outside bend-point	False	False	False	False	False	tested source RSS, not source-constrained selected
MT-CO1	0.116046739918064	0.208403885940249	-0.217604264965216	0.00579504985833103	-0.33365100488328003	MT-CO1	negative	True	True	False	False	False	False	False	False	False	True	False	False	tested, not significant	False	False	False	False	False	tested source RSS, not source-constrained selected
G930009F23RIK	1.00973849264116	0.0261337132085836	0.674841403717856	0.133099536336352	-0.33489708892330394	G930009F23RIK	negative	True	True	False	False	False	False	False	False	False	True	False	False	tested, not significant	False	False	False	False	False	tested source RSS, not source-constrained selected
GM6204	0.0423657433207592	0.84530073048954	-0.294023790318736	0.0275239637920356	-0.3363895336394952	GM6204	negative	True	True	False	False	False	False	False	False	False	True	False	False	tested, not significant	False	False	False	False	False	tested source RSS, not source-constrained selected
ABCD1	0.215952198663714	0.0275161606818633	-0.121644226665803	0.26781624180856	-0.337596425329517	ABCD1	negative	True	True	True	False	False	False	False	False	False	True	False	False	DE-significant outside bend-point	False	False	False	False	False	tested source RSS, not source-constrained selected
MT-CO2	0.0952714528962133	0.38104353517828	-0.243451878093195	0.00439828661799179	-0.3387233309894083	MT-CO2	negative	True	True	False	False	False	False	False	False	False	False	False	False	tested, not significant	False	False	False	False	False	tested source RSS, not source-constrained selected
HPN	-0.467209696934088	0.226919643519162	-0.806159049923942	0.0194354152725221	-0.33894935298985407	HPN	negative	True	True	False	True	False	False	False	False	False	True	False	False	DE-significant outside bend-point	False	False	False	False	False	tested source RSS, not source-constrained selected
RIPK3	0.868451452193542	0.00824378218140723	0.529449630973197	0.123292110224691	-0.33900182122034506	RIPK3	negative	True	True	True	False	False	False	False	False	False	True	False	False	DE-significant outside bend-point	False	False	False	False	False	tested source RSS, not source-constrained selected
MT-CO3	0.0830792023473406	0.449246000064249	-0.256004698633507	0.00192593265720845	-0.3390839009808476	MT-CO3	negative	True	True	False	False	False	False	False	False	False	True	False	False	tested, not significant	False	False	False	False	False	tested source RSS, not source-constrained selected
RASSF8	0.0506750125421066	0.79180526812688	-0.28875383543359	0.0182005455902029	-0.3394288479756966	RASSF8	negative	True	True	False	True	False	False	False	False	False	True	False	False	DE-significant outside bend-point	False	False	False	False	False	tested source RSS, not source-constrained selected
CDO1	-0.245873946100137	0.0714101982423475	-0.585675216165484	5.0428596770822e-07	-0.339801270065347	CDO1	negative	True	True	False	True	False	False	False	False	False	True	False	False	DE-significant outside bend-point	False	False	False	False	False	tested source RSS, not source-constrained selected
KBTBD12	0.614386571121354	0.00571443233844897	0.27421248379202	0.291980090286804	-0.34017408732933396	KBTBD12	negative	True	True	False	False	False	False	False	False	False	True	False	False	tested, not significant	False	False	False	False	False	tested source RSS, not source-constrained selected
CASP7	0.497596474500392	0.00993106236616548	0.156741936619713	0.52943001286639	-0.340854537880679	CASP7	negative	True	True	True	False	False	False	False	False	False	True	False	False	DE-significant outside bend-point	False	False	False	False	False	tested source RSS, not source-constrained selected
NOX4	0.540565261486053	0.0034592216029326	0.19901524075627	0.380981837260437	-0.341550020729783	NOX4	negative	True	True	True	False	False	False	False	False	False	True	False	False	DE-significant outside bend-point	False	False	False	False	False	tested source RSS, not source-constrained selected
1500015A07RIK	-0.0126134449540693	0.966778851572246	-0.354495743271928	0.0401996505765861	-0.3418822983178587	1500015A07RIK	negative	True	True	False	False	False	False	False	False	False	True	False	False	tested, not significant	False	False	False	False	False	tested source RSS, not source-constrained selected
GM5805	-0.00399415012399687	0.990308015572333	-0.347209595203862	0.0494714637422218	-0.3432154450798651	GM5805	negative	True	True	False	False	False	False	False	False	False	True	False	False	tested, not significant	False	False	False	False	False	tested source RSS, not source-constrained selected
H3F3A	0.237217693394811	0.00532184452072154	-0.106509709666276	0.290486935418931	-0.343727403061087	H3F3A	negative	True	True	True	False	False	False	False	False	False	True	False	False	DE-significant outside bend-point	False	False	False	False	False	tested source RSS, not source-constrained selected
GM7665	0.792945532691822	2.30825984242351e-21	0.448858388116025	1.96975867745648e-07	-0.344087144575797	GM7665	negative	True	True	False	False	False	False	False	False	False	True	False	False	tested, not significant	False	False	False	False	False	tested source RSS, not source-constrained selected
GM43034	0.0124925164734306	0.957296699210071	-0.331883633024879	0.0108769292195379	-0.3443761494983096	GM43034	negative	True	True	False	True	False	False	False	False	False	True	False	False	DE-significant outside bend-point	False	False	False	False	False	tested source RSS, not source-constrained selected
WLS	0.0280860107827158	0.889075022030933	-0.316416066869151	0.00665235982514746	-0.3445020776518668	WLS	negative	True	True	False	True	False	False	False	False	False	True	False	False	DE-significant outside bend-point	False	False	False	False	False	tested source RSS, not source-constrained selected
GM6225	0.670397558192681	0.00233047422347149	0.325850902713333	0.198763651975815	-0.344546655479348	GM6225	negative	True	True	True	False	False	False	False	False	False	True	False	False	DE-significant outside bend-point	False	False	False	False	False	tested source RSS, not source-constrained selected
GM10073	0.154946587555703	0.126813406201118	-0.189768455358743	0.0441868812099886	-0.344715042914446	GM10073	negative	True	True	False	False	False	False	False	False	False	True	False	False	tested, not significant	False	False	False	False	False	tested source RSS, not source-constrained selected
BHMT2	-0.463703030346447	0.0774675663854561	-0.808520579981115	0.000754193292489245	-0.34481754963466804	BHMT2	negative	True	True	False	True	False	False	False	False	False	True	False	False	DE-significant outside bend-point	False	False	False	False	False	tested source RSS, not source-constrained selected
GM30339	-0.607857345581925	0.242730192154331	-0.952943414374512	0.0398729124938568	-0.3450860687925871	GM30339	negative	True	True	False	False	False	False	False	False	False	True	False	False	tested, not significant	False	False	False	False	False	tested source RSS, not source-constrained selected
FCRL2	1.11293169029616	4.17132581304145e-06	0.767166216356218	0.00252433960375651	-0.34576547393994195	FCRL2	negative	True	True	True	True	False	False	False	False	False	True	False	False	DE-significant outside bend-point	False	False	False	False	False	tested source RSS, not source-constrained selected
GM6087	1.8568384035019	3.51287741182692e-05	1.51083835139321	0.000681608803016144	-0.3460000521086901	GM6087	negative	True	False	False	False	False	False	False	False	False	False	False	False	not in our tested universe	False	False	False	False	False	not in our tested universe
MYMK	-0.235440520286825	0.307009758617321	-0.581783411517164	0.00160934618538171	-0.34634289123033896	MYMK	negative	True	True	False	True	False	False	False	False	False	True	False	False	DE-significant outside bend-point	False	False	False	False	False	tested source RSS, not source-constrained selected
MT-ND1	0.0909626106551082	0.334327214917128	-0.255590027690387	0.000517091777636563	-0.3465526383454952	MT-ND1	negative	True	True	False	True	False	False	False	False	False	True	False	False	DE-significant outside bend-point	False	False	False	False	False	tested source RSS, not source-constrained selected
GM37249	-0.66944164404873	0.159282505400036	-1.01626224696594	0.0235332156475113	-0.34682060291720995	GM37249	negative	True	False	False	False	False	False	False	False	False	False	False	False	not in our tested universe	False	False	False	False	False	not in our tested universe
PTBP1	0.35901960614498	0.00780969522795242	0.0116742817134326	0.958712918268306	-0.3473453244315474	PTBP1	negative	True	True	True	False	False	False	False	False	False	True	False	False	DE-significant outside bend-point	False	False	False	False	False	tested source RSS, not source-constrained selected
OTOGL	0.535102920298661	0.0358699045413995	0.187723445221681	0.562305861279213	-0.34737947507698	OTOGL	negative	True	True	False	False	False	False	False	False	False	True	False	False	tested, not significant	False	False	False	False	False	tested source RSS, not source-constrained selected
TFAP2A	0.424991442714682	0.00395330543416952	0.0766121219429717	0.723465097873971	-0.3483793207717103	TFAP2A	negative	True	True	True	False	False	False	False	False	False	True	False	False	DE-significant outside bend-point	False	False	False	False	False	tested source RSS, not source-constrained selected
CSRP2	0.119369568706676	0.282503531627133	-0.23061004555913	0.0127513665750133	-0.34997961426580604	CSRP2	negative	True	True	False	True	False	False	False	False	False	True	False	False	DE-significant outside bend-point	False	False	False	False	False	tested source RSS, not source-constrained selected
GM57314	-0.309348687759054	0.148082101882417	-0.660030991366477	0.000313571631048304	-0.35068230360742303	GM57314	negative	True	False	False	False	False	False	False	False	False	False	False	False	not in our tested universe	False	False	False	False	False	not in our tested universe
NEGR1	-0.15355582574732	0.608573305531591	-0.50424031341879	0.0196058602596009	-0.3506844876714701	NEGR1	negative	True	True	False	True	False	False	False	False	False	True	False	False	DE-significant outside bend-point	False	False	False	False	False	tested source RSS, not source-constrained selected
COL16A1	0.99939729804494	6.60324253537649e-12	0.647363837100302	1.97957466802469e-05	-0.35203346094463805	COL16A1	negative	True	True	True	True	False	False	False	False	False	True	False	False	DE-significant outside bend-point	False	False	False	False	False	tested source RSS, not source-constrained selected
PTN	-0.00635689014861079	0.971680605287096	-0.360884103587893	0.000133667605066371	-0.35452721343928223	PTN	negative	True	True	False	True	False	False	False	False	False	True	False	False	DE-significant outside bend-point	False	False	False	False	False	tested source RSS, not source-constrained selected
TRIM43C	-0.0651428503651978	0.789189474532247	-0.421524445835468	0.00417463395492013	-0.3563815954702702	TRIM43C	negative	True	False	False	False	False	False	False	False	False	False	False	False	not in our tested universe	False	False	False	False	False	not in our tested universe
TRIM12A	0.0138476198661329	0.959774621249282	-0.342845851030944	0.0303690821891145	-0.3566934708970769	TRIM12A	negative	True	True	False	True	False	False	False	False	False	True	False	False	DE-significant outside bend-point	False	False	False	False	False	tested source RSS, not source-constrained selected
CARTPT	-0.212361023343922	0.565886904118396	-0.56986369796383	0.0411286413058315	-0.3575026746199079	CARTPT	negative	True	True	False	True	False	False	False	False	False	True	False	False	DE-significant outside bend-point	False	False	False	False	False	tested source RSS, not source-constrained selected
GM16029	0.666168559300688	0.0233209027733011	0.308521033849716	0.368097110798318	-0.35764752545097195	GM16029	negative	True	False	False	False	False	False	False	False	False	False	False	False	not in our tested universe	False	False	False	False	False	not in our tested universe
ITM2A	0.0340404810857729	0.882202488796769	-0.325325360684383	0.01630318662591	-0.3593658417701559	ITM2A	negative	True	True	False	True	False	False	False	False	False	True	False	False	DE-significant outside bend-point	False	False	False	False	False	tested source RSS, not source-constrained selected
FLT1	0.354550563782029	0.0097859215794674	-0.00533279312036962	0.982061038202076	-0.3598833569023986	FLT1	negative	True	True	True	False	False	False	False	False	False	True	False	False	DE-significant outside bend-point	False	False	False	False	False	tested source RSS, not source-constrained selected
CENPK	-0.164047666934793	0.432432493708762	-0.525005107344223	0.000624688463755496	-0.36095744040943	CENPK	negative	True	True	False	True	False	False	False	False	False	True	False	False	DE-significant outside bend-point	False	False	False	False	False	tested source RSS, not source-constrained selected
NYNRIN	0.114919570068644	0.436047621668465	-0.246068191441545	0.0372402775857833	-0.36098776151018896	NYNRIN	negative	True	True	False	True	False	False	False	False	False	True	False	False	DE-significant outside bend-point	False	False	False	False	False	tested source RSS, not source-constrained selected
EMCN	0.438461643530416	0.00173495150759305	0.0773888883257247	0.705466093758113	-0.3610727552046913	EMCN	negative	True	True	True	False	False	False	False	False	False	True	False	False	DE-significant outside bend-point	False	False	False	False	False	tested source RSS, not source-constrained selected
GM20412	0.621905659076368	0.000713463040111903	0.260672258478091	0.231401268330011	-0.36123340059827697	GM20412	negative	True	False	False	False	False	False	False	False	False	False	False	False	not in our tested universe	False	False	False	False	False	not in our tested universe
SOX18	0.589061611594663	0.0366635342544832	0.227317023179085	0.515994403954006	-0.361744588415578	SOX18	negative	True	True	True	False	False	False	False	False	False	True	False	False	DE-significant outside bend-point	False	False	False	False	False	tested source RSS, not source-constrained selected
PDPN	0.493337545896441	0.000107718459358363	0.130962990194652	0.43489025447375	-0.362374555701789	PDPN	negative	True	True	True	False	False	False	False	False	False	True	False	False	DE-significant outside bend-point	False	False	False	False	False	tested source RSS, not source-constrained selected
SATB2	2.64247063159373	7.83353014566855e-11	2.28007266750061	2.44935659039267e-08	-0.3623979640931201	SATB2	negative	True	True	True	True	True	False	False	True	False	True	True	False	WT-only bend-point	True	False	False	True	False	WT-only source-constrained bend-point
WNT3	-0.415835121252071	0.0246261548487937	-0.778569223126304	1.04675963088937e-05	-0.36273410187423305	WNT3	negative	True	True	False	True	False	False	False	False	False	True	False	False	DE-significant outside bend-point	False	False	False	False	False	tested source RSS, not source-constrained selected
CMAH	0.605305834541259	0.00846060652642047	0.241863376817934	0.388600171922922	-0.36344245772332495	CMAH	negative	True	True	True	False	False	False	False	False	False	True	False	False	DE-significant outside bend-point	False	False	False	False	False	tested source RSS, not source-constrained selected
MT-ATP6	0.0709294682670532	0.541162406428803	-0.292571098383891	0.000325348929581068	-0.3635005666509442	MT-ATP6	negative	True	True	False	False	False	False	False	False	False	True	False	False	tested, not significant	False	False	False	False	False	tested source RSS, not source-constrained selected
MT-CYTB	0.114058442171574	0.221997359855346	-0.24960005202065	0.00130781156600559	-0.363658494192224	MT-CYTB	negative	True	True	False	True	False	False	False	False	False	True	False	False	DE-significant outside bend-point	False	False	False	False	False	tested source RSS, not source-constrained selected
CHEK1	0.499662430498134	0.000247843068939741	0.135089380523744	0.438966946688662	-0.36457304997439	CHEK1	negative	True	True	True	False	False	False	False	False	False	True	False	False	DE-significant outside bend-point	False	False	False	False	False	tested source RSS, not source-constrained selected
GM57344	0.74938387476519	0.00029688474823919	0.384676585118224	0.100912732572872	-0.36470728964696597	GM57344	negative	True	True	True	True	False	False	False	False	False	False	False	False	DE-significant outside bend-point	False	False	False	False	False	tested source RSS, not source-constrained selected
MDFIC	0.419134494164096	0.0180782647589674	0.0532894095532261	0.846612623192557	-0.3658450846108699	MDFIC	negative	True	True	True	False	False	False	False	False	False	True	False	False	DE-significant outside bend-point	False	False	False	False	False	tested source RSS, not source-constrained selected
GM16192	0.473295644064122	0.0298133583271981	0.10733528703878	0.72408693307288	-0.365960357025342	GM16192	negative	True	False	False	False	False	False	False	False	False	False	False	False	not in our tested universe	False	False	False	False	False	not in our tested universe
MT-ATP8	0.0666904593494514	0.586670328980181	-0.299615656745368	0.000364217201839463	-0.3663061160948194	MT-ATP8	negative	True	True	False	False	False	False	False	False	False	False	False	False	tested, not significant	False	False	False	False	False	tested source RSS, not source-constrained selected
GM49503	-0.118979733287583	0.540523148563077	-0.48568560348576	0.00033490159583561	-0.366705870198177	GM49503	negative	True	True	False	True	False	False	False	False	False	True	False	False	DE-significant outside bend-point	False	False	False	False	False	tested source RSS, not source-constrained selected
GM13341	0.0226561656037381	0.923668349820965	-0.344934775287061	0.00971693139281801	-0.36759094089079913	GM13341	negative	True	True	False	True	False	False	False	False	False	True	False	False	DE-significant outside bend-point	False	False	False	False	False	tested source RSS, not source-constrained selected
LRRC1	0.0470517255935555	0.783307758092434	-0.321292476020482	0.00199460432302917	-0.36834420161403747	LRRC1	negative	True	True	False	True	False	False	False	False	False	True	False	False	DE-significant outside bend-point	False	False	False	False	False	tested source RSS, not source-constrained selected
MT-ND2	0.0537957290776235	0.624987602023792	-0.315658216639855	1.1931691897002e-05	-0.36945394571747847	MT-ND2	negative	True	True	False	True	False	False	False	False	False	True	False	False	DE-significant outside bend-point	False	False	False	False	False	tested source RSS, not source-constrained selected
PLPP3	0.325366881501827	0.00917127127385836	-0.044347853723818	0.819636866416632	-0.369714735225645	PLPP3	negative	True	True	True	False	False	False	False	False	False	True	False	False	DE-significant outside bend-point	False	False	False	False	False	tested source RSS, not source-constrained selected
APOBR	0.790864455481983	0.000106098476360833	0.419991823426231	0.0617150677126425	-0.37087263205575205	APOBR	negative	True	True	True	False	False	False	False	False	False	True	False	False	DE-significant outside bend-point	False	False	False	False	False	tested source RSS, not source-constrained selected
GATA2	0.548372609651825	0.025490716518035	0.177474779844789	0.578810209013677	-0.370897829807036	GATA2	negative	True	True	True	False	False	False	False	False	False	True	False	False	DE-significant outside bend-point	False	False	False	False	False	tested source RSS, not source-constrained selected
A530088E08RIK	-0.356365733013499	0.350916199865223	-0.728068534747633	0.0306505058381977	-0.371702801734134	A530088E08RIK	negative	True	False	False	False	False	False	False	False	False	False	False	False	not in our tested universe	False	False	False	False	False	not in our tested universe
RNF225	0.790300342219381	0.00943141414154934	0.41855214263753	0.230307717300945	-0.37174819958185096	RNF225	negative	True	True	True	False	False	False	False	False	False	True	False	False	DE-significant outside bend-point	False	False	False	False	False	tested source RSS, not source-constrained selected
SHMT1	0.269055534722826	0.0315169134338069	-0.102741495559885	0.505088439337895	-0.371797030282711	SHMT1	negative	True	True	False	False	False	False	False	False	False	True	False	False	tested, not significant	False	False	False	False	False	tested source RSS, not source-constrained selected
GM9001	-0.0377005109134359	0.848477100393707	-0.410257052802062	0.000256561826857146	-0.3725565418886261	GM9001	negative	True	False	False	False	False	False	False	False	False	False	False	False	not in our tested universe	False	False	False	False	False	not in our tested universe
FGF14	-0.239367264097702	0.339039061399358	-0.612179294617357	0.00173872284336351	-0.37281203051965495	FGF14	negative	True	True	True	True	False	False	False	False	False	True	False	False	DE-significant outside bend-point	False	False	False	False	False	tested source RSS, not source-constrained selected
OR52B6-PS1	2.7537036513431	0.000982958743781668	2.38086624605348	0.00389454121678913	-0.37283740528962017	OR52B6-PS1	negative	True	False	False	False	False	False	False	False	False	False	False	False	not in our tested universe	False	False	False	False	False	not in our tested universe
COL14A1	0.345464047385391	0.0163454553953416	-0.027725315430488	0.905620045625979	-0.373189362815879	COL14A1	negative	True	True	True	False	False	False	False	False	False	True	False	False	DE-significant outside bend-point	False	False	False	False	False	tested source RSS, not source-constrained selected
9530018F02RIK	-0.226607783346253	0.448581922904914	-0.600185655664382	0.0144105226906815	-0.373577872318129	9530018F02RIK	negative	True	True	False	True	False	False	False	False	False	True	False	False	DE-significant outside bend-point	False	False	False	False	False	tested source RSS, not source-constrained selected
GFAP	2.38229273276648	6.0447667736756e-08	2.00775914788851	8.31682114085951e-06	-0.37453358487797006	GFAP	negative	True	True	True	True	False	False	False	False	False	True	False	False	DE-significant outside bend-point	False	False	False	False	False	tested source RSS, not source-constrained selected
TGFB1	0.35135442814468	0.0297445982915908	-0.0233407146210437	0.927556600981384	-0.3746951427657237	TGFB1	negative	True	True	True	False	False	False	False	False	False	True	False	False	DE-significant outside bend-point	False	False	False	False	False	tested source RSS, not source-constrained selected
C730002L08RIK	0.0200195184726906	0.947578423142317	-0.355086354390281	0.0418600992336789	-0.37510587286297165	C730002L08RIK	negative	True	False	False	False	False	False	False	False	False	False	False	False	not in our tested universe	False	False	False	False	False	not in our tested universe
GM56758	0.75045110781399	0.000378281678275091	0.374411236392898	0.118849516553093	-0.3760398714210921	GM56758	negative	True	True	True	True	False	False	False	False	False	True	False	False	DE-significant outside bend-point	False	False	False	False	False	tested source RSS, not source-constrained selected
SUSD5	-0.308528104730848	0.273412263765517	-0.685079360157594	0.00296279532141505	-0.37655125542674595	SUSD5	negative	True	True	False	True	False	False	False	False	False	True	False	False	DE-significant outside bend-point	False	False	False	False	False	tested source RSS, not source-constrained selected
PWWP3B	-0.335470192137849	0.0536784568111712	-0.712829755977357	1.69724689307341e-06	-0.37735956383950797	PWWP3B	negative	True	True	False	True	False	False	False	False	False	True	False	False	DE-significant outside bend-point	False	False	False	False	False	tested source RSS, not source-constrained selected
NLRP3	0.587693013169594	0.00188958382285716	0.209797821911196	0.367753209835859	-0.377895191258398	NLRP3	negative	True	True	False	False	False	False	False	False	False	True	False	False	tested, not significant	False	False	False	False	False	tested source RSS, not source-constrained selected
IL22RA2	-0.97525221852495	0.0074007334578963	-1.35347201455006	9.00148629064476e-05	-0.37821979602511	IL22RA2	negative	True	True	True	True	False	False	False	False	False	True	False	False	DE-significant outside bend-point	False	False	False	False	False	tested source RSS, not source-constrained selected
CALCRL	0.245888444656966	0.00776435525476059	-0.132332754798807	0.202722228798671	-0.378221199455773	CALCRL	negative	True	True	True	False	False	False	False	False	False	True	False	False	DE-significant outside bend-point	False	False	False	False	False	tested source RSS, not source-constrained selected
GM5544	0.721229900156743	0.0325979899817262	0.342986470802558	0.370045739628666	-0.37824342935418503	GM5544	negative	True	True	False	False	False	False	False	False	False	True	False	False	tested, not significant	False	False	False	False	False	tested source RSS, not source-constrained selected
MOGAT1	-0.310809882055304	0.122302550408185	-0.689232506518216	5.87741240992675e-05	-0.37842262446291197	MOGAT1	negative	True	True	False	True	False	False	False	False	False	True	False	False	DE-significant outside bend-point	False	False	False	False	False	tested source RSS, not source-constrained selected
4921513I03RIK	0.0527641282895418	0.688838602921763	-0.32570160741287	8.6907898168344e-05	-0.3784657357024118	4921513I03RIK	negative	True	False	False	False	False	False	False	False	False	False	False	False	not in our tested universe	False	False	False	False	False	not in our tested universe
GM45436	-1.48890956271384	0.00333349365034063	-1.8687313375793	0.000173239375582169	-0.37982177486546	GM45436	negative	True	False	False	False	False	False	False	False	False	False	False	False	not in our tested universe	False	False	False	False	False	not in our tested universe
MT-TS1	0.131720925013656	0.205329811765393	-0.248260654611192	0.00517335763105225	-0.379981579624848	MT-TS1	negative	True	False	False	False	False	False	False	False	False	False	False	False	not in our tested universe	False	False	False	False	False	not in our tested universe
NKAIN4	0.000343811750148878	0.998801164248707	-0.380128737384845	0.00336188208159804	-0.38047254913499384	NKAIN4	negative	True	True	False	True	False	False	False	False	False	True	False	False	DE-significant outside bend-point	False	False	False	False	False	tested source RSS, not source-constrained selected
MT-TE	0.089502120576731	0.542384183086277	-0.291285014181614	0.00639330782118885	-0.380787134758345	MT-TE	negative	True	True	False	False	False	False	False	False	False	False	False	False	tested, not significant	False	False	False	False	False	tested source RSS, not source-constrained selected
MCIDAS	-0.427627492975344	0.333094489014064	-0.808897532228378	0.0348308951233831	-0.381270039253034	MCIDAS	negative	True	True	False	False	False	False	False	False	False	True	False	False	tested, not significant	False	False	False	False	False	tested source RSS, not source-constrained selected
SH2D1B1	0.779514029353585	0.0180160877755538	0.398155512599777	0.290191124000746	-0.38135851675380805	SH2D1B1	negative	True	True	False	False	False	False	False	False	False	True	False	False	tested, not significant	False	False	False	False	False	tested source RSS, not source-constrained selected
LAGE3	-0.0360139103825728	0.828569027264085	-0.417509932515191	9.59505853657964e-06	-0.3814960221326182	LAGE3	negative	True	True	False	True	False	False	False	False	False	True	False	False	DE-significant outside bend-point	False	False	False	False	False	tested source RSS, not source-constrained selected
GM4076	-0.0949086102077351	0.677776356495621	-0.476854974722278	0.00144054356867348	-0.3819463645145429	GM4076	negative	True	False	False	False	False	False	False	False	False	False	False	False	not in our tested universe	False	False	False	False	False	not in our tested universe
4930442G10RIK	-0.53569054096837	0.20318240557457	-0.91801870320899	0.0108096932349794	-0.38232816224062005	4930442G10RIK	negative	True	False	False	False	False	False	False	False	False	False	False	False	not in our tested universe	False	False	False	False	False	not in our tested universe
GM2018	-1.06228592834339	0.000378495628856889	-1.44484205193949	1.28920410468405e-06	-0.3825561235960999	GM2018	negative	True	False	False	False	False	False	False	False	False	False	False	False	not in our tested universe	False	False	False	False	False	not in our tested universe
GM31974	1.13642389017493	1.44007342448486e-14	0.753732147322091	5.96275782839641e-07	-0.3826917428528389	GM31974	negative	True	False	False	False	False	False	False	False	False	False	False	False	not in our tested universe	False	False	False	False	False	not in our tested universe
GM47033	1.24326165566072	0.000243536574526501	0.860155878955685	0.0159085758896877	-0.3831057767050351	GM47033	negative	True	True	True	True	False	False	False	False	False	True	False	False	DE-significant outside bend-point	False	False	False	False	False	tested source RSS, not source-constrained selected
CCN4	0.928012879343838	2.27583122614327e-18	0.544012283385338	6.84106787591763e-07	-0.3840005959585	CCN4	negative	True	True	True	True	True	False	False	True	False	True	True	False	WT-only bend-point	False	False	False	False	False	tested source RSS, not source-constrained selected
N4BP2	0.47054273375262	0.0103384175686974	0.0863402291426754	0.744319107401911	-0.3842025046099446	N4BP2	negative	True	True	True	False	False	False	False	False	False	True	False	False	DE-significant outside bend-point	False	False	False	False	False	tested source RSS, not source-constrained selected
RIN1	3.29951497598228	9.11309215498013e-76	2.91482323457616	2.56817810540588e-61	-0.38469174140612017	RIN1	negative	True	True	True	True	True	True	True	False	False	True	True	False	shared WT/cKO bend-point	True	True	True	False	False	shared source-constrained bend-point
CNKSR3	0.547056274341237	1.88202873756357e-08	0.162312054317603	0.167223537196049	-0.38474422002363406	CNKSR3	negative	True	True	True	False	False	False	False	False	False	True	False	False	DE-significant outside bend-point	False	False	False	False	False	tested source RSS, not source-constrained selected
ADAMTS6	-0.0133762580553265	0.968719047332366	-0.399054569834471	0.036417096992748	-0.3856783117791445	ADAMTS6	negative	True	True	False	True	False	False	False	False	False	True	False	False	DE-significant outside bend-point	False	False	False	False	False	tested source RSS, not source-constrained selected
LCE6A	1.42488800341674	4.61174518080298e-05	1.03915490130298	0.00646109581353555	-0.38573310211376	LCE6A	negative	True	True	True	True	False	False	False	False	False	True	False	False	DE-significant outside bend-point	False	False	False	False	False	tested source RSS, not source-constrained selected
ADAMTS1	1.06889668202867	5.01583502175375e-09	0.682523445725151	0.000385560157113536	-0.38637323630351905	ADAMTS1	negative	True	True	True	True	False	False	False	False	False	True	False	False	DE-significant outside bend-point	False	False	False	False	False	tested source RSS, not source-constrained selected
CCDC152	0.106680484818515	0.538855152426662	-0.280099416160648	0.033757245950326	-0.386779900979163	CCDC152	negative	True	True	False	False	False	False	False	False	False	True	False	False	tested, not significant	False	False	False	False	False	tested source RSS, not source-constrained selected
LOXL2	0.69878585676503	1.7334430127698e-05	0.310835553942248	0.0941065445754798	-0.38795030282278203	LOXL2	negative	True	True	True	True	False	False	False	False	False	True	False	False	DE-significant outside bend-point	False	False	False	False	False	tested source RSS, not source-constrained selected
TMOD3	0.279919656283055	0.0335084973990828	-0.109996264363517	0.4999338058504	-0.389915920646572	TMOD3	negative	True	True	True	False	False	False	False	False	False	True	False	False	DE-significant outside bend-point	False	False	False	False	False	tested source RSS, not source-constrained selected
PLSCR1	0.572254856741873	0.00196816948082618	0.18214305720551	0.438055947113082	-0.39011179953636305	PLSCR1	negative	True	True	True	False	False	False	False	False	False	True	False	False	DE-significant outside bend-point	False	False	False	False	False	tested source RSS, not source-constrained selected
PLEKHG6	0.804894499239583	3.25753086863236e-05	0.414504479008036	0.0500168634349577	-0.390390020231547	PLEKHG6	negative	True	True	False	False	False	False	False	False	False	True	False	False	tested, not significant	False	False	False	False	False	tested source RSS, not source-constrained selected
TENT5A	0.474524691767688	0.00696183434644479	0.0830759478049192	0.748316877339978	-0.39144874396276885	TENT5A	negative	True	True	True	False	False	False	False	False	False	True	False	False	DE-significant outside bend-point	False	False	False	False	False	tested source RSS, not source-constrained selected
GM9484	1.56255376642535	0.000577201499463108	1.17110282222198	0.0152292107836686	-0.39145094420337	GM9484	negative	True	True	True	False	False	False	False	False	False	True	False	False	DE-significant outside bend-point	False	False	False	False	False	tested source RSS, not source-constrained selected
BVHT	0.0982053941001208	0.544783282263179	-0.293745890551388	0.013745245256651	-0.3919512846515088	BVHT	negative	True	True	False	True	False	False	False	False	False	True	False	False	DE-significant outside bend-point	False	False	False	False	False	tested source RSS, not source-constrained selected
FNDC1	-0.0391972087357594	0.89439853771728	-0.431656895919648	0.0110376211892339	-0.39245968718388863	FNDC1	negative	True	True	False	True	False	False	False	False	False	True	False	False	DE-significant outside bend-point	False	False	False	False	False	tested source RSS, not source-constrained selected
P2RY6	0.597292461746406	0.0247764642514351	0.204664777074624	0.547591473810011	-0.39262768467178205	P2RY6	negative	True	True	True	False	False	False	False	False	False	True	False	False	DE-significant outside bend-point	False	False	False	False	False	tested source RSS, not source-constrained selected
GM17134	0.391166584481738	0.0254129084930699	-0.00149716930726621	0.996117024709616	-0.39266375378900426	GM17134	negative	True	False	False	False	False	False	False	False	False	False	False	False	not in our tested universe	False	False	False	False	False	not in our tested universe
B530045E10RIK	0.652418124600062	0.0428140881233753	0.259588932517436	0.521429635094421	-0.392829192082626	B530045E10RIK	negative	True	False	False	False	False	False	False	False	False	False	False	False	not in our tested universe	False	False	False	False	False	not in our tested universe
LRRC17	-0.579242477966971	0.00185390898296078	-0.972182954850004	1.98644284911289e-08	-0.392940476883033	LRRC17	negative	True	True	True	True	False	False	False	False	False	True	False	False	DE-significant outside bend-point	False	False	False	False	False	tested source RSS, not source-constrained selected
CASTOR1	0.0271826207451463	0.910583516919887	-0.366855045101691	0.00783952367223689	-0.3940376658468373	CASTOR1	negative	True	True	False	True	False	False	False	False	False	True	False	False	DE-significant outside bend-point	False	False	False	False	False	tested source RSS, not source-constrained selected
FAM120AOS	0.0179291699242081	0.94064457614167	-0.376776457496391	0.00474542605263237	-0.3947056274205991	FAM120AOS	negative	True	True	False	True	False	False	False	False	False	True	False	False	DE-significant outside bend-point	False	False	False	False	False	tested source RSS, not source-constrained selected
GPX3	0.291932273199995	0.0148609838215969	-0.10332567697522	0.49652204120187	-0.395257950175215	GPX3	negative	True	True	True	False	False	False	False	False	False	True	False	False	DE-significant outside bend-point	False	False	False	False	False	tested source RSS, not source-constrained selected
GM18755	-0.609356741660641	0.179480820482969	-1.0056375769463	0.0113681992394412	-0.39628083528565894	GM18755	negative	True	False	False	False	False	False	False	False	False	False	False	False	not in our tested universe	False	False	False	False	False	not in our tested universe
CFAP70	-0.0419780723187109	0.870413786318029	-0.439920409655233	0.00242640902640563	-0.39794233733652207	CFAP70	negative	True	True	False	True	False	False	False	False	False	True	False	False	DE-significant outside bend-point	False	False	False	False	False	tested source RSS, not source-constrained selected
FAM110D	0.834855694343584	0.000565860809096666	0.436161395718406	0.110038616469006	-0.39869429862517797	FAM110D	negative	True	True	True	False	False	False	False	False	False	True	False	False	DE-significant outside bend-point	False	False	False	False	False	tested source RSS, not source-constrained selected
LRATD2	0.129291709160187	0.31819617826739	-0.26998107067555	0.0118202817617958	-0.399272779835737	LRATD2	negative	True	True	False	True	False	False	False	False	False	True	False	False	DE-significant outside bend-point	False	False	False	False	False	tested source RSS, not source-constrained selected
KLF12	0.36841854376836	4.59127826473144e-05	-0.031377060684285	0.834475426080303	-0.39979560445264495	KLF12	negative	True	True	True	False	False	False	False	False	False	True	False	False	DE-significant outside bend-point	False	False	False	False	False	tested source RSS, not source-constrained selected
EPHA4	-0.239414619246853	0.27340046331173	-0.639236131700464	0.000211259708106796	-0.39982151245361097	EPHA4	negative	True	True	False	True	False	False	False	False	False	True	False	False	DE-significant outside bend-point	False	False	False	False	False	tested source RSS, not source-constrained selected
SEMA3C	0.35302201089999	0.0149426316124498	-0.0476447483388952	0.832064616382001	-0.40066675923888523	SEMA3C	negative	True	True	True	False	False	False	False	False	False	True	False	False	DE-significant outside bend-point	False	False	False	False	False	tested source RSS, not source-constrained selected
EPHB4	0.386377829094846	0.019337390988492	-0.0151589181444146	0.955463082521447	-0.40153674723926064	EPHB4	negative	True	True	True	False	False	False	False	False	False	True	False	False	DE-significant outside bend-point	False	False	False	False	False	tested source RSS, not source-constrained selected
DYNLT1C	0.729417674982185	7.91131866736347e-07	0.327691485764638	0.0500746588676462	-0.401726189217547	DYNLT1C	negative	True	True	True	True	False	False	False	False	False	True	False	False	DE-significant outside bend-point	False	False	False	False	False	tested source RSS, not source-constrained selected
FUT9	-0.25856318902548	0.468189875038164	-0.661464365845149	0.0160845278064971	-0.402901176819669	FUT9	negative	True	True	False	False	False	False	False	False	False	True	False	False	tested, not significant	False	False	False	False	False	tested source RSS, not source-constrained selected
ATP8B3	-0.235162766338621	0.388207195417543	-0.638336698013069	0.00228227007273981	-0.40317393167444804	ATP8B3	negative	True	True	False	True	False	False	False	False	False	True	False	False	DE-significant outside bend-point	False	False	False	False	False	tested source RSS, not source-constrained selected
GM12333	0.380370524961348	0.0453177552279601	-0.0235633189251422	0.93774947960194	-0.4039338438864902	GM12333	negative	True	False	False	False	False	False	False	False	False	False	False	False	not in our tested universe	False	False	False	False	False	not in our tested universe
LRP8OS3	-0.508276667645349	0.0119620762741568	-0.912244832142239	9.37713519650924e-07	-0.40396816449689	LRP8OS3	negative	True	True	True	True	False	False	False	False	False	True	False	False	DE-significant outside bend-point	False	False	False	False	False	tested source RSS, not source-constrained selected
1110002J07RIK	0.97878355404558	0.00386116592656458	0.57477767943507	0.109727350245014	-0.4040058746105101	1110002J07RIK	negative	True	True	False	False	False	False	False	False	False	False	False	False	tested, not significant	False	False	False	False	False	tested source RSS, not source-constrained selected
SMAGP	1.11164379354329	5.98698354557627e-12	0.707399503818977	2.40825547771692e-05	-0.4042442897243129	SMAGP	negative	True	True	True	True	False	False	False	False	False	True	False	False	DE-significant outside bend-point	False	False	False	False	False	tested source RSS, not source-constrained selected
SAMD9L	0.416504431095927	0.0225216264855584	0.0120773244210388	0.968304494695779	-0.4044271066748882	SAMD9L	negative	True	True	True	False	False	False	False	False	False	True	False	False	DE-significant outside bend-point	False	False	False	False	False	tested source RSS, not source-constrained selected
LIMA1	0.327430344325919	0.0440433131382597	-0.0771928712451529	0.731235484804757	-0.4046232155710719	LIMA1	negative	True	True	True	False	False	False	False	False	False	True	False	False	DE-significant outside bend-point	False	False	False	False	False	tested source RSS, not source-constrained selected
TRBV13-2	1.39165989451568	0.0117861270696138	0.986843745512471	0.10298281880109	-0.40481614900320895	TRBV13-2	negative	True	True	True	False	False	False	False	False	False	True	False	False	DE-significant outside bend-point	False	False	False	False	False	tested source RSS, not source-constrained selected
GM49205	-0.18132258991546	0.406564269163112	-0.586593295806315	0.000265628473371117	-0.405270705890855	GM49205	negative	True	True	False	True	False	False	False	False	False	True	False	False	DE-significant outside bend-point	False	False	False	False	False	tested source RSS, not source-constrained selected
HPGD	-0.231766609129206	0.354798612736351	-0.637450886538662	0.00105096708255384	-0.405684277409456	HPGD	negative	True	True	False	True	False	False	False	False	False	True	False	False	DE-significant outside bend-point	False	False	False	False	False	tested source RSS, not source-constrained selected
CYP27A1	-0.174635350321431	0.671501499374064	-0.581295021065793	0.0465723758383115	-0.40665967074436205	CYP27A1	negative	True	True	False	True	False	False	False	False	False	True	False	False	DE-significant outside bend-point	False	False	False	False	False	tested source RSS, not source-constrained selected
GM16838	-0.320013900027793	0.514982919045634	-0.727465882382168	0.0354285573988381	-0.407451982354375	GM16838	negative	True	False	False	False	False	False	False	False	False	False	False	False	not in our tested universe	False	False	False	False	False	not in our tested universe
GM56768	0.384290526310555	0.034637285869798	-0.0247708589397791	0.93144169604958	-0.4090613852503341	GM56768	negative	True	True	True	False	False	False	False	False	False	True	False	False	DE-significant outside bend-point	False	False	False	False	False	tested source RSS, not source-constrained selected
GSTA3	-0.516425494394651	0.323398251647639	-0.925807261431926	0.0242440005276708	-0.409381767037275	GSTA3	negative	True	True	False	False	False	False	False	False	False	True	False	False	tested, not significant	False	False	False	False	False	tested source RSS, not source-constrained selected
IL17RE	-1.01063903662809	0.000413513639518383	-1.42212167901566	9.08598404626675e-08	-0.41148264238756993	IL17RE	negative	True	True	True	True	False	False	False	False	False	True	False	False	DE-significant outside bend-point	False	False	False	False	False	tested source RSS, not source-constrained selected
TMEM91	-0.312803998105349	0.362241324027038	-0.724713014815469	0.00821557309402839	-0.41190901671012004	TMEM91	negative	True	True	False	True	False	False	False	False	False	True	False	False	DE-significant outside bend-point	False	False	False	False	False	tested source RSS, not source-constrained selected
GM47080	1.48490351628191	0.000316319273182349	1.07224541527242	0.0168084606080579	-0.4126581010094901	GM47080	negative	True	False	False	False	False	False	False	False	False	False	False	False	not in our tested universe	False	False	False	False	False	not in our tested universe
1700096J18RIK	0.507359607009575	0.0391133082574271	0.0945497461438101	0.794625439095479	-0.41280986086576493	1700096J18RIK	negative	True	False	False	False	False	False	False	False	False	False	False	False	not in our tested universe	False	False	False	False	False	not in our tested universe
FLRT2	0.0403879143389228	0.897151658993278	-0.372630778263285	0.0469014970100168	-0.4130186926022078	FLRT2	negative	True	True	False	False	False	False	False	False	False	True	False	False	tested, not significant	False	False	False	False	False	tested source RSS, not source-constrained selected
9230112J17RIK	-0.263014386879825	0.139174384054927	-0.676208198442521	6.97442936969418e-06	-0.413193811562696	9230112J17RIK	negative	True	True	False	True	False	False	False	False	False	True	False	False	DE-significant outside bend-point	False	False	False	False	False	tested source RSS, not source-constrained selected
XDH	1.1386577897357	3.90192194393025e-05	0.725305294690434	0.014457070267837	-0.41335249504526594	XDH	negative	True	True	True	True	False	False	False	False	False	True	False	False	DE-significant outside bend-point	False	False	False	False	False	tested source RSS, not source-constrained selected
GM49969	-0.0417384035757406	0.878533181505778	-0.45551006503749	0.00300313752865078	-0.4137716614617494	GM49969	negative	True	False	False	False	False	False	False	False	False	False	False	False	not in our tested universe	False	False	False	False	False	not in our tested universe
DNAAF1	0.353590492772042	0.0472596469066159	-0.0608540181900971	0.817723525967208	-0.41444451096213913	DNAAF1	negative	True	False	False	False	False	False	False	False	False	False	False	False	not in our tested universe	False	False	False	False	False	not in our tested universe
SLC5A6	-0.0793960749670618	0.720147494527411	-0.494360618549695	0.000426595223263441	-0.4149645435826332	SLC5A6	negative	True	True	False	True	False	False	False	False	False	True	False	False	DE-significant outside bend-point	False	False	False	False	False	tested source RSS, not source-constrained selected
LINCRED1	1.44550138307976	0.00845332238729282	1.02840103565103	0.0440971133588513	-0.41710034742873003	LINCRED1	negative	True	True	True	False	False	False	False	False	False	True	False	False	DE-significant outside bend-point	False	False	False	False	False	tested source RSS, not source-constrained selected
IRX3OS	0.398483665443634	0.0319573096330888	-0.0200237622007164	0.947369637566106	-0.4185074276443504	IRX3OS	negative	True	True	False	False	False	False	False	False	False	True	False	False	tested, not significant	False	False	False	False	False	tested source RSS, not source-constrained selected
CDT1	1.23423361161926	3.89983250288621e-13	0.815641506227096	2.88151373698164e-06	-0.41859210539216407	CDT1	negative	True	True	True	True	False	False	False	False	False	True	False	False	DE-significant outside bend-point	False	False	False	False	False	tested source RSS, not source-constrained selected
ELF5	-0.131911142998262	0.615260730565404	-0.551022449301515	0.00208605536510258	-0.419111306303253	ELF5	negative	True	True	False	True	False	False	False	False	False	True	False	False	DE-significant outside bend-point	False	False	False	False	False	tested source RSS, not source-constrained selected
GM33280	-0.27479395396616	0.442297496753067	-0.694396683184976	0.0118585091687263	-0.41960272921881603	GM33280	negative	True	True	False	False	False	False	False	False	False	True	False	False	tested, not significant	False	False	False	False	False	tested source RSS, not source-constrained selected
ADGRV1	0.00320239900639468	0.992289036231173	-0.4168915185159	0.0121388927430463	-0.4200939175222947	ADGRV1	negative	True	True	False	False	False	False	False	False	False	True	False	False	tested, not significant	False	False	False	False	False	tested source RSS, not source-constrained selected
HSPB2	0.0353387624460791	0.889638478161351	-0.385182929544735	0.00865004524633023	-0.4205216919908141	HSPB2	negative	True	True	False	False	False	False	False	False	False	True	False	False	tested, not significant	False	False	False	False	False	tested source RSS, not source-constrained selected
6330549D23RIK	0.219260823372393	0.00459861857408882	-0.201665027746345	0.784121144305905	-0.42092585111873804	6330549D23RIK	negative	True	True	False	False	False	False	False	False	False	True	False	False	tested, not significant	False	False	False	False	False	tested source RSS, not source-constrained selected
LMO4	0.29920313508607	0.0234122449857854	-0.121731193436452	0.450102752757589	-0.420934328522522	LMO4	negative	True	True	True	False	False	False	False	False	False	True	False	False	DE-significant outside bend-point	False	False	False	False	False	tested source RSS, not source-constrained selected
TRIM47	0.897435286973406	8.82663837032695e-10	0.475799764142935	0.00253602052621891	-0.421635522830471	TRIM47	negative	True	True	True	True	False	False	False	False	False	True	False	False	DE-significant outside bend-point	False	False	False	False	False	tested source RSS, not source-constrained selected
GM47467	-0.172903062254467	0.51432475609564	-0.594598474450527	0.00123982244929047	-0.42169541219606005	GM47467	negative	True	True	False	True	False	False	False	False	False	True	False	False	DE-significant outside bend-point	False	False	False	False	False	tested source RSS, not source-constrained selected
GM15199	3.54214303656809	0.00146205855684393	3.12013242534081	0.00017522154295887	-0.4220106112272801	GM15199	negative	True	False	False	False	False	False	False	False	False	False	False	False	not in our tested universe	False	False	False	False	False	not in our tested universe
TMEM95	1.41113289266682	1.82274804981936e-09	0.988767842792719	2.2286478078114e-05	-0.42236504987410106	TMEM95	negative	True	True	True	True	False	False	False	False	False	True	False	False	DE-significant outside bend-point	False	False	False	False	False	tested source RSS, not source-constrained selected
KRT6A	9.66604379647563	2.37834005533585e-21	9.24116841758154	1.27413942044649e-19	-0.4248753788940913	KRT6A	negative	True	True	True	True	True	True	True	False	False	True	True	False	shared WT/cKO bend-point	True	True	True	False	False	shared source-constrained bend-point
JCAD	0.448092703618645	0.0147113203730999	0.022872956345453	0.938989755632807	-0.425219747273192	JCAD	negative	True	True	True	False	False	False	False	False	False	True	False	False	DE-significant outside bend-point	False	False	False	False	False	tested source RSS, not source-constrained selected
MOG	1.38628303639216	9.25582615828696e-05	0.960768331109546	0.00894842086773258	-0.42551470528261415	MOG	negative	True	False	False	False	False	False	False	False	False	False	False	False	not in our tested universe	False	False	False	False	False	not in our tested universe
GM36355	-0.123032232091028	0.723703076275271	-0.548861110375115	0.0156559089813472	-0.425828878284087	GM36355	negative	True	True	False	False	False	False	False	False	False	True	False	False	tested, not significant	False	False	False	False	False	tested source RSS, not source-constrained selected
GM57251	0.722834053414031	1.2774435688879e-05	0.295595421362547	0.128110065806352	-0.42723863205148394	GM57251	negative	True	True	False	False	False	False	False	False	False	True	False	False	tested, not significant	False	False	False	False	False	tested source RSS, not source-constrained selected
4930528D03RIK	1.78400645505602	7.56568419373139e-07	1.35535424260647	9.91417121186131e-05	-0.42865221244955	4930528D03RIK	negative	True	False	False	False	False	False	False	False	False	False	False	False	not in our tested universe	False	False	False	False	False	not in our tested universe
IFITM3	0.723700827607586	1.18461261785629e-05	0.294891697628047	0.128154028615818	-0.428809129979539	IFITM3	negative	True	True	True	False	False	False	False	False	False	True	False	False	DE-significant outside bend-point	False	False	False	False	False	tested source RSS, not source-constrained selected
PGF	-0.335062126865825	0.0048269909266965	-0.763930518826995	6.55008073769004e-13	-0.42886839196117005	PGF	negative	True	True	True	True	False	False	False	False	False	True	False	False	DE-significant outside bend-point	False	False	False	False	False	tested source RSS, not source-constrained selected
C230057A21RIK	-0.93110597011073	0.0660940606670741	-1.3600507290882	0.00370967926687192	-0.42894475897747	C230057A21RIK	negative	True	True	False	True	False	False	False	False	False	True	False	False	DE-significant outside bend-point	False	False	False	False	False	tested source RSS, not source-constrained selected
IFITM2	0.441714665118271	0.00271690107306842	0.012661783986628	0.959898066953499	-0.429052881131643	IFITM2	negative	True	True	True	False	False	False	False	False	False	True	False	False	DE-significant outside bend-point	False	False	False	False	False	tested source RSS, not source-constrained selected
SPATA31D1E	2.18222896264133	2.76320159044551e-08	1.75267292705571	5.4409193120427e-06	-0.42955603558562006	SPATA31D1E	negative	True	True	True	True	False	False	False	False	False	True	False	False	DE-significant outside bend-point	False	False	False	False	False	tested source RSS, not source-constrained selected
C5AR1	1.1060435428542	2.39524237140743e-06	0.675967096495466	0.00663268719149969	-0.4300764463587339	C5AR1	negative	True	True	True	True	False	False	False	False	False	True	False	False	DE-significant outside bend-point	False	False	False	False	False	tested source RSS, not source-constrained selected
GM28438	-0.00375090417067939	0.98292291527879	-0.434529406587538	2.21577012889487e-07	-0.4307785024168586	GM28438	negative	True	False	False	False	False	False	False	False	False	False	False	False	not in our tested universe	False	False	False	False	False	not in our tested universe
MT-RNR2	0.0305933757031537	0.887128274537029	-0.400476283878628	0.00094255803655425	-0.4310696595817817	MT-RNR2	negative	True	True	False	True	False	False	False	False	False	True	False	False	DE-significant outside bend-point	False	False	False	False	False	tested source RSS, not source-constrained selected
ADCY4	0.719518667326754	0.00228401425033444	0.288103574600522	0.316339931844445	-0.43141509272623196	ADCY4	negative	True	True	True	False	False	False	False	False	False	True	False	False	DE-significant outside bend-point	False	False	False	False	False	tested source RSS, not source-constrained selected
MCM3	0.53456035438168	0.0287343736099802	0.103044344868312	0.769898494849489	-0.43151600951336805	MCM3	negative	True	True	True	False	False	False	False	False	False	True	False	False	DE-significant outside bend-point	False	False	False	False	False	tested source RSS, not source-constrained selected
GM45717	0.440707080050027	0.00297164012527918	0.00898901014585888	0.971891774216733	-0.4317180699041681	GM45717	negative	True	False	False	False	False	False	False	False	False	False	False	False	not in our tested universe	False	False	False	False	False	not in our tested universe
GM32282	0.000741783007376568	0.998341328682692	-0.431229677774556	0.0186683554730923	-0.4319714607819326	GM32282	negative	True	True	False	False	False	False	False	False	False	True	False	False	tested, not significant	False	False	False	False	False	tested source RSS, not source-constrained selected
RAB29	0.304088390724986	0.0279873586268395	-0.128529815938297	0.438055947113082	-0.432618206663283	RAB29	negative	True	True	True	False	False	False	False	False	False	True	False	False	DE-significant outside bend-point	False	False	False	False	False	tested source RSS, not source-constrained selected
AW011738	0.0435743028330546	0.794793708352487	-0.389211915349104	7.722067480126e-05	-0.43278621818215857	AW011738	negative	True	True	False	True	False	False	False	False	False	True	False	False	DE-significant outside bend-point	False	False	False	False	False	tested source RSS, not source-constrained selected
MMP19	0.539083692697781	0.000720941669355616	0.10571506288588	0.640352519653095	-0.433368629811901	MMP19	negative	True	True	True	False	False	False	False	False	False	True	False	False	DE-significant outside bend-point	False	False	False	False	False	tested source RSS, not source-constrained selected
SOD3	0.314901362659186	0.00501952422950962	-0.118613188836727	0.391758461262304	-0.433514551495913	SOD3	negative	True	True	True	False	False	False	False	False	False	True	False	False	DE-significant outside bend-point	False	False	False	False	False	tested source RSS, not source-constrained selected
CITED2	1.14336522603794	1.64293287295702e-21	0.709016238597918	9.90964041731023e-09	-0.43434898744002215	CITED2	negative	True	True	True	True	True	False	False	True	False	True	True	False	WT-only bend-point	True	False	False	True	False	WT-only source-constrained bend-point
PTGIS	-0.17332757712557	0.348859513735812	-0.607869813893288	1.31181973745616e-05	-0.43454223676771797	PTGIS	negative	True	True	False	True	False	False	False	False	False	True	False	False	DE-significant outside bend-point	False	False	False	False	False	tested source RSS, not source-constrained selected
IGFBP4	0.34635126543373	0.00633892516638914	-0.0881988275718263	0.6115679540601	-0.4345500930055563	IGFBP4	negative	True	True	True	False	False	False	False	False	False	True	False	False	DE-significant outside bend-point	False	False	False	False	False	tested source RSS, not source-constrained selected
TGFBR2	0.399923551902716	0.00706534260512788	-0.0351950577638664	0.88478011063013	-0.4351186096665824	TGFBR2	negative	True	True	True	False	False	False	False	False	False	True	False	False	DE-significant outside bend-point	False	False	False	False	False	tested source RSS, not source-constrained selected
CRIM1	-0.00950841446303444	0.970075887205272	-0.444799169899134	0.00110997137066597	-0.4352907554360995	CRIM1	negative	True	True	False	True	False	False	False	False	False	True	False	False	DE-significant outside bend-point	False	False	False	False	False	tested source RSS, not source-constrained selected
GM16090	1.06547253015678	0.000458917957627421	0.627531959741996	0.0549648310837892	-0.43794057041478396	GM16090	negative	True	False	False	False	False	False	False	False	False	False	False	False	not in our tested universe	False	False	False	False	False	not in our tested universe
HS3ST3A1	-0.366182208907686	0.213117959801327	-0.805176930702424	0.000771866474092343	-0.43899472179473803	HS3ST3A1	negative	True	True	False	True	False	False	False	False	False	True	False	False	DE-significant outside bend-point	False	False	False	False	False	tested source RSS, not source-constrained selected
GAREM2	0.984045557753823	0.00126887501447948	0.54271291413083	0.100757089550344	-0.44133264362299296	GAREM2	negative	True	True	True	False	False	False	False	False	False	True	False	False	DE-significant outside bend-point	False	False	False	False	False	tested source RSS, not source-constrained selected
AFAP1L1	-0.0271159850675897	0.935713878078645	-0.468951106835397	0.0140578263159214	-0.44183512176780726	AFAP1L1	negative	True	True	False	True	False	False	False	False	False	True	False	False	DE-significant outside bend-point	False	False	False	False	False	tested source RSS, not source-constrained selected
GM44250	-0.000710121327547467	0.998034831636384	-0.443955102810035	0.000468321151771123	-0.44324498148248753	GM44250	negative	True	True	False	True	False	False	False	False	False	True	False	False	DE-significant outside bend-point	False	False	False	False	False	tested source RSS, not source-constrained selected
GM26740	-0.043550294226533	0.885535167575473	-0.487190399137521	0.00342380191186214	-0.443640104910988	GM26740	negative	True	True	False	False	False	False	False	False	False	True	False	False	tested, not significant	False	False	False	False	False	tested source RSS, not source-constrained selected
GM9989	0.0787992452309301	0.752877865686673	-0.366096276895635	0.0265276201664952	-0.44489552212656513	GM9989	negative	True	False	False	False	False	False	False	False	False	False	False	False	not in our tested universe	False	False	False	False	False	not in our tested universe
MRAP2	-0.362119151014223	0.18095534654659	-0.807334996378531	0.000340239310155529	-0.445215845364308	MRAP2	negative	True	True	False	True	False	False	False	False	False	True	False	False	DE-significant outside bend-point	False	False	False	False	False	tested source RSS, not source-constrained selected
TMEM86A	-0.108174753826516	0.516069815132666	-0.55512361981287	1.08927744276381e-06	-0.44694886598635397	TMEM86A	negative	True	True	False	True	False	False	False	False	False	True	False	False	DE-significant outside bend-point	False	False	False	False	False	tested source RSS, not source-constrained selected
PROC	-0.410774266853069	0.409511699508916	-0.859587019266733	0.0296817381847466	-0.448812752413664	PROC	negative	True	True	False	True	False	False	False	False	False	True	False	False	DE-significant outside bend-point	False	False	False	False	False	tested source RSS, not source-constrained selected
TMEM98	0.829486736742383	6.3400066927435e-09	0.380270640601259	0.0159720297378239	-0.44921609614112407	TMEM98	negative	True	True	True	True	False	False	False	False	False	True	False	False	DE-significant outside bend-point	False	False	False	False	False	tested source RSS, not source-constrained selected
GM37245	1.12553475092876	1.80667208471116e-06	0.675435358786083	0.00550658194251635	-0.45009939214267713	GM37245	negative	True	False	False	False	False	False	False	False	False	False	False	False	not in our tested universe	False	False	False	False	False	not in our tested universe
A830011K09RIK	-0.57662882053899	0.212547919445932	-1.02673363247413	0.0119347885984978	-0.45010481193514007	A830011K09RIK	negative	True	True	False	False	False	False	False	False	False	False	False	False	tested, not significant	False	False	False	False	False	tested source RSS, not source-constrained selected
LRRK1	-0.0695923033193257	0.780714220165487	-0.52136973933842	0.000581818545495668	-0.4517774360190943	LRRK1	negative	True	True	False	True	False	False	False	False	False	True	False	False	DE-significant outside bend-point	False	False	False	False	False	tested source RSS, not source-constrained selected
GM15441	0.0718819287334192	0.760391492203458	-0.381946896503623	0.012209813234603	-0.4538288252370422	GM15441	negative	True	True	False	False	False	False	False	False	False	True	False	False	tested, not significant	False	False	False	False	False	tested source RSS, not source-constrained selected
TXNIP	0.0715532854277599	0.762991494866636	-0.383009873073073	0.01232476561441	-0.4545631585008329	TXNIP	negative	True	True	False	True	False	False	False	False	False	True	False	False	DE-significant outside bend-point	False	False	False	False	False	tested source RSS, not source-constrained selected
KANK4OS	1.54279846084311	1.16604759691609e-13	1.08803832428579	3.292312894027e-07	-0.45476013655731995	KANK4OS	negative	True	True	True	True	True	False	False	True	False	True	False	False	WT-only bend-point	False	False	False	False	False	tested source RSS, not source-constrained selected
VGLL2	-1.09546542361361	0.0364384761144634	-1.5507701889777	0.00159255022681835	-0.4553047653640898	VGLL2	negative	True	True	False	True	False	False	False	False	False	True	False	False	DE-significant outside bend-point	False	False	False	False	False	tested source RSS, not source-constrained selected
MT-ND3	0.0479376218547856	0.773962369860424	-0.407438048017888	4.40960466608923e-05	-0.45537566987267364	MT-ND3	negative	True	True	False	False	False	False	False	False	False	True	False	False	tested, not significant	False	False	False	False	False	tested source RSS, not source-constrained selected
SERPINB9	-0.0479402586141024	0.847014507262348	-0.503333108927746	0.000438265146786044	-0.45539285031364357	SERPINB9	negative	True	True	False	True	False	False	False	False	False	True	False	False	DE-significant outside bend-point	False	False	False	False	False	tested source RSS, not source-constrained selected
GLT8D2	-0.1492280520057	0.543474652706707	-0.604729109404323	0.000375820144423253	-0.455501057398623	GLT8D2	negative	True	True	False	True	False	False	False	False	False	True	False	False	DE-significant outside bend-point	False	False	False	False	False	tested source RSS, not source-constrained selected
GM28154	1.02842548871227	1.58461541254102e-05	0.572174435679607	0.026717224718477	-0.4562510530326629	GM28154	negative	True	False	False	False	False	False	False	False	False	False	False	False	not in our tested universe	False	False	False	False	False	not in our tested universe
VANGL2	0.31902872773047	0.0246709976625531	-0.137808299545949	0.420172820872576	-0.45683702727641895	VANGL2	negative	True	True	True	False	False	False	False	False	False	True	False	False	DE-significant outside bend-point	False	False	False	False	False	tested source RSS, not source-constrained selected
GM10356	-0.103496569078497	0.810393073207774	-0.56118633098751	0.0446197888269793	-0.457689761909013	GM10356	negative	True	True	False	False	False	False	False	False	False	True	False	False	tested, not significant	False	False	False	False	False	tested source RSS, not source-constrained selected
MRC1	0.80109582889966	0.00995473158988165	0.33913488285909	0.365800551339207	-0.46196094604057003	MRC1	negative	True	True	True	False	False	False	False	False	False	True	False	False	DE-significant outside bend-point	False	False	False	False	False	tested source RSS, not source-constrained selected
MT-RNR1	0.0709244137942235	0.71778431489279	-0.391050325785462	0.00207206118942227	-0.4619747395796855	MT-RNR1	negative	True	True	False	True	False	False	False	False	False	True	False	False	DE-significant outside bend-point	False	False	False	False	False	tested source RSS, not source-constrained selected
AKR1C14	0.0426926622701229	0.857294330149291	-0.419918112444273	0.00214450967984079	-0.46261077471439593	AKR1C14	negative	True	True	False	True	False	False	False	False	False	True	False	False	DE-significant outside bend-point	False	False	False	False	False	tested source RSS, not source-constrained selected
MSTN	1.96568814224895	1.1385569422054e-17	1.50207941855611	7.02010450193309e-11	-0.4636087236928401	MSTN	negative	True	True	True	True	False	False	False	False	False	True	False	False	DE-significant outside bend-point	False	False	False	False	False	tested source RSS, not source-constrained selected
STK17B	0.94363497795641	4.41291411743877e-09	0.479267094763361	0.00597613417926652	-0.46436788319304906	STK17B	negative	True	True	True	True	False	False	False	False	False	True	False	False	DE-significant outside bend-point	False	False	False	False	False	tested source RSS, not source-constrained selected
ELF4	0.660837442136374	0.00608664671435354	0.195889343466757	0.536165526165454	-0.46494809866961695	ELF4	negative	True	True	True	False	False	False	False	False	False	True	False	False	DE-significant outside bend-point	False	False	False	False	False	tested source RSS, not source-constrained selected
GRP	4.5650003211906	8.59003211081454e-20	4.09976670453528	8.69716209843891e-22	-0.46523361665532015	GRP	negative	True	True	True	True	True	True	True	False	False	False	True	False	shared WT/cKO bend-point	True	True	True	False	False	shared source-constrained bend-point
MT-TY	0.0310246196619079	0.931775240048141	-0.434261583758355	0.0427597383895572	-0.4652862034202629	MT-TY	negative	True	False	False	False	False	False	False	False	False	False	False	False	not in our tested universe	False	False	False	False	False	not in our tested universe
CD300LD	0.684071071747114	0.026113043635974	0.217432274356437	0.585442654559622	-0.46663879739067704	CD300LD	negative	True	True	True	False	False	False	False	False	False	True	False	False	DE-significant outside bend-point	False	False	False	False	False	tested source RSS, not source-constrained selected
GM15631	-0.265454189690286	0.584148576645767	-0.733896652502439	0.0324695988129472	-0.46844246281215296	GM15631	negative	True	True	False	False	False	False	False	False	False	True	False	False	tested, not significant	False	False	False	False	False	tested source RSS, not source-constrained selected
P2RY10B	-0.496183449296259	0.360347658501148	-0.964694247527871	0.0224520815787734	-0.468510798231612	P2RY10B	negative	True	True	False	True	False	False	False	False	False	True	False	False	DE-significant outside bend-point	False	False	False	False	False	tested source RSS, not source-constrained selected
KLK10	-0.38771395752748	0.514437488295862	-0.85628785048929	0.0483386917432694	-0.46857389296181	KLK10	negative	True	True	False	True	False	False	False	False	False	True	False	False	DE-significant outside bend-point	False	False	False	False	False	tested source RSS, not source-constrained selected
GM8104	-0.764440910416221	0.0820460426675264	-1.23321325977629	0.00285796557830131	-0.46877234936006895	GM8104	negative	True	True	False	True	False	False	False	False	False	True	False	False	DE-significant outside bend-point	False	False	False	False	False	tested source RSS, not source-constrained selected
RASAL1	0.930343082888875	0.0239005276421835	0.461434169374169	0.332890308599585	-0.46890891351470604	RASAL1	negative	True	True	True	False	False	False	False	False	False	True	False	False	DE-significant outside bend-point	False	False	False	False	False	tested source RSS, not source-constrained selected
IRAG1	0.120180197789021	0.397203814373394	-0.349885164016338	0.00124195581462124	-0.470065361805359	IRAG1	negative	True	True	False	True	False	False	False	False	False	True	False	False	DE-significant outside bend-point	False	False	False	False	False	tested source RSS, not source-constrained selected
PODNL1	1.96855868264061	1.44356375692593e-17	1.49781153376539	1.43753700324429e-10	-0.4707471488752202	PODNL1	negative	True	True	True	True	False	False	False	False	False	True	False	False	DE-significant outside bend-point	False	False	False	False	False	tested source RSS, not source-constrained selected
PON3	0.0455660940805825	0.881276526630244	-0.426004945257972	0.0169328876390609	-0.4715710393385545	PON3	negative	True	True	False	True	False	False	False	False	False	True	False	False	DE-significant outside bend-point	False	False	False	False	False	tested source RSS, not source-constrained selected
GM19935	-0.187408214491422	0.380741280453078	-0.659235311021979	3.37698964033209e-05	-0.471827096530557	GM19935	negative	True	True	False	True	False	False	False	False	False	True	False	False	DE-significant outside bend-point	False	False	False	False	False	tested source RSS, not source-constrained selected
CPQ	0.128904973402435	0.530449222532553	-0.344282289474143	0.0267695312249394	-0.47318726287657803	CPQ	negative	True	True	False	True	False	False	False	False	False	True	False	False	DE-significant outside bend-point	False	False	False	False	False	tested source RSS, not source-constrained selected
NHLH1	-0.689494296994323	0.301610805137663	-1.1629837963915	0.040162660263396	-0.473489499397177	NHLH1	negative	True	True	False	True	False	False	False	False	False	True	False	False	DE-significant outside bend-point	False	False	False	False	False	tested source RSS, not source-constrained selected
SHB	0.446275907801108	0.00571443233844897	-0.0272263557367863	0.918561581033819	-0.47350226353789426	SHB	negative	True	True	True	False	False	False	False	False	False	True	False	False	DE-significant outside bend-point	False	False	False	False	False	tested source RSS, not source-constrained selected
ZG16	2.81568106015765	3.71130684938269e-26	2.34177321832998	3.05494458781085e-19	-0.4739078418276699	ZG16	negative	True	False	False	False	False	False	False	False	False	False	False	False	not in our tested universe	False	False	False	False	False	not in our tested universe
FCER1A	1.07194993487324	0.0199756163925702	0.597948239108357	0.244475146478188	-0.47400169576488294	FCER1A	negative	True	True	True	False	False	False	False	False	False	True	False	False	DE-significant outside bend-point	False	False	False	False	False	tested source RSS, not source-constrained selected
MAP4K1	-0.0262304086429241	0.943482762464676	-0.500337244990706	0.0205490390364426	-0.4741068363477819	MAP4K1	negative	True	True	False	True	False	False	False	False	False	True	False	False	DE-significant outside bend-point	False	False	False	False	False	tested source RSS, not source-constrained selected
TMEM30B	0.708114422732431	0.000225059079320828	0.233714015634976	0.324929013696387	-0.47440040709745496	TMEM30B	negative	True	True	True	False	False	False	False	False	False	True	False	False	DE-significant outside bend-point	False	False	False	False	False	tested source RSS, not source-constrained selected
GM40552	-1.93011239340186	0.0454528041940781	-2.4047091274371	0.0175370838107042	-0.47459673403523994	GM40552	negative	True	False	False	False	False	False	False	False	False	False	False	False	not in our tested universe	False	False	False	False	False	not in our tested universe
MDH1B	-0.0115175319311587	0.970668695281289	-0.486868220759822	0.00467656235094679	-0.4753506888286633	MDH1B	negative	True	True	False	True	False	False	False	False	False	True	False	False	DE-significant outside bend-point	False	False	False	False	False	tested source RSS, not source-constrained selected
2410004I01RIK	1.30150884828268	0.0357737282589122	0.82575446349406	0.227831800954738	-0.47575438478862	2410004I01RIK	negative	True	True	True	False	False	False	False	False	False	True	False	False	DE-significant outside bend-point	False	False	False	False	False	tested source RSS, not source-constrained selected
SPEER1C	8.93484903847775	9.43253463187045e-20	8.45743784075877	1.19135259205736e-17	-0.4774111977189808	SPEER1C	negative	True	True	True	True	True	True	True	False	False	False	False	False	shared WT/cKO bend-point	False	True	False	False	True	cKO-only source-constrained bend-point
TUBA8	-0.220206351559261	0.331637592099575	-0.698264051422693	6.73579724506089e-05	-0.478057699863432	TUBA8	negative	True	True	False	True	False	False	False	False	False	True	False	False	DE-significant outside bend-point	False	False	False	False	False	tested source RSS, not source-constrained selected
UCN	4.40829573201756	8.11290051535125e-33	3.92730857402449	1.45252886122332e-30	-0.48098715799307	UCN	negative	True	True	True	True	True	True	True	False	False	True	True	False	shared WT/cKO bend-point	True	True	True	False	False	shared source-constrained bend-point
HOXA2	-0.15785663196671	0.742258808064274	-0.640349974306399	0.04326667785766	-0.482493342339689	HOXA2	negative	True	True	False	False	False	False	False	False	False	True	False	False	tested, not significant	False	False	False	False	False	tested source RSS, not source-constrained selected
CFAP141	0.726484967492952	0.0476381778640534	0.24385652616538	0.626624299316298	-0.482628441327572	CFAP141	negative	True	False	False	False	False	False	False	False	False	False	False	False	not in our tested universe	False	False	False	False	False	not in our tested universe
2310040G24RIK	-0.265908541504429	0.577960357428399	-0.748965548356993	0.0342345730150731	-0.48305700685256403	2310040G24RIK	negative	True	True	False	True	False	False	False	False	False	True	False	False	DE-significant outside bend-point	False	False	False	False	False	tested source RSS, not source-constrained selected
BMP1	0.850365390328623	5.51285860990473e-08	0.366772711716693	0.0386470064139083	-0.48359267861193	BMP1	negative	True	True	True	True	False	False	False	False	False	True	False	False	DE-significant outside bend-point	False	False	False	False	False	tested source RSS, not source-constrained selected
CIDEA	-0.0887193853877106	0.754238458643695	-0.573325622713315	0.00114451746739789	-0.48460623732560437	CIDEA	negative	True	True	False	True	False	False	False	False	False	True	False	False	DE-significant outside bend-point	False	False	False	False	False	tested source RSS, not source-constrained selected
GM34934	0.0779021363673168	0.793804187623766	-0.407831532214419	0.0341625854482837	-0.4857336685817358	GM34934	negative	True	True	False	False	False	False	False	False	False	True	False	False	tested, not significant	False	False	False	False	False	tested source RSS, not source-constrained selected
GM13112	-0.219475996930021	0.575593228645865	-0.706343182848798	0.011933356100655	-0.48686718591877703	GM13112	negative	True	False	False	False	False	False	False	False	False	False	False	False	not in our tested universe	False	False	False	False	False	not in our tested universe
VDR	-0.275370802626311	0.388820717883049	-0.762242949157496	0.00240644360320895	-0.48687214653118505	VDR	negative	True	True	False	True	False	False	False	False	False	True	False	False	DE-significant outside bend-point	False	False	False	False	False	tested source RSS, not source-constrained selected
MMP14	0.419993274874809	0.0243752293214082	-0.0678605642949543	0.809203641539335	-0.48785383916976327	MMP14	negative	True	True	True	False	False	False	False	False	False	True	False	False	DE-significant outside bend-point	False	False	False	False	False	tested source RSS, not source-constrained selected
GM46815	0.450772987832069	0.00625006873520288	-0.0371114378867811	0.888604931950602	-0.4878844257188501	GM46815	negative	True	False	False	False	False	False	False	False	False	False	False	False	not in our tested universe	False	False	False	False	False	not in our tested universe
GPR141	-0.11150796280372	0.803946421305955	-0.601164242066607	0.0328117084818909	-0.489656279262887	GPR141	negative	True	True	False	True	False	False	False	False	False	True	False	False	DE-significant outside bend-point	False	False	False	False	False	tested source RSS, not source-constrained selected
TCHH	1.15066705695452	1.09409960979575e-05	0.660125421134956	0.0170204326023642	-0.4905416358195641	TCHH	negative	True	True	True	True	False	False	False	False	False	True	False	False	DE-significant outside bend-point	False	False	False	False	False	tested source RSS, not source-constrained selected
GM36529	-0.678760486417338	0.0414157931783163	-1.16993475413081	0.000126390751953562	-0.49117426771347206	GM36529	negative	True	True	False	True	False	False	False	False	False	True	False	False	DE-significant outside bend-point	False	False	False	False	False	tested source RSS, not source-constrained selected
APOL6	-0.859546972962622	0.148162667370176	-1.35304772484338	0.00936770708468952	-0.49350075188075815	APOL6	negative	True	True	False	True	False	False	False	False	False	True	False	False	DE-significant outside bend-point	False	False	False	False	False	tested source RSS, not source-constrained selected
MYADML2OS	-0.38280431843544	0.0730303302528215	-0.876995534163002	1.66869765857769e-06	-0.494191215727562	MYADML2OS	negative	True	False	False	False	False	False	False	False	False	False	False	False	not in our tested universe	False	False	False	False	False	not in our tested universe
LYVE1	0.562804227775438	0.00418007676608521	0.0652921691123075	0.834431240531134	-0.49751205866313053	LYVE1	negative	True	True	True	False	False	False	False	False	False	True	False	False	DE-significant outside bend-point	False	False	False	False	False	tested source RSS, not source-constrained selected
ID1	-0.18461576904468	0.579993534906682	-0.682853231922101	0.0037534853434871	-0.498237462877421	ID1	negative	True	True	False	True	False	False	False	False	False	True	False	False	DE-significant outside bend-point	False	False	False	False	False	tested source RSS, not source-constrained selected
GM11542	-0.325696284579084	0.53629906769996	-0.827288819418692	0.0424453595149785	-0.501592534839608	GM11542	negative	True	True	False	True	False	False	False	False	False	True	False	False	DE-significant outside bend-point	False	False	False	False	False	tested source RSS, not source-constrained selected
FHL5	1.6026917315496	0.000147804927111934	1.10027674599593	0.01441895248561	-0.5024149855536701	FHL5	negative	True	True	True	True	False	False	False	False	False	True	False	False	DE-significant outside bend-point	False	False	False	False	False	tested source RSS, not source-constrained selected
MFSD6L	6.37638625258784	3.99931724000165e-10	5.87309775555549	1.22598568827642e-08	-0.5032884970323499	MFSD6L	negative	True	True	True	True	False	False	False	False	False	True	False	False	DE-significant outside bend-point	False	False	False	False	False	tested source RSS, not source-constrained selected
EGLN3	-0.251782030567011	0.296663014014979	-0.757076079685525	5.23804803810214e-05	-0.505294049118514	EGLN3	negative	True	True	False	True	False	False	False	False	False	True	False	False	DE-significant outside bend-point	False	False	False	False	False	tested source RSS, not source-constrained selected
CLEC14A	0.517568315513782	0.00929629858747381	0.0108207406715511	0.974624820485541	-0.5067475748422309	CLEC14A	negative	True	True	True	False	False	False	False	False	False	True	False	False	DE-significant outside bend-point	False	False	False	False	False	tested source RSS, not source-constrained selected
CALHM5	0.57544216828105	5.01828161908802e-05	0.0675527411445573	0.761604942131614	-0.5078894271364927	CALHM5	negative	True	True	True	False	False	False	False	False	False	True	False	False	DE-significant outside bend-point	False	False	False	False	False	tested source RSS, not source-constrained selected
CCL9	0.752153899486378	0.0430502568667308	0.243700734179335	0.612680156028754	-0.508453165307043	CCL9	negative	True	True	True	False	False	False	False	False	False	True	False	False	DE-significant outside bend-point	False	False	False	False	False	tested source RSS, not source-constrained selected
CDK2	0.320919389855939	0.0442753441890448	-0.187800322745262	0.25733176027978	-0.508719712601201	CDK2	negative	True	True	False	False	False	False	False	False	False	True	False	False	tested, not significant	False	False	False	False	False	tested source RSS, not source-constrained selected
AI314278	0.14255883545223	0.553488580752342	-0.366951170552854	0.0447230202092093	-0.509510006005084	AI314278	negative	True	False	False	False	False	False	False	False	False	False	False	False	not in our tested universe	False	False	False	False	False	not in our tested universe
MXRA8OS	0.0122790516075134	0.979064057365623	-0.49752113510504	0.0477101338888306	-0.5098001867125533	MXRA8OS	negative	True	False	False	False	False	False	False	False	False	False	False	False	not in our tested universe	False	False	False	False	False	not in our tested universe
A930003A15RIK	1.29912682653282	0.00328657596843443	0.789039117179588	0.081690554745618	-0.510087709353232	A930003A15RIK	negative	True	True	False	False	False	False	False	False	False	True	False	False	tested, not significant	False	False	False	False	False	tested source RSS, not source-constrained selected
GM833	-0.460437854980857	0.262684739937805	-0.971184727766233	0.00260195622886739	-0.510746872785376	GM833	negative	True	True	False	True	False	False	False	False	False	True	False	False	DE-significant outside bend-point	False	False	False	False	False	tested source RSS, not source-constrained selected
SLC17A2	3.72866441429179	0.00146732868092476	3.21703499238556	0.0150258163380402	-0.5116294219062301	SLC17A2	negative	True	False	False	False	False	False	False	False	False	False	False	False	not in our tested universe	False	False	False	False	False	not in our tested universe
STUM	-0.215823422674425	0.617209301252722	-0.727659729358431	0.0186218937607059	-0.511836306684006	STUM	negative	True	True	False	True	False	False	False	False	False	True	False	False	DE-significant outside bend-point	False	False	False	False	False	tested source RSS, not source-constrained selected
KLK7	3.73723746410189	3.30783245906583e-07	3.22272887237921	2.07267753662345e-06	-0.5145085917226804	KLK7	negative	True	True	True	True	False	False	False	False	False	True	False	False	DE-significant outside bend-point	False	False	False	False	False	tested source RSS, not source-constrained selected
SERPINB6B	-0.112485054845992	0.80981524803201	-0.62802387141087	0.0343690125881533	-0.515538816564878	SERPINB6B	negative	True	True	False	True	False	False	False	False	False	True	False	False	DE-significant outside bend-point	False	False	False	False	False	tested source RSS, not source-constrained selected
CLEC4A2	0.620941153427295	0.0233062716555553	0.10313307601581	0.800510057972753	-0.5178080774114849	CLEC4A2	negative	True	True	True	False	False	False	False	False	False	True	False	False	DE-significant outside bend-point	False	False	False	False	False	tested source RSS, not source-constrained selected
ACSS3	0.107859444078343	0.498292461708411	-0.412438501039551	0.000302221750407411	-0.520297945117894	ACSS3	negative	True	True	False	True	False	False	False	False	False	True	False	False	DE-significant outside bend-point	False	False	False	False	False	tested source RSS, not source-constrained selected
GM49428	9.38373781325733	3.46845211232161e-20	8.8626391472356	4.10786901622067e-18	-0.5210986660217305	GM49428	negative	True	False	False	False	False	False	False	False	False	False	False	False	not in our tested universe	False	False	False	False	False	not in our tested universe
DCHS1	0.477735788088313	0.00187173959796063	-0.0443445263508481	0.860150455071153	-0.5220803144391611	DCHS1	negative	True	True	True	False	False	False	False	False	False	True	False	False	DE-significant outside bend-point	False	False	False	False	False	tested source RSS, not source-constrained selected
GM45061	-0.608894022432966	0.0182939097177083	-1.13253200551407	1.41991805085429e-06	-0.523637983081104	GM45061	negative	True	False	False	False	False	False	False	False	False	False	False	False	not in our tested universe	False	False	False	False	False	not in our tested universe
GM13661	-0.368542441199808	0.396752141100374	-0.895739164032877	0.00888475589586604	-0.527196722833069	GM13661	negative	True	True	False	True	False	False	False	False	False	True	False	False	DE-significant outside bend-point	False	False	False	False	False	tested source RSS, not source-constrained selected
IGFBP7	0.46371581199338	0.0409921544899163	-0.06421098532834	0.852670452916043	-0.52792679732172	IGFBP7	negative	True	True	True	False	False	False	False	False	False	True	False	False	DE-significant outside bend-point	False	False	False	False	False	tested source RSS, not source-constrained selected
GPHB5	5.29159242432788	2.56792629994348e-06	4.76328488060601	3.45166481040486e-07	-0.52830754372187	GPHB5	negative	True	True	True	True	False	False	False	False	False	True	False	False	DE-significant outside bend-point	False	False	False	False	False	tested source RSS, not source-constrained selected
GM31416	1.75504858374338	3.70215127712998e-06	1.22559498544479	0.00161442092699054	-0.52945359829859	GM31416	negative	True	False	False	False	False	False	False	False	False	False	False	False	not in our tested universe	False	False	False	False	False	not in our tested universe
CD302	0.49944802327577	0.0192739237672555	-0.0308461704435606	0.92823053114876	-0.5302941937193306	CD302	negative	True	True	True	False	False	False	False	False	False	True	False	False	DE-significant outside bend-point	False	False	False	False	False	tested source RSS, not source-constrained selected
RHOD	0.0301990662691404	0.925614521548455	-0.500404767589791	0.00511085697567699	-0.5306038338589314	RHOD	negative	True	True	False	True	False	False	False	False	False	True	False	False	DE-significant outside bend-point	False	False	False	False	False	tested source RSS, not source-constrained selected
LRP5	0.386574654896427	0.0173805907978205	-0.144837569047145	0.474405391206374	-0.531412223943572	LRP5	negative	True	True	True	False	False	False	False	False	False	True	False	False	DE-significant outside bend-point	False	False	False	False	False	tested source RSS, not source-constrained selected
DNAJC25	0.509570853841594	8.36155557418845e-07	-0.0220552629883149	0.903455035835688	-0.5316261168299089	DNAJC25	negative	True	True	True	False	False	False	False	False	False	True	False	False	DE-significant outside bend-point	False	False	False	False	False	tested source RSS, not source-constrained selected
MEDAG	0.0766842173439886	0.821676972188469	-0.455617204648692	0.0353110043628906	-0.5323014219926806	MEDAG	negative	True	True	False	False	False	False	False	False	False	True	False	False	tested, not significant	False	False	False	False	False	tested source RSS, not source-constrained selected
AZGP1	-0.552949321646076	0.357214684792622	-1.08706674960515	0.0279109265334706	-0.534117427959074	AZGP1	negative	True	True	False	False	False	False	False	False	False	True	False	False	tested, not significant	False	False	False	False	False	tested source RSS, not source-constrained selected
RIPOR2	0.0447241818165767	0.885973023367793	-0.490216466862533	0.00616807546490384	-0.5349406486791097	RIPOR2	negative	True	True	False	True	False	False	False	False	False	True	False	False	DE-significant outside bend-point	False	False	False	False	False	tested source RSS, not source-constrained selected
TEX52	0.97848799520805	0.00919616701122018	0.443047342594749	0.311991154392557	-0.535440652613301	TEX52	negative	True	False	False	False	False	False	False	False	False	False	False	False	not in our tested universe	False	False	False	False	False	not in our tested universe
GM30794	-0.360376522753379	0.392401363069978	-0.896138880146104	0.00612563622019417	-0.535762357392725	GM30794	negative	True	True	False	False	False	False	False	False	False	True	False	False	tested, not significant	False	False	False	False	False	tested source RSS, not source-constrained selected
H60B	0.419873919113852	0.0421435283965922	-0.11605423771566	0.658604359136504	-0.535928156829512	H60B	negative	True	True	False	False	False	False	False	False	False	True	False	False	tested, not significant	False	False	False	False	False	tested source RSS, not source-constrained selected
ITGB5	0.168606499131374	0.362334110488266	-0.367686114643206	0.0143183605220515	-0.53629261377458	ITGB5	negative	True	True	False	True	False	False	False	False	False	True	False	False	DE-significant outside bend-point	False	False	False	False	False	tested source RSS, not source-constrained selected
SLC14A2	0.675357354884247	0.0297497475667694	0.139031895566873	0.757805226505609	-0.536325459317374	SLC14A2	negative	True	True	True	False	False	False	False	False	False	True	False	False	DE-significant outside bend-point	False	False	False	False	False	tested source RSS, not source-constrained selected
CXCL14	1.22054501934343	0.000201676580473891	0.68334095723705	0.0591111960460097	-0.5372040621063799	CXCL14	negative	True	True	True	False	False	False	False	False	False	True	False	False	DE-significant outside bend-point	False	False	False	False	False	tested source RSS, not source-constrained selected
CCIN	1.48592008390375	0.00325423263568737	0.948296400629108	0.0694758072932866	-0.537623683274642	CCIN	negative	True	False	False	False	False	False	False	False	False	False	False	False	not in our tested universe	False	False	False	False	False	not in our tested universe
DNAH6	-0.360778028359159	0.15093101498646	-0.90174013847711	1.63844264029413e-05	-0.5409621101179509	DNAH6	negative	True	True	False	True	False	False	False	False	False	True	False	False	DE-significant outside bend-point	False	False	False	False	False	tested source RSS, not source-constrained selected
LY6C1	0.572984485906794	0.000103088336224942	0.0293918105402182	0.909519792139534	-0.5435926753665757	LY6C1	negative	True	True	True	False	False	False	False	False	False	True	False	False	DE-significant outside bend-point	False	False	False	False	False	tested source RSS, not source-constrained selected
SNCAIP	-0.0441265045606993	0.920167826534721	-0.587927651254364	0.022078847232703	-0.5438011466936646	SNCAIP	negative	True	True	False	False	False	False	False	False	False	True	False	False	tested, not significant	False	False	False	False	False	tested source RSS, not source-constrained selected
ANGPTL1	-0.0893157322284198	0.855820287424966	-0.635028761453463	0.0354404529866407	-0.5457130292250432	ANGPTL1	negative	True	True	False	True	False	False	False	False	False	True	False	False	DE-significant outside bend-point	False	False	False	False	False	tested source RSS, not source-constrained selected
RHOJ	0.374351434251759	0.0297099268481573	-0.172053599973937	0.399041926556907	-0.546405034225696	RHOJ	negative	True	True	True	False	False	False	False	False	False	True	False	False	DE-significant outside bend-point	False	False	False	False	False	tested source RSS, not source-constrained selected
ITGA11	-0.224358115098668	0.275269553132428	-0.773788589977122	8.63694185996616e-07	-0.549430474878454	ITGA11	negative	True	True	False	True	False	False	False	False	False	True	False	False	DE-significant outside bend-point	False	False	False	False	False	tested source RSS, not source-constrained selected
CCR1	1.20158594197802	0.00659284221692324	0.650822328078724	0.192072105097262	-0.550763613899296	CCR1	negative	True	True	True	False	False	False	False	False	False	True	False	False	DE-significant outside bend-point	False	False	False	False	False	tested source RSS, not source-constrained selected
GM43150	0.0383800145652106	0.930435381100991	-0.513278608714887	0.0430266078293415	-0.5516586232800975	GM43150	negative	True	False	False	False	False	False	False	False	False	False	False	False	not in our tested universe	False	False	False	False	False	not in our tested universe
FKBP7	0.169362300947246	0.393401667687816	-0.382309175476114	0.0157381081688655	-0.55167147642336	FKBP7	negative	True	True	False	True	False	False	False	False	False	True	False	False	DE-significant outside bend-point	False	False	False	False	False	tested source RSS, not source-constrained selected
CCRL2	0.704439093024449	0.0058706831188097	0.152577975979527	0.673993962450638	-0.5518611170449219	CCRL2	negative	True	True	True	False	False	False	False	False	False	True	False	False	DE-significant outside bend-point	False	False	False	False	False	tested source RSS, not source-constrained selected
KCNJ14	-0.0187805972511756	0.944709602127628	-0.570953688703861	0.00010168180324586	-0.5521730914526853	KCNJ14	negative	True	True	False	True	False	False	False	False	False	True	False	False	DE-significant outside bend-point	False	False	False	False	False	tested source RSS, not source-constrained selected
CD209A	0.868035940265836	0.00916252541728113	0.31521113348613	0.446799340904734	-0.5528248067797059	CD209A	negative	True	True	True	False	False	False	False	False	False	True	False	False	DE-significant outside bend-point	False	False	False	False	False	tested source RSS, not source-constrained selected
SMPDL3B	1.33550683487261	1.88721577824285e-07	0.782405596323429	0.00342240049662598	-0.553101238549181	SMPDL3B	negative	True	True	True	True	False	False	False	False	False	True	False	False	DE-significant outside bend-point	False	False	False	False	False	tested source RSS, not source-constrained selected
ABI3BP	0.100939296166453	0.757993392765534	-0.456321320912824	0.0371688412316667	-0.557260617079277	ABI3BP	negative	True	True	False	True	False	False	False	False	False	True	False	False	DE-significant outside bend-point	False	False	False	False	False	tested source RSS, not source-constrained selected
ADAMTS4	1.08713445038166	5.22275889795472e-09	0.529546672396001	0.00856717108299306	-0.5575877779856591	ADAMTS4	negative	True	True	True	True	False	False	False	False	False	True	False	False	DE-significant outside bend-point	False	False	False	False	False	tested source RSS, not source-constrained selected
KCNV2	-0.51169019964581	0.399303577536144	-1.07013660627968	0.0356778455194782	-0.55844640663387	KCNV2	negative	True	False	False	False	False	False	False	False	False	False	False	False	not in our tested universe	False	False	False	False	False	not in our tested universe
FAM167B	0.640738833417736	0.00520256623278091	0.0809767410443692	0.821173557608214	-0.5597620923733668	FAM167B	negative	True	True	True	False	False	False	False	False	False	True	False	False	DE-significant outside bend-point	False	False	False	False	False	tested source RSS, not source-constrained selected
MXRA8	0.169303630943807	0.422492524852033	-0.392168942145709	0.0192464993286813	-0.561472573089516	MXRA8	negative	True	True	False	True	False	False	False	False	False	True	False	False	DE-significant outside bend-point	False	False	False	False	False	tested source RSS, not source-constrained selected
FCGR1	1.09896112029002	0.00441399689491514	0.537438653160003	0.228171835428433	-0.561522467130017	FCGR1	negative	True	True	True	False	False	False	False	False	False	True	False	False	DE-significant outside bend-point	False	False	False	False	False	tested source RSS, not source-constrained selected
DNALI1	0.970984026281433	4.37539205898271e-05	0.409177327416569	0.141820388748885	-0.561806698864864	DNALI1	negative	True	True	False	False	False	False	False	False	False	True	False	False	tested, not significant	False	False	False	False	False	tested source RSS, not source-constrained selected
GM43797	1.55218310906618	0.0242872110680002	0.988770680571747	0.144863502163107	-0.563412428494433	GM43797	negative	True	True	True	False	False	False	False	False	False	True	False	False	DE-significant outside bend-point	False	False	False	False	False	tested source RSS, not source-constrained selected
GM45930	-0.148071387881562	0.805821012697297	-0.711566295630537	0.0425088794262063	-0.563494907748975	GM45930	negative	True	False	False	False	False	False	False	False	False	False	False	False	not in our tested universe	False	False	False	False	False	not in our tested universe
WDR93	1.11881590887417	0.00381244017574371	0.551287506667747	0.219357407769328	-0.5675284022064231	WDR93	negative	True	True	False	False	False	False	False	False	False	True	False	False	tested, not significant	False	False	False	False	False	tested source RSS, not source-constrained selected
ERMARDL1	-0.0364182132783429	0.941612557691215	-0.603958948048549	0.0396039299818622	-0.5675407347702061	ERMARDL1	negative	True	True	False	False	False	False	False	False	False	False	False	False	tested, not significant	False	False	False	False	False	tested source RSS, not source-constrained selected
GM34654	-0.271477190520551	0.601784505950922	-0.839307400857369	0.0203075106704639	-0.567830210336818	GM34654	negative	True	True	False	False	False	False	False	False	False	True	False	False	tested, not significant	False	False	False	False	False	tested source RSS, not source-constrained selected
PVALB	0.0927971421007877	0.796351418511198	-0.478533489456334	0.0410407582246284	-0.5713306315571217	PVALB	negative	True	True	False	True	False	False	False	False	False	True	False	False	DE-significant outside bend-point	False	False	False	False	False	tested source RSS, not source-constrained selected
KLRB1	1.24299247817729	0.0346590715367725	0.670002511147892	0.292306465698327	-0.5729899670293981	KLRB1	negative	True	False	False	False	False	False	False	False	False	False	False	False	not in our tested universe	False	False	False	False	False	not in our tested universe
CD109	0.697624696275682	0.00633222846167296	0.124358650730582	0.739752210466522	-0.5732660455451	CD109	negative	True	True	True	False	False	False	False	False	False	True	False	False	DE-significant outside bend-point	False	False	False	False	False	tested source RSS, not source-constrained selected
CD300LG	0.41469538485946	0.0174051903623412	-0.158853209099136	0.461708359584126	-0.573548593958596	CD300LG	negative	True	True	True	False	False	False	False	False	False	True	False	False	DE-significant outside bend-point	False	False	False	False	False	tested source RSS, not source-constrained selected
PAK6	0.928676855073969	0.0058444038873254	0.35496478609841	0.381365018090262	-0.573712068975559	PAK6	negative	True	True	True	False	False	False	False	False	False	True	False	False	DE-significant outside bend-point	False	False	False	False	False	tested source RSS, not source-constrained selected
PLVAP	0.790018564494975	0.000285338524175421	0.215879671731165	0.451642642124891	-0.57413889276381	PLVAP	negative	True	True	True	False	False	False	False	False	False	True	False	False	DE-significant outside bend-point	False	False	False	False	False	tested source RSS, not source-constrained selected
GM38204	1.01689810108193	0.00882022597924279	0.440128219675333	0.339121745489505	-0.576769881406597	GM38204	negative	True	False	False	False	False	False	False	False	False	False	False	False	not in our tested universe	False	False	False	False	False	not in our tested universe
GM56558	-0.400096603891486	0.397529137381014	-0.977370036583808	0.010434662214152	-0.5772734326923221	GM56558	negative	True	False	False	False	False	False	False	False	False	False	False	False	not in our tested universe	False	False	False	False	False	not in our tested universe
MECOM	0.387976472842982	0.00745054941861215	-0.189542577417021	0.253410822141041	-0.5775190502600029	MECOM	negative	True	True	True	False	False	False	False	False	False	True	False	False	DE-significant outside bend-point	False	False	False	False	False	tested source RSS, not source-constrained selected
GM28651	-0.172701904609055	0.639943324682729	-0.750533993925139	0.00352338307548561	-0.577832089316084	GM28651	negative	True	True	False	False	False	False	False	False	False	True	False	False	tested, not significant	False	False	False	False	False	tested source RSS, not source-constrained selected
IFI204	0.952173812487753	0.0088740408342467	0.372554103339355	0.4043441973353	-0.579619709148398	IFI204	negative	True	True	True	False	False	False	False	False	False	True	False	False	DE-significant outside bend-point	False	False	False	False	False	tested source RSS, not source-constrained selected
GM5581	-0.516368948055494	0.162881670694706	-1.09830639749827	0.000469781266382064	-0.581937449442776	GM5581	negative	True	True	False	True	False	False	False	False	False	True	False	False	DE-significant outside bend-point	False	False	False	False	False	tested source RSS, not source-constrained selected
1700040F17RIK	0.577047833146494	0.0197341837076881	-0.00589395499968037	0.988200833885627	-0.5829417881461744	1700040F17RIK	negative	True	False	False	False	False	False	False	False	False	False	False	False	not in our tested universe	False	False	False	False	False	not in our tested universe
PGPEP1L	-0.215244179521435	0.699426618896904	-0.798275367224689	0.0286482143967269	-0.5830311877032539	PGPEP1L	negative	True	True	False	True	False	False	False	False	False	True	False	False	DE-significant outside bend-point	False	False	False	False	False	tested source RSS, not source-constrained selected
C1QTNF7	-0.243842362100291	0.41799812055955	-0.827450194775154	0.000217923146146044	-0.583607832674863	C1QTNF7	negative	True	True	False	True	False	False	False	False	False	True	False	False	DE-significant outside bend-point	False	False	False	False	False	tested source RSS, not source-constrained selected
COPZ2	0.225009409024053	0.202157658975648	-0.358682670700854	0.0204186036433162	-0.583692079724907	COPZ2	negative	True	True	False	True	False	False	False	False	False	True	False	False	DE-significant outside bend-point	False	False	False	False	False	tested source RSS, not source-constrained selected
TM4SF1	1.17711435979611	1.00277446431963e-20	0.593001327711489	8.35976946474434e-06	-0.5841130320846211	TM4SF1	negative	True	True	True	True	True	False	False	True	False	True	True	False	WT-only bend-point	True	False	False	True	False	WT-only source-constrained bend-point
CCBE1	-0.197331644709048	0.493133378697238	-0.781982627393153	9.8273599751749e-05	-0.5846509826841051	CCBE1	negative	True	True	False	True	False	False	False	False	False	True	False	False	DE-significant outside bend-point	False	False	False	False	False	tested source RSS, not source-constrained selected
RPH3AL	0.546473685935251	0.00139065361367121	-0.0381774644306889	0.893083163784157	-0.58465115036594	RPH3AL	negative	True	True	True	False	False	False	False	False	False	True	False	False	DE-significant outside bend-point	False	False	False	False	False	tested source RSS, not source-constrained selected
AU021092	0.444563189324197	0.0190787948219398	-0.140415353056862	0.572533918105129	-0.584978542381059	AU021092	negative	True	True	False	False	False	False	False	False	False	True	False	False	tested, not significant	False	False	False	False	False	tested source RSS, not source-constrained selected
ART1	-0.52781952423042	0.379775618320721	-1.11366358764351	0.0242682257663118	-0.5858440634130899	ART1	negative	True	True	False	True	False	False	False	False	False	True	False	False	DE-significant outside bend-point	False	False	False	False	False	tested source RSS, not source-constrained selected
ENPP6	0.679648577041006	0.0272235024371769	0.0926499328595188	0.844346034392234	-0.5869986441814872	ENPP6	negative	True	True	True	False	False	False	False	False	False	True	False	False	DE-significant outside bend-point	False	False	False	False	False	tested source RSS, not source-constrained selected
GM53610	0.443181627078752	0.0473486489431904	-0.144618113787604	0.601342654701268	-0.587799740866356	GM53610	negative	True	True	False	False	False	False	False	False	False	True	False	False	tested, not significant	False	False	False	False	False	tested source RSS, not source-constrained selected
SCGN	0.139392108877296	0.632765671370819	-0.450329352859803	0.0329772854344956	-0.589721461737099	SCGN	negative	True	True	False	False	False	False	False	False	False	True	False	False	tested, not significant	False	False	False	False	False	tested source RSS, not source-constrained selected
SLC30A2	-0.0565929179174481	0.90667055692444	-0.647130268140763	0.022078847232703	-0.5905373502233149	SLC30A2	negative	True	True	False	False	False	False	False	False	False	True	False	False	tested, not significant	False	False	False	False	False	tested source RSS, not source-constrained selected
SSC5D	-0.392938585094588	0.0939084630684165	-0.984347537045116	4.09898791381591e-07	-0.591408951950528	SSC5D	negative	True	True	False	True	False	False	False	False	False	True	False	False	DE-significant outside bend-point	False	False	False	False	False	tested source RSS, not source-constrained selected
FCGRT	0.165169716073646	0.524882859373595	-0.427983820583502	0.0308009020793851	-0.593153536657148	FCGRT	negative	True	True	False	True	False	False	False	False	False	True	False	False	DE-significant outside bend-point	False	False	False	False	False	tested source RSS, not source-constrained selected
EXOC3L2	0.646878301018561	0.00478774396427836	0.0528431062502856	0.888610744961141	-0.5940351947682754	EXOC3L2	negative	True	True	True	False	False	False	False	False	False	True	False	False	DE-significant outside bend-point	False	False	False	False	False	tested source RSS, not source-constrained selected
4933412O06RIK	0.582127505261437	0.0233848834147379	-0.0148027796501195	0.970936644116184	-0.5969302849115564	4933412O06RIK	negative	True	True	False	False	False	False	False	False	False	True	False	False	tested, not significant	False	False	False	False	False	tested source RSS, not source-constrained selected
SLC2A2	-0.28499948597409	0.581074343629983	-0.882130486352735	0.0171742425293856	-0.597131000378645	SLC2A2	negative	True	True	False	False	False	False	False	False	False	True	False	False	tested, not significant	False	False	False	False	False	tested source RSS, not source-constrained selected
GM20652	1.15114124110467	0.000549642094866145	0.553883768601366	0.107425079143526	-0.597257472503304	GM20652	negative	True	False	False	False	False	False	False	False	False	False	False	False	not in our tested universe	False	False	False	False	False	not in our tested universe
GM11339	0.141955311608052	0.620286259119579	-0.456152829128399	0.0286738680516619	-0.598108140736451	GM11339	negative	True	False	False	False	False	False	False	False	False	False	False	False	not in our tested universe	False	False	False	False	False	not in our tested universe
HEPH	0.19185606153221	0.448774394021372	-0.40941344039283	0.0408402841095346	-0.60126950192504	HEPH	negative	True	True	False	False	False	False	False	False	False	True	False	False	tested, not significant	False	False	False	False	False	tested source RSS, not source-constrained selected
LGR6	0.0441036616971191	0.918676504495903	-0.557327006111253	0.0260145207242011	-0.6014306678083721	LGR6	negative	True	True	False	True	False	False	False	False	False	True	False	False	DE-significant outside bend-point	False	False	False	False	False	tested source RSS, not source-constrained selected
GFPT2	0.473274880265277	0.0453420424211997	-0.130737015132849	0.675001524799109	-0.6040118953981259	GFPT2	negative	True	True	True	False	False	False	False	False	False	True	False	False	DE-significant outside bend-point	False	False	False	False	False	tested source RSS, not source-constrained selected
TRIM30D	0.558103509997615	0.0184128600413859	-0.0472611208166799	0.900088215127926	-0.6053646308142949	TRIM30D	negative	True	True	False	False	False	False	False	False	False	True	False	False	tested, not significant	False	False	False	False	False	tested source RSS, not source-constrained selected
KL	-0.479019213220646	0.316382472454079	-1.08438780591082	0.00487821072768119	-0.6053685926901741	KL	negative	True	True	False	True	False	False	False	False	False	True	False	False	DE-significant outside bend-point	False	False	False	False	False	tested source RSS, not source-constrained selected
CCDC146	0.55310328937211	0.0435415427139544	-0.0532416870565535	0.90085845840098	-0.6063449764286635	CCDC146	negative	True	False	False	False	False	False	False	False	False	False	False	False	not in our tested universe	False	False	False	False	False	not in our tested universe
ADAMTS10	0.0487114947900085	0.899412674389182	-0.558272171527798	0.0104162746653921	-0.6069836663178064	ADAMTS10	negative	True	True	False	True	False	False	False	False	False	True	False	False	DE-significant outside bend-point	False	False	False	False	False	tested source RSS, not source-constrained selected
MLF1	-0.0754673597148776	0.884925600791939	-0.685968604708411	0.0279632715633828	-0.6105012449935334	MLF1	negative	True	True	False	True	False	False	False	False	False	True	False	False	DE-significant outside bend-point	False	False	False	False	False	tested source RSS, not source-constrained selected
GM44511	0.847917527553994	0.0116450458394999	0.237103074190935	0.59358579208532	-0.610814453363059	GM44511	negative	True	False	False	False	False	False	False	False	False	False	False	False	not in our tested universe	False	False	False	False	False	not in our tested universe
CLEC4A3	0.607075213391105	0.045443056703158	-0.00752373194374866	0.987672983802163	-0.6145989453348537	CLEC4A3	negative	True	True	False	False	False	False	False	False	False	True	False	False	tested, not significant	False	False	False	False	False	tested source RSS, not source-constrained selected
KIF6	-0.0251557323116899	0.951630360310016	-0.640291125244504	0.00565085021321403	-0.6151353929328142	KIF6	negative	True	True	False	False	False	False	False	False	False	True	False	False	tested, not significant	False	False	False	False	False	tested source RSS, not source-constrained selected
FZD7	0.0861297408269285	0.825195149575147	-0.529657412996912	0.0324499140644148	-0.6157871538238405	FZD7	negative	True	True	False	True	False	False	False	False	False	True	False	False	DE-significant outside bend-point	False	False	False	False	False	tested source RSS, not source-constrained selected
COL4A5	0.150735792843882	0.602625835472124	-0.465548898280288	0.0254052794555977	-0.61628469112417	COL4A5	negative	True	True	False	True	False	False	False	False	False	True	False	False	DE-significant outside bend-point	False	False	False	False	False	tested source RSS, not source-constrained selected
ITGA5	0.589313346358832	0.0107661543992376	-0.0270086164092919	0.943227298452055	-0.6163219627681239	ITGA5	negative	True	True	True	False	False	False	False	False	False	True	False	False	DE-significant outside bend-point	False	False	False	False	False	tested source RSS, not source-constrained selected
SMIM31	-0.302375798338363	0.606702822796871	-0.920085910956798	0.0369639167755786	-0.617710112618435	SMIM31	negative	True	True	False	False	False	False	False	False	False	True	False	False	tested, not significant	False	False	False	False	False	tested source RSS, not source-constrained selected
1700030N03RIK	0.570928317494486	0.0359607407437713	-0.0475369309959072	0.914380808951192	-0.6184652484903932	1700030N03RIK	negative	True	False	False	False	False	False	False	False	False	False	False	False	not in our tested universe	False	False	False	False	False	not in our tested universe
GM7931	0.179057986088575	0.416727111000424	-0.440528323536128	0.0077843870590579	-0.619586309624703	GM7931	negative	True	True	False	False	False	False	False	False	False	True	False	False	tested, not significant	False	False	False	False	False	tested source RSS, not source-constrained selected
GM30694	1.10138279730654	0.00649048645445487	0.473634453126815	0.296014881777765	-0.6277483441797249	GM30694	negative	True	False	False	False	False	False	False	False	False	False	False	False	not in our tested universe	False	False	False	False	False	not in our tested universe
IL17RA	1.3303987728923	1.90215678198657e-06	0.70184995123301	0.0224666196779454	-0.6285488216592899	IL17RA	negative	True	True	True	True	False	False	False	False	False	True	False	False	DE-significant outside bend-point	False	False	False	False	False	tested source RSS, not source-constrained selected
PROCR	3.43851486656922	2.73328980901902e-79	2.80696908308428	1.12103397331129e-53	-0.6315457834849401	PROCR	negative	True	True	True	True	True	True	True	False	False	True	True	False	shared WT/cKO bend-point	True	True	True	False	False	shared source-constrained bend-point
GM5860	-0.353467044358795	0.469870419673639	-0.988120863987831	0.00582064134957243	-0.6346538196290361	GM5860	negative	True	True	False	True	False	False	False	False	False	True	False	False	DE-significant outside bend-point	False	False	False	False	False	tested source RSS, not source-constrained selected
PHOX2A	2.97296627764387	2.15347220216344e-16	2.33785942405004	1.14539805754507e-10	-0.6351068535938302	PHOX2A	negative	True	True	True	True	False	False	False	False	False	True	False	False	DE-significant outside bend-point	False	False	False	False	False	tested source RSS, not source-constrained selected
SNX33	0.354265478382014	0.0265457242200605	-0.281007003614364	0.0884872084240193	-0.635272481996378	SNX33	negative	True	True	True	False	False	False	False	False	False	True	False	False	DE-significant outside bend-point	False	False	False	False	False	tested source RSS, not source-constrained selected
NDUFA12-PS	0.04728093876263	0.894082139065921	-0.588104447818609	0.00343954733573259	-0.635385386581239	NDUFA12-PS	negative	True	True	False	False	False	False	False	False	False	False	False	False	tested, not significant	False	False	False	False	False	tested source RSS, not source-constrained selected
GM53066	-0.656389287319753	0.194634604498213	-1.29251570260239	0.00154829631198143	-0.6361264152826369	GM53066	negative	True	True	False	True	False	False	False	False	False	True	False	False	DE-significant outside bend-point	False	False	False	False	False	tested source RSS, not source-constrained selected
CYSLTR1	0.729466673751913	0.0243210748540445	0.0916790156460172	0.853568090791771	-0.6377876581058958	CYSLTR1	negative	True	True	True	False	False	False	False	False	False	True	False	False	DE-significant outside bend-point	False	False	False	False	False	tested source RSS, not source-constrained selected
CIMAP1C	-0.300812250894443	0.621875834621662	-0.939377483184119	0.0439142047737409	-0.638565232289676	CIMAP1C	negative	True	True	False	False	False	False	False	False	False	True	False	False	tested, not significant	False	False	False	False	False	tested source RSS, not source-constrained selected
SPTSSB	-0.443713433360597	0.132276175874411	-1.08293745681794	8.09275347423143e-06	-0.639224023457343	SPTSSB	negative	True	True	False	True	False	False	False	False	False	True	False	False	DE-significant outside bend-point	False	False	False	False	False	tested source RSS, not source-constrained selected
MT-TA	0.0975346821800087	0.752054586493863	-0.541791340880069	0.00532835379435838	-0.6393260230600777	MT-TA	negative	True	False	False	False	False	False	False	False	False	False	False	False	not in our tested universe	False	False	False	False	False	not in our tested universe
GM22513	-0.654650995492644	0.366718609268859	-1.29575764877762	0.027118858252005	-0.6411066532849758	GM22513	negative	True	True	False	False	False	False	False	False	False	True	False	False	tested, not significant	False	False	False	False	False	tested source RSS, not source-constrained selected
ALDH1A1	-0.216079489728394	0.704857603632078	-0.857788103626018	0.0292258184303246	-0.641708613897624	ALDH1A1	negative	True	True	False	True	False	False	False	False	False	True	False	False	DE-significant outside bend-point	False	False	False	False	False	tested source RSS, not source-constrained selected
SLIT3	0.164375351529187	0.57703062716811	-0.479351914927658	0.0271428974580305	-0.643727266456845	SLIT3	negative	True	True	False	True	False	False	False	False	False	True	False	False	DE-significant outside bend-point	False	False	False	False	False	tested source RSS, not source-constrained selected
NFIX	0.150763591582091	0.577132573087913	-0.493017628967164	0.0116509931036241	-0.643781220549255	NFIX	negative	True	True	False	True	False	False	False	False	False	True	False	False	DE-significant outside bend-point	False	False	False	False	False	tested source RSS, not source-constrained selected
4921539H07RIK	-0.607776710943249	0.0465461183078759	-1.2515615661567	1.00824912261822e-05	-0.6437848552134509	4921539H07RIK	negative	True	False	False	False	False	False	False	False	False	False	False	False	not in our tested universe	False	False	False	False	False	not in our tested universe
ANGPT1	0.0246960855496548	0.95797723626718	-0.620294910699326	0.0221307886862956	-0.6449909962489808	ANGPT1	negative	True	True	False	True	False	False	False	False	False	True	False	False	DE-significant outside bend-point	False	False	False	False	False	tested source RSS, not source-constrained selected
D030018L15RIK	2.28954997855416	0.00335520496664583	1.63967617249285	0.0389806023776331	-0.6498738060613101	D030018L15RIK	negative	True	False	False	False	False	False	False	False	False	False	False	False	not in our tested universe	False	False	False	False	False	not in our tested universe
MAN1A	0.697055657377305	0.00318286819539522	0.046567465530029	0.906756925822942	-0.650488191847276	MAN1A	negative	True	True	True	False	False	False	False	False	False	True	False	False	DE-significant outside bend-point	False	False	False	False	False	tested source RSS, not source-constrained selected
4930556I23RIK	-0.13238494875523	0.804702504335933	-0.783707989073569	0.0191050248862858	-0.651323040318339	4930556I23RIK	negative	True	False	False	False	False	False	False	False	False	False	False	False	not in our tested universe	False	False	False	False	False	not in our tested universe
CROCC2	0.964244537356184	0.0309134976437635	0.310996155711035	0.579679436730782	-0.653248381645149	CROCC2	negative	True	True	True	False	False	False	False	False	False	True	False	False	DE-significant outside bend-point	False	False	False	False	False	tested source RSS, not source-constrained selected
SPEER1E	5.52244004922693	9.03809759504115e-07	4.8690653582564	2.07135355769839e-05	-0.65337469097053	SPEER1E	negative	True	False	False	False	False	False	False	False	False	False	False	False	not in our tested universe	False	False	False	False	False	not in our tested universe
GM28932	-0.197926509097892	0.640505403426143	-0.85133048469842	0.00227418258246249	-0.653403975600528	GM28932	negative	True	False	False	False	False	False	False	False	False	False	False	False	not in our tested universe	False	False	False	False	False	not in our tested universe
PI15	1.23300399127336	6.35556833317012e-07	0.579177735179799	0.0335284128484897	-0.6538262560935609	PI15	negative	True	True	True	True	False	False	False	False	False	True	False	False	DE-significant outside bend-point	False	False	False	False	False	tested source RSS, not source-constrained selected
MT-TN	0.150206110874164	0.581874165166999	-0.505230857535022	0.00928831507539957	-0.655436968409186	MT-TN	negative	True	False	False	False	False	False	False	False	False	False	False	False	not in our tested universe	False	False	False	False	False	not in our tested universe
GM40884	-0.725856916637258	0.0649965279156744	-1.38135749454072	7.71695815697967e-05	-0.6555005779034621	GM40884	negative	True	True	False	True	False	False	False	False	False	True	False	False	DE-significant outside bend-point	False	False	False	False	False	tested source RSS, not source-constrained selected
GM6157	0.0841894599361248	0.839702458564676	-0.573201575749499	0.0213354871941204	-0.6573910356856238	GM6157	negative	True	False	False	False	False	False	False	False	False	False	False	False	not in our tested universe	False	False	False	False	False	not in our tested universe
DAB2	0.624307103687141	0.0246426018470988	-0.0339704706956256	0.939187670886364	-0.6582775743827667	DAB2	negative	True	True	True	False	False	False	False	False	False	True	False	False	DE-significant outside bend-point	False	False	False	False	False	tested source RSS, not source-constrained selected
COL25A1	-0.27259273085799	0.492171382416935	-0.932231381181162	0.00125353240185168	-0.6596386503231719	COL25A1	negative	True	True	False	True	False	False	False	False	False	True	False	False	DE-significant outside bend-point	False	False	False	False	False	tested source RSS, not source-constrained selected
ABCA4	-0.073262470907853	0.907476433624466	-0.73335889939051	0.0484951100201346	-0.660096428482657	ABCA4	negative	True	True	False	False	False	False	False	False	False	True	False	False	tested, not significant	False	False	False	False	False	tested source RSS, not source-constrained selected
ADGRG3	0.763093202863513	0.0432619526514758	0.102810842045958	0.855369676038143	-0.660282360817555	ADGRG3	negative	True	True	True	False	False	False	False	False	False	True	False	False	DE-significant outside bend-point	False	False	False	False	False	tested source RSS, not source-constrained selected
MCOLN3	3.33214527472856	6.60192241043152e-05	2.67059947285213	7.7759071090396e-05	-0.66154580187643	MCOLN3	negative	True	True	True	True	False	False	False	False	False	True	False	False	DE-significant outside bend-point	False	False	False	False	False	tested source RSS, not source-constrained selected
F13A1	0.576508444282425	0.0452038450711113	-0.0856509121924243	0.843278944624926	-0.6621593564748492	F13A1	negative	True	True	True	False	False	False	False	False	False	True	False	False	DE-significant outside bend-point	False	False	False	False	False	tested source RSS, not source-constrained selected
HACD4	0.0353359674282715	0.939120196391605	-0.628838186799462	0.017507438194328	-0.6641741542277335	HACD4	negative	True	True	False	False	False	False	False	False	False	True	False	False	tested, not significant	False	False	False	False	False	tested source RSS, not source-constrained selected
GM49817	-0.04443278929039	0.925373113588584	-0.711040539161587	0.0100424818276622	-0.6666077498711971	GM49817	negative	True	False	False	False	False	False	False	False	False	False	False	False	not in our tested universe	False	False	False	False	False	not in our tested universe
ADRA1B	-0.288602303633286	0.388191786082691	-0.955461674207038	0.00013264846248979	-0.666859370573752	ADRA1B	negative	True	True	False	True	False	False	False	False	False	True	False	False	DE-significant outside bend-point	False	False	False	False	False	tested source RSS, not source-constrained selected
MT-TC	0.174673147042206	0.543327467235181	-0.492235518763045	0.0210504688125183	-0.666908665805251	MT-TC	negative	True	False	False	False	False	False	False	False	False	False	False	False	not in our tested universe	False	False	False	False	False	not in our tested universe
GM11264	-0.279624897778845	0.591396496560301	-0.948028567863588	0.00818779979706562	-0.668403670084743	GM11264	negative	True	False	False	False	False	False	False	False	False	False	False	False	not in our tested universe	False	False	False	False	False	not in our tested universe
D630002J18RIK	0.774074748515165	0.00751127108211304	0.101911496990922	0.818064965725495	-0.672163251524243	D630002J18RIK	negative	True	True	True	False	False	False	False	False	False	True	False	False	DE-significant outside bend-point	False	False	False	False	False	tested source RSS, not source-constrained selected
ELOBL	1.87281712937432	0.00609638963205471	1.19826492495918	0.0977742331934706	-0.6745522044151402	ELOBL	negative	True	False	False	False	False	False	False	False	False	False	False	False	not in our tested universe	False	False	False	False	False	not in our tested universe
TRIM30A	0.754614908891043	0.0461468262994646	0.0760111809433414	0.897139219011123	-0.6786037279477016	TRIM30A	negative	True	True	True	False	False	False	False	False	False	True	False	False	DE-significant outside bend-point	False	False	False	False	False	tested source RSS, not source-constrained selected
GPC6	0.220635383977296	0.288494925062335	-0.460601503574177	0.00711584288963446	-0.681236887551473	GPC6	negative	True	True	False	True	False	False	False	False	False	True	False	False	DE-significant outside bend-point	False	False	False	False	False	tested source RSS, not source-constrained selected
CCDC24	0.727676681124487	0.0299809034291805	0.0444222275924776	0.932855450057254	-0.6832544535320094	CCDC24	negative	True	False	False	False	False	False	False	False	False	False	False	False	not in our tested universe	False	False	False	False	False	not in our tested universe
MS4A6D	1.49196490671778	1.24158772351649e-07	0.807915955042504	0.00802467811121048	-0.684048951675276	MS4A6D	negative	True	True	True	True	False	False	False	False	False	True	False	False	DE-significant outside bend-point	False	False	False	False	False	tested source RSS, not source-constrained selected
G430095P16RIK	0.112654628317491	0.714801796372539	-0.572392053155248	0.00337720363113602	-0.685046681472739	G430095P16RIK	negative	True	True	False	False	False	False	False	False	False	True	False	False	tested, not significant	False	False	False	False	False	tested source RSS, not source-constrained selected
SMAD6	-0.326184994029726	0.20183521135586	-1.01241695481063	5.5230779385228e-07	-0.6862319607809041	SMAD6	negative	True	True	False	True	False	False	False	False	False	True	False	False	DE-significant outside bend-point	False	False	False	False	False	tested source RSS, not source-constrained selected
SLFN5OS	0.50388496762729	0.0303397563597603	-0.183852244617258	0.527887150292523	-0.687737212244548	SLFN5OS	negative	True	False	False	False	False	False	False	False	False	False	False	False	not in our tested universe	False	False	False	False	False	not in our tested universe
GM10482	0.849750659472943	0.0231415615873146	0.161801126271017	0.763008614972562	-0.6879495332019261	GM10482	negative	True	False	False	False	False	False	False	False	False	False	False	False	not in our tested universe	False	False	False	False	False	not in our tested universe
FIBIN	-0.407062751953762	0.396827656057124	-1.09941476428734	0.00299974414586462	-0.692352012333578	FIBIN	negative	True	True	False	True	False	False	False	False	False	True	False	False	DE-significant outside bend-point	False	False	False	False	False	tested source RSS, not source-constrained selected
PADI3	2.05148712398392	0.000143353587196463	1.35858960347584	0.00616807546490384	-0.6928975205080798	PADI3	negative	True	True	True	True	False	False	False	False	False	True	False	False	DE-significant outside bend-point	False	False	False	False	False	tested source RSS, not source-constrained selected
GM12037	1.2122951162581	0.00428887054104924	0.517152802760197	0.259215979118113	-0.6951423134979029	GM12037	negative	True	True	True	False	False	False	False	False	False	True	False	False	DE-significant outside bend-point	False	False	False	False	False	tested source RSS, not source-constrained selected
DSG2	1.5293462206137	5.18239031700603e-05	0.833095916306401	0.0410032038223739	-0.6962503043072991	DSG2	negative	True	True	True	False	False	False	False	False	False	True	False	False	DE-significant outside bend-point	False	False	False	False	False	tested source RSS, not source-constrained selected
PTHLH	1.18430813680975	4.69725435547199e-06	0.488006772019358	0.103881801109417	-0.696301364790392	PTHLH	negative	True	True	True	True	False	False	False	False	False	True	False	False	DE-significant outside bend-point	False	False	False	False	False	tested source RSS, not source-constrained selected
KY	-0.310590934301399	0.491007301082524	-1.01215376779823	0.00243847658039439	-0.7015628334968309	KY	negative	True	True	False	True	False	False	False	False	False	True	False	False	DE-significant outside bend-point	False	False	False	False	False	tested source RSS, not source-constrained selected
GPIHBP1	0.244061381412137	0.288102665104881	-0.460509601774491	0.0141349386525742	-0.704570983186628	GPIHBP1	negative	True	True	False	True	False	False	False	False	False	True	False	False	DE-significant outside bend-point	False	False	False	False	False	tested source RSS, not source-constrained selected
GM49144	0.638916912688496	0.0182880990717681	-0.0690915825115224	0.871312488578914	-0.7080084952000184	GM49144	negative	True	False	False	False	False	False	False	False	False	False	False	False	not in our tested universe	False	False	False	False	False	not in our tested universe
KRT6B	5.50865444436588	2.0847326118458e-05	4.7971012022359	0.000287896451029082	-0.7115532421299804	KRT6B	negative	True	False	False	False	False	False	False	False	False	False	False	False	not in our tested universe	False	False	False	False	False	not in our tested universe
GM35340	1.06004817798453	0.0284623731552771	0.348468245348502	0.572322132666003	-0.7115799326360281	GM35340	negative	True	True	True	False	False	False	False	False	False	True	False	False	DE-significant outside bend-point	False	False	False	False	False	tested source RSS, not source-constrained selected
GM36393	1.15900407963238	0.0459908535566712	0.445986163310493	0.525477353601037	-0.7130179163218869	GM36393	negative	True	False	False	False	False	False	False	False	False	False	False	False	not in our tested universe	False	False	False	False	False	not in our tested universe
SEMA3D	-0.0179354467174451	0.967574758593113	-0.732005802349467	0.00208345663798207	-0.7140703556320219	SEMA3D	negative	True	True	False	True	False	False	False	False	False	True	False	False	DE-significant outside bend-point	False	False	False	False	False	tested source RSS, not source-constrained selected
SNAI2	0.924368716408209	0.000131246434881732	0.205688849409946	0.535850000650293	-0.7186798669982629	SNAI2	negative	True	True	True	False	False	False	False	False	False	True	False	False	DE-significant outside bend-point	False	False	False	False	False	tested source RSS, not source-constrained selected
ST8SIA2	0.771726171538348	0.000181542277286433	0.0484049156195143	0.888853276637306	-0.7233212559188337	ST8SIA2	negative	True	True	True	False	False	False	False	False	False	True	False	False	DE-significant outside bend-point	False	False	False	False	False	tested source RSS, not source-constrained selected
HRK	-0.0781956317516024	0.796355722265539	-0.80318772882451	5.6457446126645e-06	-0.7249920970729076	HRK	negative	True	True	False	True	False	False	False	False	False	True	False	False	DE-significant outside bend-point	False	False	False	False	False	tested source RSS, not source-constrained selected
RFX2	0.547591361601644	0.00138036721651641	-0.177460052620263	0.403317819987486	-0.725051414221907	RFX2	negative	True	True	True	False	False	False	False	False	False	True	False	False	DE-significant outside bend-point	False	False	False	False	False	tested source RSS, not source-constrained selected
TNFRSF19	0.221251065894724	0.153219361080314	-0.506170159257557	9.62191963812709e-05	-0.727421225152281	TNFRSF19	negative	True	True	False	True	False	False	False	False	False	True	False	False	DE-significant outside bend-point	False	False	False	False	False	tested source RSS, not source-constrained selected
FOXA1	5.61548596850314	2.25453995178702e-25	4.88650628552387	4.7624593609653e-22	-0.7289796829792703	FOXA1	negative	True	True	True	True	False	False	False	False	False	True	False	False	DE-significant outside bend-point	False	True	False	False	True	cKO-only source-constrained bend-point
GJB4	2.09952511802049	3.05265145267996e-08	1.37046663887963	0.000149999064406327	-0.7290584791408601	GJB4	negative	True	True	True	True	False	False	False	False	False	True	False	False	DE-significant outside bend-point	False	False	False	False	False	tested source RSS, not source-constrained selected
HTRA4	0.226934126283958	0.39917516857944	-0.502442109185174	0.0193758652056621	-0.729376235469132	HTRA4	negative	True	True	False	True	False	False	False	False	False	True	False	False	DE-significant outside bend-point	False	False	False	False	False	tested source RSS, not source-constrained selected
GM37345	-0.171705150235064	0.794093501095975	-0.90181666943461	0.0260235334084555	-0.730111519199546	GM37345	negative	True	True	False	True	False	False	False	False	False	True	False	False	DE-significant outside bend-point	False	False	False	False	False	tested source RSS, not source-constrained selected
FOXF1	1.09048138632198	0.000101349479269975	0.359251525846534	0.297024551065622	-0.7312298604754459	FOXF1	negative	True	True	True	False	False	False	False	False	False	True	False	False	DE-significant outside bend-point	False	False	False	False	False	tested source RSS, not source-constrained selected
ELDR	0.671870226561656	0.0120058467057278	-0.0597131207300135	0.888831389602003	-0.7315833472916695	ELDR	negative	True	False	False	False	False	False	False	False	False	False	False	False	not in our tested universe	False	False	False	False	False	not in our tested universe
GM5946	0.812711488848196	0.00361763865486337	0.0790916424075928	0.862732786809454	-0.7336198464406032	GM5946	negative	True	False	False	False	False	False	False	False	False	False	False	False	not in our tested universe	False	False	False	False	False	not in our tested universe
GM49518	1.33049389412707	0.000289760411823109	0.596064133298066	0.137244264581457	-0.7344297608290041	GM49518	negative	True	True	True	False	False	False	False	False	False	True	False	False	DE-significant outside bend-point	False	False	False	False	False	tested source RSS, not source-constrained selected
AQP9	1.05461854630206	0.00144416593524528	0.317633722682208	0.433265804869862	-0.7369848236198521	AQP9	negative	True	True	True	False	False	False	False	False	False	True	False	False	DE-significant outside bend-point	False	False	False	False	False	tested source RSS, not source-constrained selected
ATP10A	0.135867782557232	0.68672458471761	-0.603563145852171	0.00742745895096857	-0.7394309284094029	ATP10A	negative	True	True	False	True	False	False	False	False	False	True	False	False	DE-significant outside bend-point	False	False	False	False	False	tested source RSS, not source-constrained selected
MFRP	0.337019175186952	0.0961653996048568	-0.408990766486614	0.0299417537848383	-0.7460099416735659	MFRP	negative	True	False	False	False	False	False	False	False	False	False	False	False	not in our tested universe	False	False	False	False	False	not in our tested universe
INMT	0.966023848514489	0.00105976630543681	0.215506780763618	0.60094841110887	-0.750517067750871	INMT	negative	True	True	True	False	False	False	False	False	False	True	False	False	DE-significant outside bend-point	False	False	False	False	False	tested source RSS, not source-constrained selected
SIGLECH	0.0859376464117506	0.874919566618793	-0.665105385262211	0.0429709981253557	-0.7510430316739616	SIGLECH	negative	True	True	False	False	False	False	False	False	False	True	False	False	tested, not significant	False	False	False	False	False	tested source RSS, not source-constrained selected
BMNCR	-0.00135891535818029	0.998257342631964	-0.754830486541001	0.0132916745895808	-0.7534715711828207	BMNCR	negative	True	True	False	False	False	False	False	False	False	True	False	False	tested, not significant	False	False	False	False	False	tested source RSS, not source-constrained selected
4933440M02RIK	1.30301985841389	0.00881512310609974	0.548406451378292	0.300447374567652	-0.7546134070355979	4933440M02RIK	negative	True	False	False	False	False	False	False	False	False	False	False	False	not in our tested universe	False	False	False	False	False	not in our tested universe
4930511P09RIK	-0.925147369843151	0.342708989765111	-1.68370914505348	0.0270500938404633	-0.758561775210329	4930511P09RIK	negative	True	False	False	False	False	False	False	False	False	False	False	False	not in our tested universe	False	False	False	False	False	not in our tested universe
GBP10	-0.668225587422502	0.433599544617149	-1.42721827538101	0.0388286378344469	-0.758992687958508	GBP10	negative	True	True	False	False	False	False	False	False	False	True	False	False	tested, not significant	False	False	False	False	False	tested source RSS, not source-constrained selected
ERG	0.509141827842357	0.00148717166590167	-0.250618381203432	0.167767460961131	-0.7597602090457889	ERG	negative	True	True	True	False	False	False	False	False	False	True	False	False	DE-significant outside bend-point	False	False	False	False	False	tested source RSS, not source-constrained selected
C1QTNF5	0.344715820543397	0.0888241096722773	-0.415606645870939	0.027664265753604	-0.760322466414336	C1QTNF5	negative	True	False	False	False	False	False	False	False	False	False	False	False	not in our tested universe	False	False	False	False	False	not in our tested universe
ANGPT4	-0.302920482784601	0.200901799727723	-1.06750705966749	5.18725953933463e-09	-0.764586576882889	ANGPT4	negative	True	True	False	True	False	False	False	False	False	True	False	False	DE-significant outside bend-point	False	False	False	False	False	tested source RSS, not source-constrained selected
3425401B19RIK	-0.489604331236493	0.0483950878925391	-1.25624594724962	3.6009065621735e-09	-0.7666416160131269	3425401B19RIK	negative	True	True	False	True	False	False	False	False	False	True	False	False	DE-significant outside bend-point	False	False	False	False	False	tested source RSS, not source-constrained selected
GM16559	1.01514254529616	0.000153487233720638	0.248469826450858	0.488199595973371	-0.766672718845302	GM16559	negative	True	False	False	False	False	False	False	False	False	False	False	False	not in our tested universe	False	False	False	False	False	not in our tested universe
PHLDB2	0.169232551733721	0.637743599929342	-0.597506479013064	0.0187111565333332	-0.766739030746785	PHLDB2	negative	True	True	False	True	False	False	False	False	False	True	False	False	DE-significant outside bend-point	False	False	False	False	False	tested source RSS, not source-constrained selected
GM2007	-0.121916862415206	0.720530188503251	-0.889124137584887	3.2168348859365e-05	-0.767207275169681	GM2007	negative	True	False	False	False	False	False	False	False	False	False	False	False	not in our tested universe	False	False	False	False	False	not in our tested universe
GM9821	-0.0849816371587846	0.867639351357862	-0.852819245458226	0.00671487887483789	-0.7678376082994414	GM9821	negative	True	False	False	False	False	False	False	False	False	False	False	False	not in our tested universe	False	False	False	False	False	not in our tested universe
GM20684	-0.00488123622123205	0.991411761445737	-0.773037339729388	0.000824638093093247	-0.768156103508156	GM20684	negative	True	True	False	True	False	False	False	False	False	True	False	False	DE-significant outside bend-point	False	False	False	False	False	tested source RSS, not source-constrained selected
COL6A5	2.10931352611768	5.28966941076453e-10	1.34069520561839	0.000142086842851736	-0.7686183204992898	COL6A5	negative	True	True	True	True	False	False	False	False	False	True	False	False	DE-significant outside bend-point	False	False	False	False	False	tested source RSS, not source-constrained selected
GM13578	0.078581600166421	0.888476587926212	-0.690501766114032	0.0428624516076807	-0.769083366280453	GM13578	negative	True	False	False	False	False	False	False	False	False	False	False	False	not in our tested universe	False	False	False	False	False	not in our tested universe
PPP1R14A	0.225555927273995	0.534015721006234	-0.545483435233186	0.0475875125709967	-0.771039362507181	PPP1R14A	negative	True	True	False	False	False	False	False	False	False	True	False	False	tested, not significant	False	False	False	False	False	tested source RSS, not source-constrained selected
4930438A08RIK	2.43704743969853	1.97185599727021e-06	1.66473275342099	0.00168850697339064	-0.7723146862775403	4930438A08RIK	negative	True	True	True	True	False	False	False	False	False	True	False	False	DE-significant outside bend-point	False	False	False	False	False	tested source RSS, not source-constrained selected
GM15856	-0.167159748389276	0.68141399558025	-0.939752706547281	0.000528607305300859	-0.7725929581580051	GM15856	negative	True	False	False	False	False	False	False	False	False	False	False	False	not in our tested universe	False	False	False	False	False	not in our tested universe
GM19569	0.0607154335947614	0.89112005273796	-0.712632478732272	0.00553026128148481	-0.7733479123270334	GM19569	negative	True	True	False	True	False	False	False	False	False	True	False	False	DE-significant outside bend-point	False	False	False	False	False	tested source RSS, not source-constrained selected
GM26793	6.61682895873243	1.54856633357299e-10	5.84326517251206	2.08062775223327e-08	-0.7735637862203699	GM26793	negative	True	True	True	True	False	False	False	False	False	True	False	False	DE-significant outside bend-point	False	False	False	False	False	tested source RSS, not source-constrained selected
GM41724	0.205944650055436	0.512083772187324	-0.570600483468985	0.0148028512746305	-0.7765451335244209	GM41724	negative	True	False	False	False	False	False	False	False	False	False	False	False	not in our tested universe	False	False	False	False	False	not in our tested universe
TRIM38	1.23484819503801	9.62479628408251e-06	0.457427860624277	0.137142982930686	-0.7774203344137329	TRIM38	negative	True	True	True	False	False	False	False	False	False	True	False	False	DE-significant outside bend-point	False	False	False	False	False	tested source RSS, not source-constrained selected
GM20444	0.360757161330016	0.074739910499696	-0.416961577695022	0.0281306565579666	-0.777718739025038	GM20444	negative	True	True	False	False	False	False	False	False	False	True	False	False	tested, not significant	False	False	False	False	False	tested source RSS, not source-constrained selected
4933436I20RIK	3.26740622388378	5.99098823578387e-14	2.48747937327035	5.80393508365555e-12	-0.77992685061343	4933436I20RIK	negative	True	False	False	False	False	False	False	False	False	False	False	False	not in our tested universe	False	False	False	False	False	not in our tested universe
GM11986	2.07516467043199	0.0421834191582435	1.29258520749934	0.322153234648071	-0.7825794629326499	GM11986	negative	True	False	False	False	False	False	False	False	False	False	False	False	not in our tested universe	False	False	False	False	False	not in our tested universe
ZFP967	0.0779035091660115	0.891103309449138	-0.706336398132955	0.0372842782605708	-0.7842399072989665	ZFP967	negative	True	False	False	False	False	False	False	False	False	False	False	False	not in our tested universe	False	False	False	False	False	not in our tested universe
CES2G	0.462137167606304	0.023157482447977	-0.328050029747417	0.1262240127968	-0.790187197353721	CES2G	negative	True	True	True	False	False	False	False	False	False	True	False	False	DE-significant outside bend-point	False	False	False	False	False	tested source RSS, not source-constrained selected
GM29682	0.513160297464151	0.039215731011051	-0.277091870215341	0.302371938668303	-0.790252167679492	GM29682	negative	True	False	False	False	False	False	False	False	False	False	False	False	not in our tested universe	False	False	False	False	False	not in our tested universe
ZFP488	2.95210346311328	0.000666931686912797	2.16056187463802	0.0171835720411561	-0.7915415884752597	ZFP488	negative	True	True	True	True	False	False	False	False	False	True	False	False	DE-significant outside bend-point	False	False	False	False	False	tested source RSS, not source-constrained selected
GM32652	-0.142644203933842	0.613393923528606	-0.935179335024655	2.3117360293041e-07	-0.792535131090813	GM32652	negative	True	True	False	False	False	False	False	False	False	True	False	False	tested, not significant	False	False	False	False	False	tested source RSS, not source-constrained selected
DSC2	1.1973922638336	0.000787778140661232	0.404312795852206	0.344388835061627	-0.7930794679813942	DSC2	negative	True	True	True	False	False	False	False	False	False	True	False	False	DE-significant outside bend-point	False	False	False	False	False	tested source RSS, not source-constrained selected
CCDC121RT1	-0.189049818578061	0.800539618970701	-0.984593054470528	0.0491170408257275	-0.795543235892467	CCDC121RT1	negative	True	True	False	False	False	False	False	False	False	True	False	False	tested, not significant	False	False	False	False	False	tested source RSS, not source-constrained selected
TESMIN	1.24779036836901	0.00397495944053091	0.44881341030341	0.345501629209376	-0.7989769580655999	TESMIN	negative	True	True	True	False	False	False	False	False	False	True	False	False	DE-significant outside bend-point	False	False	False	False	False	tested source RSS, not source-constrained selected
ADH1	1.07513043722351	0.000435903873168153	0.266495982750211	0.518423972910491	-0.808634454473299	ADH1	negative	True	True	True	False	False	False	False	False	False	True	False	False	DE-significant outside bend-point	False	False	False	False	False	tested source RSS, not source-constrained selected
TMT1B	2.82284131296716	2.61860490807943e-14	2.01342095130239	3.11661211291799e-08	-0.8094203616647699	TMT1B	negative	True	True	True	True	False	False	False	False	False	False	False	False	DE-significant outside bend-point	False	False	False	False	False	tested source RSS, not source-constrained selected
PANX3	-0.818568430561342	0.421837775822039	-1.63255735289024	0.0399387107494508	-0.813988922328898	PANX3	negative	True	True	False	True	False	False	False	False	False	True	False	False	DE-significant outside bend-point	False	False	False	False	False	tested source RSS, not source-constrained selected
CCDC80	0.13335985542443	0.696021716188624	-0.680765517676453	0.00236005791029007	-0.814125373100883	CCDC80	negative	True	True	False	True	False	False	False	False	False	True	False	False	DE-significant outside bend-point	False	False	False	False	False	tested source RSS, not source-constrained selected
SLC5A4A	-0.265692071568872	0.694395963102352	-1.08045265562983	0.0272140303031808	-0.814760584060958	SLC5A4A	negative	True	True	False	False	False	False	False	False	False	True	False	False	tested, not significant	False	False	False	False	False	tested source RSS, not source-constrained selected
ADAMTSL1	0.391952058662208	0.0482172143798844	-0.424758300852874	0.0261342495160671	-0.816710359515082	ADAMTSL1	negative	True	True	False	True	False	False	False	False	False	True	False	False	DE-significant outside bend-point	False	False	False	False	False	tested source RSS, not source-constrained selected
MAP3K19	1.82069222440191	7.91238703598917e-05	1.00257599861911	0.050376389199367	-0.8181162257827999	MAP3K19	negative	True	True	True	True	False	False	False	False	False	True	False	False	DE-significant outside bend-point	False	False	False	False	False	tested source RSS, not source-constrained selected
PM20D1	0.161956969447587	0.696143063604459	-0.657270674933221	0.0190611110528484	-0.819227644380808	PM20D1	negative	True	True	False	True	False	False	False	False	False	True	False	False	DE-significant outside bend-point	False	False	False	False	False	tested source RSS, not source-constrained selected
GM55158	5.99135661519683	4.24077865901793e-07	5.17172905041379	1.93793608759617e-05	-0.8196275647830404	GM55158	negative	True	False	False	False	False	False	False	False	False	False	False	False	not in our tested universe	False	False	False	False	False	not in our tested universe
GM51802	1.40917501004631	0.0171816587553231	0.584156715701247	0.432938637626083	-0.825018294345063	GM51802	negative	True	False	False	False	False	False	False	False	False	False	False	False	not in our tested universe	False	False	False	False	False	not in our tested universe
CDON	0.142124581520032	0.740631395603468	-0.68776125458308	0.0147657669267373	-0.8298858361031121	CDON	negative	True	True	False	True	False	False	False	False	False	True	False	False	DE-significant outside bend-point	False	False	False	False	False	tested source RSS, not source-constrained selected
GM37493	-0.409191611828238	0.637726942665343	-1.239154920145	0.0406240646546833	-0.8299633083167621	GM37493	negative	True	False	False	False	False	False	False	False	False	False	False	False	not in our tested universe	False	False	False	False	False	not in our tested universe
MRGPRB1	0.896648838707176	0.0449689467499929	0.0572689797072069	0.932265191861487	-0.8393798589999691	MRGPRB1	negative	True	True	False	False	False	False	False	False	False	True	False	False	tested, not significant	False	False	False	False	False	tested source RSS, not source-constrained selected
ASB16	0.0846692200367012	0.872521666017128	-0.756256477830727	0.0153072565837666	-0.8409256978674282	ASB16	negative	True	True	False	True	False	False	False	False	False	True	False	False	DE-significant outside bend-point	False	False	False	False	False	tested source RSS, not source-constrained selected
GM6465	6.2872745704675	2.85568697932128e-08	5.44025405934629	2.51215818973402e-06	-0.8470205111212099	GM6465	negative	True	False	False	False	False	False	False	False	False	False	False	False	not in our tested universe	False	False	False	False	False	not in our tested universe
TIMP1	2.59247595664134	1.54430756900702e-14	1.73725406652144	5.4104034255155e-07	-0.8552218901198998	TIMP1	negative	True	True	True	True	False	False	False	False	False	True	False	False	DE-significant outside bend-point	False	False	False	False	False	tested source RSS, not source-constrained selected
ADAMTSL3	-0.0535520499624407	0.927556848457137	-0.916715193175579	0.00602355723991578	-0.8631631432131384	ADAMTSL3	negative	True	True	False	True	False	False	False	False	False	True	False	False	DE-significant outside bend-point	False	False	False	False	False	tested source RSS, not source-constrained selected
GM29418	-0.182040012255026	0.764037458742087	-1.04930529088847	0.00652597649410296	-0.8672652786334439	GM29418	negative	True	False	False	False	False	False	False	False	False	False	False	False	not in our tested universe	False	False	False	False	False	not in our tested universe
9630013D21RIK	-0.486063664404671	0.334750945822972	-1.35745255964352	0.00150227738704751	-0.8713888952388491	9630013D21RIK	negative	True	False	False	False	False	False	False	False	False	False	False	False	not in our tested universe	False	False	False	False	False	not in our tested universe
CPM	-0.16760896036002	0.841163040918498	-1.04211715774178	0.0485411329854772	-0.8745081973817601	CPM	negative	True	True	False	True	False	False	False	False	False	True	False	False	DE-significant outside bend-point	False	False	False	False	False	tested source RSS, not source-constrained selected
ART5	-0.411158345861129	0.625002831345728	-1.29020235318988	0.0385081294743832	-0.8790440073287511	ART5	negative	True	True	False	False	False	False	False	False	False	True	False	False	tested, not significant	False	False	False	False	False	tested source RSS, not source-constrained selected
GM10416	-0.0115625044908657	0.987880545989016	-0.893406161310004	0.0158531754113277	-0.8818436568191383	GM10416	negative	True	True	False	True	False	False	False	False	False	True	False	False	DE-significant outside bend-point	False	False	False	False	False	tested source RSS, not source-constrained selected
CHRD	0.0250530113745937	0.971197545302531	-0.862297588787816	0.0273646981200291	-0.8873506001624097	CHRD	negative	True	True	False	True	False	False	False	False	False	True	False	False	DE-significant outside bend-point	False	False	False	False	False	tested source RSS, not source-constrained selected
UBXN10	1.16906151160691	0.022074961433636	0.277816358000517	0.704398523176163	-0.891245153606393	UBXN10	negative	True	True	True	False	False	False	False	False	False	True	False	False	DE-significant outside bend-point	False	False	False	False	False	tested source RSS, not source-constrained selected
GM34176	1.66479457987589	0.0425869348899881	0.77158267526167	0.360520293658891	-0.8932119046142201	GM34176	negative	True	False	False	False	False	False	False	False	False	False	False	False	not in our tested universe	False	False	False	False	False	not in our tested universe
CBLN4	-0.170439917721362	0.81276382234146	-1.06585833448576	0.0143446022858371	-0.8954184167643979	CBLN4	negative	True	True	False	True	False	False	False	False	False	True	False	False	DE-significant outside bend-point	False	False	False	False	False	tested source RSS, not source-constrained selected
SFRP2	0.83886359956923	0.00372440737617105	-0.0570044487443887	0.906050501477273	-0.8958680483136187	SFRP2	negative	True	True	True	False	False	False	False	False	False	True	False	False	DE-significant outside bend-point	False	False	False	False	False	tested source RSS, not source-constrained selected
RIPPLY3	0.834189088977589	0.0445755504157085	-0.0649479224437142	0.921304885985902	-0.8991370114213032	RIPPLY3	negative	True	True	True	False	False	False	False	False	False	True	False	False	DE-significant outside bend-point	False	False	False	False	False	tested source RSS, not source-constrained selected
SERPINE1	4.16117107981447	6.01048118151186e-24	3.26160312553979	4.59755047971271e-15	-0.89956795427468	SERPINE1	negative	True	True	True	True	True	True	True	False	False	True	True	False	shared WT/cKO bend-point	True	True	True	False	False	shared source-constrained bend-point
GM37802	0.10577922405827	0.860990770462925	-0.793924787039533	0.0298960055682121	-0.899704011097803	GM37802	negative	True	False	False	False	False	False	False	False	False	False	False	False	not in our tested universe	False	False	False	False	False	not in our tested universe
GM9913	0.222982341518852	0.623467372294738	-0.679152612894487	0.0272450603558347	-0.902134954413339	GM9913	negative	True	True	False	False	False	False	False	False	False	False	False	False	tested, not significant	False	False	False	False	False	tested source RSS, not source-constrained selected
LHX4	-0.087460089911179	0.910092987131626	-0.990524335613383	0.0375735107943868	-0.903064245702204	LHX4	negative	True	False	False	False	False	False	False	False	False	False	False	False	not in our tested universe	False	False	False	False	False	not in our tested universe
MID1-PS1	1.31155364198441	0.0221099896942767	0.404274357704313	0.594690452997814	-0.907279284280097	MID1-PS1	negative	True	False	False	False	False	False	False	False	False	False	False	False	not in our tested universe	False	False	False	False	False	not in our tested universe
SPP2	1.22439539010189	0.00562413267927946	0.314341111218911	0.612522196467798	-0.9100542788829791	SPP2	negative	True	True	True	False	False	False	False	False	False	True	False	False	DE-significant outside bend-point	False	False	False	False	False	tested source RSS, not source-constrained selected
SLFN10-PS	3.01338429543247	1.63966860360814e-11	2.09852977620037	3.52060424419201e-07	-0.9148545192321	SLFN10-PS	negative	True	True	True	True	False	False	False	False	False	False	False	False	DE-significant outside bend-point	False	False	False	False	False	tested source RSS, not source-constrained selected
EFNA4	0.77334085616696	0.00518848544568194	-0.142285585500131	0.71176418641954	-0.9156264416670911	EFNA4	negative	True	True	True	False	False	False	False	False	False	True	False	False	DE-significant outside bend-point	False	False	False	False	False	tested source RSS, not source-constrained selected
DCC	0.0798145919501193	0.830770342366816	-0.836534558249061	8.99127126238198e-05	-0.9163491501991803	DCC	negative	True	True	False	True	False	False	False	False	False	True	False	False	DE-significant outside bend-point	False	False	False	False	False	tested source RSS, not source-constrained selected
MRGPRB13	-0.831263920764779	0.368751508042292	-1.75277682328378	0.0379041215782914	-0.921512902519001	MRGPRB13	negative	True	False	False	False	False	False	False	False	False	False	False	False	not in our tested universe	False	False	False	False	False	not in our tested universe
STC2	1.21771017010735	0.000816559784233948	0.295867449619166	0.52430219268526	-0.921842720488184	STC2	negative	True	True	True	False	False	False	False	False	False	True	False	False	DE-significant outside bend-point	False	False	False	False	False	tested source RSS, not source-constrained selected
C1QTNF2	0.112258805849114	0.809629477844088	-0.811202795180756	0.00372060002499407	-0.92346160102987	C1QTNF2	negative	True	True	False	True	False	False	False	False	False	True	False	False	DE-significant outside bend-point	False	False	False	False	False	tested source RSS, not source-constrained selected
ADAMTS2	0.145879816670376	0.751900979437134	-0.778192558319865	0.00903202942389934	-0.924072374990241	ADAMTS2	negative	True	True	False	True	False	False	False	False	False	True	False	False	DE-significant outside bend-point	False	False	False	False	False	tested source RSS, not source-constrained selected
ACSF2	0.137867876422996	0.734164644315994	-0.788010373207907	0.00233154874916629	-0.925878249630903	ACSF2	negative	True	True	False	False	False	False	False	False	False	True	False	False	tested, not significant	False	False	False	False	False	tested source RSS, not source-constrained selected
HNF4A	1.78597844361469	3.8512540909554e-05	0.853250244515833	0.0442635678481962	-0.932728199098857	HNF4A	negative	True	True	True	False	False	False	False	False	False	True	False	False	DE-significant outside bend-point	False	False	False	False	False	tested source RSS, not source-constrained selected
APOL7D	0.128804098291816	0.800140098460875	-0.80539984946634	0.0106108604544299	-0.9342039477581561	APOL7D	negative	True	True	False	False	False	False	False	False	False	True	False	False	tested, not significant	False	False	False	False	False	tested source RSS, not source-constrained selected
FGF10	0.619025754741658	0.0421349367514843	-0.318989048233118	0.326847480877578	-0.938014802974776	FGF10	negative	True	True	False	False	False	False	False	False	False	True	False	False	tested, not significant	False	False	False	False	False	tested source RSS, not source-constrained selected
H2-Q10	1.20097132008791	0.00513164091281563	0.262348884148931	0.659892853457474	-0.938622435938979	H2-Q10	negative	True	True	True	False	False	False	False	False	False	True	False	False	DE-significant outside bend-point	False	False	False	False	False	tested source RSS, not source-constrained selected
NDUFA4L2	0.284588543200925	0.450517639241772	-0.654454572665077	0.0269097796202982	-0.939043115866002	NDUFA4L2	negative	True	True	False	True	False	False	False	False	False	True	False	False	DE-significant outside bend-point	False	False	False	False	False	tested source RSS, not source-constrained selected
SH3RF2	-0.329533016201088	0.693951283281205	-1.2702591578342	0.0252932492250272	-0.940726141633112	SH3RF2	negative	True	True	False	True	False	False	False	False	False	True	False	False	DE-significant outside bend-point	False	False	False	False	False	tested source RSS, not source-constrained selected
CBR2	0.816882604066275	6.57127656124694e-05	-0.125261336319457	0.677578240351228	-0.942143940385732	CBR2	negative	True	True	True	False	False	False	False	False	False	True	False	False	DE-significant outside bend-point	False	False	False	False	False	tested source RSS, not source-constrained selected
SLC9A2	-0.165617981348167	0.842664250713375	-1.11060416232277	0.0331290067387167	-0.9449861809746031	SLC9A2	negative	True	True	False	True	False	False	False	False	False	True	False	False	DE-significant outside bend-point	False	False	False	False	False	tested source RSS, not source-constrained selected
GJD2OS	-0.197975024800881	0.667717695827897	-1.14522082902522	0.00833000534908815	-0.9472458042243389	GJD2OS	negative	True	True	False	False	False	False	False	False	False	True	False	False	tested, not significant	False	False	False	False	False	tested source RSS, not source-constrained selected
DDR2	0.565136766845077	0.0444243878036229	-0.385994276029012	0.202808434579162	-0.9511310428740889	DDR2	negative	True	True	True	False	False	False	False	False	False	True	False	False	DE-significant outside bend-point	False	False	False	False	False	tested source RSS, not source-constrained selected
LRRD1	-0.0842929909691481	0.880744056736956	-1.03751880997174	0.00168082310490909	-0.953225819002592	LRRD1	negative	True	False	False	False	False	False	False	False	False	False	False	False	not in our tested universe	False	False	False	False	False	not in our tested universe
GDF10	0.125406024649118	0.831681667338535	-0.834756994015817	0.0228070195856169	-0.960163018664935	GDF10	negative	True	True	False	True	False	False	False	False	False	True	False	False	DE-significant outside bend-point	False	False	False	False	False	tested source RSS, not source-constrained selected
CCL24	0.0488437599305292	0.942222954676015	-0.91808232871838	0.0190175174394261	-0.9669260886489093	CCL24	negative	True	True	False	False	False	False	False	False	False	True	False	False	tested, not significant	False	False	False	False	False	tested source RSS, not source-constrained selected
GM31373	1.69889284742718	0.0235762891490524	0.727271266591539	0.420650139183791	-0.9716215808356411	GM31373	negative	True	False	False	False	False	False	False	False	False	False	False	False	not in our tested universe	False	False	False	False	False	not in our tested universe
AGTR2	-0.312923140408412	0.678315872708358	-1.28628789795219	0.0089001573109353	-0.9733647575437778	AGTR2	negative	True	True	False	True	False	False	False	False	False	True	False	False	DE-significant outside bend-point	False	False	False	False	False	tested source RSS, not source-constrained selected
GM14437	0.0314000410889917	0.969492568014524	-0.942068774984575	0.0412354414939312	-0.9734688160735667	GM14437	negative	True	False	False	False	False	False	False	False	False	False	False	False	not in our tested universe	False	False	False	False	False	not in our tested universe
FAM50B	5.7120855619257	1.47522986127579e-06	4.73543531694662	9.33959164606336e-05	-0.9766502449790799	FAM50B	negative	True	False	False	False	False	False	False	False	False	False	False	False	not in our tested universe	False	False	False	False	False	not in our tested universe
ARTN	1.18705054905868	0.0149889469795777	0.201730254789291	0.773238999758183	-0.985320294269389	ARTN	negative	True	True	True	False	False	False	False	False	False	True	False	False	DE-significant outside bend-point	False	False	False	False	False	tested source RSS, not source-constrained selected
LRIT1	1.29271065287018	0.0150930017638114	0.303468119762182	0.675614142323085	-0.9892425331079979	LRIT1	negative	True	True	True	False	False	False	False	False	False	True	False	False	DE-significant outside bend-point	False	False	False	False	False	tested source RSS, not source-constrained selected
VMN1R86	-1.19874555113909	0.124592979353047	-2.19186820525584	0.010540482021926	-0.9931226541167497	VMN1R86	negative	True	False	False	False	False	False	False	False	False	False	False	False	not in our tested universe	False	False	False	False	False	not in our tested universe
GM27176	-0.303158032929235	0.751213058770928	-1.29901664319402	0.0445246561535468	-0.9958586102647851	GM27176	negative	True	False	False	False	False	False	False	False	False	False	False	False	not in our tested universe	False	False	False	False	False	not in our tested universe
GM17019	3.84983083997094	6.09906108312188e-07	2.85095848396451	6.45581801924354e-05	-0.9988723560064301	GM17019	negative	True	True	True	True	False	False	False	False	False	True	False	False	DE-significant outside bend-point	False	False	False	False	False	tested source RSS, not source-constrained selected
SOX1OT	1.7437000667471	0.0394275570789472	0.744086538054946	0.453439091130971	-0.9996135286921541	SOX1OT	negative	True	False	False	False	False	False	False	False	False	False	False	False	not in our tested universe	False	False	False	False	False	not in our tested universe
GM28982	0.0666229998429664	0.919699161322138	-0.939194116210124	0.0195059376853948	-1.0058171160530904	GM28982	negative	True	False	False	False	False	False	False	False	False	False	False	False	not in our tested universe	False	False	False	False	False	not in our tested universe
GM15866	-0.090846204071941	0.9045450906446	-1.09757644252924	0.0104182810964954	-1.006730238457299	GM15866	negative	True	False	False	False	False	False	False	False	False	False	False	False	not in our tested universe	False	False	False	False	False	not in our tested universe
GM12198	0.127005215326051	0.853438326258174	-0.886228616770272	0.0303462283692027	-1.013233832096323	GM12198	negative	True	False	False	False	False	False	False	False	False	False	False	False	not in our tested universe	False	False	False	False	False	not in our tested universe
GM51860	0.0750876001020016	0.90129210758805	-0.945262661429444	0.00388409188866017	-1.0203502615314457	GM51860	negative	True	False	False	False	False	False	False	False	False	False	False	False	not in our tested universe	False	False	False	False	False	not in our tested universe
ROPN1	-0.225624748508887	0.756202403894886	-1.25060414187807	0.00845707294279721	-1.024979393369183	ROPN1	negative	True	True	False	True	False	False	False	False	False	True	False	False	DE-significant outside bend-point	False	False	False	False	False	tested source RSS, not source-constrained selected
SNAI1	0.967159020446505	0.00650144239680714	-0.0584741256735867	0.92013694412146	-1.0256331461200918	SNAI1	negative	True	True	True	False	False	False	False	False	False	True	False	False	DE-significant outside bend-point	False	False	False	False	False	tested source RSS, not source-constrained selected
PPIC	0.373521905844073	0.334814630337087	-0.658886802300692	0.0450305252577208	-1.032408708144765	PPIC	negative	True	True	False	True	False	False	False	False	False	True	False	False	DE-significant outside bend-point	False	False	False	False	False	tested source RSS, not source-constrained selected
GM44753	-0.457459408657312	0.56562434161749	-1.49006382839503	0.0120472892461627	-1.032604419737718	GM44753	negative	True	False	False	False	False	False	False	False	False	False	False	False	not in our tested universe	False	False	False	False	False	not in our tested universe
KCTD12	0.725096206069693	0.00738270049229452	-0.309714454356299	0.340675410816056	-1.0348106604259921	KCTD12	negative	True	True	True	False	False	False	False	False	False	True	False	False	DE-significant outside bend-point	False	False	False	False	False	tested source RSS, not source-constrained selected
RBP7	0.25360659151636	0.526096216019421	-0.787606601788747	0.0062881695700907	-1.041213193305107	RBP7	negative	True	True	False	True	False	False	False	False	False	True	False	False	DE-significant outside bend-point	False	False	False	False	False	tested source RSS, not source-constrained selected
PLATR5	3.78151345156608	0.00653807200704175	2.73549167871259	0.0299842418362087	-1.0460217728534902	PLATR5	negative	True	False	False	False	False	False	False	False	False	False	False	False	not in our tested universe	False	False	False	False	False	not in our tested universe
SCEL	0.20242425374206	0.674611504110833	-0.846279380979867	0.00851188683370911	-1.048703634721927	SCEL	negative	True	True	False	True	False	False	False	False	False	True	False	False	DE-significant outside bend-point	False	False	False	False	False	tested source RSS, not source-constrained selected
RORB	2.50566758163114	6.92291518355677e-05	1.45197847544349	0.0151528389587386	-1.05368910618765	RORB	negative	True	False	False	False	False	False	False	False	False	False	False	False	not in our tested universe	False	False	False	False	False	not in our tested universe
GM15767	1.07178296542221	0.030101845168029	0.0171648333425948	0.98317169221669	-1.054618132079615	GM15767	negative	True	True	True	False	False	False	False	False	False	True	False	False	DE-significant outside bend-point	False	False	False	False	False	tested source RSS, not source-constrained selected
PRSS34	1.23800032887931	0.049318958765599	0.180383738325361	0.845974853369935	-1.057616590553949	PRSS34	negative	True	True	False	False	False	False	False	False	False	True	False	False	tested, not significant	False	False	False	False	False	tested source RSS, not source-constrained selected
I830077J02RIK	0.946361360514314	0.0149450400993269	-0.111357032085695	0.853461344841787	-1.0577183926000089	I830077J02RIK	negative	True	True	True	False	False	False	False	False	False	True	False	False	DE-significant outside bend-point	False	False	False	False	False	tested source RSS, not source-constrained selected
MSH4	0.157674764041897	0.757401670438743	-0.902678563080526	0.0110009946036878	-1.060353327122423	MSH4	negative	True	True	False	True	False	False	False	False	False	True	False	False	DE-significant outside bend-point	False	False	False	False	False	tested source RSS, not source-constrained selected
GM42397	1.50862703823054	0.000539131184859854	0.446397690729334	0.409533578120761	-1.062229347501206	GM42397	negative	True	False	False	False	False	False	False	False	False	False	False	False	not in our tested universe	False	False	False	False	False	not in our tested universe
GM56745	0.288530661698088	0.567983452999905	-0.77389562502314	0.0452922588020679	-1.062426286721228	GM56745	negative	True	True	False	False	False	False	False	False	False	True	False	False	tested, not significant	False	False	False	False	False	tested source RSS, not source-constrained selected
ATOH8	0.289202387587389	0.386005272642175	-0.775481096856771	0.00266960547975974	-1.06468348444416	ATOH8	negative	True	True	False	True	False	False	False	False	False	True	False	False	DE-significant outside bend-point	False	False	False	False	False	tested source RSS, not source-constrained selected
SPEER1F	6.18216099264524	1.58604062984663e-06	5.10780004910078	0.000117398319877991	-1.0743609435444608	SPEER1F	negative	True	False	False	False	False	False	False	False	False	False	False	False	not in our tested universe	False	False	False	False	False	not in our tested universe
OMD	0.247585352848715	0.608379126501169	-0.827349125360028	0.0155889252955523	-1.074934478208743	OMD	negative	True	True	False	True	False	False	False	False	False	True	False	False	DE-significant outside bend-point	False	False	False	False	False	tested source RSS, not source-constrained selected
CFHR2	1.05977384343935	0.039056867104462	-0.0157205969622801	0.984909207915798	-1.07549444040163	CFHR2	negative	True	False	False	False	False	False	False	False	False	False	False	False	not in our tested universe	False	False	False	False	False	not in our tested universe
GM5691	-1.07090799623134	0.316614591878398	-2.14721136745813	0.0312004510744454	-1.0763033712267902	GM5691	negative	True	False	False	False	False	False	False	False	False	False	False	False	not in our tested universe	False	False	False	False	False	not in our tested universe
PRRX2	0.100707731739238	0.88489345058929	-0.977158958866404	0.0166222496706679	-1.077866690605642	PRRX2	negative	True	True	False	True	False	False	False	False	False	True	False	False	DE-significant outside bend-point	False	False	False	False	False	tested source RSS, not source-constrained selected
GM9265	1.16660170164733	0.0394428682544513	0.0874799584147208	0.917581730155787	-1.0791217432326092	GM9265	negative	True	False	False	False	False	False	False	False	False	False	False	False	not in our tested universe	False	False	False	False	False	not in our tested universe
GM7298	3.65891823707611	5.42565832407127e-05	2.57589724242782	0.000249137729730043	-1.0830209946482903	GM7298	negative	True	False	False	False	False	False	False	False	False	False	False	False	not in our tested universe	False	False	False	False	False	not in our tested universe
ACKR2	-0.007003912942954	0.99257305037388	-1.10822718044635	0.0014977879432444	-1.101223267503396	ACKR2	negative	True	True	False	True	False	False	False	False	False	True	False	False	DE-significant outside bend-point	False	False	False	False	False	tested source RSS, not source-constrained selected
POF1B	-0.232389529405651	0.802852819942785	-1.33858519388311	0.0144232734679886	-1.1061956644774589	POF1B	negative	True	False	False	False	False	False	False	False	False	False	False	False	not in our tested universe	False	False	False	False	False	not in our tested universe
SBK2	-0.245456541985096	0.719764824413096	-1.35183789839484	0.00223762850530727	-1.106381356409744	SBK2	negative	True	True	False	False	False	False	False	False	False	True	False	False	tested, not significant	False	False	False	False	False	tested source RSS, not source-constrained selected
GM26771	0.976901646316205	0.00146205855684393	-0.130534715536556	0.781498192562467	-1.107436361852761	GM26771	negative	True	True	False	False	False	False	False	False	False	True	False	False	tested, not significant	False	False	False	False	False	tested source RSS, not source-constrained selected
NKX6-1	1.18383773053288	0.0327578077322437	0.0723467366259133	0.932180696500855	-1.1114909939069666	NKX6-1	negative	True	True	True	False	False	False	False	False	False	True	False	False	DE-significant outside bend-point	False	False	False	False	False	tested source RSS, not source-constrained selected
DIO3	1.60410529640395	0.000150949331647336	0.491165122462574	0.332119661004978	-1.112940173941376	DIO3	negative	True	True	True	False	False	False	False	False	False	True	False	False	DE-significant outside bend-point	False	False	False	False	False	tested source RSS, not source-constrained selected
C030004G16RIK	4.02354583787641	7.05629342669078e-17	2.90657108829608	4.91082278644155e-14	-1.1169747495803306	C030004G16RIK	negative	True	True	True	True	False	False	False	False	False	True	False	False	DE-significant outside bend-point	False	True	False	False	True	cKO-only source-constrained bend-point
GM50337	2.28230929147352	0.0279128077707009	1.16442881560301	0.335782207686788	-1.11788047587051	GM50337	negative	True	False	False	False	False	False	False	False	False	False	False	False	not in our tested universe	False	False	False	False	False	not in our tested universe
LBX2	-0.192344801857393	0.688439306045873	-1.31293331077948	2.48287634475533e-05	-1.120588508922087	LBX2	negative	True	True	False	True	False	False	False	False	False	True	False	False	DE-significant outside bend-point	False	False	False	False	False	tested source RSS, not source-constrained selected
GM32090	1.22558408747363	0.0024947283297588	0.100150905458401	0.877155365441466	-1.1254331820152288	GM32090	negative	True	True	False	False	False	False	False	False	False	True	False	False	tested, not significant	False	False	False	False	False	tested source RSS, not source-constrained selected
GM15270	0.0114640024214812	0.991411761445737	-1.11507445189944	0.0484871212192211	-1.1265384543209211	GM15270	negative	True	True	False	True	False	False	False	False	False	True	False	False	DE-significant outside bend-point	False	False	False	False	False	tested source RSS, not source-constrained selected
GM14108	2.72526973024049	1.11996371703935e-06	1.58782770198903	0.00212024698492354	-1.13744202825146	GM14108	negative	True	True	True	True	False	False	False	False	False	True	False	False	DE-significant outside bend-point	False	False	False	False	False	tested source RSS, not source-constrained selected
ATF1-PS	0.757116979172366	0.0199804462576296	-0.385253038382986	0.309952522682431	-1.142370017555352	ATF1-PS	negative	True	False	False	False	False	False	False	False	False	False	False	False	not in our tested universe	False	False	False	False	False	not in our tested universe
MT-TV	0.179395372166841	0.811283031452673	-0.967067351953381	0.0399731976865593	-1.146462724120222	MT-TV	negative	True	False	False	False	False	False	False	False	False	False	False	False	not in our tested universe	False	False	False	False	False	not in our tested universe
CCDC180	0.174004917111148	0.7472858084984491	-0.980819592419131	0.00558808639320079	-1.154824509530279	CCDC180	negative	True	True	False	False	False	False	False	False	False	True	False	False	tested, not significant	False	False	False	False	False	tested source RSS, not source-constrained selected
STK31	0.00506480885472193	0.994811423713593	-1.15328313059337	0.0039667235867588	-1.1583479394480918	STK31	negative	True	True	False	False	False	False	False	False	False	True	False	False	tested, not significant	False	False	False	False	False	tested source RSS, not source-constrained selected
GM48845	2.57673996012441	0.000179303567295411	1.41626393424338	0.0298313482791211	-1.16047602588103	GM48845	negative	True	False	False	False	False	False	False	False	False	False	False	False	not in our tested universe	False	False	False	False	False	not in our tested universe
GM30094	4.41301800231764	1.99128049633818e-23	3.25102348887663	1.20301886386291e-23	-1.1619945134410106	GM30094	negative	True	False	False	False	False	False	False	False	False	False	False	False	not in our tested universe	False	False	False	False	False	not in our tested universe
GM15870	0.312005841777836	0.562936061235248	-0.850725171420142	0.0331412463205875	-1.162731013197978	GM15870	negative	True	False	False	False	False	False	False	False	False	False	False	False	not in our tested universe	False	False	False	False	False	not in our tested universe
CD300LD4	1.23765051674558	0.0250581622758387	0.0743286484846362	0.932012828899858	-1.1633218682609439	CD300LD4	negative	True	False	False	False	False	False	False	False	False	False	False	False	not in our tested universe	False	False	False	False	False	not in our tested universe
PDGFRL	0.373529389963626	0.359812087076607	-0.793552508861111	0.0163368301269412	-1.167081898824737	PDGFRL	negative	True	True	False	True	False	False	False	False	False	True	False	False	DE-significant outside bend-point	False	False	False	False	False	tested source RSS, not source-constrained selected
SLC26A7	0.0830221411103728	0.911084854455592	-1.08755836130951	0.0111343779853127	-1.1705805024198828	SLC26A7	negative	True	True	False	True	False	False	False	False	False	True	False	False	DE-significant outside bend-point	False	False	False	False	False	tested source RSS, not source-constrained selected
EYA4	0.0520738097971235	0.940424601348963	-1.12838132211715	0.00293322729691317	-1.1804551319142733	EYA4	negative	True	True	False	True	False	False	False	False	False	True	False	False	DE-significant outside bend-point	False	False	False	False	False	tested source RSS, not source-constrained selected
GM15104	2.13643749016284	0.0111481125830827	0.949142528271897	0.266656522564302	-1.187294961890943	GM15104	negative	True	False	False	False	False	False	False	False	False	False	False	False	not in our tested universe	False	False	False	False	False	not in our tested universe
HMX3	8.58480504090827	2.34342854907712e-18	7.39689044344255	7.67157832219135e-14	-1.1879145974657197	HMX3	negative	True	True	True	True	True	False	False	True	False	True	True	False	WT-only bend-point	True	True	True	False	False	shared source-constrained bend-point
FSD2	-0.0634756538889457	0.94939608881966	-1.25210089058845	0.0342345730150731	-1.1886252366995045	FSD2	negative	True	True	False	True	False	False	False	False	False	True	False	False	DE-significant outside bend-point	False	False	False	False	False	tested source RSS, not source-constrained selected
EPHA3	0.418875618273089	0.195793546329986	-0.770093781716204	0.00501102887138348	-1.188969399989293	EPHA3	negative	True	True	False	True	False	False	False	False	False	True	False	False	DE-significant outside bend-point	False	False	False	False	False	tested source RSS, not source-constrained selected
GM18589	-0.410442883573862	0.600698609863169	-1.60870138516368	0.0146719755017714	-1.198258501589818	GM18589	negative	True	True	True	True	False	False	False	False	False	True	False	False	DE-significant outside bend-point	False	False	False	False	False	tested source RSS, not source-constrained selected
GM57034	0.374235585550604	0.474180217041744	-0.828099560968602	0.0461942903780276	-1.202335146519206	GM57034	negative	True	False	False	False	False	False	False	False	False	False	False	False	not in our tested universe	False	False	False	False	False	not in our tested universe
COMP	-0.128113500212015	0.790007419025446	-1.3316336930973	1.93443395448195e-06	-1.203520192885285	COMP	negative	True	True	False	True	False	False	False	False	False	True	False	False	DE-significant outside bend-point	False	False	False	False	False	tested source RSS, not source-constrained selected
COL4A6	0.0190249644335631	0.985380742393553	-1.186425393999	0.0288868804330512	-1.205450358432563	COL4A6	negative	True	True	False	True	False	False	False	False	False	True	False	False	DE-significant outside bend-point	False	False	False	False	False	tested source RSS, not source-constrained selected
THSD4	0.257754208917488	0.703159535853385	-0.947933139699534	0.045329638811903	-1.205687348617022	THSD4	negative	True	True	False	True	False	False	False	False	False	True	False	False	DE-significant outside bend-point	False	False	False	False	False	tested source RSS, not source-constrained selected
SEMA3A	-0.0967727884249176	0.908178600982529	-1.31276084473045	0.00439161868269746	-1.2159880563055323	SEMA3A	negative	True	True	False	True	False	False	False	False	False	True	False	False	DE-significant outside bend-point	False	False	False	False	False	tested source RSS, not source-constrained selected
LOXL1	0.381949496375163	0.464061018509703	-0.834071397661695	0.0448616716929571	-1.216020894036858	LOXL1	negative	True	True	False	True	False	False	False	False	False	True	False	False	DE-significant outside bend-point	False	False	False	False	False	tested source RSS, not source-constrained selected
INHBA	1.77351130036762	2.70869283905716e-10	0.55690018344645	0.0890486452814462	-1.21661111692117	INHBA	negative	True	True	True	False	False	False	False	False	False	True	False	False	DE-significant outside bend-point	False	False	False	False	False	tested source RSS, not source-constrained selected
CYP26B1	-0.224899803210717	0.821459676524298	-1.44176208837078	0.0213437380060537	-1.216862285160063	CYP26B1	negative	True	True	False	True	False	False	False	False	False	True	False	False	DE-significant outside bend-point	False	False	False	False	False	tested source RSS, not source-constrained selected
GM56774	0.194288807357658	0.808324904486189	-1.02385009195281	0.0478263637937817	-1.218138899310468	GM56774	negative	True	True	False	False	False	False	False	False	False	True	False	False	tested, not significant	False	False	False	False	False	tested source RSS, not source-constrained selected
DCT	2.25451886022294	0.0195985751415048	1.02913513421707	0.347434005573351	-1.22538372600587	DCT	negative	True	True	True	False	False	False	False	False	False	True	False	False	DE-significant outside bend-point	False	False	False	False	False	tested source RSS, not source-constrained selected
SLC38A4	-0.0772278936902419	0.926565798700555	-1.30433266397152	0.00519130065393946	-1.227104770281278	SLC38A4	negative	True	True	False	True	False	False	False	False	False	True	False	False	DE-significant outside bend-point	False	False	False	False	False	tested source RSS, not source-constrained selected
GM48444	1.81550739421781	2.80141330589572e-11	0.584829076646715	0.0617049631381163	-1.230678317571095	GM48444	negative	True	False	False	False	False	False	False	False	False	False	False	False	not in our tested universe	False	False	False	False	False	not in our tested universe
BGN	0.486970326863641	0.249177325816647	-0.744550189103465	0.04673840811808	-1.231520515967106	BGN	negative	True	True	False	True	False	False	False	False	False	True	False	False	DE-significant outside bend-point	False	False	False	False	False	tested source RSS, not source-constrained selected
MTNR1A	-0.936582158261063	0.317782024127542	-2.17429267242449	0.00521625437018016	-1.2377105141634273	MTNR1A	negative	True	True	False	True	False	False	False	False	False	True	False	False	DE-significant outside bend-point	False	False	False	False	False	tested source RSS, not source-constrained selected
LSMEM1	1.13101063424737	0.00346399717764924	-0.11277536352976	0.856270963837192	-1.24378599777713	LSMEM1	negative	True	True	False	True	False	False	False	False	False	True	False	False	DE-significant outside bend-point	False	False	False	False	False	tested source RSS, not source-constrained selected
TFEC	1.13771621998009	0.0195171843953273	-0.106463699218085	0.885617632208067	-1.244179919198175	TFEC	negative	True	True	True	False	False	False	False	False	False	True	False	False	DE-significant outside bend-point	False	False	False	False	False	tested source RSS, not source-constrained selected
GM13715	0.858711860114273	0.0291553844073746	-0.388705310386029	0.407944802271895	-1.247417170500302	GM13715	negative	True	True	False	False	False	False	False	False	False	True	False	False	tested, not significant	False	False	False	False	False	tested source RSS, not source-constrained selected
GAD2	1.12020754040668	0.0148863575091173	-0.128372360500763	0.860528054942821	-1.248579900907443	GAD2	negative	True	True	True	False	False	False	False	False	False	True	False	False	DE-significant outside bend-point	False	False	False	False	False	tested source RSS, not source-constrained selected
VIPR2	0.567662456161792	0.0686367159103342	-0.686951837847579	0.0141564965532646	-1.254614294009371	VIPR2	negative	True	True	False	False	False	False	False	False	False	True	False	False	tested, not significant	False	False	False	False	False	tested source RSS, not source-constrained selected
DMP1	-0.548810089294806	0.588662060228963	-1.81168480288969	0.013761013775199	-1.262874713594884	DMP1	negative	True	True	False	True	False	False	False	False	False	True	False	False	DE-significant outside bend-point	False	False	False	False	False	tested source RSS, not source-constrained selected
IGFBP2	-0.0373877391393696	0.972789211778574	-1.30138585387105	0.041505602358549	-1.2639981147316806	IGFBP2	negative	True	True	False	True	False	False	False	False	False	True	False	False	DE-significant outside bend-point	False	False	False	False	False	tested source RSS, not source-constrained selected
DEFB36	1.59101946192848	0.0147757284528142	0.318738254902731	0.695146071818997	-1.272281207025749	DEFB36	negative	True	False	False	False	False	False	False	False	False	False	False	False	not in our tested universe	False	False	False	False	False	not in our tested universe
FBN1	0.372814380899067	0.399589638252202	-0.900833714517435	0.010129417959604	-1.273648095416502	FBN1	negative	True	True	False	True	False	False	False	False	False	True	False	False	DE-significant outside bend-point	False	False	False	False	False	tested source RSS, not source-constrained selected
4930467J12RIK	3.47085952897027	5.8181460889003e-08	2.19544068415513	5.19094139021727e-05	-1.2754188448151402	4930467J12RIK	negative	True	False	False	False	False	False	False	False	False	False	False	False	not in our tested universe	False	False	False	False	False	not in our tested universe
GM29541	2.91651919328829	0.00247175779400428	1.63185393956454	0.0361618657974646	-1.28466525372375	GM29541	negative	True	False	False	False	False	False	False	False	False	False	False	False	not in our tested universe	False	False	False	False	False	not in our tested universe
GM47918	2.2113582361393	0.0163829655260149	0.926538245006627	0.316604374803209	-1.284819991132673	GM47918	negative	True	False	False	False	False	False	False	False	False	False	False	False	not in our tested universe	False	False	False	False	False	not in our tested universe
GPRC5A	2.84946707996709	1.14495728390885e-14	1.55151051017563	3.71152056417375e-05	-1.2979565697914601	GPRC5A	negative	True	True	True	True	False	False	False	False	False	True	False	False	DE-significant outside bend-point	False	False	False	False	False	tested source RSS, not source-constrained selected
GM38403	1.90589495846907	0.00955853411727649	0.601535780389285	0.508799405768534	-1.304359178079785	GM38403	negative	True	False	False	False	False	False	False	False	False	False	False	False	not in our tested universe	False	False	False	False	False	not in our tested universe
4930447N08RIK	0.450034498622493	0.318551480889636	-0.857414300480408	0.0162845602023486	-1.3074487991029011	4930447N08RIK	negative	True	False	False	False	False	False	False	False	False	False	False	False	not in our tested universe	False	False	False	False	False	not in our tested universe
ERDR1X	1.28250090311448	0.036153962537526	-0.0271675346588933	0.978838412164889	-1.3096684377733734	ERDR1X	negative	True	True	False	False	False	False	False	False	False	True	False	False	tested, not significant	False	False	False	False	False	tested source RSS, not source-constrained selected
GM34759	0.296116854273252	0.639037791947079	-1.0137376232389	0.0333144413285738	-1.309854477512152	GM34759	negative	True	False	False	False	False	False	False	False	False	False	False	False	not in our tested universe	False	False	False	False	False	not in our tested universe
ADAMTS16	0.244236165321424	0.738368832605764	-1.06601897270902	0.0262472722689534	-1.310255138030444	ADAMTS16	negative	True	True	False	True	False	False	False	False	False	True	False	False	DE-significant outside bend-point	False	False	False	False	False	tested source RSS, not source-constrained selected
MIR1956	5.2077378627303	3.8512441942438e-06	3.89665626640967	0.000231071095708238	-1.3110815963206304	MIR1956	negative	True	False	False	False	False	False	False	False	False	False	False	False	not in our tested universe	False	False	False	False	False	not in our tested universe
GM34388	-0.0514251428993853	0.960440645527075	-1.37101214510754	0.019851959445826	-1.3195870022081548	GM34388	negative	True	False	False	False	False	False	False	False	False	False	False	False	not in our tested universe	False	False	False	False	False	not in our tested universe
IGF1OS	0.255385107564725	0.623318979563671	-1.06978383630623	0.00209579241290593	-1.3251689438709549	IGF1OS	negative	True	False	False	False	False	False	False	False	False	False	False	False	not in our tested universe	False	False	False	False	False	not in our tested universe
PPP1R3C	0.255328315265809	0.723545510277388	-1.08402595740942	0.0268375568703365	-1.339354272675229	PPP1R3C	negative	True	True	False	True	False	False	False	False	False	True	False	False	DE-significant outside bend-point	False	False	False	False	False	tested source RSS, not source-constrained selected
GM17391	1.72876615691482	0.0279936621377324	0.388551198603294	0.708701813737954	-1.3402149583115261	GM17391	negative	True	False	False	False	False	False	False	False	False	False	False	False	not in our tested universe	False	False	False	False	False	not in our tested universe
IBSP	-0.0953361545351979	0.919984689718277	-1.44322171102321	0.00817650139018754	-1.3478855564880121	IBSP	negative	True	True	False	True	False	False	False	False	False	True	False	False	DE-significant outside bend-point	False	False	False	False	False	tested source RSS, not source-constrained selected
DLX4OS	-0.172019843427785	0.87260240727635	-1.52003139153153	0.0236573465825641	-1.348011548103745	DLX4OS	negative	True	False	False	False	False	False	False	False	False	False	False	False	not in our tested universe	False	False	False	False	False	not in our tested universe
GM11586	2.38339082553019	0.000537027278142008	1.03435051282892	0.122971554269048	-1.3490403127012698	GM11586	negative	True	False	False	False	False	False	False	False	False	False	False	False	not in our tested universe	False	False	False	False	False	not in our tested universe
GM29335	6.54962467598976	9.17233010425883e-09	5.18804289260296	9.64973228623437e-06	-1.3615817833868	GM29335	negative	True	True	True	True	False	False	False	False	False	True	False	False	DE-significant outside bend-point	False	False	False	False	False	tested source RSS, not source-constrained selected
MN1	0.449585011456687	0.317916684589931	-0.916097587762651	0.0118624888419992	-1.365682599219338	MN1	negative	True	True	False	True	False	False	False	False	False	True	False	False	DE-significant outside bend-point	False	False	False	False	False	tested source RSS, not source-constrained selected
CIROP	0.0439072534109295	0.967750459667614	-1.32517421178532	0.0241176206813807	-1.3690814651962495	CIROP	negative	True	False	False	False	False	False	False	False	False	False	False	False	not in our tested universe	False	False	False	False	False	not in our tested universe
GPR4	0.490976975853034	0.357214684792622	-0.880130311245433	0.0493169392730263	-1.371107287098467	GPR4	negative	True	True	False	True	False	False	False	False	False	True	False	False	DE-significant outside bend-point	False	False	False	False	False	tested source RSS, not source-constrained selected
MGP	0.447148427007667	0.424370056143429	-0.924124811495795	0.0426606536576355	-1.3712732385034618	MGP	negative	True	True	False	True	False	False	False	False	False	True	False	False	DE-significant outside bend-point	False	False	False	False	False	tested source RSS, not source-constrained selected
4930527A07RIK	-0.337900413024825	0.60289694385922	-1.70972706570572	0.000672308882542027	-1.371826652680895	4930527A07RIK	negative	True	False	False	False	False	False	False	False	False	False	False	False	not in our tested universe	False	False	False	False	False	not in our tested universe
GM26671	2.60145948123151	0.000640769291044057	1.22034257132509	0.0902976440981674	-1.38111690990642	GM26671	negative	True	False	False	False	False	False	False	False	False	False	False	False	not in our tested universe	False	False	False	False	False	not in our tested universe
GM48159	0.166019994124465	0.872577850013443	-1.21527422260076	0.0445413953861777	-1.381294216725225	GM48159	negative	True	False	False	False	False	False	False	False	False	False	False	False	not in our tested universe	False	False	False	False	False	not in our tested universe
GM49965	1.15451082657642	0.0215362364421638	-0.23935901083199	0.729608930438215	-1.39386983740841	GM49965	negative	True	False	False	False	False	False	False	False	False	False	False	False	not in our tested universe	False	False	False	False	False	not in our tested universe
VSX1	0.10343788362134	0.919486944399839	-1.29397127175999	0.0287142882322712	-1.3974091553813301	VSX1	negative	True	True	False	True	False	False	False	False	False	True	False	False	DE-significant outside bend-point	False	False	False	False	False	tested source RSS, not source-constrained selected
GM36742	-0.0329128734440358	0.974755958044046	-1.43111278375954	0.0118624888419992	-1.3981999103155043	GM36742	negative	True	False	False	False	False	False	False	False	False	False	False	False	not in our tested universe	False	False	False	False	False	not in our tested universe
GM49300	1.78258293887928	0.0084755625540161	0.371808596123572	0.693417010681126	-1.410774342755708	GM49300	negative	True	False	False	False	False	False	False	False	False	False	False	False	not in our tested universe	False	False	False	False	False	not in our tested universe
MELTF	-0.284793410811023	0.768527734601255	-1.69564410667272	0.00546755512509998	-1.4108506958616969	MELTF	negative	True	True	False	True	False	False	False	False	False	True	False	False	DE-significant outside bend-point	False	False	False	False	False	tested source RSS, not source-constrained selected
DCPP2	5.95127424338919	2.65701830408401e-10	4.54018135660168	8.10188297725283e-11	-1.41109288678751	DCPP2	negative	True	False	False	False	False	False	False	False	False	False	False	False	not in our tested universe	False	False	False	False	False	not in our tested universe
ALDH3A1	0.0119759731977209	0.990308015572333	-1.39975264420939	0.00433290276243786	-1.4117286174071109	ALDH3A1	negative	True	True	False	True	False	False	False	False	False	True	False	False	DE-significant outside bend-point	False	False	False	False	False	tested source RSS, not source-constrained selected
SLC30A10	-0.0243638424055225	0.985628820562453	-1.44004084305861	0.043677236801439	-1.4156770006530874	SLC30A10	negative	True	True	False	True	False	False	False	False	False	True	False	False	DE-significant outside bend-point	False	False	False	False	False	tested source RSS, not source-constrained selected
HCAR2	-0.27590452760632	0.822057395574833	-1.69320725808915	0.0294922501851097	-1.41730273048283	HCAR2	negative	True	True	False	True	False	False	False	False	False	True	False	False	DE-significant outside bend-point	False	False	False	False	False	tested source RSS, not source-constrained selected
CES1D	-0.658511343514682	0.634024756669705	-2.08225657476289	0.0380310746818677	-1.423745231248208	CES1D	negative	True	True	False	True	False	False	False	False	False	True	False	False	DE-significant outside bend-point	False	False	False	False	False	tested source RSS, not source-constrained selected
CLEC11A	0.587272600189736	0.193678780999098	-0.836889826228901	0.0397517265838506	-1.424162426418637	CLEC11A	negative	True	True	False	True	False	False	False	False	False	True	False	False	DE-significant outside bend-point	False	False	False	False	False	tested source RSS, not source-constrained selected
2210409E12RIK	4.66886054240707	2.91635905288506e-06	3.23980107985541	6.12904766719039e-06	-1.4290594625516597	2210409E12RIK	negative	True	False	False	False	False	False	False	False	False	False	False	False	not in our tested universe	False	False	False	False	False	not in our tested universe
SLC39A12	0.95358777544892	0.0278564909799719	-0.482548345057441	0.357736244110862	-1.436136120506361	SLC39A12	negative	True	True	True	False	False	False	False	False	False	True	False	False	DE-significant outside bend-point	False	False	False	False	False	tested source RSS, not source-constrained selected
GM13986	0.192419265917328	0.813436889892526	-1.24898857244612	0.0128826287978688	-1.441407838363448	GM13986	negative	True	True	False	False	False	False	False	False	False	True	False	False	tested, not significant	False	False	False	False	False	tested source RSS, not source-constrained selected
MRLN	0.311205506784774	0.673895713341288	-1.13313879288632	0.0282294198623418	-1.4443442996710938	MRLN	negative	True	True	False	True	False	False	False	False	False	True	False	False	DE-significant outside bend-point	False	False	False	False	False	tested source RSS, not source-constrained selected
GM4724	-0.148263883321512	0.881949620189548	-1.60101143860591	0.00579504985833103	-1.452747555284398	GM4724	negative	True	True	False	False	False	False	False	False	False	True	False	False	tested, not significant	False	False	False	False	False	tested source RSS, not source-constrained selected
GM48488	0.450283842869531	0.46064613867933	-1.00327949416119	0.0371688412316667	-1.453563337030721	GM48488	negative	True	False	False	False	False	False	False	False	False	False	False	False	not in our tested universe	False	False	False	False	False	not in our tested universe
CNKSR1	2.0415252729302	0.00900849348615059	0.587682120708426	0.560334416157388	-1.4538431522217738	CNKSR1	negative	True	True	True	False	False	False	False	False	False	True	False	False	DE-significant outside bend-point	False	False	False	False	False	tested source RSS, not source-constrained selected
KLK1	-0.215189676351349	0.860990770462925	-1.67035345893754	0.0181549753109585	-1.455163782586191	KLK1	negative	True	True	False	True	False	False	False	False	False	True	False	False	DE-significant outside bend-point	False	False	False	False	False	tested source RSS, not source-constrained selected
ANXA8	-0.135748629282784	0.920898118468721	-1.5911092104158	0.0495508003393947	-1.455360581133016	ANXA8	negative	True	True	False	True	False	False	False	False	False	True	False	False	DE-significant outside bend-point	False	False	False	False	False	tested source RSS, not source-constrained selected
DPT	0.327671465373873	0.476359256557775	-1.13186864170288	0.000620751935757058	-1.459540107076753	DPT	negative	True	True	False	True	False	False	False	False	False	True	False	False	DE-significant outside bend-point	False	False	False	False	False	tested source RSS, not source-constrained selected
CACNA1G	0.348702503089682	0.617951498302359	-1.13569875696818	0.023670156893229	-1.484401260057862	CACNA1G	negative	True	True	False	True	False	False	False	False	False	True	False	False	DE-significant outside bend-point	False	False	False	False	False	tested source RSS, not source-constrained selected
NXPE1-PS	1.45514112936903	0.0433553118525253	-0.0295395115243969	0.97858400287422	-1.4846806408934268	NXPE1-PS	negative	True	False	False	False	False	False	False	False	False	False	False	False	not in our tested universe	False	False	False	False	False	not in our tested universe
GAS1	0.473659323644397	0.402148718943069	-1.01166339387761	0.0274769496349949	-1.4853227175220072	GAS1	negative	True	True	False	True	False	False	False	False	False	True	False	False	DE-significant outside bend-point	False	False	False	False	False	tested source RSS, not source-constrained selected
GM20471	0.625561932286226	0.144965754937459	-0.862092720841337	0.0255286664627598	-1.4876546531275632	GM20471	negative	True	False	False	False	False	False	False	False	False	False	False	False	not in our tested universe	False	False	False	False	False	not in our tested universe
RSPO3	0.226065187242139	0.818789217504193	-1.26283175818759	0.0464102405052067	-1.4888969454297292	RSPO3	negative	True	True	False	True	False	False	False	False	False	True	False	False	DE-significant outside bend-point	False	False	False	False	False	tested source RSS, not source-constrained selected
IGF1	0.267740812756381	0.665331750688858	-1.22177942962151	0.00326172121887949	-1.489520242377891	IGF1	negative	True	True	False	True	False	False	False	False	False	True	False	False	DE-significant outside bend-point	False	False	False	False	False	tested source RSS, not source-constrained selected
ASB15	-0.329340959457645	0.788210688114813	-1.82593857731631	0.0228063233195683	-1.4965976178586649	ASB15	negative	True	True	False	True	False	False	False	False	False	True	False	False	DE-significant outside bend-point	False	False	False	False	False	tested source RSS, not source-constrained selected
PAMR1	0.385040601384794	0.58903307709146	-1.11644988795208	0.0337379949206142	-1.501490489336874	PAMR1	negative	True	True	False	True	False	False	False	False	False	True	False	False	DE-significant outside bend-point	False	False	False	False	False	tested source RSS, not source-constrained selected
DSG3	3.99710400484708	1.61024014805766e-12	2.48899234178623	1.10318208703416e-09	-1.5081116630608498	DSG3	negative	True	True	True	True	False	False	False	False	False	True	False	False	DE-significant outside bend-point	False	False	False	False	False	tested source RSS, not source-constrained selected
ZIC5	0.414872700875346	0.560376178422868	-1.0940460087622	0.0374171819027355	-1.508918709637546	ZIC5	negative	True	True	False	True	False	False	False	False	False	True	False	False	DE-significant outside bend-point	False	False	False	False	False	tested source RSS, not source-constrained selected
PI16	0.523791998236797	0.326221125135484	-0.986787834804431	0.027548916678944	-1.510579833041228	PI16	negative	True	True	False	True	False	False	False	False	False	True	False	False	DE-significant outside bend-point	False	False	False	False	False	tested source RSS, not source-constrained selected
GM8818	3.35678746925492	0.00312861481858998	1.84539722423816	0.0321655335322606	-1.51139024501676	GM8818	negative	True	False	False	False	False	False	False	False	False	False	False	False	not in our tested universe	False	False	False	False	False	not in our tested universe
SPEER4E1	4.31526976230253	3.29906030105825e-09	2.79951781862218	9.82776684094783e-07	-1.5157519436803502	SPEER4E1	negative	True	True	True	True	False	False	False	False	False	True	False	False	DE-significant outside bend-point	False	False	False	False	False	tested source RSS, not source-constrained selected
COL6A2	0.478341719156834	0.417869812681561	-1.05131091838551	0.0271107045112223	-1.529652637542344	COL6A2	negative	True	True	False	True	False	False	False	False	False	True	False	False	DE-significant outside bend-point	False	False	False	False	False	tested source RSS, not source-constrained selected
SCT	0.0528954805214517	0.969180870247238	-1.49409291603732	0.0403487254283207	-1.5469883965587716	SCT	negative	True	False	False	False	False	False	False	False	False	False	False	False	not in our tested universe	False	False	False	False	False	not in our tested universe
2310065F04RIK	0.0432133785262647	0.965093082045098	-1.5137133371015	0.00584254640757942	-1.5569267156277646	2310065F04RIK	negative	True	True	False	True	False	False	False	False	False	True	False	False	DE-significant outside bend-point	False	False	False	False	False	tested source RSS, not source-constrained selected
CYTL1	-0.660357867613839	0.493982945133814	-2.22648716208484	0.0015280522814092	-1.566129294471001	CYTL1	negative	True	True	False	True	False	False	False	False	False	True	False	False	DE-significant outside bend-point	False	False	False	False	False	tested source RSS, not source-constrained selected
CCN3	0.526176009365021	0.250766566197959	-1.04740362644481	0.00642584587381262	-1.573579635809831	CCN3	negative	True	True	False	True	False	False	False	False	False	True	False	False	DE-significant outside bend-point	False	False	False	False	False	tested source RSS, not source-constrained selected
4930562D21RIK	0.750220223831812	0.0710116827981316	-0.828839588000598	0.0349924569514173	-1.57905981183241	4930562D21RIK	negative	True	False	False	False	False	False	False	False	False	False	False	False	not in our tested universe	False	False	False	False	False	not in our tested universe
FAM180A	0.35972897464066	0.605140021930118	-1.22015423122631	0.013565815358044	-1.57988320586697	FAM180A	negative	True	True	False	True	False	False	False	False	False	True	False	False	DE-significant outside bend-point	False	False	False	False	False	tested source RSS, not source-constrained selected
GM9758	4.76567057403474	2.59190100807224e-11	3.18275905192817	1.97978776127893e-08	-1.5829115221065697	GM9758	negative	True	True	True	True	False	False	False	False	False	True	False	False	DE-significant outside bend-point	False	False	False	False	False	tested source RSS, not source-constrained selected
1110002E22RIK	2.05762772781078	0.0199423977855284	0.468769335551635	0.702150434611184	-1.5888583922591453	1110002E22RIK	negative	True	True	True	False	False	False	False	False	False	True	False	False	DE-significant outside bend-point	False	False	False	False	False	tested source RSS, not source-constrained selected
PAX1	1.08019833756571	0.0440106374532127	-0.518054027381603	0.403489433030755	-1.598252364947313	PAX1	negative	True	True	True	False	False	False	False	False	False	True	False	False	DE-significant outside bend-point	False	False	False	False	False	tested source RSS, not source-constrained selected
MIA	0.497608240480738	0.462283863233098	-1.10213876810917	0.0347701085363528	-1.5997470085899081	MIA	negative	True	False	False	False	False	False	False	False	False	False	False	False	not in our tested universe	False	False	False	False	False	not in our tested universe
GM19596	6.02642486677389	2.46317880273159e-08	4.42052071307909	1.11884842766507e-08	-1.6059041536948007	GM19596	negative	True	True	True	True	False	False	False	False	False	False	False	False	DE-significant outside bend-point	False	False	False	False	False	tested source RSS, not source-constrained selected
PPP1R3A	-0.163363274365965	0.905093139882557	-1.76953334175074	0.02883639249264	-1.606170067384775	PPP1R3A	negative	True	True	False	True	False	False	False	False	False	True	False	False	DE-significant outside bend-point	False	False	False	False	False	tested source RSS, not source-constrained selected
ITGA10	0.288106887663193	0.768556322883691	-1.32878440434209	0.038963649662867	-1.616891292005283	ITGA10	negative	True	True	False	True	False	False	False	False	False	True	False	False	DE-significant outside bend-point	False	False	False	False	False	tested source RSS, not source-constrained selected
GM16553	1.64726555403191	0.0227655008201422	0.0255628109703638	0.982303127521772	-1.6217027430615463	GM16553	negative	True	False	False	False	False	False	False	False	False	False	False	False	not in our tested universe	False	False	False	False	False	not in our tested universe
ERDR1Y	1.22794210125259	0.0385258491087022	-0.404327175916929	0.593913841885793	-1.6322692771695189	ERDR1Y	negative	True	True	False	False	False	False	False	False	False	True	False	False	tested, not significant	False	False	False	False	False	tested source RSS, not source-constrained selected
RAMP1	0.342646115825743	0.674238373831182	-1.29130520214617	0.0224287705234649	-1.633951317971913	RAMP1	negative	True	True	False	True	False	False	False	False	False	True	False	False	DE-significant outside bend-point	False	False	False	False	False	tested source RSS, not source-constrained selected
PLB1	0.209011231958211	0.799642227474607	-1.42998222069809	0.00239872605741743	-1.6389934526563008	PLB1	negative	True	True	False	True	False	False	False	False	False	True	False	False	DE-significant outside bend-point	False	False	False	False	False	tested source RSS, not source-constrained selected
GM20627	1.51146386704815	0.0256703479165661	-0.136226130207314	0.882396139502058	-1.647689997255464	GM20627	negative	True	False	False	False	False	False	False	False	False	False	False	False	not in our tested universe	False	False	False	False	False	not in our tested universe
FFAR4	-0.235428364866061	0.86589851845989	-1.8911243473541	0.046378415872654	-1.655695982488039	FFAR4	negative	True	False	False	False	False	False	False	False	False	False	False	False	not in our tested universe	False	False	False	False	False	not in our tested universe
CDHR17	5.76978292489196	2.10294004381416e-07	4.10932241751123	9.97498473297458e-05	-1.66046050738073	CDHR17	negative	True	False	False	False	False	False	False	False	False	False	False	False	not in our tested universe	False	False	False	False	False	not in our tested universe
GM38642	1.95687586598085	0.00242354656300807	0.291092731334591	0.827718167089227	-1.665783134646259	GM38642	negative	True	False	False	False	False	False	False	False	False	False	False	False	not in our tested universe	False	False	False	False	False	not in our tested universe
DMKN	0.506802948515293	0.470734961784111	-1.15972660953977	0.0320142877409146	-1.666529558055063	DMKN	negative	True	True	False	True	False	False	False	False	False	True	False	False	DE-significant outside bend-point	False	False	False	False	False	tested source RSS, not source-constrained selected
SLC4A10	0.566085485695473	0.374434754630495	-1.11228536029786	0.0350875163684501	-1.6783708459933329	SLC4A10	negative	True	True	False	True	False	False	False	False	False	True	False	False	DE-significant outside bend-point	False	False	False	False	False	tested source RSS, not source-constrained selected
MOBP	1.97264497087371	0.0119902578218202	0.279065290605986	0.821185980153757	-1.6935796802677239	MOBP	negative	True	True	True	False	False	False	False	False	False	True	False	False	DE-significant outside bend-point	False	False	False	False	False	tested source RSS, not source-constrained selected
IGHV1-76	3.90632406503138	0.0474913875008802	2.21264262007781	0.291137912630198	-1.6936814449535698	IGHV1-76	negative	True	True	True	False	False	False	False	False	False	True	False	False	DE-significant outside bend-point	False	False	False	False	False	tested source RSS, not source-constrained selected
GM4631	0.243190520072453	0.785982692839923	-1.45671021164583	0.0104121927516146	-1.6999007317182828	GM4631	negative	True	False	False	False	False	False	False	False	False	False	False	False	not in our tested universe	False	False	False	False	False	not in our tested universe
EAR1	1.38177148150068	0.0312450695235517	-0.331034403179287	0.698474112125673	-1.712805884679967	EAR1	negative	True	True	True	False	False	False	False	False	False	True	False	False	DE-significant outside bend-point	False	False	False	False	False	tested source RSS, not source-constrained selected
TNMD	1.18057533818375	0.0279621144401472	-0.540765795631525	0.377495884728001	-1.721341133815275	TNMD	negative	True	True	True	False	False	False	False	False	False	True	False	False	DE-significant outside bend-point	False	False	False	False	False	tested source RSS, not source-constrained selected
CAR3	-0.209610957998806	0.886991713019088	-1.93216765192642	0.0288713749003602	-1.722556693927614	CAR3	negative	True	True	False	True	False	False	False	False	False	True	False	False	DE-significant outside bend-point	False	False	False	False	False	tested source RSS, not source-constrained selected
RTL3	0.04728213475538	0.96157236042135	-1.67845566158118	0.000544683941021008	-1.72573779633656	RTL3	negative	True	True	False	True	False	False	False	False	False	True	False	False	DE-significant outside bend-point	False	False	False	False	False	tested source RSS, not source-constrained selected
SPRR2J-PS	5.67227042705014	6.91990504621237e-06	3.94377802576886	0.00301963812236846	-1.7284924012812803	SPRR2J-PS	negative	True	False	False	False	False	False	False	False	False	False	False	False	not in our tested universe	False	False	False	False	False	not in our tested universe
COL8A2	0.529427928858612	0.37233572868846	-1.20669536248426	0.0113937172925483	-1.7361232913428721	COL8A2	negative	True	True	False	True	False	False	False	False	False	True	False	False	DE-significant outside bend-point	False	False	False	False	False	tested source RSS, not source-constrained selected
SERPINB9B	0.110810748392531	0.928023119228262	-1.64758226821215	0.0127948830143093	-1.7583930166046808	SERPINB9B	negative	True	True	False	True	False	False	False	False	False	True	False	False	DE-significant outside bend-point	False	False	False	False	False	tested source RSS, not source-constrained selected
STAC3	-0.209930819985886	0.860254035315299	-2.0014128776355	0.00485612156339541	-1.791482057649614	STAC3	negative	True	True	False	True	False	False	False	False	False	True	False	False	DE-significant outside bend-point	False	False	False	False	False	tested source RSS, not source-constrained selected
TBC1D21	0.00956818727351471	0.994342956205385	-1.7874265750523	0.0152878679259238	-1.7969947623258147	TBC1D21	negative	True	False	False	False	False	False	False	False	False	False	False	False	not in our tested universe	False	False	False	False	False	not in our tested universe
CCR3	1.72194089402034	0.0004570598911734	-0.0781373745700382	0.923756689243063	-1.8000782685903782	CCR3	negative	True	True	True	False	False	False	False	False	False	True	False	False	DE-significant outside bend-point	False	False	False	False	False	tested source RSS, not source-constrained selected
GM21149	4.0542936665951	0.000167566191632958	2.24593861354976	0.00495019480203391	-1.8083550530453403	GM21149	negative	True	True	True	True	False	False	False	False	False	True	False	False	DE-significant outside bend-point	False	False	False	False	False	tested source RSS, not source-constrained selected
SPEER1M	6.26919154309254	4.40074990662896e-09	4.4474955949056	6.34167567138191e-09	-1.8216959481869397	SPEER1M	negative	True	True	True	True	False	False	False	False	False	True	False	False	DE-significant outside bend-point	False	False	False	False	False	tested source RSS, not source-constrained selected
PRDM6	0.425037937352922	0.661594285690504	-1.40834917932595	0.0411584473721208	-1.833387116678872	PRDM6	negative	True	True	False	True	False	False	False	False	False	True	False	False	DE-significant outside bend-point	False	False	False	False	False	tested source RSS, not source-constrained selected
MFAP4	1.03399448802945	0.034722146722059	-0.800339088295262	0.117500869483358	-1.834333576324712	MFAP4	negative	True	True	True	False	False	False	False	False	False	True	False	False	DE-significant outside bend-point	False	False	False	False	False	tested source RSS, not source-constrained selected
PRAMEL13	3.69182911224922	0.00464479546878445	1.84110882742852	0.0800773217804829	-1.8507202848207	PRAMEL13	negative	True	False	False	False	False	False	False	False	False	False	False	False	not in our tested universe	False	False	False	False	False	not in our tested universe
BBOX1	2.06261572666364	0.0155993331515672	0.210236790166456	0.88478011063013	-1.852378936497184	BBOX1	negative	True	False	False	False	False	False	False	False	False	False	False	False	not in our tested universe	False	False	False	False	False	not in our tested universe
2410004P03RIK	1.73378864433745	0.0102833669718833	-0.14210867827126	0.899354485614001	-1.87589732260871	2410004P03RIK	negative	True	True	True	False	False	False	False	False	False	True	False	False	DE-significant outside bend-point	False	False	False	False	False	tested source RSS, not source-constrained selected
IGSF1	0.278613680997199	0.754372826185885	-1.61565762087769	0.00296511133415622	-1.8942713018748891	IGSF1	negative	True	True	False	True	False	False	False	False	False	True	False	False	DE-significant outside bend-point	False	False	False	False	False	tested source RSS, not source-constrained selected
GM56769	0.694105670733431	0.353134101303534	-1.21185931306156	0.0363647040729034	-1.905964983794991	GM56769	negative	True	True	False	False	False	False	False	False	False	True	False	False	tested, not significant	False	False	False	False	False	tested source RSS, not source-constrained selected
LRR1	0.714666663875157	0.301615922375156	-1.2151799007286	0.0455588204548423	-1.929846564603757	LRR1	negative	True	False	False	False	False	False	False	False	False	False	False	False	not in our tested universe	False	False	False	False	False	not in our tested universe
GXYLT2	0.665158269467035	0.359644495470918	-1.26575043562548	0.0364113813600623	-1.930908705092515	GXYLT2	negative	True	True	False	True	False	False	False	False	False	True	False	False	DE-significant outside bend-point	False	False	False	False	False	tested source RSS, not source-constrained selected
ARSI	0.849566331774445	0.158628008268246	-1.09006174494501	0.0493080415525956	-1.9396280767194551	ARSI	negative	True	True	False	True	False	False	False	False	False	True	False	False	DE-significant outside bend-point	False	False	False	False	False	tested source RSS, not source-constrained selected
THBS1	0.718176156626578	0.266775245322645	-1.26952549689148	0.021951203653835	-1.9877016535180578	THBS1	negative	True	True	False	True	False	False	False	False	False	True	False	False	DE-significant outside bend-point	False	False	False	False	False	tested source RSS, not source-constrained selected
FMOD	0.432331561585002	0.691088575672751	-1.56000405161541	0.0411338622322867	-1.992335613200412	FMOD	negative	True	True	False	True	False	False	False	False	False	True	False	False	DE-significant outside bend-point	False	False	False	False	False	tested source RSS, not source-constrained selected
DNAH12	1.94221254793673	0.0071236044432306	-0.0695810139418654	0.955443846719858	-2.0117935618785956	DNAH12	negative	True	False	False	False	False	False	False	False	False	False	False	False	not in our tested universe	False	False	False	False	False	not in our tested universe
GM48371	1.5871467341099	0.0228279701779345	-0.424961018331014	0.585016017385616	-2.012107752440914	GM48371	negative	True	False	False	False	False	False	False	False	False	False	False	False	not in our tested universe	False	False	False	False	False	not in our tested universe
DAPL1	0.270890821976967	0.838259817195377	-1.75920617713464	0.0339790058839688	-2.030096999111607	DAPL1	negative	True	True	False	True	False	False	False	False	False	True	False	False	DE-significant outside bend-point	False	False	False	False	False	tested source RSS, not source-constrained selected
GM5447	0.167241106894153	0.906900664725939	-1.87946753036377	0.0398745180503777	-2.046708637257923	GM5447	negative	True	False	False	False	False	False	False	False	False	False	False	False	not in our tested universe	False	False	False	False	False	not in our tested universe
WNT10B	0.829863546102329	0.166385473902775	-1.23213167294506	0.0161534275663315	-2.061995219047389	WNT10B	negative	True	True	False	True	False	False	False	False	False	True	False	False	DE-significant outside bend-point	False	False	False	False	False	tested source RSS, not source-constrained selected
VWA5B1	2.14247277730335	0.0124894360702167	0.0512597645932584	0.972484058497277	-2.0912130127100914	VWA5B1	negative	True	False	False	False	False	False	False	False	False	False	False	False	not in our tested universe	False	False	False	False	False	not in our tested universe
HOXA11OS	1.39290396709522	0.0106622021886195	-0.714613311039799	0.23875487261147	-2.1075172781350187	HOXA11OS	negative	True	False	False	False	False	False	False	False	False	False	False	False	not in our tested universe	False	False	False	False	False	not in our tested universe
MATN3	-0.807876911221988	0.614167157189874	-2.94386856928733	0.00555139205211696	-2.135991658065342	MATN3	negative	True	False	False	False	False	False	False	False	False	False	False	False	not in our tested universe	False	False	False	False	False	not in our tested universe
IGKV14-100	6.88675337071533	0.0372203203124119	4.74999961846892	0.156899517408023	-2.1367537522464097	IGKV14-100	negative	True	True	True	False	False	False	False	False	False	True	False	False	DE-significant outside bend-point	False	False	False	False	False	tested source RSS, not source-constrained selected
GM5834	2.37227675206498	0.0171861527286502	0.224626939452435	0.866217473051683	-2.1476498126125447	GM5834	negative	True	False	False	False	False	False	False	False	False	False	False	False	not in our tested universe	False	False	False	False	False	not in our tested universe
GM47823	2.06635789036444	0.0462460261579879	-0.0855922782490156	0.955443846719858	-2.1519501686134554	GM47823	negative	True	False	False	False	False	False	False	False	False	False	False	False	not in our tested universe	False	False	False	False	False	not in our tested universe
DSP	0.36467928641758	0.729398044864672	-1.8164207663671	0.00676747371644427	-2.18110005278468	DSP	negative	True	True	False	True	False	False	False	False	False	True	False	False	DE-significant outside bend-point	False	False	False	False	False	tested source RSS, not source-constrained selected
C1QTNF3	0.427224943728554	0.727706654417858	-1.75587995746388	0.0320968837795194	-2.1831049011924337	C1QTNF3	negative	True	True	False	True	False	False	False	False	False	True	False	False	DE-significant outside bend-point	False	False	False	False	False	tested source RSS, not source-constrained selected
GM20646	0.369561826023638	0.780154587842479	-1.8236073080201	0.0349492792102126	-2.193169134043738	GM20646	negative	True	False	False	False	False	False	False	False	False	False	False	False	not in our tested universe	False	False	False	False	False	not in our tested universe
PANTR2	0.372663842423863	0.750509669959201	-1.84164010085886	0.016802797147221	-2.214303943282723	PANTR2	negative	True	False	False	False	False	False	False	False	False	False	False	False	not in our tested universe	False	False	False	False	False	not in our tested universe
TNN	0.476975521126697	0.608551337518541	-1.73784721801416	0.00754876088553201	-2.214822739140857	TNN	negative	True	True	False	True	False	False	False	False	False	True	False	False	DE-significant outside bend-point	False	False	False	False	False	tested source RSS, not source-constrained selected
PRR33	0.333106062750738	0.808617957046581	-1.89233432689428	0.0313268053587299	-2.225440389645018	PRR33	negative	True	True	False	False	False	False	False	False	False	True	False	False	tested, not significant	False	False	False	False	False	tested source RSS, not source-constrained selected
GM43367	3.40099479658572	0.00280999827793881	1.14640182895172	0.304113117765168	-2.254592967634	GM43367	negative	True	False	False	False	False	False	False	False	False	False	False	False	not in our tested universe	False	False	False	False	False	not in our tested universe
HOXA11	1.58901901125201	0.0139698469811673	-0.705021702759962	0.353987042593397	-2.294040714011972	HOXA11	negative	True	True	True	False	False	False	False	False	False	True	False	False	DE-significant outside bend-point	False	False	False	False	False	tested source RSS, not source-constrained selected
GM50223	4.09337067023173	2.70036605316684e-05	1.77228295942418	0.0226630444256114	-2.32108771080755	GM50223	negative	True	False	False	False	False	False	False	False	False	False	False	False	not in our tested universe	False	False	False	False	False	not in our tested universe
COL2A1	-0.350193802203769	0.833839428362259	-2.71167214711301	0.00771596506727775	-2.3614783449092407	COL2A1	negative	True	True	False	True	False	False	False	False	False	True	False	False	DE-significant outside bend-point	False	False	False	False	False	tested source RSS, not source-constrained selected
UCMA	-0.48730865088603	0.757729100791025	-2.90640518932883	0.00258625510591909	-2.4190965384428	UCMA	negative	True	False	False	False	False	False	False	False	False	False	False	False	not in our tested universe	False	False	False	False	False	not in our tested universe
SP7	0.361993428266023	0.818547906025669	-2.21004770761286	0.0300405014616082	-2.5720411358788833	SP7	negative	True	True	False	True	False	False	False	False	False	True	False	False	DE-significant outside bend-point	False	False	False	False	False	tested source RSS, not source-constrained selected
IRX5	1.50455918441263	0.0316186023098988	-1.08803991064696	0.152923221820108	-2.5925990950595903	IRX5	negative	True	True	False	False	False	False	False	False	False	True	False	False	tested, not significant	False	False	False	False	False	tested source RSS, not source-constrained selected
EN2	1.99023310309933	0.0323170230704769	-0.673981036505531	0.447589083743872	-2.6642141396048613	EN2	negative	True	False	False	False	False	False	False	False	False	False	False	False	not in our tested universe	False	False	False	False	False	not in our tested universe
CMYA5	0.288604359342825	0.875638414463674	-2.4684286706895	0.0265568603184589	-2.757033030032325	CMYA5	negative	True	True	False	True	False	False	False	False	False	True	False	False	DE-significant outside bend-point	False	False	False	False	False	tested source RSS, not source-constrained selected
GM42705	1.37155762440368	0.00943921322647211	-1.4376585952347	0.00347099307651666	-2.80921621963838	GM42705	negative	True	False	False	False	False	False	False	False	False	False	False	False	not in our tested universe	False	False	False	False	False	not in our tested universe
SYPL2	0.215707549414992	0.91989803386925	-2.60205250253941	0.0447241837231592	-2.817760051954402	SYPL2	negative	True	True	False	False	False	False	False	False	False	True	False	False	tested, not significant	False	False	False	False	False	tested source RSS, not source-constrained selected
COL9A1	-0.457854844788175	0.73839516516843	-3.28842260763417	9.48096542632561e-05	-2.8305677628459947	COL9A1	negative	True	True	False	True	False	False	False	False	False	True	False	False	DE-significant outside bend-point	False	False	False	False	False	tested source RSS, not source-constrained selected
PYGM	0.39422790426952	0.832330225626248	-2.51941161392556	0.0327302953463272	-2.91363951819508	PYGM	negative	True	True	False	True	False	False	False	False	False	True	False	False	DE-significant outside bend-point	False	False	False	False	False	tested source RSS, not source-constrained selected
MATN1	0.59679324329951	0.631384452909046	-2.32137549211444	0.00383819852049162	-2.91816873541395	MATN1	negative	True	False	False	False	False	False	False	False	False	False	False	False	not in our tested universe	False	False	False	False	False	not in our tested universe
SERPINA1B	0.339500190576606	0.828650608502088	-2.6189143653636	0.00451019014085427	-2.958414555940206	SERPINA1B	negative	True	False	False	False	False	False	False	False	False	False	False	False	not in our tested universe	False	False	False	False	False	not in our tested universe
CHAD	0.427920292279731	0.633786359720568	-2.55880265004778	1.0531893970177e-05	-2.986722942327511	CHAD	negative	True	True	False	True	False	False	False	False	False	True	False	False	DE-significant outside bend-point	False	False	False	False	False	tested source RSS, not source-constrained selected
SPEER1J	6.51299001845591	5.16036381726118e-09	3.51690162059364	0.000408218913791135	-2.99608839786227	SPEER1J	negative	True	False	False	False	False	False	False	False	False	False	False	False	not in our tested universe	False	False	False	False	False	not in our tested universe
GM37759	0.257817907619126	0.89737983202704	-2.77363099308231	0.0188592921686786	-3.031448900701436	GM37759	negative	True	False	False	False	False	False	False	False	False	False	False	False	not in our tested universe	False	False	False	False	False	not in our tested universe
HSD11B2	1.06322888538676	0.177491776118057	-1.97581984302241	0.00304468712677521	-3.03904872840917	HSD11B2	negative	True	True	False	True	False	False	False	False	False	True	False	False	DE-significant outside bend-point	False	False	False	False	False	tested source RSS, not source-constrained selected
MYBPC2	0.523093773095311	0.771508756542524	-2.5632862127475	0.0304726626175109	-3.086379985842811	MYBPC2	negative	True	True	False	True	False	False	False	False	False	True	False	False	DE-significant outside bend-point	False	False	False	False	False	tested source RSS, not source-constrained selected
RPL3L	0.178817038845222	0.935381228661416	-2.90996645485784	0.0241750591711226	-3.0887834937030623	RPL3L	negative	True	True	False	True	False	False	False	False	False	True	False	False	DE-significant outside bend-point	False	False	False	False	False	tested source RSS, not source-constrained selected
IGKV10-94	3.68279721431171	0.0207241721850955	0.515859691381413	0.820684840955151	-3.166937522930297	IGKV10-94	negative	True	True	False	False	False	False	False	False	False	True	False	False	tested, not significant	False	False	False	False	False	tested source RSS, not source-constrained selected
BGLAP2	0.222006504542745	0.916951717557766	-2.95361638167269	0.0192951838075514	-3.175622886215435	BGLAP2	negative	True	True	False	True	False	False	False	False	False	True	False	False	DE-significant outside bend-point	False	False	False	False	False	tested source RSS, not source-constrained selected
LRRC74B	2.26294639714002	0.0174371778872952	-0.917030573354143	0.45293146600928	-3.1799769704941627	LRRC74B	negative	True	False	False	False	False	False	False	False	False	False	False	False	not in our tested universe	False	False	False	False	False	not in our tested universe
ACTN3	0.612782804455153	0.779267148767604	-2.97440479876575	0.0386209321686968	-3.5871876032209027	ACTN3	negative	True	True	False	True	False	False	False	False	False	True	False	False	DE-significant outside bend-point	False	False	False	False	False	tested source RSS, not source-constrained selected
SNORC	-1.32114438379699	0.387259018925664	-4.92667789429249	1.27658126888771e-05	-3.6055335104954995	SNORC	negative	True	False	False	False	False	False	False	False	False	False	False	False	not in our tested universe	False	False	False	False	False	not in our tested universe
GM31048	5.83002326935899	2.03437686869752e-05	2.21574330778747	0.0807264722298054	-3.61427996157152	GM31048	negative	True	False	False	False	False	False	False	False	False	False	False	False	not in our tested universe	False	False	False	False	False	not in our tested universe
DHRS7C	0.480493764662469	0.813436889892526	-3.17830613458062	0.0130460272420365	-3.658799899243089	DHRS7C	negative	True	True	False	True	False	False	False	False	False	True	False	False	DE-significant outside bend-point	False	False	False	False	False	tested source RSS, not source-constrained selected
BGLAP	-0.00114498428346588	0.999581733552383	-3.73982436991355	0.0202105009273747	-3.738679385630084	BGLAP	negative	True	True	False	True	False	False	False	False	False	True	False	False	DE-significant outside bend-point	False	False	False	False	False	tested source RSS, not source-constrained selected
TNNT3	0.398044006826547	0.884776526258039	-3.34766086093949	0.0454640552924875	-3.7457048677660367	TNNT3	negative	True	True	False	True	False	False	False	False	False	True	False	False	DE-significant outside bend-point	False	False	False	False	False	tested source RSS, not source-constrained selected
GM18795	0.327923849162566	0.90409013487862	-3.49175367029993	0.0317128773146467	-3.8196775194624957	GM18795	negative	True	False	False	False	False	False	False	False	False	False	False	False	not in our tested universe	False	False	False	False	False	not in our tested universe
TNNI2	0.433858248592248	0.880107149842887	-3.51718866056092	0.045382858841189	-3.951046909153168	TNNI2	negative	True	True	False	True	False	False	False	False	False	True	False	False	DE-significant outside bend-point	False	False	False	False	False	tested source RSS, not source-constrained selected
A930016O22RIK	0.542281969458705	0.829919857592597	-3.43438718140633	0.0321864177597622	-3.976669150865035	A930016O22RIK	negative	True	True	False	True	False	False	False	False	False	True	False	False	DE-significant outside bend-point	False	False	False	False	False	tested source RSS, not source-constrained selected
CYP8B1	3.43813321255395	0.0172303554882841	-0.70218896856356	0.563013332780724	-4.14032218111751	CYP8B1	negative	True	False	False	False	False	False	False	False	False	False	False	False	not in our tested universe	False	False	False	False	False	not in our tested universe
CKM	0.67296685948767	0.800955368072952	-3.49733154437415	0.0437464846350606	-4.17029840386182	CKM	negative	True	True	False	True	False	False	False	False	False	True	False	False	DE-significant outside bend-point	False	False	False	False	False	tested source RSS, not source-constrained selected
AMPD1	0.454279574091937	0.865349468200337	-3.75842253220554	0.0203361965155651	-4.212702106297477	AMPD1	negative	True	True	False	True	False	False	False	False	False	True	False	False	DE-significant outside bend-point	False	False	False	False	False	tested source RSS, not source-constrained selected
KLHL31	0.484739991070221	0.874978773352533	-3.84588390377258	0.0423397709973701	-4.330623894842801	KLHL31	negative	True	True	False	False	False	False	False	False	False	True	False	False	tested, not significant	False	False	False	False	False	tested source RSS, not source-constrained selected
MMP13	1.54591326374113	0.460119821785793	-3.56975232517321	0.031575056418714	-5.115665588914339	MMP13	negative	True	True	False	True	False	False	False	False	False	True	False	False	DE-significant outside bend-point	False	False	False	False	False	tested source RSS, not source-constrained selected
MYH4	0.945629702792462	0.745053369723023	-4.55514906606392	0.0173791906373633	-5.500778768856382	MYH4	negative	True	True	False	True	False	False	False	False	False	True	False	False	DE-significant outside bend-point	False	False	False	False	False	tested source RSS, not source-constrained selected
