source_gene_symbol	source_symbol_norm	gene_id	source_mapping_status	n_source_gene_ids	source_log2fc_control	source_log2fc_cko	source_rss_shift	source_rss_sign	our_log2fc_wt	our_log2fc_cko	our_delta_cko_minus_wt	our_delta_sign	matched_our_tested_universe	source_padj_control	source_padj_cko	our_padj_wt	our_padj_cko	significant_wt_side	significant_cko_side	present_wt_bendpoint	present_cko_bendpoint	present_shared_bendpoint	present_cko_only_bendpoint	present_wt_only_bendpoint	direction_consistent_with_source_rss	appears_in_retained_go_terms	appears_in_anchor_gene_table
1110002E22RIK	1110002E22RIK	ENSMUSG00000090066	unique_symbol	1	2.05762772781078	0.468769335551635	-1.5888583922591453	negative	2.3503461137228	0.465208524223763	-1.885137589499037	negative	True	0.0199423977855284	0.702150434611184	0.0104484744647228	0.694364030826894	True	False	False	False	False	False	False	True	False	False
1110002J07RIK	1110002J07RIK	ENSMUSG00000097134	unique_symbol	1	0.97878355404558	0.57477767943507	-0.4040058746105101	negative	0.676540457031309	0.78678232552168	0.11024186849037099	positive	True	0.00386116592656458	0.109727350245014	0.145241332713128	0.0668275492918562	False	False	False	False	False	False	False	False	False	False
1500015A07RIK	1500015A07RIK	ENSMUSG00000098702	unique_symbol	1	-0.0126134449540693	-0.354495743271928	-0.3418822983178587	negative	0.105972498963837	0.0506622107520965	-0.05531028821174049	negative	True	0.966778851572246	0.0401996505765861	0.750934731031777	0.879640823338017	False	False	False	False	False	False	False	True	False	False
1700014L14RIK	1700014L14RIK	ENSMUSG00000110056	unique_symbol	1	-1.0049499625107	-0.445289573797329	0.5596603887133709	positive	-1.51433904975768	-0.508252263859158	1.006086785898522	positive	True	5.94269419857119e-06	0.0656054018846446	0.0001344956260664	0.211298661884975	True	False	False	False	False	False	False	True	False	False
1700016H13RIK	1700016H13RIK	ENSMUSG00000029320	unique_symbol	1	-0.55283767664532	1.68822029322807	2.24105796987339	positive					False	0.44162562557888	0.00479419354920685			False	False	False	False	False	False	False	False	False	False
1700019L13RIK	1700019L13RIK	ENSMUSG00000111639	unique_symbol	1	1.6883109939692	2.3683843842515	0.6800733902823002	positive					False	1.34633193621466e-09	4.74484057790366e-15			False	False	False	False	False	False	False	False	False	False
1700029M03RIK	1700029M03RIK	ENSMUSG00000101189	unique_symbol	1	0.69564495428134	1.39113171541313	0.69548676113179	positive					False	0.273661709326692	0.0158245290085235			False	False	False	False	False	False	False	False	False	False
1700030N03RIK	1700030N03RIK	ENSMUSG00000100969	unique_symbol	1	0.570928317494486	-0.0475369309959072	-0.6184652484903932	negative					False	0.0359607407437713	0.914380808951192			False	False	False	False	False	False	False	False	False	False
1700040F17RIK	1700040F17RIK	ENSMUSG00000101568	unique_symbol	1	0.577047833146494	-0.00589395499968037	-0.5829417881461744	negative					False	0.0197341837076881	0.988200833885627			False	False	False	False	False	False	False	False	False	False
1700061I17RIK	1700061I17RIK	ENSMUSG00000028009	unique_symbol	1	-1.70456587570283	-0.134668070450813	1.569897805252017	positive					False	0.0248886547483884	0.907112109555679			False	False	False	False	False	False	False	False	False	False
1700094M23RIK	1700094M23RIK	ENSMUSG00000105337	unique_symbol	1	-0.775791043522353	-0.151714673066581	0.6240763704557719	positive	-1.37066098793629	-0.280671361782345	1.0899896261539452	positive	True	0.00010602898513185	0.580862933473166	0.0419168446684492	0.733336573988678	True	False	False	False	False	False	False	True	False	False
1700096J18RIK	1700096J18RIK	ENSMUSG00000099630	unique_symbol	1	0.507359607009575	0.0945497461438101	-0.41280986086576493	negative					False	0.0391133082574271	0.794625439095479			False	False	False	False	False	False	False	False	False	False
1810007D17RIK	1810007D17RIK	ENSMUSG00000100001	unique_symbol	1	0.19564339629553	0.541127940817686	0.34548454452215605	positive	0.0458373155827228	0.284845705362595	0.2390083897798722	positive	True	0.398001731397826	0.00277974851717959	0.93560013005971	0.526649883926137	False	False	False	False	False	False	False	True	False	False
1810044K17RIK	1810044K17RIK	ENSMUSG00000116846	unique_symbol	1	1.5420834601094	2.16033504663898	0.6182515865295801	positive					False	0.0255870751642166	0.00116081715418195			False	False	False	False	False	False	False	False	False	False
1810053B23RIK	1810053B23RIK	ENSMUSG00000100277	unique_symbol	1	1.29006466702216	1.80113216048715	0.5110674934649899	positive	1.23431333208214	2.18585334559997	0.9515400135178298	positive	True	0.0060530109579754	0.000164978956951184	0.0403271988401566	0.0002216262336149	True	True	False	False	False	False	False	True	False	False
2010008C14RIK	2010008C14RIK	ENSMUSG00000107761	unique_symbol	1	-0.461087691046097	-0.0918875319115075	0.3692001591345895	positive	-0.478843507794318	-0.15379190788222	0.325051599912098	positive	True	5.78159686870089e-05	0.574840550564151	1.29143207977852e-05	0.242137354124609	True	False	False	False	False	False	False	True	False	False
2210017I01RIK	2210017I01RIK	ENSMUSG00000103523	unique_symbol	1	3.14602799945508	3.46441057538157	0.3183825759264898	positive	3.49592765164031	3.79947011455554	0.3035424629152299	positive	True	5.92682693335466e-49	2.74091302605254e-48	3.87649083684948e-33	1.1762077002503198e-30	True	True	True	True	True	False	False	True	True	False
2210409E12RIK	2210409E12RIK	ENSMUSG00000081766	unique_symbol	1	4.66886054240707	3.23980107985541	-1.4290594625516597	negative					False	2.91635905288506e-06	6.12904766719039e-06			False	False	False	False	False	False	False	False	False	False
2310039L15RIK	2310039L15RIK	ENSMUSG00000100550	unique_symbol	1	0.224207733502998	0.579375402714634	0.35516766921163595	positive					False	0.00158852048201195	8.32941743831813e-19			False	False	False	False	False	False	False	False	False	False
2310040G24RIK	2310040G24RIK	ENSMUSG00000101655	unique_symbol	1	-0.265908541504429	-0.748965548356993	-0.48305700685256403	negative	-0.271843950581453	-0.761807683434948	-0.489963732853495	negative	True	0.577960357428399	0.0342345730150731	0.533712426790121	0.0274964711977572	False	True	False	False	False	False	False	True	False	False
2310065F04RIK	2310065F04RIK	ENSMUSG00000087410	unique_symbol	1	0.0432133785262647	-1.5137133371015	-1.5569267156277646	negative	0.104988341572934	-1.53827871260749	-1.643267054180424	negative	True	0.965093082045098	0.00584254640757942	0.905183238146304	0.0083110450047254	False	True	False	False	False	False	False	True	False	False
2410004I01RIK	2410004I01RIK	ENSMUSG00000085338	unique_symbol	1	1.30150884828268	0.82575446349406	-0.47575438478862	negative	1.44149276847756	0.864257156622099	-0.577235611855461	negative	True	0.0357737282589122	0.227831800954738	0.036549812998892	0.259317437674325	True	False	False	False	False	False	False	True	False	False
2410004P03RIK	2410004P03RIK	ENSMUSG00000071398	unique_symbol	1	1.73378864433745	-0.14210867827126	-1.87589732260871	negative	2.01866732881843	-0.528398302818374	-2.547065631636804	negative	True	0.0102833669718833	0.899354485614001	0.0224083161719431	0.649778949758687	True	False	False	False	False	False	False	True	False	False
2410012E07RIK	2410012E07RIK	ENSMUSG00000099528	unique_symbol	1	-0.541480161189492	-0.0195082624503524	0.5219718987391396	positive	-0.36172536822001	-0.142415773552036	0.219309594667974	positive	True	1.70566024106977e-05	0.929911791279131	0.387166430655851	0.751580379832995	False	False	False	False	False	False	False	True	False	False
2410022M11RIK	2410022M11RIK	ENSMUSG00000100017	unique_symbol	1	-0.0441970138974108	-0.363568835003088	-0.3193718211056772	negative	-0.0831380318515314	-0.366574446369607	-0.2834364145180756	negative	True	0.839120977594027	0.00505749830273671	0.683114139081778	0.0136721546789595	False	True	False	False	False	False	False	True	False	False
3425401B19RIK	3425401B19RIK	ENSMUSG00000071540	unique_symbol	1	-0.489604331236493	-1.25624594724962	-0.7666416160131269	negative	-0.493945392330685	-1.27200261903596	-0.7780572267052749	negative	True	0.0483950878925391	3.6009065621735e-09	0.066421056143455	4.91325903365088e-08	False	True	False	False	False	False	False	True	False	False
4732490B19RIK	4732490B19RIK	ENSMUSG00000085421	unique_symbol	1	1.21507166562325	2.95027130236531	1.73519963674206	positive	1.51568732026232	3.0552142266742	1.5395269064118802	positive	True	0.0323958699130776	1.3663193667465e-06	0.027471568775029	0.0001606975562127	True	True	False	False	False	False	False	True	False	False
4921513I03RIK	4921513I03RIK	ENSMUSG00000044544	unique_symbol	1	0.0527641282895418	-0.32570160741287	-0.3784657357024118	negative					False	0.688838602921763	8.6907898168344e-05			False	False	False	False	False	False	False	False	False	False
4921539H07RIK	4921539H07RIK	ENSMUSG00000104586	unique_symbol	1	-0.607776710943249	-1.2515615661567	-0.6437848552134509	negative					False	0.0465461183078759	1.00824912261822e-05			False	False	False	False	False	False	False	False	False	False
4930414F18RIK	4930414F18RIK	ENSMUSG00000116520	unique_symbol	1	1.18145308003006	2.68465313558264	1.5032000555525802	positive					False	0.166270135486043	0.00188454664015752			False	False	False	False	False	False	False	False	False	False
4930426L09RIK	4930426L09RIK	ENSMUSG00000026736	unique_symbol	1	-0.569180104165484	0.0233422347237491	0.5925223388892331	positive	-0.444901938752217	-0.0259683122729218	0.4189336264792952	positive	True	0.0385952382952771	0.957225220176505	0.188874908593523	0.953166378211752	False	False	False	False	False	False	False	True	False	False
4930438A08RIK	4930438A08RIK	ENSMUSG00000069873	unique_symbol	1	2.43704743969853	1.66473275342099	-0.7723146862775403	negative	2.44094799676261	1.7548489579746	-0.6860990387880102	negative	True	1.97185599727021e-06	0.00168850697339064	1.11388207826322e-05	0.0017961172326372	True	True	False	False	False	False	False	True	False	False
4930442G10RIK	4930442G10RIK	ENSMUSG00000113974	unique_symbol	1	-0.53569054096837	-0.91801870320899	-0.38232816224062005	negative					False	0.20318240557457	0.0108096932349794			False	False	False	False	False	False	False	False	False	False
4930447N08RIK	4930447N08RIK	ENSMUSG00000106583	unique_symbol	1	0.450034498622493	-0.857414300480408	-1.3074487991029011	negative					False	0.318551480889636	0.0162845602023486			False	False	False	False	False	False	False	False	False	False
4930448D08RIK	4930448D08RIK	ENSMUSG00000086824	unique_symbol	1	-0.694889583766975	0.0204628212443565	0.7153524050113315	positive	-0.811080980985009	0.120594353999742	0.9316753349847511	positive	True	0.00226485622746749	0.958464877364105	0.0103553142857869	0.781268087845507	True	False	False	False	False	False	False	True	False	False
4930455G09RIK	4930455G09RIK	ENSMUSG00000085761	unique_symbol	1	0.327847336060225	0.648554752422521	0.32070741636229605	positive	0.689325172559795	1.08018109629501	0.39085592373521505	positive	True	0.173659085839951	0.00226812868798518	0.0544773144184348	0.0020170700106623	False	True	False	False	False	False	False	True	False	False
4930456G14RIK	4930456G14RIK	ENSMUSG00000102985	unique_symbol	1	-0.792177256688452	-0.383809850839566	0.408367405848886	positive	-0.846325692712422	-0.471228666285434	0.375097026426988	positive	True	0.0317886465736274	0.373088239515384	0.0607386599365898	0.32058159455662	False	False	False	False	False	False	False	True	False	False
4930467J12RIK	4930467J12RIK	ENSMUSG00000114879	unique_symbol	1	3.47085952897027	2.19544068415513	-1.2754188448151402	negative					False	5.8181460889003e-08	5.19094139021727e-05			False	False	False	False	False	False	False	False	False	False
4930470H14RIK	4930470H14RIK	ENSMUSG00000116975	unique_symbol	1	-0.648312956371705	-0.198013231033353	0.45029972533835205	positive					False	0.0147594776166736	0.569496131326687			False	False	False	False	False	False	False	False	False	False
4930471C04RIK	4930471C04RIK	ENSMUSG00000091686	unique_symbol	1	1.92251896506999	2.30374633580223	0.3812273707322398	positive					False	0.054611642597848	0.0183325887886516			False	False	False	False	False	False	False	False	False	False
4930511P09RIK	4930511P09RIK	ENSMUSG00000122432	unique_symbol	1	-0.925147369843151	-1.68370914505348	-0.758561775210329	negative					False	0.342708989765111	0.0270500938404633			False	False	False	False	False	False	False	False	False	False
4930512H18RIK	4930512H18RIK	ENSMUSG00000086866	unique_symbol	1	1.63520505490878	1.30802531150578	-0.32717974340299993	negative	3.00229625321847	2.88795328084188	-0.11434297237659008	negative	True	0.000440731440095619	0.00452705979500888	0.0001163231255241	0.0001787724883392	True	True	False	False	False	False	False	True	False	False
4930515G01RIK	4930515G01RIK	ENSMUSG00000092183	unique_symbol	1	0.169825189843019	0.914291780009803	0.7444665901667841	positive	0.121306051290954	0.823437700974274	0.7021316496833201	positive	True	0.694016783579208	0.00245807110658776	0.812801872717066	0.0256106010353963	False	True	False	False	False	False	False	True	False	False
4930516K23RIK	4930516K23RIK	ENSMUSG00000109824	unique_symbol	1	0.403940394687014	1.94434985387432	1.540409459187306	positive					False	0.592733285272919	0.00111354091658009			False	False	False	False	False	False	False	False	False	False
4930527A07RIK	4930527A07RIK	ENSMUSG00000086764	unique_symbol	1	-0.337900413024825	-1.70972706570572	-1.371826652680895	negative					False	0.60289694385922	0.000672308882542027			False	False	False	False	False	False	False	False	False	False
4930528D03RIK	4930528D03RIK	ENSMUSG00000097502	unique_symbol	1	1.78400645505602	1.35535424260647	-0.42865221244955	negative					False	7.56568419373139e-07	9.91417121186131e-05			False	False	False	False	False	False	False	False	False	False
4930528J11RIK	4930528J11RIK	ENSMUSG00000107012	unique_symbol	1	-0.0629871005630638	-0.385843048411195	-0.3228559478481312	negative					False	0.829549329427757	0.0364646151708782			False	False	False	False	False	False	False	False	False	False
4930538E20RIK	4930538E20RIK	ENSMUSG00000085516	unique_symbol	1	-0.458022047915181	-0.147015488304951	0.31100655961022994	positive					False	0.000601551602961213	0.38558866215223			False	False	False	False	False	False	False	False	False	False
4930544M13RIK	4930544M13RIK	ENSMUSG00000051758	unique_symbol	1	0.866187251115954	1.23576372347048	0.36957647235452595	positive	1.11755441498082	3.62469783919743	2.50714342421661	positive	True	0.000320009169790394	8.603510721011e-08	0.100771457494457	5.71456435852684e-06	False	True	False	False	False	False	False	True	False	False
4930556I23RIK	4930556I23RIK	ENSMUSG00000089767	unique_symbol	1	-0.13238494875523	-0.783707989073569	-0.651323040318339	negative					False	0.804702504335933	0.0191050248862858			False	False	False	False	False	False	False	False	False	False
4930556N13RIK	4930556N13RIK	ENSMUSG00000092399	unique_symbol	1	0.367918459416871	0.701711695184524	0.333793235767653	positive					False	0.220460034028737	0.00890682935987803			False	False	False	False	False	False	False	False	False	False
4930562D21RIK	4930562D21RIK	ENSMUSG00000086608	unique_symbol	1	0.750220223831812	-0.828839588000598	-1.57905981183241	negative					False	0.0710116827981316	0.0349924569514173			False	False	False	False	False	False	False	False	False	False
4930568A13RIK	4930568A13RIK	ENSMUSG00000104638	unique_symbol	1	-1.28329508387598	-0.911674065993307	0.371621017882673	positive					False	0.00080376200531238	0.0331412463205875			False	False	False	False	False	False	False	False	False	False
4932435O22RIK	4932435O22RIK	ENSMUSG00000062391	unique_symbol	1	-0.688693863457474	-0.314087142228348	0.37460672122912597	positive	-0.265695137769188	0.184306612583008	0.45000175035219603	positive	True	0.00249731812207284	0.243220512009629	0.609751526076873	0.726597588334259	False	False	False	False	False	False	False	True	False	False
4933412O06RIK	4933412O06RIK	ENSMUSG00000113960	unique_symbol	1	0.582127505261437	-0.0148027796501195	-0.5969302849115564	negative	0.114889472590876	-0.136198103084348	-0.251087575675224	negative	True	0.0233848834147379	0.970936644116184	0.847804687497873	0.803792390437031	False	False	False	False	False	False	False	True	False	False
4933431K23RIK	4933431K23RIK	ENSMUSG00000086451	unique_symbol	1	-0.324193904200291	-0.642830945712237	-0.318637041511946	negative	-1.21886283899621	-1.1989392301586	0.01992360883761002	positive	True	0.0194877602263056	1.66543393171333e-07	0.026867638292629	0.0195682506127065	True	True	False	False	False	False	False	False	False	False
4933436I20RIK	4933436I20RIK	ENSMUSG00000100580	unique_symbol	1	3.26740622388378	2.48747937327035	-0.77992685061343	negative					False	5.99098823578387e-14	5.80393508365555e-12			False	False	False	False	False	False	False	False	False	False
4933440M02RIK	4933440M02RIK	ENSMUSG00000045928	unique_symbol	1	1.30301985841389	0.548406451378292	-0.7546134070355979	negative					False	0.00881512310609974	0.300447374567652			False	False	False	False	False	False	False	False	False	False
5033421B08RIK	5033421B08RIK	ENSMUSG00000112276	unique_symbol	1	-0.0646214724285587	0.240519755451545	0.30514122788010367	positive	-0.216717581029074	0.210568599621405	0.427286180650479	positive	True	0.709959862210571	0.0455761826590456	0.479755353257994	0.481805315524035	False	False	False	False	False	False	False	True	False	False
6330549D23RIK	6330549D23RIK	ENSMUSG00000045327	ambiguous_symbol	2	0.219260823372393	-0.201665027746345	-0.42092585111873804	negative					False	0.00459861857408882	0.784121144305905			False	False	False	False	False	False	False	False	False	False
6330549D23RIK	6330549D23RIK	ENSMUSG00000121819	ambiguous_symbol	2	0.219260823372393	-0.201665027746345	-0.42092585111873804	negative	-0.321407913161339	-0.421041836311292	-0.09963392314995301	negative	True	0.00459861857408882	0.784121144305905	0.377797965362256	0.194390247896143	False	False	False	False	False	False	False	True	False	False
6430710C18RIK	6430710C18RIK	ENSMUSG00000085427	unique_symbol	1	-0.576726334707097	-0.907973208083666	-0.331246873376569	negative	-0.145133802378652	-0.397553244175565	-0.252419441796913	negative	True	0.157949699976759	0.0150701329106124	0.836860173040463	0.529831440986852	False	False	False	False	False	False	False	True	False	False
9130209A04RIK	9130209A04RIK	ENSMUSG00000117602	unique_symbol	1	3.45831835327246	3.80954959822899	0.35123124495653	positive					False	2.79693507562264e-05	5.32993855771415e-05			False	False	False	False	False	False	False	False	False	False
9230109A22RIK	9230109A22RIK	ENSMUSG00000051237	unique_symbol	1	-0.0306270745001315	1.92866224249271	1.9592893169928416	positive					False	0.971773623909409	0.000105090770348996			False	False	False	False	False	False	False	False	False	False
9230112J17RIK	9230112J17RIK	ENSMUSG00000111761	unique_symbol	1	-0.263014386879825	-0.676208198442521	-0.413193811562696	negative	-0.228065882698527	-0.631718891783188	-0.40365300908466095	negative	True	0.139174384054927	6.97442936969418e-06	0.215486310203772	4.69468708782308e-05	False	True	False	False	False	False	False	True	False	False
9330154J02RIK	9330154J02RIK	ENSMUSG00000056031	unique_symbol	1	0.969261355060929	1.40743407623887	0.4381727211779409	positive	1.88283337032675	2.14653626460452	0.26370289427776994	positive	True	0.000229791050116964	3.99158651481601e-08	0.0451103711740154	0.0095963313067413	True	True	False	False	False	False	False	True	False	False
9330188P03RIK	9330188P03RIK	ENSMUSG00000115149	unique_symbol	1	-0.322101607611981	0.101019025365239	0.42312063297721997	positive	-0.324939218474957	0.161304614563653	0.48624383303860996	positive	True	0.0491225278747893	0.635171763784053	0.13724635149803	0.514076495982544	False	False	False	False	False	False	False	True	False	False
9530018F02RIK	9530018F02RIK	ENSMUSG00000112150	unique_symbol	1	-0.226607783346253	-0.600185655664382	-0.373577872318129	negative	-0.237491790105919	-0.604848314734141	-0.367356524628222	negative	True	0.448581922904914	0.0144105226906815	0.3363404385409	0.0050607644235023	False	True	False	False	False	False	False	True	False	False
9530036M11RIK	9530036M11RIK	ENSMUSG00000087670	unique_symbol	1	-0.335622121033615	-0.668935149703579	-0.33331302866996404	negative	-0.305008481250791	-0.611411691454155	-0.306403210203364	negative	True	0.193421177526452	0.00210828572633042	0.209394710427181	0.0033349769265907	False	True	False	False	False	False	False	True	False	False
9630013D21RIK	9630013D21RIK	ENSMUSG00000059027	unique_symbol	1	-0.486063664404671	-1.35745255964352	-0.8713888952388491	negative					False	0.334750945822972	0.00150227738704751			False	False	False	False	False	False	False	False	False	False
A430108G06RIK	A430108G06RIK	ENSMUSG00000086851	unique_symbol	1	-0.487198842166713	-0.0083047935667963	0.4788940485999167	positive	-0.649851471390944	-0.0999296703600149	0.5499218010309291	positive	True	0.0204542650099052	0.981638755619317	0.0231153295809781	0.799912225916178	True	False	False	False	False	False	False	True	False	False
A530088E08RIK	A530088E08RIK	ENSMUSG00000117872	unique_symbol	1	-0.356365733013499	-0.728068534747633	-0.371702801734134	negative					False	0.350916199865223	0.0306505058381977			False	False	False	False	False	False	False	False	False	False
A830011K09RIK	A830011K09RIK	ENSMUSG00000089957	unique_symbol	1	-0.57662882053899	-1.02673363247413	-0.45010481193514007	negative	-0.777985725075149	-0.656362752261598	0.12162297281355094	positive	True	0.212547919445932	0.0119347885984978	0.137975063028595	0.221877834348736	False	False	False	False	False	False	False	False	False	False
A930003A15RIK	A930003A15RIK	ENSMUSG00000075330	unique_symbol	1	1.29912682653282	0.789039117179588	-0.510087709353232	negative	1.19227193999291	0.706444805534288	-0.485827134458622	negative	True	0.00328657596843443	0.081690554745618	0.0500787898005217	0.220892667222504	False	False	False	False	False	False	False	True	False	False
A930016O22RIK	A930016O22RIK	ENSMUSG00000040705	unique_symbol	1	0.542281969458705	-3.43438718140633	-3.976669150865035	negative	-0.211505559906859	-1.63224735789663	-1.420741797989771	negative	True	0.829919857592597	0.0321864177597622	0.770264353602958	0.0009571560914058	False	True	False	False	False	False	False	True	False	False
ABCA12	ABCA12	ENSMUSG00000050296	unique_symbol	1	0.618765521649701	1.0129544526966	0.3941889310468989	positive	0.732060740554481	1.13652178213807	0.404461041583589	positive	True	0.00173511334741373	8.98008494415799e-08	0.0009931911534128	1.54137644405423e-07	True	True	False	False	False	False	False	True	False	False
ABCA4	ABCA4	ENSMUSG00000028125	unique_symbol	1	-0.073262470907853	-0.73335889939051	-0.660096428482657	negative	-0.0371802929728586	-0.769419489291995	-0.7322391963191364	negative	True	0.907476433624466	0.0484951100201346	0.972348288209945	0.29823546887912	False	False	False	False	False	False	False	True	False	False
ABCA5	ABCA5	ENSMUSG00000018800	unique_symbol	1	-0.237351813816332	0.0972517720945584	0.3346035859108904	positive	-0.234348354700889	0.116480116630919	0.350828471331808	positive	True	0.0262280077980279	0.456187244690815	0.040617473636119	0.364562837645531	True	False	False	False	False	False	False	True	False	False
ABCC9	ABCC9	ENSMUSG00000030249	unique_symbol	1	0.396127696657833	0.0901618626776057	-0.30596583398022725	negative	0.403643587310835	0.0847591743628843	-0.31888441294795067	negative	True	0.0156079967668996	0.692920337186759	0.0122987766130035	0.683129689463051	True	False	False	False	False	False	False	True	False	False
ABCD1	ABCD1	ENSMUSG00000031378	unique_symbol	1	0.215952198663714	-0.121644226665803	-0.337596425329517	negative	0.254363094990977	-0.112200635803399	-0.366563730794376	negative	True	0.0275161606818633	0.26781624180856	0.0071832317243573	0.294385188691221	True	False	False	False	False	False	False	True	False	False
ABCG8	ABCG8	ENSMUSG00000024254	unique_symbol	1	-0.834856085071796	-1.13575472197411	-0.300898636902314	negative	-1.01171941599733	-1.13261936633705	-0.12089995033972012	negative	True	0.0734373698062999	0.00781099919238144	0.0360017382480704	0.0110676782890465	True	True	False	False	False	False	False	True	False	False
ABHD11OS	ABHD11OS	ENSMUSG00000085042	unique_symbol	1	-0.204054531979339	-0.524920829263176	-0.320866297283837	negative					False	0.349028175550064	0.00135143697673998			False	False	False	False	False	False	False	False	False	False
ABHD16B	ABHD16B	ENSMUSG00000055882	unique_symbol	1	1.02328602403686	2.05881108949785	1.03552506546099	positive					False	0.182519385878517	0.00354043858829618			False	False	False	False	False	False	False	False	False	False
ABI3BP	ABI3BP	ENSMUSG00000035258	unique_symbol	1	0.100939296166453	-0.456321320912824	-0.557260617079277	negative	0.13932016136842	-0.487159025274078	-0.626479186642498	negative	True	0.757993392765534	0.0371688412316667	0.603076460431547	0.0182013905354571	False	True	False	False	False	False	False	True	False	False
ACKR2	ACKR2	ENSMUSG00000044534	unique_symbol	1	-0.007003912942954	-1.10822718044635	-1.101223267503396	negative	0.0981708171498375	-1.05344143219686	-1.1516122493466974	negative	True	0.99257305037388	0.0014977879432444	0.872202143668874	0.0067856852115572	False	True	False	False	False	False	False	True	False	False
ACOX2	ACOX2	ENSMUSG00000021751	unique_symbol	1	1.03594295024885	0.721725601131049	-0.31421734911780097	negative	1.0829786982599	1.39178749594983	0.3088087976899301	positive	True	0.00279684254455746	0.0422031729654986	0.0310142319135821	0.0027430374601257	True	True	False	False	False	False	False	False	False	False
ACSF2	ACSF2	ENSMUSG00000076435	unique_symbol	1	0.137867876422996	-0.788010373207907	-0.925878249630903	negative	0.112704729739461	-0.0651183270413504	-0.1778230567808114	negative	True	0.734164644315994	0.00233154874916629	0.264607037920751	0.541052058751283	False	False	False	False	False	False	False	True	False	False
ACSS3	ACSS3	ENSMUSG00000035948	unique_symbol	1	0.107859444078343	-0.412438501039551	-0.520297945117894	negative	0.0754433757877364	-0.302505207320654	-0.3779485831083904	negative	True	0.498292461708411	0.000302221750407411	0.645418703910812	0.0144383158936867	False	True	False	False	False	False	False	True	False	False
ACTN3	ACTN3	ENSMUSG00000006457	unique_symbol	1	0.612782804455153	-2.97440479876575	-3.5871876032209027	negative	0.64726497824766	-3.05422625743825	-3.70149123568591	negative	True	0.779267148767604	0.0386209321686968	0.735159320167751	0.0301625692548147	False	True	False	False	False	False	False	True	False	False
ADAMTS1	ADAMTS1	ENSMUSG00000022893	unique_symbol	1	1.06889668202867	0.682523445725151	-0.38637323630351905	negative	1.09413369348154	0.696646796459752	-0.39748689702178797	negative	True	5.01583502175375e-09	0.000385560157113536	1.07403490483093e-10	7.40921887452595e-05	True	True	False	False	False	False	False	True	False	False
ADAMTS10	ADAMTS10	ENSMUSG00000024299	unique_symbol	1	0.0487114947900085	-0.558272171527798	-0.6069836663178064	negative	0.0869041164357889	-0.573728988909439	-0.6606331053452279	negative	True	0.899412674389182	0.0104162746653921	0.812612482070174	0.021887493482505	False	True	False	False	False	False	False	True	False	False
ADAMTS13	ADAMTS13	ENSMUSG00000014852	unique_symbol	1	0.364217336769261	0.706224000535059	0.34200666376579797	positive	-0.0257771663778057	0.187384205969853	0.2131613723476587	positive	True	0.158341245426319	0.00210894641808076	0.971403903263492	0.763134261625111	False	False	False	False	False	False	False	True	False	False
ADAMTS16	ADAMTS16	ENSMUSG00000049538	unique_symbol	1	0.244236165321424	-1.06601897270902	-1.310255138030444	negative	0.189269473359472	-1.32303349382454	-1.512302967184012	negative	True	0.738368832605764	0.0262472722689534	0.819654042608795	0.0165461802386891	False	True	False	False	False	False	False	True	False	False
ADAMTS2	ADAMTS2	ENSMUSG00000036545	unique_symbol	1	0.145879816670376	-0.778192558319865	-0.924072374990241	negative	0.14484200002183	-0.791026743107173	-0.935868743129003	negative	True	0.751900979437134	0.00903202942389934	0.727853485610765	0.0081891800236362	False	True	False	False	False	False	False	True	False	False
ADAMTS4	ADAMTS4	ENSMUSG00000006403	unique_symbol	1	1.08713445038166	0.529546672396001	-0.5575877779856591	negative	1.03490796479152	0.599393900040881	-0.43551406475063903	negative	True	5.22275889795472e-09	0.00856717108299306	1.17314910423382e-07	0.0026739889492986	True	True	False	False	False	False	False	True	False	False
ADAMTS6	ADAMTS6	ENSMUSG00000046169	unique_symbol	1	-0.0133762580553265	-0.399054569834471	-0.3856783117791445	negative	0.0640432997817547	-0.796695432280474	-0.8607387320622287	negative	True	0.968719047332366	0.036417096992748	0.880206246298885	0.0035696006406696	False	True	False	False	False	False	False	True	False	False
ADAMTSL1	ADAMTSL1	ENSMUSG00000066113	unique_symbol	1	0.391952058662208	-0.424758300852874	-0.816710359515082	negative	0.370357098086063	-0.422798187014296	-0.7931552851003589	negative	True	0.0482172143798844	0.0261342495160671	0.0781792865475039	0.0319623305140115	False	True	False	False	False	False	False	True	False	False
ADAMTSL3	ADAMTSL3	ENSMUSG00000070469	unique_symbol	1	-0.0535520499624407	-0.916715193175579	-0.8631631432131384	negative	-0.0264348062406001	-0.928013086261927	-0.9015782800213269	negative	True	0.927556848457137	0.00602355723991578	0.962371056448827	0.0083487924536298	False	True	False	False	False	False	False	True	False	False
ADCY4	ADCY4	ENSMUSG00000022220	unique_symbol	1	0.719518667326754	0.288103574600522	-0.43141509272623196	negative	0.708333921747447	0.275257427311486	-0.433076494435961	negative	True	0.00228401425033444	0.316339931844445	0.0047250500601792	0.351752851946019	True	False	False	False	False	False	False	True	False	False
ADGRG3	ADGRG3	ENSMUSG00000060470	unique_symbol	1	0.763093202863513	0.102810842045958	-0.660282360817555	negative	0.896897820193402	0.066732881017042	-0.83016493917636	negative	True	0.0432619526514758	0.855369676038143	0.0427374027154367	0.912071339083845	True	False	False	False	False	False	False	True	False	False
ADGRV1	ADGRV1	ENSMUSG00000069170	unique_symbol	1	0.00320239900639468	-0.4168915185159	-0.4200939175222947	negative	0.434421638295258	-0.296145553630972	-0.73056719192623	negative	True	0.992289036231173	0.0121388927430463	0.278662433320551	0.469501550170943	False	False	False	False	False	False	False	True	False	False
ADH1	ADH1	ENSMUSG00000074207	unique_symbol	1	1.07513043722351	0.266495982750211	-0.808634454473299	negative	1.11905812963057	0.300927032049989	-0.8181310975805809	negative	True	0.000435903873168153	0.518423972910491	4.26606742865354e-05	0.369187721936255	True	False	False	False	False	False	False	True	False	False
ADM2	ADM2	ENSMUSG00000054136	unique_symbol	1	6.54366883783967	7.082943153426	0.5392743155863302	positive	6.81522470961713	7.20494447133697	0.3897197617198396	positive	True	9.94475027253819e-77	2.92543976855787e-54	2.22185927770107e-43	1.70518212129317e-30	True	True	True	True	True	False	False	True	True	False
ADRA1B	ADRA1B	ENSMUSG00000050541	unique_symbol	1	-0.288602303633286	-0.955461674207038	-0.666859370573752	negative	-0.308510339984494	-0.979832645673895	-0.6713223056894011	negative	True	0.388191786082691	0.00013264846248979	0.309419743575925	4.94502347226315e-05	False	True	False	False	False	False	False	True	False	False
ADRA2B	ADRA2B	ENSMUSG00000058620	unique_symbol	1	-0.84559660366184	-0.503750910259241	0.34184569340259896	positive	-0.877371573092339	-0.549263444428569	0.32810812866377004	positive	True	0.015629562328669	0.177991793133025	0.0287905315640921	0.179393503961919	True	False	False	False	False	False	False	True	False	False
AFAP1L1	AFAP1L1	ENSMUSG00000033032	unique_symbol	1	-0.0271159850675897	-0.468951106835397	-0.44183512176780726	negative	-0.0406377676747888	-0.456294184371428	-0.4156564166966392	negative	True	0.935713878078645	0.0140578263159214	0.886069850754865	0.0148139716537649	False	True	False	False	False	False	False	True	False	False
AGTR1A	AGTR1A	ENSMUSG00000049115	unique_symbol	1	-0.795206754942834	-0.471453512751159	0.323753242191675	positive	-0.834506720437188	-0.484989146996901	0.349517573440287	positive	True	4.4716788730116e-14	1.98339119242565e-05	4.95939833315935e-13	5.66224847393422e-05	True	True	False	False	False	False	False	True	False	False
AGTR2	AGTR2	ENSMUSG00000068122	unique_symbol	1	-0.312923140408412	-1.28628789795219	-0.9733647575437778	negative	-0.470422890553613	-1.35306720700067	-0.882644316447057	negative	True	0.678315872708358	0.0089001573109353	0.501852661597987	0.0110209813109387	False	True	False	False	False	False	False	True	False	False
AI314278	AI314278	ENSMUSG00000109311	unique_symbol	1	0.14255883545223	-0.366951170552854	-0.509510006005084	negative					False	0.553488580752342	0.0447230202092093			False	False	False	False	False	False	False	False	False	False
AI504432	AI504432	ENSMUSG00000056145	unique_symbol	1	-0.41110466435615	-0.0590409934307754	0.3520636709253746	positive	-0.424797446185653	-0.0250426310931725	0.3997548150924805	positive	True	0.00141003617679094	0.766867641724374	0.0005706677441805	0.89280151564311	True	False	False	False	False	False	False	True	False	False
AKR1B10	AKR1B10	ENSMUSG00000061758	unique_symbol	1	0.0496736647224127	-0.25248042973865	-0.30215409446106267	negative	0.0772533194607083	-0.226768666900724	-0.3040219863614323	negative	True	0.788618104395382	0.0360782899404159	0.578064999896013	0.0385595015403347	False	True	False	False	False	False	False	True	False	False
AKR1C14	AKR1C14	ENSMUSG00000033715	unique_symbol	1	0.0426926622701229	-0.419918112444273	-0.46261077471439593	negative	0.0958859104483281	-0.453804246662535	-0.5496901571108631	negative	True	0.857294330149291	0.00214450967984079	0.638448226452185	0.0020772696284665	False	True	False	False	False	False	False	True	False	False
ALDH1A1	ALDH1A1	ENSMUSG00000053279	unique_symbol	1	-0.216079489728394	-0.857788103626018	-0.641708613897624	negative	-0.212968335562065	-0.871937926441992	-0.658969590879927	negative	True	0.704857603632078	0.0292258184303246	0.672844805781039	0.021798628986021	False	True	False	False	False	False	False	True	False	False
ALDH3A1	ALDH3A1	ENSMUSG00000019102	unique_symbol	1	0.0119759731977209	-1.39975264420939	-1.4117286174071109	negative	0.0284487435502044	-1.47561291444951	-1.5040616579997144	negative	True	0.990308015572333	0.00433290276243786	0.973542057762002	0.0037026763274169	False	True	False	False	False	False	False	True	False	False
AMPD1	AMPD1	ENSMUSG00000070385	unique_symbol	1	0.454279574091937	-3.75842253220554	-4.212702106297477	negative	0.564209879050222	-4.11869796195877	-4.6829078410089915	negative	True	0.865349468200337	0.0203361965155651	0.84612717686915	0.0469989568642901	False	True	False	False	False	False	False	True	False	False
ANGPT1	ANGPT1	ENSMUSG00000022309	unique_symbol	1	0.0246960855496548	-0.620294910699326	-0.6449909962489808	negative	0.0084036491438958	-0.607867647017558	-0.6162712961614538	negative	True	0.95797723626718	0.0221307886862956	0.982445334855087	0.0131587448689288	False	True	False	False	False	False	False	True	False	False
ANGPT4	ANGPT4	ENSMUSG00000027460	unique_symbol	1	-0.302920482784601	-1.06750705966749	-0.764586576882889	negative	-0.228014433222794	-1.11903671838575	-0.8910222851629559	negative	True	0.200901799727723	5.18725953933463e-09	0.455851413828318	7.24677450693102e-07	False	True	False	False	False	False	False	True	False	False
ANGPTL1	ANGPTL1	ENSMUSG00000033544	unique_symbol	1	-0.0893157322284198	-0.635028761453463	-0.5457130292250432	negative	-0.0691002515258915	-0.667334273025274	-0.5982340214993825	negative	True	0.855820287424966	0.0354404529866407	0.876426412563964	0.026682641392215	False	True	False	False	False	False	False	True	False	False
ANGPTL2	ANGPTL2	ENSMUSG00000004105	unique_symbol	1	1.10049276886442	0.779225242578974	-0.32126752628544597	negative	1.24041244470749	0.870718624544036	-0.369693820163454	negative	True	2.36350299883146e-20	1.43234741226178e-10	7.721734914872391e-21	1.0664125428374e-10	True	True	True	False	False	False	True	True	True	False
ANGPTL4	ANGPTL4	ENSMUSG00000002289	unique_symbol	1	0.704753400842286	0.383268471574399	-0.321484929267887	negative	0.745612782706798	0.393619918692423	-0.35199286401437496	negative	True	3.73365316344504e-05	0.0426348536825456	3.31970504081074e-05	0.0438534744368008	True	True	False	False	False	False	False	True	False	False
ANKRD1	ANKRD1	ENSMUSG00000024803	unique_symbol	1	4.03198390148895	4.66916006929476	0.6371761678058103	positive	4.26891209431311	4.83285994247812	0.56394784816501	positive	True	1.23411394678908e-17	2.20698968847959e-21	9.34100274533747e-25	8.42870087525881e-27	True	True	True	True	True	False	False	True	True	False
ANO2	ANO2	ENSMUSG00000038115	unique_symbol	1	1.26694703652758	1.58812265588379	0.3211756193562101	positive	1.30888282061157	1.66808533694211	0.3592025163305401	positive	True	2.47008678804544e-10	2.44536447624918e-15	5.26464616437896e-11	2.15013616031246e-16	True	True	False	True	False	True	False	True	True	False
ANXA8	ANXA8	ENSMUSG00000021950	unique_symbol	1	-0.135748629282784	-1.5911092104158	-1.455360581133016	negative	-0.0868851072603155	-1.56929894880112	-1.4824138415408046	negative	True	0.920898118468721	0.0495508003393947	0.941696534960223	0.043802100898007	False	True	False	False	False	False	False	True	False	False
APOBR	APOBR	ENSMUSG00000042759	unique_symbol	1	0.790864455481983	0.419991823426231	-0.37087263205575205	negative	0.845540011887233	0.439685090405015	-0.405854921482218	negative	True	0.000106098476360833	0.0617150677126425	6.62372315033679e-05	0.0535730679052218	True	False	False	False	False	False	False	True	False	False
APOL6	APOL6	ENSMUSG00000033576	unique_symbol	1	-0.859546972962622	-1.35304772484338	-0.49350075188075815	negative	-0.947759139388181	-1.46811725301506	-0.5203581136268789	negative	True	0.148162667370176	0.00936770708468952	0.127015133242567	0.0081671821172233	False	True	False	False	False	False	False	True	False	False
APOL7D	APOL7D	ENSMUSG00000073652	unique_symbol	1	0.128804098291816	-0.80539984946634	-0.9342039477581561	negative	-0.283075192286152	-1.17658898067798	-0.8935137883918278	negative	True	0.800140098460875	0.0106108604544299	0.837959638963368	0.153539435553148	False	False	False	False	False	False	False	True	False	False
AQP9	AQP9	ENSMUSG00000032204	unique_symbol	1	1.05461854630206	0.317633722682208	-0.7369848236198521	negative	1.07468958735692	0.448656336553525	-0.626033250803395	negative	True	0.00144416593524528	0.433265804869862	0.0218968951731086	0.376153815439595	True	False	False	False	False	False	False	True	False	False
ARHGEF2	ARHGEF2	ENSMUSG00000028059	unique_symbol	1	0.747667905396161	0.444451934733702	-0.30321597066245903	negative	0.786274386966159	0.445688352172112	-0.34058603479404703	negative	True	6.85731633572098e-09	0.00119641518456605	2.4345397248629602e-09	0.0013398943348525	True	True	False	False	False	False	False	True	False	False
ARHGEF39	ARHGEF39	ENSMUSG00000051517	unique_symbol	1	-0.6917461552619	-0.315246123536442	0.376500031725458	positive	-0.663278131511506	-0.630149707993077	0.03312842351842904	positive	True	0.012519814351566	0.32442518110263	0.151650564317959	0.15613923343013	False	False	False	False	False	False	False	True	False	False
ARMCX7-PS	ARMCX7-PS	ENSMUSG00000081972	unique_symbol	1	-0.964283964235843	-0.394921324753008	0.5693626394828349	positive					False	1.32295077941857e-09	0.0245475477018459			False	False	False	False	False	False	False	False	False	False
ARSI	ARSI	ENSMUSG00000036412	unique_symbol	1	0.849566331774445	-1.09006174494501	-1.9396280767194551	negative	0.836654673642789	-1.07339398431635	-1.910048657959139	negative	True	0.158628008268246	0.0493080415525956	0.113305569989865	0.0273214943651681	False	True	False	False	False	False	False	True	False	False
ARSJ	ARSJ	ENSMUSG00000046561	unique_symbol	1	-0.231250962649234	-0.536716863530528	-0.30546590088129405	negative	-0.239593852488769	-0.508449035158406	-0.26885518266963704	negative	True	0.438191341172761	0.0191746090930257	0.398070867813855	0.0261476231681247	False	True	False	False	False	False	False	True	False	False
ART1	ART1	ENSMUSG00000030996	unique_symbol	1	-0.52781952423042	-1.11366358764351	-0.5858440634130899	negative	-0.211799444942318	-2.51583885951975	-2.304039414577432	negative	True	0.379775618320721	0.0242682257663118	0.898490018783706	0.0269902120549057	False	True	False	False	False	False	False	True	False	False
ART5	ART5	ENSMUSG00000070424	unique_symbol	1	-0.411158345861129	-1.29020235318988	-0.8790440073287511	negative	-0.163384981819802	-0.705227388991112	-0.54184240717131	negative	True	0.625002831345728	0.0385081294743832	0.809999921146252	0.193608618029238	False	False	False	False	False	False	False	True	False	False
ARTN	ARTN	ENSMUSG00000028539	unique_symbol	1	1.18705054905868	0.201730254789291	-0.985320294269389	negative	1.16732052385994	0.0686918737845015	-1.0986286500754385	negative	True	0.0149889469795777	0.773238999758183	0.0356849420700217	0.927269494434259	True	False	False	False	False	False	False	True	False	False
ASB15	ASB15	ENSMUSG00000029685	unique_symbol	1	-0.329340959457645	-1.82593857731631	-1.4965976178586649	negative	-0.274831435898391	-1.90200625461428	-1.627174818715889	negative	True	0.788210688114813	0.0228063233195683	0.824436220143428	0.0344326257685373	False	True	False	False	False	False	False	True	False	False
ASB16	ASB16	ENSMUSG00000034768	unique_symbol	1	0.0846692200367012	-0.756256477830727	-0.8409256978674282	negative	0.0996642015583869	-0.785170366410093	-0.8848345679684799	negative	True	0.872521666017128	0.0153072565837666	0.835990311218968	0.0177750964668222	False	True	False	False	False	False	False	True	False	False
ASB17	ASB17	ENSMUSG00000038997	unique_symbol	1	-0.713009815313347	-0.224993958514446	0.4880158567989009	positive					False	0.0022751559204311	0.447183652195118			False	False	False	False	False	False	False	False	False	False
ATF1-PS	ATF1-PS	ENSMUSG00000080968	unique_symbol	1	0.757116979172366	-0.385253038382986	-1.142370017555352	negative					False	0.0199804462576296	0.309952522682431			False	False	False	False	False	False	False	False	False	False
ATOH8	ATOH8	ENSMUSG00000037621	unique_symbol	1	0.289202387587389	-0.775481096856771	-1.06468348444416	negative	0.278229372638859	-0.758520282907916	-1.036749655546775	negative	True	0.386005272642175	0.00266960547975974	0.378225237744236	0.0029414356177893	False	True	False	False	False	False	False	True	False	False
ATP10A	ATP10A	ENSMUSG00000025324	unique_symbol	1	0.135867782557232	-0.603563145852171	-0.7394309284094029	negative	0.184568129310571	-0.601997693225704	-0.7865658225362749	negative	True	0.68672458471761	0.00742745895096857	0.542292737579958	0.010548750307728	False	True	False	False	False	False	False	True	False	False
ATP13A4	ATP13A4	ENSMUSG00000038094	unique_symbol	1	1.05347688361157	1.52497483074781	0.47149794713623994	positive	1.03896389490741	1.53244443170438	0.4934805367969699	positive	True	7.19720528347626e-05	2.23315821705312e-09	0.0008273898865813	3.80680762523683e-07	True	True	False	False	False	False	False	True	False	False
ATP6-PS	ATP6-PS	ENSMUSG00000100862	unique_symbol	1	0.0173444681552138	-0.306575500408246	-0.3239199685634598	negative	-0.0744174204467791	-0.185675615591415	-0.11125819514463589	negative	True	0.916392025234979	0.000810806960863369	0.744315508184813	0.32194453774137	False	False	False	False	False	False	False	True	False	False
ATP8B3	ATP8B3	ENSMUSG00000003341	unique_symbol	1	-0.235162766338621	-0.638336698013069	-0.40317393167444804	negative	-0.20117485980003	-0.59069318715535	-0.38951832735532	negative	True	0.388207195417543	0.00228227007273981	0.514345647265339	0.0140505239758588	False	True	False	False	False	False	False	True	False	False
ATP8B5	ATP8B5	ENSMUSG00000028457	unique_symbol	1	-0.524699234163252	-0.0926330662390825	0.4320661679241695	positive	-0.526415225872943	-0.193582696159055	0.332832529713888	positive	True	0.000596405364089032	0.674414805777491	0.0290655167457338	0.479739739612305	True	False	False	False	False	False	False	True	False	False
AU021092	AU021092	ENSMUSG00000051669	unique_symbol	1	0.444563189324197	-0.140415353056862	-0.584978542381059	negative	0.417229958262676	-0.108823473369773	-0.526053431632449	negative	True	0.0190787948219398	0.572533918105129	0.0636475638462671	0.6969112536853	False	False	False	False	False	False	False	True	False	False
AVPR1A	AVPR1A	ENSMUSG00000020123	unique_symbol	1	1.40070703300995	1.74878213534469	0.3480751023347399	positive	1.36719988451678	1.70440172920181	0.33720184468503	positive	True	4.68394448484969e-11	1.02119863256075e-15	2.01078219483074e-10	5.899100226992841e-15	True	True	False	False	False	False	False	True	False	False
AW011738	AW011738	ENSMUSG00000078349	unique_symbol	1	0.0435743028330546	-0.389211915349104	-0.43278621818215857	negative	0.0642096134220465	-0.441170367075863	-0.5053799804979094	negative	True	0.794793708352487	7.722067480126e-05	0.673665615458953	2.69060125032708e-05	False	True	False	False	False	False	False	True	False	False
AZGP1	AZGP1	ENSMUSG00000037053	unique_symbol	1	-0.552949321646076	-1.08706674960515	-0.534117427959074	negative	-0.477723984063429	-0.956560770649344	-0.478836786585915	negative	True	0.357214684792622	0.0279109265334706	0.422216998330648	0.0619848038163735	False	False	False	False	False	False	False	True	False	False
B3GNT3	B3GNT3	ENSMUSG00000031803	unique_symbol	1	0.742740344497205	0.41439698623215	-0.32834335826505506	negative	0.817536736406349	0.363728925221148	-0.453807811185201	negative	True	0.000258682467741416	0.0646579894677349	0.0002014524269531	0.138070951216769	True	False	False	False	False	False	False	True	False	False
B4GALNT2	B4GALNT2	ENSMUSG00000013418	unique_symbol	1	0.441990012126637	0.847760953894762	0.405770941768125	positive					False	0.157305922937788	0.00225021306116391			False	False	False	False	False	False	False	False	False	False
B530045E10RIK	B530045E10RIK	ENSMUSG00000044633	unique_symbol	1	0.652418124600062	0.259588932517436	-0.392829192082626	negative					False	0.0428140881233753	0.521429635094421			False	False	False	False	False	False	False	False	False	False
BAIAP2L2	BAIAP2L2	ENSMUSG00000018126	unique_symbol	1	-0.601024923685965	-0.169916447747738	0.43110847593822704	positive	-0.518082071565414	0.0511531705183751	0.5692352420837891	positive	True	0.0379545987955497	0.651731347264843	0.142749907595844	0.9110953749433	False	False	False	False	False	False	False	True	False	False
BBOX1	BBOX1	ENSMUSG00000041660	unique_symbol	1	2.06261572666364	0.210236790166456	-1.852378936497184	negative					False	0.0155993331515672	0.88478011063013			False	False	False	False	False	False	False	False	False	False
BCL2L14	BCL2L14	ENSMUSG00000030200	unique_symbol	1	-0.627069957866984	-0.298421348051405	0.32864860981557903	positive	-0.626010898039066	-0.341111057407825	0.28489984063124096	positive	True	9.31130497191573e-09	0.0140135847545177	8.434910442825071e-09	0.0033481970458574	True	True	False	False	False	False	False	True	False	False
BGLAP	BGLAP	ENSMUSG00000074483	unique_symbol	1	-0.00114498428346588	-3.73982436991355	-3.738679385630084	negative	-0.139016140064111	-4.14014837650313	-4.001132236439019	negative	True	0.999581733552383	0.0202105009273747	0.95650270070728	0.0133206389028951	False	True	False	False	False	False	False	True	False	False
BGLAP2	BGLAP2	ENSMUSG00000074486	unique_symbol	1	0.222006504542745	-2.95361638167269	-3.175622886215435	negative	0.32350762712201	-2.86659829831299	-3.190105925435	negative	True	0.916951717557766	0.0192951838075514	0.862185776953913	0.0271958711859233	False	True	False	False	False	False	False	True	False	False
BGN	BGN	ENSMUSG00000031375	unique_symbol	1	0.486970326863641	-0.744550189103465	-1.231520515967106	negative	0.524675458669736	-0.806212133382684	-1.3308875920524201	negative	True	0.249177325816647	0.04673840811808	0.219080271846931	0.0367647683556084	False	True	False	False	False	False	False	True	False	False
BHMT2	BHMT2	ENSMUSG00000042118	unique_symbol	1	-0.463703030346447	-0.808520579981115	-0.34481754963466804	negative	-0.492524722119881	-0.919003587825486	-0.42647886570560495	negative	True	0.0774675663854561	0.000754193292489245	0.130427697935823	0.0016175530436758	False	True	False	False	False	False	False	True	False	False
BMNCR	BMNCR	ENSMUSG00000120798	unique_symbol	1	-0.00135891535818029	-0.754830486541001	-0.7534715711828207	negative	0.0140673127026384	-0.665028536424067	-0.6790958491267054	negative	True	0.998257342631964	0.0132916745895808	0.983632800727311	0.146905221603912	False	False	False	False	False	False	False	True	False	False
BMP1	BMP1	ENSMUSG00000022098	unique_symbol	1	0.850365390328623	0.366772711716693	-0.48359267861193	negative	0.879176210834739	0.395365251562899	-0.48381095927184	negative	True	5.51285860990473e-08	0.0386470064139083	3.52218566904237e-08	0.0235957312420523	True	True	False	False	False	False	False	True	False	False
BMP15	BMP15	ENSMUSG00000023279	unique_symbol	1	-0.90694742885832	-0.399214818328326	0.507732610529994	positive	-0.877193752923259	-0.409359010062321	0.46783474286093796	positive	True	1.21760712818695e-11	0.00654334976121768	3.92723158861849e-10	0.0064013434418779	True	True	False	False	False	False	False	True	False	False
BPIFC	BPIFC	ENSMUSG00000050108	unique_symbol	1	3.5080377812102	4.37461911584874	0.8665813346385405	positive	3.70456294148389	4.68662749620077	0.9820645547168798	positive	True	3.97321900520573e-22	1.28506460208604e-25	2.83712719984625e-17	2.14768155434862e-17	True	True	True	True	True	False	False	True	True	False
BVHT	BVHT	ENSMUSG00000098098	unique_symbol	1	0.0982053941001208	-0.293745890551388	-0.3919512846515088	negative	0.0413449401240308	-0.290958848380402	-0.33230378850443276	negative	True	0.544783282263179	0.013745245256651	0.821444509636234	0.0204825858656489	False	True	False	False	False	False	False	True	False	False
C030004G16RIK	C030004G16RIK	ENSMUSG00000117926	unique_symbol	1	4.02354583787641	2.90657108829608	-1.1169747495803306	negative	4.18026806650786	3.91017394086509	-0.27009412564277024	negative	True	7.05629342669078e-17	4.91082278644155e-14	5.93457379980261e-15	2.09677612964936e-15	True	True	False	False	False	False	False	True	False	False
C030013E06RIK	C030013E06RIK	ENSMUSG00000120603	unique_symbol	1	0.950298219027244	1.32148661965643	0.3711884006291861	positive					False	0.100942243985407	0.0200205051305576			False	False	False	False	False	False	False	False	False	False
C030015A19RIK	C030015A19RIK	ENSMUSG00000108181	unique_symbol	1	0.0888274923269081	0.565884197395537	0.47705670506862885	positive	0.0929661384608468	0.582238405315706	0.48927226685485925	positive	True	0.785156206489986	0.00537147450325922	0.713844172011038	0.0011935670759227	False	True	False	False	False	False	False	True	False	False
C1QTNF2	C1QTNF2	ENSMUSG00000046491	unique_symbol	1	0.112258805849114	-0.811202795180756	-0.92346160102987	negative	0.139140242903093	-0.828184625447631	-0.9673248683507241	negative	True	0.809629477844088	0.00372060002499407	0.734062125053107	0.0034600665529575	False	True	False	False	False	False	False	True	False	False
C1QTNF3	C1QTNF3	ENSMUSG00000058914	unique_symbol	1	0.427224943728554	-1.75587995746388	-2.1831049011924337	negative	0.572101650591682	-1.85889068867868	-2.430992339270362	negative	True	0.727706654417858	0.0320968837795194	0.592068948852203	0.0233714862960027	False	True	False	False	False	False	False	True	False	False
C1QTNF5	C1QTNF5	ENSMUSG00000079592	unique_symbol	1	0.344715820543397	-0.415606645870939	-0.760322466414336	negative					False	0.0888241096722773	0.027664265753604			False	False	False	False	False	False	False	False	False	False
C1QTNF7	C1QTNF7	ENSMUSG00000061535	unique_symbol	1	-0.243842362100291	-0.827450194775154	-0.583607832674863	negative	-0.249974203763683	-0.824105762990574	-0.574131559226891	negative	True	0.41799812055955	0.000217923146146044	0.335829003201304	6.87549181714309e-05	False	True	False	False	False	False	False	True	False	False
C230012O17RIK	C230012O17RIK	ENSMUSG00000046219	unique_symbol	1	1.06468458847351	1.38902911405156	0.32434452557804994	positive	1.07155497428344	1.29821046950118	0.22665549521773998	positive	True	4.66561896316967e-07	1.8443611161385e-11	0.0014654239695761	6.20701474673416e-05	True	True	False	False	False	False	False	True	False	False
C230014O12RIK	C230014O12RIK	ENSMUSG00000087461	unique_symbol	1	1.85677622462665	1.55053831826868	-0.3062379063579699	negative	2.17351075880945	1.50699050644719	-0.6665202523622602	negative	True	0.000143217704976105	0.0011453939632004	0.001601210625036	0.014748383717619	True	True	False	False	False	False	False	True	False	False
C230057A21RIK	C230057A21RIK	ENSMUSG00000103346	unique_symbol	1	-0.93110597011073	-1.3600507290882	-0.42894475897747	negative	-0.890211042008915	-2.06881460308479	-1.178603561075875	negative	True	0.0660940606670741	0.00370967926687192	0.171661038485203	0.0006449533955827	False	True	False	False	False	False	False	True	False	False
C430042M11RIK	C430042M11RIK	ENSMUSG00000097254	unique_symbol	1	-0.893687260271262	-0.395636979830732	0.49805028044053	positive	-0.629572422075594	-0.373478368330779	0.25609405374481503	positive	True	0.0335084973990828	0.380981837260437	0.346683704040962	0.571738725766516	False	False	False	False	False	False	False	True	False	False
C5AR1	C5AR1	ENSMUSG00000049130	unique_symbol	1	1.1060435428542	0.675967096495466	-0.4300764463587339	negative	1.12034779878702	0.671228629933396	-0.449119168853624	negative	True	2.39524237140743e-06	0.00663268719149969	1.22657369375982e-05	0.012581305249451	True	True	False	False	False	False	False	True	False	False
C730002L08RIK	C730002L08RIK	ENSMUSG00000114469	unique_symbol	1	0.0200195184726906	-0.355086354390281	-0.37510587286297165	negative					False	0.947578423142317	0.0418600992336789			False	False	False	False	False	False	False	False	False	False
C78859	C78859	ENSMUSG00000110710	unique_symbol	1	0.0623807181436782	0.664475441935995	0.6020947237923168	positive	0.0058712014768285	0.658708123220719	0.6528369217438905	positive	True	0.879446133598413	0.00576777678085875	0.986937918312432	0.0077424249957137	False	True	False	False	False	False	False	True	False	False
CACNA1G	CACNA1G	ENSMUSG00000020866	unique_symbol	1	0.348702503089682	-1.13569875696818	-1.484401260057862	negative	0.386336508753546	-1.09704525085192	-1.483381759605466	negative	True	0.617951498302359	0.023670156893229	0.540392698434848	0.0285913918000264	False	True	False	False	False	False	False	True	False	False
CACNA1I	CACNA1I	ENSMUSG00000022416	unique_symbol	1	-0.540263191043291	-0.04293735797619	0.497325833067101	positive	-0.528661628202305	-0.0416897586882985	0.4869718695140065	positive	True	0.000305404769964392	0.865128711249016	0.0016744802586814	0.865339806648528	True	False	False	False	False	False	False	True	False	False
CALCRL	CALCRL	ENSMUSG00000059588	unique_symbol	1	0.245888444656966	-0.132332754798807	-0.378221199455773	negative	0.245797736870891	-0.127760069301213	-0.373557806172104	negative	True	0.00776435525476059	0.202722228798671	0.0125599128181715	0.235179241060685	True	False	False	False	False	False	False	True	False	False
CALHM5	CALHM5	ENSMUSG00000049872	unique_symbol	1	0.57544216828105	0.0675527411445573	-0.5078894271364927	negative	0.608385208715718	0.0841062861985795	-0.5242789225171385	negative	True	5.01828161908802e-05	0.761604942131614	2.93799476015166e-05	0.671843115481688	True	False	False	False	False	False	False	True	False	False
CAND2	CAND2	ENSMUSG00000030319	unique_symbol	1	0.090124290853628	-0.21221421372952	-0.30233850458314804	negative	0.112290273975584	-0.244434096115993	-0.356724370091577	negative	True	0.33353197480355	0.00405597911934885	0.448841549092382	0.045716876276145	False	True	False	False	False	False	False	True	False	False
CAR3	CAR3	ENSMUSG00000027559	unique_symbol	1	-0.209610957998806	-1.93216765192642	-1.722556693927614	negative	-0.21742836058938	-2.02324518488976	-1.80581682430038	negative	True	0.886991713019088	0.0288713749003602	0.8671960240295	0.0220325578349088	False	True	False	False	False	False	False	True	False	False
CAR6	CAR6	ENSMUSG00000028972	unique_symbol	1	5.21534820911977	6.14084512667263	0.9254969175528602	positive	5.34219506930052	6.83728456097143	1.4950894916709094	positive	True	3.27211342243569e-13	1.99666781142934e-13	3.48142121272934e-08	2.8995842091989697e-11	True	True	False	False	False	False	False	True	False	False
CARTPT	CARTPT	ENSMUSG00000021647	unique_symbol	1	-0.212361023343922	-0.56986369796383	-0.3575026746199079	negative	-0.210935608793708	-0.60742325090387	-0.39648764211016196	negative	True	0.565886904118396	0.0411286413058315	0.497111598236971	0.0149217596882624	False	True	False	False	False	False	False	True	False	False
CASP7	CASP7	ENSMUSG00000025076	unique_symbol	1	0.497596474500392	0.156741936619713	-0.340854537880679	negative	0.570889060291877	0.123718970619012	-0.44717008967286503	negative	True	0.00993106236616548	0.52943001286639	0.0015899220018848	0.591045231938477	True	False	False	False	False	False	False	True	False	False
CASTOR1	CASTOR1	ENSMUSG00000020424	unique_symbol	1	0.0271826207451463	-0.366855045101691	-0.3940376658468373	negative	0.0628369248582647	-0.334718518091443	-0.3975554429497077	negative	True	0.910583516919887	0.00783952367223689	0.763499617852396	0.0263679718537373	False	True	False	False	False	False	False	True	False	False
CBLN4	CBLN4	ENSMUSG00000067578	unique_symbol	1	-0.170439917721362	-1.06585833448576	-0.8954184167643979	negative	-5.97332382696953e-05	-1.0741724049694	-1.0741126717311302	negative	True	0.81276382234146	0.0143446022858371	0.999980768623045	0.0159288703442112	False	True	False	False	False	False	False	True	False	False
CBR2	CBR2	ENSMUSG00000025150	unique_symbol	1	0.816882604066275	-0.125261336319457	-0.942143940385732	negative	0.824953849059755	-0.0995204830342194	-0.9244743320939743	negative	True	6.57127656124694e-05	0.677578240351228	0.0002279346567247	0.745319809455077	True	False	False	False	False	False	False	True	False	False
CCBE1	CCBE1	ENSMUSG00000046318	unique_symbol	1	-0.197331644709048	-0.781982627393153	-0.5846509826841051	negative	-0.169849614094506	-0.781681247202791	-0.6118316331082849	negative	True	0.493133378697238	9.8273599751749e-05	0.590857575085645	0.0005367096270825	False	True	False	False	False	False	False	True	False	False
CCDC121RT1	CCDC121RT1	ENSMUSG00000050625	unique_symbol	1	-0.189049818578061	-0.984593054470528	-0.795543235892467	negative	0.0233484040596005	-1.01779099112155	-1.0411393951811505	negative	True	0.800539618970701	0.0491170408257275	0.979132748173778	0.101408634127159	False	False	False	False	False	False	False	True	False	False
CCDC146	CCDC146	ENSMUSG00000064280	unique_symbol	1	0.55310328937211	-0.0532416870565535	-0.6063449764286635	negative					False	0.0435415427139544	0.90085845840098			False	False	False	False	False	False	False	False	False	False
CCDC152	CCDC152	ENSMUSG00000091119	unique_symbol	1	0.106680484818515	-0.280099416160648	-0.386779900979163	negative	-0.358870919624324	-0.40718344008607	-0.048312520461746	negative	True	0.538855152426662	0.033757245950326	0.421601489824881	0.315294233981358	False	False	False	False	False	False	False	True	False	False
CCDC178	CCDC178	ENSMUSG00000024306	unique_symbol	1	-0.628588691430947	-0.146661167310853	0.481927524120094	positive	-0.682413549991375	-0.531137260460119	0.15127628953125605	positive	True	0.019819936267321	0.691804627024831	0.141052349048589	0.245883395004172	False	False	False	False	False	False	False	True	False	False
CCDC180	CCDC180	ENSMUSG00000035539	unique_symbol	1	0.174004917111148	-0.980819592419131	-1.154824509530279	negative	1.16842030064643	0.474040549894473	-0.694379750751957	negative	True	0.7472858084984491	0.00558808639320079	0.242274220134968	0.68087037433718	False	False	False	False	False	False	False	True	False	False
CCDC24	CCDC24	ENSMUSG00000078588	unique_symbol	1	0.727676681124487	0.0444222275924776	-0.6832544535320094	negative					False	0.0299809034291805	0.932855450057254			False	False	False	False	False	False	False	False	False	False
CCDC80	CCDC80	ENSMUSG00000022665	unique_symbol	1	0.13335985542443	-0.680765517676453	-0.814125373100883	negative	0.155761567941448	-0.679309698385132	-0.83507126632658	negative	True	0.696021716188624	0.00236005791029007	0.544973204222252	0.0004296004314215	False	True	False	False	False	False	False	True	False	False
CCIN	CCIN	ENSMUSG00000070999	unique_symbol	1	1.48592008390375	0.948296400629108	-0.537623683274642	negative					False	0.00325423263568737	0.0694758072932866			False	False	False	False	False	False	False	False	False	False
CCKAR	CCKAR	ENSMUSG00000029193	unique_symbol	1	-0.239589596286801	0.133181205248044	0.372770801534845	positive	-0.235880449319713	0.137326312051098	0.373206761370811	positive	True	0.0404543239118049	0.315697426708655	0.0650040698946596	0.324680923795647	False	False	False	False	False	False	False	True	False	False
CCKBR	CCKBR	ENSMUSG00000030898	unique_symbol	1	4.82708076418308	5.4833586940833	0.6562779299002202	positive	5.49531729321819	6.17845771760935	0.6831404243911594	positive	True	4.89887687288376e-213	1.11683141597114e-241	4.08665076111395e-150	2.12020260188704e-146	True	True	True	True	True	False	False	True	True	False
CCL17	CCL17	ENSMUSG00000031780	unique_symbol	1	-2.42622730256855	0.110075479020243	2.5363027815887933	positive	-2.39230453672318	0.353210019699572	2.745514556422752	positive	True	0.00605024604184216	0.940828580234864	0.0107334603573494	0.786318911741601	True	False	False	False	False	False	False	True	False	False
CCL2	CCL2	ENSMUSG00000035385	unique_symbol	1	0.597665999187697	1.12863360834427	0.530967609156573	positive	0.631274639943785	1.17408247580308	0.5428078358592949	positive	True	0.197592609744647	0.00463449765500247	0.111753996722652	0.0009849035016562	False	True	False	False	False	False	False	True	False	False
CCL24	CCL24	ENSMUSG00000004814	unique_symbol	1	0.0488437599305292	-0.91808232871838	-0.9669260886489093	negative	0.105230438891854	-0.922214411645227	-1.027444850537081	negative	True	0.942222954676015	0.0190175174394261	0.889374074856244	0.0792221434802895	False	False	False	False	False	False	False	True	False	False
CCL9	CCL9	ENSMUSG00000019122	unique_symbol	1	0.752153899486378	0.243700734179335	-0.508453165307043	negative	0.804359970400353	0.240372967272417	-0.563987003127936	negative	True	0.0430502568667308	0.612680156028754	0.0113556408529335	0.534980985100027	True	False	False	False	False	False	False	True	False	False
CCN3	CCN3	ENSMUSG00000037362	unique_symbol	1	0.526176009365021	-1.04740362644481	-1.573579635809831	negative	0.56363045865664	-1.1339799304117	-1.6976103890683398	negative	True	0.250766566197959	0.00642584587381262	0.212256789268368	0.0037487053708666	False	True	False	False	False	False	False	True	False	False
CCN4	CCN4	ENSMUSG00000005124	unique_symbol	1	0.928012879343838	0.544012283385338	-0.3840005959585	negative	0.932813487514922	0.523270929604162	-0.40954255791076	negative	True	2.27583122614327e-18	6.84106787591763e-07	5.86880604647498e-17	4.5706078999032e-06	True	True	True	False	False	False	True	True	True	False
CCR1	CCR1	ENSMUSG00000025804	unique_symbol	1	1.20158594197802	0.650822328078724	-0.550763613899296	negative	1.24381813498831	0.667453949032281	-0.576364185956029	negative	True	0.00659284221692324	0.192072105097262	0.0015065535795291	0.116178587247241	True	False	False	False	False	False	False	True	False	False
CCR3	CCR3	ENSMUSG00000035448	unique_symbol	1	1.72194089402034	-0.0781373745700382	-1.8000782685903782	negative	1.80975182759511	-0.0525440288554872	-1.8622958564505974	negative	True	0.0004570598911734	0.923756689243063	0.0024164672597615	0.948914937643906	True	False	False	False	False	False	False	True	False	False
CCRL2	CCRL2	ENSMUSG00000043953	unique_symbol	1	0.704439093024449	0.152577975979527	-0.5518611170449219	negative	0.721598039241575	0.212451671832775	-0.5091463674087999	negative	True	0.0058706831188097	0.673993962450638	0.0085963424996188	0.533813295733221	True	False	False	False	False	False	False	True	False	False
CD109	CD109	ENSMUSG00000046186	unique_symbol	1	0.697624696275682	0.124358650730582	-0.5732660455451	negative	0.717149656087731	0.130878287367244	-0.586271368720487	negative	True	0.00633222846167296	0.739752210466522	0.0011024079711553	0.649784823066581	True	False	False	False	False	False	False	True	False	False
CD207	CD207	ENSMUSG00000034783	unique_symbol	1	3.54087698970461	4.52501367867959	0.9841366889749801	positive	3.72937979145642	4.92451715009523	1.19513735863881	positive	True	1.47287812219795e-42	7.69924272225866e-50	1.04821402380206e-35	8.221317704027911e-35	True	True	True	True	True	False	False	True	True	False
CD209A	CD209A	ENSMUSG00000031494	unique_symbol	1	0.868035940265836	0.31521113348613	-0.5528248067797059	negative	0.885653759937673	0.353839600596076	-0.531814159341597	negative	True	0.00916252541728113	0.446799340904734	0.0138094040211868	0.394870879232	True	False	False	False	False	False	False	True	False	False
CD300LD	CD300LD	ENSMUSG00000034641	unique_symbol	1	0.684071071747114	0.217432274356437	-0.46663879739067704	negative	0.702108074590097	0.191361343605108	-0.510746730984989	negative	True	0.026113043635974	0.585442654559622	0.0257724102153307	0.620263913310875	True	False	False	False	False	False	False	True	False	False
CD300LD4	CD300LD4	ENSMUSG00000069609	unique_symbol	1	1.23765051674558	0.0743286484846362	-1.1633218682609439	negative					False	0.0250581622758387	0.932012828899858			False	False	False	False	False	False	False	False	False	False
CD300LG	CD300LG	ENSMUSG00000017309	unique_symbol	1	0.41469538485946	-0.158853209099136	-0.573548593958596	negative	0.432879044778543	-0.138635159856964	-0.5715142046355071	negative	True	0.0174051903623412	0.461708359584126	0.0209506136173241	0.539333970794734	True	False	False	False	False	False	False	True	False	False
CD302	CD302	ENSMUSG00000060703	unique_symbol	1	0.49944802327577	-0.0308461704435606	-0.5302941937193306	negative	0.541753928503454	-0.0326833166081985	-0.5744372451116525	negative	True	0.0192739237672555	0.92823053114876	0.0150542263609672	0.918443867344993	True	False	False	False	False	False	False	True	False	False
CD68	CD68	ENSMUSG00000018774	unique_symbol	1	0.597188461619072	0.27422608659387	-0.32296237502520203	negative	0.644306410009983	0.279988423141549	-0.36431798686843403	negative	True	0.0409711204934093	0.426718281106344	0.0250876534543916	0.393966783399657	True	False	False	False	False	False	False	True	False	False
CD93	CD93	ENSMUSG00000027435	unique_symbol	1	0.461896956641715	0.152685812085526	-0.309211144556189	negative	0.485191963220636	0.145234549763974	-0.33995741345666197	negative	True	0.000420898594344832	0.355413849014588	0.0001999904035189	0.361090928958011	True	False	False	False	False	False	False	True	False	False
CDCP2	CDCP2	ENSMUSG00000047636	unique_symbol	1	-0.896572140329472	-0.504367882093688	0.392204258235784	positive	-1.4977092330321	-0.554422795126781	0.943286437905319	positive	True	0.0465461183078759	0.311753801726469	0.0268877491648347	0.488132703922401	True	False	False	False	False	False	False	True	False	False
CDHR17	CDHR17	ENSMUSG00000109903	unique_symbol	1	5.76978292489196	4.10932241751123	-1.66046050738073	negative					False	2.10294004381416e-07	9.97498473297458e-05			False	False	False	False	False	False	False	False	False	False
CDK2	CDK2	ENSMUSG00000025358	unique_symbol	1	0.320919389855939	-0.187800322745262	-0.508719712601201	negative	0.2852548632439	-0.175851919742627	-0.46110678298652696	negative	True	0.0442753441890448	0.25733176027978	0.0928704317146581	0.288252660109299	False	False	False	False	False	False	False	True	False	False
CDKL1	CDKL1	ENSMUSG00000020990	unique_symbol	1	-0.685391212533636	-0.380539281709986	0.30485193082365	positive	-0.689859454432012	-0.424897981022325	0.264961473409687	positive	True	2.61759641671331e-13	0.000116301596908093	1.77075319844991e-10	0.0001447965046235	True	True	False	False	False	False	False	True	False	False
CDO1	CDO1	ENSMUSG00000033022	unique_symbol	1	-0.245873946100137	-0.585675216165484	-0.339801270065347	negative	-0.224197037191555	-0.591889498954364	-0.367692461762809	negative	True	0.0714101982423475	5.0428596770822e-07	0.121183450775198	1.47241645773891e-06	False	True	False	False	False	False	False	True	False	False
CDON	CDON	ENSMUSG00000038119	unique_symbol	1	0.142124581520032	-0.68776125458308	-0.8298858361031121	negative	0.155851737425078	-0.70412643875012	-0.859978176175198	negative	True	0.740631395603468	0.0147657669267373	0.650763007629039	0.0056402700104216	False	True	False	False	False	False	False	True	False	False
CDT1	CDT1	ENSMUSG00000006585	unique_symbol	1	1.23423361161926	0.815641506227096	-0.41859210539216407	negative	1.25121180373548	0.770290500327677	-0.48092130340780304	negative	True	3.89983250288621e-13	2.88151373698164e-06	8.20359206340732e-13	1.39942824514278e-05	True	True	False	False	False	False	False	True	False	False
CENPK	CENPK	ENSMUSG00000021714	unique_symbol	1	-0.164047666934793	-0.525005107344223	-0.36095744040943	negative	-0.166161903831563	-0.701139526097183	-0.53497762226562	negative	True	0.432432493708762	0.000624688463755496	0.567965059601613	0.0013067482434442	False	True	False	False	False	False	False	True	False	False
CES1D	CES1D	ENSMUSG00000056973	unique_symbol	1	-0.658511343514682	-2.08225657476289	-1.423745231248208	negative	-0.67301137364327	-2.14546973173893	-1.4724583580956603	negative	True	0.634024756669705	0.0380310746818677	0.59935491824638	0.0328542990127605	False	True	False	False	False	False	False	True	False	False
CES2G	CES2G	ENSMUSG00000031877	unique_symbol	1	0.462137167606304	-0.328050029747417	-0.790187197353721	negative	0.477354366026076	-0.337281919658153	-0.8146362856842291	negative	True	0.023157482447977	0.1262240127968	0.0207135267909913	0.111407147447751	True	False	False	False	False	False	False	True	False	False
CES4A	CES4A	ENSMUSG00000060560	unique_symbol	1	0.229225981984379	0.825732965072408	0.596506983088029	positive	0.622943171370406	0.87994010114512	0.256996929774714	positive	True	0.628408382915817	0.0130916242751549	0.280435108269507	0.0767847855414228	False	False	False	False	False	False	False	True	False	False
CFAP141	CFAP141	ENSMUSG00000118506	unique_symbol	1	0.726484967492952	0.24385652616538	-0.482628441327572	negative					False	0.0476381778640534	0.626624299316298			False	False	False	False	False	False	False	False	False	False
CFAP70	CFAP70	ENSMUSG00000039543	unique_symbol	1	-0.0419780723187109	-0.439920409655233	-0.39794233733652207	negative	-0.0503875144153429	-0.389090654906852	-0.3387031404915091	negative	True	0.870413786318029	0.00242640902640563	0.844779299136002	0.027159485437291	False	True	False	False	False	False	False	True	False	False
CFHR2	CFHR2	ENSMUSG00000033898	unique_symbol	1	1.05977384343935	-0.0157205969622801	-1.07549444040163	negative					False	0.039056867104462	0.984909207915798			False	False	False	False	False	False	False	False	False	False
CHAD	CHAD	ENSMUSG00000039084	unique_symbol	1	0.427920292279731	-2.55880265004778	-2.986722942327511	negative	0.448657308323529	-2.64264862875392	-3.0913059370774487	negative	True	0.633786359720568	1.0531893970177e-05	0.579600767063001	5.7383618326055e-06	False	True	False	False	False	False	False	True	False	False
CHEK1	CHEK1	ENSMUSG00000032113	unique_symbol	1	0.499662430498134	0.135089380523744	-0.36457304997439	negative	0.571598796711905	0.103063278292638	-0.46853551841926705	negative	True	0.000247843068939741	0.438966946688662	0.0003679009380014	0.609514913958112	True	False	False	False	False	False	False	True	False	False
CHRD	CHRD	ENSMUSG00000006958	unique_symbol	1	0.0250530113745937	-0.862297588787816	-0.8873506001624097	negative	0.106776295459448	-0.946481503313864	-1.053257798773312	negative	True	0.971197545302531	0.0273646981200291	0.857610510862802	0.0162029163647827	False	True	False	False	False	False	False	True	False	False
CHRNA10	CHRNA10	ENSMUSG00000066279	unique_symbol	1	-0.827343594901588	-0.443561367630301	0.383782227271287	positive	-0.777391136854107	-0.368357581742389	0.409033555111718	positive	True	2.99896583260578e-05	0.0444941849644941	0.0002750081289915	0.123925195585592	True	False	False	False	False	False	False	True	False	False
CHRNA4	CHRNA4	ENSMUSG00000027577	unique_symbol	1	-0.000487196825797159	0.573287333251988	0.5737745300777851	positive	0.0301410658996936	0.567232737544078	0.5370916716443844	positive	True	0.998257342631964	2.02514989757471e-08	0.862933794543766	2.40553479895744e-07	False	True	False	False	False	False	False	True	False	False
CHST4	CHST4	ENSMUSG00000035930	unique_symbol	1	2.71505989133455	3.77682998458764	1.0617700932530902	positive	2.84359874270379	4.5452284363996	1.7016296936958097	positive	True	5.43446153807403e-15	4.44356261883406e-19	2.8052451150586197e-11	1.59803326872942e-11	True	True	False	False	False	False	False	True	False	False
CIB3	CIB3	ENSMUSG00000074240	unique_symbol	1	-0.31684602668848	0.926558203772515	1.243404230460995	positive	-0.45388919307095	0.74665710467157	1.20054629774252	positive	True	0.558959188281474	0.0322043936221408	0.406234693091529	0.152491704738478	False	False	False	False	False	False	False	True	False	False
CIDEA	CIDEA	ENSMUSG00000024526	unique_symbol	1	-0.0887193853877106	-0.573325622713315	-0.48460623732560437	negative	-0.0334369965661615	-0.542273527846954	-0.5088365312807925	negative	True	0.754238458643695	0.00114451746739789	0.910975288683656	0.0045573773220336	False	True	False	False	False	False	False	True	False	False
CIMAP1C	CIMAP1C	ENSMUSG00000045620	unique_symbol	1	-0.300812250894443	-0.939377483184119	-0.638565232289676	negative	-0.258001964854327	-0.761443218864057	-0.5034412540097299	negative	True	0.621875834621662	0.0439142047737409	0.745136919869464	0.268714372984603	False	False	False	False	False	False	False	True	False	False
CIROP	CIROP	ENSMUSG00000114865	unique_symbol	1	0.0439072534109295	-1.32517421178532	-1.3690814651962495	negative					False	0.967750459667614	0.0241176206813807			False	False	False	False	False	False	False	False	False	False
CITED2	CITED2	ENSMUSG00000039910	unique_symbol	1	1.14336522603794	0.709016238597918	-0.43434898744002215	negative	1.19629723383933	0.725099197255428	-0.471198036583902	negative	True	1.64293287295702e-21	9.90964041731023e-09	1.16839928632413e-22	6.759478707373751e-09	True	True	True	False	False	False	True	True	True	False
CKM	CKM	ENSMUSG00000030399	unique_symbol	1	0.67296685948767	-3.49733154437415	-4.17029840386182	negative	0.723188543925713	-3.88431304333763	-4.607501587263343	negative	True	0.800955368072952	0.0437464846350606	0.77355541391867	0.032432937428245	False	True	False	False	False	False	False	True	False	False
CLCA1	CLCA1	ENSMUSG00000028255	unique_symbol	1	3.27251753219739	3.82457942482227	0.5520618926248804	positive	3.56382903617989	4.04431837275088	0.4804893365709897	positive	True	6.24881122147879e-34	8.86658508704464e-38	9.65807921186733e-31	7.92855502377066e-29	True	True	True	True	True	False	False	True	True	False
CLCF1	CLCF1	ENSMUSG00000040663	unique_symbol	1	1.03113669265199	0.726606029305005	-0.3045306633469851	negative	1.03138126247142	0.781118265396837	-0.250262997074583	negative	True	0.00398796212398027	0.0530689175241303	0.0063539443002388	0.0470279236020068	True	True	False	False	False	False	False	True	False	False
CLEC11A	CLEC11A	ENSMUSG00000004473	unique_symbol	1	0.587272600189736	-0.836889826228901	-1.424162426418637	negative	0.621729437432622	-0.85682998348515	-1.478559420917772	negative	True	0.193678780999098	0.0397517265838506	0.108843984602034	0.0160501486155628	False	True	False	False	False	False	False	True	False	False
CLEC14A	CLEC14A	ENSMUSG00000045930	unique_symbol	1	0.517568315513782	0.0108207406715511	-0.5067475748422309	negative	0.508498965580832	0.0115290873585645	-0.49696987822226746	negative	True	0.00929629858747381	0.974624820485541	0.0154015381375193	0.969795810868712	True	False	False	False	False	False	False	True	False	False
CLEC4A2	CLEC4A2	ENSMUSG00000030148	unique_symbol	1	0.620941153427295	0.10313307601581	-0.5178080774114849	negative	0.674859627967814	0.106274972627831	-0.5685846553399829	negative	True	0.0233062716555553	0.800510057972753	0.0120487211380216	0.766043906807499	True	False	False	False	False	False	False	True	False	False
CLEC4A3	CLEC4A3	ENSMUSG00000043832	unique_symbol	1	0.607075213391105	-0.00752373194374866	-0.6145989453348537	negative	0.663640247694457	0.071315739255597	-0.59232450843886	negative	True	0.045443056703158	0.987672983802163	0.055433842555971	0.878922133178463	False	False	False	False	False	False	False	True	False	False
CLEC4N	CLEC4N	ENSMUSG00000023349	unique_symbol	1	1.2359672172534	0.924253711965272	-0.311713505288128	negative	1.32844919195643	0.997048669840222	-0.3314005221162081	negative	True	0.00209208413039477	0.0281306565579666	0.0032979896164917	0.0322652955021778	True	True	False	False	False	False	False	True	False	False
CLIC4	CLIC4	ENSMUSG00000037242	unique_symbol	1	0.701330632567899	0.386716107153569	-0.31461452541432994	negative	0.750080674115347	0.433844716954048	-0.31623595716129893	negative	True	4.29688237307632e-12	0.000335503533865698	1.26649808423877e-12	8.85324148412947e-05	True	True	False	False	False	False	False	True	False	False
CMAH	CMAH	ENSMUSG00000016756	unique_symbol	1	0.605305834541259	0.241863376817934	-0.36344245772332495	negative	0.609832209815952	0.254465014199302	-0.35536719561665	negative	True	0.00846060652642047	0.388600171922922	0.0342870777288794	0.442834038049463	True	False	False	False	False	False	False	True	False	False
CMYA5	CMYA5	ENSMUSG00000047419	unique_symbol	1	0.288604359342825	-2.4684286706895	-2.757033030032325	negative	0.325508705280806	-2.4699433348838	-2.795452040164606	negative	True	0.875638414463674	0.0265568603184589	0.83624223737176	0.0243326027226803	False	True	False	False	False	False	False	True	False	False
CNKSR1	CNKSR1	ENSMUSG00000028841	unique_symbol	1	2.0415252729302	0.587682120708426	-1.4538431522217738	negative	1.99184144089025	0.603815815751838	-1.388025625138412	negative	True	0.00900849348615059	0.560334416157388	0.0150432144107532	0.531805365004372	True	False	False	False	False	False	False	True	False	False
CNKSR3	CNKSR3	ENSMUSG00000015202	unique_symbol	1	0.547056274341237	0.162312054317603	-0.38474422002363406	negative	0.533731972632614	0.159868726611276	-0.37386324602133797	negative	True	1.88202873756357e-08	0.167223537196049	1.27254926801364e-07	0.169944386756812	True	False	False	False	False	False	False	True	False	False
COL14A1	COL14A1	ENSMUSG00000022371	unique_symbol	1	0.345464047385391	-0.027725315430488	-0.373189362815879	negative	0.352890891463253	-0.0405552311668541	-0.3934461226301071	negative	True	0.0163454553953416	0.905620045625979	0.0169726813118204	0.842139185255983	True	False	False	False	False	False	False	True	False	False
COL16A1	COL16A1	ENSMUSG00000040690	unique_symbol	1	0.99939729804494	0.647363837100302	-0.35203346094463805	negative	1.02584281168416	0.676411803583624	-0.34943100810053607	negative	True	6.60324253537649e-12	1.97957466802469e-05	2.04360084094513e-12	7.03273821243746e-06	True	True	False	False	False	False	False	True	False	False
COL25A1	COL25A1	ENSMUSG00000058897	unique_symbol	1	-0.27259273085799	-0.932231381181162	-0.6596386503231719	negative	-0.286542882388032	-0.949608088084322	-0.66306520569629	negative	True	0.492171382416935	0.00125353240185168	0.373403610867546	0.0002003021359587	False	True	False	False	False	False	False	True	False	False
COL2A1	COL2A1	ENSMUSG00000022483	unique_symbol	1	-0.350193802203769	-2.71167214711301	-2.3614783449092407	negative	-0.334447921487258	-2.73262400574632	-2.398176084259062	negative	True	0.833839428362259	0.00771596506727775	0.820031740586564	0.0061518678514841	False	True	False	False	False	False	False	True	False	False
COL4A5	COL4A5	ENSMUSG00000031274	unique_symbol	1	0.150735792843882	-0.465548898280288	-0.61628469112417	negative	0.152733286361722	-0.474024676245868	-0.6267579626075901	negative	True	0.602625835472124	0.0254052794555977	0.596979917078147	0.0326159817085223	False	True	False	False	False	False	False	True	False	False
COL4A6	COL4A6	ENSMUSG00000031273	unique_symbol	1	0.0190249644335631	-1.186425393999	-1.205450358432563	negative	-0.186751834957209	-1.58093026173059	-1.394178426773381	negative	True	0.985380742393553	0.0288868804330512	0.861609140539247	0.025860467480647	False	True	False	False	False	False	False	True	False	False
COL6A2	COL6A2	ENSMUSG00000020241	unique_symbol	1	0.478341719156834	-1.05131091838551	-1.529652637542344	negative	0.505220839313933	-1.08110466125597	-1.586325500569903	negative	True	0.417869812681561	0.0271107045112223	0.359539469911863	0.0214104557421353	False	True	False	False	False	False	False	True	False	False
COL6A5	COL6A5	ENSMUSG00000091345	unique_symbol	1	2.10931352611768	1.34069520561839	-0.7686183204992898	negative	2.07536029717196	1.31665290075447	-0.7587073964174897	negative	True	5.28966941076453e-10	0.000142086842851736	2.50308071391034e-08	0.0005761112066433	True	True	False	False	False	False	False	True	False	False
COL8A2	COL8A2	ENSMUSG00000056174	unique_symbol	1	0.529427928858612	-1.20669536248426	-1.7361232913428721	negative	0.553948438464206	-1.23346425397107	-1.787412692435276	negative	True	0.37233572868846	0.0113937172925483	0.314609360167982	0.008228171135908	False	True	False	False	False	False	False	True	False	False
COL9A1	COL9A1	ENSMUSG00000026147	unique_symbol	1	-0.457854844788175	-3.28842260763417	-2.8305677628459947	negative	-0.592957555009084	-3.27498607908389	-2.6820285240748056	negative	True	0.73839516516843	9.48096542632561e-05	0.639145414825535	0.0002423459421518	False	True	False	False	False	False	False	True	False	False
COMP	COMP	ENSMUSG00000031849	unique_symbol	1	-0.128113500212015	-1.3316336930973	-1.203520192885285	negative	-0.0964284406440806	-1.36675578381564	-1.2703273431715594	negative	True	0.790007419025446	1.93443395448195e-06	0.829974738436552	1.66053708746379e-06	False	True	False	False	False	False	False	True	False	False
COPZ2	COPZ2	ENSMUSG00000018672	unique_symbol	1	0.225009409024053	-0.358682670700854	-0.583692079724907	negative	0.25402958195837	-0.388449538165693	-0.6424791201240629	negative	True	0.202157658975648	0.0204186036433162	0.152886691614817	0.0148500165382038	False	True	False	False	False	False	False	True	False	False
CPM	CPM	ENSMUSG00000020183	unique_symbol	1	-0.16760896036002	-1.04211715774178	-0.8745081973817601	negative	-0.144887302377169	-1.05567445013063	-0.910787147753461	negative	True	0.841163040918498	0.0485411329854772	0.833353497467418	0.0256614157704603	False	True	False	False	False	False	False	True	False	False
CPQ	CPQ	ENSMUSG00000039007	unique_symbol	1	0.128904973402435	-0.344282289474143	-0.47318726287657803	negative	0.143489106732832	-0.344181998252189	-0.487671104985021	negative	True	0.530449222532553	0.0267695312249394	0.45144768912698	0.0291706224475027	False	True	False	False	False	False	False	True	False	False
CRH	CRH	ENSMUSG00000049796	unique_symbol	1	2.62912946824427	3.14021751187838	0.5110880436341101	positive	3.19905409866093	3.28913307823708	0.09007897957615008	positive	True	6.93234563396599e-10	4.88877687674663e-12	4.78494492663388e-10	1.8551682077941101e-09	True	True	False	False	False	False	False	True	False	False
CRHBP	CRHBP	ENSMUSG00000021680	unique_symbol	1	-0.501194672872302	-0.151439663477074	0.349755009395228	positive	-0.46493861757334	-0.178333961163137	0.286604656410203	positive	True	0.0151158674919736	0.589254906288417	0.0564692114571669	0.545014939798275	False	False	False	False	False	False	False	True	False	False
CRIM1	CRIM1	ENSMUSG00000024074	unique_symbol	1	-0.00950841446303444	-0.444799169899134	-0.4352907554360995	negative	-0.0150562307295668	-0.444506369457352	-0.4294501387277852	negative	True	0.970075887205272	0.00110997137066597	0.94485518685197	0.0011308851901105	False	True	False	False	False	False	False	True	False	False
CRIP1	CRIP1	ENSMUSG00000006360	unique_symbol	1	0.0219716589751471	-0.290899342009323	-0.31287100098447007	negative	0.0202842730647005	-0.301627178079004	-0.3219114511437045	negative	True	0.923905426547726	0.0329706134974488	0.927329977489176	0.0386961020533122	False	True	False	False	False	False	False	True	False	False
CRISPLD1	CRISPLD1	ENSMUSG00000025776	unique_symbol	1	0.27664056077775	-0.0461125494684007	-0.3227531102461507	negative	0.322617458402978	-0.0708238122264041	-0.3934412706293821	negative	True	0.0453420424211997	0.819159072728572	0.0159705505810613	0.674737060577369	True	False	False	False	False	False	False	True	False	False
CROCC2	CROCC2	ENSMUSG00000084989	unique_symbol	1	0.964244537356184	0.310996155711035	-0.653248381645149	negative	1.28622017505075	0.0858481659784443	-1.2003720090723058	negative	True	0.0309134976437635	0.579679436730782	0.0454551379755595	0.919559568531812	True	False	False	False	False	False	False	True	False	False
CRYBG1	CRYBG1	ENSMUSG00000019866	unique_symbol	1	0.903823019050248	0.57870840723617	-0.32511461181407797	negative	1.1681433534137	0.641471368166303	-0.526671985247397	negative	True	1.21587018167971e-05	0.00843617530221076	1.30807526300414e-06	0.0127490299054684	True	True	False	False	False	False	False	True	False	False
CRYGA	CRYGA	ENSMUSG00000044429	unique_symbol	1	-1.77950554717313	0.0918952128283407	1.8714007600014708	positive					False	0.0369723370932711	0.940878054460739			False	False	False	False	False	False	False	False	False	False
CSRP2	CSRP2	ENSMUSG00000020186	unique_symbol	1	0.119369568706676	-0.23061004555913	-0.34997961426580604	negative	0.154034305712151	-0.234483770999216	-0.38851807671136696	negative	True	0.282503531627133	0.0127513665750133	0.152675097882246	0.0152453533619403	False	True	False	False	False	False	False	True	False	False
CTSC	CTSC	ENSMUSG00000030560	unique_symbol	1	0.49705168402332	0.191491814600851	-0.30555986942246904	negative	0.536083488213551	0.21326431536067	-0.322819172852881	negative	True	0.0368143984322367	0.518673954553863	0.007533427067361	0.362248033423984	True	False	False	False	False	False	False	True	False	False
CXCL12	CXCL12	ENSMUSG00000061353	unique_symbol	1	0.673604274517992	0.340633867018852	-0.33297040749914	negative	0.696873694503155	0.350220145214146	-0.34665354928900893	negative	True	9.36407864747225e-05	0.080106407523672	9.27923655486732e-06	0.0421960000664429	True	True	False	False	False	False	False	True	False	False
CXCL14	CXCL14	ENSMUSG00000021508	unique_symbol	1	1.22054501934343	0.68334095723705	-0.5372040621063799	negative	1.21766445842469	0.630477993009795	-0.587186465414895	negative	True	0.000201676580473891	0.0591111960460097	0.0005943404498023	0.102305283931128	True	False	False	False	False	False	False	True	False	False
CYP24A1	CYP24A1	ENSMUSG00000038567	unique_symbol	1	2.98286870247029	5.09568259355572	2.1128138910854304	positive	2.7762262348457	5.0392111047183	2.2629848698725996	positive	True	6.50561107275208e-06	4.00258791235584e-07	0.0005203435984503	4.42088962476304e-06	True	True	False	False	False	False	False	True	False	False
CYP26B1	CYP26B1	ENSMUSG00000063415	unique_symbol	1	-0.224899803210717	-1.44176208837078	-1.216862285160063	negative	-0.211353159165454	-1.48388260097072	-1.272529441805266	negative	True	0.821459676524298	0.0213437380060537	0.813026043516826	0.0167581176883146	False	True	False	False	False	False	False	True	False	False
CYP27A1	CYP27A1	ENSMUSG00000026170	unique_symbol	1	-0.174635350321431	-0.581295021065793	-0.40665967074436205	negative	-0.182717544042905	-0.65140040763222	-0.468682863589315	negative	True	0.671501499374064	0.0465723758383115	0.642131079847736	0.0290837682727552	False	True	False	False	False	False	False	True	False	False
CYP4A32	CYP4A32	ENSMUSG00000063929	unique_symbol	1	2.52094153754292	3.16002165325348	0.6390801157105601	positive					False	1.55545082043771e-12	7.05190456460915e-18			False	False	False	False	False	False	False	False	False	False
CYP4F39	CYP4F39	ENSMUSG00000061126	unique_symbol	1	-0.254553842550655	0.0707044032239586	0.3252582457746136	positive	-0.247777982535416	0.0565457738514493	0.3043237563868653	positive	True	0.00964996653289435	0.592673280037562	0.0133397663941672	0.657969077930769	True	False	False	False	False	False	False	True	False	False
CYP4V3	CYP4V3	ENSMUSG00000079057	unique_symbol	1	-0.022893211526243	-0.339480492514083	-0.31658728098784	negative	0.0089084390353891	-0.332623953415078	-0.3415323924504671	negative	True	0.905827822005123	0.00153729236701131	0.956821759873379	0.0010462280889366	False	True	False	False	False	False	False	True	False	False
CYP8B1	CYP8B1	ENSMUSG00000050445	unique_symbol	1	3.43813321255395	-0.70218896856356	-4.14032218111751	negative					False	0.0172303554882841	0.563013332780724			False	False	False	False	False	False	False	False	False	False
CYSLTR1	CYSLTR1	ENSMUSG00000052821	unique_symbol	1	0.729466673751913	0.0916790156460172	-0.6377876581058958	negative	0.799590994622547	0.145611601814862	-0.653979392807685	negative	True	0.0243210748540445	0.853568090791771	0.0233266808979192	0.746670238769706	True	False	False	False	False	False	False	True	False	False
CYSLTR2	CYSLTR2	ENSMUSG00000033470	unique_symbol	1	-0.0632470365650393	0.267468047177509	0.3307150837425483	positive	-0.0508933753431481	0.273780350434071	0.3246737257772191	positive	True	0.659444782902757	0.00639591557069558	0.761568018950204	0.0253907226075086	False	True	False	False	False	False	False	True	False	False
CYTL1	CYTL1	ENSMUSG00000062329	unique_symbol	1	-0.660357867613839	-2.22648716208484	-1.566129294471001	negative	-0.65058358546605	-2.23880682660728	-1.5882232411412298	negative	True	0.493982945133814	0.0015280522814092	0.477928284332028	0.0016952347321709	False	True	False	False	False	False	False	True	False	False
D030018L15RIK	D030018L15RIK	ENSMUSG00000078925	unique_symbol	1	2.28954997855416	1.63967617249285	-0.6498738060613101	negative					False	0.00335520496664583	0.0389806023776331			False	False	False	False	False	False	False	False	False	False
D330037F02RIK	D330037F02RIK	ENSMUSG00000111398	unique_symbol	1	-0.689382643558795	-0.245042491360808	0.44434015219798695	positive	-0.725103702590377	-0.212408654440424	0.512695048149953	positive	True	0.00180340266145899	0.36414762245086	0.0071727395074777	0.508085334695839	True	False	False	False	False	False	False	True	False	False
D630002J18RIK	D630002J18RIK	ENSMUSG00000097293	unique_symbol	1	0.774074748515165	0.101911496990922	-0.672163251524243	negative	1.09271430854312	0.344796465979652	-0.7479178425634678	negative	True	0.00751127108211304	0.818064965725495	0.0109320497643806	0.515803240241287	True	False	False	False	False	False	False	True	False	False
D630039A03RIK	D630039A03RIK	ENSMUSG00000052117	unique_symbol	1	0.984421961780208	1.32379845264781	0.3393764908676019	positive					False	5.11480197046626e-06	4.18319596208072e-10			False	False	False	False	False	False	False	False	False	False
D930020B18RIK	D930020B18RIK	ENSMUSG00000047642	unique_symbol	1	-1.43917531362713	0.111929834988139	1.551105148615269	positive					False	0.013896186679249	0.893878195445961			False	False	False	False	False	False	False	False	False	False
D930048N14RIK	D930048N14RIK	ENSMUSG00000052563	unique_symbol	1	-0.683248736182334	-0.0526524599415802	0.6305962762407538	positive	-0.686235252334218	-0.148334252445413	0.537900999888805	positive	True	0.0248573815904822	0.914766469940024	0.0495367787940329	0.73607139811992	True	False	False	False	False	False	False	True	False	False
DAB2	DAB2	ENSMUSG00000022150	unique_symbol	1	0.624307103687141	-0.0339704706956256	-0.6582775743827667	negative	0.650469117781862	-0.0137368709857052	-0.6642059887675672	negative	True	0.0246426018470988	0.939187670886364	0.0271309448871478	0.974500557381359	True	False	False	False	False	False	False	True	False	False
DAPL1	DAPL1	ENSMUSG00000026989	unique_symbol	1	0.270890821976967	-1.75920617713464	-2.030096999111607	negative	0.418453086106978	-1.75753273843242	-2.175985824539398	negative	True	0.838259817195377	0.0339790058839688	0.709933110672174	0.0338890465350517	False	True	False	False	False	False	False	True	False	False
DBHOS	DBHOS	ENSMUSG00000085008	unique_symbol	1	1.44592835450777	1.98401882868673	0.53809047417896	positive	2.0413892433503	2.63706539043227	0.5956761470819698	positive	True	1.81522627577736e-05	1.32152492708075e-08	0.0009250517818389	5.56369360305351e-05	True	True	False	False	False	False	False	True	False	False
DCC	DCC	ENSMUSG00000060534	unique_symbol	1	0.0798145919501193	-0.836534558249061	-0.9163491501991803	negative	0.0744441338975096	-0.90875674273412	-0.9832008766316296	negative	True	0.830770342366816	8.99127126238198e-05	0.842496379865836	0.0001146856975275	False	True	False	False	False	False	False	True	False	False
DCHS1	DCHS1	ENSMUSG00000036862	unique_symbol	1	0.477735788088313	-0.0443445263508481	-0.5220803144391611	negative	0.506818910963396	-0.0403399414558223	-0.5471588524192184	negative	True	0.00187173959796063	0.860150455071153	0.0081858232510742	0.8835468986571	True	False	False	False	False	False	False	True	False	False
DCPP2	DCPP2	ENSMUSG00000096278	unique_symbol	1	5.95127424338919	4.54018135660168	-1.41109288678751	negative					False	2.65701830408401e-10	8.10188297725283e-11			False	False	False	False	False	False	False	False	False	False
DCT	DCT	ENSMUSG00000022129	unique_symbol	1	2.25451886022294	1.02913513421707	-1.22538372600587	negative	2.34844919773946	1.14603641137238	-1.20241278636708	negative	True	0.0195985751415048	0.347434005573351	0.0288259414487404	0.310249761308486	True	False	False	False	False	False	False	True	False	False
DDR2	DDR2	ENSMUSG00000026674	unique_symbol	1	0.565136766845077	-0.385994276029012	-0.9511310428740889	negative	0.586980750912428	-0.378661044872129	-0.9656417957845569	negative	True	0.0444243878036229	0.202808434579162	0.0476166524196768	0.231054769430354	True	False	False	False	False	False	False	True	False	False
DEFB30	DEFB30	ENSMUSG00000075571	unique_symbol	1	-0.455756425851048	-0.145061228366504	0.310695197484544	positive					False	0.00367704229518087	0.475426549393234			False	False	False	False	False	False	False	False	False	False
DEFB36	DEFB36	ENSMUSG00000044863	unique_symbol	1	1.59101946192848	0.318738254902731	-1.272281207025749	negative					False	0.0147757284528142	0.695146071818997			False	False	False	False	False	False	False	False	False	False
DGKK	DGKK	ENSMUSG00000062393	unique_symbol	1	-0.595204195820502	-0.0846101410998491	0.5105940547206529	positive	-0.603682206807993	-0.115654305831877	0.48802790097611604	positive	True	0.00105310553375361	0.763359893815035	0.0020310707927686	0.654127744846543	True	False	False	False	False	False	False	True	False	False
DHRS7C	DHRS7C	ENSMUSG00000033044	unique_symbol	1	0.480493764662469	-3.17830613458062	-3.658799899243089	negative	0.499266670107061	-3.43648672774506	-3.935753397852121	negative	True	0.813436889892526	0.0130460272420365	0.821425963995699	0.0283774483621426	False	True	False	False	False	False	False	True	False	False
DIO3	DIO3	ENSMUSG00000075707	unique_symbol	1	1.60410529640395	0.491165122462574	-1.112940173941376	negative	1.680130009815	0.44768625749801	-1.23244375231699	negative	True	0.000150949331647336	0.332119661004978	0.0003893333142809	0.402890846229795	True	False	False	False	False	False	False	True	False	False
DKKL1	DKKL1	ENSMUSG00000030792	unique_symbol	1	0.00399573519622811	0.405621505295193	0.4016257700989649	positive	0.0544940254939501	0.420513901891654	0.3660198763977039	positive	True	0.98988653077695	0.0146528361455415	0.837959638963368	0.0247230507101644	False	True	False	False	False	False	False	True	False	False
DLK2	DLK2	ENSMUSG00000047428	unique_symbol	1	0.575027229791283	1.42592793471655	0.8509007049252671	positive	1.43255214883831	2.49993281645796	1.0673806676196502	positive	True	0.381012460406498	0.0143244894925621	0.078338547014096	0.0040295120813462	False	True	False	False	False	False	False	True	False	False
DLX4OS	DLX4OS	ENSMUSG00000086552	unique_symbol	1	-0.172019843427785	-1.52003139153153	-1.348011548103745	negative					False	0.87260240727635	0.0236573465825641			False	False	False	False	False	False	False	False	False	False
DMKN	DMKN	ENSMUSG00000060962	unique_symbol	1	0.506802948515293	-1.15972660953977	-1.666529558055063	negative	0.582951980309341	-1.26884422191219	-1.851796202221531	negative	True	0.470734961784111	0.0320142877409146	0.383999812410864	0.0196273101754803	False	True	False	False	False	False	False	True	False	False
DMP1	DMP1	ENSMUSG00000029307	unique_symbol	1	-0.548810089294806	-1.81168480288969	-1.262874713594884	negative	-0.62288883082993	-1.81743971159212	-1.1945508807621898	negative	True	0.588662060228963	0.013761013775199	0.452947205994475	0.0071358763138649	False	True	False	False	False	False	False	True	False	False
DNAAF1	DNAAF1	ENSMUSG00000031831	unique_symbol	1	0.353590492772042	-0.0608540181900971	-0.41444451096213913	negative					False	0.0472596469066159	0.817723525967208			False	False	False	False	False	False	False	False	False	False
DNAH12	DNAH12	ENSMUSG00000021879	unique_symbol	1	1.94221254793673	-0.0695810139418654	-2.0117935618785956	negative					False	0.0071236044432306	0.955443846719858			False	False	False	False	False	False	False	False	False	False
DNAH6	DNAH6	ENSMUSG00000052861	unique_symbol	1	-0.360778028359159	-0.90174013847711	-0.5409621101179509	negative	-0.380224088811969	-1.20538978361202	-0.825165694800051	negative	True	0.15093101498646	1.63844264029413e-05	0.198643421117125	1.10203525391388e-06	False	True	False	False	False	False	False	True	False	False
DNAI3	DNAI3	ENSMUSG00000043020	unique_symbol	1	1.23381619001977	1.91539545202174	0.68157926200197	positive	1.78855938162932	3.34451580678253	1.55595642515321	positive	True	1.38062056445778e-05	1.3930613616246e-10	7.65106132310651e-05	2.5120126792944e-08	True	True	False	False	False	False	False	True	False	False
DNAJC25	DNAJC25	ENSMUSG00000070972	unique_symbol	1	0.509570853841594	-0.0220552629883149	-0.5316261168299089	negative	0.530104258315552	-0.0286279068170224	-0.5587321651325744	negative	True	8.36155557418845e-07	0.903455035835688	2.1008487985829e-06	0.863246567759603	True	False	False	False	False	False	False	True	False	False
DNALI1	DNALI1	ENSMUSG00000042707	unique_symbol	1	0.970984026281433	0.409177327416569	-0.561806698864864	negative	1.27605720022057	0.236661296352804	-1.0393959038677658	negative	True	4.37539205898271e-05	0.141820388748885	0.101504785958708	0.818068012879795	False	False	False	False	False	False	False	True	False	False
DNASE1L3	DNASE1L3	ENSMUSG00000025279	unique_symbol	1	0.877848992801342	1.35390740256185	0.47605840976050806	positive	0.897588291514151	1.4021945771366	0.504606285622449	positive	True	3.85597711400657e-11	1.15531426593817e-25	1.2369871099821301e-10	6.6407119440167e-25	True	True	False	True	False	True	False	True	True	False
DOC2B	DOC2B	ENSMUSG00000020848	unique_symbol	1	0.811798748644902	0.483036575734683	-0.328762172910219	negative	0.830434294034779	0.510951442154977	-0.31948285187980197	negative	True	3.36364564756861e-06	0.00957337072495568	1.49712193984043e-06	0.0042484325508573	True	True	False	False	False	False	False	True	False	False
DPT	DPT	ENSMUSG00000026574	unique_symbol	1	0.327671465373873	-1.13186864170288	-1.459540107076753	negative	0.301712282322915	-1.217110123415	-1.518822405737915	negative	True	0.476359256557775	0.000620751935757058	0.553970502358622	0.0014566350653832	False	True	False	False	False	False	False	True	False	False
DSC2	DSC2	ENSMUSG00000024331	unique_symbol	1	1.1973922638336	0.404312795852206	-0.7930794679813942	negative	1.22090561796284	0.274622531775461	-0.946283086187379	negative	True	0.000787778140661232	0.344388835061627	0.0022251605126697	0.569265627581452	True	False	False	False	False	False	False	True	False	False
DSE	DSE	ENSMUSG00000039497	unique_symbol	1	0.00288081513640346	-0.320721032696256	-0.3236018478326595	negative	0.0209341058026388	-0.324714866852326	-0.3456489726549648	negative	True	0.991086985380277	0.0158245290085235	0.92162755838135	0.0190667952627267	False	True	False	False	False	False	False	True	False	False
DSG2	DSG2	ENSMUSG00000044393	unique_symbol	1	1.5293462206137	0.833095916306401	-0.6962503043072991	negative	2.5182807041062	1.18219298804214	-1.3360877160640598	negative	True	5.18239031700603e-05	0.0410032038223739	2.13476882749822e-05	0.0572196637536472	True	False	False	False	False	False	False	True	False	False
DSG3	DSG3	ENSMUSG00000056632	unique_symbol	1	3.99710400484708	2.48899234178623	-1.5081116630608498	negative	5.97767073269353	3.01372705513681	-2.9639436775567196	negative	True	1.61024014805766e-12	1.10318208703416e-09	1.77255842201693e-08	2.22936207994851e-06	True	True	False	False	False	False	False	True	False	False
DSP	DSP	ENSMUSG00000054889	unique_symbol	1	0.36467928641758	-1.8164207663671	-2.18110005278468	negative	0.459920669047083	-1.82003998090053	-2.279960649947613	negative	True	0.729398044864672	0.00676747371644427	0.579403246086118	0.0020900375959912	False	True	False	False	False	False	False	True	False	False
DUSP9	DUSP9	ENSMUSG00000031383	unique_symbol	1	3.7986357694871	4.72533269427622	0.9266969247891206	positive	3.98451288933956	4.68661274460865	0.7020998552690898	positive	True	6.41963345477151e-44	1.44789675070589e-36	3.27396159157534e-25	1.24150304251432e-20	True	True	True	True	True	False	False	True	True	False
DYNLT1C	DYNLT1C	ENSMUSG00000000579	unique_symbol	1	0.729417674982185	0.327691485764638	-0.401726189217547	negative	0.967473422195521	0.575094836108525	-0.39237858608699605	negative	True	7.91131866736347e-07	0.0500746588676462	1.16680173050385e-05	0.0171804559551189	True	True	False	False	False	False	False	True	False	False
DYNLT4	DYNLT4	ENSMUSG00000047671	unique_symbol	1	0.665358333723897	0.338027326882217	-0.32733100684168	negative					False	0.0360189851419893	0.391848943303441			False	False	False	False	False	False	False	False	False	False
DYRK4	DYRK4	ENSMUSG00000030345	unique_symbol	1	-0.0443160144610849	0.406218260142089	0.4505342746031739	positive	-0.0381250900097946	0.421419125628811	0.4595442156386056	positive	True	0.869400678604228	0.0112917320752649	0.887893648041001	0.0229206266103306	False	True	False	False	False	False	False	True	False	False
E230014E18RIK	E230014E18RIK	ENSMUSG00000111514	unique_symbol	1	0.0689564399584617	0.398555626032886	0.32959918607442434	positive					False	0.786530530221866	0.0135539551738603			False	False	False	False	False	False	False	False	False	False
EAR1	EAR1	ENSMUSG00000072601	unique_symbol	1	1.38177148150068	-0.331034403179287	-1.712805884679967	negative	1.60996492840706	-0.27160168593703	-1.8815666143440901	negative	True	0.0312450695235517	0.698474112125673	0.0142850933639848	0.749045495292187	True	False	False	False	False	False	False	True	False	False
ECEL1	ECEL1	ENSMUSG00000026247	unique_symbol	1	2.98232219486478	3.51542936799815	0.5331071731333701	positive	2.94002258868604	3.53861528606199	0.5985926973759503	positive	True	6.56354239207733e-19	1.28847870101419e-25	3.8084211877787403e-23	1.55355731379577e-32	True	True	True	True	True	False	False	True	True	False
EDNRA	EDNRA	ENSMUSG00000031616	unique_symbol	1	-0.328217440477035	-0.641197466943461	-0.31298002646642603	negative	-0.289618348088749	-0.648065877980445	-0.35844752989169604	negative	True	0.023848100491566	5.85564660593163e-07	0.035278404952812	8.26195105536307e-08	True	True	False	False	False	False	False	True	False	False
EFEMP2	EFEMP2	ENSMUSG00000024909	unique_symbol	1	0.419597162225331	0.0992978391570752	-0.3202993230682558	negative	0.445181339373898	0.102584343247401	-0.34259699612649697	negative	True	0.000637883665793436	0.556426644131586	0.0002948240918525	0.509700243727902	True	False	False	False	False	False	False	True	False	False
EFNA4	EFNA4	ENSMUSG00000028040	unique_symbol	1	0.77334085616696	-0.142285585500131	-0.9156264416670911	negative	0.781977620962242	-0.12437094670764	-0.906348567669882	negative	True	0.00518848544568194	0.71176418641954	0.0059034830138979	0.726168478482289	True	False	False	False	False	False	False	True	False	False
EGFLAM	EGFLAM	ENSMUSG00000042961	unique_symbol	1	0.712620788870133	0.390353607501727	-0.32226718136840604	negative	0.741772180138581	0.380423740564152	-0.361348439574429	negative	True	1.03200987545699e-14	5.79486678233459e-05	1.3943212278863e-14	0.0001649717420487	True	True	False	False	False	False	False	True	False	False
EGLN3	EGLN3	ENSMUSG00000035105	unique_symbol	1	-0.251782030567011	-0.757076079685525	-0.505294049118514	negative	-0.23337258457759	-0.780156124220036	-0.546783539642446	negative	True	0.296663014014979	5.23804803810214e-05	0.331514795842362	4.46706012472055e-05	False	True	False	False	False	False	False	True	False	False
EIF4E1B	EIF4E1B	ENSMUSG00000074895	unique_symbol	1	-0.0805912615160429	1.36526039578379	1.445851657299833	positive					False	0.927556848457137	0.0216695954143449			False	False	False	False	False	False	False	False	False	False
ELDR	ELDR	ENSMUSG00000087060	unique_symbol	1	0.671870226561656	-0.0597131207300135	-0.7315833472916695	negative					False	0.0120058467057278	0.888831389602003			False	False	False	False	False	False	False	False	False	False
ELF4	ELF4	ENSMUSG00000031103	unique_symbol	1	0.660837442136374	0.195889343466757	-0.46494809866961695	negative	0.660125946837219	0.206358744101822	-0.45376720273539706	negative	True	0.00608664671435354	0.536165526165454	0.0075985182396944	0.488993588576954	True	False	False	False	False	False	False	True	False	False
ELF5	ELF5	ENSMUSG00000027186	unique_symbol	1	-0.131911142998262	-0.551022449301515	-0.419111306303253	negative	-0.112557136704537	-0.576563645470992	-0.46400650876645505	negative	True	0.615260730565404	0.00208605536510258	0.716737204509081	0.0090727435964587	False	True	False	False	False	False	False	True	False	False
ELOBL	ELOBL	ENSMUSG00000057534	unique_symbol	1	1.87281712937432	1.19826492495918	-0.6745522044151402	negative					False	0.00609638963205471	0.0977742331934706			False	False	False	False	False	False	False	False	False	False
EMCN	EMCN	ENSMUSG00000054690	unique_symbol	1	0.438461643530416	0.0773888883257247	-0.3610727552046913	negative	0.478189959771159	0.068668957417349	-0.40952100235381	negative	True	0.00173495150759305	0.705466093758113	0.0014993217453499	0.737324247466671	True	False	False	False	False	False	False	True	False	False
EN2	EN2	ENSMUSG00000039095	unique_symbol	1	1.99023310309933	-0.673981036505531	-2.6642141396048613	negative					False	0.0323170230704769	0.447589083743872			False	False	False	False	False	False	False	False	False	False
ENG	ENG	ENSMUSG00000026814	unique_symbol	1	0.592896604326192	0.261737103207868	-0.33115950111832393	negative	0.634243118209897	0.269724024398313	-0.364519093811584	negative	True	0.00181519668487167	0.244620993415169	0.0002443670065871	0.170890217475341	True	False	False	False	False	False	False	True	False	False
ENPP6	ENPP6	ENSMUSG00000038173	unique_symbol	1	0.679648577041006	0.0926499328595188	-0.5869986441814872	negative	0.855885299720438	0.110692785453826	-0.745192514266612	negative	True	0.0272235024371769	0.844346034392234	0.038442510873185	0.841867664914247	True	False	False	False	False	False	False	True	False	False
EPGN	EPGN	ENSMUSG00000035020	unique_symbol	1	1.20218971576477	1.65561188988518	0.45342217412040986	positive	0.978493658428043	1.58437881988383	0.605885161455787	positive	True	0.0372654667612877	0.00132903761437656	0.158253793676037	0.0084222433940194	False	True	False	False	False	False	False	True	False	False
EPHA3	EPHA3	ENSMUSG00000052504	unique_symbol	1	0.418875618273089	-0.770093781716204	-1.188969399989293	negative	0.455205045067747	-0.773592940609003	-1.22879798567675	negative	True	0.195793546329986	0.00501102887138348	0.162522987980822	0.0064958204808366	False	True	False	False	False	False	False	True	False	False
EPHA4	EPHA4	ENSMUSG00000026235	unique_symbol	1	-0.239414619246853	-0.639236131700464	-0.39982151245361097	negative	-0.235512139041657	-0.657198530811594	-0.42168639176993694	negative	True	0.27340046331173	0.000211259708106796	0.29993537348093	0.0003647692516778	False	True	False	False	False	False	False	True	False	False
EPHB4	EPHB4	ENSMUSG00000029710	unique_symbol	1	0.386377829094846	-0.0151589181444146	-0.40153674723926064	negative	0.409227042137936	-0.0242120068602568	-0.4334390489981928	negative	True	0.019337390988492	0.955463082521447	0.0162532361889247	0.9207617919961	True	False	False	False	False	False	False	True	False	False
ERDR1X	ERDR1X	ENSMUSG00000095562	unique_symbol	1	1.28250090311448	-0.0271675346588933	-1.3096684377733734	negative	1.87580421257271	1.52444785906547	-0.3513563535072399	negative	True	0.036153962537526	0.978838412164889	0.755518283296186	0.795919230107431	False	False	False	False	False	False	False	True	False	False
ERDR1Y	ERDR1Y	ENSMUSG00000096768	unique_symbol	1	1.22794210125259	-0.404327175916929	-1.6322692771695189	negative	0.322154422921296	0.143056193691411	-0.17909822922988497	negative	True	0.0385258491087022	0.593913841885793	0.645418703910812	0.842269860192662	False	False	False	False	False	False	False	True	False	False
ERG	ERG	ENSMUSG00000040732	unique_symbol	1	0.509141827842357	-0.250618381203432	-0.7597602090457889	negative	0.621025609986698	-0.232868585842409	-0.853894195829107	negative	True	0.00148717166590167	0.167767460961131	0.0001720773158889	0.214221373447032	True	False	False	False	False	False	False	True	False	False
ERMARDL1	ERMARDL1	ENSMUSG00000116895	unique_symbol	1	-0.0364182132783429	-0.603958948048549	-0.5675407347702061	negative	-0.247823434173315	-0.127213922171329	0.120609512001986	positive	True	0.941612557691215	0.0396039299818622	0.461134786984387	0.733561114002427	False	False	False	False	False	False	False	False	False	False
ESR2	ESR2	ENSMUSG00000021055	unique_symbol	1	0.204264623975405	0.688852959898115	0.48458833592271	positive	0.358568359471635	0.949025402279275	0.59045704280764	positive	True	0.331871794326932	1.86466558600514e-05	0.25587082069275	0.0003514669003186	False	True	False	False	False	False	False	True	False	False
EXOC3L2	EXOC3L2	ENSMUSG00000011263	unique_symbol	1	0.646878301018561	0.0528431062502856	-0.5940351947682754	negative	0.660363065490335	0.0578209808308583	-0.6025420846594767	negative	True	0.00478774396427836	0.888610744961141	0.0057614642841312	0.866062765102498	True	False	False	False	False	False	False	True	False	False
EYA4	EYA4	ENSMUSG00000010461	unique_symbol	1	0.0520738097971235	-1.12838132211715	-1.1804551319142733	negative	0.19437570723804	-1.1856525841234	-1.3800282913614401	negative	True	0.940424601348963	0.00293322729691317	0.762583170455854	0.0067918034311958	False	True	False	False	False	False	False	True	False	False
F13A1	F13A1	ENSMUSG00000039109	unique_symbol	1	0.576508444282425	-0.0856509121924243	-0.6621593564748492	negative	0.635488619787941	-0.122345940234304	-0.757834560022245	negative	True	0.0452038450711113	0.843278944624926	0.0324825108104964	0.749939489209247	True	False	False	False	False	False	False	True	False	False
F2RL1	F2RL1	ENSMUSG00000021678	unique_symbol	1	0.42512327637	0.997619540128742	0.572496263758742	positive	0.425376508173474	1.03867684289241	0.6133003347189361	positive	True	0.292875205516763	0.00311058039989353	0.239289738831751	0.0012369603635522	False	True	False	False	False	False	False	True	False	False
F630042J09RIK	F630042J09RIK	ENSMUSG00000114442	unique_symbol	1	-0.0459304750621193	-0.370149417178361	-0.3242189421162417	negative	0.0629689865723213	-0.41471998500233	-0.4776889715746513	negative	True	0.865206817129357	0.0284492941741036	0.826878564028839	0.0504794258283771	False	False	False	False	False	False	False	True	False	False
F730016J06RIK	F730016J06RIK	ENSMUSG00000086425	unique_symbol	1	-0.895776649358718	-0.554470420188652	0.34130622917006603	positive	-0.862082166310239	-0.515828533971374	0.3462536323388651	positive	True	1.1419990825288e-19	2.51234570848889e-08	1.8220823369517e-13	1.71586662632181e-05	True	True	False	False	False	False	False	True	False	False
F830208F22RIK	F830208F22RIK	ENSMUSG00000073529	unique_symbol	1	-0.134379356937367	0.337804287669821	0.472183644607188	positive	-0.424899384876052	0.104611336666625	0.529510721542677	positive	True	0.404341711097529	0.0087683703155026	0.455179037100957	0.871330576360206	False	False	False	False	False	False	False	True	False	False
FAM110D	FAM110D	ENSMUSG00000050105	unique_symbol	1	0.834855694343584	0.436161395718406	-0.39869429862517797	negative	0.865059020313687	0.470441972515693	-0.394617047797994	negative	True	0.000565860809096666	0.110038616469006	0.0007281628278443	0.0912275545260122	True	False	False	False	False	False	False	True	False	False
FAM117A	FAM117A	ENSMUSG00000038893	unique_symbol	1	-0.0578087633477662	-0.358218085768724	-0.3004093224209578	negative	-0.0225522068088942	-0.377377473051258	-0.3548252662423638	negative	True	0.76404031366679	0.00253894312447765	0.904819772635325	0.0013416907675097	False	True	False	False	False	False	False	True	False	False
FAM120AOS	FAM120AOS	ENSMUSG00000120113	unique_symbol	1	0.0179291699242081	-0.376776457496391	-0.3947056274205991	negative	0.0191175599134982	-0.337739223237438	-0.35685678315093616	negative	True	0.94064457614167	0.00474542605263237	0.931322168327383	0.0168228225165579	False	True	False	False	False	False	False	True	False	False
FAM167B	FAM167B	ENSMUSG00000050493	unique_symbol	1	0.640738833417736	0.0809767410443692	-0.5597620923733668	negative	0.692246311622691	0.0669708953732826	-0.6252754162494084	negative	True	0.00520256623278091	0.821173557608214	0.0066222050308955	0.850105120696314	True	False	False	False	False	False	False	True	False	False
FAM180A	FAM180A	ENSMUSG00000047420	unique_symbol	1	0.35972897464066	-1.22015423122631	-1.57988320586697	negative	0.362758837747118	-1.24073456627426	-1.603493404021378	negative	True	0.605140021930118	0.013565815358044	0.558208995798666	0.0089916330648277	False	True	False	False	False	False	False	True	False	False
FAM20A	FAM20A	ENSMUSG00000020614	unique_symbol	1	-0.198883912073672	-0.520586812876572	-0.32170290080290004	negative	-0.191982096327367	-0.500661631773414	-0.30867953544604704	negative	True	0.179119158017146	1.56634089126531e-05	0.216423415595083	9.806650259762e-05	False	True	False	False	False	False	False	True	False	False
FAM246A	FAM246A	ENSMUSG00000116652	unique_symbol	1	-1.33833392026668	-0.652504946116831	0.685828974149849	positive	-1.33348450818915	-0.606624624118957	0.726859884070193	positive	True	8.4720162909041e-06	0.0334777982501835	0.0003079090377963	0.0935899503037681	True	False	False	False	False	False	False	True	False	False
FAM50B	FAM50B	ENSMUSG00000038246	unique_symbol	1	5.7120855619257	4.73543531694662	-0.9766502449790799	negative					False	1.47522986127579e-06	9.33959164606336e-05			False	False	False	False	False	False	False	False	False	False
FAM83D	FAM83D	ENSMUSG00000027654	unique_symbol	1	-0.691157777806102	-0.380408744091856	0.310749033714246	positive	-0.664675722098962	-0.390171991428469	0.274503730670493	positive	True	4.82803271848005e-14	7.16202621551158e-05	6.435045428717469e-11	0.0001757067336681	True	True	False	False	False	False	False	True	False	False
FAR2OS1	FAR2OS1	ENSMUSG00000089948	unique_symbol	1	-0.454010273990302	0.00057371428969239	0.4545839882799944	positive					False	0.0150716957692594	0.998492085438052			False	False	False	False	False	False	False	False	False	False
FBN1	FBN1	ENSMUSG00000027204	unique_symbol	1	0.372814380899067	-0.900833714517435	-1.273648095416502	negative	0.395308224283824	-0.918122482335184	-1.313430706619008	negative	True	0.399589638252202	0.010129417959604	0.341687706885192	0.0086180298742952	False	True	False	False	False	False	False	True	False	False
FBXW13	FBXW13	ENSMUSG00000049314	unique_symbol	1	4.21739693460977	4.6847936437254	0.46739670911563014	positive	4.31369010275341	4.23722279266617	-0.0764673100872395	negative	True	0.000374167179441433	0.000508668640921001	0.0010500198891605	0.001376253020193	True	True	False	False	False	False	False	False	False	False
FCAMR	FCAMR	ENSMUSG00000026415	unique_symbol	1	1.41551789111199	1.93202957213721	0.5165116810252202	positive	1.43007928697886	2.34436227284847	0.9142829858696098	positive	True	0.0992080084407347	0.0213781517415082	0.0596477670945134	0.0045609040863225	False	True	False	False	False	False	False	True	False	False
FCER1A	FCER1A	ENSMUSG00000005339	unique_symbol	1	1.07194993487324	0.597948239108357	-0.47400169576488294	negative	1.06694069772459	0.701047924285431	-0.36589277343915916	negative	True	0.0199756163925702	0.244475146478188	0.0402198939092107	0.200004819147955	True	False	False	False	False	False	False	True	False	False
FCGR1	FCGR1	ENSMUSG00000015947	unique_symbol	1	1.09896112029002	0.537438653160003	-0.561522467130017	negative	1.14773533827139	0.546987274147135	-0.600748064124255	negative	True	0.00441399689491514	0.228171835428433	0.0008234717114051	0.151815856187759	True	False	False	False	False	False	False	True	False	False
FCGRT	FCGRT	ENSMUSG00000003420	unique_symbol	1	0.165169716073646	-0.427983820583502	-0.593153536657148	negative	0.192300011864798	-0.429676462826781	-0.621976474691579	negative	True	0.524882859373595	0.0308009020793851	0.370296834664564	0.0176386807715744	False	True	False	False	False	False	False	True	False	False
FCRL1	FCRL1	ENSMUSG00000059994	unique_symbol	1	1.12086579470106	1.45194058076657	0.3310747860655099	positive	0.776263477270512	1.44894837299309	0.6726848957225781	positive	True	0.0510628793505402	0.00557884233495879	0.283489461368886	0.0205472855224859	False	True	False	False	False	False	False	True	False	False
FCRL2	FCRL2	ENSMUSG00000015852	unique_symbol	1	1.11293169029616	0.767166216356218	-0.34576547393994195	negative	1.14889159747918	0.78434364362563	-0.36454795385355	negative	True	4.17132581304145e-06	0.00252433960375651	5.28555273908639e-07	0.0009639875339021	True	True	False	False	False	False	False	True	False	False
FFAR3	FFAR3	ENSMUSG00000019429	unique_symbol	1	2.52127376401421	4.62500156004977	2.1037277960355603	positive	2.59008249811317	4.858273555941	2.2681910578278304	positive	True	9.39362081760159e-05	4.15474111098411e-06	0.0029147751847131	1.17700839364486e-05	True	True	False	False	False	False	False	True	False	False
FFAR4	FFAR4	ENSMUSG00000054200	unique_symbol	1	-0.235428364866061	-1.8911243473541	-1.655695982488039	negative					False	0.86589851845989	0.046378415872654			False	False	False	False	False	False	False	False	False	False
FGF10	FGF10	ENSMUSG00000021732	unique_symbol	1	0.619025754741658	-0.318989048233118	-0.938014802974776	negative	0.757172790434863	-0.46577316110005	-1.222945951534913	negative	True	0.0421349367514843	0.326847480877578	0.0692435335763872	0.271682722810619	False	False	False	False	False	False	False	True	False	False
FGF14	FGF14	ENSMUSG00000025551	unique_symbol	1	-0.239367264097702	-0.612179294617357	-0.37281203051965495	negative	-0.415615432965999	-0.752060420975197	-0.336444988009198	negative	True	0.339039061399358	0.00173872284336351	0.0432404196448846	4.94452639853224e-05	True	True	False	False	False	False	False	True	False	False
FGF21	FGF21	ENSMUSG00000030827	unique_symbol	1	0.756417834469829	2.36614177756658	1.6097239430967507	positive					False	0.467807871142611	0.00559603149200277			False	False	False	False	False	False	False	False	False	False
FGF3	FGF3	ENSMUSG00000031074	unique_symbol	1	5.95297849848021	6.26088261977332	0.3079041212931104	positive	7.34053327955246	7.7778419559648	0.43730867641234017	positive	True	1.13770270569482e-219	1.67089401795839e-201	2.5178756993514597e-125	6.59518619247913e-93	True	True	True	True	True	False	False	True	True	False
FHL5	FHL5	ENSMUSG00000028259	unique_symbol	1	1.6026917315496	1.10027674599593	-0.5024149855536701	negative	1.57652520298735	1.26534901492538	-0.3111761880619699	negative	True	0.000147804927111934	0.01441895248561	0.0002559964819054	0.00427883079632	True	True	False	False	False	False	False	True	False	False
FIBIN	FIBIN	ENSMUSG00000074971	unique_symbol	1	-0.407062751953762	-1.09941476428734	-0.692352012333578	negative	-0.371089298625379	-1.08650043526021	-0.7154111366348309	negative	True	0.396827656057124	0.00299974414586462	0.368001813339936	0.0010688481523873	False	True	False	False	False	False	False	True	False	False
FKBP7	FKBP7	ENSMUSG00000002732	unique_symbol	1	0.169362300947246	-0.382309175476114	-0.55167147642336	negative	0.167956388639301	-0.382776779079061	-0.550733167718362	negative	True	0.393401667687816	0.0157381081688655	0.378210089695749	0.0158927386870535	False	True	False	False	False	False	False	True	False	False
FLRT2	FLRT2	ENSMUSG00000047414	unique_symbol	1	0.0403879143389228	-0.372630778263285	-0.4130186926022078	negative	0.0458136431706835	-0.345426390379989	-0.3912400335506725	negative	True	0.897151658993278	0.0469014970100168	0.865913020295084	0.0693739069049636	False	False	False	False	False	False	False	True	False	False
FLT1	FLT1	ENSMUSG00000029648	unique_symbol	1	0.354550563782029	-0.00533279312036962	-0.3598833569023986	negative	0.387487167944124	0.0133514031652847	-0.3741357647788393	negative	True	0.0097859215794674	0.982061038202076	0.0041422882224804	0.947756808378357	True	False	False	False	False	False	False	True	False	False
FLT4	FLT4	ENSMUSG00000020357	unique_symbol	1	0.432776414465202	0.130596664481981	-0.30217974998322095	negative	0.532691758996989	0.106397381200069	-0.4262943777969199	negative	True	0.0371386500260784	0.63396461824048	0.0111742091659289	0.698980926298944	True	False	False	False	False	False	False	True	False	False
FMO9	FMO9	ENSMUSG00000026560	unique_symbol	1	0.834209048483725	2.16352873422559	1.329319685741865	positive					False	0.214557032146267	0.000324869778382706			False	False	False	False	False	False	False	False	False	False
FMOD	FMOD	ENSMUSG00000041559	unique_symbol	1	0.432331561585002	-1.56000405161541	-1.992335613200412	negative	0.446804013746573	-1.59873141156893	-2.045535425315503	negative	True	0.691088575672751	0.0411338622322867	0.645418703910812	0.032427692211789	False	True	False	False	False	False	False	True	False	False
FNDC1	FNDC1	ENSMUSG00000071984	unique_symbol	1	-0.0391972087357594	-0.431656895919648	-0.39245968718388863	negative	0.0301938759958143	-0.453780087236069	-0.4839739632318833	negative	True	0.89439853771728	0.0110376211892339	0.914849543382056	0.0129356753010781	False	True	False	False	False	False	False	True	False	False
FOXA1	FOXA1	ENSMUSG00000035451	unique_symbol	1	5.61548596850314	4.88650628552387	-0.7289796829792703	negative	5.18820228229888	4.96158964683852	-0.22661263546036015	negative	True	2.25453995178702e-25	4.7624593609653e-22	7.83576800320409e-16	5.8840671762175e-13	True	True	False	False	False	False	False	True	False	False
FOXF1	FOXF1	ENSMUSG00000042812	unique_symbol	1	1.09048138632198	0.359251525846534	-0.7312298604754459	negative	1.18602743366719	0.42971881923923	-0.75630861442796	negative	True	0.000101349479269975	0.297024551065622	6.51329402165777e-05	0.203881572465779	True	False	False	False	False	False	False	True	False	False
FSD2	FSD2	ENSMUSG00000038663	unique_symbol	1	-0.0634756538889457	-1.25210089058845	-1.1886252366995045	negative	-0.0750065437241928	-1.18483520082062	-1.1098286570964273	negative	True	0.94939608881966	0.0342345730150731	0.926263606217793	0.0244344258119385	False	True	False	False	False	False	False	True	False	False
FUT9	FUT9	ENSMUSG00000055373	unique_symbol	1	-0.25856318902548	-0.661464365845149	-0.402901176819669	negative	-0.227819233607439	-0.555389196541806	-0.32756996293436696	negative	True	0.468189875038164	0.0160845278064971	0.603099366710583	0.121561633245834	False	False	False	False	False	False	False	True	False	False
FYB2	FYB2	ENSMUSG00000078612	unique_symbol	1	0.545270178205005	0.849954878935753	0.30468470073074805	positive	0.598949889752565	0.901408731418977	0.302458841666412	positive	True	0.00116733598744998	1.12723598827265e-07	0.0010629682054744	3.55389488557333e-07	True	True	False	False	False	False	False	True	False	False
FZD7	FZD7	ENSMUSG00000041075	unique_symbol	1	0.0861297408269285	-0.529657412996912	-0.6157871538238405	negative	0.0970583147087936	-0.542086141287474	-0.6391444559962676	negative	True	0.825195149575147	0.0324499140644148	0.753311771128504	0.0141135267729217	False	True	False	False	False	False	False	True	False	False
G0S2	G0S2	ENSMUSG00000009633	unique_symbol	1	-0.492287994623396	-0.794006539290527	-0.301718544667131	negative	-0.479618232972253	-0.769876700407598	-0.29025846743534506	negative	True	6.83377547164343e-07	3.67255461555137e-17	5.67632153256691e-07	3.07293133214417e-17	True	True	False	True	False	True	False	True	True	False
G430095P16RIK	G430095P16RIK	ENSMUSG00000074203	unique_symbol	1	0.112654628317491	-0.572392053155248	-0.685046681472739	negative	-0.514044825785603	-0.541451393348721	-0.0274065675631181	negative	True	0.714801796372539	0.00337720363113602	0.288822950828178	0.216853114142208	False	False	False	False	False	False	False	True	False	False
G930009F23RIK	G930009F23RIK	ENSMUSG00000115009	unique_symbol	1	1.00973849264116	0.674841403717856	-0.33489708892330394	negative	1.2534792818889	0.96401943471046	-0.28945984717844	negative	True	0.0261337132085836	0.133099536336352	0.068342472985338	0.115237830361094	False	False	False	False	False	False	False	True	False	False
GABRA4	GABRA4	ENSMUSG00000029211	unique_symbol	1	-0.814342775596943	-0.334113243556237	0.480229532040706	positive	-0.785793571942075	-0.37057842553485	0.415215146407225	positive	True	2.9247750612475e-07	0.0629992490355594	8.61738405390561e-06	0.050720175970864	True	False	False	False	False	False	False	True	False	False
GABRG3	GABRG3	ENSMUSG00000055026	unique_symbol	1	-0.283608684721951	-0.611424793326777	-0.327816108604826	negative	-0.394071938226936	-0.743256842912827	-0.34918490468589103	negative	True	0.323904819386283	0.00893197384504271	0.180291610557209	0.0036315790102178	False	True	False	False	False	False	False	True	False	False
GAD2	GAD2	ENSMUSG00000026787	unique_symbol	1	1.12020754040668	-0.128372360500763	-1.248579900907443	negative	1.04286813635123	-0.171378755135572	-1.2142468914868019	negative	True	0.0148863575091173	0.860528054942821	0.0397393097806183	0.798278204112046	True	False	False	False	False	False	False	True	False	False
GADD45B	GADD45B	ENSMUSG00000015312	unique_symbol	1	-0.0926642885322225	-0.406673605867393	-0.31400931733517046	negative	-0.0812325121844693	-0.414269342505294	-0.3330368303208247	negative	True	0.682266525696018	0.00741461637220218	0.68348713629969	0.0038321346945903	False	True	False	False	False	False	False	True	False	False
GALNT6OS	GALNT6OS	ENSMUSG00000090062	unique_symbol	1	1.55273205418339	2.04957900715719	0.4968469529738	positive					False	1.35589358354375e-20	4.45841800874221e-31			False	False	False	False	False	False	False	False	False	False
GAREM2	GAREM2	ENSMUSG00000044576	unique_symbol	1	0.984045557753823	0.54271291413083	-0.44133264362299296	negative	1.01564495549127	0.539027773144996	-0.47661718234627415	negative	True	0.00126887501447948	0.100757089550344	0.009498947636371	0.19835964645134	True	False	False	False	False	False	False	True	False	False
GAS1	GAS1	ENSMUSG00000052957	unique_symbol	1	0.473659323644397	-1.01166339387761	-1.4853227175220072	negative	0.497933907119069	-1.04179966753844	-1.539733574657509	negative	True	0.402148718943069	0.0274769496349949	0.343091398189343	0.0203172536794291	False	True	False	False	False	False	False	True	False	False
GATA2	GATA2	ENSMUSG00000015053	unique_symbol	1	0.548372609651825	0.177474779844789	-0.370897829807036	negative	0.627139361488007	0.210346074280537	-0.41679328720747	negative	True	0.025490716518035	0.578810209013677	0.011243553401221	0.481805315524035	True	False	False	False	False	False	False	True	False	False
GBP10	GBP10	ENSMUSG00000105096	unique_symbol	1	-0.668225587422502	-1.42721827538101	-0.758992687958508	negative	-0.866439497880882	-2.1286180304529	-1.262178532572018	negative	True	0.433599544617149	0.0388286378344469	0.570767313357033	0.0964487766490503	False	False	False	False	False	False	False	True	False	False
GCNT7	GCNT7	ENSMUSG00000074569	unique_symbol	1	-0.504990961714771	-0.169880519137764	0.33511044257700695	positive	-0.588341940188389	-0.17063985729535	0.417702082893039	positive	True	0.00843675486177849	0.5024775999264	0.0012710164259776	0.458551137172836	True	False	False	False	False	False	False	True	False	False
GDF10	GDF10	ENSMUSG00000021943	unique_symbol	1	0.125406024649118	-0.834756994015817	-0.960163018664935	negative	0.224774933439493	-0.830129046725923	-1.054903980165416	negative	True	0.831681667338535	0.0228070195856169	0.615486280185675	0.0132130038225553	False	True	False	False	False	False	False	True	False	False
GFAP	GFAP	ENSMUSG00000020932	unique_symbol	1	2.38229273276648	2.00775914788851	-0.37453358487797006	negative	2.47591054581912	2.35559155172459	-0.12031899409452995	negative	True	6.0447667736756e-08	8.31682114085951e-06	1.39684473284268e-09	1.72190750680986e-08	True	True	False	False	False	False	False	True	False	False
GFPT2	GFPT2	ENSMUSG00000020363	unique_symbol	1	0.473274880265277	-0.130737015132849	-0.6040118953981259	negative	0.504526706702838	-0.127088370804209	-0.6316150775070469	negative	True	0.0453420424211997	0.675001524799109	0.0440167575189647	0.680101576509147	True	False	False	False	False	False	False	True	False	False
GJA8	GJA8	ENSMUSG00000049908	unique_symbol	1	0.0612138257915546	0.41683317595042	0.3556193501588654	positive					False	0.845537909772076	0.0298082859068758			False	False	False	False	False	False	False	False	False	False
GJB4	GJB4	ENSMUSG00000046623	unique_symbol	1	2.09952511802049	1.37046663887963	-0.7290584791408601	negative	2.22220118232521	1.44039033625442	-0.7818108460707902	negative	True	3.05265145267996e-08	0.000149999064406327	1.93477112887313e-08	2.66967692938403e-05	True	True	False	False	False	False	False	True	False	False
GJD2OS	GJD2OS	ENSMUSG00000087694	ambiguous_symbol	2	-0.197975024800881	-1.14522082902522	-0.9472458042243389	negative	-0.226714968823963	-0.308085906947692	-0.081370938123729	negative	True	0.667717695827897	0.00833000534908815	0.632244536786281	0.466737962918833	False	False	False	False	False	False	False	True	False	False
GJD2OS	GJD2OS	ENSMUSG00000092201	ambiguous_symbol	2	-0.197975024800881	-1.14522082902522	-0.9472458042243389	negative					False	0.667717695827897	0.00833000534908815			False	False	False	False	False	False	False	False	False	False
GLT6D1	GLT6D1	ENSMUSG00000036401	unique_symbol	1	-0.295274076903813	2.30503156087381	2.6003056377776232	positive					False	0.83471961192412	0.0236573465825641			False	False	False	False	False	False	False	False	False	False
GLT8D2	GLT8D2	ENSMUSG00000020251	unique_symbol	1	-0.1492280520057	-0.604729109404323	-0.455501057398623	negative	-0.0680630736589635	-0.637938067871843	-0.5698749942128796	negative	True	0.543474652706707	0.000375820144423253	0.801312631370296	0.0002742274751819	False	True	False	False	False	False	False	True	False	False
GM10073	GM10073	ENSMUSG00000060019	unique_symbol	1	0.154946587555703	-0.189768455358743	-0.344715042914446	negative	-0.0589017712313683	-0.0662888172562491	-0.007387046024880807	negative	True	0.126813406201118	0.0441868812099886	0.822964391224347	0.78395051583685	False	False	False	False	False	False	False	True	False	False
GM10322	GM10322	ENSMUSG00000071280	unique_symbol	1	-0.456684741240094	-0.0388623766888391	0.4178223645512549	positive					False	9.32821922004943e-05	0.843187219800257			False	False	False	False	False	False	False	False	False	False
GM10344	GM10344	ENSMUSG00000102207	unique_symbol	1	-0.729266192578763	-0.300630559110375	0.428635633468388	positive	-0.705331285221005	-0.240794087516723	0.464537197704282	positive	True	0.000186626817818753	0.192638867753158	0.0008139411697091	0.33475076575373	True	False	False	False	False	False	False	True	False	False
GM10356	GM10356	ENSMUSG00000072387	unique_symbol	1	-0.103496569078497	-0.56118633098751	-0.457689761909013	negative	0.519983988345873	-0.186237191727483	-0.706221180073356	negative	True	0.810393073207774	0.0446197888269793	0.441326169800175	0.79259097916757	False	False	False	False	False	False	False	True	False	False
GM10416	GM10416	ENSMUSG00000105044	unique_symbol	1	-0.0115625044908657	-0.893406161310004	-0.8818436568191383	negative	0.128587873699865	-0.809965460504469	-0.9385533342043341	negative	True	0.987880545989016	0.0158531754113277	0.792011197085008	0.0129545503025643	False	True	False	False	False	False	False	True	False	False
GM10482	GM10482	ENSMUSG00000073226	unique_symbol	1	0.849750659472943	0.161801126271017	-0.6879495332019261	negative					False	0.0231415615873146	0.763008614972562			False	False	False	False	False	False	False	False	False	False
GM10518	GM10518	ENSMUSG00000073486	unique_symbol	1	0.659239451320958	0.33576432026095	-0.32347513106000797	negative					False	0.000937087507762928	0.122894609561314			False	False	False	False	False	False	False	False	False	False
GM10530	GM10530	ENSMUSG00000073528	unique_symbol	1	-0.798866776377658	-0.385997053000797	0.412869723376861	positive					False	0.000211472008785506	0.107965008484932			False	False	False	False	False	False	False	False	False	False
GM10578	GM10578	ENSMUSG00000109722	unique_symbol	1	-0.596863940788436	-0.29236438043467	0.30449956035376596	positive					False	1.52452203747163e-09	0.00569827212420275			False	False	False	False	False	False	False	False	False	False
GM10601	GM10601	ENSMUSG00000082962	unique_symbol	1	-1.0909275370177	-0.14684655530409	0.9440809817136101	positive					False	0.0140677465815363	0.812121449445384			False	False	False	False	False	False	False	False	False	False
GM11264	GM11264	ENSMUSG00000087110	unique_symbol	1	-0.279624897778845	-0.948028567863588	-0.668403670084743	negative					False	0.591396496560301	0.00818779979706562			False	False	False	False	False	False	False	False	False	False
GM11339	GM11339	ENSMUSG00000087603	unique_symbol	1	0.141955311608052	-0.456152829128399	-0.598108140736451	negative					False	0.620286259119579	0.0286738680516619			False	False	False	False	False	False	False	False	False	False
GM11528	GM11528	ENSMUSG00000084856	unique_symbol	1	-0.717982375585369	-0.269119132636091	0.44886324294927804	positive	-0.746627293044934	-0.618237675310484	0.12838961773445	positive	True	0.0127921774103993	0.435790581159303	0.175398819964873	0.213140250938564	False	False	False	False	False	False	False	True	False	False
GM11542	GM11542	ENSMUSG00000085051	unique_symbol	1	-0.325696284579084	-0.827288819418692	-0.501592534839608	negative	-0.699048624107176	-0.959981146018143	-0.26093252191096694	negative	True	0.53629906769996	0.0424453595149785	0.157236704109504	0.0340604730536788	False	True	False	False	False	False	False	True	False	False
GM11586	GM11586	ENSMUSG00000087339	unique_symbol	1	2.38339082553019	1.03435051282892	-1.3490403127012698	negative					False	0.000537027278142008	0.122971554269048			False	False	False	False	False	False	False	False	False	False
GM11682	GM11682	ENSMUSG00000085985	unique_symbol	1	0.310543694896739	0.966165785636033	0.655622090739294	positive					False	0.523717705382222	0.0081452696663929			False	False	False	False	False	False	False	False	False	False
GM11733	GM11733	ENSMUSG00000069588	unique_symbol	1	-1.38783303395546	-0.558137695130856	0.8296953388246041	positive					False	0.0192896092392798	0.43339891810193			False	False	False	False	False	False	False	False	False	False
GM11749	GM11749	ENSMUSG00000084887	unique_symbol	1	-0.793219561441259	-0.298475487283025	0.49474407415823407	positive	-0.728596002114272	-0.272273089336204	0.456322912778068	positive	True	0.00119708804232739	0.324567484900022	0.0021380974572026	0.323440923258577	True	False	False	False	False	False	False	True	False	False
GM11751	GM11751	ENSMUSG00000086364	unique_symbol	1	0.163514252074712	0.580477430183404	0.416963178108692	positive					False	0.612167361795366	0.0143281534072584			False	False	False	False	False	False	False	False	False	False
GM11827	GM11827	ENSMUSG00000086765	unique_symbol	1	-1.67080748707758	-0.640087329094216	1.030720157983364	positive					False	0.0316218621344778	0.382603043172007			False	False	False	False	False	False	False	False	False	False
GM11945	GM11945	ENSMUSG00000081059	unique_symbol	1	-1.27721156023713	0.104559791811367	1.3817713520484969	positive					False	0.0379716131010899	0.906684586340898			False	False	False	False	False	False	False	False	False	False
GM11986	GM11986	ENSMUSG00000087637	unique_symbol	1	2.07516467043199	1.29258520749934	-0.7825794629326499	negative					False	0.0421834191582435	0.322153234648071			False	False	False	False	False	False	False	False	False	False
GM12027	GM12027	ENSMUSG00000086911	unique_symbol	1	-1.01341929792003	-0.341102702469193	0.672316595450837	positive	-0.875052572654842	-0.385617939953091	0.489434632701751	positive	True	1.98591830009753e-09	0.0860025112599008	0.204096140169383	0.605390294671227	False	False	False	False	False	False	False	True	False	False
GM12037	GM12037	ENSMUSG00000086749	unique_symbol	1	1.2122951162581	0.517152802760197	-0.6951423134979029	negative	1.57822147034414	0.161222537943343	-1.416998932400797	negative	True	0.00428887054104924	0.259215979118113	0.0072866684907813	0.804506908993648	True	False	False	False	False	False	False	True	False	False
GM12068	GM12068	ENSMUSG00000087085	unique_symbol	1	-0.335971662436882	-0.648715386304665	-0.312743723867783	negative					False	0.337835993439764	0.0252766265845503			False	False	False	False	False	False	False	False	False	False
GM12198	GM12198	ENSMUSG00000085564	unique_symbol	1	0.127005215326051	-0.886228616770272	-1.013233832096323	negative					False	0.853438326258174	0.0303462283692027			False	False	False	False	False	False	False	False	False	False
GM12299	GM12299	ENSMUSG00000085926	unique_symbol	1	-0.80496730141927	-0.354022498349085	0.450944803070185	positive	-0.630132982407283	-0.553247428430837	0.07688555397644603	positive	True	0.000381207224528035	0.184858900788089	0.171382344745321	0.23275456640482	False	False	False	False	False	False	False	True	False	False
GM12333	GM12333	ENSMUSG00000085765	unique_symbol	1	0.380370524961348	-0.0235633189251422	-0.4039338438864902	negative					False	0.0453177552279601	0.93774947960194			False	False	False	False	False	False	False	False	False	False
GM12463	GM12463	ENSMUSG00000080916	unique_symbol	1	1.30876006309114	1.73836585624347	0.42960579315233005	positive					False	0.0796428733865761	0.012950507286263			False	False	False	False	False	False	False	False	False	False
GM12534	GM12534	ENSMUSG00000086517	unique_symbol	1	1.62877020071821	3.13507646364032	1.50630626292211	positive	1.57540044540881	4.79117729061751	3.2157768452087	positive	True	0.0565167240471048	0.000256497144512446	0.085287908504311	3.70513272814485e-05	False	True	False	False	False	False	False	True	False	False
GM12596	GM12596	ENSMUSG00000086952	unique_symbol	1	0.263467799337232	0.578472570255709	0.31500477091847695	positive	0.433299548797476	0.890536273719311	0.457236724921835	positive	True	0.457403786503812	0.0463063642299103	0.162164148407249	0.0022819698110867	False	True	False	False	False	False	False	True	False	False
GM12708	GM12708	ENSMUSG00000084918	unique_symbol	1	1.39645919961323	1.08448467540489	-0.31197452420834004	negative					False	0.0240292879866865	0.0938768732159363			False	False	False	False	False	False	False	False	False	False
GM12854	GM12854	ENSMUSG00000078238	unique_symbol	1	0.798651853558595	0.471842705345834	-0.326809148212761	negative					False	2.68166537921866e-09	0.000668403776072341			False	False	False	False	False	False	False	False	False	False
GM12919	GM12919	ENSMUSG00000083220	unique_symbol	1	0.405580515819225	0.71918865268633	0.31360813686710504	positive					False	0.0987831172157031	0.00135922632304016			False	False	False	False	False	False	False	False	False	False
GM13032	GM13032	ENSMUSG00000085918	unique_symbol	1	0.796280052192606	1.2760724459369	0.47979239374429394	positive					False	0.00604183221976685	1.40198473455529e-05			False	False	False	False	False	False	False	False	False	False
GM13112	GM13112	ENSMUSG00000087437	unique_symbol	1	-0.219475996930021	-0.706343182848798	-0.48686718591877703	negative					False	0.575593228645865	0.011933356100655			False	False	False	False	False	False	False	False	False	False
GM13194	GM13194	ENSMUSG00000086670	unique_symbol	1	-1.10632447732653	0.0855963881252293	1.1919208654517592	positive	-0.68790256509269	-0.252381492545051	0.435521072547639	positive	True	0.047017287346258	0.91718854004584	0.334706046571321	0.736431942709523	False	False	False	False	False	False	False	True	False	False
GM13293	GM13293	ENSMUSG00000086006	unique_symbol	1	1.15061801014224	1.48723446811868	0.3366164579764399	positive	1.00820003432129	1.49481116529764	0.4866111309763499	positive	True	0.00108884172858808	1.32863607527512e-05	0.0010658571220364	4.99602418537376e-07	True	True	False	False	False	False	False	True	False	False
GM13310	GM13310	ENSMUSG00000080801	unique_symbol	1	0.279193907583827	1.52139350076491	1.242199593181083	positive					False	0.763123606576542	0.0201567968879422			False	False	False	False	False	False	False	False	False	False
GM13341	GM13341	ENSMUSG00000083863	unique_symbol	1	0.0226561656037381	-0.344934775287061	-0.36759094089079913	negative	0.209683134955249	-0.564546831302043	-0.774229966257292	negative	True	0.923668349820965	0.00971693139281801	0.534361434876095	0.0371349274820587	False	True	False	False	False	False	False	True	False	False
GM13415	GM13415	ENSMUSG00000085057	unique_symbol	1	0.198561422756759	0.622025943953137	0.423464521196378	positive	2.3153965236453	2.23492551144085	-0.08047101220444963	negative	True	0.550152359203441	0.0141431964403971	1.99458365686037e-06	4.27930578462404e-06	True	True	False	False	False	False	False	False	False	False
GM13571	GM13571	ENSMUSG00000086196	unique_symbol	1	-0.295223961173808	0.0300370201976184	0.3252609813714264	positive	0.720984313490269	1.96784106279293	1.246856749302661	positive	True	0.0379163919808047	0.892617562306076	0.184238948719973	0.0002064535415215	False	True	False	False	False	False	False	True	False	False
GM13578	GM13578	ENSMUSG00000084104	unique_symbol	1	0.078581600166421	-0.690501766114032	-0.769083366280453	negative					False	0.888476587926212	0.0428624516076807			False	False	False	False	False	False	False	False	False	False
GM13619	GM13619	ENSMUSG00000052865	unique_symbol	1	-0.730911717026602	-0.329779970349999	0.40113174667660295	positive	-1.09475188122041	-0.64665780056645	0.44809408065396006	positive	True	0.0297288240807414	0.415277277960234	0.0346499948728439	0.23370540557622	True	False	False	False	False	False	False	True	False	False
GM13656	GM13656	ENSMUSG00000087527	unique_symbol	1	-0.586977728685693	-0.116176316928511	0.470801411757182	positive					False	0.0140537806094452	0.737938701731946			False	False	False	False	False	False	False	False	False	False
GM13661	GM13661	ENSMUSG00000087102	unique_symbol	1	-0.368542441199808	-0.895739164032877	-0.527196722833069	negative	-0.494718136108573	-0.85456531534934	-0.359847179240767	negative	True	0.396752141100374	0.00888475589586604	0.293093543922777	0.0285445640359426	False	True	False	False	False	False	False	True	False	False
GM13715	GM13715	ENSMUSG00000085025	unique_symbol	1	0.858711860114273	-0.388705310386029	-1.247417170500302	negative	0.841799438247679	-0.435284250598226	-1.277083688845905	negative	True	0.0291553844073746	0.407944802271895	0.0513524214140117	0.356715077029917	False	False	False	False	False	False	False	True	False	False
GM13872	GM13872	ENSMUSG00000087185	unique_symbol	1	0.453805106439387	0.874893484794121	0.421088378354734	positive					False	0.187368700129292	0.00282234631050115			False	False	False	False	False	False	False	False	False	False
GM13986	GM13986	ENSMUSG00000087203	unique_symbol	1	0.192419265917328	-1.24898857244612	-1.441407838363448	negative	-0.36689439672474	-0.442893370549511	-0.075998973824771	negative	True	0.813436889892526	0.0128826287978688	0.653676745983436	0.537955342311415	False	False	False	False	False	False	False	True	False	False
GM14108	GM14108	ENSMUSG00000083750	unique_symbol	1	2.72526973024049	1.58782770198903	-1.13744202825146	negative	4.99917134124932	4.37377744751059	-0.62539389373873	negative	True	1.11996371703935e-06	0.00212024698492354	1.25166922909512e-05	0.0001668995942797	True	True	False	False	False	False	False	True	False	False
GM14257	GM14257	ENSMUSG00000087616	unique_symbol	1	0.533115617709774	0.902820002591249	0.36970438488147495	positive					False	0.0887719035245318	0.00136719553421262			False	False	False	False	False	False	False	False	False	False
GM14273	GM14273	ENSMUSG00000085905	unique_symbol	1	1.58975858429459	1.96823684160063	0.3784782573060399	positive	1.54992747995247	1.83820367257062	0.28827619261814985	positive	True	1.71784801848365e-19	3.85685767862763e-26	5.6570435597984e-13	4.1660109972214697e-16	True	True	False	True	False	True	False	True	False	False
GM14317	GM14317	ENSMUSG00000086179	unique_symbol	1	-0.841217872136492	-0.311209337844398	0.5300085342920939	positive	-0.837961564168717	-0.337867319129085	0.500094245039632	positive	True	0.000323829502143426	0.276620137542094	0.0015039009645288	0.274737036577802	True	False	False	False	False	False	False	True	False	False
GM14412	GM14412	ENSMUSG00000078868	unique_symbol	1	-0.556716610730981	-0.235399226746044	0.32131738398493703	positive	-0.590503283261911	-0.231071231809929	0.35943205145198204	positive	True	0.00030808357073021	0.194271709705868	0.0032326082648982	0.31886593837934	True	False	False	False	False	False	False	True	False	False
GM14437	GM14437	ENSMUSG00000085358	unique_symbol	1	0.0314000410889917	-0.942068774984575	-0.9734688160735667	negative					False	0.969492568014524	0.0412354414939312			False	False	False	False	False	False	False	False	False	False
GM14705	GM14705	ENSMUSG00000086676	unique_symbol	1	-0.114084699058908	0.573152760747933	0.6872374598068409	positive					False	0.742081626653273	0.0127167005476856			False	False	False	False	False	False	False	False	False	False
GM15104	GM15104	ENSMUSG00000087360	unique_symbol	1	2.13643749016284	0.949142528271897	-1.187294961890943	negative					False	0.0111481125830827	0.266656522564302			False	False	False	False	False	False	False	False	False	False
GM15199	GM15199	ENSMUSG00000086428	unique_symbol	1	3.54214303656809	3.12013242534081	-0.4220106112272801	negative					False	0.00146205855684393	0.00017522154295887			False	False	False	False	False	False	False	False	False	False
GM15270	GM15270	ENSMUSG00000087400	unique_symbol	1	0.0114640024214812	-1.11507445189944	-1.1265384543209211	negative	-0.251656381182648	-0.824831157357612	-0.573174776174964	negative	True	0.991411761445737	0.0484871212192211	0.42255734676448	0.0005385971060339	False	True	False	False	False	False	False	True	False	False
GM15337	GM15337	ENSMUSG00000085289	unique_symbol	1	-0.202971620910645	0.113228878831899	0.316200499742544	positive	-0.625497624709177	0.0640155016835052	0.6895131263926823	positive	True	0.0482181576232214	0.330677096923887	0.153902082849774	0.912069474023874	False	False	False	False	False	False	False	True	False	False
GM15413	GM15413	ENSMUSG00000053049	unique_symbol	1	0.673926437500681	1.06587915137839	0.391952713877709	positive					False	0.00659065418496151	5.96722835642099e-06			False	False	False	False	False	False	False	False	False	False
GM15441	GM15441	ENSMUSG00000074398	unique_symbol	1	0.0718819287334192	-0.381946896503623	-0.4538288252370422	negative	-0.0608342001335204	-0.647703555184002	-0.5868693550504817	negative	True	0.760391492203458	0.012209813234603	0.925539425471196	0.116679645486836	False	False	False	False	False	False	False	True	False	False
GM15631	GM15631	ENSMUSG00000085067	unique_symbol	1	-0.265454189690286	-0.733896652502439	-0.46844246281215296	negative	-0.428371116438184	-0.486571688876202	-0.05820057243801802	negative	True	0.584148576645767	0.0324695988129472	0.399560515649621	0.256818336213683	False	False	False	False	False	False	False	True	False	False
GM15723	GM15723	ENSMUSG00000084865	unique_symbol	1	-0.50075487275478	-0.126495968684941	0.374258904069839	positive	-0.247239028453742	0.12327073659782	0.37050976505156197	positive	True	0.0215865481764597	0.662540637691327	0.736150398580825	0.863699100947276	False	False	False	False	False	False	False	True	False	False
GM15755	GM15755	ENSMUSG00000086910	unique_symbol	1	-0.445946792855709	-0.11223634788777	0.333710444967939	positive					False	0.000315708041210372	0.501746319252066			False	False	False	False	False	False	False	False	False	False
GM15767	GM15767	ENSMUSG00000086021	unique_symbol	1	1.07178296542221	0.0171648333425948	-1.054618132079615	negative	1.06635568854379	-0.0411041040592759	-1.1074597926030658	negative	True	0.030101845168029	0.98317169221669	0.0467161154772917	0.956743648409955	True	False	False	False	False	False	False	True	False	False
GM15856	GM15856	ENSMUSG00000086527	unique_symbol	1	-0.167159748389276	-0.939752706547281	-0.7725929581580051	negative					False	0.68141399558025	0.000528607305300859			False	False	False	False	False	False	False	False	False	False
GM15866	GM15866	ENSMUSG00000087290	unique_symbol	1	-0.090846204071941	-1.09757644252924	-1.006730238457299	negative					False	0.9045450906446	0.0104182810964954			False	False	False	False	False	False	False	False	False	False
GM15870	GM15870	ENSMUSG00000085813	unique_symbol	1	0.312005841777836	-0.850725171420142	-1.162731013197978	negative					False	0.562936061235248	0.0331412463205875			False	False	False	False	False	False	False	False	False	False
GM15873	GM15873	ENSMUSG00000085725	unique_symbol	1	1.95668114498482	2.4584836171378	0.5018024721529801	positive					False	2.72834158275508e-15	5.75615054432921e-20			False	False	False	False	False	False	False	False	False	False
GM15889	GM15889	ENSMUSG00000089712	unique_symbol	1	1.13502856046146	1.70421138268269	0.5691828222212298	positive					False	0.0823445555818928	0.0150122220074125			False	False	False	False	False	False	False	False	False	False
GM16029	GM16029	ENSMUSG00000090199	unique_symbol	1	0.666168559300688	0.308521033849716	-0.35764752545097195	negative					False	0.0233209027733011	0.368097110798318			False	False	False	False	False	False	False	False	False	False
GM16090	GM16090	ENSMUSG00000085595	unique_symbol	1	1.06547253015678	0.627531959741996	-0.43794057041478396	negative					False	0.000458917957627421	0.0549648310837892			False	False	False	False	False	False	False	False	False	False
GM16192	GM16192	ENSMUSG00000086773	unique_symbol	1	0.473295644064122	0.10733528703878	-0.365960357025342	negative					False	0.0298133583271981	0.72408693307288			False	False	False	False	False	False	False	False	False	False
GM16213	GM16213	ENSMUSG00000090017	unique_symbol	1	-0.41491901340366	0.0836479167670364	0.4985669301706964	positive					False	0.0038994760931612	0.684460754889441			False	False	False	False	False	False	False	False	False	False
GM16339	GM16339	ENSMUSG00000090050	unique_symbol	1	-1.13762982703601	-0.758048721177541	0.37958110585846894	positive					False	0.000633540366601873	0.0273025316666418			False	False	False	False	False	False	False	False	False	False
GM16364	GM16364	ENSMUSG00000086915	ambiguous_symbol	2	-0.551761093578461	0.211668484970025	0.763429578548486	positive	-0.37928794694683	-0.232438722559274	0.146849224387556	positive	True	2.89006450982459e-08	5.25186070464908e-06	0.0002058282341588	0.0323404294297561	True	True	False	False	False	False	False	True	False	False
GM16364	GM16364	ENSMUSG00000087014	ambiguous_symbol	2	-0.551761093578461	0.211668484970025	0.763429578548486	positive	-0.574510208965764	-0.416241068529925	0.158269140435839	positive	True	2.89006450982459e-08	5.25186070464908e-06	1.8278984510194401e-09	1.9109567845432e-05	True	True	False	False	False	False	False	True	False	False
GM16553	GM16553	ENSMUSG00000089956	unique_symbol	1	1.64726555403191	0.0255628109703638	-1.6217027430615463	negative					False	0.0227655008201422	0.982303127521772			False	False	False	False	False	False	False	False	False	False
GM16559	GM16559	ENSMUSG00000089635	unique_symbol	1	1.01514254529616	0.248469826450858	-0.766672718845302	negative					False	0.000153487233720638	0.488199595973371			False	False	False	False	False	False	False	False	False	False
GM16758	GM16758	ENSMUSG00000086534	unique_symbol	1	-0.602483681794854	0.0652251786373045	0.6677088604321585	positive	-0.418571232392683	0.129760709090283	0.548331941482966	positive	True	0.0447130485475789	0.890636178432114	0.220119236219816	0.756486100160479	False	False	False	False	False	False	False	True	False	False
GM16838	GM16838	ENSMUSG00000085689	unique_symbol	1	-0.320013900027793	-0.727465882382168	-0.407451982354375	negative					False	0.514982919045634	0.0354285573988381			False	False	False	False	False	False	False	False	False	False
GM16958	GM16958	ENSMUSG00000097456	unique_symbol	1	-0.0900709654886995	-0.418281441052614	-0.32821047556391447	negative	0.552243749929419	0.0732409856446998	-0.4790027642847192	negative	True	0.750825417426833	0.0255757506638214	0.398886118353232	0.92065811688059	False	False	False	False	False	False	False	True	False	False
GM17019	GM17019	ENSMUSG00000091897	unique_symbol	1	3.84983083997094	2.85095848396451	-0.9988723560064301	negative	6.43068537535699	4.58783881161377	-1.8428465637432208	negative	True	6.09906108312188e-07	6.45581801924354e-05	2.17906272167622e-09	3.55396139642948e-05	True	True	False	False	False	False	False	True	False	False
GM17094	GM17094	ENSMUSG00000090839	unique_symbol	1	4.17671674100175	4.64804879202212	0.47133205102037046	positive					False	0.000326574791642721	3.97068171934185e-05			False	False	False	False	False	False	False	False	False	False
GM17134	GM17134	ENSMUSG00000090860	unique_symbol	1	0.391166584481738	-0.00149716930726621	-0.39266375378900426	negative					False	0.0254129084930699	0.996117024709616			False	False	False	False	False	False	False	False	False	False
GM17391	GM17391	ENSMUSG00000095261	unique_symbol	1	1.72876615691482	0.388551198603294	-1.3402149583115261	negative					False	0.0279936621377324	0.708701813737954			False	False	False	False	False	False	False	False	False	False
GM17749	GM17749	ENSMUSG00000111818	unique_symbol	1	1.14142452191383	2.2256254939097	1.0842009719958703	positive					False	0.233013447807762	0.0183250325591738			False	False	False	False	False	False	False	False	False	False
GM17891	GM17891	ENSMUSG00000117246	unique_symbol	1	-0.877938808116465	-0.259376106254201	0.6185627018622639	positive	-0.801883543781822	-0.159338314025884	0.642545229755938	positive	True	0.0082771083792179	0.529988914680375	0.0652807531896065	0.751903882593112	False	False	False	False	False	False	False	True	False	False
GM18589	GM18589	ENSMUSG00000118443	unique_symbol	1	-0.410442883573862	-1.60870138516368	-1.198258501589818	negative	-0.892962164932682	-1.32074422734409	-0.4277820624114079	negative	True	0.600698609863169	0.0146719755017714	0.023279819085295	0.0007893629637875	True	True	False	False	False	False	False	True	False	False
GM18728	GM18728	ENSMUSG00000100955	unique_symbol	1	0.228680888030754	0.805250939682303	0.576570051651549	positive					False	0.603703393666899	0.01441895248561			False	False	False	False	False	False	False	False	False	False
GM18755	GM18755	ENSMUSG00000112712	unique_symbol	1	-0.609356741660641	-1.0056375769463	-0.39628083528565894	negative					False	0.179480820482969	0.0113681992394412			False	False	False	False	False	False	False	False	False	False
GM18795	GM18795	ENSMUSG00000113134	unique_symbol	1	0.327923849162566	-3.49175367029993	-3.8196775194624957	negative					False	0.90409013487862	0.0317128773146467			False	False	False	False	False	False	False	False	False	False
GM19410	GM19410	ENSMUSG00000109372	unique_symbol	1	0.227873440253302	0.640090525263589	0.412217085010287	positive	0.194421170582812	0.62108036197246	0.426659191389648	positive	True	0.402400064248408	0.00160784538564995	0.502193660238881	0.0043778238767264	False	True	False	False	False	False	False	True	False	False
GM19554	GM19554	ENSMUSG00000113835	unique_symbol	1	-0.888637459885046	-0.489199386540091	0.39943807334495507	positive	-0.617332574814928	-0.646902439870222	-0.02956986505529402	negative	True	0.000654718739952774	0.0894670311830715	0.0893014925299633	0.0570019611549307	False	False	False	False	False	False	False	False	False	False
GM19569	GM19569	ENSMUSG00000099094	unique_symbol	1	0.0607154335947614	-0.712632478732272	-0.7733479123270334	negative	-0.135723707464841	-0.78671956935353	-0.6509958618886891	negative	True	0.89112005273796	0.00553026128148481	0.758420554509973	0.0125484757408364	False	True	False	False	False	False	False	True	False	False
GM19590	GM19590	ENSMUSG00000107061	unique_symbol	1	-0.235001782176101	-0.544526380930992	-0.309524598754891	negative	-0.158901254847861	-0.65267571097462	-0.49377445612675896	negative	True	0.423444926167757	0.0204425142161354	0.676541496407839	0.0224670959052304	False	True	False	False	False	False	False	True	False	False
GM19596	GM19596	ENSMUSG00000107857	unique_symbol	1	6.02642486677389	4.42052071307909	-1.6059041536948007	negative	5.4046798144205	5.53009456155557	0.1254147471350704	positive	True	2.46317880273159e-08	1.11884842766507e-08	2.73256576083967e-06	1.21953477774904e-06	True	True	False	False	False	False	False	False	False	False
GM19935	GM19935	ENSMUSG00000110332	unique_symbol	1	-0.187408214491422	-0.659235311021979	-0.471827096530557	negative	-0.153498158559954	-0.675023145263719	-0.521524986703765	negative	True	0.380741280453078	3.37698964033209e-05	0.497111930137621	7.17081631244364e-05	False	True	False	False	False	False	False	True	False	False
GM2007	GM2007	ENSMUSG00000094932	unique_symbol	1	-0.121916862415206	-0.889124137584887	-0.767207275169681	negative					False	0.720530188503251	3.2168348859365e-05			False	False	False	False	False	False	False	False	False	False
GM2018	GM2018	ENSMUSG00000085798	unique_symbol	1	-1.06228592834339	-1.44484205193949	-0.3825561235960999	negative					False	0.000378495628856889	1.28920410468405e-06			False	False	False	False	False	False	False	False	False	False
GM20412	GM20412	ENSMUSG00000092283	unique_symbol	1	0.621905659076368	0.260672258478091	-0.36123340059827697	negative					False	0.000713463040111903	0.231401268330011			False	False	False	False	False	False	False	False	False	False
GM20444	GM20444	ENSMUSG00000092258	unique_symbol	1	0.360757161330016	-0.416961577695022	-0.777718739025038	negative	-0.226522414372599	-0.783879727195659	-0.55735731282306	negative	True	0.074739910499696	0.0281306565579666	0.834519784841874	0.250492608465425	False	False	False	False	False	False	False	True	False	False
GM20449	GM20449	ENSMUSG00000092592	unique_symbol	1	-0.0259918098282114	-0.330095561205144	-0.3041037513769326	negative					False	0.919191255519188	0.0309412926368229			False	False	False	False	False	False	False	False	False	False
GM20471	GM20471	ENSMUSG00000092188	unique_symbol	1	0.625561932286226	-0.862092720841337	-1.4876546531275632	negative					False	0.144965754937459	0.0255286664627598			False	False	False	False	False	False	False	False	False	False
GM20597	GM20597	ENSMUSG00000112739	unique_symbol	1	0.226758759565748	0.55034078474932	0.32358202518357204	positive	0.323027518929728	0.525984262556352	0.20295674362662403	positive	True	0.240162412999924	0.000679576044904518	0.0585354821290682	0.0010706963585498	False	True	False	False	False	False	False	True	False	False
GM20614	GM20614	ENSMUSG00000093649	unique_symbol	1	-1.64822157988168	-0.571734751586272	1.0764868282954079	positive					False	0.0185866043828196	0.449056514040696			False	False	False	False	False	False	False	False	False	False
GM20627	GM20627	ENSMUSG00000093507	unique_symbol	1	1.51146386704815	-0.136226130207314	-1.647689997255464	negative					False	0.0256703479165661	0.882396139502058			False	False	False	False	False	False	False	False	False	False
GM20646	GM20646	ENSMUSG00000093436	unique_symbol	1	0.369561826023638	-1.8236073080201	-2.193169134043738	negative					False	0.780154587842479	0.0349492792102126			False	False	False	False	False	False	False	False	False	False
GM20652	GM20652	ENSMUSG00000093390	unique_symbol	1	1.15114124110467	0.553883768601366	-0.597257472503304	negative					False	0.000549642094866145	0.107425079143526			False	False	False	False	False	False	False	False	False	False
GM20684	GM20684	ENSMUSG00000093405	unique_symbol	1	-0.00488123622123205	-0.773037339729388	-0.768156103508156	negative	-0.0541631774613863	-1.17715171641848	-1.1229885389570937	negative	True	0.991411761445737	0.000824638093093247	0.92162755838135	0.0006515789411096	False	True	False	False	False	False	False	True	False	False
GM21083	GM21083	ENSMUSG00000096878	unique_symbol	1	3.14393762378969	3.64779853238219	0.5038609085925003	positive	3.24636557531403	3.18306541920335	-0.0633001561106803	negative	True	5.90401637959681e-05	5.0271816670589e-05	0.0007895914382616	0.0002356048296335	True	True	False	False	False	False	False	False	False	False
GM21149	GM21149	ENSMUSG00000099762	unique_symbol	1	4.0542936665951	2.24593861354976	-1.8083550530453403	negative	4.31076776217404	2.93666667887975	-1.3741010832942897	negative	True	0.000167566191632958	0.00495019480203391	0.0001937116185036	0.003443679101477	True	True	False	False	False	False	False	True	False	False
GM21941	GM21941	ENSMUSG00000113413	unique_symbol	1	0.671624098313851	1.21911517933859	0.547491081024739	positive					False	0.326543469828237	0.0325849001469383			False	False	False	False	False	False	False	False	False	False
GM22513	GM22513	ENSMUSG00000119895	unique_symbol	1	-0.654650995492644	-1.29575764877762	-0.6411066532849758	negative	-0.675516514656772	-0.713283412910518	-0.03776689825374602	negative	True	0.366718609268859	0.027118858252005	0.490921623777347	0.430851608848595	False	False	False	False	False	False	False	True	False	False
GM2446	GM2446	ENSMUSG00000112690	unique_symbol	1	-1.52708418761051	-0.147785062833124	1.3792991247773858	positive					False	0.00678132636749842	0.870362004706841			False	False	False	False	False	False	False	False	False	False
GM26457	GM26457	ENSMUSG00000064612	ambiguous_symbol	2	4.99411648088	6.86419040188812	1.87007392100812	positive					False	1.48284575821203e-05	4.16628285263082e-08			False	False	False	False	False	False	False	False	False	False
GM26457	GM26457	ENSMUSG00002074855	ambiguous_symbol	2	4.99411648088	6.86419040188812	1.87007392100812	positive					False	1.48284575821203e-05	4.16628285263082e-08			False	False	False	False	False	False	False	False	False	False
GM26535	GM26535	ENSMUSG00000097742	unique_symbol	1	2.50079445278774	2.84631317214849	0.34551871936074985	positive					False	0.00113137476960324	0.000161420258826163			False	False	False	False	False	False	False	False	False	False
GM26671	GM26671	ENSMUSG00000097339	unique_symbol	1	2.60145948123151	1.22034257132509	-1.38111690990642	negative					False	0.000640769291044057	0.0902976440981674			False	False	False	False	False	False	False	False	False	False
GM26740	GM26740	ENSMUSG00000097705	unique_symbol	1	-0.043550294226533	-0.487190399137521	-0.443640104910988	negative	0.187846971140735	-0.682625545155945	-0.87047251629668	negative	True	0.885535167575473	0.00342380191186214	0.789217539215959	0.184000727622197	False	False	False	False	False	False	False	True	False	False
GM26760	GM26760	ENSMUSG00000097068	unique_symbol	1	-0.440164500311654	-0.107662505469841	0.332501994841813	positive	-0.410324357782428	0.0117277760745786	0.4220521338570066	positive	True	0.00058231637520988	0.531400593713844	0.025810455223069	0.963757545279242	True	False	False	False	False	False	False	True	False	False
GM26771	GM26771	ENSMUSG00000097250	unique_symbol	1	0.976901646316205	-0.130534715536556	-1.107436361852761	negative	-0.128550123048982	-0.273660030530463	-0.145109907481481	negative	True	0.00146205855684393	0.781498192562467	0.797223637089803	0.519710802841299	False	False	False	False	False	False	False	True	False	False
GM26793	GM26793	ENSMUSG00000096999	unique_symbol	1	6.61682895873243	5.84326517251206	-0.7735637862203699	negative	5.06032611000091	4.78675801321372	-0.27356809678718985	negative	True	1.54856633357299e-10	2.08062775223327e-08	1.02089010641156e-05	2.9716564483523e-05	True	True	False	False	False	False	False	True	False	False
GM26795	GM26795	ENSMUSG00000097776	unique_symbol	1	0.287320841219926	0.64197782238518	0.35465698116525396	positive					False	0.0221014222433107	1.52889467779697e-08			False	False	False	False	False	False	False	False	False	False
GM27176	GM27176	ENSMUSG00000099027	unique_symbol	1	-0.303158032929235	-1.29901664319402	-0.9958586102647851	negative					False	0.751213058770928	0.0445246561535468			False	False	False	False	False	False	False	False	False	False
GM28154	GM28154	ENSMUSG00000100053	unique_symbol	1	1.02842548871227	0.572174435679607	-0.4562510530326629	negative					False	1.58461541254102e-05	0.026717224718477			False	False	False	False	False	False	False	False	False	False
GM28437	GM28437	ENSMUSG00000101111	unique_symbol	1	0.0445853683989176	-0.286921382373242	-0.3315067507721596	negative	0.815956358727932	-0.527109249853553	-1.343065608581485	negative	True	0.719351441191085	0.000251704094819354	0.326697144666609	0.546932354205013	False	False	False	False	False	False	False	True	False	False
GM28438	GM28438	ENSMUSG00000101939	unique_symbol	1	-0.00375090417067939	-0.434529406587538	-0.4307785024168586	negative					False	0.98292291527879	2.21577012889487e-07			False	False	False	False	False	False	False	False	False	False
GM28651	GM28651	ENSMUSG00000101086	unique_symbol	1	-0.172701904609055	-0.750533993925139	-0.577832089316084	negative	-0.316979655414885	-0.88198979289554	-0.5650101374806551	negative	True	0.639943324682729	0.00352338307548561	0.63428237129956	0.125249723583207	False	False	False	False	False	False	False	True	False	False
GM28932	GM28932	ENSMUSG00000101445	unique_symbol	1	-0.197926509097892	-0.85133048469842	-0.653403975600528	negative					False	0.640505403426143	0.00227418258246249			False	False	False	False	False	False	False	False	False	False
GM28981	GM28981	ENSMUSG00000101895	unique_symbol	1	0.16396797404191	0.601613561190233	0.437645587148323	positive					False	0.264470401395496	1.45036430555985e-07			False	False	False	False	False	False	False	False	False	False
GM28982	GM28982	ENSMUSG00000101832	unique_symbol	1	0.0666229998429664	-0.939194116210124	-1.0058171160530904	negative					False	0.919699161322138	0.0195059376853948			False	False	False	False	False	False	False	False	False	False
GM29232	GM29232	ENSMUSG00000100046	unique_symbol	1	-0.511159420259818	-0.189075504405643	0.32208391585417495	positive					False	1.56889686500489e-06	0.136149279591371			False	False	False	False	False	False	False	False	False	False
GM29335	GM29335	ENSMUSG00000101736	unique_symbol	1	6.54962467598976	5.18804289260296	-1.3615817833868	negative	5.24156035421801	4.9399412403833	-0.3016191138347102	negative	True	9.17233010425883e-09	9.64973228623437e-06	8.95906873492323e-06	3.45227019027259e-05	True	True	False	False	False	False	False	True	False	False
GM29374	GM29374	ENSMUSG00000099839	unique_symbol	1	4.9263406729367	5.46679697977374	0.54045630683704	positive	5.83004332838128	5.98843122526243	0.15838789688115007	positive	True	2.89170513300513e-09	1.8479928965479e-11	3.9697537252805e-07	1.29849195620346e-07	True	True	False	False	False	False	False	True	False	False
GM29418	GM29418	ENSMUSG00000100345	unique_symbol	1	-0.182040012255026	-1.04930529088847	-0.8672652786334439	negative					False	0.764037458742087	0.00652597649410296			False	False	False	False	False	False	False	False	False	False
GM29480	GM29480	ENSMUSG00000101995	unique_symbol	1	-0.796861739743061	-0.450381541983974	0.34648019775908695	positive	-0.750529185520823	-0.547111465228655	0.2034177202921681	positive	True	3.12586188061639e-05	0.0279632715633828	0.0007192861133931	0.0151793239681907	True	True	False	False	False	False	False	True	False	False
GM29506	GM29506	ENSMUSG00000101227	unique_symbol	1	0.149491265580774	0.492778358651571	0.34328709307079697	positive	0.369098355602694	0.416852905703568	0.04775455010087398	positive	True	0.538630468444784	0.00550658194251635	0.33152514819912	0.222864044991562	False	False	False	False	False	False	False	True	False	False
GM29529	GM29529	ENSMUSG00000100945	unique_symbol	1	-0.471716111470447	-0.114848889279053	0.356867222191394	positive					False	0.000758191148772901	0.550135765689287			False	False	False	False	False	False	False	False	False	False
GM29541	GM29541	ENSMUSG00000101007	unique_symbol	1	2.91651919328829	1.63185393956454	-1.28466525372375	negative					False	0.00247175779400428	0.0361618657974646			False	False	False	False	False	False	False	False	False	False
GM29594	GM29594	ENSMUSG00000102057	unique_symbol	1	-0.843151767509531	-0.50918113062845	0.333970636881081	positive	-0.816968287688084	-0.514340048196382	0.30262823949170203	positive	True	0.000644150314499687	0.0463220363871428	3.7672728430163e-05	0.0102324225524643	True	True	False	False	False	False	False	True	False	False
GM29682	GM29682	ENSMUSG00000110053	unique_symbol	1	0.513160297464151	-0.277091870215341	-0.790252167679492	negative					False	0.039215731011051	0.302371938668303			False	False	False	False	False	False	False	False	False	False
GM29685	GM29685	ENSMUSG00000112910	unique_symbol	1	2.30647973915921	2.94149059572329	0.6350108565640804	positive					False	0.0562689679578919	0.00174014118863691			False	False	False	False	False	False	False	False	False	False
GM29696	GM29696	ENSMUSG00000112829	unique_symbol	1	-0.0564028824850921	0.442891747714346	0.4992946301994381	positive					False	0.83625091089531	0.00853691127443382			False	False	False	False	False	False	False	False	False	False
GM29946	GM29946	ENSMUSG00000118196	unique_symbol	1	0.187220725287515	0.511355070491622	0.324134345204107	positive	-0.801037043434003	-0.515025806361599	0.28601123707240395	positive	True	0.509701401251638	0.017563425862646	0.144467804464377	0.3244514949623	False	False	False	False	False	False	False	True	False	False
GM30015	GM30015	ENSMUSG00000111334	unique_symbol	1	-0.0151265880384275	0.304687741550009	0.3198143295884365	positive	0.0736084251529997	-0.273072735276267	-0.3466811604292667	negative	True	0.948105803632345	0.0264397130064341	0.830137534844121	0.314404276973232	False	False	False	False	False	False	False	False	False	False
GM30094	GM30094	ENSMUSG00000118170	unique_symbol	1	4.41301800231764	3.25102348887663	-1.1619945134410106	negative					False	1.99128049633818e-23	1.20301886386291e-23			False	False	False	False	False	False	False	False	False	False
GM30339	GM30339	ENSMUSG00000116237	unique_symbol	1	-0.607857345581925	-0.952943414374512	-0.3450860687925871	negative	-0.543845877055418	-0.927619864125667	-0.383773987070249	negative	True	0.242730192154331	0.0398729124938568	0.387856374832908	0.0895832443875724	False	False	False	False	False	False	False	True	False	False
GM30421	GM30421	ENSMUSG00000120531	unique_symbol	1	1.16422748052321	1.82604757169574	0.66182009117253	positive					False	0.182445428666574	0.0248091921290606			False	False	False	False	False	False	False	False	False	False
GM30504	GM30504	ENSMUSG00000110260	unique_symbol	1	-1.17460467222613	-0.366332410578891	0.8082722616472391	positive	-1.31105708878053	-0.415202224385457	0.895854864395073	positive	True	5.13510050893854e-06	0.223310989787184	0.0001605829818015	0.260924394424037	True	False	False	False	False	False	False	True	False	False
GM30693	GM30693	ENSMUSG00000120550	unique_symbol	1	-0.95919096679799	-0.137670491751324	0.821520475046666	positive	-0.369692988629445	-0.0537820158632461	0.3159109727661989	positive	True	0.00395330543416952	0.792119582063617	0.343865896963395	0.918714451247246	False	False	False	False	False	False	False	True	False	False
GM30694	GM30694	ENSMUSG00000109913	unique_symbol	1	1.10138279730654	0.473634453126815	-0.6277483441797249	negative					False	0.00649048645445487	0.296014881777765			False	False	False	False	False	False	False	False	False	False
GM30794	GM30794	ENSMUSG00000117545	unique_symbol	1	-0.360376522753379	-0.896138880146104	-0.535762357392725	negative	-0.36794380175083	-0.800957589427374	-0.433013787676544	negative	True	0.392401363069978	0.00612563622019417	0.502644462032257	0.0788093613669799	False	False	False	False	False	False	False	True	False	False
GM30818	GM30818	ENSMUSG00000141584	unique_symbol	1	0.275275260962085	1.04773161895052	0.7724563579884349	positive					False	0.591800410481055	0.00458406671519184			False	False	False	False	False	False	False	False	False	False
GM31048	GM31048	ENSMUSG00000105615	unique_symbol	1	5.83002326935899	2.21574330778747	-3.61427996157152	negative					False	2.03437686869752e-05	0.0807264722298054			False	False	False	False	False	False	False	False	False	False
GM31373	GM31373	ENSMUSG00000104487	unique_symbol	1	1.69889284742718	0.727271266591539	-0.9716215808356411	negative					False	0.0235762891490524	0.420650139183791			False	False	False	False	False	False	False	False	False	False
GM31406	GM31406	ENSMUSG00000103640	unique_symbol	1	-0.624430102803238	0.0634479293601552	0.6878780321633932	positive					False	0.000777303767233956	0.8298251586231			False	False	False	False	False	False	False	False	False	False
GM31416	GM31416	ENSMUSG00000120434	unique_symbol	1	1.75504858374338	1.22559498544479	-0.52945359829859	negative					False	3.70215127712998e-06	0.00161442092699054			False	False	False	False	False	False	False	False	False	False
GM31557	GM31557	ENSMUSG00000111800	unique_symbol	1	2.18284662104776	2.83628154215506	0.6534349211073001	positive					False	7.64983058931523e-10	7.16775590778416e-14			False	False	False	False	False	False	False	False	False	False
GM31831	GM31831	ENSMUSG00000105157	unique_symbol	1	4.97316081291686	6.35524320717273	1.3820823942558702	positive	5.92919333138573	5.86563600083936	-0.06355733054637014	negative	True	4.30073190536841e-21	2.92576176233805e-15	1.80257709564212e-10	2.33389344466418e-10	True	True	False	False	False	False	False	False	False	False
GM31974	GM31974	ENSMUSG00000121237	unique_symbol	1	1.13642389017493	0.753732147322091	-0.3826917428528389	negative					False	1.44007342448486e-14	5.96275782839641e-07			False	False	False	False	False	False	False	False	False	False
GM32085	GM32085	ENSMUSG00000119993	unique_symbol	1	-0.68919897172312	-0.364711180645885	0.32448779107723497	positive	-0.588614985648253	-0.422555440649875	0.166059544998378	positive	True	0.00281824862396803	0.16818963596185	0.0417497298483257	0.17315078581713	True	False	False	False	False	False	False	True	False	False
GM32090	GM32090	ENSMUSG00000114807	unique_symbol	1	1.22558408747363	0.100150905458401	-1.1254331820152288	negative	1.05811638463521	0.176800613086583	-0.881315771548627	negative	True	0.0024947283297588	0.877155365441466	0.0874563965760147	0.820013168887548	False	False	False	False	False	False	False	True	False	False
GM32113	GM32113	ENSMUSG00000120773	unique_symbol	1	-0.605381587756411	-0.272861153455844	0.33252043430056705	positive	-0.760919057502229	-0.74096285837213	0.01995619913009894	positive	True	0.00532383048465698	0.262543566424884	0.010395542657807	0.0109326396418266	True	True	False	False	False	False	False	True	False	False
GM32255	GM32255	ENSMUSG00000112120	unique_symbol	1	0.67934981260449	1.63475995456073	0.9554101419562401	positive					False	0.251545001148408	0.00207720532575485			False	False	False	False	False	False	False	False	False	False
GM32282	GM32282	ENSMUSG00000117648	unique_symbol	1	0.000741783007376568	-0.431229677774556	-0.4319714607819326	negative	-0.298835197578359	-0.488407577208623	-0.18957237963026397	negative	True	0.998341328682692	0.0186683554730923	0.467254034246514	0.12425566188276	False	False	False	False	False	False	False	True	False	False
GM3234	GM3234	ENSMUSG00000113415	unique_symbol	1	-0.496315891186715	-0.0384461791449209	0.4578697120417941	positive	-0.499084891228025	0.0443698774766317	0.5434547687046567	positive	True	0.0302365551094225	0.916793091150266	0.0465793498036078	0.899174243644505	True	False	False	False	False	False	False	True	False	False
GM32531	GM32531	ENSMUSG00000109701	unique_symbol	1	-0.741236028331027	-0.30136126868585	0.43987475964517697	positive					False	0.039063880188399	0.485519127718319			False	False	False	False	False	False	False	False	False	False
GM32652	GM32652	ENSMUSG00000120413	unique_symbol	1	-0.142644203933842	-0.935179335024655	-0.792535131090813	negative	0.110820856127256	-0.15491254278642	-0.265733398913676	negative	True	0.613393923528606	2.3117360293041e-07	0.709222903619572	0.559599645144789	False	False	False	False	False	False	False	True	False	False
GM32750	GM32750	ENSMUSG00000118293	unique_symbol	1	0.801752439736053	1.36943656249516	0.5676841227591071	positive					False	0.288856202358299	0.0439491369300921			False	False	False	False	False	False	False	False	False	False
GM33280	GM33280	ENSMUSG00000102202	unique_symbol	1	-0.27479395396616	-0.694396683184976	-0.41960272921881603	negative	-0.477631836319024	-0.932216933240219	-0.45458509692119503	negative	True	0.442297496753067	0.0118585091687263	0.564556954467844	0.161595153759521	False	False	False	False	False	False	False	True	False	False
GM33318	GM33318	ENSMUSG00000120046	unique_symbol	1	-0.197481242611252	-0.519857217040386	-0.322375974429134	negative	-0.229439043255695	-0.571080476811099	-0.341641433555404	negative	True	0.57695028371236	0.0476981596206919	0.44654572729945	0.0190573869003605	False	True	False	False	False	False	False	True	False	False
GM3360	GM3360	ENSMUSG00000105705	unique_symbol	1	3.52732706357005	3.95315152896953	0.4258244653994798	positive					False	2.32243951976228e-05	0.000244778966555991			False	False	False	False	False	False	False	False	False	False
GM33973	GM33973	ENSMUSG00000103451	unique_symbol	1	-0.860020617879433	-0.543616839998012	0.31640377788142093	positive	-1.08190478379909	-0.745263653706219	0.336641130092871	positive	True	9.30204949501371e-05	0.021951203653835	0.0023328080060677	0.0554975643441276	True	False	False	False	False	False	False	True	False	False
GM34176	GM34176	ENSMUSG00000102922	unique_symbol	1	1.66479457987589	0.77158267526167	-0.8932119046142201	negative					False	0.0425869348899881	0.360520293658891			False	False	False	False	False	False	False	False	False	False
GM34312	GM34312	ENSMUSG00000108118	unique_symbol	1	-0.973721032255639	-0.58114986165176	0.392571170603879	positive	-0.553383139155856	0.0269119647863409	0.580295103942197	positive	True	5.37151407679033e-22	2.20153760505902e-08	0.508752724259659	0.976622473340707	False	False	False	False	False	False	False	True	False	False
GM34388	GM34388	ENSMUSG00000114474	unique_symbol	1	-0.0514251428993853	-1.37101214510754	-1.3195870022081548	negative					False	0.960440645527075	0.019851959445826			False	False	False	False	False	False	False	False	False	False
GM34552	GM34552	ENSMUSG00000113031	unique_symbol	1	-0.901628870086641	-0.261204378158933	0.640424491927708	positive	-0.710186637662179	-0.358596549410085	0.35159008825209404	positive	True	0.00295095677140807	0.506167708023121	0.0431597482268864	0.35988995841392	True	False	False	False	False	False	False	True	False	False
GM34654	GM34654	ENSMUSG00000111253	unique_symbol	1	-0.271477190520551	-0.839307400857369	-0.567830210336818	negative	-0.132998099455668	-0.657610817258183	-0.5246127178025151	negative	True	0.601784505950922	0.0203075106704639	0.795488594499095	0.0680691378852315	False	False	False	False	False	False	False	True	False	False
GM34759	GM34759	ENSMUSG00000115441	unique_symbol	1	0.296116854273252	-1.0137376232389	-1.309854477512152	negative					False	0.639037791947079	0.0333144413285738			False	False	False	False	False	False	False	False	False	False
GM34934	GM34934	ENSMUSG00000115100	unique_symbol	1	0.0779021363673168	-0.407831532214419	-0.4857336685817358	negative	0.332212727950041	-0.359874676014461	-0.692087403964502	negative	True	0.793804187623766	0.0341625854482837	0.277073142321491	0.208174890436628	False	False	False	False	False	False	False	True	False	False
GM35037	GM35037	ENSMUSG00000107985	unique_symbol	1	1.57113207069953	2.97975951287339	1.40862744217386	positive	1.51112872471338	3.65584321764598	2.1447144929326	positive	True	0.00881295054365834	1.09204700109001e-05	0.0232232448516028	7.48373554173563e-05	True	True	False	False	False	False	False	True	False	False
GM35167	GM35167	ENSMUSG00000115680	unique_symbol	1	-0.915455576772674	-0.486834975618094	0.42862060115457995	positive	-0.913738773494912	-0.537885896018914	0.37585287747599794	positive	True	0.00560004559555028	0.179291818567013	0.0246924431795101	0.19030043977389	True	False	False	False	False	False	False	True	False	False
GM35340	GM35340	ENSMUSG00000120485	unique_symbol	1	1.06004817798453	0.348468245348502	-0.7115799326360281	negative	1.2114480937779	0.190348442131755	-1.021099651646145	negative	True	0.0284623731552771	0.572322132666003	0.0418595162401815	0.803050960989142	True	False	False	False	False	False	False	True	False	False
GM35439	GM35439	ENSMUSG00000105476	unique_symbol	1	3.90601118641352	4.23868895883825	0.3326777724247303	positive					False	2.77078670739196e-49	9.61280598505165e-46			False	False	False	False	False	False	False	False	False	False
GM35625	GM35625	ENSMUSG00000110026	unique_symbol	1	-0.455337975511497	-0.777087802353283	-0.321749826841786	negative	-0.368125467036642	-0.743885470523241	-0.37576000348659905	negative	True	0.194285820723543	0.0104499842498152	0.352404151792802	0.027159485437291	False	True	False	False	False	False	False	True	False	False
GM35721	GM35721	ENSMUSG00000112143	unique_symbol	1	-0.447556461583698	-0.749359375635241	-0.301802914051543	negative	-0.548360071965303	-0.840180304083205	-0.291820232117902	negative	True	1.84942254678772e-06	3.54882063762528e-17	2.73029582917386e-08	2.80355438232398e-19	True	True	False	True	False	True	False	True	False	False
GM35725	GM35725	ENSMUSG00000113666	unique_symbol	1	-1.68048623584961	-0.917541197193809	0.762945038655801	positive	-1.47786018545978	-1.10160241920589	0.37625776625388996	positive	True	8.82755985986667e-05	0.0321072562628324	0.0036306483131279	0.0148723172151861	True	True	False	False	False	False	False	True	False	False
GM36355	GM36355	ENSMUSG00000107704	unique_symbol	1	-0.123032232091028	-0.548861110375115	-0.425828878284087	negative	-0.192148523129241	-0.299026251890812	-0.106877728761571	negative	True	0.723703076275271	0.0156559089813472	0.697198350663413	0.495040406083896	False	False	False	False	False	False	False	True	False	False
GM36393	GM36393	ENSMUSG00000120788	unique_symbol	1	1.15900407963238	0.445986163310493	-0.7130179163218869	negative					False	0.0459908535566712	0.525477353601037			False	False	False	False	False	False	False	False	False	False
GM36529	GM36529	ENSMUSG00000113771	unique_symbol	1	-0.678760486417338	-1.16993475413081	-0.49117426771347206	negative	-0.358785925936882	-1.35402111090187	-0.9952351849649881	negative	True	0.0414157931783163	0.000126390751953562	0.590023772209779	0.0139941000854333	False	True	False	False	False	False	False	True	False	False
GM36642	GM36642	ENSMUSG00000115204	unique_symbol	1	0.146783759778551	0.710248385981106	0.563464626202555	positive					False	0.768156662553198	0.0278100746486163			False	False	False	False	False	False	False	False	False	False
GM36723	GM36723	ENSMUSG00000113669	unique_symbol	1	-1.04970513275797	-0.162065276828416	0.8876398559295541	positive					False	0.0162755492917513	0.807458103434178			False	False	False	False	False	False	False	False	False	False
GM36742	GM36742	ENSMUSG00000116965	unique_symbol	1	-0.0329128734440358	-1.43111278375954	-1.3981999103155043	negative					False	0.974755958044046	0.0118624888419992			False	False	False	False	False	False	False	False	False	False
GM36855	GM36855	ENSMUSG00000111110	unique_symbol	1	3.04581802615387	3.54390631231471	0.49808828616084	positive	3.32936170697505	3.5922632976154	0.2629015906403498	positive	True	7.24852262539139e-06	1.51820581656093e-06	0.0001086482363937	9.28379687413797e-05	True	True	False	False	False	False	False	True	False	False
GM36914	GM36914	ENSMUSG00000120097	unique_symbol	1	-0.547647890868997	-0.130436451594983	0.41721143927401405	positive					False	0.0458019476615866	0.717511865025797			False	False	False	False	False	False	False	False	False	False
GM37020	GM37020	ENSMUSG00000103603	unique_symbol	1	-0.649580809527893	-0.133679598250096	0.515901211277797	positive					False	0.0487420270274264	0.781288408571331			False	False	False	False	False	False	False	False	False	False
GM37087	GM37087	ENSMUSG00000103187	unique_symbol	1	3.5629437563932	3.87487835698374	0.31193460059054035	positive					False	0.000514195526657816	0.0014652117000999			False	False	False	False	False	False	False	False	False	False
GM37131	GM37131	ENSMUSG00000103440	unique_symbol	1	-1.8134073084177	-0.160133238028929	1.653274070388771	positive					False	0.0113660328833905	0.874918424358888			False	False	False	False	False	False	False	False	False	False
GM37245	GM37245	ENSMUSG00000102476	unique_symbol	1	1.12553475092876	0.675435358786083	-0.45009939214267713	negative					False	1.80667208471116e-06	0.00550658194251635			False	False	False	False	False	False	False	False	False	False
GM37249	GM37249	ENSMUSG00000103857	unique_symbol	1	-0.66944164404873	-1.01626224696594	-0.34682060291720995	negative					False	0.159282505400036	0.0235332156475113			False	False	False	False	False	False	False	False	False	False
GM37345	GM37345	ENSMUSG00000103947	unique_symbol	1	-0.171705150235064	-0.90181666943461	-0.730111519199546	negative	-0.0222760236091298	-1.0105930782768	-0.9883170546676702	negative	True	0.794093501095975	0.0260235334084555	0.976300758008645	0.0194025029656283	False	True	False	False	False	False	False	True	False	False
GM37403	GM37403	ENSMUSG00000103320	unique_symbol	1	-1.22833415436519	-0.384726542315472	0.843607612049718	positive					False	0.03155338838758	0.617667695070018			False	False	False	False	False	False	False	False	False	False
GM37412	GM37412	ENSMUSG00000103492	unique_symbol	1	-0.742775609421943	-0.359719227481185	0.383056381940758	positive	-0.67182147696021	-0.394875308718909	0.27694616824130097	positive	True	0.00153663060223643	0.152259058535731	0.0030216974244563	0.0835385774671606	True	False	False	False	False	False	False	True	False	False
GM37493	GM37493	ENSMUSG00000102218	unique_symbol	1	-0.409191611828238	-1.239154920145	-0.8299633083167621	negative					False	0.637726942665343	0.0406240646546833			False	False	False	False	False	False	False	False	False	False
GM37759	GM37759	ENSMUSG00000102717	unique_symbol	1	0.257817907619126	-2.77363099308231	-3.031448900701436	negative					False	0.89737983202704	0.0188592921686786			False	False	False	False	False	False	False	False	False	False
GM37802	GM37802	ENSMUSG00000103303	unique_symbol	1	0.10577922405827	-0.793924787039533	-0.899704011097803	negative					False	0.860990770462925	0.0298960055682121			False	False	False	False	False	False	False	False	False	False
GM38039	GM38039	ENSMUSG00000103719	unique_symbol	1	0.0390960300904003	0.350949926477627	0.3118538963872267	positive					False	0.848925678809311	0.00457087974935636			False	False	False	False	False	False	False	False	False	False
GM38124	GM38124	ENSMUSG00000103082	unique_symbol	1	-1.04086995831311	-0.414683480266262	0.626186478046848	positive	-0.877757433795796	-0.394909643836451	0.48284778995934496	positive	True	0.0153516057285703	0.412153019343735	0.0663861070562662	0.439948355280226	False	False	False	False	False	False	False	True	False	False
GM38204	GM38204	ENSMUSG00000103676	unique_symbol	1	1.01689810108193	0.440128219675333	-0.576769881406597	negative					False	0.00882022597924279	0.339121745489505			False	False	False	False	False	False	False	False	False	False
GM38256	GM38256	ENSMUSG00000102789	unique_symbol	1	-0.86940279550996	-0.345426969694981	0.523975825814979	positive					False	5.13369829427244e-08	0.0607784450404902			False	False	False	False	False	False	False	False	False	False
GM38403	GM38403	ENSMUSG00000112854	unique_symbol	1	1.90589495846907	0.601535780389285	-1.304359178079785	negative					False	0.00955853411727649	0.508799405768534			False	False	False	False	False	False	False	False	False	False
GM38572	GM38572	ENSMUSG00000110329	unique_symbol	1	-0.696590762131041	-0.38634176783449	0.310248994296551	positive					False	0.00283658313894211	0.161184025566141			False	False	False	False	False	False	False	False	False	False
GM38642	GM38642	ENSMUSG00000111219	ambiguous_symbol	2	1.95687586598085	0.291092731334591	-1.665783134646259	negative					False	0.00242354656300807	0.827718167089227			False	False	False	False	False	False	False	False	False	False
GM38642	GM38642	ENSMUSG00000111360	ambiguous_symbol	2	1.95687586598085	0.291092731334591	-1.665783134646259	negative					False	0.00242354656300807	0.827718167089227			False	False	False	False	False	False	False	False	False	False
GM39119	GM39119	ENSMUSG00000108977	unique_symbol	1	4.95718804224735	6.40033419517818	1.4431461529308303	positive					False	4.16556534202092e-15	2.35596963899925e-10			False	False	False	False	False	False	False	False	False	False
GM39149	GM39149	ENSMUSG00000110222	unique_symbol	1	0.568552420009709	1.1086584773322	0.540106057322491	positive					False	0.254585442224656	0.0172466367784609			False	False	False	False	False	False	False	False	False	False
GM39168	GM39168	ENSMUSG00000110179	unique_symbol	1	-0.920486857459888	-0.435481741384596	0.485005116075292	positive	-1.05381854510306	-0.917311185754521	0.13650735934853897	positive	True	0.000408175983213358	0.131875524961023	0.0386887036531617	0.0662494657167792	True	False	False	False	False	False	False	True	False	False
GM39232	GM39232	ENSMUSG00000109769	unique_symbol	1	-1.31529656829669	-0.627170581891309	0.6881259864053809	positive	-0.989812388863616	-0.186585427615942	0.803226961247674	positive	True	0.00343869818760226	0.194538394304063	0.041877388767964	0.742731207834039	True	False	False	False	False	False	False	True	False	False
GM40124	GM40124	ENSMUSG00000120078	unique_symbol	1	2.52190794709537	5.20745749543636	2.6855495483409904	positive					False	0.0319722599716828	7.26553975669047e-05			False	False	False	False	False	False	False	False	False	False
GM40518	GM40518	ENSMUSG00000110924	unique_symbol	1	-0.050137571060845	0.325309582801302	0.375447153862147	positive	-0.0408221792280274	0.351965660570682	0.3927878397987094	positive	True	0.837000343680215	0.0354404529866407	0.863500426345927	0.0320108900711273	False	True	False	False	False	False	False	True	False	False
GM40552	GM40552	ENSMUSG00000112598	unique_symbol	1	-1.93011239340186	-2.4047091274371	-0.47459673403523994	negative					False	0.0454528041940781	0.0175370838107042			False	False	False	False	False	False	False	False	False	False
GM4076	GM4076	ENSMUSG00000096449	unique_symbol	1	-0.0949086102077351	-0.476854974722278	-0.3819463645145429	negative					False	0.677776356495621	0.00144054356867348			False	False	False	False	False	False	False	False	False	False
GM40847	GM40847	ENSMUSG00000113778	unique_symbol	1	0.595653609621431	1.10000684210292	0.5043532324814891	positive					False	0.171991990013149	0.00524010129025288			False	False	False	False	False	False	False	False	False	False
GM40884	GM40884	ENSMUSG00000113096	unique_symbol	1	-0.725856916637258	-1.38135749454072	-0.6555005779034621	negative	-0.639104236969169	-1.54179737571046	-0.902693138741291	negative	True	0.0649965279156744	7.71695815697967e-05	0.217081036811297	0.0005032064677525	False	True	False	False	False	False	False	True	False	False
GM41724	GM41724	ENSMUSG00000118365	unique_symbol	1	0.205944650055436	-0.570600483468985	-0.7765451335244209	negative					False	0.512083772187324	0.0148028512746305			False	False	False	False	False	False	False	False	False	False
GM42067	GM42067	ENSMUSG00000110156	unique_symbol	1	-0.468700130912204	-0.0115729118249071	0.4571272190872969	positive	-0.46055268363092	-0.15258262976225	0.30797005386867	positive	True	0.0125861767537865	0.970465508831195	0.0818871112783102	0.617011161939851	False	False	False	False	False	False	False	True	False	False
GM42397	GM42397	ENSMUSG00000109532	unique_symbol	1	1.50862703823054	0.446397690729334	-1.062229347501206	negative					False	0.000539131184859854	0.409533578120761			False	False	False	False	False	False	False	False	False	False
GM42450	GM42450	ENSMUSG00000105437	unique_symbol	1	1.86624872356362	2.20506019667896	0.33881147311533977	positive					False	1.84991396845306e-27	8.22754370446546e-36			False	False	False	False	False	False	False	False	False	False
GM42545	GM42545	ENSMUSG00000107058	unique_symbol	1	-1.23389467069683	-0.827824996890378	0.40606967380645187	positive					False	0.000384997360431279	0.0229741154827072			False	False	False	False	False	False	False	False	False	False
GM4270	GM4270	ENSMUSG00000109707	unique_symbol	1	-1.48891764531249	-1.8013276997672	-0.31241005445471015	negative					False	0.00357612629737489	0.000373072339236059			False	False	False	False	False	False	False	False	False	False
GM42705	GM42705	ENSMUSG00000105324	unique_symbol	1	1.37155762440368	-1.4376585952347	-2.80921621963838	negative					False	0.00943921322647211	0.00347099307651666			False	False	False	False	False	False	False	False	False	False
GM42797	GM42797	ENSMUSG00000105664	unique_symbol	1	1.3414662290898	1.83885561788966	0.49738938879985994	positive	1.26033298631055	1.82837730234597	0.56804431603542	positive	True	0.00744310296227787	0.000502576647288988	0.102769031063977	0.0253997147859985	False	True	False	False	False	False	False	True	False	False
GM42948	GM42948	ENSMUSG00000104866	unique_symbol	1	-0.573649830885779	-0.273267104908831	0.30038272597694804	positive					False	3.10315724365981e-06	0.046780113981223			False	False	False	False	False	False	False	False	False	False
GM43031	GM43031	ENSMUSG00000106535	unique_symbol	1	0.145690847047919	0.488443341727719	0.34275249467980007	positive	-0.156400348270284	0.455755213259637	0.612155561529921	positive	True	0.639702682213739	0.0260145207242011	0.865811029718833	0.576799199719604	False	False	False	False	False	False	False	True	False	False
GM43032	GM43032	ENSMUSG00000106498	unique_symbol	1	-0.41943860370278	-0.101865681863735	0.317572921839045	positive	-0.409274496304344	-0.114419782989973	0.29485471331437096	positive	True	0.000737110922366986	0.552492240449872	0.0006567831599783	0.440186056781338	True	False	False	False	False	False	False	True	False	False
GM43034	GM43034	ENSMUSG00000106662	unique_symbol	1	0.0124925164734306	-0.331883633024879	-0.3443761494983096	negative	0.0455156032784648	-0.483450896410651	-0.5289664996891158	negative	True	0.957296699210071	0.0108769292195379	0.875142497695276	0.0116676238028768	False	True	False	False	False	False	False	True	False	False
GM43150	GM43150	ENSMUSG00000106777	unique_symbol	1	0.0383800145652106	-0.513278608714887	-0.5516586232800975	negative					False	0.930435381100991	0.0430266078293415			False	False	False	False	False	False	False	False	False	False
GM43152	GM43152	ENSMUSG00000107152	unique_symbol	1	2.11687372185624	1.81391813182701	-0.3029555900292302	negative	2.01203474733562	1.14846980193435	-0.8635649454012699	negative	True	0.0341300283877532	0.0642755533305651	0.0115049628465284	0.148349574085449	True	False	False	False	False	False	False	True	False	False
GM43264	GM43264	ENSMUSG00000107130	unique_symbol	1	0.145298744537161	2.14647082426188	2.0011720797247188	positive					False	0.9107088477461	0.0286482143967269			False	False	False	False	False	False	False	False	False	False
GM43367	GM43367	ENSMUSG00000105634	unique_symbol	1	3.40099479658572	1.14640182895172	-2.254592967634	negative					False	0.00280999827793881	0.304113117765168			False	False	False	False	False	False	False	False	False	False
GM43437	GM43437	ENSMUSG00000104965	unique_symbol	1	0.122353634080567	0.452775424516501	0.330421790435934	positive	0.195635382057129	0.50479288453018	0.309157502473051	positive	True	0.57892121442241	0.00531392175708846	0.282082987784744	0.0014441530257723	False	True	False	False	False	False	False	True	False	False
GM43584	GM43584	ENSMUSG00000105195	unique_symbol	1	-0.29031033438131	0.0384333330549944	0.3287436674363044	positive					False	0.00339783579669027	0.805089209968462			False	False	False	False	False	False	False	False	False	False
GM43614	GM43614	ENSMUSG00000106052	unique_symbol	1	1.28204533779125	1.9053625412195	0.6233172034282501	positive					False	0.00879601848835113	1.79759095144968e-05			False	False	False	False	False	False	False	False	False	False
GM43634	GM43634	ENSMUSG00000107253	unique_symbol	1	-0.755265981519211	-0.292218320120455	0.46304766139875597	positive					False	0.0180946238934134	0.443552838247716			False	False	False	False	False	False	False	False	False	False
GM43797	GM43797	ENSMUSG00000104694	unique_symbol	1	1.55218310906618	0.988770680571747	-0.563412428494433	negative	1.89460511515212	0.68325896198488	-1.21134615316724	negative	True	0.0242872110680002	0.144863502163107	0.0045586241186099	0.270150548726711	True	False	False	False	False	False	False	True	False	False
GM44196	GM44196	ENSMUSG00000107614	unique_symbol	1	-0.246125209878212	1.77513657990222	2.021261789780432	positive					False	0.843185533695811	0.049985989359426			False	False	False	False	False	False	False	False	False	False
GM4425	GM4425	ENSMUSG00000093846	unique_symbol	1	0.684625750432948	1.29798202615363	0.6133562757206819	positive					False	0.243931950273598	0.0274393556336108			False	False	False	False	False	False	False	False	False	False
GM44250	GM44250	ENSMUSG00000107881	unique_symbol	1	-0.000710121327547467	-0.443955102810035	-0.44324498148248753	negative	0.033139505207387	-0.45038091209191	-0.483520417299297	negative	True	0.998034831636384	0.000468321151771123	0.872202143668874	0.0005417586480687	False	True	False	False	False	False	False	True	False	False
GM44264	GM44264	ENSMUSG00000107561	unique_symbol	1	-0.404867428579176	-0.0255912221444727	0.37927620643470333	positive					False	0.0206207131921349	0.928036219718955			False	False	False	False	False	False	False	False	False	False
GM44267	GM44267	ENSMUSG00000108178	unique_symbol	1	0.516746950457868	1.61746186904228	1.100714918584412	positive					False	0.587761057083636	0.0325108016710412			False	False	False	False	False	False	False	False	False	False
GM44430	GM44430	ENSMUSG00000107698	unique_symbol	1	-1.96589029994358	-0.75622757137018	1.2096627285734	positive					False	0.00443472560549502	0.300187214095163			False	False	False	False	False	False	False	False	False	False
GM44511	GM44511	ENSMUSG00000107872	unique_symbol	1	0.847917527553994	0.237103074190935	-0.610814453363059	negative					False	0.0116450458394999	0.59358579208532			False	False	False	False	False	False	False	False	False	False
GM44530	GM44530	ENSMUSG00000109452	unique_symbol	1	0.662313327574982	1.34075957964658	0.6784462520715981	positive					False	0.101972330955815	0.000818825291183923			False	False	False	False	False	False	False	False	False	False
GM44753	GM44753	ENSMUSG00000109114	unique_symbol	1	-0.457459408657312	-1.49006382839503	-1.032604419737718	negative					False	0.56562434161749	0.0120472892461627			False	False	False	False	False	False	False	False	False	False
GM44898	GM44898	ENSMUSG00000108325	unique_symbol	1	0.0782955453075494	0.43942177125619	0.3611262259486406	positive	0.127519813546295	0.51710109793119	0.389581284384895	positive	True	0.651792231548512	0.000137295599327087	0.410549397299215	2.79185480321289e-05	False	True	False	False	False	False	False	True	False	False
GM45061	GM45061	ENSMUSG00000108075	unique_symbol	1	-0.608894022432966	-1.13253200551407	-0.523637983081104	negative					False	0.0182939097177083	1.41991805085429e-06			False	False	False	False	False	False	False	False	False	False
GM45079	GM45079	ENSMUSG00000108627	unique_symbol	1	-0.690602006714761	-0.322640702251484	0.367961304463277	positive					False	0.0221145547535359	0.336990129141794			False	False	False	False	False	False	False	False	False	False
GM45163	GM45163	ENSMUSG00000109419	unique_symbol	1	-0.714457843271279	-0.327935093463224	0.386522749808055	positive	-0.708627120974587	-0.466726618132275	0.24190050284231202	positive	True	0.00145675240240973	0.201236098056128	0.0097737240439627	0.0904407083398022	True	False	False	False	False	False	False	True	False	False
GM45436	GM45436	ENSMUSG00000110268	unique_symbol	1	-1.48890956271384	-1.8687313375793	-0.37982177486546	negative					False	0.00333349365034063	0.000173239375582169			False	False	False	False	False	False	False	False	False	False
GM45494	GM45494	ENSMUSG00000110161	unique_symbol	1	0.292344247473407	1.23011942421467	0.937775176741263	positive					False	0.607158832661544	0.00291733748286593			False	False	False	False	False	False	False	False	False	False
GM45708	GM45708	ENSMUSG00000110534	unique_symbol	1	-0.584630021420698	-0.143050951000013	0.441579070420685	positive	-0.621508071549557	-0.557306381406958	0.06420169014259902	positive	True	0.00621623014755438	0.626527936545831	0.0617770692782435	0.0960710145569087	False	False	False	False	False	False	False	True	False	False
GM45717	GM45717	ENSMUSG00000110104	unique_symbol	1	0.440707080050027	0.00898901014585888	-0.4317180699041681	negative					False	0.00297164012527918	0.971891774216733			False	False	False	False	False	False	False	False	False	False
GM45753	GM45753	ENSMUSG00000031640	unique_symbol	1	-0.000107166647842527	-0.309870033380876	-0.30976286673303344	negative					False	0.999555134751015	0.00567682698658501			False	False	False	False	False	False	False	False	False	False
GM45885	GM45885	ENSMUSG00000110366	unique_symbol	1	0.389052500435423	1.44687555440253	1.057823053967107	positive					False	0.584780563523495	0.0180393748487965			False	False	False	False	False	False	False	False	False	False
GM45930	GM45930	ENSMUSG00000113681	unique_symbol	1	-0.148071387881562	-0.711566295630537	-0.563494907748975	negative					False	0.805821012697297	0.0425088794262063			False	False	False	False	False	False	False	False	False	False
GM4631	GM4631	ENSMUSG00000078899	unique_symbol	1	0.243190520072453	-1.45671021164583	-1.6999007317182828	negative					False	0.785982692839923	0.0104121927516146			False	False	False	False	False	False	False	False	False	False
GM46329	GM46329	ENSMUSG00000112704	unique_symbol	1	0.5578240157021	1.59565486110784	1.03783084540574	positive					False	0.491432106768032	0.0255432687868466			False	False	False	False	False	False	False	False	False	False
GM46409	GM46409	ENSMUSG00000114851	unique_symbol	1	-0.641247619680696	-0.278472999921851	0.362774619758845	positive	-0.689911908049745	-0.338206187016073	0.351705721033672	positive	True	0.00442668304824647	0.31087970003399	0.0151798561599939	0.286632167491859	True	False	False	False	False	False	False	True	False	False
GM46545	GM46545	ENSMUSG00000116437	unique_symbol	1	1.87987632185703	2.25385596004549	0.3739796381884599	positive					False	0.0439799004280613	0.0150252656129812			False	False	False	False	False	False	False	False	False	False
GM46815	GM46815	ENSMUSG00000120720	unique_symbol	1	0.450772987832069	-0.0371114378867811	-0.4878844257188501	negative					False	0.00625006873520288	0.888604931950602			False	False	False	False	False	False	False	False	False	False
GM47033	GM47033	ENSMUSG00000111990	unique_symbol	1	1.24326165566072	0.860155878955685	-0.3831057767050351	negative	1.21930976203311	0.824001082285231	-0.395308679747879	negative	True	0.000243536574526501	0.0159085758896877	0.0011279345398365	0.0335696986802315	True	True	False	False	False	False	False	True	False	False
GM47080	GM47080	ENSMUSG00000113950	unique_symbol	1	1.48490351628191	1.07224541527242	-0.4126581010094901	negative					False	0.000316319273182349	0.0168084606080579			False	False	False	False	False	False	False	False	False	False
GM47123	GM47123	ENSMUSG00000113683	unique_symbol	1	0.3664607675762	0.682011057990076	0.315550290413876	positive					False	2.56614131012245e-05	2.07584098507015e-16			False	False	False	False	False	False	False	False	False	False
GM4724	GM4724	ENSMUSG00000078897	unique_symbol	1	-0.148263883321512	-1.60101143860591	-1.452747555284398	negative	0.12926270608899	-0.413630319244689	-0.542893025333679	negative	True	0.881949620189548	0.00579504985833103	0.866795228675195	0.488132703922401	False	False	False	False	False	False	False	True	False	False
GM47467	GM47467	ENSMUSG00000113019	unique_symbol	1	-0.172903062254467	-0.594598474450527	-0.42169541219606005	negative	-0.284788190905765	-0.505884608354111	-0.22109641744834596	negative	True	0.51432475609564	0.00123982244929047	0.318287297882756	0.0307751292916195	False	True	False	False	False	False	False	True	False	False
GM4755	GM4755	ENSMUSG00000096940	unique_symbol	1	0.578357157976682	0.261889033024328	-0.316468124952354	negative	0.686351618802555	-0.0434744798332504	-0.7298260986358054	negative	True	0.0380492542861817	0.429447663841057	0.21156092446934	0.951621593522197	False	False	False	False	False	False	False	True	False	False
GM47583	GM47583	ENSMUSG00000113853	unique_symbol	1	-0.686981905473345	-0.123136167926524	0.563845737546821	positive	-0.666159443303954	-0.162595631854826	0.5035638114491281	positive	True	9.43845281022462e-06	0.591251621867441	3.48217258538067e-05	0.432146765670665	True	False	False	False	False	False	False	True	False	False
GM47593	GM47593	ENSMUSG00000112058	unique_symbol	1	0.174456867768118	0.78049899222353	0.6060421244554121	positive	0.187940687184205	0.798496267478505	0.6105555802943	positive	True	0.518271878489786	4.6058858449291e-05	0.445458589169239	3.47876762170028e-05	False	True	False	False	False	False	False	True	False	False
GM47595	GM47595	ENSMUSG00000112080	unique_symbol	1	0.173524066737202	0.737460016894978	0.563935950157776	positive	0.298573756011952	0.733730936560334	0.4351571805483819	positive	True	0.37785156999803	4.75289798551563e-07	0.137376796255264	2.83375315780793e-05	False	True	False	False	False	False	False	True	False	False
GM47823	GM47823	ENSMUSG00000112469	unique_symbol	1	2.06635789036444	-0.0855922782490156	-2.1519501686134554	negative					False	0.0462460261579879	0.955443846719858			False	False	False	False	False	False	False	False	False	False
GM47855	GM47855	ENSMUSG00000114079	unique_symbol	1	0.475622345412014	3.57198806436592	3.0963657189539058	positive					False	0.663519867087857	0.0048389403700428			False	False	False	False	False	False	False	False	False	False
GM47913	GM47913	ENSMUSG00000114347	unique_symbol	1	-0.89258733008105	-0.395005310526779	0.49758201955427095	positive					False	8.92273221853627e-12	0.00569160577670152			False	False	False	False	False	False	False	False	False	False
GM47914	GM47914	ENSMUSG00000114731	unique_symbol	1	-0.718905775720629	-0.415216854064109	0.30368892165651995	positive	-0.241279100390209	-0.794727125197312	-0.553448024807103	negative	True	3.82920288970289e-13	6.57627923341019e-05	0.725281191033711	0.140874494249642	False	False	False	False	False	False	False	False	False	False
GM47918	GM47918	ENSMUSG00000114654	unique_symbol	1	2.2113582361393	0.926538245006627	-1.284819991132673	negative					False	0.0163829655260149	0.316604374803209			False	False	False	False	False	False	False	False	False	False
GM48159	GM48159	ENSMUSG00000110831	unique_symbol	1	0.166019994124465	-1.21527422260076	-1.381294216725225	negative					False	0.872577850013443	0.0445413953861777			False	False	False	False	False	False	False	False	False	False
GM4832	GM4832	ENSMUSG00000121628	unique_symbol	1	-0.0235119382839377	0.574618173689571	0.5981301119735087	positive	0.109857640967261	0.238732432023359	0.128874791056098	positive	True	0.960819553152294	0.0430527414337901	0.851143118666738	0.638153662592625	False	False	False	False	False	False	False	True	False	False
GM48371	GM48371	ENSMUSG00000114298	unique_symbol	1	1.5871467341099	-0.424961018331014	-2.012107752440914	negative					False	0.0228279701779345	0.585016017385616			False	False	False	False	False	False	False	False	False	False
GM48398	GM48398	ENSMUSG00000113724	unique_symbol	1	1.74900001940587	2.15079912062123	0.4017991012153601	positive	1.66789885309333	2.30122535100535	0.6333264979120201	positive	True	1.31693461983941e-10	1.93305800597932e-14	2.64801893807982e-09	5.2370105045350505e-14	True	True	False	False	False	False	False	True	False	False
GM48444	GM48444	ENSMUSG00000113224	unique_symbol	1	1.81550739421781	0.584829076646715	-1.230678317571095	negative					False	2.80141330589572e-11	0.0617049631381163			False	False	False	False	False	False	False	False	False	False
GM4847	GM4847	ENSMUSG00000051081	unique_symbol	1	1.28117234696454	2.92611279249597	1.64494044553143	positive					False	0.179765685401872	0.00186400330731753			False	False	False	False	False	False	False	False	False	False
GM48488	GM48488	ENSMUSG00000114433	unique_symbol	1	0.450283842869531	-1.00327949416119	-1.453563337030721	negative					False	0.46064613867933	0.0371688412316667			False	False	False	False	False	False	False	False	False	False
GM4849	GM4849	ENSMUSG00000100204	unique_symbol	1	0.521103230401218	0.8692047639998	0.348101533598582	positive					False	0.00789391418410546	4.30671090053292e-06			False	False	False	False	False	False	False	False	False	False
GM48844	GM48844	ENSMUSG00000112238	unique_symbol	1	1.66716403922843	2.1439183203831	0.4767542811546699	positive	1.84357479893397	2.09212813021839	0.24855333128442014	positive	True	7.75750563224966e-06	2.29143220374264e-09	5.43275800107077e-05	5.97996708188115e-07	True	True	False	False	False	False	False	True	False	False
GM48845	GM48845	ENSMUSG00000112284	unique_symbol	1	2.57673996012441	1.41626393424338	-1.16047602588103	negative					False	0.000179303567295411	0.0298313482791211			False	False	False	False	False	False	False	False	False	False
GM48877	GM48877	ENSMUSG00000112873	unique_symbol	1	1.2153955477726	1.54249314347637	0.32709759570377006	positive					False	4.03426660816784e-11	1.63752029956415e-16			False	False	False	False	False	False	False	False	False	False
GM48898	GM48898	ENSMUSG00000112441	unique_symbol	1	-0.698150033439968	-0.271838775626112	0.426311257813856	positive	-0.674573277573224	-0.256655538590011	0.41791773898321305	positive	True	0.00656847276328585	0.392400616499616	0.0142089748214028	0.432670783556513	True	False	False	False	False	False	False	True	False	False
GM49064	GM49064	ENSMUSG00000114771	unique_symbol	1	-0.621734505368055	-0.153151104138563	0.46858340122949194	positive	-0.61044571932999	-0.237159700010161	0.373286019319829	positive	True	0.00075558030396695	0.542057632794534	0.0046935683281799	0.348773419147253	True	False	False	False	False	False	False	True	False	False
GM49067	GM49067	ENSMUSG00000115154	unique_symbol	1	-0.040983407065282	0.352900105620303	0.39388351268558497	positive	-0.138175684619455	-0.146845442558073	-0.008669757938617989	negative	True	0.867704646216233	0.0190740984646503	0.727479723803719	0.700647619511466	False	False	False	False	False	False	False	False	False	False
GM49144	GM49144	ENSMUSG00000114483	unique_symbol	1	0.638916912688496	-0.0690915825115224	-0.7080084952000184	negative					False	0.0182880990717681	0.871312488578914			False	False	False	False	False	False	False	False	False	False
GM49145	GM49145	ENSMUSG00000115747	unique_symbol	1	-0.738509370111857	-0.417363704517194	0.321145665594663	positive					False	4.82023529667084e-25	1.84664874480461e-08			False	False	False	False	False	False	False	False	False	False
GM49171	GM49171	ENSMUSG00000115704	unique_symbol	1	2.01101072316035	2.53804559249466	0.5270348693343099	positive					False	1.80912534061418e-09	1.35717328362509e-12			False	False	False	False	False	False	False	False	False	False
GM49205	GM49205	ENSMUSG00000115384	unique_symbol	1	-0.18132258991546	-0.586593295806315	-0.405270705890855	negative	-0.2240891005268	-0.580629396855868	-0.35654029632906803	negative	True	0.406564269163112	0.000265628473371117	0.207868267778149	6.89468255432559e-05	False	True	False	False	False	False	False	True	False	False
GM49211	GM49211	ENSMUSG00000115361	unique_symbol	1	1.6810089914062	2.18226862410418	0.5012596326979799	positive					False	0.00251749125975526	9.91417121186131e-05			False	False	False	False	False	False	False	False	False	False
GM49224	GM49224	ENSMUSG00000115395	unique_symbol	1	-0.672220171912575	-0.317226257843738	0.354993914068837	positive					False	0.00350635791738838	0.236602469285842			False	False	False	False	False	False	False	False	False	False
GM49300	GM49300	ENSMUSG00000115406	unique_symbol	1	1.78258293887928	0.371808596123572	-1.410774342755708	negative					False	0.0084755625540161	0.693417010681126			False	False	False	False	False	False	False	False	False	False
GM49312	GM49312	ENSMUSG00000115771	unique_symbol	1	-0.700851728467952	-0.334819034062246	0.36603269440570596	positive	-0.518075448516605	-0.527158098635703	-0.009082650119097924	negative	True	0.0374131956242553	0.366534620369571	0.402646358339681	0.373089769408818	False	False	False	False	False	False	False	False	False	False
GM49428	GM49428	ENSMUSG00000116132	unique_symbol	1	9.38373781325733	8.8626391472356	-0.5210986660217305	negative					False	3.46845211232161e-20	4.10786901622067e-18			False	False	False	False	False	False	False	False	False	False
GM49503	GM49503	ENSMUSG00000116009	unique_symbol	1	-0.118979733287583	-0.48568560348576	-0.366705870198177	negative	-0.370166433075679	-0.722308036644095	-0.35214160356841606	negative	True	0.540523148563077	0.00033490159583561	0.371854447669408	0.0261845426630863	False	True	False	False	False	False	False	True	False	False
GM49518	GM49518	ENSMUSG00000116290	unique_symbol	1	1.33049389412707	0.596064133298066	-0.7344297608290041	negative	1.91604225366037	0.61890031177946	-1.29714194188091	negative	True	0.000289760411823109	0.137244264581457	0.0035965681550066	0.376099190048648	True	False	False	False	False	False	False	True	False	False
GM4952	GM4952	ENSMUSG00000071633	unique_symbol	1	1.19308231096471	1.50643791626025	0.31335560529553996	positive	1.21459823761359	1.62226832546475	0.4076700878511601	positive	True	1.76298823360921e-09	9.70556356306714e-15	7.65503701533372e-08	7.60293408322818e-13	True	True	False	False	False	False	False	True	False	False
GM49528	GM49528	ENSMUSG00000116439	unique_symbol	1	0.00932834853846311	0.450510667881211	0.44118231934274793	positive					False	0.974535786679095	0.00568943792641859			False	False	False	False	False	False	False	False	False	False
GM49817	GM49817	ENSMUSG00000117008	unique_symbol	1	-0.04443278929039	-0.711040539161587	-0.6666077498711971	negative					False	0.925373113588584	0.0100424818276622			False	False	False	False	False	False	False	False	False	False
GM49870	GM49870	ENSMUSG00000117335	unique_symbol	1	-0.4114533442178	-0.0486961739488862	0.3627571702689138	positive	-0.658003284731066	-0.131290048364555	0.526713236366511	positive	True	0.0197021790464667	0.859428215777298	0.0047375465928507	0.651410612497481	True	False	False	False	False	False	False	True	False	False
GM49883	GM49883	ENSMUSG00000117113	unique_symbol	1	0.10910026323391	0.417384186381698	0.30828392314778796	positive	0.125627619960115	0.432081276643288	0.306453656683173	positive	True	0.596380726660233	0.00405732272961401	0.573653322303899	0.0136332276129287	False	True	False	False	False	False	False	True	False	False
GM49944	GM49944	ENSMUSG00000117243	unique_symbol	1	-0.516531017570832	-0.0449021748141633	0.47162884275666866	positive					False	0.00931519625975078	0.891304183082813			False	False	False	False	False	False	False	False	False	False
GM49965	GM49965	ENSMUSG00000115272	unique_symbol	1	1.15451082657642	-0.23935901083199	-1.39386983740841	negative					False	0.0215362364421638	0.729608930438215			False	False	False	False	False	False	False	False	False	False
GM49969	GM49969	ENSMUSG00000117647	unique_symbol	1	-0.0417384035757406	-0.45551006503749	-0.4137716614617494	negative					False	0.878533181505778	0.00300313752865078			False	False	False	False	False	False	False	False	False	False
GM50164	GM50164	ENSMUSG00000117798	unique_symbol	1	3.57430984219656	4.36041477362801	0.7861049314314501	positive					False	4.42926685520547e-05	7.28993999945594e-05			False	False	False	False	False	False	False	False	False	False
GM50223	GM50223	ENSMUSG00000118180	unique_symbol	1	4.09337067023173	1.77228295942418	-2.32108771080755	negative					False	2.70036605316684e-05	0.0226630444256114			False	False	False	False	False	False	False	False	False	False
GM50337	GM50337	ENSMUSG00000118076	unique_symbol	1	2.28230929147352	1.16442881560301	-1.11788047587051	negative					False	0.0279128077707009	0.335782207686788			False	False	False	False	False	False	False	False	False	False
GM51802	GM51802	ENSMUSG00000120321	unique_symbol	1	1.40917501004631	0.584156715701247	-0.825018294345063	negative					False	0.0171816587553231	0.432938637626083			False	False	False	False	False	False	False	False	False	False
GM51860	GM51860	ENSMUSG00000123082	unique_symbol	1	0.0750876001020016	-0.945262661429444	-1.0203502615314457	negative					False	0.90129210758805	0.00388409188866017			False	False	False	False	False	False	False	False	False	False
GM53066	GM53066	ENSMUSG00000121048	unique_symbol	1	-0.656389287319753	-1.29251570260239	-0.6361264152826369	negative	-0.663998529281355	-1.48920935853545	-0.825210829254095	negative	True	0.194634604498213	0.00154829631198143	0.341456603482201	0.0086514691137324	False	True	False	False	False	False	False	True	False	False
GM53610	GM53610	ENSMUSG00000119990	unique_symbol	1	0.443181627078752	-0.144618113787604	-0.587799740866356	negative	-0.175742311976792	-0.395919777741448	-0.220177465764656	negative	True	0.0473486489431904	0.601342654701268	0.813893269465386	0.519960079341125	False	False	False	False	False	False	False	True	False	False
GM5444	GM5444	ENSMUSG00000053499	unique_symbol	1	0.039547813857267	1.62171987459412	1.582172060736853	positive					False	0.980139335029314	0.0468654709110684			False	False	False	False	False	False	False	False	False	False
GM5447	GM5447	ENSMUSG00000056257	unique_symbol	1	0.167241106894153	-1.87946753036377	-2.046708637257923	negative					False	0.906900664725939	0.0398745180503777			False	False	False	False	False	False	False	False	False	False
GM54513	GM54513	ENSMUSG00002076381	unique_symbol	1	1.00902741552182	1.34540859776131	0.33638118223949	positive					False	0.00112235023984941	8.93541399255627e-06			False	False	False	False	False	False	False	False	False	False
GM54621	GM54621	ENSMUSG00000085423	unique_symbol	1	0.184498588118074	0.503973694441763	0.31947510632368903	positive	0.207406562145526	0.0789736236061657	-0.1284329385393603	negative	True	0.529623084710788	0.0259385421804809	0.773180767755648	0.913868484185962	False	False	False	False	False	False	False	False	False	False
GM54721	GM54721	ENSMUSG00002076197	unique_symbol	1	1.12171365810537	1.54092723308001	0.41921357497463996	positive					False	0.071984522284408	0.0197566376765455			False	False	False	False	False	False	False	False	False	False
GM55158	GM55158	ENSMUSG00002075978	unique_symbol	1	5.99135661519683	5.17172905041379	-0.8196275647830404	negative					False	4.24077865901793e-07	1.93793608759617e-05			False	False	False	False	False	False	False	False	False	False
GM5544	GM5544	ENSMUSG00000074388	unique_symbol	1	0.721229900156743	0.342986470802558	-0.37824342935418503	negative	0.678049252389547	0.206708929076731	-0.47134032331281606	negative	True	0.0325979899817262	0.370045739628666	0.16496716927863	0.707953762479231	False	False	False	False	False	False	False	True	False	False
GM5546	GM5546	ENSMUSG00000022187	unique_symbol	1	-1.26124289199739	0.419906291008566	1.681149183005956	positive					False	0.0326006954129258	0.577132192437275			False	False	False	False	False	False	False	False	False	False
GM5581	GM5581	ENSMUSG00000061969	unique_symbol	1	-0.516368948055494	-1.09830639749827	-0.581937449442776	negative	-0.629542280344818	-1.29082187411606	-0.661279593771242	negative	True	0.162881670694706	0.000469781266382064	0.150889255341729	0.0010051533575473	False	True	False	False	False	False	False	True	False	False
GM5582	GM5582	ENSMUSG00000058873	unique_symbol	1	0.698573587379671	1.12001569840929	0.4214421110296189	positive					False	0.12761188458593	0.00591763526439392			False	False	False	False	False	False	False	False	False	False
GM56143	GM56143	ENSMUSG00002075667	unique_symbol	1	-0.548047498349646	-0.163939310386579	0.38410818796306695	positive					False	0.00811635090257664	0.544291385206631			False	False	False	False	False	False	False	False	False	False
GM56558	GM56558	ENSMUSG00000121169	unique_symbol	1	-0.400096603891486	-0.977370036583808	-0.5772734326923221	negative					False	0.397529137381014	0.010434662214152			False	False	False	False	False	False	False	False	False	False
GM56671	GM56671	ENSMUSG00000120701	unique_symbol	1	2.91491235008025	4.13121991452876	1.2163075644485102	positive					False	1.47003736610671e-13	1.03440383268906e-16			False	False	False	False	False	False	False	False	False	False
GM56745	GM56745	ENSMUSG00000120309	unique_symbol	1	0.288530661698088	-0.77389562502314	-1.062426286721228	negative	0.190508608472751	-0.982345484989956	-1.172854093462707	negative	True	0.567983452999905	0.0452922588020679	0.813670412322076	0.106614043702129	False	False	False	False	False	False	False	True	False	False
GM56754	GM56754	ENSMUSG00000120500	unique_symbol	1	2.35043285044074	2.73826114771173	0.3878282972709899	positive	2.12186367425717	2.82481654001425	0.70295286575708	positive	True	4.41033494399288e-08	1.39850017338356e-08	0.0001950936602537	2.55487201257134e-05	True	True	False	False	False	False	False	True	False	False
GM56758	GM56758	ENSMUSG00000120426	unique_symbol	1	0.75045110781399	0.374411236392898	-0.3760398714210921	negative	1.20466571545246	1.1972277717404	-0.007437943712059969	negative	True	0.000378281678275091	0.118849516553093	0.0086872473850742	0.0126423473287328	True	True	False	False	False	False	False	True	False	False
GM56768	GM56768	ENSMUSG00000120849	unique_symbol	1	0.384290526310555	-0.0247708589397791	-0.4090613852503341	negative	0.424043989567929	-0.0031521406071428	-0.4271961301750718	negative	True	0.034637285869798	0.93144169604958	0.0123883466324022	0.989978787216867	True	False	False	False	False	False	False	True	False	False
GM56769	GM56769	ENSMUSG00000121005	unique_symbol	1	0.694105670733431	-1.21185931306156	-1.905964983794991	negative	0.930202246408051	-1.15469714565397	-2.084899392062021	negative	True	0.353134101303534	0.0363647040729034	0.212949584077036	0.0596135725125532	False	False	False	False	False	False	False	True	False	False
GM56774	GM56774	ENSMUSG00000120173	unique_symbol	1	0.194288807357658	-1.02385009195281	-1.218138899310468	negative	-0.0777853272444844	-0.492406687771895	-0.4146213605274106	negative	True	0.808324904486189	0.0478263637937817	0.882431573200342	0.168132460870509	False	False	False	False	False	False	False	True	False	False
GM56823	GM56823	ENSMUSG00000120064	unique_symbol	1	-0.658553790149861	0.0274546189126882	0.6860084090625492	positive	-0.303912226459985	-0.0161520904485847	0.2877601360114003	positive	True	0.0156202267338681	0.950203156236483	0.5939872906076	0.979797446685433	False	False	False	False	False	False	False	True	False	False
GM5691	GM5691	ENSMUSG00000118025	unique_symbol	1	-1.07090799623134	-2.14721136745813	-1.0763033712267902	negative					False	0.316614591878398	0.0312004510744454			False	False	False	False	False	False	False	False	False	False
GM56932	GM56932	ENSMUSG00000120571	unique_symbol	1	0.695826413722362	1.58993795567138	0.894111541949018	positive					False	0.348837678548152	0.0169204894644951			False	False	False	False	False	False	False	False	False	False
GM56977	GM56977	ENSMUSG00000121056	unique_symbol	1	-0.146088196328855	1.58414037406415	1.730228570393005	positive					False	0.884925600791939	0.0114074587537929			False	False	False	False	False	False	False	False	False	False
GM57034	GM57034	ENSMUSG00000120404	unique_symbol	1	0.374235585550604	-0.828099560968602	-1.202335146519206	negative					False	0.474180217041744	0.0461942903780276			False	False	False	False	False	False	False	False	False	False
GM57126	GM57126	ENSMUSG00000120991	unique_symbol	1	-0.839823638803268	-0.439345477269892	0.40047816153337606	positive	-1.23548299164879	-0.839013428885124	0.39646956276366596	positive	True	0.0499363102694789	0.347800883209783	0.063257677539127	0.203100811564268	False	False	False	False	False	False	False	True	False	False
GM57141	GM57141	ENSMUSG00000120475	unique_symbol	1	-0.418681264060751	-0.0357816494606625	0.38289961460008853	positive	-0.364452590248648	0.0370664904767239	0.4015190807253719	positive	True	0.0399693563650321	0.912023413891826	0.143861480597233	0.909567663606445	False	False	False	False	False	False	False	True	False	False
GM57251	GM57251	ENSMUSG00000121233	unique_symbol	1	0.722834053414031	0.295595421362547	-0.42723863205148394	negative	0.145854733368569	-0.104765252124432	-0.250619985493001	negative	True	1.2774435688879e-05	0.128110065806352	0.854367260428515	0.88322467964463	False	False	False	False	False	False	False	True	False	False
GM57269	GM57269	ENSMUSG00000119946	unique_symbol	1	1.89358644696908	2.4850164666631	0.5914300196940201	positive	1.82088472997867	2.43165854873642	0.61077381875775	positive	True	1.00798758002956e-11	1.01212663019302e-17	7.166930928399761e-09	1.28875066628849e-12	True	True	False	False	False	False	False	True	False	False
GM57280	GM57280	ENSMUSG00000120374	unique_symbol	1	-0.498607719950527	-0.115153063064356	0.383454656886171	positive	-0.550632099492941	-0.125060598297795	0.425571501195146	positive	True	0.0448870547726068	0.739883563433793	0.0553802023006731	0.733815254254457	False	False	False	False	False	False	False	True	False	False
GM57297	GM57297	ENSMUSG00000120344	unique_symbol	1	0.133038418542444	0.636935465591757	0.5038970470493129	positive					False	0.657688249989786	0.00144408482651639			False	False	False	False	False	False	False	False	False	False
GM57314	GM57314	ENSMUSG00000120761	unique_symbol	1	-0.309348687759054	-0.660030991366477	-0.35068230360742303	negative					False	0.148082101882417	0.000313571631048304			False	False	False	False	False	False	False	False	False	False
GM57344	GM57344	ENSMUSG00000120478	unique_symbol	1	0.74938387476519	0.384676585118224	-0.36470728964696597	negative	0.649342325531573	0.746018592068326	0.09667626653675299	positive	True	0.00029688474823919	0.100912732572872	0.0215287731569538	0.0076047467527363	True	True	False	False	False	False	False	False	False	False
GM57366	GM57366	ENSMUSG00000120851	unique_symbol	1	1.41521070341477	1.77609873287508	0.36088802946030984	positive	0.730916665020102	0.818461475062986	0.08754481004288406	positive	True	1.94664705949848e-10	2.28480456553214e-15	0.184668156540637	0.130926767099547	False	False	False	False	False	False	False	True	False	False
GM57374	GM57374	ENSMUSG00000119957	unique_symbol	1	0.107045211600655	0.409054941908532	0.302009730307877	positive	-0.0644902624130599	0.250565331282595	0.3150555936956549	positive	True	0.688003449189089	0.0248018823208297	0.875205422205431	0.446638030068989	False	False	False	False	False	False	False	True	False	False
GM5761	GM5761	ENSMUSG00000084086	unique_symbol	1	-1.0610760085553	0.0361333376358126	1.0972093461911125	positive					False	0.0436713849371274	0.962480591431067			False	False	False	False	False	False	False	False	False	False
GM5805	GM5805	ENSMUSG00000061848	unique_symbol	1	-0.00399415012399687	-0.347209595203862	-0.3432154450798651	negative	-0.0821618707780023	-0.4441647454331	-0.3620028746550977	negative	True	0.990308015572333	0.0494714637422218	0.877697986597808	0.266852648251279	False	False	False	False	False	False	False	True	False	False
GM5834	GM5834	ENSMUSG00000085867	unique_symbol	1	2.37227675206498	0.224626939452435	-2.1476498126125447	negative					False	0.0171861527286502	0.866217473051683			False	False	False	False	False	False	False	False	False	False
GM5857	GM5857	ENSMUSG00000106416	unique_symbol	1	0.434194135361337	1.11515701159577	0.6809628762344331	positive	0.370554368384835	1.12992862738593	0.7593742590010949	positive	True	0.014184259612267	5.20564191305981e-12	0.0715321318170241	9.59317789704672e-10	False	True	False	False	False	False	False	True	False	False
GM5860	GM5860	ENSMUSG00000085022	unique_symbol	1	-0.353467044358795	-0.988120863987831	-0.6346538196290361	negative	-0.189174470242009	-1.01078126387599	-0.821606793633981	negative	True	0.469870419673639	0.00582064134957243	0.784372183853714	0.0324857031706038	False	True	False	False	False	False	False	True	False	False
GM5946	GM5946	ENSMUSG00000121627	unique_symbol	1	0.812711488848196	0.0790916424075928	-0.7336198464406032	negative					False	0.00361763865486337	0.862732786809454			False	False	False	False	False	False	False	False	False	False
GM6034	GM6034	ENSMUSG00000073407	unique_symbol	1	-0.0476978453708099	0.345093543050555	0.3927913884213649	positive					False	0.80035391469718	0.00290725728023203			False	False	False	False	False	False	False	False	False	False
GM6087	GM6087	ENSMUSG00000115684	unique_symbol	1	1.8568384035019	1.51083835139321	-0.3460000521086901	negative					False	3.51287741182692e-05	0.000681608803016144			False	False	False	False	False	False	False	False	False	False
GM6125	GM6125	ENSMUSG00000112823	unique_symbol	1	0.372489034656577	0.681147168647044	0.30865813399046704	positive					False	0.0811591370900238	0.000323316832929208			False	False	False	False	False	False	False	False	False	False
GM6157	GM6157	ENSMUSG00000105687	unique_symbol	1	0.0841894599361248	-0.573201575749499	-0.6573910356856238	negative					False	0.839702458564676	0.0213354871941204			False	False	False	False	False	False	False	False	False	False
GM6201	GM6201	ENSMUSG00000115247	unique_symbol	1	-0.542531396541418	-0.0726545684133415	0.4698768281280765	positive	-0.268850632693284	0.184291815254991	0.453142447948275	positive	True	0.0138293102166588	0.828689147212542	0.693768035067114	0.766008446228145	False	False	False	False	False	False	False	True	False	False
GM6204	GM6204	ENSMUSG00000105879	unique_symbol	1	0.0423657433207592	-0.294023790318736	-0.3363895336394952	negative	-0.132896636562769	-0.252606727215246	-0.11971009065247701	negative	True	0.84530073048954	0.0275239637920356	0.820942421529935	0.615188452174557	False	False	False	False	False	False	False	True	False	False
GM6225	GM6225	ENSMUSG00000097746	unique_symbol	1	0.670397558192681	0.325850902713333	-0.344546655479348	negative	1.44427658249498	0.634065341775931	-0.8102112407190489	negative	True	0.00233047422347149	0.198763651975815	0.0112716170958396	0.306618691604779	True	False	False	False	False	False	False	True	False	False
GM6311	GM6311	ENSMUSG00000061833	unique_symbol	1	-0.0186569671426774	0.539663486024677	0.5583204531673543	positive					False	0.966501956667235	0.0394306457404354			False	False	False	False	False	False	False	False	False	False
GM6465	GM6465	ENSMUSG00000094036	unique_symbol	1	6.2872745704675	5.44025405934629	-0.8470205111212099	negative					False	2.85568697932128e-08	2.51215818973402e-06			False	False	False	False	False	False	False	False	False	False
GM6961	GM6961	ENSMUSG00000115699	unique_symbol	1	0.146799542581711	0.475895478314266	0.329095935732555	positive	-0.228447758342878	0.377716521122259	0.606164279465137	positive	True	0.412841682160102	0.000438711425062713	0.583980335982139	0.310916890744078	False	False	False	False	False	False	False	True	False	False
GM7229	GM7229	ENSMUSG00000111816	unique_symbol	1	0.954371929275844	2.3640340257539	1.4096620964780562	positive					False	0.381722116871534	0.0191050248862858			False	False	False	False	False	False	False	False	False	False
GM7233	GM7233	ENSMUSG00000094151	unique_symbol	1	-1.32983225300928	-0.866548344208477	0.46328390880080306	positive	-1.15362403265746	-0.698308358938424	0.45531567371903603	positive	True	0.000274530467883076	0.0163042323683387	0.0154015381375193	0.10663173693687	True	False	False	False	False	False	False	True	False	False
GM7255	GM7255	ENSMUSG00000101780	unique_symbol	1	-0.558054739343721	-0.207904157421979	0.350150581921742	positive	-0.651001154589201	-0.322938997110643	0.32806215747855805	positive	True	0.00468926352069638	0.40182689122291	0.0010830905582887	0.150787123260139	True	False	False	False	False	False	False	True	False	False
GM7276	GM7276	ENSMUSG00000073532	unique_symbol	1	-0.611430621266637	-0.193844683702051	0.41758593756458606	positive	-0.256619252944281	-0.306156871474306	-0.049537618530024974	negative	True	0.00126656811263963	0.435540617634197	0.719518079899201	0.65799695374987	False	False	False	False	False	False	False	False	False	False
GM7298	GM7298	ENSMUSG00000108022	unique_symbol	1	3.65891823707611	2.57589724242782	-1.0830209946482903	negative					False	5.42565832407127e-05	0.000249137729730043			False	False	False	False	False	False	False	False	False	False
GM7364	GM7364	ENSMUSG00000101563	unique_symbol	1	0.854364861062153	1.32571238679599	0.47134752573383687	positive					False	0.0838262678897758	0.0037136502461621			False	False	False	False	False	False	False	False	False	False
GM7450	GM7450	ENSMUSG00000116940	unique_symbol	1	0.991278901838367	2.118557079842	1.1272781780036332	positive	1.0981368165421	2.69499457465939	1.5968577581172902	positive	True	0.0117405401086517	9.43474281731832e-08	0.0374204403991231	1.08948453861223e-05	True	True	False	False	False	False	False	True	False	False
GM7451	GM7451	ENSMUSG00000109489	unique_symbol	1	-0.57819869663685	-0.247180449207693	0.331018247429157	positive					False	0.0091200149709662	0.351215146960323			False	False	False	False	False	False	False	False	False	False
GM7665	GM7665	ENSMUSG00000063628	unique_symbol	1	0.792945532691822	0.448858388116025	-0.344087144575797	negative	0.891217140079699	0.765323650631451	-0.12589348944824796	negative	True	2.30825984242351e-21	1.96975867745648e-07	0.23862716005972	0.269969976787425	False	False	False	False	False	False	False	True	False	False
GM7912	GM7912	ENSMUSG00000117059	unique_symbol	1	0.225926795310331	1.0332967605788	0.8073699652684689	positive	0.164970777076032	1.05075675230087	0.885785975224838	positive	True	0.513780231590002	3.47522207070514e-05	0.716320933447797	0.0013730626926069	False	True	False	False	False	False	False	True	False	False
GM7931	GM7931	ENSMUSG00000067321	ambiguous_symbol	2	0.179057986088575	-0.440528323536128	-0.619586309624703	negative					False	0.416727111000424	0.0077843870590579			False	False	False	False	False	False	False	False	False	False
GM7931	GM7931	ENSMUSG00000140766	ambiguous_symbol	2	0.179057986088575	-0.440528323536128	-0.619586309624703	negative	-0.336282110182728	-0.736262032120624	-0.399979921937896	negative	True	0.416727111000424	0.0077843870590579	0.616727740569918	0.182589703059134	False	False	False	False	False	False	False	True	False	False
GM8091	GM8091	ENSMUSG00000085915	unique_symbol	1	-0.808190900535673	-0.354778754351416	0.453412146184257	positive					False	1.27180198340003e-11	0.00633697356451973			False	False	False	False	False	False	False	False	False	False
GM8104	GM8104	ENSMUSG00000096446	ambiguous_symbol	2	-0.764440910416221	-1.23321325977629	-0.46877234936006895	negative	-0.731227855361814	-1.38312832001724	-0.651900464655426	negative	True	0.0820460426675264	0.00285796557830131	0.125077448141523	0.0025658659487242	False	True	False	False	False	False	False	True	False	False
GM8104	GM8104	ENSMUSG00000121835	ambiguous_symbol	2	-0.764440910416221	-1.23321325977629	-0.46877234936006895	negative					False	0.0820460426675264	0.00285796557830131			False	False	False	False	False	False	False	False	False	False
GM833	GM833	ENSMUSG00000073699	unique_symbol	1	-0.460437854980857	-0.971184727766233	-0.510746872785376	negative	-0.387767713712765	-1.10596091890408	-0.7181932051913149	negative	True	0.262684739937805	0.00260195622886739	0.449017195322136	0.0048448650049873	False	True	False	False	False	False	False	True	False	False
GM8818	GM8818	ENSMUSG00000079138	unique_symbol	1	3.35678746925492	1.84539722423816	-1.51139024501676	negative					False	0.00312861481858998	0.0321655335322606			False	False	False	False	False	False	False	False	False	False
GM8864	GM8864	ENSMUSG00000081892	unique_symbol	1	-0.426481666877534	1.02157436052476	1.448056027402294	positive	0.680804532355116	0.562143858416532	-0.11866067393858393	negative	True	0.482820826302783	0.0399182197746562	0.308408780667071	0.372285324957757	False	False	False	False	False	False	False	False	False	False
GM8877	GM8877	ENSMUSG00000092298	unique_symbol	1	1.39142036290746	2.08099521632504	0.6895748534175798	positive					False	0.126495152565805	0.0260422011651002			False	False	False	False	False	False	False	False	False	False
GM9001	GM9001	ENSMUSG00000080824	unique_symbol	1	-0.0377005109134359	-0.410257052802062	-0.3725565418886261	negative					False	0.848477100393707	0.000256561826857146			False	False	False	False	False	False	False	False	False	False
GM9265	GM9265	ENSMUSG00000113039	unique_symbol	1	1.16660170164733	0.0874799584147208	-1.0791217432326092	negative					False	0.0394428682544513	0.917581730155787			False	False	False	False	False	False	False	False	False	False
GM9293	GM9293	ENSMUSG00000113751	unique_symbol	1	1.00582214581825	2.3765709355749	1.37074878975665	positive					False	0.193424621763881	0.00259922079241869			False	False	False	False	False	False	False	False	False	False
GM9369	GM9369	ENSMUSG00000104670	unique_symbol	1	1.15629177352641	2.32505566386503	1.16876389033862	positive					False	0.114307225989312	0.000700677711127661			False	False	False	False	False	False	False	False	False	False
GM9484	GM9484	ENSMUSG00000105006	unique_symbol	1	1.56255376642535	1.17110282222198	-0.39145094420337	negative	1.38567397990258	1.01997383745698	-0.3657001424455999	negative	True	0.000577201499463108	0.0152292107836686	0.0064573986754846	0.0606165963337625	True	False	False	False	False	False	False	True	False	False
GM9758	GM9758	ENSMUSG00000033219	unique_symbol	1	4.76567057403474	3.18275905192817	-1.5829115221065697	negative	4.71263760523614	3.6210259062191	-1.0916116990170401	negative	True	2.59190100807224e-11	1.97978776127893e-08	3.16339082804413e-06	7.70114405845646e-05	True	True	False	False	False	False	False	True	False	False
GM9821	GM9821	ENSMUSG00000095332	unique_symbol	1	-0.0849816371587846	-0.852819245458226	-0.7678376082994414	negative					False	0.867639351357862	0.00671487887483789			False	False	False	False	False	False	False	False	False	False
GM9910	GM9910	ENSMUSG00000103469	unique_symbol	1	0.224517715953054	0.545984086742324	0.32146637078927	positive	0.433468905142589	0.270446269568993	-0.16302263557359603	negative	True	0.089625984850571	1.0612734226788e-06	0.563431890731434	0.699751663780985	False	False	False	False	False	False	False	False	False	False
GM9913	GM9913	ENSMUSG00000053615	unique_symbol	1	0.222982341518852	-0.679152612894487	-0.902134954413339	negative	0.213176295879333	0.558136313318715	0.34496001743938204	positive	True	0.623467372294738	0.0272450603558347	0.696684144351646	0.202875930560486	False	False	False	False	False	False	False	False	False	False
GM9989	GM9989	ENSMUSG00000056023	unique_symbol	1	0.0787992452309301	-0.366096276895635	-0.44489552212656513	negative					False	0.752877865686673	0.0265276201664952			False	False	False	False	False	False	False	False	False	False
GM9996	GM9996	ENSMUSG00000056316	unique_symbol	1	0.0828670923377377	0.473491171023852	0.3906240786861143	positive	-0.62534059587685	0.279035727380878	0.904376323257728	positive	True	0.538625460055417	3.82092402713218e-07	0.0684348763621598	0.482368036583126	False	False	False	False	False	False	False	True	False	False
GPC6	GPC6	ENSMUSG00000058571	unique_symbol	1	0.220635383977296	-0.460601503574177	-0.681236887551473	negative	0.267039773619218	-0.491200687459342	-0.75824046107856	negative	True	0.288494925062335	0.00711584288963446	0.311707796185169	0.032324107305313	False	True	False	False	False	False	False	True	False	False
GPHB5	GPHB5	ENSMUSG00000048982	unique_symbol	1	5.29159242432788	4.76328488060601	-0.52830754372187	negative	5.6058457255689	4.71511549781461	-0.8907302277542897	negative	True	2.56792629994348e-06	3.45166481040486e-07	8.06927546863846e-07	3.60858761530868e-05	True	True	False	False	False	False	False	True	False	False
GPIHBP1	GPIHBP1	ENSMUSG00000022579	unique_symbol	1	0.244061381412137	-0.460509601774491	-0.704570983186628	negative	0.270730942483029	-0.48752382111784	-0.758254763600869	negative	True	0.288102665104881	0.0141349386525742	0.257409403130495	0.0153693736808325	False	True	False	False	False	False	False	True	False	False
GPR119	GPR119	ENSMUSG00000051209	unique_symbol	1	0.962500945261181	1.38287280850373	0.42037186324254905	positive	1.0150715902437	1.37388226372466	0.35881067348095996	positive	True	4.26721636994861e-13	2.07930321986021e-25	5.57875094027653e-10	5.58433253064099e-17	True	True	False	True	False	True	False	True	True	False
GPR141	GPR141	ENSMUSG00000053101	unique_symbol	1	-0.11150796280372	-0.601164242066607	-0.489656279262887	negative	-0.0653457413332458	-0.708273170278384	-0.6429274289451382	negative	True	0.803946421305955	0.0328117084818909	0.892031607023268	0.0235016279529836	False	True	False	False	False	False	False	True	False	False
GPR150	GPR150	ENSMUSG00000045509	unique_symbol	1	-0.350243007738591	-0.00310802741389129	0.34713498032469975	positive	-0.295446722618899	-0.102232684578308	0.19321403804059098	positive	True	0.00657606852922404	0.988724126020087	0.13356755958155	0.652172120270314	False	False	False	False	False	False	False	True	False	False
GPR151	GPR151	ENSMUSG00000042816	unique_symbol	1	3.99881410997022	4.50903849023692	0.5102243802666999	positive	4.10296832037442	4.65751605272948	0.5545477323550596	positive	True	1.65877713779026e-203	1.03645303858967e-244	1.45559666029582e-191	9.840195203601421e-223	True	True	True	True	True	False	False	True	True	True
GPR176	GPR176	ENSMUSG00000040133	unique_symbol	1	-0.499484146292146	-0.194299491777706	0.30518465451444	positive	-0.536343518411632	-0.230552465114547	0.305791053297085	positive	True	2.51129878078328e-06	0.120669452308956	1.28287878274219e-06	0.062890612303239	True	False	False	False	False	False	False	True	False	False
GPR35	GPR35	ENSMUSG00000026271	unique_symbol	1	-0.485021833962768	-0.168518290163452	0.316503543799316	positive	-0.479377405293869	-0.189780150865942	0.28959725442792705	positive	True	4.70884254594958e-10	0.0647030657105701	5.744098476105381e-09	0.0396030632727596	True	True	False	False	False	False	False	True	False	False
GPR39	GPR39	ENSMUSG00000026343	unique_symbol	1	-0.578023649187975	-0.169583853421942	0.408439795766033	positive	-0.397995087603423	0.0119338549568499	0.4099289425602729	positive	True	0.00611800310721024	0.545603373676152	0.218147500949539	0.977725371288807	False	False	False	False	False	False	False	True	False	False
GPR4	GPR4	ENSMUSG00000044317	unique_symbol	1	0.490976975853034	-0.880130311245433	-1.371107287098467	negative	0.544843661102345	-0.96400357228391	-1.508847233386255	negative	True	0.357214684792622	0.0493169392730263	0.212839807483616	0.0110994825935591	False	True	False	False	False	False	False	True	False	False
GPRC5A	GPRC5A	ENSMUSG00000046733	unique_symbol	1	2.84946707996709	1.55151051017563	-1.2979565697914601	negative	3.03284677250038	1.60847176656711	-1.4243750059332698	negative	True	1.14495728390885e-14	3.71152056417375e-05	8.136077795141631e-15	2.19690746731522e-05	True	True	False	False	False	False	False	True	False	False
GPX3	GPX3	ENSMUSG00000018339	unique_symbol	1	0.291932273199995	-0.10332567697522	-0.395257950175215	negative	0.330256870654282	-0.0868317351836527	-0.4170886058379347	negative	True	0.0148609838215969	0.49652204120187	0.0114318350917164	0.594798869551768	True	False	False	False	False	False	False	True	False	False
GRIP1OS2	GRIP1OS2	ENSMUSG00000084764	unique_symbol	1	1.21578793867161	1.58520298020403	0.36941504153242	positive					False	0.0313495095550708	0.00442716387959896			False	False	False	False	False	False	False	False	False	False
GRM3	GRM3	ENSMUSG00000003974	unique_symbol	1	-0.498333653237328	-0.116805673285614	0.38152797995171395	positive	-0.542136456231151	-0.427027180254043	0.11510927597710802	positive	True	0.000620425798511894	0.561088376975999	0.0730742410043988	0.161844172939487	False	False	False	False	False	False	False	True	False	False
GRP	GRP	ENSMUSG00000024517	unique_symbol	1	4.5650003211906	4.09976670453528	-0.46523361665532015	negative	4.44600939009446	4.58301667470974	0.13700728461528033	positive	True	8.59003211081454e-20	8.69716209843891e-22	2.4066411312135003e-22	1.72798603446997e-22	True	True	True	True	True	False	False	False	True	False
GSC2	GSC2	ENSMUSG00000022738	unique_symbol	1	2.46647298902848	4.77206414820684	2.30559115917836	positive	2.25231938856777	4.70805193633187	2.4557325477641	positive	True	6.38343922768032e-06	4.14023120858781e-08	0.0006120339288244	1.38024091353996e-05	True	True	False	False	False	False	False	True	False	False
GSTA3	GSTA3	ENSMUSG00000025934	unique_symbol	1	-0.516425494394651	-0.925807261431926	-0.409381767037275	negative	-0.323809034486565	-0.882712440716622	-0.5589034062300571	negative	True	0.323398251647639	0.0242440005276708	0.648845163252374	0.0856115560369895	False	False	False	False	False	False	False	True	False	False
GSTT4	GSTT4	ENSMUSG00000009093	unique_symbol	1	1.24670131102419	3.4755933321272	2.22889202110301	positive					False	0.0813446909664047	0.000230831981173359			False	False	False	False	False	False	False	False	False	False
GXYLT2	GXYLT2	ENSMUSG00000030074	unique_symbol	1	0.665158269467035	-1.26575043562548	-1.930908705092515	negative	0.680585841719335	-1.27942822553129	-1.9600140672506252	negative	True	0.359644495470918	0.0364113813600623	0.333398844386981	0.0359312960760532	False	True	False	False	False	False	False	True	False	False
H2-Q10	H2-Q10	ENSMUSG00000067235	unique_symbol	1	1.20097132008791	0.262348884148931	-0.938622435938979	negative	1.2198954809093	-0.693568625045602	-1.913464105954902	negative	True	0.00513164091281563	0.659892853457474	0.0435430294924837	0.249647617272651	True	False	False	False	False	False	False	True	False	False
H3C6	H3C6	ENSMUSG00000069273	unique_symbol	1	0.277980272072049	0.825227850927724	0.547247578855675	positive					False	0.663438339963269	0.0460747773924054			False	False	False	False	False	False	False	False	False	False
H3F3A	H3F3A	ENSMUSG00000060743	unique_symbol	1	0.237217693394811	-0.106509709666276	-0.343727403061087	negative	0.226046807707449	-0.0627860295287066	-0.2888328372361556	negative	True	0.00532184452072154	0.290486935418931	0.0151156646850325	0.585420333993127	True	False	False	False	False	False	False	True	False	False
H60B	H60B	ENSMUSG00000075297	unique_symbol	1	0.419873919113852	-0.11605423771566	-0.535928156829512	negative	-0.17240866503372	-0.384908901207754	-0.21250023617403402	negative	True	0.0421435283965922	0.658604359136504	0.59585331191087	0.131108662370489	False	False	False	False	False	False	False	True	False	False
HACD4	HACD4	ENSMUSG00000028497	unique_symbol	1	0.0353359674282715	-0.628838186799462	-0.6641741542277335	negative	0.20229151041347	-0.766666445655977	-0.968957956069447	negative	True	0.939120196391605	0.017507438194328	0.700871569990699	0.0546699153176764	False	False	False	False	False	False	False	True	False	False
HCAR2	HCAR2	ENSMUSG00000045502	unique_symbol	1	-0.27590452760632	-1.69320725808915	-1.41730273048283	negative	-0.244219311606173	-1.60869645240242	-1.364477140796247	negative	True	0.822057395574833	0.0294922501851097	0.827757036079269	0.0405090061006449	False	True	False	False	False	False	False	True	False	False
HCRTR2	HCRTR2	ENSMUSG00000032360	unique_symbol	1	-0.550090149860948	-0.24774932160247	0.30234082825847797	positive	-0.54349215466671	-0.268747438361656	0.274744716305054	positive	True	1.840142409628e-11	0.00603017074355545	1.5089773269499702e-09	0.0054722655238717	True	True	False	False	False	False	False	True	False	False
HEBP1	HEBP1	ENSMUSG00000042770	unique_symbol	1	-0.0275893557979146	-0.35365153502553	-0.3260621792276154	negative	-0.0221067437240797	-0.378989410849129	-0.3568826671250493	negative	True	0.851848240550924	1.54640941552388e-05	0.874729325729043	1.22436777318997e-05	False	True	False	False	False	False	False	True	False	False
HELZ2	HELZ2	ENSMUSG00000027580	unique_symbol	1	0.74900101897371	0.434218469805671	-0.31478254916803894	negative	0.791231481254202	0.478916209938242	-0.31231527131595993	negative	True	8.5769655337699e-06	0.017275856663118	4.89636674720061e-06	0.0087965479573127	True	True	False	False	False	False	False	True	False	False
HEPH	HEPH	ENSMUSG00000031209	unique_symbol	1	0.19185606153221	-0.40941344039283	-0.60126950192504	negative	0.300790765597072	-0.466905859531935	-0.7676966251290069	negative	True	0.448774394021372	0.0408402841095346	0.527763137528674	0.256648032706783	False	False	False	False	False	False	False	True	False	False
HFM1	HFM1	ENSMUSG00000043410	unique_symbol	1	-0.427060608620672	-0.124053209566438	0.303007399054234	positive	-0.396215605353084	-0.106185057508612	0.29003054784447196	positive	True	4.59090077434396e-06	0.291481677306655	0.0013253534774301	0.488072216793859	True	False	False	False	False	False	False	True	False	False
HMX3	HMX3	ENSMUSG00000040148	unique_symbol	1	8.58480504090827	7.39689044344255	-1.1879145974657197	negative	8.79730073964167	7.54829730201796	-1.2490034376237107	negative	True	2.34342854907712e-18	7.67157832219135e-14	2.1036100037777301e-19	1.56135885319848e-14	True	True	True	False	False	False	True	True	True	False
HNF4A	HNF4A	ENSMUSG00000017950	unique_symbol	1	1.78597844361469	0.853250244515833	-0.932728199098857	negative	2.43596981038613	0.917592679716675	-1.518377130669455	negative	True	3.8512540909554e-05	0.0442635678481962	0.0003401245246071	0.110155184906926	True	False	False	False	False	False	False	True	False	False
HNF4G	HNF4G	ENSMUSG00000017688	unique_symbol	1	-1.16005693210594	-0.488462179124143	0.6715947529817969	positive	-1.23798501070215	-0.409560233790487	0.8284247769116629	positive	True	3.97153186609221e-05	0.122629315185571	0.0002638762172692	0.283776537965332	True	False	False	False	False	False	False	True	False	False
HOXA11	HOXA11	ENSMUSG00000038210	unique_symbol	1	1.58901901125201	-0.705021702759962	-2.294040714011972	negative	1.64186637088744	-0.72987189307602	-2.3717382639634597	negative	True	0.0139698469811673	0.353987042593397	0.0036981906952677	0.24553606157388	True	False	False	False	False	False	False	True	False	False
HOXA11OS	HOXA11OS	ENSMUSG00000086427	unique_symbol	1	1.39290396709522	-0.714613311039799	-2.1075172781350187	negative					False	0.0106622021886195	0.23875487261147			False	False	False	False	False	False	False	False	False	False
HOXA2	HOXA2	ENSMUSG00000014704	unique_symbol	1	-0.15785663196671	-0.640349974306399	-0.482493342339689	negative	0.0197608374960084	-0.674816743964143	-0.6945775814601515	negative	True	0.742258808064274	0.04326667785766	0.975082075896037	0.0930612487227673	False	False	False	False	False	False	False	True	False	False
HOXC8	HOXC8	ENSMUSG00000001657	unique_symbol	1	-0.0981842259830586	-0.426854314331847	-0.3286700883487884	negative	-0.0961112043218493	-0.416118911154804	-0.32000770683295465	negative	True	0.466432977559017	5.47895215551612e-06	0.450994281755854	1.46217516275771e-05	False	True	False	False	False	False	False	True	False	False
HPGD	HPGD	ENSMUSG00000031613	unique_symbol	1	-0.231766609129206	-0.637450886538662	-0.405684277409456	negative	-0.195880971408767	-0.64123815748305	-0.445357186074283	negative	True	0.354798612736351	0.00105096708255384	0.460862472288077	0.0021424447715372	False	True	False	False	False	False	False	True	False	False
HPN	HPN	ENSMUSG00000001249	unique_symbol	1	-0.467209696934088	-0.806159049923942	-0.33894935298985407	negative	-0.354480724439157	-1.09669441466008	-0.7422136902209231	negative	True	0.226919643519162	0.0194354152725221	0.400092003674704	0.0019452193878258	False	True	False	False	False	False	False	True	False	False
HPSE	HPSE	ENSMUSG00000035273	unique_symbol	1	-0.427988291408283	-0.743401107391379	-0.315412815983096	negative	-0.394019924372719	-0.797743697683747	-0.403723773311028	negative	True	0.0254129084930699	1.62235056098665e-05	0.0354990464535491	1.68692009815732e-06	True	True	False	False	False	False	False	True	False	False
HRK	HRK	ENSMUSG00000046607	unique_symbol	1	-0.0781956317516024	-0.80318772882451	-0.7249920970729076	negative	0.0288616214250642	-0.949771933551371	-0.9786335549764352	negative	True	0.796355722265539	5.6457446126645e-06	0.938190579366721	3.1881309975313e-05	False	True	False	False	False	False	False	True	False	False
HS3ST3A1	HS3ST3A1	ENSMUSG00000047759	unique_symbol	1	-0.366182208907686	-0.805176930702424	-0.43899472179473803	negative	-0.289709949108232	-0.979240552527974	-0.689530603419742	negative	True	0.213117959801327	0.000771866474092343	0.48885032862231	0.0022264694397649	False	True	False	False	False	False	False	True	False	False
HSD11B2	HSD11B2	ENSMUSG00000031891	unique_symbol	1	1.06322888538676	-1.97581984302241	-3.03904872840917	negative	1.21003343014428	-1.94133508392274	-3.15136851406702	negative	True	0.177491776118057	0.00304468712677521	0.0866723330377438	0.0016371491641877	False	True	False	False	False	False	False	True	False	False
HSPB2	HSPB2	ENSMUSG00000038086	unique_symbol	1	0.0353387624460791	-0.385182929544735	-0.4205216919908141	negative	0.0801230697294791	-0.287006018389235	-0.3671290881187141	negative	True	0.889638478161351	0.00865004524633023	0.708794127609387	0.0780716932112586	False	False	False	False	False	False	False	True	False	False
HTR1A	HTR1A	ENSMUSG00000021721	unique_symbol	1	-0.0324886513980552	0.339749803188822	0.37223845458687715	positive	-0.0049436687296079	0.351272826621645	0.3562164953512529	positive	True	0.759762764134263	8.05920048481938e-08	0.965170665431607	1.52818861284812e-07	False	True	False	False	False	False	False	True	False	False
HTR2C	HTR2C	ENSMUSG00000041380	unique_symbol	1	-1.07441441040419	-0.387323883803038	0.687090526601152	positive	-1.27135554256338	-0.521590270506903	0.749765272056477	positive	True	0.00732204550026431	0.437387725464717	0.0016196674410911	0.242542988460121	True	False	False	False	False	False	False	True	False	False
HTRA4	HTRA4	ENSMUSG00000037406	unique_symbol	1	0.226934126283958	-0.502442109185174	-0.729376235469132	negative	0.353621692406354	-0.493264572613407	-0.846886265019761	negative	True	0.39917516857944	0.0193758652056621	0.133751627001029	0.0214104557421353	False	True	False	False	False	False	False	True	False	False
I830077J02RIK	I830077J02RIK	ENSMUSG00000074342	unique_symbol	1	0.946361360514314	-0.111357032085695	-1.0577183926000089	negative	0.886352812151745	-0.0466869519872939	-0.9330397641390389	negative	True	0.0149450400993269	0.853461344841787	0.0317154602755051	0.934715556958675	True	False	False	False	False	False	False	True	False	False
IBSP	IBSP	ENSMUSG00000029306	unique_symbol	1	-0.0953361545351979	-1.44322171102321	-1.3478855564880121	negative	-0.0554741988269473	-1.45180400413439	-1.3963298053074427	negative	True	0.919984689718277	0.00817650139018754	0.947672420487255	0.0073928858225641	False	True	False	False	False	False	False	True	False	False
ID1	ID1	ENSMUSG00000042745	unique_symbol	1	-0.18461576904468	-0.682853231922101	-0.498237462877421	negative	-0.159990644724059	-0.694040428043055	-0.534049783318996	negative	True	0.579993534906682	0.0037534853434871	0.589537312982828	0.0017193150377546	False	True	False	False	False	False	False	True	False	False
IFI204	IFI204	ENSMUSG00000073489	unique_symbol	1	0.952173812487753	0.372554103339355	-0.579619709148398	negative	0.941112462058834	0.373044786085221	-0.568067675973613	negative	True	0.0088740408342467	0.4043441973353	0.0042797334650418	0.328074532845495	True	False	False	False	False	False	False	True	False	False
IFITM2	IFITM2	ENSMUSG00000060591	unique_symbol	1	0.441714665118271	0.012661783986628	-0.429052881131643	negative	0.483665529406609	0.0530512972085487	-0.4306142321980603	negative	True	0.00271690107306842	0.959898066953499	0.00779156228886	0.833189535181572	True	False	False	False	False	False	False	True	False	False
IFITM3	IFITM3	ENSMUSG00000025492	unique_symbol	1	0.723700827607586	0.294891697628047	-0.428809129979539	negative	0.799258746799265	0.362030122888217	-0.437228623911048	negative	True	1.18461261785629e-05	0.128154028615818	4.8646069842314e-06	0.0629366268194265	True	False	False	False	False	False	False	True	False	False
IGF1	IGF1	ENSMUSG00000020053	unique_symbol	1	0.267740812756381	-1.22177942962151	-1.489520242377891	negative	0.290513674959447	-1.22226181923415	-1.512775494193597	negative	True	0.665331750688858	0.00326172121887949	0.588936094278169	0.0024897172965627	False	True	False	False	False	False	False	True	False	False
IGF1OS	IGF1OS	ENSMUSG00000058934	unique_symbol	1	0.255385107564725	-1.06978383630623	-1.3251689438709549	negative					False	0.623318979563671	0.00209579241290593			False	False	False	False	False	False	False	False	False	False
IGFBP2	IGFBP2	ENSMUSG00000039323	unique_symbol	1	-0.0373877391393696	-1.30138585387105	-1.2639981147316806	negative	-0.0483318695297364	-1.37163666738457	-1.3233047978548336	negative	True	0.972789211778574	0.041505602358549	0.960514861926488	0.0303850167883675	False	True	False	False	False	False	False	True	False	False
IGFBP4	IGFBP4	ENSMUSG00000017493	unique_symbol	1	0.34635126543373	-0.0881988275718263	-0.4345500930055563	negative	0.388296701744784	-0.0828362872771271	-0.4711329890219111	negative	True	0.00633892516638914	0.6115679540601	0.0040049078086591	0.633571630691174	True	False	False	False	False	False	False	True	False	False
IGFBP7	IGFBP7	ENSMUSG00000036256	unique_symbol	1	0.46371581199338	-0.06421098532834	-0.52792679732172	negative	0.506013533417804	-0.0476827325899093	-0.5536962660077133	negative	True	0.0409921544899163	0.852670452916043	0.0296776115674473	0.883651202414519	True	False	False	False	False	False	False	True	False	False
IGFBPL1	IGFBPL1	ENSMUSG00000035551	unique_symbol	1	1.0487612329552	1.874342510443	0.8255812774878	positive	1.31435145347499	2.02240724554836	0.7080557920733701	positive	True	0.0245280420280603	2.42157343259582e-05	0.0040901653165547	8.34044294014704e-06	True	True	False	False	False	False	False	True	False	False
IGHV1-39	IGHV1-39	ENSMUSG00000095130	unique_symbol	1	-4.90898945773134	1.03264972050344	5.94163917823478	positive	-4.72398076791362	1.26021898702082	5.98419975493444	positive	True	0.00475778756517321	0.596549516998583	0.0093417807990424	0.495771578748065	True	False	False	False	False	False	False	True	False	False
IGHV1-76	IGHV1-76	ENSMUSG00000093896	unique_symbol	1	3.90632406503138	2.21264262007781	-1.6936814449535698	negative	4.04206966773635	2.76230872806492	-1.2797609396714305	negative	True	0.0474913875008802	0.291137912630198	0.0279264013258685	0.12957623766557	True	False	False	False	False	False	False	True	False	False
IGHV10-3	IGHV10-3	ENSMUSG00000095700	unique_symbol	1	0.332412188222127	6.04297662277961	5.710564434557482	positive	0.609187217501602	5.24452017666159	4.635332959159988	positive	True	0.906198015100906	0.00113000163851999	0.800017256793586	0.0063458428070347	False	True	False	False	False	False	False	True	False	False
IGKV10-94	IGKV10-94	ENSMUSG00000096490	unique_symbol	1	3.68279721431171	0.515859691381413	-3.166937522930297	negative	2.24669225188821	0.80003747446077	-1.4466547774274403	negative	True	0.0207241721850955	0.820684840955151	0.231673161374075	0.707537613204704	False	False	False	False	False	False	False	True	False	False
IGKV12-41	IGKV12-41	ENSMUSG00000095007	unique_symbol	1	1.68485302121492	4.25290290095966	2.5680498797447404	positive	2.09543767006961	4.43560718339848	2.3401695133288696	positive	True	0.354279742586979	0.0190211735317706	0.161265896670621	0.005768768760663	False	True	False	False	False	False	False	True	False	False
IGKV14-100	IGKV14-100	ENSMUSG00000096515	unique_symbol	1	6.88675337071533	4.74999961846892	-2.1367537522464097	negative	6.41530787288594	4.9373428350356	-1.47796503785034	negative	True	0.0372203203124119	0.156899517408023	0.0378058493412407	0.104220462430661	True	False	False	False	False	False	False	True	False	False
IGKV6-14	IGKV6-14	ENSMUSG00000096844	unique_symbol	1	-1.90436772718729	4.15794843491734	6.062316162104629	positive	-1.30499705174848	4.23625584618751	5.5412528979359905	positive	True	0.209225212786181	0.00947356526872041	0.368529895896975	0.0066012596713348	False	True	False	False	False	False	False	True	False	False
IGSF1	IGSF1	ENSMUSG00000031111	unique_symbol	1	0.278613680997199	-1.61565762087769	-1.8942713018748891	negative	0.36107802234746	-1.61155661723103	-1.97263463957849	negative	True	0.754372826185885	0.00296511133415622	0.637732688490892	0.0024351249220981	False	True	False	False	False	False	False	True	False	False
IL17F	IL17F	ENSMUSG00000041872	unique_symbol	1	1.53089187600109	2.8018299386101	1.27093806260901	positive					False	0.0952713383552174	0.00455002644868967			False	False	False	False	False	False	False	False	False	False
IL17RA	IL17RA	ENSMUSG00000002897	unique_symbol	1	1.3303987728923	0.70184995123301	-0.6285488216592899	negative	1.36007044182581	0.702679815616678	-0.657390626209132	negative	True	1.90215678198657e-06	0.0224666196779454	8.8958296955335e-08	0.010044796526837	True	True	False	False	False	False	False	True	False	False
IL17RE	IL17RE	ENSMUSG00000043088	unique_symbol	1	-1.01063903662809	-1.42212167901566	-0.41148264238756993	negative	-1.08299911334935	-1.44486256331588	-0.3618634499665301	negative	True	0.000413513639518383	9.08598404626675e-08	0.0006140753777881	6.5973065099572e-07	True	True	False	False	False	False	False	True	False	False
IL1RL1	IL1RL1	ENSMUSG00000026069	unique_symbol	1	0.90870858955913	0.578593444858307	-0.33011514470082304	negative	1.06277316251927	0.709253043437973	-0.353520119081297	negative	True	0.00100391502652237	0.0538812253704253	9.28094758617017e-05	0.0131234326216777	True	True	False	False	False	False	False	True	False	False
IL21	IL21	ENSMUSG00000027718	unique_symbol	1	0.516733252453686	1.31500601527867	0.798272762824984	positive					False	0.185478077309546	6.87865151393968e-05			False	False	False	False	False	False	False	False	False	False
IL22RA2	IL22RA2	ENSMUSG00000039760	unique_symbol	1	-0.97525221852495	-1.35347201455006	-0.37821979602511	negative	-1.01178526522055	-1.02296115237042	-0.011175887149870167	negative	True	0.0074007334578963	9.00148629064476e-05	0.0136142038354227	0.0100795073532581	True	True	False	False	False	False	False	True	False	False
IL23A	IL23A	ENSMUSG00000025383	unique_symbol	1	-0.425971205792493	1.53193531218342	1.957906517975913	positive					False	0.626090904336548	0.0274961769776646			False	False	False	False	False	False	False	False	False	False
IL24	IL24	ENSMUSG00000026420	unique_symbol	1	3.50072183495985	4.79000152144402	1.2892796864841696	positive					False	0.000314602140999633	2.00053294879796e-05			False	False	False	False	False	False	False	False	False	False
IL6	IL6	ENSMUSG00000025746	unique_symbol	1	3.31743510142868	4.29974811862375	0.9823130171950702	positive	3.40316593389207	4.38540533326156	0.9822393993694902	positive	True	2.42080214354895e-41	2.95683479588147e-42	2.99638306593586e-47	1.53608811767856e-46	True	True	True	True	True	False	False	True	True	False
INHBA	INHBA	ENSMUSG00000041324	unique_symbol	1	1.77351130036762	0.55690018344645	-1.21661111692117	negative	1.81216714193041	0.584578571182434	-1.227588570747976	negative	True	2.70869283905716e-10	0.0890486452814462	1.3292003443986501e-09	0.0845435499948517	True	False	False	False	False	False	False	True	False	False
INMT	INMT	ENSMUSG00000003477	unique_symbol	1	0.966023848514489	0.215506780763618	-0.750517067750871	negative	0.961876295865921	0.256279904679025	-0.7055963911868961	negative	True	0.00105976630543681	0.60094841110887	0.0003971506694469	0.446352646784636	True	False	False	False	False	False	False	True	False	False
INSM2	INSM2	ENSMUSG00000045440	unique_symbol	1	-0.497720458107405	-0.189516439432171	0.308204018675234	positive	-0.512852132764532	-0.183156957297771	0.32969517546676097	positive	True	2.18011663002377e-08	0.066790749878289	3.17622736673774e-07	0.112757363870023	True	False	False	False	False	False	False	True	False	False
IRAG1	IRAG1	ENSMUSG00000005611	unique_symbol	1	0.120180197789021	-0.349885164016338	-0.470065361805359	negative	0.158649764692378	-0.320790526321372	-0.47944029101374996	negative	True	0.397203814373394	0.00124195581462124	0.256504386018933	0.0072362969070432	False	True	False	False	False	False	False	True	False	False
IRX3OS	IRX3OS	ENSMUSG00000046413	unique_symbol	1	0.398483665443634	-0.0200237622007164	-0.4185074276443504	negative	-0.0275279206031239	-0.78243299307026	-0.7549050724671361	negative	True	0.0319573096330888	0.947369637566106	0.970192689258472	0.109632634923594	False	False	False	False	False	False	False	True	False	False
IRX5	IRX5	ENSMUSG00000031737	unique_symbol	1	1.50455918441263	-1.08803991064696	-2.5925990950595903	negative	1.48827884133979	-1.0468708679967	-2.53514970933649	negative	True	0.0316186023098988	0.152923221820108	0.0540906005987859	0.217593079883642	False	False	False	False	False	False	False	True	False	False
ITGA10	ITGA10	ENSMUSG00000090210	unique_symbol	1	0.288106887663193	-1.32878440434209	-1.616891292005283	negative	0.165647013373053	-1.37646863412038	-1.542115647493433	negative	True	0.768556322883691	0.038963649662867	0.850165772220064	0.0205302441753053	False	True	False	False	False	False	False	True	False	False
ITGA11	ITGA11	ENSMUSG00000032243	unique_symbol	1	-0.224358115098668	-0.773788589977122	-0.549430474878454	negative	-0.248334461295888	-0.823323805083348	-0.57498934378746	negative	True	0.275269553132428	8.63694185996616e-07	0.252170033012722	1.9850223516741e-06	False	True	False	False	False	False	False	True	False	False
ITGA5	ITGA5	ENSMUSG00000000555	unique_symbol	1	0.589313346358832	-0.0270086164092919	-0.6163219627681239	negative	0.613347536848772	-0.0295074920854687	-0.6428550289342406	negative	True	0.0107661543992376	0.943227298452055	0.0104850580504385	0.931977803968664	True	False	False	False	False	False	False	True	False	False
ITGB5	ITGB5	ENSMUSG00000022817	unique_symbol	1	0.168606499131374	-0.367686114643206	-0.53629261377458	negative	0.179592444533982	-0.365376770814359	-0.544969215348341	negative	True	0.362334110488266	0.0143183605220515	0.317004899308168	0.0177420050221059	False	True	False	False	False	False	False	True	False	False
ITIH3	ITIH3	ENSMUSG00000006522	unique_symbol	1	1.2093209989039	1.55329500711712	0.3439740082132201	positive	1.274568330941	1.53569198149733	0.2611236505563299	positive	True	1.38325323467499e-07	8.65663672723586e-12	8.36149814769624e-07	3.15872517745298e-09	True	True	False	False	False	False	False	True	False	False
ITM2A	ITM2A	ENSMUSG00000031239	unique_symbol	1	0.0340404810857729	-0.325325360684383	-0.3593658417701559	negative	0.052643723838932	-0.329603376379665	-0.38224710021859704	negative	True	0.882202488796769	0.01630318662591	0.792502824640616	0.0193865744038677	False	True	False	False	False	False	False	True	False	False
JCAD	JCAD	ENSMUSG00000033960	unique_symbol	1	0.448092703618645	0.022872956345453	-0.425219747273192	negative	0.46130709869398	0.034718532287517	-0.42658856640646303	negative	True	0.0147113203730999	0.938989755632807	0.0049463895157755	0.884455492400679	True	False	False	False	False	False	False	True	False	False
KANK4OS	KANK4OS	ENSMUSG00000085843	unique_symbol	1	1.54279846084311	1.08803832428579	-0.45476013655731995	negative	1.81592797981766	1.11023965746511	-0.7056883223525499	negative	True	1.16604759691609e-13	3.292312894027e-07	5.9449817397325e-17	3.29977947890728e-07	True	True	True	False	False	False	True	True	False	False
KBTBD12	KBTBD12	ENSMUSG00000033182	unique_symbol	1	0.614386571121354	0.27421248379202	-0.34017408732933396	negative	0.154403602689368	-0.144899909057056	-0.299303511746424	negative	True	0.00571443233844897	0.291980090286804	0.650182907314833	0.641114376355507	False	False	False	False	False	False	False	True	False	False
KCNA10	KCNA10	ENSMUSG00000042861	unique_symbol	1	-0.960574688534408	-0.5384864669433	0.4220882215911079	positive	-1.1393778730053	-0.434553227462129	0.7048246455431709	positive	True	0.0135055254149466	0.205722028179109	0.0201109143688917	0.423561687313448	True	False	False	False	False	False	False	True	False	False
KCND3	KCND3	ENSMUSG00000040896	unique_symbol	1	-0.331802428113836	-0.0102739393924739	0.3215284887213621	positive	-0.336838815503079	-0.0059112686211916	0.33092754688188736	positive	True	0.00314557049548055	0.957226464216453	0.0052690473619163	0.974245050074584	True	False	False	False	False	False	False	True	False	False
KCND3OS	KCND3OS	ENSMUSG00000074346	unique_symbol	1	-0.374011638981281	-0.0343293616155501	0.33968227736573087	positive	-0.105182072632494	-0.274499825551578	-0.16931775291908396	negative	True	0.0054301166121258	0.875714289251598	0.777524547425046	0.380946227599847	False	False	False	False	False	False	False	False	False	False
KCNG2	KCNG2	ENSMUSG00000059852	unique_symbol	1	-0.47502014853154	-0.100103022937047	0.37491712559449303	positive	-0.485011383608807	-0.0940526449618732	0.3909587386469338	positive	True	1.32362107637619e-06	0.455646485174962	4.96529259268802e-06	0.496782195477546	True	False	False	False	False	False	False	True	False	False
KCNH4	KCNH4	ENSMUSG00000035355	unique_symbol	1	2.03834640013756	2.35476893882619	0.3164225386886299	positive	2.35930800560957	2.58781898550678	0.22851097989721003	positive	True	2.88809917802338e-08	3.34516899579354e-09	3.02319180758046e-10	3.39430437435241e-10	True	True	False	False	False	False	False	True	False	False
KCNJ14	KCNJ14	ENSMUSG00000058743	unique_symbol	1	-0.0187805972511756	-0.570953688703861	-0.5521730914526853	negative	-0.0295218604803306	-0.772810832662182	-0.7432889721818514	negative	True	0.944709602127628	0.00010168180324586	0.916557815420284	8.24485097948464e-06	False	True	False	False	False	False	False	True	False	False
KCNK13	KCNK13	ENSMUSG00000045404	unique_symbol	1	0.0531639289785157	0.35504617946693	0.3018822504884143	positive	0.11370377907263	0.364755779011472	0.251051999938842	positive	True	0.707276680515381	7.52761433172646e-05	0.358812396441989	0.0002666923591203	False	True	False	False	False	False	False	True	False	False
KCNK16	KCNK16	ENSMUSG00000023387	unique_symbol	1	2.37123525607778	2.82437514916805	0.45313989309027036	positive	2.35975810452752	2.90286558377865	0.5431074792511299	positive	True	2.98195622568089e-44	1.83167734058288e-56	1.15396921735114e-36	3.51906760909296e-46	True	True	True	True	True	False	False	True	True	False
KCNV2	KCNV2	ENSMUSG00000047298	unique_symbol	1	-0.51169019964581	-1.07013660627968	-0.55844640663387	negative					False	0.399303577536144	0.0356778455194782			False	False	False	False	False	False	False	False	False	False
KCTD12	KCTD12	ENSMUSG00000098557	unique_symbol	1	0.725096206069693	-0.309714454356299	-1.0348106604259921	negative	0.756969818856591	-0.316141747376611	-1.073111566233202	negative	True	0.00738270049229452	0.340675410816056	0.0053486919819993	0.314270635098824	True	False	False	False	False	False	False	True	False	False
KIF19B	KIF19B	ENSMUSG00000106350	unique_symbol	1	1.52402376991837	2.17057650602648	0.6465527361081098	positive	1.59483592317919	2.21357804507891	0.61874212189972	positive	True	9.774749952801e-39	8.98365270473659e-74	2.95144008053461e-35	9.588017445617149e-62	True	True	True	True	True	False	False	True	True	False
KIF6	KIF6	ENSMUSG00000023999	unique_symbol	1	-0.0251557323116899	-0.640291125244504	-0.6151353929328142	negative	-0.0603678095882694	-0.239340144971807	-0.1789723353835376	negative	True	0.951630360310016	0.00565085021321403	0.920523330770827	0.622947147669778	False	False	False	False	False	False	False	True	False	False
KIRREL3OS	KIRREL3OS	ENSMUSG00000053889	unique_symbol	1	0.230381791465244	0.668003179448384	0.43762138798314004	positive	0.243559607898647	0.69951768486647	0.45595807696782303	positive	True	0.352369066496969	0.000508606836782327	0.308408780667071	0.0003647692516778	False	True	False	False	False	False	False	True	False	False
KL	KL	ENSMUSG00000058488	unique_symbol	1	-0.479019213220646	-1.08438780591082	-0.6053685926901741	negative	-0.452312071653249	-1.13446074414414	-0.6821486724908912	negative	True	0.316382472454079	0.00487821072768119	0.278815376156614	0.0010089516954008	False	True	False	False	False	False	False	True	False	False
KLF12	KLF12	ENSMUSG00000072294	unique_symbol	1	0.36841854376836	-0.031377060684285	-0.39979560445264495	negative	0.435032353064352	-0.0548035630144701	-0.4898359160788221	negative	True	4.59127826473144e-05	0.834475426080303	8.24414955883736e-06	0.680645920913887	True	False	False	False	False	False	False	True	False	False
KLHL31	KLHL31	ENSMUSG00000044938	unique_symbol	1	0.484739991070221	-3.84588390377258	-4.330623894842801	negative	0.481172036251509	-3.89890467261168	-4.380076708863189	negative	True	0.874978773352533	0.0423397709973701	0.876351818450378	0.0752910026223002	False	False	False	False	False	False	False	True	False	False
KLK1	KLK1	ENSMUSG00000063903	unique_symbol	1	-0.215189676351349	-1.67035345893754	-1.455163782586191	negative	-0.118559269250828	-1.76497252259715	-1.646413253346322	negative	True	0.860990770462925	0.0181549753109585	0.920990890231579	0.0189754448653499	False	True	False	False	False	False	False	True	False	False
KLK10	KLK10	ENSMUSG00000030693	unique_symbol	1	-0.38771395752748	-0.85628785048929	-0.46857389296181	negative	-0.394742552739189	-0.997793782589566	-0.603051229850377	negative	True	0.514437488295862	0.0483386917432694	0.498845873420575	0.0281955761956324	False	True	False	False	False	False	False	True	False	False
KLK5	KLK5	ENSMUSG00000074155	unique_symbol	1	-0.699327261574896	-0.244628552805235	0.454698708769661	positive	-0.677857791101348	-0.278672500143844	0.39918529095750405	positive	True	1.61241189516299e-08	0.0934451143865249	5.81285584535687e-06	0.0983748360047807	True	False	False	False	False	False	False	True	False	False
KLK7	KLK7	ENSMUSG00000030713	unique_symbol	1	3.73723746410189	3.22272887237921	-0.5145085917226804	negative	3.8856403243945	3.30926208419264	-0.5763782402018602	negative	True	3.30783245906583e-07	2.07267753662345e-06	2.92522241607358e-05	9.44314445973843e-05	True	True	False	False	False	False	False	True	False	False
KLRB1	KLRB1	ENSMUSG00000079299	unique_symbol	1	1.24299247817729	0.670002511147892	-0.5729899670293981	negative					False	0.0346590715367725	0.292306465698327			False	False	False	False	False	False	False	False	False	False
KPNA2-PS	KPNA2-PS	ENSMUSG00000083672	unique_symbol	1	0.167738348261644	0.809989851864934	0.64225150360329	positive	0.198718057715362	1.14913991508228	0.9504218573669181	positive	True	0.767508202290074	0.0256842080411157	0.630437413580948	8.24549459265293e-05	False	True	False	False	False	False	False	True	False	False
KPNA2RT	KPNA2RT	ENSMUSG00000066878	unique_symbol	1	0.291168696926448	0.794904710196064	0.503736013269616	positive	0.412613693729129	0.637388364781251	0.22477467105212207	positive	True	0.307688183633367	0.000672308882542027	0.527591088375599	0.287926535693277	False	False	False	False	False	False	False	True	False	False
KPRP	KPRP	ENSMUSG00000059832	unique_symbol	1	7.74031869965204	8.71924435842428	0.9789256587722406	positive	7.44432776503754	7.83264880926399	0.38832104422644953	positive	True	3.76682467317423e-15	5.44384553514033e-19	7.40765797560333e-14	2.3923942309934203e-15	True	True	False	False	False	False	False	True	False	False
KRT13	KRT13	ENSMUSG00000044041	unique_symbol	1	-1.19419383890779	-0.131465609247082	1.062728229660708	positive					False	0.0413404283793605	0.879973649649981			False	False	False	False	False	False	False	False	False	False
KRT2	KRT2	ENSMUSG00000064201	unique_symbol	1	-0.0885937257463638	1.08865172351718	1.1772454492635438	positive					False	0.905271168713004	0.0198355184230248			False	False	False	False	False	False	False	False	False	False
KRT6A	KRT6A	ENSMUSG00000058354	unique_symbol	1	9.66604379647563	9.24116841758154	-0.4248753788940913	negative	9.6213374865642	9.09346253216542	-0.5278749543987793	negative	True	2.37834005533585e-21	1.27413942044649e-19	2.97199491759459e-21	4.0949884757833904e-19	True	True	True	True	True	False	False	True	True	False
KRT6B	KRT6B	ENSMUSG00000023041	unique_symbol	1	5.50865444436588	4.7971012022359	-0.7115532421299804	negative					False	2.0847326118458e-05	0.000287896451029082			False	False	False	False	False	False	False	False	False	False
KY	KY	ENSMUSG00000035606	unique_symbol	1	-0.310590934301399	-1.01215376779823	-0.7015628334968309	negative	-0.414411268961527	-1.25103508299011	-0.836623814028583	negative	True	0.491007301082524	0.00243847658039439	0.322430179419242	0.0002742274751819	False	True	False	False	False	False	False	True	False	False
LAGE3	LAGE3	ENSMUSG00000015289	unique_symbol	1	-0.0360139103825728	-0.417509932515191	-0.3814960221326182	negative	-0.0332023687380873	-0.416916566115017	-0.3837141973769297	negative	True	0.828569027264085	9.59505853657964e-06	0.813844929838363	2.75310301057692e-06	False	True	False	False	False	False	False	True	False	False
LAMB3	LAMB3	ENSMUSG00000026639	unique_symbol	1	-0.0905119785901501	-0.405765324074002	-0.3152533454838519	negative	1.55404282427877	0.804178663319099	-0.749864160959671	negative	True	0.602936876072581	0.000590816886198331	6.2598545369969e-06	0.0261206766799402	True	True	False	False	False	False	False	True	False	False
LBX2	LBX2	ENSMUSG00000034968	unique_symbol	1	-0.192344801857393	-1.31293331077948	-1.120588508922087	negative	-0.256328731335923	-1.60421523504652	-1.347886503710597	negative	True	0.688439306045873	2.48287634475533e-05	0.743323851017377	0.0031196542115083	False	True	False	False	False	False	False	True	False	False
LCE1A1	LCE1A1	ENSMUSG00000057609	unique_symbol	1	2.70419110975238	4.90241407624545	2.1982229664930704	positive					False	0.00026342748720974	8.58145789669271e-06			False	False	False	False	False	False	False	False	False	False
LCE1G	LCE1G	ENSMUSG00000027919	unique_symbol	1	4.31988483775046	5.23621122504233	0.9163263872918694	positive	6.42636891621486	6.35345033436601	-0.07291858184884958	negative	True	1.21534037522864e-48	2.27403729168687e-47	6.92433748510933e-24	1.62158127656924e-23	True	True	True	True	True	False	False	False	True	False
LCE6A	LCE6A	ENSMUSG00000086848	unique_symbol	1	1.42488800341674	1.03915490130298	-0.38573310211376	negative	1.55853367910831	1.08390849915453	-0.47462517995377995	negative	True	4.61174518080298e-05	0.00646109581353555	2.55757099581993e-05	0.0055257766645259	True	True	False	False	False	False	False	True	False	False
LEAP2	LEAP2	ENSMUSG00000036216	unique_symbol	1	0.524603144649129	1.07891665225763	0.5543135076085008	positive					False	0.356581920845706	0.0445907531860376			False	False	False	False	False	False	False	False	False	False
LGR6	LGR6	ENSMUSG00000042793	unique_symbol	1	0.0441036616971191	-0.557327006111253	-0.6014306678083721	negative	0.110516146271649	-0.636900775988549	-0.747416922260198	negative	True	0.918676504495903	0.0260145207242011	0.76055712435475	0.0105015377732772	False	True	False	False	False	False	False	True	False	False
LHX4	LHX4	ENSMUSG00000026468	unique_symbol	1	-0.087460089911179	-0.990524335613383	-0.903064245702204	negative					False	0.910092987131626	0.0375735107943868			False	False	False	False	False	False	False	False	False	False
LIMA1	LIMA1	ENSMUSG00000023022	unique_symbol	1	0.327430344325919	-0.0771928712451529	-0.4046232155710719	negative	0.344706822196039	-0.0886178559577453	-0.4333246781537843	negative	True	0.0440433131382597	0.731235484804757	0.0375657899237744	0.66817834113542	True	False	False	False	False	False	False	True	False	False
LIN28B	LIN28B	ENSMUSG00000063804	unique_symbol	1	0.0376781245485016	0.36431833591838	0.32664021136987836	positive	0.125398996747732	0.39698534050839	0.27158634376065804	positive	True	0.863223721906751	0.00506413219802435	0.510137925330706	0.0108197407602298	False	True	False	False	False	False	False	True	False	False
LINCRED1	LINCRED1	ENSMUSG00000120246	unique_symbol	1	1.44550138307976	1.02840103565103	-0.41710034742873003	negative	1.67023308096354	1.17389519923482	-0.49633788172871984	negative	True	0.00845332238729282	0.0440971133588513	0.0153126805594968	0.0770596303221362	True	False	False	False	False	False	False	True	False	False
LIPN	LIPN	ENSMUSG00000024770	unique_symbol	1	3.05495207479567	4.27163240658388	1.2166803317882096	positive	2.802225016022	4.41483325676778	1.61260824074578	positive	True	1.38848430759806e-05	3.3645434085623e-08	8.01319992996285e-05	6.4056107082976e-07	True	True	False	False	False	False	False	True	False	False
LMBR1	LMBR1	ENSMUSG00000010721	ambiguous_symbol	2	-0.321087464487859	0.121405048411029	0.442492512898888	positive	0.0214185984837406	0.141003436560249	0.1195848380765084	positive	True	0.00974988736135887	0.0121216968561993	0.761568018950204	0.0043633076055119	False	True	False	False	False	False	False	True	False	False
LMBR1	LMBR1	ENSMUSG00000105741	ambiguous_symbol	2	-0.321087464487859	0.121405048411029	0.442492512898888	positive	-0.317833213832585	0.0613044822874376	0.3791376961200226	positive	True	0.00974988736135887	0.0121216968561993	0.0068918175233004	0.688460070668444	True	False	False	False	False	False	False	True	False	False
LMO4	LMO4	ENSMUSG00000028266	unique_symbol	1	0.29920313508607	-0.121731193436452	-0.420934328522522	negative	0.312947513276262	-0.108215434080289	-0.421162947356551	negative	True	0.0234122449857854	0.450102752757589	0.0171908918114044	0.490434412595675	True	False	False	False	False	False	False	True	False	False
LMTK3	LMTK3	ENSMUSG00000062044	unique_symbol	1	-0.0369939325596265	0.270318808919891	0.30731274147951754	positive	-0.0274416374245627	0.289247798611195	0.31668943603575767	positive	True	0.822751226342542	0.00739292310789369	0.867360911576162	0.0082446668075424	False	True	False	False	False	False	False	True	False	False
LOXL1	LOXL1	ENSMUSG00000032334	unique_symbol	1	0.381949496375163	-0.834071397661695	-1.216020894036858	negative	0.384495008074932	-0.821694413146377	-1.2061894212213091	negative	True	0.464061018509703	0.0448616716929571	0.430709346533554	0.0469777073176477	False	True	False	False	False	False	False	True	False	False
LOXL2	LOXL2	ENSMUSG00000034205	unique_symbol	1	0.69878585676503	0.310835553942248	-0.38795030282278203	negative	0.7392318232262	0.376358651920218	-0.36287317130598196	negative	True	1.7334430127698e-05	0.0941065445754798	1.63832672498546e-06	0.0226040416558202	True	True	False	False	False	False	False	True	False	False
LRATD2	LRATD2	ENSMUSG00000072568	unique_symbol	1	0.129291709160187	-0.26998107067555	-0.399272779835737	negative	0.103555719611836	-0.313328745253791	-0.416884464865627	negative	True	0.31819617826739	0.0118202817617958	0.518476328118259	0.0146788767416626	False	True	False	False	False	False	False	True	False	False
LRIT1	LRIT1	ENSMUSG00000041044	unique_symbol	1	1.29271065287018	0.303468119762182	-0.9892425331079979	negative	1.35526246156628	0.410755013848167	-0.944507447718113	negative	True	0.0150930017638114	0.675614142323085	0.0260089535406255	0.572161382669686	True	False	False	False	False	False	False	True	False	False
LRP5	LRP5	ENSMUSG00000024913	unique_symbol	1	0.386574654896427	-0.144837569047145	-0.531412223943572	negative	0.403591288045831	-0.157971931613582	-0.561563219659413	negative	True	0.0173805907978205	0.474405391206374	0.0174929230682402	0.425102091110883	True	False	False	False	False	False	False	True	False	False
LRP8OS3	LRP8OS3	ENSMUSG00000087200	unique_symbol	1	-0.508276667645349	-0.912244832142239	-0.40396816449689	negative	-0.448274564559822	-0.917658072807039	-0.46938350824721703	negative	True	0.0119620762741568	9.37713519650924e-07	0.040305492387664	3.35974093141436e-06	True	True	False	False	False	False	False	True	False	False
LRR1	LRR1	ENSMUSG00000034883	unique_symbol	1	0.714666663875157	-1.2151799007286	-1.929846564603757	negative					False	0.301615922375156	0.0455588204548423			False	False	False	False	False	False	False	False	False	False
LRRC1	LRRC1	ENSMUSG00000032352	unique_symbol	1	0.0470517255935555	-0.321292476020482	-0.36834420161403747	negative	0.0712390131009643	-0.312871199312853	-0.3841102124138173	negative	True	0.783307758092434	0.00199460432302917	0.672172482459592	0.0109344841726326	False	True	False	False	False	False	False	True	False	False
LRRC17	LRRC17	ENSMUSG00000039883	unique_symbol	1	-0.579242477966971	-0.972182954850004	-0.392940476883033	negative	-0.581717904691765	-0.998341832444787	-0.41662392775302204	negative	True	0.00185390898296078	1.98644284911289e-08	0.0014354924479554	5.1321724116930305e-09	True	True	False	False	False	False	False	True	False	False
LRRC25	LRRC25	ENSMUSG00000049988	unique_symbol	1	0.726092738020817	0.397255505050706	-0.32883723297011097	negative	0.746043690416847	0.431277111109359	-0.314766579307488	negative	True	0.0147347078608508	0.236658878272491	0.0135889876886167	0.186230762210055	True	False	False	False	False	False	False	True	False	False
LRRC26	LRRC26	ENSMUSG00000026961	unique_symbol	1	-0.691316379126898	-0.320582330197354	0.37073404892954404	positive					False	0.000434594618729217	0.18536716112495			False	False	False	False	False	False	False	False	False	False
LRRC36	LRRC36	ENSMUSG00000054320	unique_symbol	1	-0.627373345905724	-0.286862430574986	0.340510915330738	positive	-0.231267870141197	-0.59245005866093	-0.36118218851973305	negative	True	1.47599131518511e-06	0.052915070261859	0.502581547556061	0.033717499033819	False	True	False	False	False	False	False	False	False	False
LRRC74B	LRRC74B	ENSMUSG00000022759	unique_symbol	1	2.26294639714002	-0.917030573354143	-3.1799769704941627	negative					False	0.0174371778872952	0.45293146600928			False	False	False	False	False	False	False	False	False	False
LRRD1	LRRD1	ENSMUSG00000040367	unique_symbol	1	-0.0842929909691481	-1.03751880997174	-0.953225819002592	negative					False	0.880744056736956	0.00168082310490909			False	False	False	False	False	False	False	False	False	False
LRRK1	LRRK1	ENSMUSG00000015133	unique_symbol	1	-0.0695923033193257	-0.52136973933842	-0.4517774360190943	negative	-0.0671661301321718	-0.559155831669241	-0.49198970153706917	negative	True	0.780714220165487	0.000581818545495668	0.77749674088238	0.0004805288553561	False	True	False	False	False	False	False	True	False	False
LSMEM1	LSMEM1	ENSMUSG00000071342	unique_symbol	1	1.13101063424737	-0.11277536352976	-1.24378599777713	negative	0.270433126834178	-1.5887193360102	-1.859152462844378	negative	True	0.00346399717764924	0.856270963837192	0.755441415620903	0.0112885749980042	False	True	False	False	False	False	False	True	False	False
LY6C1	LY6C1	ENSMUSG00000079018	unique_symbol	1	0.572984485906794	0.0293918105402182	-0.5435926753665757	negative	0.623965471540257	0.0482654467162654	-0.5757000248239916	negative	True	0.000103088336224942	0.909519792139534	7.84129793602683e-05	0.834637452723711	True	False	False	False	False	False	False	True	False	False
LYPD1	LYPD1	ENSMUSG00000026344	unique_symbol	1	-0.617311453854943	-0.176203647911712	0.441107805943231	positive	-0.598401083548445	-0.181039624995618	0.417361458552827	positive	True	0.00431908132317124	0.542191862533817	0.0087558154561796	0.518633238122636	True	False	False	False	False	False	False	True	False	False
LYVE1	LYVE1	ENSMUSG00000030787	unique_symbol	1	0.562804227775438	0.0652921691123075	-0.49751205866313053	negative	0.588006713472951	0.0537329001111985	-0.5342738133617525	negative	True	0.00418007676608521	0.834431240531134	0.003139085365565	0.849551800301853	True	False	False	False	False	False	False	True	False	False
MAB21L1	MAB21L1	ENSMUSG00000056947	unique_symbol	1	-0.850072943822877	-0.47791513921934	0.37215780460353703	positive	-0.868104064243345	-0.48562790368028	0.38247616056306494	positive	True	5.15998872607421e-12	0.000289626328891244	2.5688529173018e-11	0.0004446065592858	True	True	False	False	False	False	False	True	False	False
MAN1A	MAN1A	ENSMUSG00000003746	unique_symbol	1	0.697055657377305	0.046567465530029	-0.650488191847276	negative	0.724595509730768	0.0630393050619087	-0.6615562046688593	negative	True	0.00318286819539522	0.906756925822942	0.0009646728753745	0.841989411758823	True	False	False	False	False	False	False	True	False	False
MAP3K19	MAP3K19	ENSMUSG00000051590	unique_symbol	1	1.82069222440191	1.00257599861911	-0.8181162257827999	negative	3.24194973003923	1.31277173455044	-1.92917799548879	negative	True	7.91238703598917e-05	0.050376389199367	2.06525960304625e-06	0.0464604040606957	True	True	False	False	False	False	False	True	False	False
MAP4K1	MAP4K1	ENSMUSG00000037337	unique_symbol	1	-0.0262304086429241	-0.500337244990706	-0.4741068363477819	negative	-0.0258066284340681	-0.485229099867458	-0.4594224714333899	negative	True	0.943482762464676	0.0205490390364426	0.943328435040364	0.0433605438831564	False	True	False	False	False	False	False	True	False	False
MATN1	MATN1	ENSMUSG00000040533	unique_symbol	1	0.59679324329951	-2.32137549211444	-2.91816873541395	negative					False	0.631384452909046	0.00383819852049162			False	False	False	False	False	False	False	False	False	False
MATN3	MATN3	ENSMUSG00000020583	unique_symbol	1	-0.807876911221988	-2.94386856928733	-2.135991658065342	negative					False	0.614167157189874	0.00555139205211696			False	False	False	False	False	False	False	False	False	False
MBOAT4	MBOAT4	ENSMUSG00000071113	unique_symbol	1	0.548829827912194	0.873958415074356	0.325128587162162	positive	0.61033906722592	1.02019479896428	0.4098557317383599	positive	True	0.00304942412857997	5.54566228349032e-07	0.0121373309799876	9.12818079946878e-06	True	True	False	False	False	False	False	True	False	False
MCIDAS	MCIDAS	ENSMUSG00000074651	unique_symbol	1	-0.427627492975344	-0.808897532228378	-0.381270039253034	negative	-0.856734389381784	-1.02945620621182	-0.17272181683003596	negative	True	0.333094489014064	0.0348308951233831	0.156316481567007	0.0617662252894503	False	False	False	False	False	False	False	True	False	False
MCM3	MCM3	ENSMUSG00000041859	unique_symbol	1	0.53456035438168	0.103044344868312	-0.43151600951336805	negative	0.560572495215361	0.0933188620144377	-0.4672536332009233	negative	True	0.0287343736099802	0.769898494849489	0.0221260191562942	0.772524769796639	True	False	False	False	False	False	False	True	False	False
MCOLN3	MCOLN3	ENSMUSG00000036853	unique_symbol	1	3.33214527472856	2.67059947285213	-0.66154580187643	negative	3.82222109965714	2.38774723814891	-1.4344738615082302	negative	True	6.60192241043152e-05	7.7759071090396e-05	0.0011105952648916	0.0034405274832295	True	True	False	False	False	False	False	True	False	False
MDFIC	MDFIC	ENSMUSG00000041390	unique_symbol	1	0.419134494164096	0.0532894095532261	-0.3658450846108699	negative	0.408212225399409	0.0482380822956146	-0.3599741431037944	negative	True	0.0180782647589674	0.846612623192557	0.0260491023698705	0.847483951062419	True	False	False	False	False	False	False	True	False	False
MDH1B	MDH1B	ENSMUSG00000025963	unique_symbol	1	-0.0115175319311587	-0.486868220759822	-0.4753506888286633	negative	0.0385753008066572	-0.47228608317525	-0.5108613839819072	negative	True	0.970668695281289	0.00467656235094679	0.910843337296793	0.0412172937185356	False	True	False	False	False	False	False	True	False	False
MECOM	MECOM	ENSMUSG00000027684	unique_symbol	1	0.387976472842982	-0.189542577417021	-0.5775190502600029	negative	0.455797618765396	-0.175192926240757	-0.630990545006153	negative	True	0.00745054941861215	0.253410822141041	0.0014574024562902	0.279713640071494	True	False	False	False	False	False	False	True	False	False
MEDAG	MEDAG	ENSMUSG00000029659	unique_symbol	1	0.0766842173439886	-0.455617204648692	-0.5323014219926806	negative	0.068265963546199	-0.4469599824413	-0.5152259459874989	negative	True	0.821676972188469	0.0353110043628906	0.849438932074492	0.0813643675482524	False	False	False	False	False	False	False	True	False	False
MEIOC	MEIOC	ENSMUSG00000051455	unique_symbol	1	-0.38543942533442	0.00393129678435179	0.3893707221187718	positive					False	0.0173899194023853	0.9877431889196711			False	False	False	False	False	False	False	False	False	False
MELK	MELK	ENSMUSG00000035683	unique_symbol	1	-0.802550569642472	-0.434132205325543	0.368418364316929	positive	-0.715624770657636	-0.366609572373975	0.34901519828366095	positive	True	0.009846005906789	0.202812333204879	0.0326385471108771	0.296194475972599	True	False	False	False	False	False	False	True	False	False
MELTF	MELTF	ENSMUSG00000022780	unique_symbol	1	-0.284793410811023	-1.69564410667272	-1.4108506958616969	negative	-0.306553415511077	-1.59496374695568	-1.2884103314446032	negative	True	0.768527734601255	0.00546755512509998	0.738472586407232	0.0160078699540818	False	True	False	False	False	False	False	True	False	False
METRNL	METRNL	ENSMUSG00000039208	unique_symbol	1	0.593952447893886	0.279869298635929	-0.314083149257957	negative	0.597166223066729	0.309114536194107	-0.28805168687262195	negative	True	5.7561306076447e-09	0.0131594148893476	5.595371913266721e-09	0.0047683219855964	True	True	False	False	False	False	False	True	False	False
MFAP4	MFAP4	ENSMUSG00000042436	unique_symbol	1	1.03399448802945	-0.800339088295262	-1.834333576324712	negative	1.15461722282721	-0.862702137158348	-2.017319359985558	negative	True	0.034722146722059	0.117500869483358	0.0304768958117256	0.116901313991083	True	False	False	False	False	False	False	True	False	False
MFRP	MFRP	ENSMUSG00000034739	unique_symbol	1	0.337019175186952	-0.408990766486614	-0.7460099416735659	negative					False	0.0961653996048568	0.0299417537848383			False	False	False	False	False	False	False	False	False	False
MFSD6L	MFSD6L	ENSMUSG00000048329	unique_symbol	1	6.37638625258784	5.87309775555549	-0.5032884970323499	negative	6.06802058255781	5.60221854615897	-0.46580203639883955	negative	True	3.99931724000165e-10	1.22598568827642e-08	6.519805534235821e-09	9.53339717545792e-08	True	True	False	False	False	False	False	True	False	False
MGP	MGP	ENSMUSG00000030218	unique_symbol	1	0.447148427007667	-0.924124811495795	-1.3712732385034618	negative	0.477045855664342	-1.1067034958632	-1.583749351527542	negative	True	0.424370056143429	0.0426606536576355	0.426041690290847	0.0274496079102941	False	True	False	False	False	False	False	True	False	False
MIA	MIA	ENSMUSG00000089661	unique_symbol	1	0.497608240480738	-1.10213876810917	-1.5997470085899081	negative					False	0.462283863233098	0.0347701085363528			False	False	False	False	False	False	False	False	False	False
MID1-PS1	MID1-PS1	ENSMUSG00000095134	unique_symbol	1	1.31155364198441	0.404274357704313	-0.907279284280097	negative					False	0.0221099896942767	0.594690452997814			False	False	False	False	False	False	False	False	False	False
MIR1956	MIR1956	ENSMUSG00000088373	unique_symbol	1	5.2077378627303	3.89665626640967	-1.3110815963206304	negative					False	3.8512441942438e-06	0.000231071095708238			False	False	False	False	False	False	False	False	False	False
MIR8102	MIR8102	ENSMUSG00000098919	unique_symbol	1	-1.08585656912494	-0.351442710502311	0.734413858622629	positive	-0.756381605321693	-0.3077307111637	0.448650894157993	positive	True	0.0201008757714606	0.567147887305065	0.247294604461758	0.687424003788807	False	False	False	False	False	False	False	True	False	False
MIR935	MIR935	ENSMUSG00000094210	unique_symbol	1	0.668307924595066	1.61238443769639	0.944076513101324	positive					False	0.133342457989697	0.000226636703888989			False	False	False	False	False	False	False	False	False	False
MISFADT	MISFADT	ENSMUSG00000110001	unique_symbol	1	-1.13360694498808	-0.0963134925606073	1.0372934524274726	positive					False	0.0150283524888484	0.895537821452246			False	False	False	False	False	False	False	False	False	False
MLF1	MLF1	ENSMUSG00000048416	unique_symbol	1	-0.0754673597148776	-0.685968604708411	-0.6105012449935334	negative	-0.0620928816535051	-0.688194126455883	-0.6261012448023778	negative	True	0.884925600791939	0.0279632715633828	0.88319787713057	0.0142394367329868	False	True	False	False	False	False	False	True	False	False
MMP13	MMP13	ENSMUSG00000050578	unique_symbol	1	1.54591326374113	-3.56975232517321	-5.115665588914339	negative	1.58345750550642	-3.60663157766512	-5.190089083171539	negative	True	0.460119821785793	0.031575056418714	0.400022822304133	0.0233641899633635	False	True	False	False	False	False	False	True	False	False
MMP14	MMP14	ENSMUSG00000000957	unique_symbol	1	0.419993274874809	-0.0678605642949543	-0.48785383916976327	negative	0.438926324936091	-0.0699941312601087	-0.5089204561961997	negative	True	0.0243752293214082	0.809203641539335	0.0101421518017508	0.758931866786362	True	False	False	False	False	False	False	True	False	False
MMP19	MMP19	ENSMUSG00000025355	unique_symbol	1	0.539083692697781	0.10571506288588	-0.433368629811901	negative	0.780916774993912	0.239565741985767	-0.541351033008145	negative	True	0.000720941669355616	0.640352519653095	8.95431524653329e-05	0.314756508785786	True	False	False	False	False	False	False	True	False	False
MMP25	MMP25	ENSMUSG00000023903	unique_symbol	1	-0.0129272786693768	0.307452834866627	0.3203801135360038	positive	0.0022452731272383	0.343057687636692	0.34081241450945365	positive	True	0.906046342916522	9.23372708139401e-08	0.98336060742612	9.80587738995403e-08	False	True	False	False	False	False	False	True	False	False
MN1	MN1	ENSMUSG00000070576	unique_symbol	1	0.449585011456687	-0.916097587762651	-1.365682599219338	negative	0.461181189320312	-0.983050911217407	-1.444232100537719	negative	True	0.317916684589931	0.0118624888419992	0.279571571226561	0.0048376760051303	False	True	False	False	False	False	False	True	False	False
MOBP	MOBP	ENSMUSG00000032517	unique_symbol	1	1.97264497087371	0.279065290605986	-1.6935796802677239	negative	2.10000784664017	0.195941928936064	-1.9040659177041062	negative	True	0.0119902578218202	0.821185980153757	0.0023447931938143	0.846169165472487	True	False	False	False	False	False	False	True	False	False
MOG	MOG	ENSMUSG00000076439	unique_symbol	1	1.38628303639216	0.960768331109546	-0.42551470528261415	negative					False	9.25582615828696e-05	0.00894842086773258			False	False	False	False	False	False	False	False	False	False
MOGAT1	MOGAT1	ENSMUSG00000012187	unique_symbol	1	-0.310809882055304	-0.689232506518216	-0.37842262446291197	negative	-0.190625011560621	-0.784150526671994	-0.593525515111373	negative	True	0.122302550408185	5.87741240992675e-05	0.561927090462627	0.0017907885397161	False	True	False	False	False	False	False	True	False	False
MRAP2	MRAP2	ENSMUSG00000042761	unique_symbol	1	-0.362119151014223	-0.807334996378531	-0.445215845364308	negative	-0.387743317224632	-0.791195031783493	-0.40345171455886103	negative	True	0.18095534654659	0.000340239310155529	0.158253793676037	0.0008700507751518	False	True	False	False	False	False	False	True	False	False
MRC1	MRC1	ENSMUSG00000026712	unique_symbol	1	0.80109582889966	0.33913488285909	-0.46196094604057003	negative	0.85721927591322	0.326785950487253	-0.530433325425967	negative	True	0.00995473158988165	0.365800551339207	0.0043245346013333	0.354247642710974	True	False	False	False	False	False	False	True	False	False
MRGPRB1	MRGPRB1	ENSMUSG00000070547	unique_symbol	1	0.896648838707176	0.0572689797072069	-0.8393798589999691	negative	0.772914515250626	0.0281907704357049	-0.7447237448149211	negative	True	0.0449689467499929	0.932265191861487	0.133751627001029	0.965519485490808	False	False	False	False	False	False	False	True	False	False
MRGPRB13	MRGPRB13	ENSMUSG00000099620	unique_symbol	1	-0.831263920764779	-1.75277682328378	-0.921512902519001	negative					False	0.368751508042292	0.0379041215782914			False	False	False	False	False	False	False	False	False	False
MRGPRB5	MRGPRB5	ENSMUSG00000070551	unique_symbol	1	-0.703704792441064	-0.375867942950148	0.32783684949091596	positive	-0.694300117823264	-0.417722914634681	0.276577203188583	positive	True	1.63061310060776e-07	0.0101488042374739	6.84700012605737e-07	0.004437462070567	True	True	False	False	False	False	False	True	False	False
MRGPRC1-PS	MRGPRC1-PS	ENSMUSG00000100665	unique_symbol	1	-0.441612660181706	0.0603446176566679	0.5019572778383738	positive	-0.424495681146471	0.0600214905977739	0.4845171717442449	positive	True	0.026505979615629	0.844346034392234	0.0413837516468521	0.829618621915587	True	False	False	False	False	False	False	True	False	False
MRLN	MRLN	ENSMUSG00000019933	unique_symbol	1	0.311205506784774	-1.13313879288632	-1.4443442996710938	negative	0.430920244948685	-1.09219685988184	-1.523117104830525	negative	True	0.673895713341288	0.0282294198623418	0.520595381249737	0.0427985634795552	False	True	False	False	False	False	False	True	False	False
MROH7	MROH7	ENSMUSG00000047502	unique_symbol	1	-0.704530840425387	-0.255382994257143	0.44914784616824405	positive	-0.621030521476149	-0.117347149416498	0.503683372059651	positive	True	0.00885890678764057	0.453222076854763	0.07146687071877	0.79291895812767	False	False	False	False	False	False	False	True	False	False
MS4A6D	MS4A6D	ENSMUSG00000024679	unique_symbol	1	1.49196490671778	0.807915955042504	-0.684048951675276	negative	1.51992292832566	0.830100119215477	-0.6898228091101829	negative	True	1.24158772351649e-07	0.00802467811121048	1.22275263718671e-07	0.0062975986969831	True	True	False	False	False	False	False	True	False	False
MSH4	MSH4	ENSMUSG00000005493	unique_symbol	1	0.157674764041897	-0.902678563080526	-1.060353327122423	negative	0.367642785426554	-1.01813542274544	-1.385778208171994	negative	True	0.757401670438743	0.0110009946036878	0.529285430611987	0.0485287429376921	False	True	False	False	False	False	False	True	False	False
MSTN	MSTN	ENSMUSG00000026100	unique_symbol	1	1.96568814224895	1.50207941855611	-0.4636087236928401	negative	1.92318268416347	1.44002302131534	-0.48315966284813006	negative	True	1.1385569422054e-17	7.02010450193309e-11	1.77759690212206e-15	2.29922614797644e-09	True	True	False	False	False	False	False	True	False	False
MT-ATP6	MT-ATP6	ENSMUSG00000064357	unique_symbol	1	0.0709294682670532	-0.292571098383891	-0.3635005666509442	negative	-0.0032296103031888	-0.143341393591612	-0.1401117832884232	negative	True	0.541162406428803	0.000325348929581068	0.988987909531908	0.44603484970457	False	False	False	False	False	False	False	True	False	False
MT-ATP8	MT-ATP8	ENSMUSG00000064356	unique_symbol	1	0.0666904593494514	-0.299615656745368	-0.3663061160948194	negative	-0.103673078282689	-0.0258738257198662	0.0777992525628228	positive	True	0.586670328980181	0.000364217201839463	0.861223088980424	0.964630138409089	False	False	False	False	False	False	False	False	False	False
MT-CO1	MT-CO1	ENSMUSG00000064351	unique_symbol	1	0.116046739918064	-0.217604264965216	-0.33365100488328003	negative	0.0968478406482065	-0.164648112886197	-0.26149595353440347	negative	True	0.208403885940249	0.00579504985833103	0.331141362389767	0.0620291755292163	False	False	False	False	False	False	False	True	False	False
MT-CO2	MT-CO2	ENSMUSG00000064354	unique_symbol	1	0.0952714528962133	-0.243451878093195	-0.3387233309894083	negative	-0.317041129120507	-0.0584256924510442	0.25861543666946285	positive	True	0.38104353517828	0.00439828661799179	0.164047897102499	0.837383594089179	False	False	False	False	False	False	False	False	False	False
MT-CO3	MT-CO3	ENSMUSG00000064358	unique_symbol	1	0.0830792023473406	-0.256004698633507	-0.3390839009808476	negative	0.0896831679006147	-0.0945464631689674	-0.18422963106958212	negative	True	0.449246000064249	0.00192593265720845	0.685118586072238	0.649510676006052	False	False	False	False	False	False	False	True	False	False
MT-CYTB	MT-CYTB	ENSMUSG00000064370	unique_symbol	1	0.114058442171574	-0.24960005202065	-0.363658494192224	negative	0.095162536130697	-0.229509307354718	-0.324671843485415	negative	True	0.221997359855346	0.00130781156600559	0.410305348326007	0.0171223137408464	False	True	False	False	False	False	False	True	False	False
MT-ND1	MT-ND1	ENSMUSG00000064341	unique_symbol	1	0.0909626106551082	-0.255590027690387	-0.3465526383454952	negative	0.0546972982385091	-0.223949490127086	-0.2786467883655951	negative	True	0.334327214917128	0.000517091777636563	0.627435618817855	0.0083053714117653	False	True	False	False	False	False	False	True	False	False
MT-ND2	MT-ND2	ENSMUSG00000064345	unique_symbol	1	0.0537957290776235	-0.315658216639855	-0.36945394571747847	negative	0.0020151023756131	-0.348467552739747	-0.3504826551153601	negative	True	0.624987602023792	1.1931691897002e-05	0.988366594534784	0.0001016593544502	False	True	False	False	False	False	False	True	False	False
MT-ND3	MT-ND3	ENSMUSG00000064360	unique_symbol	1	0.0479376218547856	-0.407438048017888	-0.45537566987267364	negative	0.158359170924946	-0.487190990173166	-0.645550161098112	negative	True	0.773962369860424	4.40960466608923e-05	0.656476507600474	0.0691619474924867	False	False	False	False	False	False	False	True	False	False
MT-ND4	MT-ND4	ENSMUSG00000064363	unique_symbol	1	0.0764265092549169	-0.251720002564138	-0.3281465118190549	negative	0.0279614157930729	-0.239136132491763	-0.2670975482848359	negative	True	0.477010021900746	0.00150134607854841	0.823898528479697	0.0050068210652304	False	True	False	False	False	False	False	True	False	False
MT-ND4L	MT-ND4L	ENSMUSG00000065947	unique_symbol	1	0.0778488092191544	-0.25176733452235	-0.3296161437415044	negative	0.16735687943963	0.203467531880047	0.036110652440416974	positive	True	0.572227212012334	0.0118204034771107	0.81324091992101	0.760153782986579	False	False	False	False	False	False	False	False	False	False
MT-ND5	MT-ND5	ENSMUSG00000064367	unique_symbol	1	0.0968575061160783	-0.213468831903303	-0.3103263380193813	negative	0.0941222824837268	-0.173026838277387	-0.2671491207611138	negative	True	0.330531761527845	0.00839513731519837	0.43629422260463	0.100781095301702	False	False	False	False	False	False	False	True	False	False
MT-ND6	MT-ND6	ENSMUSG00000064368	unique_symbol	1	0.104399030559876	-0.219843844253211	-0.324242874813087	negative	-0.0617765160339551	-0.244561082755591	-0.1827845667216359	negative	True	0.294264133261901	0.00735400540998466	0.732838296178878	0.0741514483182186	False	False	False	False	False	False	False	True	False	False
MT-RNR1	MT-RNR1	ENSMUSG00000064337	unique_symbol	1	0.0709244137942235	-0.391050325785462	-0.4619747395796855	negative	0.0479128593162725	-0.438361357790137	-0.4862742171064095	negative	True	0.71778431489279	0.00207206118942227	0.862696087686847	0.0201930809080686	False	True	False	False	False	False	False	True	False	False
MT-RNR2	MT-RNR2	ENSMUSG00000064339	unique_symbol	1	0.0305933757031537	-0.400476283878628	-0.4310696595817817	negative	0.0049898511527433	-0.476128249161149	-0.4811181003138923	negative	True	0.887128274537029	0.00094255803655425	0.983279738304769	0.0014905099745557	False	True	False	False	False	False	False	True	False	False
MT-TA	MT-TA	ENSMUSG00000064347	unique_symbol	1	0.0975346821800087	-0.541791340880069	-0.6393260230600777	negative					False	0.752054586493863	0.00532835379435838			False	False	False	False	False	False	False	False	False	False
MT-TC	MT-TC	ENSMUSG00000064349	unique_symbol	1	0.174673147042206	-0.492235518763045	-0.666908665805251	negative					False	0.543327467235181	0.0210504688125183			False	False	False	False	False	False	False	False	False	False
MT-TE	MT-TE	ENSMUSG00000064369	unique_symbol	1	0.089502120576731	-0.291285014181614	-0.380787134758345	negative	-0.395339961436758	0.286804390474131	0.682144351910889	positive	True	0.542384183086277	0.00639330782118885	0.63271241029432	0.730948451432731	False	False	False	False	False	False	False	False	False	False
MT-TG	MT-TG	ENSMUSG00000064359	unique_symbol	1	0.00870779101758801	-0.314099120769042	-0.32280691178663	negative					False	0.969751894961063	0.0130873257928784			False	False	False	False	False	False	False	False	False	False
MT-TN	MT-TN	ENSMUSG00000064348	unique_symbol	1	0.150206110874164	-0.505230857535022	-0.655436968409186	negative					False	0.581874165166999	0.00928831507539957			False	False	False	False	False	False	False	False	False	False
MT-TS1	MT-TS1	ENSMUSG00000064352	unique_symbol	1	0.131720925013656	-0.248260654611192	-0.379981579624848	negative					False	0.205329811765393	0.00517335763105225			False	False	False	False	False	False	False	False	False	False
MT-TV	MT-TV	ENSMUSG00000064338	unique_symbol	1	0.179395372166841	-0.967067351953381	-1.146462724120222	negative					False	0.811283031452673	0.0399731976865593			False	False	False	False	False	False	False	False	False	False
MT-TY	MT-TY	ENSMUSG00000064350	unique_symbol	1	0.0310246196619079	-0.434261583758355	-0.4652862034202629	negative					False	0.931775240048141	0.0427597383895572			False	False	False	False	False	False	False	False	False	False
MTNR1A	MTNR1A	ENSMUSG00000054764	unique_symbol	1	-0.936582158261063	-2.17429267242449	-1.2377105141634273	negative	-0.734398343677326	-1.82427049504782	-1.0898721513704939	negative	True	0.317782024127542	0.00521625437018016	0.47742928763227	0.0343905189349699	False	True	False	False	False	False	False	True	False	False
MXRA8	MXRA8	ENSMUSG00000029070	unique_symbol	1	0.169303630943807	-0.392168942145709	-0.561472573089516	negative	0.192532962283661	-0.396453079782166	-0.588986042065827	negative	True	0.422492524852033	0.0192464993286813	0.335533313273936	0.0204740910446136	False	True	False	False	False	False	False	True	False	False
MXRA8OS	MXRA8OS	ENSMUSG00000073679	unique_symbol	1	0.0122790516075134	-0.49752113510504	-0.5098001867125533	negative					False	0.979064057365623	0.0477101338888306			False	False	False	False	False	False	False	False	False	False
MYADML2OS	MYADML2OS	ENSMUSG00000084822	unique_symbol	1	-0.38280431843544	-0.876995534163002	-0.494191215727562	negative					False	0.0730303302528215	1.66869765857769e-06			False	False	False	False	False	False	False	False	False	False
MYBPC2	MYBPC2	ENSMUSG00000038670	unique_symbol	1	0.523093773095311	-2.5632862127475	-3.086379985842811	negative	0.765074489662963	-3.459050406789	-4.224124896451963	negative	True	0.771508756542524	0.0304726626175109	0.704365009479819	0.0206024673712933	False	True	False	False	False	False	False	True	False	False
MYH4	MYH4	ENSMUSG00000057003	unique_symbol	1	0.945629702792462	-4.55514906606392	-5.500778768856382	negative	0.961418617143054	-4.77850205348784	-5.7399206706308945	negative	True	0.745053369723023	0.0173791906373633	0.711476926564727	0.0117607877752334	False	True	False	False	False	False	False	True	False	False
MYL2	MYL2	ENSMUSG00000013936	unique_symbol	1	-0.972937000742062	-0.331261281564926	0.6416757191771361	positive	-1.40437280646627	-0.378649229937095	1.025723576529175	positive	False	0.0303952587760814	0.570717541298483			False	False	False	False	False	False	False	False	False	False
MYMK	MYMK	ENSMUSG00000009214	unique_symbol	1	-0.235440520286825	-0.581783411517164	-0.34634289123033896	negative	-0.152518058449165	-0.624374558590431	-0.471856500141266	negative	True	0.307009758617321	0.00160934618538171	0.560390202661285	0.0017317013142234	False	True	False	False	False	False	False	True	False	False
N4BP2	N4BP2	ENSMUSG00000037795	unique_symbol	1	0.47054273375262	0.0863402291426754	-0.3842025046099446	negative	0.472619454066412	0.116973302648379	-0.35564615141803296	negative	True	0.0103384175686974	0.744319107401911	0.0139642356797619	0.62434877195973	True	False	False	False	False	False	False	True	False	False
NAALADL1	NAALADL1	ENSMUSG00000054999	unique_symbol	1	-0.214127237083651	-0.518544060055332	-0.30441682297168104	negative					False	0.474328639957274	0.0243968596854135			False	False	False	False	False	False	False	False	False	False
NAGS	NAGS	ENSMUSG00000048217	unique_symbol	1	4.88030816281124	5.22900408055195	0.3486959177407094	positive	6.08104962472371	5.85576263318202	-0.22528699154169018	negative	True	1.52252321430037e-09	1.48794626675916e-07	1.10171232411958e-08	3.52848672977566e-08	True	True	False	False	False	False	False	False	False	False
NAPRT	NAPRT	ENSMUSG00000022574	unique_symbol	1	0.711762081955503	0.400340552654018	-0.3114215293014849	negative	0.71814951016488	0.426542228586921	-0.29160728157795907	negative	True	3.40603597830059e-05	0.0334392025087387	2.60187479731057e-05	0.0184326609983063	True	True	False	False	False	False	False	True	False	False
NDST2	NDST2	ENSMUSG00000039308	unique_symbol	1	0.0491182341846503	-0.25422762521797	-0.30334585940262027	negative	0.0732152437772801	-0.247199045332783	-0.3204142891100631	negative	True	0.680532822421553	0.00102091893625578	0.469521404266535	0.0015285831082523	False	True	False	False	False	False	False	True	False	False
NDUFA12-PS	NDUFA12-PS	ENSMUSG00000080893	unique_symbol	1	0.04728093876263	-0.588104447818609	-0.635385386581239	negative	-0.225620513921087	0.355403981872743	0.58102449579383	positive	True	0.894082139065921	0.00343954733573259	0.611641365825017	0.367147235083285	False	False	False	False	False	False	False	False	False	False
NDUFA4L2	NDUFA4L2	ENSMUSG00000040280	unique_symbol	1	0.284588543200925	-0.654454572665077	-0.939043115866002	negative	0.318824131617064	-0.686611380266118	-1.005435511883182	negative	True	0.450517639241772	0.0269097796202982	0.385510012860552	0.0243743015780516	False	True	False	False	False	False	False	True	False	False
NECTIN1	NECTIN1	ENSMUSG00000032012	unique_symbol	1	-0.0186526629348383	0.317284074103324	0.3359367370381623	positive	0.0046443634312997	0.332136900408267	0.3274925369769673	positive	True	0.907476433624466	0.000322594010384487	0.976190000335467	0.0003431888332228	False	True	False	False	False	False	False	True	False	False
NEGR1	NEGR1	ENSMUSG00000040037	unique_symbol	1	-0.15355582574732	-0.50424031341879	-0.3506844876714701	negative	-0.162133235418284	-0.520285887157546	-0.358152651739262	negative	True	0.608573305531591	0.0196058602596009	0.503796544904178	0.0067248577099486	False	True	False	False	False	False	False	True	False	False
NEK10	NEK10	ENSMUSG00000042567	unique_symbol	1	2.2129675027069	2.72968797237406	0.5167204696671601	positive	3.02332305932268	3.10604761057395	0.08272455125126976	positive	True	0.00344271239677987	0.000175063166153872	0.0035230961454173	0.0010744030148611	True	True	False	False	False	False	False	True	False	False
NELL1	NELL1	ENSMUSG00000055409	unique_symbol	1	-0.28514134166762	0.231768043879144	0.516909385546764	positive	-0.219714515171395	0.232333083103577	0.452047598274972	positive	True	0.0221989121482306	0.072452968460394	0.11517993946799	0.085477464520908	False	False	False	False	False	False	False	True	False	False
NEUROG1	NEUROG1	ENSMUSG00000048904	unique_symbol	1	0.612613503704452	1.09777206170256	0.4851585579981079	positive	0.61462220528643	1.26623675365053	0.6516145483640999	positive	True	0.015770826302027	1.27982810973862e-05	0.041487088951395	4.15887326678825e-05	True	True	False	False	False	False	False	True	False	False
NFIX	NFIX	ENSMUSG00000001911	unique_symbol	1	0.150763591582091	-0.493017628967164	-0.643781220549255	negative	0.15766810715322	-0.522117649837373	-0.679785756990593	negative	True	0.577132573087913	0.0116509931036241	0.505997733004774	0.0050607644235023	False	True	False	False	False	False	False	True	False	False
NGF	NGF	ENSMUSG00000027859	unique_symbol	1	0.903496216699829	0.590466764927573	-0.31302945177225605	negative	0.976582915320705	0.614094115752838	-0.36248879956786695	negative	True	0.00155030586605408	0.0530927235883181	0.0002654453445343	0.0265948490396674	True	True	False	False	False	False	False	True	False	False
NHLH1	NHLH1	ENSMUSG00000051251	unique_symbol	1	-0.689494296994323	-1.1629837963915	-0.473489499397177	negative	-0.819797673453964	-1.3750409809908	-0.5552433075368359	negative	True	0.301610805137663	0.040162660263396	0.233649878644237	0.0214986957192567	False	True	False	False	False	False	False	True	False	False
NIBAN3	NIBAN3	ENSMUSG00000043243	unique_symbol	1	-0.695132467425922	-0.0826266056422715	0.6125058617836505	positive	-0.328394732745825	0.172350095783515	0.50074482852934	positive	True	0.0208794739144127	0.854688469706358	0.547580687679719	0.758789841918983	False	False	False	False	False	False	False	True	False	False
NKAIN1	NKAIN1	ENSMUSG00000078532	unique_symbol	1	1.32205010213963	1.63075791532942	0.30870781318979	positive	1.39386798570569	1.71892343954909	0.32505545384340007	positive	True	2.76538925549853e-49	1.0795874847775e-73	6.60425167098873e-47	2.52334399011532e-69	True	True	True	True	True	False	False	True	True	False
NKAIN4	NKAIN4	ENSMUSG00000027574	unique_symbol	1	0.000343811750148878	-0.380128737384845	-0.38047254913499384	negative	0.0222801526021531	-0.362237032769631	-0.3845171853717841	negative	True	0.998801164248707	0.00336188208159804	0.919420902447872	0.0102452057853803	False	True	False	False	False	False	False	True	False	False
NKX6-1	NKX6-1	ENSMUSG00000035187	unique_symbol	1	1.18383773053288	0.0723467366259133	-1.1114909939069666	negative	1.32930284230158	0.043398864277004	-1.285903978024576	negative	True	0.0327578077322437	0.932180696500855	0.0201547051519821	0.956269845861565	True	False	False	False	False	False	False	True	False	False
NLRP3	NLRP3	ENSMUSG00000032691	unique_symbol	1	0.587693013169594	0.209797821911196	-0.377895191258398	negative	0.341022644919471	0.177787591233767	-0.16323505368570398	negative	True	0.00188958382285716	0.367753209835859	0.389389758137715	0.677529316958687	False	False	False	False	False	False	False	True	False	False
NMUR1	NMUR1	ENSMUSG00000026237	unique_symbol	1	-0.736770169019255	-0.37150678102327	0.36526338799598496	positive	-0.698970289777795	-0.388453576653131	0.31051671312466395	positive	True	1.96465227556669e-08	0.00972604404596159	3.86186089233498e-05	0.0346945868977827	True	True	False	False	False	False	False	True	False	False
NOX4	NOX4	ENSMUSG00000030562	unique_symbol	1	0.540565261486053	0.19901524075627	-0.341550020729783	negative	0.682273607315126	0.211411782780632	-0.470861824534494	negative	True	0.0034592216029326	0.380981837260437	0.0007610046806937	0.379920539976398	True	False	False	False	False	False	False	True	False	False
NPAS2	NPAS2	ENSMUSG00000026077	unique_symbol	1	-0.320842120786101	0.11690520237144	0.43774732315754106	positive	-0.337743104274456	0.130188254920633	0.467931359195089	positive	True	0.00709435452880428	0.429978823214942	0.0117491773110773	0.400772581352849	True	False	False	False	False	False	False	True	False	False
NPPB	NPPB	ENSMUSG00000029019	unique_symbol	1	0.296422141391315	0.644620843594162	0.34819870220284704	positive	0.307794418625808	0.695428501171119	0.387634082545311	positive	True	0.0197415746084067	1.38177333897642e-08	0.0271893212262587	2.99085158678212e-08	True	True	False	False	False	False	False	True	False	False
NPY	NPY	ENSMUSG00000029819	unique_symbol	1	3.5833735459939	4.79989514313513	1.21652159714123	positive	3.60225676861384	4.89119136793954	1.2889345993257004	positive	True	1.43148613281397e-07	9.95418407154939e-13	8.7503246765122e-09	8.693633151062701e-15	True	True	False	False	False	False	False	True	False	False
NR0B2	NR0B2	ENSMUSG00000037583	unique_symbol	1	-1.16777348922848	-0.770901791551626	0.39687169767685393	positive	-1.33435669249786	-0.773994554882603	0.560362137615257	positive	True	0.000135809195217277	0.0134970165301361	0.0018984384566124	0.067854577427596	True	False	False	False	False	False	False	True	False	False
NT5DC2	NT5DC2	ENSMUSG00000071547	unique_symbol	1	0.238421296446525	-0.084510338217728	-0.322931634664253	negative	0.256183778122958	-0.09706820872122	-0.353251986844178	negative	True	0.000885887438244468	0.313449839444363	0.0045888591423713	0.324987482485786	True	False	False	False	False	False	False	True	False	False
NTS	NTS	ENSMUSG00000019890	unique_symbol	1	0.695030720528743	1.02776390381277	0.3327331832840269	positive	0.734558024488942	1.06733423198356	0.3327762074946179	positive	True	1.78670617848974e-05	4.51496221637164e-11	1.74406729620471e-05	1.1924566379152002e-10	True	True	False	False	False	False	False	True	False	False
NTSR1	NTSR1	ENSMUSG00000027568	unique_symbol	1	-1.09207991379795	-0.638115997359623	0.453963916438327	positive	-1.21762865535317	-0.648941166492272	0.5686874888608981	positive	True	1.68878867950185e-07	0.0030652255185698	4.18914399883343e-06	0.0167417662931611	True	True	False	False	False	False	False	True	False	False
NXNL2	NXNL2	ENSMUSG00000021396	unique_symbol	1	-0.434159444480942	-0.054662981616945	0.379496462863997	positive	-0.452434133865055	-0.0891325558783115	0.3633015779867435	positive	True	0.00297164012527918	0.817763761574547	0.0041782673224135	0.676163670306759	True	False	False	False	False	False	False	True	False	False
NXPE1-PS	NXPE1-PS	ENSMUSG00000109675	unique_symbol	1	1.45514112936903	-0.0295395115243969	-1.4846806408934268	negative					False	0.0433553118525253	0.97858400287422			False	False	False	False	False	False	False	False	False	False
NXPH2	NXPH2	ENSMUSG00000069132	unique_symbol	1	-2.17556317771314	-1.32182922762878	0.8537339500843601	positive	-2.05094854894961	-1.46280127029702	0.5881472786525903	positive	True	2.33096719483306e-05	0.00582420073388411	0.0010466759521126	0.0088452069666391	True	True	False	False	False	False	False	True	False	False
NYNRIN	NYNRIN	ENSMUSG00000075592	unique_symbol	1	0.114919570068644	-0.246068191441545	-0.36098776151018896	negative	0.117916974093518	-0.248027002666362	-0.36594397675988	negative	True	0.436047621668465	0.0372402775857833	0.410613439143333	0.0392948750689121	False	True	False	False	False	False	False	True	False	False
OACYL	OACYL	ENSMUSG00000046610	unique_symbol	1	1.53097395374618	1.96384176930854	0.43286781556236	positive	1.59535488092974	2.10410883130928	0.5087539503795402	positive	True	2.33380329488226e-13	2.64015900484476e-20	4.0792782183719695e-12	3.02883819426411e-18	True	True	False	True	False	True	False	True	False	False
OAS1E	OAS1E	ENSMUSG00000066867	unique_symbol	1	2.89255934649966	4.08044315366515	1.1878838071654898	positive	3.09495334803835	3.75397141897987	0.6590180709415199	positive	True	1.99666219457591e-10	4.52112205671257e-14	4.13135153189375e-10	2.14793603865138e-13	True	True	False	False	False	False	False	True	False	False
OLIG3	OLIG3	ENSMUSG00000045591	unique_symbol	1	0.329170799514538	0.85549925143017	0.526328451915632	positive	0.359183269573023	0.790325635497301	0.43114236592427796	positive	True	0.498288100804447	0.026730629559213	0.381410046579168	0.0272306762828213	False	True	False	False	False	False	False	True	False	False
OMD	OMD	ENSMUSG00000048368	unique_symbol	1	0.247585352848715	-0.827349125360028	-1.074934478208743	negative	0.283564020186873	-0.839504852128219	-1.1230688723150921	negative	True	0.608379126501169	0.0155889252955523	0.513691736855286	0.0144702152141351	False	True	False	False	False	False	False	True	False	False
OOEP	OOEP	ENSMUSG00000032346	unique_symbol	1	-0.0800113367689041	0.331920630254017	0.4119319670229211	positive	-0.076990997318451	0.325039237533699	0.40203023485215	positive	True	0.628256421604779	0.00356159583893417	0.630437413580948	0.0067004395958037	False	True	False	False	False	False	False	True	False	False
OPN1MW	OPN1MW	ENSMUSG00000031394	unique_symbol	1	0.0808344714821937	0.430305569417855	0.34947109793566133	positive	0.438297156796011	0.426395784856744	-0.011901371939266991	negative	True	0.813679546661563	0.0482237338769115	0.352232235295517	0.32393303677172	False	False	False	False	False	False	False	False	False	False
OR52B6-PS1	OR52B6-PS1	ENSMUSG00000081859	unique_symbol	1	2.7537036513431	2.38086624605348	-0.37283740528962017	negative					False	0.000982958743781668	0.00389454121678913			False	False	False	False	False	False	False	False	False	False
OR7E168	OR7E168	ENSMUSG00000095448	unique_symbol	1	0.9343707662796	1.27982168034448	0.34545091406487993	positive	0.919500282989253	1.23492062642977	0.31542034344051706	positive	True	0.00567502534919988	7.79488519197858e-05	0.0131903645998861	0.0006318972611389	True	True	False	False	False	False	False	True	False	False
OR8B53	OR8B53	ENSMUSG00000061039	unique_symbol	1	1.26104889599284	1.72115347578259	0.46010457978974983	positive	1.28048865503344	1.73819930325965	0.4577106482262101	positive	True	9.38669888252068e-24	1.34839062596019e-43	6.76773177011098e-21	2.22197824289734e-37	True	True	True	True	True	False	False	True	True	False
OR9A7	OR9A7	ENSMUSG00000068259	unique_symbol	1	0.512415793968831	1.90883345549108	1.396417661522249	positive					False	0.5236281332944	0.00880502597377373			False	False	False	False	False	False	False	False	False	False
OSMR	OSMR	ENSMUSG00000022146	unique_symbol	1	0.108305545491898	0.427644382041065	0.31933883654916695	positive	0.12249094432271	0.448828143549456	0.326337199226746	positive	True	0.297751324229265	5.4289351167726e-08	0.241858381797616	1.08992191853617e-07	False	True	False	False	False	False	False	True	False	False
OTOG	OTOG	ENSMUSG00000009487	unique_symbol	1	-1.01693667340457	0.44800944438523	1.4649461177898	positive	-1.32363631936209	0.372576239126843	1.696212558488933	positive	True	0.0156006556663535	0.368029642757192	0.018675225140359	0.559599645144789	True	False	False	False	False	False	False	True	False	False
OTOGL	OTOGL	ENSMUSG00000091455	unique_symbol	1	0.535102920298661	0.187723445221681	-0.34737947507698	negative	0.500440713451182	0.29780942219578	-0.20263129125540202	negative	True	0.0358699045413995	0.562305861279213	0.110149953244798	0.374848048039089	False	False	False	False	False	False	False	True	False	False
P2RX2	P2RX2	ENSMUSG00000029503	unique_symbol	1	-0.440908734881402	-0.105784368792514	0.33512436608888796	positive	-0.437881593879055	-0.114511650421242	0.323369943457813	positive	True	3.3439153917889e-08	0.306614076792845	4.20210146888203e-06	0.327225323208234	True	False	False	False	False	False	False	True	False	False
P2RY1	P2RY1	ENSMUSG00000027765	unique_symbol	1	-0.659107973178449	-0.327653969231755	0.33145400394669405	positive	-0.662396835530666	-0.336680664576546	0.32571617095412	positive	True	8.46106756128364e-09	0.00917113772931869	8.25242522990858e-08	0.0117726771665325	True	True	False	False	False	False	False	True	False	False
P2RY10B	P2RY10B	ENSMUSG00000054293	unique_symbol	1	-0.496183449296259	-0.964694247527871	-0.468510798231612	negative	-0.388154565714217	-0.983459780658806	-0.595305214944589	negative	True	0.360347658501148	0.0224520815787734	0.524194911562362	0.02704645944941	False	True	False	False	False	False	False	True	False	False
P2RY6	P2RY6	ENSMUSG00000048779	unique_symbol	1	0.597292461746406	0.204664777074624	-0.39262768467178205	negative	0.641593144566324	0.249200114987871	-0.392393029578453	negative	True	0.0247764642514351	0.547591473810011	0.0314532154997224	0.473436430708383	True	False	False	False	False	False	False	True	False	False
PADI1	PADI1	ENSMUSG00000025329	unique_symbol	1	0.605081011456447	1.04163638765612	0.4365553761996731	positive	1.00768486430404	1.60063229400199	0.59294742969795	positive	True	0.0355776112042094	0.000119276788238529	0.0032841615153571	6.91996718725412e-06	True	True	False	False	False	False	False	True	False	False
PADI3	PADI3	ENSMUSG00000025328	unique_symbol	1	2.05148712398392	1.35858960347584	-0.6928975205080798	negative	2.44344961666206	1.48728406438649	-0.9561655522755699	negative	True	0.000143353587196463	0.00616807546490384	0.0014100877084611	0.0182572468378172	True	True	False	False	False	False	False	True	False	False
PAK6	PAK6	ENSMUSG00000074923	unique_symbol	1	0.928676855073969	0.35496478609841	-0.573712068975559	negative	0.892769507241544	0.462896308269479	-0.42987319897206505	negative	True	0.0058444038873254	0.381365018090262	0.0142041299783576	0.245577186608358	True	False	False	False	False	False	False	True	False	False
PAMR1	PAMR1	ENSMUSG00000027188	unique_symbol	1	0.385040601384794	-1.11644988795208	-1.501490489336874	negative	0.436491076867926	-1.11387608856949	-1.550367165437416	negative	True	0.58903307709146	0.0337379949206142	0.489917753278963	0.0305364319119309	False	True	False	False	False	False	False	True	False	False
PANTR2	PANTR2	ENSMUSG00000097063	unique_symbol	1	0.372663842423863	-1.84164010085886	-2.214303943282723	negative					False	0.750509669959201	0.016802797147221			False	False	False	False	False	False	False	False	False	False
PANX3	PANX3	ENSMUSG00000011118	unique_symbol	1	-0.818568430561342	-1.63255735289024	-0.813988922328898	negative	-0.920411330415306	-1.75325800099385	-0.8328466705785441	negative	True	0.421837775822039	0.0399387107494508	0.402503235893657	0.0463493441973721	False	True	False	False	False	False	False	True	False	False
PAX1	PAX1	ENSMUSG00000037034	unique_symbol	1	1.08019833756571	-0.518054027381603	-1.598252364947313	negative	1.13043122211732	-0.489373217507296	-1.619804439624616	negative	True	0.0440106374532127	0.403489433030755	0.0434249405288976	0.430724242641213	True	False	False	False	False	False	False	True	False	False
PCDHB21	PCDHB21	ENSMUSG00000044022	unique_symbol	1	0.0174770633309219	0.353350212905009	0.3358731495740871	positive	0.0117062590568265	0.313009946379754	0.3013036873229275	positive	True	0.942811958500665	0.0137187471057846	0.945479402003485	0.0045826657293233	False	True	False	False	False	False	False	True	False	False
PDE4C	PDE4C	ENSMUSG00000031842	unique_symbol	1	0.108332723448616	0.523125455266506	0.41479273181789	positive	0.136511285888542	0.548667796799273	0.412156510910731	positive	True	0.306176453008671	4.36954576502145e-11	0.153203988082239	5.595802186382629e-12	False	True	False	False	False	False	False	True	False	False
PDGFC	PDGFC	ENSMUSG00000028019	unique_symbol	1	0.601367041849752	0.272795130173057	-0.32857191167669497	negative	0.619615753283213	0.29066747246874	-0.3289482808144731	negative	True	1.91825693689105e-06	0.0576181852528928	2.89612184976333e-06	0.0470163034581109	True	True	False	False	False	False	False	True	False	False
PDGFRL	PDGFRL	ENSMUSG00000031595	unique_symbol	1	0.373529389963626	-0.793552508861111	-1.167081898824737	negative	0.473551325713225	-0.816776622494085	-1.29032794820731	negative	True	0.359812087076607	0.0163368301269412	0.210186645566244	0.0131802510483347	False	True	False	False	False	False	False	True	False	False
PDPN	PDPN	ENSMUSG00000028583	unique_symbol	1	0.493337545896441	0.130962990194652	-0.362374555701789	negative	0.521366120265095	0.151190435416217	-0.370175684848878	negative	True	0.000107718459358363	0.43489025447375	5.87979023839592e-05	0.338308525263472	True	False	False	False	False	False	False	True	False	False
PGF	PGF	ENSMUSG00000004791	unique_symbol	1	-0.335062126865825	-0.763930518826995	-0.42886839196117005	negative	-0.329158388294824	-0.774433497302365	-0.44527510900754097	negative	True	0.0048269909266965	6.55008073769004e-13	0.0084536429139603	3.35697516308676e-12	True	True	False	False	False	False	False	True	False	False
PGPEP1L	PGPEP1L	ENSMUSG00000030553	unique_symbol	1	-0.215244179521435	-0.798275367224689	-0.5830311877032539	negative	-0.275651846424309	-1.28664699470302	-1.010995148278711	negative	True	0.699426618896904	0.0286482143967269	0.660985134097405	0.0015722625248308	False	True	False	False	False	False	False	True	False	False
PGR	PGR	ENSMUSG00000031870	unique_symbol	1	-0.0474995857786747	-0.347699980992944	-0.30020039521426933	negative	-0.0226915180002816	-0.350290580203839	-0.32759906220355745	negative	True	0.825534675950408	0.00845354837079533	0.912443368585213	0.0089116011411299	False	True	False	False	False	False	False	True	False	False
PHLDB2	PHLDB2	ENSMUSG00000033149	unique_symbol	1	0.169232551733721	-0.597506479013064	-0.766739030746785	negative	0.213395565462422	-0.586225960174066	-0.799621525636488	negative	True	0.637743599929342	0.0187111565333332	0.4818652660183	0.0168042541288853	False	True	False	False	False	False	False	True	False	False
PHOX2A	PHOX2A	ENSMUSG00000007946	unique_symbol	1	2.97296627764387	2.33785942405004	-0.6351068535938302	negative	7.00503099218788	5.31803011343012	-1.6870008787577602	negative	True	2.15347220216344e-16	1.14539805754507e-10	1.51706937210329e-11	4.81781536266747e-08	True	True	False	False	False	False	False	True	False	False
PI15	PI15	ENSMUSG00000067780	unique_symbol	1	1.23300399127336	0.579177735179799	-0.6538262560935609	negative	1.13286931184905	0.627276910892541	-0.505592400956509	negative	True	6.35556833317012e-07	0.0335284128484897	7.29399227877265e-07	0.008883047132204	True	True	False	False	False	False	False	True	False	False
PI16	PI16	ENSMUSG00000024011	unique_symbol	1	0.523791998236797	-0.986787834804431	-1.510579833041228	negative	0.565587311458372	-1.02036865100913	-1.5859559624675021	negative	True	0.326221125135484	0.027548916678944	0.277132763807779	0.0254261322606737	False	True	False	False	False	False	False	True	False	False
PIGBOS1	PIGBOS1	ENSMUSG00000098332	unique_symbol	1	-0.00340018718075385	-0.310575587159257	-0.3071753999785031	negative	-0.0162564003954756	-0.289449769018843	-0.2731933686233674	negative	True	0.988780198669578	0.00930820016047318	0.931993433661455	0.0165510683561528	False	True	False	False	False	False	False	True	False	False
PLA2R1	PLA2R1	ENSMUSG00000054580	unique_symbol	1	-0.116221420999362	0.292937733973289	0.409159154972651	positive	-0.0886129753623042	0.262297067212519	0.35091004257482317	positive	True	0.310874753792208	0.00165291286518741	0.448131171301423	0.0062898718555135	False	True	False	False	False	False	False	True	False	False
PLATR5	PLATR5	ENSMUSG00000097398	unique_symbol	1	3.78151345156608	2.73549167871259	-1.0460217728534902	negative					False	0.00653807200704175	0.0299842418362087			False	False	False	False	False	False	False	False	False	False
PLAUR	PLAUR	ENSMUSG00000046223	unique_symbol	1	2.63952680958932	3.00559693519283	0.36607012560350993	positive	2.75807170550098	3.12497870564791	0.3669070001469299	positive	True	9.98499297421215e-151	1.05631391414925e-191	1.0933163937509101e-149	7.47365737573838e-186	True	True	True	True	True	False	False	True	True	False
PLB1	PLB1	ENSMUSG00000029134	unique_symbol	1	0.209011231958211	-1.42998222069809	-1.6389934526563008	negative	0.161503563054329	-1.19554755648178	-1.3570511195361088	negative	True	0.799642227474607	0.00239872605741743	0.818966466987076	0.0083975451986423	False	True	False	False	False	False	False	True	False	False
PLEKHG6	PLEKHG6	ENSMUSG00000038167	unique_symbol	1	0.804894499239583	0.414504479008036	-0.390390020231547	negative	0.0748452069282959	-0.469621732462817	-0.5444669393911129	negative	True	3.25753086863236e-05	0.0500168634349577	0.905793121062004	0.321906838767772	False	False	False	False	False	False	False	True	False	False
PLEKHS1	PLEKHS1	ENSMUSG00000035818	unique_symbol	1	-0.80705611266256	0.344500174668037	1.1515562873305971	positive	0.0223745203006897	0.552892040112479	0.5305175198117894	positive	True	0.0487209619159175	0.47852133605442	0.980066523580884	0.390234001640134	False	False	False	False	False	False	False	True	False	False
PLPP3	PLPP3	ENSMUSG00000028517	unique_symbol	1	0.325366881501827	-0.044347853723818	-0.369714735225645	negative	0.362952116968046	-0.0421340547207222	-0.4050861716887682	negative	True	0.00917127127385836	0.819636866416632	0.0029281639130443	0.805187116761813	True	False	False	False	False	False	False	True	False	False
PLPPR4	PLPPR4	ENSMUSG00000044667	unique_symbol	1	0.929924169120289	1.23408924429171	0.304165075171421	positive	0.974413965541499	1.23330347894815	0.2588895134066511	positive	True	1.22631671728673e-23	6.65897786362494e-41	1.0388804289840801e-23	4.02906828024641e-37	True	True	True	True	True	False	False	True	True	False
PLSCR1	PLSCR1	ENSMUSG00000032369	unique_symbol	1	0.572254856741873	0.18214305720551	-0.39011179953636305	negative	0.592704279829002	0.175748078430662	-0.41695620139834	negative	True	0.00196816948082618	0.438055947113082	0.0003299373735525	0.374185714579208	True	False	False	False	False	False	False	True	False	False
PLVAP	PLVAP	ENSMUSG00000034845	unique_symbol	1	0.790018564494975	0.215879671731165	-0.57413889276381	negative	0.796958686203599	0.253676567664375	-0.543282118539224	negative	True	0.000285338524175421	0.451642642124891	8.3408497035485e-05	0.296364205842882	True	False	False	False	False	False	False	True	False	False
PM20D1	PM20D1	ENSMUSG00000042251	unique_symbol	1	0.161956969447587	-0.657270674933221	-0.819227644380808	negative	0.160908390415592	-0.657821173484658	-0.81872956390025	negative	True	0.696143063604459	0.0190611110528484	0.680943705332061	0.0223491667542763	False	True	False	False	False	False	False	True	False	False
PMEPA1	PMEPA1	ENSMUSG00000038400	unique_symbol	1	0.298734503994842	-0.00449619551973152	-0.30323069951457354	negative	0.31734801971534	0.0159712285925893	-0.3013767911227507	negative	True	0.00209280263832036	0.97908497123277	0.0009581100618545	0.911845163601707	True	False	False	False	False	False	False	True	False	False
PODNL1	PODNL1	ENSMUSG00000012889	unique_symbol	1	1.96855868264061	1.49781153376539	-0.4707471488752202	negative	1.99470669122602	1.58044931992619	-0.4142573712998301	negative	True	1.44356375692593e-17	1.43753700324429e-10	5.81419221517254e-14	3.0081311056883502e-09	True	True	False	False	False	False	False	True	False	False
POF1B	POF1B	ENSMUSG00000034607	unique_symbol	1	-0.232389529405651	-1.33858519388311	-1.1061956644774589	negative					False	0.802852819942785	0.0144232734679886			False	False	False	False	False	False	False	False	False	False
PON3	PON3	ENSMUSG00000029759	unique_symbol	1	0.0455660940805825	-0.426004945257972	-0.4715710393385545	negative	0.0645264361094856	-0.455409621273682	-0.5199360573831676	negative	True	0.881276526630244	0.0169328876390609	0.822852602051922	0.0212295253266447	False	True	False	False	False	False	False	True	False	False
POPDC2	POPDC2	ENSMUSG00000022803	unique_symbol	1	-0.180315591613423	-0.488777905542716	-0.308462313929293	negative	-0.0835684024329939	-0.501182327023936	-0.41761392459094204	negative	True	0.573328993233813	0.0409415912636088	0.836887801322862	0.0825195130967196	False	False	False	False	False	False	False	True	False	False
PPIC	PPIC	ENSMUSG00000024538	unique_symbol	1	0.373521905844073	-0.658886802300692	-1.032408708144765	negative	0.361067494451854	-0.655501852164916	-1.01656934661677	negative	True	0.334814630337087	0.0450305252577208	0.272348887302	0.0223200152032287	False	True	False	False	False	False	False	True	False	False
PPM1N	PPM1N	ENSMUSG00000030402	unique_symbol	1	-0.724647093928824	-0.315920575390859	0.408726518537965	positive	-0.570834268559623	-0.362802817391572	0.20803145116805105	positive	True	0.00355969288909904	0.270528632594168	0.0529519578620277	0.234752799692016	False	False	False	False	False	False	False	True	False	False
PPP1R14A	PPP1R14A	ENSMUSG00000037166	unique_symbol	1	0.225555927273995	-0.545483435233186	-0.771039362507181	negative	0.293953413489209	-0.47935608783492	-0.773309501324129	negative	True	0.534015721006234	0.0475875125709967	0.388796266902173	0.103097408424716	False	False	False	False	False	False	False	True	False	False
PPP1R3A	PPP1R3A	ENSMUSG00000042717	unique_symbol	1	-0.163363274365965	-1.76953334175074	-1.606170067384775	negative	-0.270698218737557	-1.80653098786685	-1.535832769129293	negative	True	0.905093139882557	0.02883639249264	0.790917477523886	0.0113796938559438	False	True	False	False	False	False	False	True	False	False
PPP1R3C	PPP1R3C	ENSMUSG00000067279	unique_symbol	1	0.255328315265809	-1.08402595740942	-1.339354272675229	negative	0.271499702318294	-1.12085212176543	-1.392351824083724	negative	True	0.723545510277388	0.0268375568703365	0.67375404034064	0.0207093470010351	False	True	False	False	False	False	False	True	False	False
PRAMEL13	PRAMEL13	ENSMUSG00000028591	unique_symbol	1	3.69182911224922	1.84110882742852	-1.8507202848207	negative					False	0.00464479546878445	0.0800773217804829			False	False	False	False	False	False	False	False	False	False
PRDM6	PRDM6	ENSMUSG00000069378	unique_symbol	1	0.425037937352922	-1.40834917932595	-1.833387116678872	negative	0.492236991218697	-1.415714666822	-1.907951658040697	negative	True	0.661594285690504	0.0411584473721208	0.569697547608788	0.0386410782167424	False	True	False	False	False	False	False	True	False	False
PRH1	PRH1	ENSMUSG00000059934	unique_symbol	1	4.50890637140077	5.60264646298351	1.09374009158274	positive					False	0.00146905975353849	2.64579545136768e-05			False	False	False	False	False	False	False	False	False	False
PRICKLE1	PRICKLE1	ENSMUSG00000036158	unique_symbol	1	-0.105745427753191	-0.410128650988098	-0.30438322323490696	negative	-0.116678286997558	-0.416269500920455	-0.299591213922897	negative	True	0.446351281778044	4.4098961143209e-05	0.397806500992122	0.0001109966700868	False	True	False	False	False	False	False	True	False	False
PROC	PROC	ENSMUSG00000024386	unique_symbol	1	-0.410774266853069	-0.859587019266733	-0.448812752413664	negative	-0.644690957753415	-0.909661557810963	-0.264970600057548	negative	True	0.409511699508916	0.0296817381847466	0.182556747627662	0.0314009608066456	False	True	False	False	False	False	False	True	False	False
PROCR	PROCR	ENSMUSG00000027611	unique_symbol	1	3.43851486656922	2.80696908308428	-0.6315457834849401	negative	3.51041902217287	2.89149901664077	-0.6189200055320998	negative	True	2.73328980901902e-79	1.12103397331129e-53	9.37240123958315e-111	5.95176779791718e-78	True	True	True	True	True	False	False	True	True	False
PROM2	PROM2	ENSMUSG00000027376	unique_symbol	1	-0.40520485891933	-0.0190205821905569	0.3861842767287731	positive	0.0323823031157664	0.0904202713144823	0.0580379681987159	positive	True	0.010941580012218	0.942961540785043	0.935166179694142	0.799912225916178	False	False	False	False	False	False	False	True	False	False
PRR33	PRR33	ENSMUSG00000043795	unique_symbol	1	0.333106062750738	-1.89233432689428	-2.225440389645018	negative	0.390980505443574	-3.50216740031189	-3.893147905755464	negative	True	0.808617957046581	0.0313268053587299	0.910289323214635	0.160884334452489	False	False	False	False	False	False	False	True	False	False
PRRT4	PRRT4	ENSMUSG00000079654	unique_symbol	1	-0.834308661664946	-0.310613646390667	0.523695015274279	positive	-0.932322247175723	-0.357558704511724	0.574763542663999	positive	True	0.000183577985050706	0.247947548055365	3.00142357813083e-05	0.157478002347871	True	False	False	False	False	False	False	True	False	False
PRRX2	PRRX2	ENSMUSG00000039476	unique_symbol	1	0.100707731739238	-0.977158958866404	-1.077866690605642	negative	0.0434714437492637	-0.950444691120203	-0.9939161348694667	negative	True	0.88489345058929	0.0166222496706679	0.939138097417375	0.0083271899492557	False	True	False	False	False	False	False	True	False	False
PRSS22	PRSS22	ENSMUSG00000045027	unique_symbol	1	3.37833785283801	3.84769886788102	0.46936101504300964	positive					False	0.00240075643330623	0.00300007518745322			False	False	False	False	False	False	False	False	False	False
PRSS34	PRSS34	ENSMUSG00000056399	unique_symbol	1	1.23800032887931	0.180383738325361	-1.057616590553949	negative	1.21537056237075	0.128084551487077	-1.087286010883673	negative	True	0.049318958765599	0.845974853369935	0.0528255171654795	0.877252808883513	False	False	False	False	False	False	False	True	False	False
PRSS56	PRSS56	ENSMUSG00000036480	unique_symbol	1	5.52188984397371	6.68858659919546	1.16669675522175	positive	5.59741246918285	6.86550755826781	1.2680950890849596	positive	True	8.63958164509149e-17	2.24493778285136e-11	2.0400973764369203e-09	7.53546302569084e-12	True	True	False	False	False	False	False	True	False	False
PSG17	PSG17	ENSMUSG00000004540	unique_symbol	1	-2.26130886196072	-1.03098460547927	1.2303242564814498	positive					False	0.0426745663968565	0.37897429046411			False	False	False	False	False	False	False	False	False	False
PTBP1	PTBP1	ENSMUSG00000006498	unique_symbol	1	0.35901960614498	0.0116742817134326	-0.3473453244315474	negative	0.419905725025027	0.0188019351147928	-0.4011037899102342	negative	True	0.00780969522795242	0.958712918268306	0.00138350186503	0.923693710921496	True	False	False	False	False	False	False	True	False	False
PTGDR2	PTGDR2	ENSMUSG00000034117	unique_symbol	1	0.185198190752361	0.551887424742025	0.366689233989664	positive					False	0.62738869603796	0.046641124723183			False	False	False	False	False	False	False	False	False	False
PTGIS	PTGIS	ENSMUSG00000017969	unique_symbol	1	-0.17332757712557	-0.607869813893288	-0.43454223676771797	negative	0.436426318339043	-1.20721190530724	-1.643638223646283	negative	True	0.348859513735812	1.31181973745616e-05	0.509584063127663	0.0238873046826912	False	True	False	False	False	False	False	True	False	False
PTHLH	PTHLH	ENSMUSG00000048776	unique_symbol	1	1.18430813680975	0.488006772019358	-0.696301364790392	negative	1.22633147281771	0.511188740259968	-0.715142732557742	negative	True	4.69725435547199e-06	0.103881801109417	1.03381521153856e-07	0.0453291677597374	True	True	False	False	False	False	False	True	False	False
PTN	PTN	ENSMUSG00000029838	unique_symbol	1	-0.00635689014861079	-0.360884103587893	-0.35452721343928223	negative	-0.0048088909702118	-0.382788762973046	-0.37797987200283417	negative	True	0.971680605287096	0.000133667605066371	0.978501308163576	0.0003825005284196	False	True	False	False	False	False	False	True	False	False
PTPRO	PTPRO	ENSMUSG00000030223	unique_symbol	1	0.666129125852645	1.16023782644685	0.494108700594205	positive	0.693947841740018	1.17950773863878	0.485559896898762	positive	True	1.08912075679593e-10	4.16694481996556e-31	1.86675169575084e-10	1.14953846257079e-28	True	True	False	True	False	True	False	True	True	False
PVALB	PVALB	ENSMUSG00000005716	unique_symbol	1	0.0927971421007877	-0.478533489456334	-0.5713306315571217	negative	0.0985561456580806	-0.549903684485429	-0.6484598301435096	negative	True	0.796351418511198	0.0410407582246284	0.778083295930368	0.0287501840350491	False	True	False	False	False	False	False	True	False	False
PWWP3B	PWWP3B	ENSMUSG00000042515	unique_symbol	1	-0.335470192137849	-0.712829755977357	-0.37735956383950797	negative	-0.300442953201233	-0.741816005461446	-0.441373052260213	negative	True	0.0536784568111712	1.69724689307341e-06	0.12680273927236	5.32773063052261e-06	False	True	False	False	False	False	False	True	False	False
PYGM	PYGM	ENSMUSG00000032648	unique_symbol	1	0.39422790426952	-2.51941161392556	-2.91363951819508	negative	0.411490451850069	-2.59609581729232	-3.007586269142389	negative	True	0.832330225626248	0.0327302953463272	0.803589937709601	0.0262101494335488	False	True	False	False	False	False	False	True	False	False
RAB29	RAB29	ENSMUSG00000026433	unique_symbol	1	0.304088390724986	-0.128529815938297	-0.432618206663283	negative	0.315394758619877	-0.113241408307564	-0.428636166927441	negative	True	0.0279873586268395	0.438055947113082	0.0350987531662481	0.514126214186011	True	False	False	False	False	False	False	True	False	False
RAD21L	RAD21L	ENSMUSG00000074704	unique_symbol	1	0.287780202589089	0.657758611030852	0.369978408441763	positive	0.168508247646333	0.696713542899489	0.528205295253156	positive	True	0.463374665706345	0.0295211278555088	0.742762935097743	0.0605421272715629	False	False	False	False	False	False	False	True	False	False
RAMP1	RAMP1	ENSMUSG00000034353	unique_symbol	1	0.342646115825743	-1.29130520214617	-1.633951317971913	negative	0.348481148457102	-1.28010694120779	-1.6285880896648919	negative	True	0.674238373831182	0.0224287705234649	0.637567040917069	0.0228983516464816	False	True	False	False	False	False	False	True	False	False
RASAL1	RASAL1	ENSMUSG00000029602	unique_symbol	1	0.930343082888875	0.461434169374169	-0.46890891351470604	negative	0.958709005155452	0.47230725534516	-0.486401749810292	negative	True	0.0239005276421835	0.332890308599585	0.0443563854120991	0.3707082779247	True	False	False	False	False	False	False	True	False	False
RASSF8	RASSF8	ENSMUSG00000030259	unique_symbol	1	0.0506750125421066	-0.28875383543359	-0.3394288479756966	negative	0.0711385078121	-0.293878539352726	-0.365017047164826	negative	True	0.79180526812688	0.0182005455902029	0.665285312844218	0.0170960712439981	False	True	False	False	False	False	False	True	False	False
RBP7	RBP7	ENSMUSG00000028996	unique_symbol	1	0.25360659151636	-0.787606601788747	-1.041213193305107	negative	0.321433521032635	-0.870458520658507	-1.191892041691142	negative	True	0.526096216019421	0.0062881695700907	0.387106747433089	0.0034065346799734	False	True	False	False	False	False	False	True	False	False
REDRUM	REDRUM	ENSMUSG00000096982	unique_symbol	1	-0.507168007989099	-0.206600143984967	0.300567864004132	positive	-0.482520346554306	-0.194434114648052	0.288086231906254	positive	True	8.66291933845065e-09	0.0416699561950125	1.05220811715765e-06	0.0851355109871694	True	False	False	False	False	False	False	True	False	False
REG3B	REG3B	ENSMUSG00000071356	unique_symbol	1	-0.143356503356134	3.30515316954953	3.448509672905664	positive					False	0.914876400018923	0.00430459921048646			False	False	False	False	False	False	False	False	False	False
RFX2	RFX2	ENSMUSG00000024206	unique_symbol	1	0.547591361601644	-0.177460052620263	-0.725051414221907	negative	0.600804782092985	-0.201219995996256	-0.8020247780892411	negative	True	0.00138036721651641	0.403317819987486	0.0005055176549621	0.303649305588578	True	False	False	False	False	False	False	True	False	False
RFX8	RFX8	ENSMUSG00000057173	unique_symbol	1	-0.873589871311954	-0.293177408941742	0.580412462370212	positive	-1.22626974842111	-0.433442524660375	0.792827223760735	positive	True	0.0150430890892984	0.496812563723136	0.0031420436621751	0.304429099658612	True	False	False	False	False	False	False	True	False	False
RGS1	RGS1	ENSMUSG00000026358	unique_symbol	1	-1.54733317281784	0.193589989338892	1.740923162156732	positive	-1.26938433313815	0.224268443740802	1.493652776878952	positive	True	0.0258883925513212	0.864321033392295	0.0841008790478667	0.834637452723711	False	False	False	False	False	False	False	True	False	False
RGS14	RGS14	ENSMUSG00000052087	unique_symbol	1	-0.66664364740429	-0.325759319841456	0.34088432756283404	positive	-0.658254743813425	-0.299137038370447	0.359117705442978	positive	True	5.34327624323503e-18	6.38268696441653e-05	4.32672827252592e-13	0.0019066183885083	True	True	False	False	False	False	False	True	False	False
RGS9	RGS9	ENSMUSG00000020599	unique_symbol	1	-0.168343397687914	-0.471006671790799	-0.302663274102885	negative	-0.0689757712303571	-0.403509303500564	-0.33453353227020693	negative	True	0.482543789689892	0.00937018492978161	0.760997933283213	0.0119634128706053	False	True	False	False	False	False	False	True	False	False
RHO	RHO	ENSMUSG00000030324	unique_symbol	1	-0.654752658332724	-0.296186999721475	0.358565658611249	positive	-0.632179706325718	-0.304506045492864	0.327673660832854	positive	True	7.87672650615954e-08	0.029382285539277	4.62835322050399e-06	0.0420578125644329	True	True	False	False	False	False	False	True	False	False
RHOD	RHOD	ENSMUSG00000041845	unique_symbol	1	0.0301990662691404	-0.500404767589791	-0.5306038338589314	negative	0.0419857344423731	-0.514722248645294	-0.5567079830876671	negative	True	0.925614521548455	0.00511085697567699	0.894185688324828	0.0103301247021234	False	True	False	False	False	False	False	True	False	False
RHOJ	RHOJ	ENSMUSG00000046768	unique_symbol	1	0.374351434251759	-0.172053599973937	-0.546405034225696	negative	0.396057162205599	-0.157728783622759	-0.553785945828358	negative	True	0.0297099268481573	0.399041926556907	0.0232121499681093	0.43671895588512	True	False	False	False	False	False	False	True	False	False
RIMBP3	RIMBP3	ENSMUSG00000071636	unique_symbol	1	-0.574216561730021	1.57221419717925	2.146430758909271	positive	-0.562377753168269	1.78044910359887	2.342826856767139	positive	True	0.314943592808221	0.00119683318239692	0.417265711815394	0.0047959382810423	False	True	False	False	False	False	False	True	False	False
RIN1	RIN1	ENSMUSG00000024883	unique_symbol	1	3.29951497598228	2.91482323457616	-0.38469174140612017	negative	3.31476744966049	2.97754832589864	-0.3372191237618498	negative	True	9.11309215498013e-76	2.56817810540588e-61	4.74321596033061e-78	1.54590708434372e-66	True	True	True	True	True	False	False	True	True	False
RIPK3	RIPK3	ENSMUSG00000022221	unique_symbol	1	0.868451452193542	0.529449630973197	-0.33900182122034506	negative	1.06045460705501	0.53478681139997	-0.5256677956550401	negative	True	0.00824378218140723	0.123292110224691	0.0030629206721284	0.159085133697459	True	False	False	False	False	False	False	True	False	False
RIPOR2	RIPOR2	ENSMUSG00000036006	unique_symbol	1	0.0447241818165767	-0.490216466862533	-0.5349406486791097	negative	0.0633657813944389	-0.473230883392075	-0.5365966647865139	negative	True	0.885973023367793	0.00616807546490384	0.81146303546284	0.0088125765315592	False	True	False	False	False	False	False	True	False	False
RIPPLY3	RIPPLY3	ENSMUSG00000022941	unique_symbol	1	0.834189088977589	-0.0649479224437142	-0.8991370114213032	negative	1.05862308572454	-0.0297053727424116	-1.0883284584669517	negative	True	0.0445755504157085	0.921304885985902	0.021581188431134	0.964066708718687	True	False	False	False	False	False	False	True	False	False
RNASE4	RNASE4	ENSMUSG00000021876	unique_symbol	1	0.640154792087497	0.31175696690682	-0.32839782518067706	negative	0.664884851599453	0.362004703596677	-0.30288014800277596	negative	True	0.000536444065796541	0.141949159667386	0.0092884391650809	0.19806915210979	True	False	False	False	False	False	False	True	False	False
RNF112	RNF112	ENSMUSG00000010086	unique_symbol	1	-0.759833227977373	-0.458084628806987	0.30174859917038593	positive	-0.785971724729043	-0.46816388888221	0.317807835846833	positive	True	3.70276066702741e-20	9.26612946946494e-08	6.59387676850432e-18	7.21831294541732e-07	True	True	True	False	False	False	True	True	True	False
RNF212	RNF212	ENSMUSG00000055385	unique_symbol	1	-1.24275518494871	-0.533840556714889	0.708914628233821	positive	-1.21376957256832	-0.764873784165951	0.448895788402369	positive	True	0.0165651175718285	0.405401663011975	0.0899985844132962	0.33379794541109	False	False	False	False	False	False	False	True	False	False
RNF225	RNF225	ENSMUSG00000033967	unique_symbol	1	0.790300342219381	0.41855214263753	-0.37174819958185096	negative	0.853208829860552	0.558775114908457	-0.294433714952095	negative	True	0.00943141414154934	0.230307717300945	0.0352818806879242	0.191963683087623	True	False	False	False	False	False	False	True	False	False
ROBO3	ROBO3	ENSMUSG00000032128	unique_symbol	1	-1.18678638919483	0.113999025040235	1.300785414235065	positive	-1.391183032791	0.163657062806661	1.554840095597661	positive	True	0.0113397217350716	0.874803132905851	0.0202998278585353	0.830663660721952	True	False	False	False	False	False	False	True	False	False
ROPN1	ROPN1	ENSMUSG00000022832	unique_symbol	1	-0.225624748508887	-1.25060414187807	-1.024979393369183	negative	-0.358227511182059	-1.37154019984364	-1.013312688661581	negative	True	0.756202403894886	0.00845707294279721	0.620561911898044	0.0177319126216324	False	True	False	False	False	False	False	True	False	False
RORB	RORB	ENSMUSG00000036192	unique_symbol	1	2.50566758163114	1.45197847544349	-1.05368910618765	negative					False	6.92291518355677e-05	0.0151528389587386			False	False	False	False	False	False	False	False	False	False
RPH3AL	RPH3AL	ENSMUSG00000020847	unique_symbol	1	0.546473685935251	-0.0381774644306889	-0.58465115036594	negative	0.484971611422229	-0.0699270133366951	-0.554898624758924	negative	True	0.00139065361367121	0.893083163784157	0.0218382743557834	0.805167385548337	True	False	False	False	False	False	False	True	False	False
RPL3L	RPL3L	ENSMUSG00000002500	unique_symbol	1	0.178817038845222	-2.90996645485784	-3.0887834937030623	negative	0.25448400946876	-2.88025285646697	-3.13473686593573	negative	True	0.935381228661416	0.0241750591711226	0.892031607023268	0.0233346242987963	False	True	False	False	False	False	False	True	False	False
RPL5-PS1	RPL5-PS1	ENSMUSG00000082193	unique_symbol	1	-0.0498840378029118	-0.351032025912404	-0.3011479881094922	negative	0.0683486389791855	-0.289438051393805	-0.3577866903729905	negative	True	0.810393073207774	0.00514125045103567	0.952487227196031	0.765084500264967	False	False	False	False	False	False	False	True	False	False
RPS14	RPS14	ENSMUSG00000024608	unique_symbol	1	-0.0054550741664455	-0.332152221824268	-0.32669714765782254	negative	-0.0474136435987951	-0.363991200909474	-0.31657755731067894	negative	True	0.977395437963524	0.000873260868783307	0.81290769646251	0.0079826918286936	False	True	False	False	False	False	False	True	False	False
RSPO3	RSPO3	ENSMUSG00000019880	unique_symbol	1	0.226065187242139	-1.26283175818759	-1.4888969454297292	negative	0.181745267359224	-1.24676570553463	-1.4285109728938539	negative	True	0.818789217504193	0.0464102405052067	0.83713789601334	0.0446068405255222	False	True	False	False	False	False	False	True	False	False
RTL3	RTL3	ENSMUSG00000047686	unique_symbol	1	0.04728213475538	-1.67845566158118	-1.72573779633656	negative	0.256009346853854	-1.54554344879347	-1.801552795647324	negative	True	0.96157236042135	0.000544683941021008	0.777060041174352	0.0046822639735627	False	True	False	False	False	False	False	True	False	False
RTL4	RTL4	ENSMUSG00000071679	unique_symbol	1	-0.853521717524255	-0.52587446244585	0.327647255078405	positive	-0.908607970872246	-0.516811058302934	0.39179691256931204	positive	True	5.20544189519825e-05	0.0210030229164304	0.0001858647303037	0.0490112024929921	True	True	False	False	False	False	False	True	False	False
RUBCNL	RUBCNL	ENSMUSG00000034959	unique_symbol	1	-0.283616184360544	0.154473525845118	0.438089710205662	positive	-0.21139431301624	-0.191540243479192	0.01985406953704802	positive	True	0.0340084692169813	0.311359851174769	0.550776475012334	0.586948576030298	False	False	False	False	False	False	False	True	False	False
SAMD9L	SAMD9L	ENSMUSG00000047735	unique_symbol	1	0.416504431095927	0.0120773244210388	-0.4044271066748882	negative	0.420313956963281	0.0172013823530373	-0.4031125746102437	negative	True	0.0225216264855584	0.968304494695779	0.0218708334002715	0.94858845356592	True	False	False	False	False	False	False	True	False	False
SARDHOS	SARDHOS	ENSMUSG00000091192	unique_symbol	1	0.283323973106018	-0.0315293992302508	-0.31485337233626876	negative					False	0.0329559333517969	0.878323994856372			False	False	False	False	False	False	False	False	False	False
SATB2	SATB2	ENSMUSG00000038331	unique_symbol	1	2.64247063159373	2.28007266750061	-0.3623979640931201	negative	2.85721740029778	2.35169500410097	-0.50552239619681	negative	True	7.83353014566855e-11	2.44935659039267e-08	2.1360535431177602e-17	1.6368009729812799e-12	True	True	True	False	False	False	True	True	True	False
SBK2	SBK2	ENSMUSG00000030433	unique_symbol	1	-0.245456541985096	-1.35183789839484	-1.106381356409744	negative	-0.0998450762738243	-2.92405681024802	-2.8242117339741957	negative	True	0.719764824413096	0.00223762850530727	0.968403988015656	0.0875048323432847	False	False	False	False	False	False	False	True	False	False
SCD4	SCD4	ENSMUSG00000050195	unique_symbol	1	0.795567101255354	0.485620531085596	-0.309946570169758	negative	0.432399439148103	0.0716381759713178	-0.36076126317678525	negative	True	0.0161159488383596	0.185214811089727	0.0468462466340432	0.809769892242798	True	False	False	False	False	False	False	True	False	False
SCEL	SCEL	ENSMUSG00000022123	unique_symbol	1	0.20242425374206	-0.846279380979867	-1.048703634721927	negative	0.276590772876803	-0.837723130586988	-1.114313903463791	negative	True	0.674611504110833	0.00851188683370911	0.563431890731434	0.0225606477531333	False	True	False	False	False	False	False	True	False	False
SCGN	SCGN	ENSMUSG00000021337	unique_symbol	1	0.139392108877296	-0.450329352859803	-0.589721461737099	negative	0.119136389646104	-0.433642831818984	-0.552779221465088	negative	True	0.632765671370819	0.0329772854344956	0.682681160882798	0.053373446549069	False	False	False	False	False	False	False	True	False	False
SCN5A	SCN5A	ENSMUSG00000032511	unique_symbol	1	-0.632386799730599	-0.320909137220672	0.311477662509927	positive	-0.626502593354758	-0.328355394454749	0.298147198900009	positive	True	3.88646930175307e-06	0.0353110043628906	2.24892494009987e-05	0.0409991844998231	True	True	False	False	False	False	False	True	False	False
SCNN1G	SCNN1G	ENSMUSG00000000216	unique_symbol	1	-0.943646744815914	-0.152952625525007	0.790694119290907	positive					False	2.26247423068487e-05	0.634064260888446			False	False	False	False	False	False	False	False	False	False
SCT	SCT	ENSMUSG00000038580	unique_symbol	1	0.0528954805214517	-1.49409291603732	-1.5469883965587716	negative					False	0.969180870247238	0.0403487254283207			False	False	False	False	False	False	False	False	False	False
SDS	SDS	ENSMUSG00000029597	unique_symbol	1	-0.0276881348872221	0.314626374055704	0.3423145089429261	positive	-0.724631403936842	-0.496517991233973	0.228113412702869	positive	True	0.896212770601259	0.0115778748560433	0.410275864201563	0.552551397228248	False	False	False	False	False	False	False	True	False	False
SECTM1B	SECTM1B	ENSMUSG00000039364	unique_symbol	1	1.87410908784227	2.22738000452285	0.35327091668057986	positive	1.88078063899416	2.1975148315151	0.31673419252093993	positive	True	5.79668467940615e-39	2.18805266127352e-52	4.37890553927645e-39	3.60706845030987e-49	True	True	True	True	True	False	False	True	True	False
SEMA3A	SEMA3A	ENSMUSG00000028883	unique_symbol	1	-0.0967727884249176	-1.31276084473045	-1.2159880563055323	negative	-0.0161184278389397	-1.50542800956584	-1.4893095817269004	negative	True	0.908178600982529	0.00439161868269746	0.984141495864852	0.0037506714101415	False	True	False	False	False	False	False	True	False	False
SEMA3C	SEMA3C	ENSMUSG00000028780	unique_symbol	1	0.35302201089999	-0.0476447483388952	-0.40066675923888523	negative	0.376397339829636	-0.0450500824450207	-0.4214474222746567	negative	True	0.0149426316124498	0.832064616382001	0.007791931384181	0.817390930760208	True	False	False	False	False	False	False	True	False	False
SEMA3D	SEMA3D	ENSMUSG00000040254	unique_symbol	1	-0.0179354467174451	-0.732005802349467	-0.7140703556320219	negative	0.0112504499685688	-0.753129854189199	-0.7643803041577678	negative	True	0.967574758593113	0.00208345663798207	0.975321938655308	0.0005407759154484	False	True	False	False	False	False	False	True	False	False
SERPINA10	SERPINA10	ENSMUSG00000061947	unique_symbol	1	0.840591357713025	1.55448782777104	0.7138964700580152	positive	0.932147365494342	1.81870344640262	0.886556080908278	positive	True	2.42042112494779e-09	3.14025019994443e-26	1.84495589061693e-07	5.749834639297881e-19	True	True	False	True	False	True	False	True	True	False
SERPINA1B	SERPINA1B	ENSMUSG00000071178	unique_symbol	1	0.339500190576606	-2.6189143653636	-2.958414555940206	negative					False	0.828650608502088	0.00451019014085427			False	False	False	False	False	False	False	False	False	False
SERPINA3K	SERPINA3K	ENSMUSG00000058207	unique_symbol	1	0.783313489828273	1.5407232502188	0.757409760390527	positive	0.830706196354437	1.3827636867592	0.5520574904047629	positive	True	0.149776984233592	0.00482441666148088	0.10241369407459	0.0093435595786159	False	True	False	False	False	False	False	True	False	False
SERPINB2	SERPINB2	ENSMUSG00000062345	unique_symbol	1	0.461594779399385	1.93979707036975	1.4782022909703652	positive	0.959774955857296	3.47098074547029	2.511205789612994	positive	True	0.734116755230369	0.0494192946942556	0.469983447949233	0.0057360481638861	False	True	False	False	False	False	False	True	False	False
SERPINB3D	SERPINB3D	ENSMUSG00000058017	unique_symbol	1	4.49880529599392	5.19854433415113	0.69973903815721	positive	4.64630013556749	4.88917807903656	0.24287794346907	positive	True	1.72050485477163e-06	3.9840166926646e-06	4.13507206116849e-05	1.47766991073144e-05	True	True	False	False	False	False	False	True	False	False
SERPINB5	SERPINB5	ENSMUSG00000067006	unique_symbol	1	1.16117701261291	1.53843023953209	0.37725322691917995	positive	1.17899431065564	1.55860012579709	0.3796058151414501	positive	True	2.57142920391286e-19	1.66334214545089e-32	4.32549253072572e-15	8.595535877652641e-25	True	True	False	True	False	True	False	True	True	False
SERPINB6B	SERPINB6B	ENSMUSG00000042842	unique_symbol	1	-0.112485054845992	-0.62802387141087	-0.515538816564878	negative	-0.0320057361506933	-0.657679250015551	-0.6256735138648577	negative	True	0.80981524803201	0.0343690125881533	0.944426161056417	0.0271471820886197	False	True	False	False	False	False	False	True	False	False
SERPINB9	SERPINB9	ENSMUSG00000045827	unique_symbol	1	-0.0479402586141024	-0.503333108927746	-0.45539285031364357	negative	-0.045515995332737	-0.490130531456414	-0.444614536123677	negative	True	0.847014507262348	0.000438265146786044	0.83175421036105	0.0004785562411222	False	True	False	False	False	False	False	True	False	False
SERPINB9B	SERPINB9B	ENSMUSG00000021403	unique_symbol	1	0.110810748392531	-1.64758226821215	-1.7583930166046808	negative	0.237068474818153	-1.80609110187812	-2.043159576696273	negative	True	0.928023119228262	0.0127948830143093	0.872617034470725	0.0484513903708711	False	True	False	False	False	False	False	True	False	False
SERPINE1	SERPINE1	ENSMUSG00000037411	unique_symbol	1	4.16117107981447	3.26160312553979	-0.89956795427468	negative	4.17405791563264	3.3211346017843	-0.8529233138483403	negative	True	6.01048118151186e-24	4.59755047971271e-15	1.20268489739074e-26	2.25605034440756e-17	True	True	True	True	True	False	False	True	True	False
SFRP2	SFRP2	ENSMUSG00000027996	unique_symbol	1	0.83886359956923	-0.0570044487443887	-0.8958680483136187	negative	2.14655722113423	-0.26189043106743	-2.40844765220166	negative	True	0.00372440737617105	0.906050501477273	0.0007279517110129	0.76265118403519	True	False	False	False	False	False	False	True	False	False
SH2D1A	SH2D1A	ENSMUSG00000005696	unique_symbol	1	-0.498246694022209	-0.176540818565562	0.321705875456647	positive					False	0.0274611389102623	0.535649731943998			False	False	False	False	False	False	False	False	False	False
SH2D1B1	SH2D1B1	ENSMUSG00000102418	unique_symbol	1	0.779514029353585	0.398155512599777	-0.38135851675380805	negative	0.747014648343673	0.333106919501193	-0.41390772884248006	negative	True	0.0180160877755538	0.290191124000746	0.0818142687951161	0.483577329018162	False	False	False	False	False	False	False	True	False	False
SH2D1B2	SH2D1B2	ENSMUSG00000073494	unique_symbol	1	4.02197791290346	4.76822533822484	0.7462474253213802	positive	5.07294709837127	5.1092077191448	0.03626062077352987	positive	True	7.46201096806283e-10	7.29340030561878e-10	2.13763598354772e-06	1.72797182130358e-06	True	True	False	False	False	False	False	True	False	False
SH2D4B	SH2D4B	ENSMUSG00000037833	unique_symbol	1	-0.310070495851129	0.018588509968637	0.328659005819766	positive	-0.246617260056346	-0.0052258434134767	0.24139141664286928	positive	True	0.0291643666100696	0.934098169316472	0.105798682677158	0.98007902716066	False	False	False	False	False	False	False	True	False	False
SH3RF2	SH3RF2	ENSMUSG00000057719	unique_symbol	1	-0.329533016201088	-1.2702591578342	-0.940726141633112	negative	-0.310157672952751	-1.25147456972457	-0.941316896771819	negative	True	0.693951283281205	0.0252932492250272	0.685118586072238	0.0245432197265161	False	True	False	False	False	False	False	True	False	False
SHB	SHB	ENSMUSG00000044813	unique_symbol	1	0.446275907801108	-0.0272263557367863	-0.47350226353789426	negative	0.498827022330887	-0.0015280782753312	-0.5003551006062182	negative	True	0.00571443233844897	0.918561581033819	0.0076840438135666	0.995767428226967	True	False	False	False	False	False	False	True	False	False
SHISAL2A	SHISAL2A	ENSMUSG00000059816	unique_symbol	1	3.60916631300215	3.93502721373355	0.3258609007313997	positive	3.41092206639184	3.76129678629925	0.3503747199074101	positive	True	6.85255909202788e-21	1.33505934628022e-19	1.49200766473185e-20	4.73778020227855e-18	True	True	True	True	True	False	False	True	False	False
SHMT1	SHMT1	ENSMUSG00000020534	unique_symbol	1	0.269055534722826	-0.102741495559885	-0.371797030282711	negative	0.673264048204451	-0.353466088758939	-1.0267301369633899	negative	True	0.0315169134338069	0.505088439337895	0.0582345986380737	0.341117886620433	False	False	False	False	False	False	False	True	False	False
SIGLECH	SIGLECH	ENSMUSG00000051504	unique_symbol	1	0.0859376464117506	-0.665105385262211	-0.7510430316739616	negative	0.0011341257050611	-0.656664229692049	-0.6577983553971101	negative	True	0.874919566618793	0.0429709981253557	0.99811100226397	0.0625655822799952	False	False	False	False	False	False	False	True	False	False
SKOR2	SKOR2	ENSMUSG00000091519	unique_symbol	1	-0.630157989332197	-0.310625898837403	0.31953209049479403	positive	-0.608503098882061	-0.293803615922209	0.314699482959852	positive	True	2.41217211878591e-06	0.037834020496343	3.89721483196882e-05	0.0726312504789251	True	False	False	False	False	False	False	True	False	False
SLAMF1	SLAMF1	ENSMUSG00000015316	unique_symbol	1	4.04044671236119	4.41167557311982	0.37122886075863004	positive	4.09523917923679	4.66159478716864	0.5663556079318495	positive	True	3.77821657991235e-44	1.62746918042301e-42	1.1371609027459001e-40	1.64143836367175e-33	True	True	True	True	True	False	False	True	True	False
SLC10A2	SLC10A2	ENSMUSG00000023073	unique_symbol	1	-0.97434925386892	-0.2485954176721	0.72575383619682	positive	-0.890326112164231	-0.251509053666963	0.6388170584972679	positive	True	5.23273491141941e-05	0.43521352982695	0.0013895182798209	0.463803664258797	True	False	False	False	False	False	False	True	False	False
SLC10A6	SLC10A6	ENSMUSG00000029321	unique_symbol	1	1.01078045546905	1.31964083088104	0.30886037541198985	positive	1.06655162659122	1.34304022226962	0.2764885956784	positive	True	6.47361643704449e-37	2.85277703740353e-61	1.7792046814519002e-36	1.7298420298025e-55	True	True	True	True	True	False	False	True	True	False
SLC14A2	SLC14A2	ENSMUSG00000024552	unique_symbol	1	0.675357354884247	0.139031895566873	-0.536325459317374	negative	1.08151507697018	0.317491472231667	-0.7640236047385129	negative	True	0.0297497475667694	0.757805226505609	0.0059590344697895	0.527698171174914	True	False	False	False	False	False	False	True	False	False
SLC15A1	SLC15A1	ENSMUSG00000025557	unique_symbol	1	0.120874953349879	0.852401910504444	0.7315269571545651	positive	0.283256788270623	0.783735709459137	0.5004789211885139	positive	True	0.823905312806713	0.0106627493938878	0.59979876335905	0.0681198386465392	False	False	False	False	False	False	False	True	False	False
SLC17A2	SLC17A2	ENSMUSG00000036110	unique_symbol	1	3.72866441429179	3.21703499238556	-0.5116294219062301	negative					False	0.00146732868092476	0.0150258163380402			False	False	False	False	False	False	False	False	False	False
SLC17A8	SLC17A8	ENSMUSG00000019935	unique_symbol	1	-0.449944166961002	-0.0737132876340796	0.3762308793269224	positive	-0.449300802653403	-0.0700432605422417	0.3792575421111613	positive	True	0.000203715682012199	0.681397315151619	0.0004947502872094	0.688514900554095	True	False	False	False	False	False	False	True	False	False
SLC18A2	SLC18A2	ENSMUSG00000025094	unique_symbol	1	-0.00759141383303637	0.296085668090447	0.30367708192348336	positive	0.229045825536303	0.206475600514916	-0.022570225021387003	negative	True	0.960607593074908	0.000367096651227739	0.486473927241504	0.525391877369432	False	False	False	False	False	False	False	False	False	False
SLC24A4	SLC24A4	ENSMUSG00000041771	unique_symbol	1	-0.649786197578863	-0.312623387838024	0.337162809740839	positive	-0.635657465832884	-0.330387620987193	0.305269844845691	positive	True	0.00137050956728934	0.184946068656255	0.0033258191206714	0.171304867714825	True	False	False	False	False	False	False	True	False	False
SLC26A3	SLC26A3	ENSMUSG00000001225	unique_symbol	1	0.409357084949615	0.794859306559863	0.38550222161024805	positive					False	0.364076463769951	0.0452185713039148			False	False	False	False	False	False	False	False	False	False
SLC26A7	SLC26A7	ENSMUSG00000040569	unique_symbol	1	0.0830221411103728	-1.08755836130951	-1.1705805024198828	negative	0.114161086215849	-1.09604348975178	-1.210204575967629	negative	True	0.911084854455592	0.0111343779853127	0.862129449450031	0.0130978828692635	False	True	False	False	False	False	False	True	False	False
SLC28A2B	SLC28A2B	ENSMUSG00000079071	unique_symbol	1	0.37531895546133	0.983705426932495	0.608386471471165	positive					False	0.3986319824218	0.00625817440752575			False	False	False	False	False	False	False	False	False	False
SLC2A2	SLC2A2	ENSMUSG00000027690	unique_symbol	1	-0.28499948597409	-0.882130486352735	-0.597131000378645	negative	-0.418213073244089	-0.61361633085971	-0.195403257615621	negative	True	0.581074343629983	0.0171742425293856	0.374255731508027	0.154808148309222	False	False	False	False	False	False	False	True	False	False
SLC30A10	SLC30A10	ENSMUSG00000026614	unique_symbol	1	-0.0243638424055225	-1.44004084305861	-1.4156770006530874	negative	-0.143595896888369	-1.54044164996096	-1.3968457530725908	negative	True	0.985628820562453	0.043677236801439	0.888192953995042	0.0193437388153043	False	True	False	False	False	False	False	True	False	False
SLC30A2	SLC30A2	ENSMUSG00000028836	unique_symbol	1	-0.0565929179174481	-0.647130268140763	-0.5905373502233149	negative	-0.203994019296994	-0.457629335654255	-0.253635316357261	negative	True	0.90667055692444	0.022078847232703	0.688029468132303	0.247306274938396	False	False	False	False	False	False	False	True	False	False
SLC38A4	SLC38A4	ENSMUSG00000022464	unique_symbol	1	-0.0772278936902419	-1.30433266397152	-1.227104770281278	negative	-0.18880350454333	-1.28506906458906	-1.0962655600457298	negative	True	0.926565798700555	0.00519130065393946	0.800145593277718	0.0104745485019268	False	True	False	False	False	False	False	True	False	False
SLC39A12	SLC39A12	ENSMUSG00000036949	unique_symbol	1	0.95358777544892	-0.482548345057441	-1.436136120506361	negative	1.52105964255993	-0.0703527700961917	-1.5914124126561218	negative	True	0.0278564909799719	0.357736244110862	0.0242282650455563	0.946038074856075	True	False	False	False	False	False	False	True	False	False
SLC40A1	SLC40A1	ENSMUSG00000025993	unique_symbol	1	-0.175893772825831	-0.48132791378917	-0.305434140963339	negative	-0.188745081098969	-0.466167519308217	-0.27742243820924795	negative	True	0.490617020332112	0.0124147820049951	0.44010854490255	0.0202819969316418	False	True	False	False	False	False	False	True	False	False
SLC4A10	SLC4A10	ENSMUSG00000026904	unique_symbol	1	0.566085485695473	-1.11228536029786	-1.6783708459933329	negative	0.574654864281242	-1.15283443849398	-1.727489302775222	negative	True	0.374434754630495	0.0350875163684501	0.371048733997461	0.0366376762078188	False	True	False	False	False	False	False	True	False	False
SLC4A11	SLC4A11	ENSMUSG00000074796	unique_symbol	1	-0.256664607127161	0.0909256984273089	0.3475903055544699	positive	-0.239059548336168	0.0968076479644201	0.3358671963005881	positive	True	3.13805016170077e-05	0.22661196956385	0.0003760215504178	0.212600350656195	True	False	False	False	False	False	False	True	False	False
SLC5A4A	SLC5A4A	ENSMUSG00000020229	unique_symbol	1	-0.265692071568872	-1.08045265562983	-0.814760584060958	negative	-0.239869506175455	-1.10443400161581	-0.8645644954403551	negative	True	0.694395963102352	0.0272140303031808	0.758855472432545	0.0645590322516384	False	False	False	False	False	False	False	True	False	False
SLC5A6	SLC5A6	ENSMUSG00000006641	unique_symbol	1	-0.0793960749670618	-0.494360618549695	-0.4149645435826332	negative	-0.0676071244961744	-0.52520845694499	-0.45760133244881557	negative	True	0.720147494527411	0.000426595223263441	0.760882069477694	0.0005351391542713	False	True	False	False	False	False	False	True	False	False
SLC6A16	SLC6A16	ENSMUSG00000094152	unique_symbol	1	-0.677463749768614	-0.0872689936858149	0.5901947560827991	positive	-0.590462606978245	0.130697650883535	0.7211602578617801	positive	True	0.0311019267033062	0.855090834634229	0.160956804691067	0.80272168866513	False	False	False	False	False	False	False	True	False	False
SLC9A2	SLC9A2	ENSMUSG00000026062	unique_symbol	1	-0.165617981348167	-1.11060416232277	-0.9449861809746031	negative	-0.144358686200444	-1.12066789237023	-0.976309206169786	negative	True	0.842664250713375	0.0331290067387167	0.844863537535409	0.0284677881716472	False	True	False	False	False	False	False	True	False	False
SLCO1A6	SLCO1A6	ENSMUSG00000079262	unique_symbol	1	0.167170231379069	0.534884379475028	0.367714148095959	positive					False	0.621361467008939	0.0389689165399453			False	False	False	False	False	False	False	False	False	False
SLFN10-PS	SLFN10-PS	ENSMUSG00000072621	unique_symbol	1	3.01338429543247	2.09852977620037	-0.9148545192321	negative	2.4827140187628	2.48601168252338	0.0032976637605801606	positive	True	1.63966860360814e-11	3.52060424419201e-07	2.89824442726747e-10	1.00382654961329e-10	True	True	False	False	False	False	False	False	False	False
SLFN5OS	SLFN5OS	ENSMUSG00000086327	unique_symbol	1	0.50388496762729	-0.183852244617258	-0.687737212244548	negative					False	0.0303397563597603	0.527887150292523			False	False	False	False	False	False	False	False	False	False
SLIT1	SLIT1	ENSMUSG00000025020	unique_symbol	1	0.239780056444403	0.574156041778438	0.334375985334035	positive	0.263532837385272	0.609272969754667	0.34574013236939505	positive	True	0.0569823654979413	1.21230618163924e-07	0.0521878566748047	3.68489146032683e-07	False	True	False	False	False	False	False	True	False	False
SLIT3	SLIT3	ENSMUSG00000056427	unique_symbol	1	0.164375351529187	-0.479351914927658	-0.643727266456845	negative	0.205419961886925	-0.468235586337872	-0.673655548224797	negative	True	0.57703062716811	0.0271428974580305	0.440208933422095	0.0344895764573675	False	True	False	False	False	False	False	True	False	False
SLITRK6	SLITRK6	ENSMUSG00000045871	unique_symbol	1	-0.883949893547079	-0.144001916654591	0.7399479768924879	positive	-0.917166136607596	-0.267138040864554	0.650028095743042	positive	True	0.00261247449312044	0.738909000670359	0.007095591126001	0.516799587089426	True	False	False	False	False	False	False	True	False	False
SMAD6	SMAD6	ENSMUSG00000036867	unique_symbol	1	-0.326184994029726	-1.01241695481063	-0.6862319607809041	negative	-0.360278526653861	-1.04481369403259	-0.684535167378729	negative	True	0.20183521135586	5.5230779385228e-07	0.196234212473866	4.79635857184585e-06	False	True	False	False	False	False	False	True	False	False
SMAGP	SMAGP	ENSMUSG00000053559	unique_symbol	1	1.11164379354329	0.707399503818977	-0.4042442897243129	negative	1.1980610004095	0.752897559984053	-0.445163440425447	negative	True	5.98698354557627e-12	2.40825547771692e-05	7.1445140562231396e-12	2.51028581188564e-05	True	True	False	False	False	False	False	True	False	False
SMC1B	SMC1B	ENSMUSG00000022432	unique_symbol	1	0.328123171647046	0.632408987336311	0.304285815689265	positive					False	0.230102618494358	0.0072808570336056			False	False	False	False	False	False	False	False	False	False
SMIM31	SMIM31	ENSMUSG00000074300	unique_symbol	1	-0.302375798338363	-0.920085910956798	-0.617710112618435	negative	-0.144944232842058	-0.879862671851645	-0.734918439009587	negative	True	0.606702822796871	0.0369639167755786	0.835990311218968	0.0950205694192796	False	False	False	False	False	False	False	True	False	False
SMLR1	SMLR1	ENSMUSG00000096546	unique_symbol	1	3.62335381462402	5.49162370016019	1.86826988553617	positive					False	0.00292390591272295	9.82592246077009e-07			False	False	False	False	False	False	False	False	False	False
SMPDL3B	SMPDL3B	ENSMUSG00000028885	unique_symbol	1	1.33550683487261	0.782405596323429	-0.553101238549181	negative	1.32403766783655	0.869344694958873	-0.45469297287767696	negative	True	1.88721577824285e-07	0.00342240049662598	1.31599630868525e-06	0.0016260862793701	True	True	False	False	False	False	False	True	False	False
SMR2L	SMR2L	ENSMUSG00000090302	unique_symbol	1	-0.567378420977564	-0.23172719561386	0.33565122536370395	positive	-0.571462231598853	-0.155638402376981	0.415823829221872	positive	True	0.0487614805812755	0.532889737665157	0.0842849477290449	0.728035713179839	False	False	False	False	False	False	False	True	False	False
SNAI1	SNAI1	ENSMUSG00000042821	unique_symbol	1	0.967159020446505	-0.0584741256735867	-1.0256331461200918	negative	0.943340875385503	-0.085732657818333	-1.029073533203836	negative	True	0.00650144239680714	0.92013694412146	0.0134894711563429	0.870669469818646	True	False	False	False	False	False	False	True	False	False
SNAI2	SNAI2	ENSMUSG00000022676	unique_symbol	1	0.924368716408209	0.205688849409946	-0.7186798669982629	negative	0.928160585535615	0.165597753732668	-0.7625628318029469	negative	True	0.000131246434881732	0.535850000650293	0.0010159597291768	0.654063304264166	True	False	False	False	False	False	False	True	False	False
SNCAIP	SNCAIP	ENSMUSG00000024534	unique_symbol	1	-0.0441265045606993	-0.587927651254364	-0.5438011466936646	negative	0.0789967449645847	-0.537595193432093	-0.6165919383966778	negative	True	0.920167826534721	0.022078847232703	0.853307958398066	0.0739681007841902	False	False	False	False	False	False	False	True	False	False
SNORC	SNORC	ENSMUSG00000026258	unique_symbol	1	-1.32114438379699	-4.92667789429249	-3.6055335104954995	negative					False	0.387259018925664	1.27658126888771e-05			False	False	False	False	False	False	False	False	False	False
SNX33	SNX33	ENSMUSG00000032733	unique_symbol	1	0.354265478382014	-0.281007003614364	-0.635272481996378	negative	0.394500219856219	-0.268112967114155	-0.662613186970374	negative	True	0.0265457242200605	0.0884872084240193	0.0102053928238368	0.094006131534423	True	False	False	False	False	False	False	True	False	False
SOAT2	SOAT2	ENSMUSG00000023045	unique_symbol	1	0.419858043760404	1.01553562367715	0.595677579916746	positive	0.551691822802851	1.02003836577758	0.468346542974729	positive	True	0.00318146400388973	1.27459934686892e-14	0.0012617093743293	3.70282528572042e-10	True	True	False	False	False	False	False	True	False	False
SOD3	SOD3	ENSMUSG00000072941	unique_symbol	1	0.314901362659186	-0.118613188836727	-0.433514551495913	negative	0.346657674943624	-0.127685854684272	-0.47434352962789594	negative	True	0.00501952422950962	0.391758461262304	0.0035599098685354	0.361032353340257	True	False	False	False	False	False	False	True	False	False
SOWAHD	SOWAHD	ENSMUSG00000044400	unique_symbol	1	-0.668972385479856	0.0584649047476553	0.7274372902275114	positive	-0.67365342221375	0.0802227274082072	0.7538761496219573	positive	True	0.0461609045647308	0.912484157646301	0.087163939737274	0.879881760200308	False	False	False	False	False	False	False	True	False	False
SOX18	SOX18	ENSMUSG00000046470	unique_symbol	1	0.589061611594663	0.227317023179085	-0.361744588415578	negative	0.626787911922631	0.189204387905479	-0.43758352401715195	negative	True	0.0366635342544832	0.515994403954006	0.0286961200927608	0.586921841873972	True	False	False	False	False	False	False	True	False	False
SOX1OT	SOX1OT	ENSMUSG00000047935	unique_symbol	1	1.7437000667471	0.744086538054946	-0.9996135286921541	negative					False	0.0394275570789472	0.453439091130971			False	False	False	False	False	False	False	False	False	False
SP7	SP7	ENSMUSG00000060284	unique_symbol	1	0.361993428266023	-2.21004770761286	-2.5720411358788833	negative	0.43334638378017	-2.38582613540239	-2.81917251918256	negative	True	0.818547906025669	0.0300405014616082	0.732800514063565	0.0119893153536082	False	True	False	False	False	False	False	True	False	False
SPAG16	SPAG16	ENSMUSG00000053153	unique_symbol	1	0.60976659752234	0.308252392834022	-0.30151420468831797	negative					False	0.0102631454496413	0.273921853167757			False	False	False	False	False	False	False	False	False	False
SPATA31D1E	SPATA31D1E	ENSMUSG00000051054	unique_symbol	1	2.18222896264133	1.75267292705571	-0.42955603558562006	negative	2.18059780328377	1.83155043067086	-0.34904737261290975	negative	True	2.76320159044551e-08	5.4409193120427e-06	1.07482017729295e-08	6.498725951325e-07	True	True	False	False	False	False	False	True	False	False
SPEER1C	SPEER1C	ENSMUSG00000069355	unique_symbol	1	8.93484903847775	8.45743784075877	-0.4774111977189808	negative	8.23206701598102	8.36889588527465	0.13682886929363036	positive	True	9.43253463187045e-20	1.19135259205736e-17	1.88875299513953e-16	4.7871166441174303e-17	True	True	True	True	True	False	False	False	False	False
SPEER1E	SPEER1E	ENSMUSG00000095918	unique_symbol	1	5.52244004922693	4.8690653582564	-0.65337469097053	negative					False	9.03809759504115e-07	2.07135355769839e-05			False	False	False	False	False	False	False	False	False	False
SPEER1F	SPEER1F	ENSMUSG00000096732	unique_symbol	1	6.18216099264524	5.10780004910078	-1.0743609435444608	negative					False	1.58604062984663e-06	0.000117398319877991			False	False	False	False	False	False	False	False	False	False
SPEER1G	SPEER1G	ENSMUSG00000094025	unique_symbol	1	4.20276155471909	4.69694344776655	0.4941818930474602	positive					False	0.000317180265070581	0.000114243876208933			False	False	False	False	False	False	False	False	False	False
SPEER1I	SPEER1I	ENSMUSG00000095710	unique_symbol	1	2.12276176829409	5.20243052574747	3.0796687574533803	positive					False	0.0316079174426177	1.13444529581665e-05			False	False	False	False	False	False	False	False	False	False
SPEER1J	SPEER1J	ENSMUSG00000095296	unique_symbol	1	6.51299001845591	3.51690162059364	-2.99608839786227	negative					False	5.16036381726118e-09	0.000408218913791135			False	False	False	False	False	False	False	False	False	False
SPEER1M	SPEER1M	ENSMUSG00000067848	unique_symbol	1	6.26919154309254	4.4474955949056	-1.8216959481869397	negative	5.86660185790048	3.34098043295839	-2.5256214249420896	negative	True	4.40074990662896e-09	6.34167567138191e-09	1.5878085339058e-07	0.0006462034164118	True	True	False	False	False	False	False	True	False	False
SPEER4E1	SPEER4E1	ENSMUSG00000091255	unique_symbol	1	4.31526976230253	2.79951781862218	-1.5157519436803502	negative	5.33302280482527	2.98682075460869	-2.34620205021658	negative	True	3.29906030105825e-09	9.82776684094783e-07	1.07913919758841e-06	0.000191730346405	True	True	False	False	False	False	False	True	False	False
SPINK4	SPINK4	ENSMUSG00000028415	unique_symbol	1	0.530445027237235	0.834430322780384	0.303985295543149	positive					False	0.0252410378174185	0.000225508385758901			False	False	False	False	False	False	False	False	False	False
SPP2	SPP2	ENSMUSG00000026295	unique_symbol	1	1.22439539010189	0.314341111218911	-0.9100542788829791	negative	1.24444901514053	0.29755478940766	-0.9468942257328701	negative	True	0.00562413267927946	0.612522196467798	0.0082729984896628	0.628458437767501	True	False	False	False	False	False	False	True	False	False
SPRR2A1	SPRR2A1	ENSMUSG00000078664	unique_symbol	1	3.59429669140596	4.40388720813131	0.8095905167253497	positive					False	1.9796940288729e-09	4.78114274638838e-09			False	False	False	False	False	False	False	False	False	False
SPRR2J-PS	SPRR2J-PS	ENSMUSG00000027925	unique_symbol	1	5.67227042705014	3.94377802576886	-1.7284924012812803	negative					False	6.91990504621237e-06	0.00301963812236846			False	False	False	False	False	False	False	False	False	False
SPTSSB	SPTSSB	ENSMUSG00000043461	unique_symbol	1	-0.443713433360597	-1.08293745681794	-0.639224023457343	negative	-0.417977452549422	-1.12375116670088	-0.705773714151458	negative	True	0.132276175874411	8.09275347423143e-06	0.186958297100544	1.4618468968021e-05	False	True	False	False	False	False	False	True	False	False
SQOR	SQOR	ENSMUSG00000005803	unique_symbol	1	0.0102550719595428	-0.321566082740888	-0.3318211547004308	negative	0.0323175159718811	-0.319564900121497	-0.3518824160933781	negative	True	0.957972222913376	0.00271519720552693	0.846218848685303	0.0038578475529003	False	True	False	False	False	False	False	True	False	False
SRMS	SRMS	ENSMUSG00000027579	unique_symbol	1	-0.681016293688254	-0.364353930595828	0.316662363092426	positive	-0.700875222718381	-0.377536733878266	0.323338488840115	positive	True	0.00400365742839709	0.170161957767269	0.0142732067558097	0.223814709314389	True	False	False	False	False	False	False	True	False	False
SSC5D	SSC5D	ENSMUSG00000035279	unique_symbol	1	-0.392938585094588	-0.984347537045116	-0.591408951950528	negative	-0.31295155427416	-0.955258608074088	-0.642307053799928	negative	True	0.0939084630684165	4.09898791381591e-07	0.183301981589105	4.98739337856447e-07	False	True	False	False	False	False	False	True	False	False
ST6GAL2	ST6GAL2	ENSMUSG00000024172	unique_symbol	1	-0.885686132073435	-0.507800169004722	0.377885963068713	positive	-0.901226127016953	-0.486001783890962	0.41522434312599105	positive	True	1.63836852003812e-20	3.34400023777877e-07	3.86482786957686e-16	2.77495577137107e-05	True	True	True	False	False	False	True	True	False	False
ST6GALNAC5	ST6GALNAC5	ENSMUSG00000039037	unique_symbol	1	-0.45226867773172	-0.0643957804853546	0.3878728972463654	positive	-0.562707892930397	-0.16444722034871	0.398260672581687	positive	True	2.94225824815106e-09	0.565887951241482	2.02345298271344e-09	0.136937441635051	True	False	False	False	False	False	False	True	False	False
ST8SIA2	ST8SIA2	ENSMUSG00000025789	unique_symbol	1	0.771726171538348	0.0484049156195143	-0.7233212559188337	negative	0.73533575627283	0.0944415716579044	-0.6408941846149256	negative	True	0.000181542277286433	0.888853276637306	0.000424966420075	0.733743598955417	True	False	False	False	False	False	False	True	False	False
STAC3	STAC3	ENSMUSG00000040287	unique_symbol	1	-0.209930819985886	-2.0014128776355	-1.791482057649614	negative	-0.21585538093942	-1.98506695024629	-1.7692115693068702	negative	True	0.860254035315299	0.00485612156339541	0.844335390957143	0.0096934782850785	False	True	False	False	False	False	False	True	False	False
STC2	STC2	ENSMUSG00000020303	unique_symbol	1	1.21771017010735	0.295867449619166	-0.921842720488184	negative	1.28629002187162	0.256341237243519	-1.029948784628101	negative	True	0.000816559784233948	0.52430219268526	0.0010236724081403	0.575005519084627	True	False	False	False	False	False	False	True	False	False
STK17B	STK17B	ENSMUSG00000026094	unique_symbol	1	0.94363497795641	0.479267094763361	-0.46436788319304906	negative	0.97033566930044	0.472501132124596	-0.497834537175844	negative	True	4.41291411743877e-09	0.00597613417926652	5.532837637151831e-10	0.0047376115672051	True	True	False	False	False	False	False	True	False	False
STK31	STK31	ENSMUSG00000023403	unique_symbol	1	0.00506480885472193	-1.15328313059337	-1.1583479394480918	negative	-0.637781297936919	-1.02018158148864	-0.38240028355172095	negative	True	0.994811423713593	0.0039667235867588	0.402480845868632	0.16013803102649	False	False	False	False	False	False	False	True	False	False
STUM	STUM	ENSMUSG00000053963	unique_symbol	1	-0.215823422674425	-0.727659729358431	-0.511836306684006	negative	-0.223487645706697	-0.751650017640947	-0.52816237193425	negative	True	0.617209301252722	0.0186218937607059	0.519692620903241	0.0056639567035823	False	True	False	False	False	False	False	True	False	False
SUSD5	SUSD5	ENSMUSG00000086596	unique_symbol	1	-0.308528104730848	-0.685079360157594	-0.37655125542674595	negative	-0.302180104860917	-0.728070526635069	-0.425890421774152	negative	True	0.273412263765517	0.00296279532141505	0.284817790966431	0.0020326622478048	False	True	False	False	False	False	False	True	False	False
SYPL2	SYPL2	ENSMUSG00000027887	unique_symbol	1	0.215707549414992	-2.60205250253941	-2.817760051954402	negative	0.252799790595744	-2.47441048464953	-2.727210275245274	negative	True	0.91989803386925	0.0447241837231592	0.891534068158135	0.0531849685272385	False	False	False	False	False	False	False	True	False	False
SYT10	SYT10	ENSMUSG00000063260	unique_symbol	1	-0.369370184182785	-0.689442674241306	-0.320072490058521	negative	-0.3786620944801	-0.705541530498748	-0.326879436018648	negative	True	0.0276614320536959	2.86564303529211e-06	0.0427374027154367	1.36899327779688e-05	True	True	False	False	False	False	False	True	False	False
SYT13	SYT13	ENSMUSG00000027220	unique_symbol	1	-0.407105839557571	0.1326257492162	0.539731588773771	positive	-0.351292924115836	0.088972037577409	0.440264961693245	positive	True	0.0400949754873706	0.604472302448945	0.0969075342578605	0.731005628956464	False	False	False	False	False	False	False	True	False	False
TAF7L2	TAF7L2	ENSMUSG00000121803	unique_symbol	1	1.62051658745419	1.95654498924646	0.3360284017922699	positive					False	0.0535355000073864	0.0103518550591822			False	False	False	False	False	False	False	False	False	False
TAL2	TAL2	ENSMUSG00000028417	unique_symbol	1	0.695922320092114	1.13101415162231	0.43509183153019604	positive	0.687204121359392	1.09881716861937	0.41161304725997794	positive	True	0.0324343682599787	0.000124213973872748	0.0727374517201431	0.0013347177163125	False	True	False	False	False	False	False	True	False	False
TBC1D21	TBC1D21	ENSMUSG00000036244	unique_symbol	1	0.00956818727351471	-1.7874265750523	-1.7969947623258147	negative					False	0.994342956205385	0.0152878679259238			False	False	False	False	False	False	False	False	False	False
TBX4	TBX4	ENSMUSG00000000094	unique_symbol	1	-1.0461889848839	-0.511931848491567	0.5342571363923331	positive	-1.14173764511801	0.0741723759515399	1.2159100210695497	positive	True	8.5036245821605e-07	0.0283254153548743	0.0229068479715148	0.920284947270342	True	False	False	False	False	False	False	True	False	False
TCHH	TCHH	ENSMUSG00000052415	unique_symbol	1	1.15066705695452	0.660125421134956	-0.4905416358195641	negative	1.14388987205015	0.658141243746248	-0.485748628303902	negative	True	1.09409960979575e-05	0.0170204326023642	6.24427686136773e-06	0.0131587448689288	True	True	False	False	False	False	False	True	False	False
TDRD6	TDRD6	ENSMUSG00000040140	unique_symbol	1	0.0289127476318279	0.380636115127125	0.3517233674952971	positive	0.181525750567991	0.670930801730612	0.489405051162621	positive	True	0.920035705330893	0.0271308946833543	0.627936649659155	0.0202749326337928	False	True	False	False	False	False	False	True	False	False
TEK	TEK	ENSMUSG00000006386	unique_symbol	1	0.395360816082031	0.0772277067610084	-0.31813310932102257	negative	0.437610995734774	0.0951861973297196	-0.3424247984050544	negative	True	0.00621267613452764	0.710239887957536	0.0035444214051791	0.620263913310875	True	False	False	False	False	False	False	True	False	False
TENT5A	TENT5A	ENSMUSG00000032265	unique_symbol	1	0.474524691767688	0.0830759478049192	-0.39144874396276885	negative	0.524697478740179	0.0771990937877641	-0.4474983849524149	negative	True	0.00696183434644479	0.748316877339978	0.003425891496865	0.750297036058926	True	False	False	False	False	False	False	True	False	False
TERB1	TERB1	ENSMUSG00000052616	unique_symbol	1	-0.350300347972517	0.0092124768414153	0.3595128248139323	positive	-0.400360179125987	0.0809518132137704	0.4813119923397574	positive	True	0.0497261422891752	0.973893486167329	0.200252711067581	0.8270668927578	False	False	False	False	False	False	False	True	False	False
TESMIN	TESMIN	ENSMUSG00000024905	unique_symbol	1	1.24779036836901	0.44881341030341	-0.7989769580655999	negative	1.32260621943218	0.42608135716421	-0.89652486226797	negative	True	0.00397495944053091	0.345501629209376	0.0204379704756893	0.466829819856035	True	False	False	False	False	False	False	True	False	False
TEX52	TEX52	ENSMUSG00000079304	unique_symbol	1	0.97848799520805	0.443047342594749	-0.535440652613301	negative					False	0.00919616701122018	0.311991154392557			False	False	False	False	False	False	False	False	False	False
TFAP2A	TFAP2A	ENSMUSG00000021359	unique_symbol	1	0.424991442714682	0.0766121219429717	-0.3483793207717103	negative	0.422503157435613	0.138270090547905	-0.284233066887708	negative	True	0.00395330543416952	0.723465097873971	0.0057893222760928	0.45334631725504	True	False	False	False	False	False	False	True	False	False
TFEC	TFEC	ENSMUSG00000029553	unique_symbol	1	1.13771621998009	-0.106463699218085	-1.244179919198175	negative	1.54320594198792	0.0385941334456681	-1.504611808542252	negative	True	0.0195171843953273	0.885617632208067	0.0094264613433479	0.962131416597542	True	False	False	False	False	False	False	True	False	False
TGFB1	TGFB1	ENSMUSG00000002603	unique_symbol	1	0.35135442814468	-0.0233407146210437	-0.3746951427657237	negative	0.343262612544494	-0.0186333769818303	-0.3618959895263243	negative	True	0.0297445982915908	0.927556600981384	0.0401855528175485	0.936983213965373	True	False	False	False	False	False	False	True	False	False
TGFBR2	TGFBR2	ENSMUSG00000032440	unique_symbol	1	0.399923551902716	-0.0351950577638664	-0.4351186096665824	negative	0.432848865369413	-0.0322029893001567	-0.4650518546695697	negative	True	0.00706534260512788	0.88478011063013	0.0033458742823989	0.880842346526028	True	False	False	False	False	False	False	True	False	False
TGM1	TGM1	ENSMUSG00000022218	unique_symbol	1	0.50453111208307	1.0546680982803	0.5501369861972301	positive	0.9070529205667	1.14672276355501	0.23966984298830996	positive	True	0.212237733042471	0.00351807657167239	0.1119863743157	0.0387866143587317	False	True	False	False	False	False	False	True	False	False
THBS1	THBS1	ENSMUSG00000040152	unique_symbol	1	0.718176156626578	-1.26952549689148	-1.9877016535180578	negative	0.741835157992226	-1.31258755280672	-2.0544227107989457	negative	True	0.266775245322645	0.021951203653835	0.272463502765425	0.0276090814065273	False	True	False	False	False	False	False	True	False	False
THSD4	THSD4	ENSMUSG00000032289	unique_symbol	1	0.257754208917488	-0.947933139699534	-1.205687348617022	negative	0.280058166539709	-0.96540766634572	-1.245465832885429	negative	True	0.703159535853385	0.045329638811903	0.647685172961749	0.0420511510172376	False	True	False	False	False	False	False	True	False	False
TIMP1	TIMP1	ENSMUSG00000001131	unique_symbol	1	2.59247595664134	1.73725406652144	-0.8552218901198998	negative	2.7198841675152	1.83021585364131	-0.8896683138738899	negative	True	1.54430756900702e-14	5.4104034255155e-07	2.64533781321219e-15	1.92203323937134e-07	True	True	False	False	False	False	False	True	False	False
TLR4	TLR4	ENSMUSG00000039005	unique_symbol	1	0.0613321120154422	-0.246068587527018	-0.3074006995424602	negative	0.0972885221597407	-0.23317142803127	-0.3304599501910107	negative	True	0.653087404782288	0.0080030904434055	0.461846223202072	0.0292195818398097	False	True	False	False	False	False	False	True	False	False
TM4SF1	TM4SF1	ENSMUSG00000027800	unique_symbol	1	1.17711435979611	0.593001327711489	-0.5841130320846211	negative	1.2286333428126	0.644180611176077	-0.584452731636523	negative	True	1.00277446431963e-20	8.35976946474434e-06	1.8274349936471602e-20	3.07649187475492e-06	True	True	True	False	False	False	True	True	True	False
TMCO5B	TMCO5B	ENSMUSG00000041255	unique_symbol	1	4.32526533383082	4.8338713690009	0.5086060351700805	positive	5.09388257397185	6.03671177636421	0.9428292023923595	positive	True	1.25385771860203e-15	5.66496936020076e-17	8.0992549636906e-12	8.423942065874349e-11	True	True	False	False	False	False	False	True	False	False
TMED1	TMED1	ENSMUSG00000032180	unique_symbol	1	0.0512347735143345	-0.250125449479293	-0.3013602229936275	negative	0.0688279741786652	-0.271333758378511	-0.3401617325571762	negative	True	0.771136859551766	0.0297885442864959	0.663701754998753	0.0218971175489273	False	True	False	False	False	False	False	True	False	False
TMEM114	TMEM114	ENSMUSG00000022715	unique_symbol	1	0.647561277563329	1.1204204522231	0.472859174659771	positive	0.782251045654508	1.11008595937895	0.32783491372444207	positive	True	0.00241425310027409	4.75720108536453e-08	0.000192672674734	1.43123524446784e-07	True	True	False	False	False	False	False	True	False	False
TMEM121B	TMEM121B	ENSMUSG00000094626	unique_symbol	1	0.8126793834474	1.16694636468495	0.35426698123755007	positive	0.970961317212321	1.07467112718327	0.10370980997094903	positive	True	0.00717752556707591	4.79656422903945e-05	0.0029913950818125	0.0007016253487815	True	True	False	False	False	False	False	True	False	False
TMEM131L	TMEM131L	ENSMUSG00000033767	unique_symbol	1	-0.338667382380771	0.000924839416519039	0.33959222179729004	positive	-0.33234182982211	-0.0008925890325921	0.33144924078951793	positive	True	0.000574547494504072	0.996083087774708	0.0007044584751598	0.995413202690187	True	False	False	False	False	False	False	True	False	False
TMEM132C	TMEM132C	ENSMUSG00000034324	unique_symbol	1	-0.620066275604704	-0.263814536570896	0.35625173903380797	positive	-0.610154024421807	-0.280527481674761	0.329626542747046	positive	True	4.91791807412177e-08	0.0419793803109038	5.19787695317599e-07	0.0367004549250812	True	True	False	False	False	False	False	True	False	False
TMEM140	TMEM140	ENSMUSG00000057137	unique_symbol	1	-0.0909090672032511	-0.406383032240019	-0.3154739650367679	negative	-0.0482902851203141	-0.43457486377782	-0.38628457865750593	negative	True	0.603127609657209	0.000633063803333505	0.834519784841874	0.0050404773969663	False	True	False	False	False	False	False	True	False	False
TMEM200A	TMEM200A	ENSMUSG00000049420	unique_symbol	1	-0.448587618244706	-0.118804473185582	0.329783145059124	positive	-0.463405396346319	-0.13208528655331	0.33132010979300897	positive	True	9.17233010425883e-09	0.226698241752405	2.27099320656212e-07	0.219063223877585	True	False	False	False	False	False	False	True	False	False
TMEM247	TMEM247	ENSMUSG00000037689	unique_symbol	1	1.76686018212345	4.31476906725108	2.5479088851276304	positive					False	0.0147118439326988	5.43560292125637e-05			False	False	False	False	False	False	False	False	False	False
TMEM30B	TMEM30B	ENSMUSG00000034435	unique_symbol	1	0.708114422732431	0.233714015634976	-0.47440040709745496	negative	0.760790219476271	0.209912237056808	-0.550877982419463	negative	True	0.000225059079320828	0.324929013696387	6.87930739585234e-05	0.361045255367394	True	False	False	False	False	False	False	True	False	False
TMEM86A	TMEM86A	ENSMUSG00000010307	unique_symbol	1	-0.108174753826516	-0.55512361981287	-0.44694886598635397	negative	-0.0993518353355986	-0.574475805131667	-0.47512396979606836	negative	True	0.516069815132666	1.08927744276381e-06	0.526561999842922	5.1953089892994e-07	False	True	False	False	False	False	False	True	False	False
TMEM88B	TMEM88B	ENSMUSG00000073680	unique_symbol	1	4.9325246556392	5.36324665795542	0.4307220023162204	positive	5.08308445413073	5.54718215950102	0.46409770537028994	positive	True	0.0	0.0	7.85189825329407e-281	4.51503789775691e-277	True	True	True	True	True	False	False	True	True	True
TMEM91	TMEM91	ENSMUSG00000061702	unique_symbol	1	-0.312803998105349	-0.724713014815469	-0.41190901671012004	negative	-0.180815253521999	-1.05100992381793	-0.870194670295931	negative	True	0.362241324027038	0.00821557309402839	0.763992154498962	0.0139755770852832	False	True	False	False	False	False	False	True	False	False
TMEM95	TMEM95	ENSMUSG00000094845	unique_symbol	1	1.41113289266682	0.988767842792719	-0.42236504987410106	negative	1.61094486418783	1.27143662909712	-0.33950823509070993	negative	True	1.82274804981936e-09	2.2286478078114e-05	4.11811159504676e-07	3.79021676577522e-05	True	True	False	False	False	False	False	True	False	False
TMEM98	TMEM98	ENSMUSG00000035413	unique_symbol	1	0.829486736742383	0.380270640601259	-0.44921609614112407	negative	0.858545654669065	0.39904337859239	-0.459502276076675	negative	True	6.3400066927435e-09	0.0159720297378239	3.5717941049061303e-10	0.0064650668139982	True	True	False	False	False	False	False	True	False	False
TMOD3	TMOD3	ENSMUSG00000058587	unique_symbol	1	0.279919656283055	-0.109996264363517	-0.389915920646572	negative	0.309982110888289	-0.111364568767849	-0.421346679656138	negative	True	0.0335084973990828	0.4999338058504	0.0156906833584901	0.465474399431894	True	False	False	False	False	False	False	True	False	False
TMT1B	TMT1B	ENSMUSG00000025347	unique_symbol	1	2.82284131296716	2.01342095130239	-0.8094203616647699	negative	2.65574718295032	2.75306016300651	0.09731298005619005	positive	True	2.61860490807943e-14	3.11661211291799e-08	3.25347473305972e-06	1.85013032391375e-05	True	True	False	False	False	False	False	False	False	False
TNFRSF19	TNFRSF19	ENSMUSG00000060548	unique_symbol	1	0.221251065894724	-0.506170159257557	-0.727421225152281	negative	0.283028977132248	-0.489948507980949	-0.772977485113197	negative	True	0.153219361080314	9.62191963812709e-05	0.0631171965644101	0.0003706961973618	False	True	False	False	False	False	False	True	False	False
TNFRSF8	TNFRSF8	ENSMUSG00000028602	unique_symbol	1	2.26657910594635	2.77005502378999	0.5034759178436401	positive	2.30472230543702	2.85331634179464	0.54859403635762	positive	True	1.06565292484518e-15	1.36031865008745e-20	2.1541451494671402e-17	3.82368387173552e-21	True	True	True	True	True	False	False	True	True	False
TNMD	TNMD	ENSMUSG00000031250	unique_symbol	1	1.18057533818375	-0.540765795631525	-1.721341133815275	negative	1.28852516976438	-0.539407554761912	-1.827932724526292	negative	True	0.0279621144401472	0.377495884728001	0.0283642059455124	0.39748991807027	True	False	False	False	False	False	False	True	False	False
TNN	TNN	ENSMUSG00000026725	unique_symbol	1	0.476975521126697	-1.73784721801416	-2.214822739140857	negative	0.467354316644558	-1.73074873131571	-2.198103047960268	negative	True	0.608551337518541	0.00754876088553201	0.633218579663359	0.0189379331428544	False	True	False	False	False	False	False	True	False	False
TNNC1	TNNC1	ENSMUSG00000091898	unique_symbol	1	0.75734249540237	1.32931870765957	0.5719762122572001	positive	0.786560710626824	1.26542026676162	0.4788595561347959	positive	True	0.0501165851461832	0.000132765046384857	0.0433176038952275	0.0004124370137823	True	True	False	False	False	False	False	True	False	False
TNNI2	TNNI2	ENSMUSG00000031097	unique_symbol	1	0.433858248592248	-3.51718866056092	-3.951046909153168	negative	0.510195936035113	-3.80502575562002	-4.315221691655133	negative	True	0.880107149842887	0.045382858841189	0.83624223737176	0.0272343673823628	False	True	False	False	False	False	False	True	False	False
TNNT3	TNNT3	ENSMUSG00000061723	unique_symbol	1	0.398044006826547	-3.34766086093949	-3.7457048677660367	negative	0.47829385220233	-3.76009036318166	-4.23838421538399	negative	True	0.884776526258039	0.0454640552924875	0.842666433138914	0.0248019891437399	False	True	False	False	False	False	False	True	False	False
TRBC2	TRBC2	ENSMUSG00000076498	unique_symbol	1	0.672616672329444	1.86343006994205	1.190813397612606	positive	0.677989316739677	1.76438516478994	1.086395848050263	positive	True	0.42460548763329	0.00484699178398536	0.308760595982985	0.0023505445278372	False	True	False	False	False	False	False	True	False	False
TRBV13-2	TRBV13-2	ENSMUSG00000076469	unique_symbol	1	1.39165989451568	0.986843745512471	-0.40481614900320895	negative	1.4995550830932	0.77905313368952	-0.7205019494036801	negative	True	0.0117861270696138	0.10298281880109	0.0053475786812216	0.182809616620971	True	False	False	False	False	False	False	True	False	False
TRDC	TRDC	ENSMUSG00000104876	unique_symbol	1	0.903866135517583	1.55202877490832	0.6481626393907369	positive	0.876614487810183	1.62497544482812	0.7483609570179369	positive	True	0.182998107374697	0.0104107260000597	0.152821776370727	0.0039671509762427	False	True	False	False	False	False	False	True	False	False
TRIM12A	TRIM12A	ENSMUSG00000066258	unique_symbol	1	0.0138476198661329	-0.342845851030944	-0.3566934708970769	negative	-0.0060199610136436	-0.302801385444126	-0.2967814244304824	negative	True	0.959774621249282	0.0303690821891145	0.979132748173778	0.0449840228938561	False	True	False	False	False	False	False	True	False	False
TRIM30A	TRIM30A	ENSMUSG00000030921	unique_symbol	1	0.754614908891043	0.0760111809433414	-0.6786037279477016	negative	0.778361953570286	0.0424643700438099	-0.7358975835264762	negative	True	0.0461468262994646	0.897139219011123	0.0154886552901575	0.926571864782454	True	False	False	False	False	False	False	True	False	False
TRIM30D	TRIM30D	ENSMUSG00000057596	unique_symbol	1	0.558103509997615	-0.0472611208166799	-0.6053646308142949	negative	0.70823610232253	-0.230309058307097	-0.938545160629627	negative	True	0.0184128600413859	0.900088215127926	0.058620301522056	0.59785964325048	False	False	False	False	False	False	False	True	False	False
TRIM38	TRIM38	ENSMUSG00000064140	unique_symbol	1	1.23484819503801	0.457427860624277	-0.7774203344137329	negative	1.3687907334848	0.353023315916484	-1.015767417568316	negative	True	9.62479628408251e-06	0.137142982930686	0.0002184876948963	0.393931243620219	True	False	False	False	False	False	False	True	False	False
TRIM43C	TRIM43C	ENSMUSG00000067399	unique_symbol	1	-0.0651428503651978	-0.421524445835468	-0.3563815954702702	negative					False	0.789189474532247	0.00417463395492013			False	False	False	False	False	False	False	False	False	False
TRIM47	TRIM47	ENSMUSG00000020773	unique_symbol	1	0.897435286973406	0.475799764142935	-0.421635522830471	negative	1.13323120109926	0.586274396854519	-0.546956804244741	negative	True	8.82663837032695e-10	0.00253602052621891	2.06839854786865e-10	0.0019069037587262	True	True	False	False	False	False	False	True	False	False
TRIM6	TRIM6	ENSMUSG00000072244	unique_symbol	1	0.244135123801923	0.637653743640252	0.3935186198383289	positive	0.273166054906374	0.77861927794078	0.505453223034406	positive	True	0.209234731157878	6.49702117183898e-05	0.237108776461913	7.35238985897715e-05	False	True	False	False	False	False	False	True	False	False
TRP53TG5	TRP53TG5	ENSMUSG00000017720	unique_symbol	1	0.417094156779825	0.107288063352021	-0.30980609342780396	negative					False	0.0455823138674235	0.702712744613751			False	False	False	False	False	False	False	False	False	False
TRPC3	TRPC3	ENSMUSG00000027716	unique_symbol	1	-0.62661537498627	-0.32225514555878	0.30436022942748997	positive	-0.653248908528286	-0.323698878975768	0.329550029552518	positive	True	5.25173641699475e-16	9.04434255874944e-05	1.39908198586316e-13	0.0005887137908582	True	True	False	False	False	False	False	True	False	False
TRPC6	TRPC6	ENSMUSG00000031997	unique_symbol	1	-0.678492152112364	-0.367367128355182	0.31112502375718204	positive	-0.702851738904547	-0.421307137324575	0.281544601579972	positive	True	1.51314412930165e-12	0.000314355489340243	1.1845511487883198e-11	9.52238599723498e-05	True	True	False	False	False	False	False	True	False	False
TSSK6	TSSK6	ENSMUSG00000047654	unique_symbol	1	-0.489151478540978	-0.158633101228362	0.330518377312616	positive	0.250565420600989	0.0689369590772538	-0.1816284615237352	negative	True	0.0370210211416098	0.593913841885793	0.679477689582859	0.911132030121265	False	False	False	False	False	False	False	False	False	False
TTLL6	TTLL6	ENSMUSG00000038756	unique_symbol	1	-0.471446381725729	-0.0496210320208885	0.4218253497048405	positive	-0.419321438186524	0.0988581701431902	0.5181796083297142	positive	True	0.00713945496104262	0.858258367252456	0.0940289057649349	0.748229375052883	False	False	False	False	False	False	False	True	False	False
TUBA5-PS	TUBA5-PS	ENSMUSG00000101955	unique_symbol	1	1.024785135731	1.83900070815997	0.8142155724289699	positive	1.18885722192711	1.68994082362234	0.50108360169523	positive	True	0.0026040469031813	5.82221814696385e-07	0.124749054285279	0.0133206389028951	False	True	False	False	False	False	False	True	False	False
TUBA8	TUBA8	ENSMUSG00000030137	unique_symbol	1	-0.220206351559261	-0.698264051422693	-0.478057699863432	negative	-0.182522473956678	-0.762946141753141	-0.580423667796463	negative	True	0.331637592099575	6.73579724506089e-05	0.42853465577823	2.10775677945084e-05	False	True	False	False	False	False	False	True	False	False
TXK	TXK	ENSMUSG00000054892	unique_symbol	1	0.869991650099862	1.21378531797911	0.34379366787924803	positive	0.961068868808072	1.30691991049542	0.3458510416873479	positive	True	0.00314361911487962	1.20875747196786e-05	0.0112658423855988	0.0002562026112532	True	True	False	False	False	False	False	True	False	False
TXNIP	TXNIP	ENSMUSG00000038393	unique_symbol	1	0.0715532854277599	-0.383009873073073	-0.4545631585008329	negative	0.0871605148223344	-0.397519362240028	-0.4846798770623624	negative	True	0.762991494866636	0.01232476561441	0.675635101073295	0.0099720898614238	False	True	False	False	False	False	False	True	False	False
UBA1Y	UBA1Y	ENSMUSG00000069053	unique_symbol	1	-0.677194600697548	-0.359799169247836	0.317395431449712	positive	-0.703494717979902	-0.390665057166923	0.312829660812979	positive	True	0.00817454719702975	0.209951576595692	0.0755677829244607	0.352478938089779	False	False	False	False	False	False	False	True	False	False
UBAP1L	UBAP1L	ENSMUSG00000086228	unique_symbol	1	0.10277294647494	0.722764468628599	0.619991522153659	positive	0.108965338163555	1.17537772801827	1.066412389854715	positive	True	0.823009894304269	0.0148136117608027	0.888160083584627	0.0469472332040382	False	True	False	False	False	False	False	True	False	False
UBD	UBD	ENSMUSG00000035186	unique_symbol	1	-2.22765750036747	-1.15959202969134	1.06806547067613	positive	-2.24658923172052	-1.55699246092257	0.6895967707979498	positive	True	0.0352859074562259	0.365490506491275	0.0541457870537781	0.247064343015912	False	False	False	False	False	False	False	True	False	False
UBXN10	UBXN10	ENSMUSG00000043621	unique_symbol	1	1.16906151160691	0.277816358000517	-0.891245153606393	negative	1.21374799786264	0.499497201562762	-0.714250796299878	negative	True	0.022074961433636	0.704398523176163	0.0332897374896461	0.474823793933206	True	False	False	False	False	False	False	True	False	False
UCMA	UCMA	ENSMUSG00000026668	unique_symbol	1	-0.48730865088603	-2.90640518932883	-2.4190965384428	negative					False	0.757729100791025	0.00258625510591909			False	False	False	False	False	False	False	False	False	False
UCN	UCN	ENSMUSG00000038676	unique_symbol	1	4.40829573201756	3.92730857402449	-0.48098715799307	negative	4.25377179649384	3.90806673044054	-0.3457050660533003	negative	True	8.11290051535125e-33	1.45252886122332e-30	2.3066578696735102e-20	1.5947942490822001e-18	True	True	True	True	True	False	False	True	True	False
UCN2	UCN2	ENSMUSG00000049699	unique_symbol	1	0.981093935386937	2.89953331758416	1.9184393821972232	positive	1.00988392560492	3.02941053660881	2.01952661100389	positive	True	0.263443643807314	0.0012530152566893	0.215887415216035	0.000516624307059	False	True	False	False	False	False	False	True	False	False
VANGL2	VANGL2	ENSMUSG00000026556	unique_symbol	1	0.31902872773047	-0.137808299545949	-0.45683702727641895	negative	0.360102732855077	-0.139174899940006	-0.49927763279508297	negative	True	0.0246709976625531	0.420172820872576	0.0235801851654607	0.454103022580836	True	False	False	False	False	False	False	True	False	False
VDR	VDR	ENSMUSG00000022479	unique_symbol	1	-0.275370802626311	-0.762242949157496	-0.48687214653118505	negative	-0.257447255005861	-0.774713083496014	-0.517265828490153	negative	True	0.388820717883049	0.00240644360320895	0.393684176613272	0.0016803188815385	False	True	False	False	False	False	False	True	False	False
VGF	VGF	ENSMUSG00000037428	unique_symbol	1	1.54490229419383	1.94282722902284	0.39792493482901015	positive	1.75043076387156	2.23334483939714	0.4829140755255801	positive	True	4.71880938065505e-153	1.05771829070541e-241	1.32356941407561e-140	5.76331494721509e-228	True	True	True	True	True	False	False	True	True	True
VGLL2	VGLL2	ENSMUSG00000049641	unique_symbol	1	-1.09546542361361	-1.5507701889777	-0.4553047653640898	negative	-0.942758065733287	-1.72800351962536	-0.785245453892073	negative	True	0.0364384761144634	0.00159255022681835	0.0993970229823016	0.0008942689421967	False	True	False	False	False	False	False	True	False	False
VIPR2	VIPR2	ENSMUSG00000011171	unique_symbol	1	0.567662456161792	-0.686951837847579	-1.254614294009371	negative	0.569542338687528	-0.612622208528168	-1.182164547215696	negative	True	0.0686367159103342	0.0141564965532646	0.138664916093419	0.0818998599160677	False	False	False	False	False	False	False	True	False	False
VMN1R86	VMN1R86	ENSMUSG00000070816	unique_symbol	1	-1.19874555113909	-2.19186820525584	-0.9931226541167497	negative					False	0.124592979353047	0.010540482021926			False	False	False	False	False	False	False	False	False	False
VMN1R89	VMN1R89	ENSMUSG00000095629	unique_symbol	1	-2.38161035010481	-1.32419145443511	1.0574188956696997	positive					False	0.00147852563808184	0.0699815809369312			False	False	False	False	False	False	False	False	False	False
VMN2R-PS131	VMN2R-PS131	ENSMUSG00000096429	unique_symbol	1	-1.31365849670187	0.0109782721048619	1.324636768806732	positive					False	0.0102641359077629	0.9893371647009			False	False	False	False	False	False	False	False	False	False
VMN2R-PS89	VMN2R-PS89	ENSMUSG00000108829	unique_symbol	1	0.231476981103618	0.666701419391328	0.43522443828770996	positive					False	0.0378895236766826	3.18196402132764e-12			False	False	False	False	False	False	False	False	False	False
VMN2R5	VMN2R5	ENSMUSG00000068999	unique_symbol	1	3.50907952310043	4.90172906375249	1.39264954065206	positive	4.41614331621763	5.78039758076768	1.3642542645500502	positive	True	1.73673132090133e-10	3.75287253684383e-11	6.74613081835973e-06	2.13014436666054e-08	True	True	False	False	False	False	False	True	False	False
VSX1	VSX1	ENSMUSG00000033080	unique_symbol	1	0.10343788362134	-1.29397127175999	-1.3974091553813301	negative	0.155504860533845	-1.2872850611925	-1.442789921726345	negative	True	0.919486944399839	0.0287142882322712	0.863049051908667	0.0283807664715696	False	True	False	False	False	False	False	True	False	False
VWA5B1	VWA5B1	ENSMUSG00000028753	unique_symbol	1	2.14247277730335	0.0512597645932584	-2.0912130127100914	negative					False	0.0124894360702167	0.972484058497277			False	False	False	False	False	False	False	False	False	False
WDR93	WDR93	ENSMUSG00000039099	unique_symbol	1	1.11881590887417	0.551287506667747	-0.5675284022064231	negative	0.336294169475642	-0.993631124020207	-1.329925293495849	negative	True	0.00381244017574371	0.219357407769328	0.697635339733885	0.189263874471031	False	False	False	False	False	False	False	True	False	False
WFDC15B	WFDC15B	ENSMUSG00000018211	unique_symbol	1	-1.09352554743857	-0.0376872107168897	1.0558383367216801	positive					False	0.0241529658176972	0.960916362205067			False	False	False	False	False	False	False	False	False	False
WFDC3	WFDC3	ENSMUSG00000076434	unique_symbol	1	1.62493743670031	2.20119089995928	0.57625346325897	positive	1.42912393094043	2.04744264227511	0.6183187113346802	positive	True	2.65604480480809e-23	4.61229079572447e-36	4.49940260629783e-12	3.0441876698927403e-19	True	True	False	True	False	True	False	True	True	False
WLS	WLS	ENSMUSG00000028173	unique_symbol	1	0.0280860107827158	-0.316416066869151	-0.3445020776518668	negative	0.0586615402483411	-0.329053441083331	-0.3877149813316721	negative	True	0.889075022030933	0.00665235982514746	0.719224807427304	0.0046924523451859	False	True	False	False	False	False	False	True	False	False
WNT10B	WNT10B	ENSMUSG00000022996	unique_symbol	1	0.829863546102329	-1.23213167294506	-2.061995219047389	negative	0.848827598812584	-1.26210183230903	-2.110929431121614	negative	True	0.166385473902775	0.0161534275663315	0.178955965868523	0.0168788142511963	False	True	False	False	False	False	False	True	False	False
WNT3	WNT3	ENSMUSG00000000125	unique_symbol	1	-0.415835121252071	-0.778569223126304	-0.36273410187423305	negative	-0.35144270908036	-0.734980152217212	-0.383537443136852	negative	True	0.0246261548487937	1.04675963088937e-05	0.174846173178172	0.002736020508436	False	True	False	False	False	False	False	True	False	False
WNT3A	WNT3A	ENSMUSG00000009900	unique_symbol	1	-1.33377446748028	-0.114497270539914	1.219277196940366	positive					False	0.0307572330333579	0.894858281427045			False	False	False	False	False	False	False	False	False	False
XDH	XDH	ENSMUSG00000024066	unique_symbol	1	1.1386577897357	0.725305294690434	-0.41335249504526594	negative	1.17418767182509	0.717364963811152	-0.4568227080139381	negative	True	3.90192194393025e-05	0.014457070267837	1.30270957422828e-06	0.0050388634599347	True	True	False	False	False	False	False	True	False	False
XKR7	XKR7	ENSMUSG00000042631	unique_symbol	1	-0.421779860953047	-0.0100887977630347	0.4116910631900123	positive	-0.416165922823993	-0.0086526527775336	0.40751327004645943	positive	True	7.58577622349114e-06	0.952913524283701	0.0001001792898702	0.959031064920151	True	False	False	False	False	False	False	True	False	False
XKR9	XKR9	ENSMUSG00000067813	unique_symbol	1	1.08385834313939	4.55957309471824	3.47571475157885	positive					False	0.405271263190232	0.000751539142640689			False	False	False	False	False	False	False	False	False	False
ZC3H3	ZC3H3	ENSMUSG00000075600	unique_symbol	1	0.404478845830453	0.724483586513132	0.32000474068267903	positive	0.490119562154771	0.662332037055803	0.17221247490103203	positive	True	1.70582264802048e-05	9.53189782280872e-16	6.35682168988176e-06	5.26081905332615e-10	True	True	False	False	False	False	False	True	False	False
ZCWPW2	ZCWPW2	ENSMUSG00000032443	unique_symbol	1	-0.352888611140172	-0.0462333151175151	0.3066552960226569	positive	-0.243647793392443	-0.300986919894485	-0.05733912650204201	negative	True	2.61145960385256e-07	0.65387677422416	0.459340486925977	0.31453489781518	False	False	False	False	False	False	False	False	False	False
ZDHHC23	ZDHHC23	ENSMUSG00000036304	unique_symbol	1	-0.695306184396969	-0.362824608013544	0.332481576383425	positive	-0.680216374992734	-0.346511623801739	0.333704751190995	positive	True	3.50463033631972e-09	0.00452991111870182	7.13374326095384e-08	0.0110261828130244	True	True	False	False	False	False	False	True	False	False
ZFP488	ZFP488	ENSMUSG00000044519	unique_symbol	1	2.95210346311328	2.16056187463802	-0.7915415884752597	negative	2.70229334564453	2.23452210980226	-0.4677712358422701	negative	True	0.000666931686912797	0.0171835720411561	0.0021136128491597	0.0167904388969912	True	True	False	False	False	False	False	True	False	False
ZFP57	ZFP57	ENSMUSG00000036036	unique_symbol	1	0.447046890793639	0.752989747507035	0.30594285671339594	positive	0.515078674872972	0.749562974192739	0.234484299319767	positive	True	0.00059375216206077	8.33019439283526e-10	0.0006557465292741	1.53841314294826e-07	True	True	False	False	False	False	False	True	False	False
ZFP967	ZFP967	ENSMUSG00000095199	unique_symbol	1	0.0779035091660115	-0.706336398132955	-0.7842399072989665	negative					False	0.891103309449138	0.0372842782605708			False	False	False	False	False	False	False	False	False	False
ZG16	ZG16	ENSMUSG00000049350	unique_symbol	1	2.81568106015765	2.34177321832998	-0.4739078418276699	negative					False	3.71130684938269e-26	3.05494458781085e-19			False	False	False	False	False	False	False	False	False	False
ZIC5	ZIC5	ENSMUSG00000041703	unique_symbol	1	0.414872700875346	-1.0940460087622	-1.508918709637546	negative	0.348655842155612	-1.1124535953535	-1.461109437509112	negative	True	0.560376178422868	0.0374171819027355	0.639406379259612	0.04684069509858	False	True	False	False	False	False	False	True	False	False
ZNRF4	ZNRF4	ENSMUSG00000044526	unique_symbol	1	1.62386391121694	3.80808564111552	2.1842217298985798	positive					False	0.167774331436108	0.00524010129025288			False	False	False	False	False	False	False	False	False	False
ZP3	ZP3	ENSMUSG00000004948	unique_symbol	1	0.350294495317254	0.819271434713084	0.46897693939582996	positive	0.233265293181131	0.947813284222783	0.714547991041652	positive	True	0.354798612736351	0.00880447483896626	0.604234580709618	0.0080826831868736	False	True	False	False	False	False	False	True	False	False
ZPLD2	ZPLD2	ENSMUSG00000073747	unique_symbol	1	1.05070321846752	1.53569979961216	0.48499658114463995	positive	1.14158197410514	1.62666049548065	0.48507852137551	positive	True	1.35981030293887e-20	7.11693055077813e-41	4.0969726163718095e-18	3.66698732854105e-33	True	True	True	True	True	False	False	True	True	False
