gene_id	pvalue	padj	log2FoldChange	baseMean	rank	rank_frac	neglog10_pvalue	distance_to_line	selected_by_source_constrained_bend	branch	source_gene_symbol	source_symbol_norm	source_log2fc_control	source_log2fc_cko	source_rss_shift	source_rss_sign	direction_consistent_with_source_rss	appears_in_retained_go_terms	appears_in_anchor_gene_table
ENSMUSG00000073680	2.19469810489912e-284	7.85189825329407e-281	5.08308445413073	829.441405581674	1	0.0	283.65862521136427	0.0	True	WT/FF	TMEM88B	TMEM88B	4.9325246556392	5.36324665795542	0.4307220023162204	positive	True	True	True
ENSMUSG00000042816	6.7809403721970696e-195	1.45559666029582e-191	4.10296832037442	871.386730841559	2	0.0009746588693957114	194.16871007454935	0.3145079997759567	True	WT/FF	GPR151	GPR151	3.99881410997022	4.50903849023692	0.5102243802666999	positive	True	True	True
ENSMUSG00000030898	3.0460454755344797e-153	4.08665076111395e-150	5.49531729321819	448.701168850465	3	0.001949317738791423	152.51626361720935	0.4603725106284902	True	WT/FF	CCKBR	CCKBR	4.82708076418308	5.4833586940833	0.6562779299002202	positive	True	True	False
ENSMUSG00000046223	9.167844539046149e-153	1.0933163937509101e-149	2.75807170550098	1607.30022271194	4	0.0029239766081871343	152.0377327597317	0.4610848432601345	True	WT/FF	PLAUR	PLAUR	2.63952680958932	3.00559693519283	0.36607012560350993	positive	True	True	False
ENSMUSG00000037428	1.29483637825341e-143	1.32356941407561e-140	1.75043076387156	16683.7522086158	5	0.003898635477582846	142.88778510765317	0.49236689503701675	True	WT/FF	VGF	VGF	1.54490229419383	1.94282722902284	0.39792493482901015	positive	True	True	True
ENSMUSG00000031074	3.63617565824537e-128	2.5178756993514597e-125	7.34053327955246	419.275608392955	6	0.004873294346978557	127.43935514482192	0.5458532578096341	True	WT/FF	FGF3	FGF3	5.95297849848021	6.26088261977332	0.3079041212931104	positive	True	True	False
ENSMUSG00000027611	1.7028027967192002e-113	9.37240123958315e-111	3.51041902217287	1010.27671808777	7	0.005847953216374269	112.7688356451999	0.5965972193179905	True	WT/FF	PROCR	PROCR	3.43851486656922	2.80696908308428	-0.6315457834849401	negative	True	True	False
ENSMUSG00000024883	1.72352019428765e-80	4.74321596033061e-78	3.31476744966049	279.320328959232	8	0.00682261208576998	79.76358362364779	0.711977403150182	True	WT/FF	RIN1	RIN1	3.29951497598228	2.91482323457616	-0.38469174140612017	negative	True	True	False
ENSMUSG00000025746	2.37298575053152e-49	2.99638306593586e-47	3.40316593389207	63.9019948519848	9	0.007797270955165692	48.624704869656284	0.8207779809086542	True	WT/FF	IL6	IL6	3.31743510142868	4.29974811862375	0.9823130171950702	positive	True	True	False
ENSMUSG00000078532	5.3533019228176594e-49	6.60425167098873e-47	1.39386798570569	962.568400453881	10	0.008771929824561403	48.271378261993746	0.8210489256052818	True	WT/FF	NKAIN1	NKAIN1	1.32205010213963	1.63075791532942	0.30870781318979	positive	True	True	False
ENSMUSG00000054136	1.9459123460719402e-45	2.22185927770107e-43	6.81522470961713	101.915627579169	11	0.009746588693957114	44.710876726490405	0.8326262622233295	True	WT/FF	ADM2	ADM2	6.54366883783967	7.082943153426	0.5392743155863302	positive	True	True	False
ENSMUSG00000015316	1.1018795666223199e-42	1.1371609027459001e-40	4.09523917923679	53.4497156216035	12	0.010721247563352826	41.957865870465724	0.8413569171665407	True	WT/FF	SLAMF1	SLAMF1	4.04044671236119	4.41167557311982	0.37122886075863004	positive	True	True	False
ENSMUSG00000039364	4.4674383355144995e-41	4.37890553927645e-39	1.88078063899416	282.517515015456	13	0.011695906432748537	40.34994143338989	0.8460507496327043	True	WT/FF	SECTM1B	SECTM1B	1.87410908784227	2.22738000452285	0.35327091668057986	positive	True	True	False
ENSMUSG00000023387	1.27944038819329e-38	1.15396921735114e-36	2.35975810452752	97.8304266714923	14	0.012670565302144249	37.8929799439947	0.8537377289914799	True	WT/FF	KCNK16	KCNK16	2.37123525607778	2.82437514916805	0.45313989309027036	positive	True	True	False
ENSMUSG00000029321	1.9892347132603e-38	1.7792046814519002e-36	1.06655162659122	668.561526583977	15	0.01364522417153996	37.70131397069164	0.8534387644903064	True	WT/FF	SLC10A6	SLC10A6	1.01078045546905	1.31964083088104	0.30886037541198985	positive	True	True	False
ENSMUSG00000034783	1.19148524088187e-37	1.04821402380206e-35	3.72937979145642	54.757532016138	16	0.014619883040935672	36.92391133295937	0.8552047226827137	True	WT/FF	CD207	CD207	3.54087698970461	4.52501367867959	0.9841366889749801	positive	True	True	False
ENSMUSG00000106350	3.4513347621433998e-37	2.95144008053461e-35	1.59483592317919	260.520731767091	17	0.015594541910331383	36.462012914281225	0.8558584202614198	True	WT/FF	KIF19B	KIF19B	1.52402376991837	2.17057650602648	0.6465527361081098	positive	True	True	False
ENSMUSG00000103523	4.91197944481067e-35	3.87649083684948e-33	3.49592765164031	40.500388760953	18	0.016569200779727095	34.30874345925776	0.8624747810099622	True	WT/FF	2210017I01RIK	2210017I01RIK	3.14602799945508	3.46441057538157	0.3183825759264898	positive	True	True	False
ENSMUSG00000028255	1.33177650550299e-32	9.65807921186733e-31	3.56382903617989	41.9654622701542	19	0.017543859649122806	31.875568650969537	0.8700779041572257	True	WT/FF	CLCA1	CLCA1	3.27251753219739	3.82457942482227	0.5520618926248804	positive	True	True	False
ENSMUSG00000037411	1.88252178106442e-28	1.20268489739074e-26	4.17405791563264	954.657096351988	20	0.018518518518518517	27.72525999024473	0.8837345132396194	True	WT/FF	SERPINE1	SERPINE1	4.16117107981447	3.26160312553979	-0.89956795427468	negative	True	True	False
ENSMUSG00000031383	5.67368728252133e-27	3.27396159157534e-25	3.98451288933956	29.4880205943383	21	0.01949317738791423	26.246134604955056	0.8879742848605325	True	WT/FF	DUSP9	DUSP9	3.7986357694871	4.72533269427622	0.9266969247891206	positive	True	True	False
ENSMUSG00000024803	1.65793442931779e-26	9.34100274533747e-25	4.26891209431311	39.6574137235373	22	0.02046783625730994	25.78043264962928	0.8886413912108189	True	WT/FF	ANKRD1	ANKRD1	4.03198390148895	4.66916006929476	0.6371761678058103	positive	True	True	False
ENSMUSG00000027919	1.31932080099214e-25	6.92433748510933e-24	6.42636891621486	51.5193639826028	23	0.021442495126705652	24.87964959023014	0.8908423077183111	True	WT/FF	LCE1G	LCE1G	4.31988483775046	5.23621122504233	0.9163263872918694	positive	False	True	False
ENSMUSG00000044667	2.00361733718163e-25	1.0388804289840801e-23	0.974413965541499	533.592553098279	24	0.022417153996101363	24.698185219041946	0.8905073790697704	True	WT/FF	PLPPR4	PLPPR4	0.929924169120289	1.23408924429171	0.304165075171421	positive	True	True	False
ENSMUSG00000026247	7.62890669311869e-25	3.8084211877787403e-23	2.94002258868604	315.809457496734	25	0.023391812865497075	24.11753769679836	0.8915797079783653	True	WT/FF	ECEL1	ECEL1	2.98232219486478	3.51542936799815	0.5331071731333701	positive	True	True	False
ENSMUSG00000039910	2.42758819389063e-24	1.16839928632413e-22	1.19629723383933	1024.63374992411	26	0.024366471734892786	23.614824983284315	0.8923772899487226	True	WT/FF	CITED2	CITED2	1.14336522603794	0.709016238597918	-0.43434898744002215	negative	True	True	False
ENSMUSG00000024517	5.12361407325338e-24	2.4066411312135003e-22	4.44600939009446	30.3608456360142	27	0.025341130604288498	23.290423590123414	0.8925462633407207	True	WT/FF	GRP	GRP	4.5650003211906	4.09976670453528	-0.46523361665532015	negative	False	True	False
ENSMUSG00000058354	6.7148864950777e-23	2.97199491759459e-21	9.6213374865642	61.801105758582	28	0.02631578947368421	22.172961324019546	0.8955110483890147	True	WT/FF	KRT6A	KRT6A	9.66604379647563	9.24116841758154	-0.4248753788940913	negative	True	True	False
ENSMUSG00000061039	1.57638399564683e-22	6.76773177011098e-21	1.28048865503344	475.087971247752	29	0.02729044834307992	21.802337982990366	0.8958429700048324	True	WT/FF	OR8B53	OR8B53	1.26104889599284	1.72115347578259	0.46010457978974983	positive	True	True	False
ENSMUSG00000004105	1.81298537086354e-22	7.721734914872391e-21	1.24041244470749	1975.25647285144	30	0.028265107212475632	21.741605700250258	0.8950824193243795	True	WT/FF	ANGPTL2	ANGPTL2	1.10049276886442	0.779225242578974	-0.32126752628544597	negative	True	True	False
ENSMUSG00000059816	3.5795394919263297e-22	1.49200766473185e-20	3.41092206639184	26.9512960755784	31	0.029239766081871343	21.446172841786147	0.8951492686931983	True	WT/FF	SHISAL2A	SHISAL2A	3.60916631300215	3.93502721373355	0.3258609007313997	positive	True	False	False
ENSMUSG00000027800	4.43016135929008e-22	1.8274349936471602e-20	1.2286333428126	1383.95417050635	32	0.030214424951267055	21.353580455227707	0.8945010358091027	True	WT/FF	TM4SF1	TM4SF1	1.17711435979611	0.593001327711489	-0.5841130320846211	negative	True	True	False
ENSMUSG00000038676	5.67369493705215e-22	2.3066578696735102e-20	4.25377179649384	24.4984527287889	33	0.031189083820662766	21.24613401903657	0.8939051685460118	True	WT/FF	UCN	UCN	4.40829573201756	3.92730857402449	-0.48098715799307	negative	True	True	False
ENSMUSG00000040148	5.44864978151691e-21	2.1036100037777301e-19	8.79730073964167	40.3753303851325	34	0.03216374269005848	20.263711105996183	0.8963938935461627	True	WT/FF	HMX3	HMX3	8.58480504090827	7.39689044344255	-1.1879145974657197	negative	True	True	False
ENSMUSG00000073747	1.17187234997312e-19	4.0969726163718095e-18	1.14158197410514	131.184844467752	35	0.03313840155945419	18.931119692687847	0.9001170826437339	True	WT/FF	ZPLD2	ZPLD2	1.05070321846752	1.53569979961216	0.48499658114463995	positive	True	True	False
ENSMUSG00000010086	1.90757359230466e-19	6.59387676850432e-18	-0.785971724729043	4555.06883756042	36	0.0341130604288499	18.71951869839782	0.8998883959307421	True	WT/FF	RNF112	RNF112	-0.759833227977373	-0.458084628806987	0.30174859917038593	positive	True	True	False
ENSMUSG00000038331	6.388457908700271e-19	2.1360535431177602e-17	2.85721740029778	96.2098566277148	37	0.03508771929824561	18.194603962274567	0.9007642476477503	True	WT/FF	SATB2	SATB2	2.64247063159373	2.28007266750061	-0.3623979640931201	negative	True	True	False
ENSMUSG00000028602	6.462636151387481e-19	2.1541451494671402e-17	2.30472230543702	37.6811746526024	38	0.036062378167641324	18.18959029431604	0.8998072697345418	False	WT/FF	TNFRSF8	TNFRSF8	2.26657910594635	2.77005502378999	0.5034759178436401	positive	True	True	False
ENSMUSG00000050108	8.59094698546568e-19	2.83712719984625e-17	3.70456294148389	24.0465370897272	39	0.037037037037037035	18.065958960977365	0.8992684597865258	False	WT/FF	BPIFC	BPIFC	3.5080377812102	4.37461911584874	0.8665813346385405	positive	True	True	False
ENSMUSG00000005124	1.82904651313322e-18	5.86880604647498e-17	0.932813487514922	396.701915575358	40	0.038011695906432746	17.73777525016041	0.8994507671458793	False	WT/FF	CCN4	CCN4	0.928012879343838	0.544012283385338	-0.3840005959585	negative	True	True	False
ENSMUSG00000085843	1.85555658512102e-18	5.9449817397325e-17	1.81592797981766	48.3255061241187	41	0.03898635477582846	17.731525797321066	0.8984981457983423	False	WT/FF	KANK4OS	KANK4OS	1.54279846084311	1.08803832428579	-0.45476013655731995	negative	True	False	False
ENSMUSG00000069355	6.11517437632524e-18	1.88875299513953e-16	8.23206701598102	36.2820388871264	42	0.03996101364522417	17.21359115439285	0.8993493902921442	False	WT/FF	SPEER1C	SPEER1C	8.93484903847775	8.45743784075877	-0.4774111977189808	negative	False	False	False
ENSMUSG00000024172	1.27471263004771e-17	3.86482786957686e-16	-0.901226127016953	679.852678591183	43	0.04093567251461988	16.894587711113353	0.89949933405891	False	WT/FF	ST6GAL2	ST6GAL2	-0.885686132073435	-0.507800169004722	0.377885963068713	positive	True	False	False
ENSMUSG00000035451	2.6902827813106402e-17	7.83576800320409e-16	5.18820228229888	22.9344668268795	44	0.04191033138401559	16.57020206798713	0.8996682519266326	False	WT/FF	FOXA1	FOXA1	5.61548596850314	4.88650628552387	-0.7289796829792703	negative	True	False	False
ENSMUSG00000026100	6.32667489621381e-17	1.77759690212206e-15	1.92318268416347	87.8429653999765	45	0.042884990253411304	16.198824481710908	0.9000028325157088	False	WT/FF	MSTN	MSTN	1.96568814224895	1.50207941855611	-0.4636087236928401	negative	True	False	False
ENSMUSG00000001131	9.52597656579252e-17	2.64533781321219e-15	2.7198841675152	529.494183498802	46	0.043859649122807015	16.021090491201452	0.899654752995476	False	WT/FF	TIMP1	TIMP1	2.59247595664134	1.73725406652144	-0.8552218901198998	negative	True	False	False
ENSMUSG00000067006	1.58764161709534e-16	4.32549253072572e-15	1.17899431065564	141.175838844715	47	0.04483430799220273	15.799247525387218	0.899462172745869	False	WT/FF	SERPINB5	SERPINB5	1.16117701261291	1.53843023953209	0.37725322691917995	positive	True	True	False
ENSMUSG00000117926	2.2034171799323001e-16	5.93457379980261e-15	4.18026806650786	19.486380051293	48	0.04580896686159844	15.656903268718553	0.898989332272523	False	WT/FF	C030004G16RIK	C030004G16RIK	4.02354583787641	2.90657108829608	-1.1169747495803306	negative	True	False	False
ENSMUSG00000046733	3.09660652130379e-16	8.136077795141631e-15	3.03284677250038	60.6385977288063	49	0.04678362573099415	15.509113975942237	0.8985356874195108	False	WT/FF	GPRC5A	GPRC5A	2.84946707996709	1.55151051017563	-1.2979565697914601	negative	True	False	False
ENSMUSG00000042961	5.39774965235029e-16	1.3943212278863e-14	0.741772180138581	719.874235829105	50	0.04775828460038986	15.267787261892158	0.8984117940668176	False	WT/FF	EGFLAM	EGFLAM	0.712620788870133	0.390353607501727	-0.32226718136840604	negative	True	False	False
ENSMUSG00000012889	2.3835317009931203e-15	5.81419221517254e-14	1.99470669122602	42.3806776954633	51	0.04873294346978557	14.622779067578001	0.8997110164249835	False	WT/FF	PODNL1	PODNL1	1.96855868264061	1.49781153376539	-0.4707471488752202	negative	True	False	False
ENSMUSG00000059832	3.06438101292078e-15	7.40765797560333e-14	7.44432776503754	22.8042470953735	52	0.049707602339181284	14.51365723723736	0.8991210555010551	False	WT/FF	KPRP	KPRP	7.74031869965204	8.71924435842428	0.9789256587722406	positive	True	False	False
ENSMUSG00000027716	5.924557556832251e-15	1.39908198586316e-13	-0.653248908528286	5586.78224616041	53	0.050682261208576995	14.227344077014228	0.8991557548048362	False	WT/FF	TRPC3	TRPC3	-0.62661537498627	-0.32225514555878	0.30436022942748997	positive	True	False	False
ENSMUSG00000086425	7.80916682193031e-15	1.8220823369517e-13	-0.862082166310239	165.244977994612	54	0.05165692007797271	14.107395299533769	0.8986039625840281	False	WT/FF	F730016J06RIK	F730016J06RIK	-0.895776649358718	-0.554470420188652	0.34130622917006603	positive	True	False	False
ENSMUSG00000052087	1.91282266403946e-14	4.32672827252592e-13	-0.658254743813425	333.239127189485	55	0.05263157894736842	13.71832529113268	0.8990009150309178	False	WT/FF	RGS14	RGS14	-0.66664364740429	-0.325759319841456	0.34088432756283404	positive	True	False	False
ENSMUSG00000049115	2.20869505566959e-14	4.95939833315935e-13	-0.834506720437188	1023.77507508646	56	0.05360623781676413	13.655864241023972	0.8982464588485357	False	WT/FF	AGTR1A	AGTR1A	-0.795206754942834	-0.471453512751159	0.323753242191675	positive	True	False	False
ENSMUSG00000085905	2.53599321450055e-14	5.6570435597984e-13	1.54992747995247	43.8432914636842	57	0.05458089668615984	13.595851912820633	0.8974833700813424	False	WT/FF	GM14273	GM14273	1.58975858429459	1.96823684160063	0.3784782573060399	positive	True	False	False
ENSMUSG00000006585	3.7452344275315304e-14	8.20359206340732e-13	1.25121180373548	115.387049504853	58	0.05555555555555555	13.426520993078816	0.8971056668537724	False	WT/FF	CDT1	CDT1	1.23423361161926	0.815641506227096	-0.41859210539216407	negative	True	False	False
ENSMUSG00000037242	5.870518931415131e-14	1.26649808423877e-12	0.750080674115347	9489.71782765587	59	0.056530214424951264	13.23132350708477	0.8968191521464074	False	WT/FF	CLIC4	CLIC4	0.701330632567899	0.386716107153569	-0.31461452541432994	negative	True	False	False
ENSMUSG00000040690	9.59633675427509e-14	2.04360084094513e-12	1.02584281168416	1577.35812442212	60	0.057504873294346975	13.017894520191776	0.8965969097344791	False	WT/FF	COL16A1	COL16A1	0.99939729804494	0.647363837100302	-0.35203346094463805	negative	True	False	False
ENSMUSG00000046610	1.98395903288006e-13	4.0792782183719695e-12	1.59535488092974	56.512174932518	61	0.05847953216374269	12.702467299912596	0.8967342460882571	False	WT/FF	OACYL	OACYL	1.53097395374618	1.96384176930854	0.43286781556236	positive	True	False	False
ENSMUSG00000076434	2.19667098267033e-13	4.49940260629783e-12	1.42912393094043	52.1200893779821	62	0.0594541910331384	12.658234986826077	0.8959155273540521	False	WT/FF	WFDC3	WFDC3	1.62493743670031	2.20119089995928	0.57625346325897	positive	True	True	False
ENSMUSG00000053559	3.58124341959196e-13	7.1445140562231396e-12	1.1980610004095	162.460533456936	63	0.06042884990253411	12.445966158688542	0.8956891949844896	False	WT/FF	SMAGP	SMAGP	1.11164379354329	0.707399503818977	-0.4042442897243129	negative	True	False	False
ENSMUSG00000041255	4.09377230765131e-13	8.0992549636906e-12	5.09388257397185	19.0925088349867	64	0.06140350877192982	12.387876316114285	0.8949193287958978	False	WT/FF	TMCO5B	TMCO5B	4.32526533383082	4.8338713690009	0.5086060351700805	positive	True	False	False
ENSMUSG00000031997	6.07561173397906e-13	1.1845511487883198e-11	-0.702851738904547	1184.13839704086	65	0.06237816764132553	12.216409987801061	0.8945491536161466	False	WT/FF	TRPC6	TRPC6	-0.678492152112364	-0.367367128355182	0.31112502375718204	positive	True	False	False
ENSMUSG00000007946	7.88005380553045e-13	1.51706937210329e-11	7.00503099218788	15.1097133817493	66	0.06335282651072124	12.10347081710877	0.8939726501265909	False	WT/FF	PHOX2A	PHOX2A	2.97296627764387	2.33785942405004	-0.6351068535938302	negative	True	False	False
ENSMUSG00000056947	1.37501723748242e-12	2.5688529173018e-11	-0.868104064243345	382.707381042689	67	0.06432748538011696	11.861691857399848	0.893850351094999	False	WT/FF	MAB21L1	MAB21L1	-0.850072943822877	-0.47791513921934	0.37215780460353703	positive	True	False	False
ENSMUSG00000035930	1.5080838827809798e-12	2.8052451150586197e-11	2.84359874270379	16.0857205442814	68	0.06530214424951267	11.821574501426632	0.8930171257252317	False	WT/FF	CHST4	CHST4	2.71505989133455	3.77682998458764	1.0617700932530902	positive	True	False	False
ENSMUSG00000038115	2.9258934473605197e-12	5.26464616437896e-11	1.30888282061157	79.2521644036433	69	0.06627680311890838	11.533741493680958	0.893057183012951	False	WT/FF	ANO2	ANO2	1.26694703652758	1.58812265588379	0.3211756193562101	positive	True	True	False
ENSMUSG00000027654	3.61532879299044e-12	6.435045428717469e-11	-0.664675722098962	254.205846373472	70	0.06725146198830409	11.44185220003248	0.8924064714851343	False	WT/FF	FAM83D	FAM83D	-0.691157777806102	-0.380408744091856	0.310749033714246	positive	True	False	False
ENSMUSG00000022893	6.21425208143116e-12	1.07403490483093e-10	1.09413369348154	1445.69393710425	71	0.0682261208576998	11.206611133547405	0.8922611241369423	False	WT/FF	ADAMTS1	ADAMTS1	1.06889668202867	0.682523445725151	-0.38637323630351905	negative	True	False	False
ENSMUSG00000025279	7.2031765931131495e-12	1.2369871099821301e-10	0.897588291514151	1288.33657468181	72	0.06920077972709551	11.142475937927118	0.8915125698918455	False	WT/FF	DNASE1L3	DNASE1L3	0.877848992801342	1.35390740256185	0.47605840976050806	positive	True	True	False
ENSMUSG00000020990	1.05671054095515e-11	1.77075319844991e-10	-0.689859454432012	258.777599318137	73	0.07017543859649122	10.976043960357607	0.8911246468985641	False	WT/FF	CDKL1	CDKL1	-0.685391212533636	-0.380539281709986	0.30485193082365	positive	True	False	False
ENSMUSG00000105157	1.0765414313860099e-11	1.80257709564212e-10	5.92919333138573	18.361197767719	74	0.07115009746588694	10.96796925141776	0.8901784602049805	False	WT/FF	GM31831	GM31831	4.97316081291686	6.35524320717273	1.3820823942558702	positive	False	False	False
ENSMUSG00000030223	1.11834653905505e-11	1.86675169575084e-10	0.693947841740018	926.63147404633	75	0.07212475633528265	10.951423601924152	0.889262136483015	False	WT/FF	PTPRO	PTPRO	0.666129125852645	1.16023782644685	0.494108700594205	positive	True	True	False
ENSMUSG00000020123	1.2158740747648799e-11	2.01078219483074e-10	1.36719988451678	93.2867164038169	76	0.07309941520467836	10.915111401598345	0.8884154966341377	False	WT/FF	AVPR1A	AVPR1A	1.40070703300995	1.74878213534469	0.3480751023347399	positive	True	False	False
ENSMUSG00000020773	1.2526405069548299e-11	2.06839854786865e-10	1.13323120109926	450.111769160306	77	0.07407407407407407	10.90217354851646	0.8874864541920768	False	WT/FF	TRIM47	TRIM47	0.897435286973406	0.475799764142935	-0.421635522830471	negative	True	False	False
ENSMUSG00000072621	1.7727545574406898e-11	2.89824442726747e-10	2.4827140187628	19.2839826470046	78	0.07504873294346978	10.751351389457135	0.8870435012332123	False	WT/FF	SLFN10-PS	SLFN10-PS	3.01338429543247	2.09852977620037	-0.9148545192321	negative	False	False	False
ENSMUSG00000035355	1.8562223061544e-11	3.02319180758046e-10	2.35930800560957	15.6365123801946	79	0.07602339181286549	10.731370012732139	0.8861392896284487	False	WT/FF	KCNH4	KCNH4	2.03834640013756	2.35476893882619	0.3164225386886299	positive	True	False	False
ENSMUSG00000035413	2.2080363259156002e-11	3.5717941049061303e-10	0.858545654669065	358.184040218478	80	0.0769980506822612	10.655993786008544	0.8854303638745051	False	WT/FF	TMEM98	TMEM98	0.829486736742383	0.380270640601259	-0.44921609614112407	negative	True	False	False
ENSMUSG00000023279	2.4405697098747197e-11	3.92723158861849e-10	-0.877193752923259	280.519299386705	81	0.07797270955165692	10.612508783097994	0.8846090106155466	False	WT/FF	BMP15	BMP15	-0.90694742885832	-0.399214818328326	0.507732610529994	positive	True	False	False
ENSMUSG00000066867	2.5731934212903798e-11	4.13135153189375e-10	3.09495334803835	17.2019665759131	82	0.07894736842105263	10.589527567601586	0.8837153744716212	False	WT/FF	OAS1E	OAS1E	2.89255934649966	4.08044315366515	1.1878838071654898	positive	True	False	False
ENSMUSG00000049796	2.9958846461361795e-11	4.78494492663388e-10	3.19905409866093	18.057989801605	83	0.07992202729044834	10.523474912771968	0.8829735799280692	False	WT/FF	CRH	CRH	2.62912946824427	3.14021751187838	0.5110880436341101	positive	True	False	False
ENSMUSG00000026094	3.4873424592688096e-11	5.532837637151831e-10	0.97033566930044	552.77820377885	84	0.08089668615984405	10.457505402532862	0.8822314922713109	False	WT/FF	STK17B	STK17B	0.94363497795641	0.479267094763361	-0.46436788319304906	negative	True	False	False
ENSMUSG00000051209	3.5214793273431e-11	5.57875094027653e-10	1.0150715902437	106.506827134373	85	0.08187134502923976	10.4532748567668	0.8812717535837044	False	WT/FF	GPR119	GPR119	0.962500945261181	1.38287280850373	0.42037186324254905	positive	True	True	False
ENSMUSG00000041324	8.712311956437639e-11	1.3292003443986501e-09	1.81216714193041	251.048802110311	86	0.08284600389863547	10.05986658245638	0.8816839999062742	False	WT/FF	INHBA	INHBA	1.77351130036762	0.55690018344645	-1.21661111692117	negative	True	False	False
ENSMUSG00000020932	9.175212304612779e-11	1.39684473284268e-09	2.47591054581912	158.142216325766	87	0.08382066276803118	10.037383877849162	0.8807886063404379	False	WT/FF	GFAP	GFAP	2.38229273276648	2.00775914788851	-0.37453358487797006	negative	True	False	False
ENSMUSG00000032360	9.953935968327419e-11	1.5089773269499702e-09	-0.54349215466671	764.609970156264	88	0.0847953216374269	10.00200515731226	0.8799386756550513	False	WT/FF	HCRTR2	HCRTR2	-0.550090149860948	-0.24774932160247	0.30234082825847797	positive	True	False	False
ENSMUSG00000087014	1.21903573379605e-10	1.8278984510194401e-09	-0.574510208965764	594.218032615426	89	0.08576998050682261	9.913983563649063	0.8792743291578762	False	WT/FF	GM16364	GM16364	-0.551761093578461	0.211668484970025	0.763429578548486	positive	True	False	False
ENSMUSG00000039037	1.35644686579924e-10	2.02345298271344e-09	-0.562707892930397	1642.19888913697	90	0.08674463937621832	9.867597213581076	0.8784632041430266	False	WT/FF	ST6GALNAC5	ST6GALNAC5	-0.45226867773172	-0.0643957804853546	0.3878728972463654	positive	True	False	False
ENSMUSG00000036480	1.3704557983891e-10	2.0400973764369203e-09	5.59741246918285	12.7514861469803	91	0.08771929824561403	9.8631349672936	0.8775042822792487	False	WT/FF	PRSS56	PRSS56	5.52188984397371	6.68858659919546	1.16669675522175	positive	True	False	False
ENSMUSG00000091897	1.46888277194889e-10	2.17906272167622e-09	6.43068537535699	6.58334545262016	92	0.08869395711500974	9.83301286283958	0.8766358202187576	False	WT/FF	GM17019	GM17019	3.84983083997094	2.85095848396451	-0.9988723560064301	negative	True	False	False
ENSMUSG00000028059	1.6524384510972401e-10	2.4345397248629602e-09	0.786274386966159	926.997774744471	93	0.08966861598440545	9.781874707846343	0.8758414469464939	False	WT/FF	ARHGEF2	ARHGEF2	0.747667905396161	0.444451934733702	-0.30321597066245903	negative	True	False	False
ENSMUSG00000113724	1.80227134470074e-10	2.64801893807982e-09	1.66789885309333	26.7426267642678	94	0.09064327485380116	9.744179822327714	0.8749996815372857	False	WT/FF	GM48398	GM48398	1.74900001940587	2.15079912062123	0.4017991012153601	positive	True	False	False
ENSMUSG00000039208	3.95163692374562e-10	5.595371913266721e-09	0.597166223066729	860.480254175429	95	0.09161793372319688	9.403222965212313	0.8752270186194855	False	WT/FF	METRNL	METRNL	0.593952447893886	0.279869298635929	-0.314083149257957	negative	True	False	False
ENSMUSG00000026271	4.06737616867613e-10	5.744098476105381e-09	-0.479377405293869	2009.89514067828	96	0.09259259259259259	9.390685660291359	0.8742965641077394	False	WT/FF	GPR35	GPR35	-0.485021833962768	-0.168518290163452	0.316503543799316	positive	True	False	False
ENSMUSG00000048329	4.67739705707778e-10	6.519805534235821e-09	6.06802058255781	8.11998495353036	97	0.0935672514619883	9.329995761932718	0.8735358640078008	False	WT/FF	MFSD6L	MFSD6L	6.37638625258784	5.87309775555549	-0.5032884970323499	negative	True	False	False
ENSMUSG00000119946	5.17837970276159e-10	7.166930928399761e-09	1.82088472997867	20.8963249048184	98	0.09454191033138401	9.285806108252585	0.8727169948845529	False	WT/FF	GM57269	GM57269	1.89358644696908	2.4850164666631	0.5914300196940201	positive	True	False	False
ENSMUSG00000030200	6.145625609139301e-10	8.434910442825071e-09	-0.626010898039066	355.842846105373	99	0.09551656920077972	9.211433900447593	0.8720045296194678	False	WT/FF	BCL2L14	BCL2L14	-0.627069957866984	-0.298421348051405	0.32864860981557903	positive	True	False	False
ENSMUSG00000029819	6.39174000408606e-10	8.7503246765122e-09	3.60225676861384	176.847397531706	100	0.09649122807017543	9.194380899070664	0.8710899944869507	False	WT/FF	NPY	NPY	3.5833735459939	4.79989514313513	1.21652159714123	positive	True	False	False
ENSMUSG00000051054	7.94762965676619e-10	1.07482017729295e-08	2.18059780328377	14.984245783865	101	0.09746588693957114	9.099762378322433	0.8704489044209894	False	WT/FF	SPATA31D1E	SPATA31D1E	2.18222896264133	1.75267292705571	-0.42955603558562006	negative	True	False	False
ENSMUSG00000048217	8.16558421538361e-10	1.10171232411958e-08	6.08104962472371	8.85358109658684	102	0.09844054580896686	9.08801273775637	0.8695156731221646	False	WT/FF	NAGS	NAGS	4.88030816281124	5.22900408055195	0.3486959177407094	positive	False	False	False
ENSMUSG00000056632	1.34432363320766e-09	1.77255842201693e-08	5.97767073269353	9.0985930316193	103	0.09941520467836257	8.871496166403777	0.8693043155047289	False	WT/FF	DSG3	DSG3	3.99710400484708	2.48899234178623	-1.5081116630608498	negative	True	False	False
ENSMUSG00000046623	1.47726166040392e-09	1.93477112887313e-08	2.22220118232521	19.6298786842891	104	0.10038986354775828	8.830542573337402	0.8684740381576067	False	WT/FF	GJB4	GJB4	2.09952511802049	1.37046663887963	-0.7290584791408601	negative	True	False	False
ENSMUSG00000091345	1.94150255690893e-09	2.50308071391034e-08	2.07536029717196	79.0817927383984	105	0.10136452241715399	8.711862033162895	0.8679177749651948	False	WT/FF	COL6A5	COL6A5	2.10931352611768	1.34069520561839	-0.7686183204992898	negative	True	False	False
ENSMUSG00000112143	2.13554770203248e-09	2.73029582917386e-08	-0.548360071965303	168.361375316594	106	0.1023391812865497	8.670490723231255	0.8670889702133309	False	WT/FF	GM35721	GM35721	-0.447556461583698	-0.749359375635241	-0.301802914051543	negative	True	False	False
ENSMUSG00000028972	2.77008638374253e-09	3.48142121272934e-08	5.34219506930052	14.3973647767786	107	0.10331384015594541	8.557506687470662	0.8665126248885331	False	WT/FF	CAR6	CAR6	5.21534820911977	6.14084512667263	0.9254969175528602	positive	True	False	False
ENSMUSG00000022098	2.80744418137124e-09	3.52218566904237e-08	0.879176210834739	953.36871364926	108	0.10428849902534112	8.551688869781891	0.8655584818790071	False	WT/FF	BMP1	BMP1	0.850365390328623	0.366772711716693	-0.48359267861193	negative	True	False	False
ENSMUSG00000036304	5.978572685388961e-09	7.13374326095384e-08	-0.680216374992734	927.958259115914	109	0.10526315789473684	8.223402486387439	0.8657411511944206	False	WT/FF	ZDHHC23	ZDHHC23	-0.695306184396969	-0.362824608013544	0.332481576383425	positive	True	False	False
ENSMUSG00000071633	6.45468042381162e-09	7.65503701533372e-08	1.21459823761359	35.8010863194419	110	0.10623781676413255	8.190125255118849	0.8648838120383954	False	WT/FF	GM4952	GM4952	1.19308231096471	1.50643791626025	0.31335560529553996	positive	True	False	False
ENSMUSG00000027765	6.996838683701491e-09	8.25242522990858e-08	-0.662396835530666	3348.84477142376	111	0.10721247563352826	8.155098138891333	0.8640326418271916	False	WT/FF	P2RY1	P2RY1	-0.659107973178449	-0.327653969231755	0.33145400394669405	positive	True	False	False
ENSMUSG00000002897	7.577491921863221e-09	8.8958296955335e-08	1.36007044182581	504.325040639357	112	0.10818713450292397	8.12047451794841	0.8631800491566807	False	WT/FF	IL17RA	IL17RA	1.3303987728923	0.70184995123301	-0.6285488216592899	negative	True	False	False
ENSMUSG00000048776	8.900076916627512e-09	1.03381521153856e-07	1.22633147281771	383.210254030245	113	0.10916179337231968	8.050606240060418	0.8624517059934534	False	WT/FF	PTHLH	PTHLH	1.18430813680975	0.488006772019358	-0.696301364790392	negative	True	False	False
ENSMUSG00000006403	1.01815744954235e-08	1.17314910423382e-07	1.03490796479152	82.1729531473795	114	0.1101364522417154	7.992185056792981	0.8616830078944795	False	WT/FF	ADAMTS4	ADAMTS4	1.08713445038166	0.529546672396001	-0.5575877779856591	negative	True	False	False
ENSMUSG00000024679	1.06462530462217e-08	1.22275263718671e-07	1.51992292832566	118.764049380468	115	0.1111111111111111	7.972803215481346	0.8607766827216983	False	WT/FF	MS4A6D	MS4A6D	1.49196490671778	0.807915955042504	-0.684048951675276	negative	True	False	False
ENSMUSG00000015202	1.11094630031564e-08	1.27254926801364e-07	0.533731972632614	230.103563167009	116	0.11208576998050682	7.954306932994535	0.8598672356502467	False	WT/FF	CNKSR3	CNKSR3	0.547056274341237	0.162312054317603	-0.38474422002363406	negative	True	False	False
ENSMUSG00000067848	1.40392276034343e-08	1.5878085339058e-07	5.86660185790048	4.99653955767303	117	0.11306042884990253	7.852656785140246	0.8592509344822082	False	WT/FF	SPEER1M	SPEER1M	6.26919154309254	4.4474955949056	-1.8216959481869397	negative	True	False	False
ENSMUSG00000061947	1.64933865372863e-08	1.84495589061693e-07	0.932147365494342	55.4936569454114	118	0.11403508771929824	7.782690162824063	0.8585229380168299	False	WT/FF	SERPINA10	SERPINA10	0.840591357713025	1.55448782777104	0.7138964700580152	positive	True	True	False
ENSMUSG00000049420	2.06300044386291e-08	2.27099320656212e-07	-0.463405396346319	2902.53983952061	119	0.11500974658869395	7.68550067858662	0.8578909114792009	False	WT/FF	TMEM200A	TMEM200A	-0.448587618244706	-0.118804473185582	0.329783145059124	positive	True	False	False
ENSMUSG00000045440	2.94895236276358e-08	3.17622736673774e-07	-0.512852132764532	962.408382806268	120	0.11598440545808966	7.530332242963974	0.8574632806363198	False	WT/FF	INSM2	INSM2	-0.497720458107405	-0.189516439432171	0.308204018675234	positive	True	False	False
ENSMUSG00000099839	3.73747893356559e-08	3.9697537252805e-07	5.83004332838128	10.909164311694	121	0.11695906432748537	7.4274212465770795	0.8568514243919241	False	WT/FF	GM29374	GM29374	4.9263406729367	5.46679697977374	0.54045630683704	positive	True	False	False
ENSMUSG00000094845	3.89250369251369e-08	4.11811159504676e-07	1.61094486418783	20.5986283343437	122	0.11793372319688109	7.409770966778453	0.8559389948707545	False	WT/FF	TMEM95	TMEM95	1.41113289266682	0.988767842792719	-0.42236504987410106	negative	True	False	False
ENSMUSG00000034324	4.98817969046052e-08	5.19787695317599e-07	-0.610154024421807	810.001658302224	123	0.1189083820662768	7.3020579102115715	0.8553440675359588	False	WT/FF	TMEM132C	TMEM132C	-0.620066275604704	-0.263814536570896	0.35625173903380797	positive	True	False	False
ENSMUSG00000015852	5.07724296468655e-08	5.28555273908639e-07	1.14889159747918	621.346531883144	124	0.11988304093567251	7.294372053515247	0.8543965100048114	False	WT/FF	FCRL2	FCRL2	1.11293169029616	0.767166216356218	-0.34576547393994195	negative	True	False	False
ENSMUSG00000009633	5.47376575627201e-08	5.67632153256691e-07	-0.479618232972253	324.405510160619	125	0.12085769980506822	7.261713791678395	0.8535369887691865	False	WT/FF	G0S2	G0S2	-0.492287994623396	-0.794006539290527	-0.301718544667131	negative	True	True	False
ENSMUSG00000070551	6.71430879779687e-08	6.84700012605737e-07	-0.694300117823264	168.249383661856	126	0.12183235867446393	7.172998688989816	0.8528750871292513	False	WT/FF	MRGPRB5	MRGPRB5	-0.703704792441064	-0.375867942950148	0.32783684949091596	positive	True	False	False
ENSMUSG00000067780	7.19001568148837e-08	7.29399227877265e-07	1.13286931184905	78.636450502013	127	0.12280701754385964	7.143270162415943	0.8520052375717062	False	WT/FF	PI15	PI15	1.23300399127336	0.579177735179799	-0.6538262560935609	negative	True	False	False
ENSMUSG00000048982	8.0181517630699e-08	8.06927546863846e-07	5.6058457255689	5.14234294690009	128	0.12378167641325535	7.095925727925849	0.8511974901331391	False	WT/FF	GPHB5	GPHB5	5.29159242432788	4.76328488060601	-0.52830754372187	negative	True	False	False
ENSMUSG00000006522	8.33968486640159e-08	8.36149814769624e-07	1.274568330941	67.1854014982487	129	0.12475633528265107	7.078850359838114	0.8502830338509509	False	WT/FF	ITIH3	ITIH3	1.2093209989039	1.55329500711712	0.3439740082132201	positive	True	False	False
ENSMUSG00000096982	1.06465854396088e-07	1.05220811715765e-06	-0.482520346554306	306.770944236633	130	0.12573099415204678	6.972789656310835	0.8496822814048101	False	WT/FF	REDRUM	REDRUM	-0.507168007989099	-0.206600143984967	0.300567864004132	positive	True	False	False
ENSMUSG00000091255	1.0944218918988e-07	1.07913919758841e-06	5.33302280482527	5.6258888311857	131	0.1267056530214425	6.960815228274035	0.8487498425589385	False	WT/FF	SPEER4E1	SPEER4E1	4.31526976230253	2.79951781862218	-1.5157519436803502	negative	True	False	False
ENSMUSG00000040133	1.31837817699118e-07	1.28287878274219e-06	-0.536343518411632	679.02568824113	132	0.1276803118908382	6.8799599944293846	0.8480602321848058	False	WT/FF	GPR176	GPR176	-0.499484146292146	-0.194299491777706	0.30518465451444	positive	True	False	False
ENSMUSG00000024066	1.34118520406433e-07	1.30270957422828e-06	1.17418767182509	634.249587314083	133	0.1286549707602339	6.8725112463472	0.8471118387644477	False	WT/FF	XDH	XDH	1.1386577897357	0.725305294690434	-0.41335249504526594	negative	True	False	False
ENSMUSG00000019866	1.34731873963577e-07	1.30807526300414e-06	1.1681433534137	372.607866840206	134	0.12962962962962962	6.870529649644767	0.8461441717598343	False	WT/FF	CRYBG1	CRYBG1	0.903823019050248	0.57870840723617	-0.32511461181407797	negative	True	False	False
ENSMUSG00000028885	1.35670354566313e-07	1.31599630868525e-06	1.32403766783655	47.4309788460681	135	0.13060428849902533	6.867515039995443	0.8451801464802593	False	WT/FF	SMPDL3B	SMPDL3B	1.33550683487261	0.782405596323429	-0.553101238549181	negative	True	False	False
ENSMUSG00000020848	1.56086783814538e-07	1.49712193984043e-06	0.830434294034779	162.398011394178	136	0.13157894736842105	6.806633867977991	0.8444201206855892	False	WT/FF	DOC2B	DOC2B	0.811798748644902	0.483036575734683	-0.328762172910219	negative	True	False	False
ENSMUSG00000034205	1.72105970597327e-07	1.63832672498546e-06	0.7392318232262	247.654299995913	137	0.13255360623781676	6.764204063126856	0.8435950474914593	False	WT/FF	LOXL2	LOXL2	0.69878585676503	0.310835553942248	-0.38795030282278203	negative	True	False	False
ENSMUSG00000085057	2.1203949990475e-07	1.99458365686037e-06	2.3153965236453	11.4353008962182	138	0.13352826510721247	6.673583228728122	0.842939864209611	False	WT/FF	GM13415	GM13415	0.198561422756759	0.622025943953137	0.423464521196378	positive	False	False	False
ENSMUSG00000051590	2.20322579473396e-07	2.06525960304625e-06	3.24194973003923	9.65293891128212	139	0.13450292397660818	6.656940992462495	0.8420238809891532	False	WT/FF	MAP3K19	MAP3K19	1.82069222440191	1.00257599861911	-0.8181162257827999	negative	True	False	False
ENSMUSG00000070972	2.24412852657719e-07	2.1008487985829e-06	0.530104258315552	261.021826651543	140	0.1354775828460039	6.64895227362586	0.8410773911509548	False	WT/FF	DNAJC25	DNAJC25	0.509570853841594	-0.0220552629883149	-0.5316261168299089	negative	True	False	False
ENSMUSG00000073494	2.28939957429247e-07	2.13763598354772e-06	5.07294709837127	7.34880175337625	141	0.1364522417153996	6.640278402272641	0.8401333167104359	False	WT/FF	SH2D1B2	SH2D1B2	4.02197791290346	4.76822533822484	0.7462474253213802	positive	True	False	False
ENSMUSG00000107857	2.98385080751336e-07	2.73256576083967e-06	5.4046798144205	6.26537519785415	142	0.13742690058479531	6.525222895372793	0.8395642740320736	False	WT/FF	GM19596	GM19596	6.02642486677389	4.42052071307909	-1.6059041536948007	negative	False	False	False
ENSMUSG00000028019	3.17593908242937e-07	2.89612184976333e-06	0.619615753283213	279.799914862979	143	0.13840155945419103	6.4981278363515225	0.8386851405979291	False	WT/FF	PDGFC	PDGFC	0.601367041849752	0.272795130173057	-0.32857191167669497	negative	True	False	False
ENSMUSG00000033219	3.48229410540775e-07	3.16339082804413e-06	4.71263760523614	6.79849583839417	144	0.13937621832358674	6.458134552299178	0.8378514778320747	False	WT/FF	GM9758	GM9758	4.76567057403474	3.18275905192817	-1.5829115221065697	negative	True	False	False
ENSMUSG00000025347	3.58752198507051e-07	3.25347473305972e-06	2.65574718295032	9.49851824346318	145	0.14035087719298245	6.445205428804139	0.8369224046152255	False	WT/FF	TMT1B	TMT1B	2.82284131296716	2.01342095130239	-0.8094203616647699	negative	False	False	False
ENSMUSG00000027568	4.70903031267356e-07	4.18914399883343e-06	-1.21762865535317	27.8943030490241	146	0.14132553606237816	6.327068513935173	0.8363642249571074	False	WT/FF	NTSR1	NTSR1	-1.09207991379795	-0.638115997359623	0.453963916438327	positive	True	False	False
ENSMUSG00000029503	4.72555340812505e-07	4.20210146888203e-06	-0.437881593879055	220.700754267413	147	0.14230019493177387	6.325547324081447	0.8353949348603983	False	WT/FF	P2RX2	P2RX2	-0.440908734881402	-0.105784368792514	0.33512436608888796	positive	True	False	False
ENSMUSG00000030324	5.23940106485824e-07	4.62835322050399e-06	-0.632179706325718	135.142116690571	148	0.14327485380116958	6.28071835597311	0.8345783195398425	False	WT/FF	RHO	RHO	-0.654752658332724	-0.296186999721475	0.358565658611249	positive	True	False	False
ENSMUSG00000025492	5.52950761274789e-07	4.8646069842314e-06	0.799258746799265	2456.3353402572	149	0.1442495126705653	6.25731353968757	0.8336861767340256	False	WT/FF	IFITM3	IFITM3	0.723700827607586	0.294891697628047	-0.428809129979539	negative	True	False	False
ENSMUSG00000027580	5.57017031429418e-07	4.89636674720061e-06	0.791231481254202	269.315478277429	150	0.145224171539961	6.254131525575403	0.8327227416126143	False	WT/FF	HELZ2	HELZ2	0.74900101897371	0.434218469805671	-0.31478254916803894	negative	True	False	False
ENSMUSG00000059852	5.65089434637885e-07	4.96529259268802e-06	-0.485011383608807	772.756711449044	151	0.14619883040935672	6.2478828125417065	0.8317701176570085	False	WT/FF	KCNG2	KCNG2	-0.47502014853154	-0.100103022937047	0.37491712559449303	positive	True	False	False
ENSMUSG00000074155	6.69672622079919e-07	5.81285584535687e-06	-0.677857791101348	130.711073758039	152	0.14717348927875243	6.174137455763928	0.8310554425269957	False	WT/FF	KLK5	KLK5	-0.699327261574896	-0.244628552805235	0.454698708769661	positive	True	False	False
ENSMUSG00000052415	7.24028934498476e-07	6.24427686136773e-06	1.14388987205015	68.810294174056	153	0.14814814814814814	6.14024407766759	0.8302002754999226	False	WT/FF	TCHH	TCHH	1.15066705695452	0.660125421134956	-0.4905416358195641	negative	True	False	False
ENSMUSG00000026639	7.26388083914887e-07	6.2598545369969e-06	1.55404282427877	45.0500822203976	154	0.14912280701754385	6.1388312888433285	0.829230603252395	False	WT/FF	LAMB3	LAMB3	-0.0905119785901501	-0.405765324074002	-0.3152533454838519	negative	True	False	False
ENSMUSG00000075600	7.38559270221052e-07	6.35682168988176e-06	0.490119562154771	212.287079831129	155	0.15009746588693956	6.131614646327583	0.8282813915802856	False	WT/FF	ZC3H3	ZC3H3	0.404478845830453	0.724483586513132	0.32000474068267903	positive	True	False	False
ENSMUSG00000068999	7.88504715515911e-07	6.74613081835973e-06	4.41614331621763	7.30246928714197	156	0.15107212475633527	6.103195705104367	0.8274069252850936	False	WT/FF	VMN2R5	VMN2R5	3.50907952310043	4.90172906375249	1.39264954065206	positive	True	False	False
ENSMUSG00000072294	9.78575099036504e-07	8.24414955883736e-06	0.435032353064352	635.913102110926	157	0.15204678362573099	6.009405839555675	0.8267629139252634	False	WT/FF	KLF12	KLF12	0.36841854376836	-0.031377060684285	-0.39979560445264495	negative	True	False	False
ENSMUSG00000029211	1.02488500370917e-06	8.61738405390561e-06	-0.785793571942075	67.4488476362849	158	0.1530214424951267	5.989324861492427	0.8258590534493878	False	WT/FF	GABRA4	GABRA4	-0.814342775596943	-0.334113243556237	0.480229532040706	positive	True	False	False
ENSMUSG00000101736	1.07053066733803e-06	8.95906873492323e-06	5.24156035421801	4.07291628426285	159	0.1539961013645224	5.97040088701979	0.8249511141389166	False	WT/FF	GM29335	GM29335	6.54962467598976	5.18804289260296	-1.3615817833868	negative	True	False	False
ENSMUSG00000061353	1.11224614067239e-06	9.27923655486732e-06	0.696873694503155	2701.36440000326	160	0.15497076023391812	5.953799092514144	0.8240349883473804	False	WT/FF	CXCL12	CXCL12	0.673604274517992	0.340633867018852	-0.33297040749914	negative	True	False	False
ENSMUSG00000096999	1.23223994489535e-06	1.02089010641156e-05	5.06032611000091	4.34841421629566	161	0.15594541910331383	5.909304717011162	0.8232171934731004	False	WT/FF	GM26793	GM26793	6.61682895873243	5.84326517251206	-0.7735637862203699	negative	True	False	False
ENSMUSG00000069873	1.35330497536126e-06	1.11388207826322e-05	2.44094799676261	31.5661089948498	162	0.15692007797270954	5.868604321516722	0.8223860235176716	False	WT/FF	4930438A08RIK	4930438A08RIK	2.43704743969853	1.66473275342099	-0.7723146862775403	negative	True	False	False
ENSMUSG00000000579	1.42466567392649e-06	1.16680173050385e-05	0.967473422195521	43.8721436798059	163	0.15789473684210525	5.846287039518002	0.8214900467803881	False	WT/FF	DYNLT1C	DYNLT1C	0.729417674982185	0.327691485764638	-0.401726189217547	negative	True	False	False
ENSMUSG00000049130	1.50164710109047e-06	1.22657369375982e-05	1.12034779878702	145.395806399193	164	0.15886939571150097	5.82343211796871	0.8205959654069708	False	WT/FF	C5AR1	C5AR1	1.1060435428542	0.675967096495466	-0.4300764463587339	negative	True	False	False
ENSMUSG00000083750	1.53528607109264e-06	1.25166922909512e-05	4.99917134124932	3.73889397398552	165	0.15984405458089668	5.813810690205387	0.8196552314278801	False	WT/FF	GM14108	GM14108	2.72526973024049	1.58782770198903	-1.13744202825146	negative	True	False	False
ENSMUSG00000107761	1.58887176124805e-06	1.29143207977852e-05	-0.478843507794318	305.839208003712	166	0.1608187134502924	5.7989111535351	0.8187331045934727	False	WT/FF	2010008C14RIK	2010008C14RIK	-0.461087691046097	-0.0918875319115075	0.3692001591345895	positive	True	False	False
ENSMUSG00000019890	2.19369314252898e-06	1.74406729620471e-05	0.734558024488942	741.524949089345	167	0.1617933723196881	5.658824122352343	0.8182523066258917	False	WT/FF	NTS	NTS	0.695030720528743	1.02776390381277	0.3327331832840269	positive	True	False	False
ENSMUSG00000044393	2.73882108959754e-06	2.13476882749822e-05	2.5182807041062	31.8984103685216	168	0.1627680311890838	5.562436336617274	0.8176174538259993	False	WT/FF	DSG2	DSG2	1.5293462206137	0.833095916306401	-0.6962503043072991	negative	True	False	False
ENSMUSG00000032511	2.8978507333999e-06	2.24892494009987e-05	-0.626502593354758	619.878510646384	169	0.16374269005847952	5.537923988544034	0.8167292154497001	False	WT/FF	SCN5A	SCN5A	-0.632386799730599	-0.320909137220672	0.311477662509927	positive	True	False	False
ENSMUSG00000086848	3.33249141680255e-06	2.55757099581993e-05	1.55853367910831	17.4551413521617	170	0.16471734892787523	5.477230960485773	0.8159685263830264	False	WT/FF	LCE6A	LCE6A	1.42488800341674	1.03915490130298	-0.38573310211376	negative	True	False	False
ENSMUSG00000022574	3.39749140820904e-06	2.60187479731057e-05	0.71814951016488	168.023779023437	171	0.16569200779727095	5.468841632865408	0.8150234488282295	False	WT/FF	NAPRT	NAPRT	0.711762081955503	0.400340552654018	-0.3114215293014849	negative	True	False	False
ENSMUSG00000030713	3.85787042760846e-06	2.92522241607358e-05	3.8856403243945	5.89874593545177	172	0.16666666666666666	5.413652362881777	0.8142433571261423	False	WT/FF	KLK7	KLK7	3.73723746410189	3.22272887237921	-0.5145085917226804	negative	True	False	False
ENSMUSG00000049872	3.87745232251451e-06	2.93799476015166e-05	0.608385208715718	677.370378498257	173	0.16764132553606237	5.411453533603631	0.8132764559408853	False	WT/FF	CALHM5	CALHM5	0.57544216828105	0.0675527411445573	-0.5078894271364927	negative	True	False	False
ENSMUSG00000079654	3.96810630526423e-06	3.00142357813083e-05	-0.932322247175723	68.7712127540921	174	0.16861598440545808	5.401416701646077	0.812337186404094	False	WT/FF	PRRT4	PRRT4	-0.834308661664946	-0.310613646390667	0.523695015274279	positive	True	False	False
ENSMUSG00000002289	4.42606718848427e-06	3.31970504081074e-05	0.745612782706798	844.465288589269	175	0.1695906432748538	5.353981997691524	0.8115297571963582	False	WT/FF	ANGPTL4	ANGPTL4	0.704753400842286	0.383268471574399	-0.321484929267887	negative	True	False	False
ENSMUSG00000113853	4.66539101628379e-06	3.48217258538067e-05	-0.666159443303954	91.3482418483017	176	0.1705653021442495	5.331111951253417	0.810635729143363	False	WT/FF	GM47583	GM47583	-0.686981905473345	-0.123136167926524	0.563845737546821	positive	True	False	False
ENSMUSG00000102057	5.08422129237781e-06	3.7672728430163e-05	-0.816968287688084	51.362976836785	177	0.17153996101364521	5.293775554898711	0.8097926999368634	False	WT/FF	GM29594	GM29594	-0.843151767509531	-0.50918113062845	0.333970636881081	positive	True	False	False
ENSMUSG00000026237	5.22626753574635e-06	3.86186089233498e-05	-0.698970289777795	66.0264180591916	178	0.17251461988304093	5.28180836224658	0.8088602355837786	False	WT/FF	NMUR1	NMUR1	-0.736770169019255	-0.37150678102327	0.36526338799598496	positive	True	False	False
ENSMUSG00000091519	5.2759276538253e-06	3.89721483196882e-05	-0.608503098882061	843.106159244539	179	0.17348927875243664	5.277701168349304	0.8079000620385158	False	WT/FF	SKOR2	SKOR2	-0.630157989332197	-0.310625898837403	0.31953209049479403	positive	True	False	False
ENSMUSG00000058017	5.64994239979836e-06	4.13507206116849e-05	4.64630013556749	4.81006311373793	180	0.17446393762183235	5.247955979716356	0.8070302712204451	False	WT/FF	SERPINB3D	SERPINB3D	4.49880529599392	5.19854433415113	0.69973903815721	positive	True	False	False
ENSMUSG00000074207	5.85476318122301e-06	4.26606742865354e-05	1.11905812963057	353.576524456043	181	0.17543859649122806	5.232490666973872	0.8061101389407956	False	WT/FF	ADH1	ADH1	1.07513043722351	0.266495982750211	-0.808634454473299	negative	True	False	False
ENSMUSG00000112238	7.61031552651626e-06	5.43275800107077e-05	1.84357479893397	12.4455025065055	182	0.17641325536062377	5.1185973368451725	0.8055369991906013	False	WT/FF	GM48844	GM48844	1.66716403922843	2.1439183203831	0.4767542811546699	positive	True	False	False
ENSMUSG00000028583	8.29404865455271e-06	5.87979023839592e-05	0.521366120265095	1574.70597822184	183	0.17738791423001948	5.0812334213060035	0.804694066998668	False	WT/FF	PDPN	PDPN	0.493337545896441	0.130962990194652	-0.362374555701789	negative	True	False	False
ENSMUSG00000042812	9.28780070823369e-06	6.51329402165777e-05	1.18602743366719	35.6914989061851	184	0.1783625730994152	5.032087111986426	0.8038926717870527	False	WT/FF	FOXF1	FOXF1	1.09048138632198	0.359251525846534	-0.7312298604754459	negative	True	False	False
ENSMUSG00000042759	9.46677384811709e-06	6.62372315033679e-05	0.845540011887233	164.970681120607	185	0.1793372319688109	5.023797997625198	0.8029472409461366	False	WT/FF	APOBR	APOBR	0.790864455481983	0.419991823426231	-0.37087263205575205	negative	True	False	False
ENSMUSG00000034435	9.88023138983171e-06	6.87930739585234e-05	0.760790219476271	183.601287960127	186	0.18031189083820662	5.005232884344523	0.8020380365268475	False	WT/FF	TMEM30B	TMEM30B	0.708114422732431	0.233714015634976	-0.47440040709745496	negative	True	False	False
ENSMUSG00000043020	1.10920072847794e-05	7.65106132310651e-05	1.78855938162932	11.1760013312188	187	0.18128654970760233	4.954989853867124	0.8012405076335708	False	WT/FF	DNAI3	DNAI3	1.23381619001977	1.91539545202174	0.68157926200197	positive	True	False	False
ENSMUSG00000079018	1.1397022994691e-05	7.84129793602683e-05	0.623965471540257	1152.85598359785	188	0.18226120857699804	4.943208575489999	0.8003073878688841	False	WT/FF	LY6C1	LY6C1	0.572984485906794	0.0293918105402182	-0.5435926753665757	negative	True	False	False
ENSMUSG00000024770	1.16655407533466e-05	8.01319992996285e-05	2.802225016022	11.2315454816886	189	0.18323586744639375	4.933095124786963	0.7993683884394567	False	WT/FF	LIPN	LIPN	3.05495207479567	4.27163240658388	1.2166803317882096	positive	True	False	False
ENSMUSG00000034845	1.21969287335501e-05	8.3408497035485e-05	0.796958686203599	1009.21950111705	190	0.18421052631578946	4.913749513750795	0.7984619355425248	False	WT/FF	PLVAP	PLVAP	0.790018564494975	0.215879671731165	-0.57413889276381	negative	True	False	False
ENSMUSG00000025355	1.3198291922124e-05	8.95431524653329e-05	0.780916774993912	163.435591948747	191	0.18518518518518517	4.879482270066522	0.7976080865199131	False	WT/FF	MMP19	MMP19	0.539083692697781	0.10571506288588	-0.433368629811901	negative	True	False	False
ENSMUSG00000026069	1.37143229960551e-05	9.28094758617017e-05	1.06277316251927	71.0192424636603	192	0.1861598440545809	4.862825626363095	0.7966921540906164	False	WT/FF	IL1RL1	IL1RL1	0.90870858955913	0.578593444858307	-0.33011514470082304	negative	True	False	False
ENSMUSG00000042631	1.48686861793762e-05	0.0001001792898702	-0.416165922823993	243.743627915994	193	0.1871345029239766	4.827727404729914	0.7958412345503622	False	WT/FF	XKR7	XKR7	-0.421779860953047	-0.0100887977630347	0.4116910631900123	positive	True	False	False
ENSMUSG00000111110	1.62977416001086e-05	0.0001086482363937	3.32936170697505	5.45133539282328	194	0.1881091617933723	4.787872572195045	0.7950070836954095	False	WT/FF	GM36855	GM36855	3.04581802615387	3.54390631231471	0.49808828616084	positive	True	False	False
ENSMUSG00000086866	1.75411328296754e-05	0.0001163231255241	3.00229625321847	10.2883432623086	195	0.18908382066276802	4.7559423627493285	0.7941449958253294	False	WT/FF	4930512H18RIK	4930512H18RIK	1.63520505490878	1.30802531150578	-0.32717974340299993	negative	True	False	False
ENSMUSG00000110056	2.05696981447931e-05	0.0001344956260664	-1.51433904975768	17.3748173719088	196	0.19005847953216373	4.686772081422076	0.7934141919847606	False	WT/FF	1700014L14RIK	1700014L14RIK	-1.0049499625107	-0.445289573797329	0.5596603887133709	positive	True	False	False
ENSMUSG00000110260	2.49036032058694e-05	0.0001605829818015	-1.31105708878053	20.9636972502098	197	0.19103313840155944	4.603737811971952	0.7927322634587093	False	WT/FF	GM30504	GM30504	-1.17460467222613	-0.366332410578891	0.8082722616472391	positive	True	False	False
ENSMUSG00000040732	2.6862530771629e-05	0.0001720773158889	0.621025609986698	264.589642080553	198	0.19200779727095516	4.570853074006186	0.791873540629137	False	WT/FF	ERG	ERG	0.509141827842357	-0.250618381203432	-0.7597602090457889	negative	True	False	False
ENSMUSG00000071679	2.92313113530839e-05	0.0001858647303037	-0.908607970872246	79.0680465084232	199	0.19298245614035087	4.5341517012134345	0.7910282727467209	False	WT/FF	RTL4	RTL4	-0.853521717524255	-0.52587446244585	0.327647255078405	positive	True	False	False
ENSMUSG00000022715	3.04366458596525e-05	0.000192672674734	0.782251045654508	49.5283401647321	200	0.19395711500974658	4.516603208830024	0.7901154843899919	False	WT/FF	TMEM114	TMEM114	0.647561277563329	1.1204204522231	0.472859174659771	positive	True	False	False
ENSMUSG00000099762	3.06160460924887e-05	0.0001937116185036	4.31076776217404	3.89826680609733	201	0.1949317738791423	4.514050896952278	0.7891498293521695	False	WT/FF	GM21149	GM21149	4.0542936665951	2.24593861354976	-1.8083550530453403	negative	True	False	False
ENSMUSG00000120500	3.08554447294113e-05	0.0001950936602537	2.12186367425717	7.25534864594392	202	0.195906432748538	4.510668189578963	0.7881871017433566	False	WT/FF	GM56754	GM56754	2.35043285044074	2.73826114771173	0.3878282972709899	positive	True	False	False
ENSMUSG00000027435	3.16671658232037e-05	0.0001999904035189	0.485191963220636	683.501558140902	203	0.1968810916179337	4.499390803771201	0.7872522055844902	False	WT/FF	CD93	CD93	0.461896956641715	0.152685812085526	-0.309211144556189	negative	True	False	False
ENSMUSG00000031803	3.19080523451431e-05	0.0002014524269531	0.817536736406349	100.317143383637	204	0.19785575048732942	4.496099704160354	0.7862891550268862	False	WT/FF	B3GNT3	B3GNT3	0.742740344497205	0.41439698623215	-0.32834335826505506	negative	True	False	False
ENSMUSG00000086915	3.26586679187978e-05	0.0002058282341588	-0.37928794694683	352.285678594978	205	0.19883040935672514	4.486001533234184	0.7853501017310033	False	WT/FF	GM16364	GM16364	-0.551761093578461	0.211668484970025	0.763429578548486	positive	True	False	False
ENSMUSG00000064140	3.4789478298507e-05	0.0002184876948963	1.3687907334848	18.0309085210945	206	0.19980506822612085	4.458552083864611	0.784472217644419	False	WT/FF	TRIM38	TRIM38	1.23484819503801	0.457427860624277	-0.7774203344137329	negative	True	False	False
ENSMUSG00000025150	3.63892699429587e-05	0.0002279346567247	0.824953849059755	213.810858611584	207	0.20077972709551656	4.439026657327339	0.7835663986588187	False	WT/FF	CBR2	CBR2	0.816882604066275	-0.125261336319457	-0.942143940385732	negative	True	False	False
ENSMUSG00000026814	3.92373896818613e-05	0.0002443670065871	0.634243118209897	1382.01769024362	208	0.20175438596491227	4.406299892333666	0.7827071189203232	False	WT/FF	ENG	ENG	0.592896604326192	0.261737103207868	-0.33115950111832393	negative	True	False	False
ENSMUSG00000028259	4.12628262085492e-05	0.0002559964819054	1.57652520298735	16.4484239329954	209	0.20272904483430798	4.384441029277497	0.7818095260989951	False	WT/FF	FHL5	FHL5	1.6026917315496	1.10027674599593	-0.5024149855536701	negative	True	False	False
ENSMUSG00000017688	4.27173136592982e-05	0.0002638762172692	-1.23798501070215	16.2619983095829	210	0.2037037037037037	4.369396066364009	0.780887911941987	False	WT/FF	HNF4G	HNF4G	-1.16005693210594	-0.488462179124143	0.6715947529817969	positive	True	False	False
ENSMUSG00000027859	4.29836959657752e-05	0.0002654453445343	0.976582915320705	57.6394820243609	211	0.2046783625730994	4.366696244299894	0.7799227769281785	False	WT/FF	NGF	NGF	0.903496216699829	0.590466764927573	-0.31302945177225605	negative	True	False	False
ENSMUSG00000066279	4.47115610817314e-05	0.0002750081289915	-0.777391136854107	68.1389464841996	212	0.20565302144249512	4.349580166693227	0.7790084641610109	False	WT/FF	CHRNA10	CHRNA10	-0.827343594901588	-0.443561367630301	0.383782227271287	positive	True	False	False
ENSMUSG00000024909	4.81942485004496e-05	0.0002948240918525	0.445181339373898	857.020606040201	213	0.20662768031189083	4.317004787353636	0.7781486507361483	False	WT/FF	EFEMP2	EFEMP2	0.419597162225331	0.0992978391570752	-0.3202993230682558	negative	True	False	False
ENSMUSG00000116652	5.05340324306639e-05	0.0003079090377963	-1.33348450818915	14.8802814051209	214	0.20760233918128654	4.296416045270339	0.7772465803026443	False	WT/FF	FAM246A	FAM246A	-1.33833392026668	-0.652504946116831	0.685828974149849	positive	True	False	False
ENSMUSG00000032369	5.44874680538471e-05	0.0003299373735525	0.592704279829002	197.38578168089	215	0.20857699805068225	4.263703372602238	0.7763872508838665	False	WT/FF	PLSCR1	PLSCR1	0.572254856741873	0.18214305720551	-0.39011179953636305	negative	True	False	False
ENSMUSG00000017950	5.62807375106981e-05	0.0003401245246071	2.43596981038613	6.46826684099888	216	0.20955165692007796	4.2496402201440455	0.775462175508169	False	WT/FF	HNF4A	HNF4A	1.78597844361469	0.853250244515833	-0.932728199098857	negative	True	False	False
ENSMUSG00000032113	6.13739522492821e-05	0.0003679009380014	0.571598796711905	72.4660330012175	217	0.21052631578947367	4.212015908901386	0.7746201613004258	False	WT/FF	CHEK1	CHEK1	0.499662430498134	0.135089380523744	-0.36457304997439	negative	True	False	False
ENSMUSG00000074796	6.29388535661741e-05	0.0003760215504178	-0.239059548336168	1313.83743535874	218	0.21150097465886938	4.201081172042738	0.7736840571864595	False	WT/FF	SLC4A11	SLC4A11	-0.256664607127161	0.0909256984273089	0.3475903055544699	positive	True	False	False
ENSMUSG00000075707	6.54027732831959e-05	0.0003893333142809	1.680130009815	12.6292288159645	219	0.2124756335282651	4.1844038358339475	0.7727681977053432	False	WT/FF	DIO3	DIO3	1.60410529640395	0.491165122462574	-1.112940173941376	negative	True	False	False
ENSMUSG00000003477	6.67899895976691e-05	0.0003971506694469	0.961876295865921	412.120629899843	220	0.2134502923976608	4.175288624175261	0.7718256791408138	False	WT/FF	INMT	INMT	0.966023848514489	0.215506780763618	-0.750517067750871	negative	True	False	False
ENSMUSG00000025789	7.21409500956583e-05	0.000424966420075	0.73533575627283	102.959039789619	221	0.21442495126705652	4.141818142325604	0.7709690212593863	False	WT/FF	ST8SIA2	ST8SIA2	0.771726171538348	0.0484049156195143	-0.7233212559188337	negative	True	False	False
ENSMUSG00000019935	8.52548827162893e-05	0.0004947502872094	-0.449300802653403	942.947827120785	222	0.21539961013645223	4.069280738716505	0.7702500876800356	False	WT/FF	SLC17A8	SLC17A8	-0.449944166961002	-0.0737132876340796	0.3762308793269224	positive	True	False	False
ENSMUSG00000024206	8.72280533858124e-05	0.0005055176549621	0.600804782092985	65.2489971917027	223	0.21637426900584794	4.059343819295731	0.7693104659172747	False	WT/FF	RFX2	RFX2	0.547591361601644	-0.177460052620263	-0.725051414221907	negative	True	False	False
ENSMUSG00000038567	9.01499041571198e-05	0.0005203435984503	2.7762262348457	6.3354894517086	224	0.21734892787524365	4.045034730661558	0.768386257550972	False	WT/FF	CYP24A1	CYP24A1	2.98286870247029	5.09568259355572	2.1128138910854304	positive	True	False	False
ENSMUSG00000056145	9.99851572655877e-05	0.0005706677441805	-0.424797446185653	201.755153763489	225	0.21832358674463936	4.00006446596089	0.7675701403493794	False	WT/FF	AI504432	AI504432	-0.41110466435615	-0.0590409934307754	0.3520636709253746	positive	True	False	False
ENSMUSG00000021508	0.0001045481011112	0.0005943404498023	1.21766445842469	76.3880148674922	226	0.21929824561403508	3.980683850789081	0.7666638108540348	False	WT/FF	CXCL14	CXCL14	1.22054501934343	0.68334095723705	-0.5372040621063799	negative	True	False	False
ENSMUSG00000022738	0.0001080881684605	0.0006120339288244	2.25231938856777	6.16164604756074	227	0.2202729044834308	3.9662218421570974	0.7657401415831874	False	WT/FF	GSC2	GSC2	2.46647298902848	4.77206414820684	2.30559115917836	positive	True	False	False
ENSMUSG00000043088	0.0001085345189289	0.0006140753777881	-1.08299911334935	46.8903913115149	228	0.2212475633528265	3.9644321143857906	0.7647717981747664	False	WT/FF	IL17RE	IL17RE	-1.01063903662809	-1.42212167901566	-0.41148264238756993	negative	True	False	False
ENSMUSG00000036036	0.000116907759598	0.0006557465292741	0.515078674872972	77.8582536296725	229	0.2222222222222222	3.9321566621593513	0.7639109274039324	False	WT/FF	ZFP57	ZFP57	0.447046890793639	0.752989747507035	0.30594285671339594	positive	True	False	False
ENSMUSG00000106498	0.0001171231685641	0.0006567831599783	-0.409274496304344	132.78057529494	230	0.22319688109161792	3.93135718704311	0.7629390930151716	False	WT/FF	GM43032	GM43032	-0.41943860370278	-0.101865681863735	0.317572921839045	positive	True	False	False
ENSMUSG00000033767	0.0001265299104594	0.0007044584751598	-0.33234182982211	2353.98343179725	231	0.22417153996101363	3.897806799294503	0.7620827168294513	False	WT/FF	TMEM131L	TMEM131L	-0.338667382380771	0.000924839416519039	0.33959222179729004	positive	True	False	False
ENSMUSG00000101995	0.0001295090295474	0.0007192861133931	-0.750529185520823	35.0120517557247	232	0.22514619883040934	3.8876999509194	0.761143694124553	False	WT/FF	GM29480	GM29480	-0.796861739743061	-0.450381541983974	0.34648019775908695	positive	True	False	False
ENSMUSG00000027996	0.0001312049366397	0.0007279517110129	2.14655722113423	46.139745423502	233	0.22612085769980506	3.8820498241444534	0.7601889599470252	False	WT/FF	SFRP2	SFRP2	0.83886359956923	-0.0570044487443887	-0.8958680483136187	negative	True	False	False
ENSMUSG00000050105	0.0001312769097064	0.0007281628278443	0.865059020313687	141.49700887286	234	0.22709551656920077	3.8818116552430078	0.7592151467612871	False	WT/FF	FAM110D	FAM110D	0.834855694343584	0.436161395718406	-0.39869429862517797	negative	True	False	False
ENSMUSG00000030562	0.0001377295809417	0.0007610046806937	0.682273607315126	183.879572004111	235	0.22807017543859648	3.8609727739038773	0.7583139581544764	False	WT/FF	NOX4	NOX4	0.540565261486053	0.19901524075627	-0.341550020729783	negative	True	False	False
ENSMUSG00000096878	0.0001432711568074	0.0007895914382616	3.24636557531403	4.75627805955509	236	0.2290448343079922	3.843841232493141	0.7573996999025235	False	WT/FF	GM21083	GM21083	3.14393762378969	3.64779853238219	0.5038609085925003	positive	False	False	False
ENSMUSG00000102207	0.0001482202567964	0.0008139411697091	-0.705331285221005	62.5727875655513	237	0.2300194931773879	3.8290924386393312	0.7564770416479718	False	WT/FF	GM10344	GM10344	-0.729266192578763	-0.300630559110375	0.428635633468388	positive	True	False	False
ENSMUSG00000015947	0.0001500708718446	0.0008234717114051	1.14773533827139	159.350412744806	238	0.2309941520467836	3.8237035943973368	0.7555213863598761	False	WT/FF	FCGR1	FCGR1	1.09896112029002	0.537438653160003	-0.561522467130017	negative	True	False	False
ENSMUSG00000038094	0.0001509391035056	0.0008273898865813	1.03896389490741	31.4336351243386	239	0.23196881091617932	3.8211982338048514	0.7545555658026653	False	WT/FF	ATP13A4	ATP13A4	1.05347688361157	1.52497483074781	0.47149794713623994	positive	True	False	False
ENSMUSG00000085008	0.0001704791227501	0.0009250517818389	2.0413892433503	7.46982261089665	240	0.23294346978557504	3.7683287980766504	0.753767295888951	False	WT/FF	DBHOS	DBHOS	1.44592835450777	1.98401882868673	0.53809047417896	positive	True	False	False
ENSMUSG00000038400	0.0001771517206513	0.0009581100618545	0.31734801971534	4244.20784391452	241	0.23391812865497075	3.75165462506529	0.7528514252564786	False	WT/FF	PMEPA1	PMEPA1	0.298734503994842	-0.00449619551973152	-0.30323069951457354	negative	True	False	False
ENSMUSG00000003746	0.0001784550446339	0.0009646728753745	0.724595509730768	863.858597019535	242	0.23489278752436646	3.748471170736061	0.7518879952123266	False	WT/FF	MAN1A	MAN1A	0.697055657377305	0.046567465530029	-0.650488191847276	negative	True	False	False
ENSMUSG00000050296	0.0001841007919234	0.0009931911534128	0.732060740554481	67.01652392347	243	0.23586744639376217	3.7349443433415965	0.75096102910678	False	WT/FF	ABCA12	ABCA12	0.618765521649701	1.0129544526966	0.3941889310468989	positive	True	False	False
ENSMUSG00000022676	0.0001889893167595	0.0010159597291768	0.928160585535615	42.0821971559133	244	0.23684210526315788	3.723562745051792	0.7500265003326653	False	WT/FF	SNAI2	SNAI2	0.924368716408209	0.205688849409946	-0.7186798669982629	negative	True	False	False
ENSMUSG00000020303	0.0001905615831048	0.0010236724081403	1.28629002187162	20.5746610024321	245	0.2378167641325536	3.7199646479119743	0.7490645320466742	False	WT/FF	STC2	STC2	1.21771017010735	0.295867449619166	-0.921842720488184	negative	True	False	False
ENSMUSG00000069132	0.0001953801611904	0.0010466759521126	-2.05094854894961	6.92494703850996	246	0.2387914230019493	3.709119536435815	0.7481281119724864	False	WT/FF	NXPH2	NXPH2	-2.17556317771314	-1.32182922762878	0.8537339500843601	positive	True	False	False
ENSMUSG00000049314	0.0001961511113171	0.0010500198891605	4.31369010275341	3.49593668718963	247	0.23976608187134502	3.707409226981211	0.7471594885872525	False	WT/FF	FBXW13	FBXW13	4.21739693460977	4.6847936437254	0.46739670911563014	positive	False	False	False
ENSMUSG00000078612	0.0001986689853891	0.0010629682054744	0.598949889752565	124.158587298835	248	0.24074074074074073	3.70186992617499	0.7462043637101634	False	WT/FF	FYB2	FYB2	0.545270178205005	0.849954878935753	0.30468470073074805	positive	True	False	False
ENSMUSG00000086006	0.0001994571908702	0.0010658571220364	1.00820003432129	31.0024632026048	249	0.24171539961013644	3.700150301801108	0.7452357731632157	False	WT/FF	GM13293	GM13293	1.15061801014224	1.48723446811868	0.3366164579764399	positive	True	False	False
ENSMUSG00000101780	0.0002031866988832	0.0010830905582887	-0.651001154589201	144.707857981152	250	0.24269005847953215	3.6921047254762125	0.7442894837671699	False	WT/FF	GM7255	GM7255	-0.558054739343721	-0.207904157421979	0.350150581921742	positive	True	False	False
ENSMUSG00000046186	0.0002072728301305	0.0011024079711553	0.717149656087731	665.513653808942	251	0.24366471734892786	3.68345762264195	0.743345314958438	False	WT/FF	CD109	CD109	0.697624696275682	0.124358650730582	-0.5732660455451	negative	True	False	False
ENSMUSG00000036853	0.0002089156656867	0.0011105952648916	3.82222109965714	3.80254396461983	252	0.24463937621832357	3.680028992924434	0.7423827492416433	False	WT/FF	MCOLN3	MCOLN3	3.33214527472856	2.67059947285213	-0.66154580187643	negative	True	False	False
ENSMUSG00000111990	0.0002124401073585	0.0011279345398365	1.21930976203311	21.9531681993526	253	0.24561403508771928	3.672763487778261	0.7414337098270697	False	WT/FF	GM47033	GM47033	1.24326165566072	0.860155878955685	-0.3831057767050351	negative	True	False	False
ENSMUSG00000023045	0.0002415151317953	0.0012617093743293	0.551691822802851	80.0773624975503	254	0.246588693957115	3.6170556539421717	0.7406554462404685	False	WT/FF	SOAT2	SOAT2	0.419858043760404	1.01553562367715	0.595677579916746	positive	True	False	False
ENSMUSG00000074569	0.0002434150995618	0.0012710164259776	-0.588341940188389	64.4673563829968	255	0.2475633528265107	3.613652485050194	0.7396927907655287	False	WT/FF	GCNT7	GCNT7	-0.504990961714771	-0.169880519137764	0.33511044257700695	positive	True	False	False
ENSMUSG00000043410	0.0002551178872981	0.0013253534774301	-0.396215605353084	159.46695686732	256	0.24853801169590642	3.5932590902631225	0.7387900316657869	False	WT/FF	HFM1	HFM1	-0.427060608620672	-0.124053209566438	0.303007399054234	positive	True	False	False
ENSMUSG00000006498	0.0002673781697427	0.00138350186503	0.419905725025027	1496.73493479322	257	0.24951267056530213	3.5728740538702373	0.7378872430998381	False	WT/FF	PTBP1	PTBP1	0.35901960614498	0.0116742817134326	-0.3473453244315474	negative	True	False	False
ENSMUSG00000023073	0.0002686341591939	0.0013895182798209	-0.890326112164231	27.7321595441822	258	0.25048732943469787	3.5708387637962415	0.7369197653827803	False	WT/FF	SLC10A2	SLC10A2	-0.97434925386892	-0.2485954176721	0.72575383619682	positive	True	False	False
ENSMUSG00000025328	0.0002730170791566	0.0014100877084611	2.44344961666206	4.97129248361752	259	0.25146198830409355	3.5638101839062877	0.7359698907253953	False	WT/FF	PADI3	PADI3	2.05148712398392	1.35858960347584	-0.6928975205080798	negative	True	False	False
ENSMUSG00000039883	0.0002783916454317	0.0014354924479554	-0.581717904691765	89.854571263187	260	0.2524366471734893	3.5553438020979495	0.7350250848130463	False	WT/FF	LRRC17	LRRC17	-0.579242477966971	-0.972182954850004	-0.392940476883033	negative	True	False	False
ENSMUSG00000027684	0.0002830481151716	0.0014574024562902	0.455797618765396	121.800946728698	261	0.253411306042885	3.548139732753593	0.7340758288161943	False	WT/FF	MECOM	MECOM	0.387976472842982	-0.189542577417021	-0.5775190502600029	negative	True	False	False
ENSMUSG00000046219	0.0002847425406271	0.0014654239695761	1.07155497428344	25.3778899970035	262	0.2543859649122807	3.5455476442705365	0.7331103140045518	False	WT/FF	C230012O17RIK	C230012O17RIK	1.06468458847351	1.38902911405156	0.32434452557804994	positive	True	False	False
ENSMUSG00000054690	0.0002923069740188	0.0014993217453499	0.478189959771159	492.318598302609	263	0.2553606237816764	3.5341608228849513	0.7321758036436418	False	WT/FF	EMCN	EMCN	0.438461643530416	0.0773888883257247	-0.3610727552046913	negative	True	False	False
ENSMUSG00000086179	0.0002933398555148	0.0015039009645288	-0.837961564168717	36.4989145455782	264	0.25633528265107214	3.5326289262651835	0.7312065512919561	False	WT/FF	GM14317	GM14317	-0.841217872136492	-0.311209337844398	0.5300085342920939	positive	True	False	False
ENSMUSG00000025804	0.0002939501366022	0.0015065535795291	1.24381813498831	93.4345943391819	265	0.2573099415204678	3.53172633365293	0.7302350804277458	False	WT/FF	CCR1	CCR1	1.20158594197802	0.650822328078724	-0.550763613899296	negative	True	False	False
ENSMUSG00000025076	0.000312118294789	0.0015899220018848	0.570889060291877	137.738571600543	266	0.25828460038986356	3.505680774452103	0.7293522471466775	False	WT/FF	CASP7	CASP7	0.497596474500392	0.156741936619713	-0.340854537880679	negative	True	False	False
ENSMUSG00000087461	0.0003147073337849	0.001601210625036	2.17351075880945	6.64163787710289	267	0.25925925925925924	3.5020931363838814	0.7283902419888707	False	WT/FF	C230014O12RIK	C230014O12RIK	1.85677622462665	1.55053831826868	-0.3062379063579699	negative	True	False	False
ENSMUSG00000041380	0.0003185612566983	0.0016196674410911	-1.27135554256338	12.7699357530506	268	0.260233918128655	3.496807044056807	0.7274342244650231	False	WT/FF	HTR2C	HTR2C	-1.07441441040419	-0.387323883803038	0.687090526601152	positive	True	False	False
ENSMUSG00000022416	0.000331604191729	0.0016744802586814	-0.528661628202305	764.565518211885	269	0.26120857699805067	3.4793799882747543	0.7265210080026127	False	WT/FF	CACNA1I	CACNA1I	-0.540263191043291	-0.04293735797619	0.497325833067101	positive	True	False	False
ENSMUSG00000037583	0.0003807312753059	0.0018984384566124	-1.33435669249786	15.614313113013	270	0.2621832358674464	3.419381446445734	0.7257578706337201	False	WT/FF	NR0B2	NR0B2	-1.16777348922848	-0.770901791551626	0.39687169767685393	positive	True	False	False
ENSMUSG00000062393	0.0004100745744833	0.0020310707927686	-0.603682206807993	337.960465448034	271	0.2631578947368421	3.3871371570814848	0.7248968900031058	False	WT/FF	DGKK	DGKK	-0.595204195820502	-0.0846101410998491	0.5105940547206529	positive	True	False	False
ENSMUSG00000044519	0.000429299917187	0.0021136128491597	2.70229334564453	5.08527334174133	272	0.26413255360623783	3.367239195297017	0.7239923843320591	False	WT/FF	ZFP488	ZFP488	2.95210346311328	2.16056187463802	-0.7915415884752597	negative	True	False	False
ENSMUSG00000084887	0.0004353686753672	0.0021380974572026	-0.728596002114272	30.9520337879111	273	0.2651072124756335	3.3611428215157946	0.7230392233283246	False	WT/FF	GM11749	GM11749	-0.793219561441259	-0.298475487283025	0.49474407415823407	positive	True	False	False
ENSMUSG00000024331	0.0004553773470678	0.0022251605126697	1.22090561796284	17.7605079768447	274	0.26608187134502925	3.3416285773399976	0.7221333649210636	False	WT/FF	DSC2	DSC2	1.1973922638336	0.404312795852206	-0.7930794679813942	negative	True	False	False
ENSMUSG00000103451	0.0004805588839481	0.0023328080060677	-1.08190478379909	19.384157924393	275	0.26705653021442494	3.318253389666795	0.7212411176642234	False	WT/FF	GM33973	GM33973	-0.860020617879433	-0.543616839998012	0.31640377788142093	positive	True	False	False
ENSMUSG00000032517	0.0004832463006351	0.0023447931938143	2.10000784664017	57.937037233188	276	0.2680311890838207	3.3158314619138163	0.7202750029776296	False	WT/FF	MOBP	MOBP	1.97264497087371	0.279065290605986	-1.6935796802677239	negative	True	False	False
ENSMUSG00000035448	0.0004997582350246	0.0024164672597615	1.80975182759511	8.09897277034187	277	0.26900584795321636	3.3012400408391085	0.7193517899300409	False	WT/FF	CCR3	CCR3	1.72194089402034	-0.0781373745700382	-1.8000782685903782	negative	True	False	False
ENSMUSG00000019429	0.0006141585838282	0.0029147751847131	2.59008249811317	4.10873449718251	278	0.2699805068226121	3.211719473828047	0.718692727828177	False	WT/FF	FFAR3	FFAR3	2.52127376401421	4.62500156004977	2.1037277960355603	positive	True	False	False
ENSMUSG00000028517	0.0006171160692542	0.0029281639130443	0.362952116968046	4598.13805263935	279	0.2709551656920078	3.2096331447255175	0.717725430041205	False	WT/FF	PLPP3	PLPP3	0.325366881501827	-0.044347853723818	-0.369714735225645	negative	True	False	False
ENSMUSG00000094626	0.0006330899029476	0.0029913950818125	0.970961317212321	23.4456547420118	280	0.2719298245614035	3.198534612918442	0.7167899033606258	False	WT/FF	TMEM121B	TMEM121B	0.8126793834474	1.16694636468495	0.35426698123755007	positive	True	False	False
ENSMUSG00000103492	0.0006404883667789	0.0030216974244563	-0.67182147696021	39.9214325252847	281	0.2729044834307992	3.193488753959283	0.7158330389317383	False	WT/FF	GM37412	GM37412	-0.742775609421943	-0.359719227481185	0.383056381940758	positive	True	False	False
ENSMUSG00000022221	0.0006502249838297	0.0030629206721284	1.06045460705501	30.598628063033	282	0.27387914230019494	3.186936347465362	0.7148814855997693	False	WT/FF	RIPK3	RIPK3	0.868451452193542	0.529449630973197	-0.33900182122034506	negative	True	False	False
ENSMUSG00000030787	0.0006682949837246	0.003139085365565	0.588006713472951	425.317315676672	283	0.27485380116959063	3.17503179871306	0.7139488004054462	False	WT/FF	LYVE1	LYVE1	0.562804227775438	0.0652921691123075	-0.49751205866313053	negative	True	False	False
ENSMUSG00000057173	0.0006690711627598	0.0031420436621751	-1.22626974842111	14.2913508456184	284	0.27582846003898637	3.174527687986628	0.7129759247558791	False	WT/FF	RFX8	RFX8	-0.873589871311954	-0.293177408941742	0.580412462370212	positive	True	False	False
ENSMUSG00000078868	0.0006909161799754	0.0032326082648982	-0.590503283261911	93.7911870199543	285	0.27680311890838205	3.160574636825797	0.7120504612353354	False	WT/FF	GM14412	GM14412	-0.556716610730981	-0.235399226746044	0.32131738398493703	positive	True	False	False
ENSMUSG00000025329	0.0007026997968897	0.0032841615153571	1.00768486430404	20.9296633923761	286	0.2777777777777778	3.153230171992446	0.7111017001807483	False	WT/FF	PADI1	PADI1	0.605081011456447	1.04163638765612	0.4365553761996731	positive	True	False	False
ENSMUSG00000023349	0.0007064267332818	0.0032979896164917	1.32844919195643	52.8902550617213	287	0.2787524366471735	3.150932874128838	0.710135146131037	False	WT/FF	CLEC4N	CLEC4N	1.2359672172534	0.924253711965272	-0.311713505288128	negative	True	False	False
ENSMUSG00000041771	0.0007130075278733	0.0033258191206714	-0.635657465832884	93.3523438872207	288	0.2797270955165692	3.1469058848794442	0.7091746898368743	False	WT/FF	SLC24A4	SLC24A4	-0.649786197578863	-0.312623387838024	0.337162809740839	positive	True	False	False
ENSMUSG00000032440	0.0007181076772236	0.0033458742823989	0.432848865369413	2999.65285789463	289	0.2807017543859649	3.1438104302453644	0.7082109495636063	False	WT/FF	TGFBR2	TGFBR2	0.399923551902716	-0.0351950577638664	-0.4351186096665824	negative	True	False	False
ENSMUSG00000032265	0.0007366959447279	0.003425891496865	0.524697478740179	352.728130965544	290	0.28167641325536064	3.13271172078872	0.7072754235093028	False	WT/FF	TENT5A	TENT5A	0.474524691767688	0.0830759478049192	-0.39144874396276885	negative	True	False	False
ENSMUSG00000042567	0.0007598963548533	0.0035230961454173	3.02332305932268	6.6941063857689	291	0.2826510721247563	3.119245638751922	0.70634824325553	False	WT/FF	NEK10	NEK10	2.2129675027069	2.72968797237406	0.5167204696671601	positive	True	False	False
ENSMUSG00000006386	0.0007651564703065	0.0035444214051791	0.437610995734774	506.827622188263	292	0.28362573099415206	3.1162497449220803	0.7053841519962706	False	WT/FF	TEK	TEK	0.395360816082031	0.0772277067610084	-0.31813310932102257	negative	True	False	False
ENSMUSG00000072941	0.0007686659014563	0.0035599098685354	0.346657674943624	1505.66238655463	293	0.28460038986354774	3.11426238410288	0.7044165053121462	False	WT/FF	SOD3	SOD3	0.314901362659186	-0.118613188836727	-0.433514551495913	negative	True	False	False
ENSMUSG00000116290	0.0007780891881044	0.0035965681550066	1.91604225366037	6.45385692626285	294	0.2855750487329435	3.1089706193578945	0.7034605077855179	False	WT/FF	GM49518	GM49518	1.33049389412707	0.596064133298066	-0.7344297608290041	negative	True	False	False
ENSMUSG00000113666	0.0007868152405045	0.0036306483131279	-1.47786018545978	10.1412895570561	295	0.28654970760233917	3.104127236446013	0.7025029295590994	False	WT/FF	GM35725	GM35725	-1.68048623584961	-0.917541197193809	0.762945038655801	positive	True	False	False
ENSMUSG00000038210	0.0008028309251815	0.0036981906952677	1.64186637088744	86.9155714904451	296	0.2875243664717349	3.0953759067662676	0.7015591281857555	False	WT/FF	HOXA11	HOXA11	1.58901901125201	-0.705021702759962	-2.294040714011972	negative	True	False	False
ENSMUSG00000017493	0.0008802364223075	0.0040049078086591	0.388296701744784	8392.62473296688	297	0.2884990253411306	3.0554006652210366	0.7007254018138737	False	WT/FF	IGFBP4	IGFBP4	0.34635126543373	-0.0881988275718263	-0.4345500930055563	negative	True	False	False
ENSMUSG00000035551	0.0009006899958704	0.0040901653165547	1.31435145347499	13.9467124149688	298	0.2894736842105263	3.045424661018217	0.6997859178383785	False	WT/FF	IGFBPL1	IGFBPL1	1.0487612329552	1.874342510443	0.8255812774878	positive	True	False	False
ENSMUSG00000029648	0.0009129397922554	0.0041422882224804	0.387487167944124	1517.13786366834	299	0.290448343079922	3.0395578629404505	0.6988319475015277	False	WT/FF	FLT1	FLT1	0.354550563782029	-0.00533279312036962	-0.3598833569023986	negative	True	False	False
ENSMUSG00000021396	0.0009223687275405	0.0041782673224135	-0.452434133865055	97.7430265693982	300	0.29142300194931775	3.0350954300052373	0.6978730262957471	False	WT/FF	NXNL2	NXNL2	-0.434159444480942	-0.054662981616945	0.379496462863997	positive	True	False	False
ENSMUSG00000073489	0.0009484157315384	0.0042797334650418	0.941112462058834	167.621387057497	301	0.29239766081871343	3.023001250915216	0.6969410096134218	False	WT/FF	IFI204	IFI204	0.952173812487753	0.372554103339355	-0.579619709148398	negative	True	False	False
ENSMUSG00000026712	0.0009595527022337	0.0043245346013333	0.85721927591322	915.492373751693	302	0.2933723196881092	3.0179311671914455	0.6959842305851405	False	WT/FF	MRC1	MRC1	0.80109582889966	0.33913488285909	-0.46196094604057003	negative	True	False	False
ENSMUSG00000104694	0.0010182895112612	0.0045586241186099	1.89460511515212	5.67508349441479	303	0.29434697855750486	2.9921287295947274	0.6951005402170088	False	WT/FF	GM43797	GM43797	1.55218310906618	0.988770680571747	-0.563412428494433	negative	True	False	False
ENSMUSG00000071547	0.0010265397187024	0.0045888591423713	0.256183778122958	290.058023437387	304	0.2953216374269006	2.98862424231914	0.694138241924131	False	WT/FF	NT5DC2	NT5DC2	0.238421296446525	-0.084510338217728	-0.322931634664253	negative	True	False	False
ENSMUSG00000114771	0.0010532078832673	0.0046935683281799	-0.61044571932999	39.3916831778662	305	0.2962962962962963	2.977485898857011	0.6932028555932943	False	WT/FF	GM49064	GM49064	-0.621734505368055	-0.153151104138563	0.46858340122949194	positive	True	False	False
ENSMUSG00000022220	0.0010618485740382	0.0047250500601792	0.708333921747447	112.136578983431	306	0.297270955165692	2.973937411831325	0.6922407124146307	False	WT/FF	ADCY4	ADCY4	0.719518667326754	0.288103574600522	-0.43141509272623196	negative	True	False	False
ENSMUSG00000117335	0.0010650982883209	0.0047375465928507	-0.658003284731066	36.3108534249332	307	0.2982456140350877	2.9726103132526753	0.6912707380795893	False	WT/FF	GM49870	GM49870	-0.4114533442178	-0.0486961739488862	0.3627571702689138	positive	True	False	False
ENSMUSG00000033960	0.0011187329311045	0.0049463895157755	0.46130709869398	2880.04547211526	308	0.29922027290448344	2.9512735778066936	0.6903713045793064	False	WT/FF	JCAD	JCAD	0.448092703618645	0.022872956345453	-0.425219747273192	negative	True	False	False
ENSMUSG00000040896	0.0012034910656608	0.0052690473619163	-0.336838815503079	9228.16233740171	309	0.3001949317738791	2.9195571294426417	0.6895084631280776	False	WT/FF	KCND3	KCND3	-0.331802428113836	-0.0102739393924739	0.3215284887213621	positive	True	False	False
ENSMUSG00000076469	0.001225165002993	0.0053475786812216	1.4995550830932	7.49479544478372	310	0.30116959064327486	2.9118054173699557	0.688561137759725	False	WT/FF	TRBV13-2	TRBV13-2	1.39165989451568	0.986843745512471	-0.40481614900320895	negative	True	False	False
ENSMUSG00000098557	0.0012256692378391	0.0053486919819993	0.756969818856591	2058.52787205043	311	0.30214424951267055	2.9116267137998113	0.6875871149382933	False	WT/FF	KCTD12	KCTD12	0.725096206069693	-0.309714454356299	-1.0348106604259921	negative	True	False	False
ENSMUSG00000011263	0.0013296512654237	0.0057614642841312	0.660363065490335	169.349090068236	312	0.3031189083820663	2.8762622487785157	0.6867371339973234	False	WT/FF	EXOC3L2	EXOC3L2	0.646878301018561	0.0528431062502856	-0.5940351947682754	negative	True	False	False
ENSMUSG00000021359	0.0013371592213206	0.0057893222760928	0.422503157435613	128.590627148321	313	0.30409356725146197	2.873816876340227	0.6857711019612885	False	WT/FF	TFAP2A	TFAP2A	0.424991442714682	0.0766121219429717	-0.3483793207717103	negative	True	False	False
ENSMUSG00000028040	0.0013668271023513	0.0059034830138979	0.781977620962242	35.9246789324655	314	0.3050682261208577	2.8642864183098276	0.68483004728268	False	WT/FF	EFNA4	EFNA4	0.77334085616696	-0.142285585500131	-0.9156264416670911	negative	True	False	False
ENSMUSG00000024552	0.0013821873020163	0.0059590344697895	1.08151507697018	19.7148287145774	315	0.3060428849902534	2.859433101158385	0.6838725040778643	False	WT/FF	SLC14A2	SLC14A2	0.675357354884247	0.139031895566873	-0.536325459317374	negative	True	False	False
ENSMUSG00000040663	0.0014850339399188	0.0063539443002388	1.03138126247142	37.220844761834	316	0.30701754385964913	2.8282636205885114	0.68300773437751	False	WT/FF	CLCF1	CLCF1	1.03113669265199	0.726606029305005	-0.3045306633469851	negative	True	False	False
ENSMUSG00000105006	0.0015128229730276	0.0064573986754846	1.38567397990258	10.2498055430152	317	0.3079922027290448	2.8202118891184864	0.6820614666804623	False	WT/FF	GM9484	GM9484	1.56255376642535	1.17110282222198	-0.39145094420337	negative	True	False	False
ENSMUSG00000050493	0.0015581094743341	0.0066222050308955	0.692246311622691	45.6927373826428	318	0.30896686159844056	2.807402031625635	0.681131973010038	False	WT/FF	FAM167B	FAM167B	0.640738833417736	0.0809767410443692	-0.5597620923733668	negative	True	False	False
ENSMUSG00000105741	0.0016296872145846	0.0068918175233004	-0.317833213832585	181.100352484159	319	0.30994152046783624	2.7878957416175485	0.6802260865616071	False	WT/FF	LMBR1	LMBR1	-0.321087464487859	0.121405048411029	0.442492512898888	positive	True	False	False
ENSMUSG00000045871	0.0016842925215654	0.007095591126001	-0.917166136607596	26.3121871935295	320	0.310916179337232	2.773582479659947	0.6793018929077013	False	WT/FF	SLITRK6	SLITRK6	-0.883949893547079	-0.144001916654591	0.7399479768924879	positive	True	False	False
ENSMUSG00000111398	0.0017051378788157	0.0071727395074777	-0.725103702590377	74.2407644525475	321	0.31189083820662766	2.7682404978516644	0.6783460724134494	False	WT/FF	D330037F02RIK	D330037F02RIK	-0.689382643558795	-0.245042491360808	0.44434015219798695	positive	True	False	False
ENSMUSG00000031378	0.001707966771691	0.0071832317243573	0.254363094990977	560.272088576421	322	0.3128654970760234	2.767520582717047	0.6773739575484582	False	WT/FF	ABCD1	ABCD1	0.215952198663714	-0.121644226665803	-0.337596425329517	negative	True	False	False
ENSMUSG00000086749	0.0017373133949417	0.0072866684907813	1.57822147034414	7.54453743700031	323	0.3138401559454191	2.760121831859748	0.6764253878707296	False	WT/FF	GM12037	GM12037	1.2122951162581	0.517152802760197	-0.6951423134979029	negative	True	False	False
ENSMUSG00000030560	0.0018045691782526	0.007533427067361	0.536083488213551	1526.38057872508	324	0.3148148148148148	2.7436264645839694	0.6755088868866955	False	WT/FF	CTSC	CTSC	0.49705168402332	0.191491814600851	-0.30555986942246904	negative	True	False	False
ENSMUSG00000031103	0.0018247629519065	0.0075985182396944	0.660125946837219	212.582543565941	325	0.3157894736842105	2.7387935451064114	0.6745512717730813	False	WT/FF	ELF4	ELF4	0.660837442136374	0.195889343466757	-0.46494809866961695	negative	True	False	False
ENSMUSG00000044813	0.0018474494606269	0.0076840438135666	0.498827022330887	161.358438486286	326	0.31676413255360625	2.7334274334587523	0.6735955363447914	False	WT/FF	SHB	SHB	0.446275907801108	-0.0272263557367863	-0.47350226353789426	negative	True	False	False
ENSMUSG00000060591	0.0018770683571821	0.00779156228886	0.483665529406609	728.966922480868	327	0.31773879142300193	2.726519911392282	0.6726452349170469	False	WT/FF	IFITM2	IFITM2	0.441714665118271	0.012661783986628	-0.429052881131643	negative	True	False	False
ENSMUSG00000028780	0.0018781073782611	0.007791931384181	0.376397339829636	1951.77514584371	328	0.31871345029239767	2.7262795811576956	0.6716714293507497	False	WT/FF	SEMA3C	SEMA3C	0.35302201089999	-0.0476447483388952	-0.40066675923888523	negative	True	False	False
ENSMUSG00000036862	0.0019867762572485	0.0081858232510742	0.506818910963396	303.547211173381	329	0.31968810916179335	2.7018510386343206	0.6707828955311357	False	WT/FF	DCHS1	DCHS1	0.477735788088313	-0.0443445263508481	-0.5220803144391611	negative	True	False	False
ENSMUSG00000026295	0.0020129447084463	0.0082729984896628	1.24444901514053	12.1032937411304	330	0.3206627680311891	2.6961681541458495	0.6698282768357865	False	WT/FF	SPP2	SPP2	1.22439539010189	0.314341111218911	-0.9100542788829791	negative	True	False	False
ENSMUSG00000004791	0.0020624108364951	0.0084536429139603	-0.329158388294824	420.748503970821	331	0.3216374269005848	2.6856248180775317	0.6688907928997546	False	WT/FF	PGF	PGF	-0.335062126865825	-0.763930518826995	-0.42886839196117005	negative	True	False	False
ENSMUSG00000043953	0.0021036330546211	0.0085963424996188	0.721598039241575	56.3978901682464	332	0.3226120857699805	2.677030013687274	0.6679464397210653	False	WT/FF	CCRL2	CCRL2	0.704439093024449	0.152577975979527	-0.5518611170449219	negative	True	False	False
ENSMUSG00000120426	0.0021295209046986	0.0086872473850742	1.20466571545246	13.2447113324392	333	0.3235867446393762	2.671718092265186	0.6669905132536391	False	WT/FF	GM56758	GM56758	0.75045110781399	0.374411236392898	-0.3760398714210921	negative	True	False	False
ENSMUSG00000026344	0.0021491843677727	0.0087558154561796	-0.598401083548445	684.464951481338	334	0.32456140350877194	2.6677263269600093	0.6660299327829884	False	WT/FF	LYPD1	LYPD1	-0.617311453854943	-0.176203647911712	0.441107805943231	positive	True	False	False
ENSMUSG00000021876	0.0022998254990405	0.0092884391650809	0.664884851599453	2765.89176579013	335	0.3255360623781676	2.6383051151471197	0.6651589998354789	False	WT/FF	RNASE4	RNASE4	0.640154792087497	0.31175696690682	-0.32839782518067706	negative	True	False	False
ENSMUSG00000095130	0.0023182552090049	0.0093417807990424	-4.72398076791362	5.11895839631514	336	0.32651072124756336	2.6348387557056583	0.6641965671289051	False	WT/FF	IGHV1-39	IGHV1-39	-4.90898945773134	1.03264972050344	5.94163917823478	positive	True	False	False
ENSMUSG00000029553	0.0023419043298273	0.0094264613433479	1.54320594198792	11.097609757519	337	0.32748538011695905	2.6304308504578247	0.6632374536943194	False	WT/FF	TFEC	TFEC	1.13771621998009	-0.106463699218085	-1.244179919198175	negative	True	False	False
ENSMUSG00000044576	0.0023661079386786	0.009498947636371	1.01564495549127	20.751226044346	338	0.3284600389863548	2.625965447322946	0.6622785429595116	False	WT/FF	GAREM2	GAREM2	0.984045557753823	0.54271291413083	-0.44133264362299296	negative	True	False	False
ENSMUSG00000109419	0.0024468458498209	0.0097737240439627	-0.708627120974587	28.8466638184656	339	0.32943469785575047	2.611393390141846	0.6613552616475549	False	WT/FF	GM45163	GM45163	-0.714457843271279	-0.327935093463224	0.386522749808055	positive	True	False	False
ENSMUSG00000000957	0.0025456961663949	0.0101421518017508	0.438926324936091	2124.79281593123	340	0.3304093567251462	2.5941934314491477	0.660441244589993	False	WT/FF	MMP14	MMP14	0.419993274874809	-0.0678605642949543	-0.48785383916976327	negative	True	False	False
ENSMUSG00000032733	0.0025658485544697	0.0102053928238368	0.394500219856219	329.976059510311	341	0.3313840155945419	2.5907689808134395	0.659478664140501	False	WT/FF	SNX33	SNX33	0.354265478382014	-0.281007003614364	-0.635272481996378	negative	True	False	False
ENSMUSG00000086824	0.0026098132062846	0.0103553142857869	-0.811080980985009	27.5572003360311	342	0.33235867446393763	2.583390575567057	0.6585300227375138	False	WT/FF	4930448D08RIK	4930448D08RIK	-0.694889583766975	0.0204628212443565	0.7153524050113315	positive	True	False	False
ENSMUSG00000120773	0.0026218889382915	0.010395542657807	-0.760919057502229	31.8480562768763	343	0.3333333333333333	2.581385708720957	0.6575624377681403	False	WT/FF	GM32113	GM32113	-0.605381587756411	-0.272861153455844	0.33252043430056705	positive	True	False	False
ENSMUSG00000090066	0.0026362125081961	0.0104484744647228	2.3503461137228	62.1943038482092	344	0.33430799220272905	2.57901958367705	0.6565961263578525	False	WT/FF	1110002E22RIK	1110002E22RIK	2.05762772781078	0.468769335551635	-1.5888583922591453	negative	True	False	False
ENSMUSG00000000555	0.0026478850131103	0.0104850580504385	0.613347536848772	328.58371781805	345	0.33528265107212474	2.577100878467979	0.6556282376391485	False	WT/FF	ITGA5	ITGA5	0.589313346358832	-0.0270086164092919	-0.6163219627681239	negative	True	False	False
ENSMUSG00000031780	0.0027231167942851	0.0107334603573494	-2.39230453672318	11.6390330125633	346	0.3362573099415205	2.564933731401216	0.6546964781939746	False	WT/FF	CCL17	CCL17	-2.42622730256855	0.110075479020243	2.5363027815887933	positive	True	False	False
ENSMUSG00000097293	0.0027796109016113	0.0109320497643806	1.09271430854312	10.4255879886398	347	0.33723196881091616	2.5560159936898286	0.6537532634660327	False	WT/FF	D630002J18RIK	D630002J18RIK	0.774074748515165	0.101911496990922	-0.672163251524243	negative	True	False	False
ENSMUSG00000020357	0.0028521146007697	0.0111742091659289	0.532691758996989	137.442053341508	348	0.3382066276803119	2.5448330280901668	0.6528180344435394	False	WT/FF	FLT4	FLT4	0.432776414465202	0.130596664481981	-0.30217974998322095	negative	True	False	False
ENSMUSG00000015053	0.0028713854348967	0.011243553401221	0.627139361488007	113.161239556701	349	0.3391812865497076	2.541908506906671	0.6518536915712153	False	WT/FF	GATA2	GATA2	0.548372609651825	0.177474779844789	-0.370897829807036	negative	True	False	False
ENSMUSG00000054892	0.0028776024317636	0.0112658423855988	0.961068868808072	26.6566051813727	350	0.3401559454191033	2.5409692081819464	0.6508823501086443	False	WT/FF	TXK	TXK	0.869991650099862	1.21378531797911	0.34379366787924803	positive	True	False	False
ENSMUSG00000097746	0.0028796025413949	0.0112716170958396	1.44427658249498	6.14976575492312	351	0.341130604288499	2.5406674518209793	0.6499087610905163	False	WT/FF	GM6225	GM6225	0.670397558192681	0.325850902713333	-0.344546655479348	negative	True	False	False
ENSMUSG00000019122	0.0029042424430543	0.0113556408529335	0.804359970400353	218.009956307733	352	0.34210526315789475	2.5369671320195617	0.6489471531744774	False	WT/FF	CCL9	CCL9	0.752153899486378	0.243700734179335	-0.508453165307043	negative	True	False	False
ENSMUSG00000018339	0.0029274572579504	0.0114318350917164	0.330256870654282	6800.39026236945	353	0.34307992202729043	2.533509437082857	0.6479846899225518	False	WT/FF	GPX3	GPX3	0.291932273199995	-0.10332567697522	-0.395257950175215	negative	True	False	False
ENSMUSG00000107152	0.002948863578757	0.0115049628465284	2.01203474733562	6.72762637196293	354	0.34405458089668617	2.530345318449721	0.6470211917134375	False	WT/FF	GM43152	GM43152	2.11687372185624	1.81391813182701	-0.3029555900292302	negative	True	False	False
ENSMUSG00000026077	0.0030180268188428	0.0117491773110773	-0.337743104274456	207.072854424581	355	0.34502923976608185	2.520276905308047	0.6460820335111551	False	WT/FF	NPAS2	NPAS2	-0.320842120786101	0.11690520237144	0.43774732315754106	positive	True	False	False
ENSMUSG00000030148	0.0031067581989634	0.0120487211380216	0.674859627967814	116.583528165543	356	0.3460038986354776	2.507692546855234	0.6451517448792516	False	WT/FF	CLEC4A2	CLEC4A2	0.620941153427295	0.10313307601581	-0.5178080774114849	negative	True	False	False
ENSMUSG00000071113	0.0031341295826922	0.0121373309799876	0.61033906722592	34.7492635519848	357	0.3469785575048733	2.503883051299225	0.6441905218452031	False	WT/FF	MBOAT4	MBOAT4	0.548829827912194	0.873958415074356	0.325128587162162	positive	True	False	False
ENSMUSG00000030249	0.0031815478678844	0.0122987766130035	0.403643587310835	235.016980247602	358	0.347953216374269	2.497361538213812	0.6432388596033703	False	WT/FF	ABCC9	ABCC9	0.396127696657833	0.0901618626776057	-0.30596583398022725	negative	True	False	False
ENSMUSG00000120849	0.0032081812601101	0.0123883466324022	0.424043989567929	737.591977621	359	0.3489278752436647	2.493741102344937	0.6422769700690629	False	WT/FF	GM56768	GM56768	0.384290526310555	-0.0247708589397791	-0.4090613852503341	negative	True	False	False
ENSMUSG00000059588	0.0032572922136756	0.0125599128181715	0.245797736870891	544.605386386704	360	0.34990253411306044	2.4871432788639765	0.6413255768475548	False	WT/FF	CALCRL	CALCRL	0.245888444656966	-0.132332754798807	-0.378221199455773	negative	True	False	False
ENSMUSG00000095448	0.0034478307914823	0.0131903645998861	0.919500282989253	22.2837341059191	361	0.3508771929824561	2.4624540561097192	0.6404379620151874	False	WT/FF	OR7E168	OR7E168	0.9343707662796	1.27982168034448	0.34545091406487993	positive	True	False	False
ENSMUSG00000061126	0.0034918544381266	0.0133397663941672	-0.247777982535416	970.617564306642	362	0.35185185185185186	2.4569438686422997	0.639482734503591	False	WT/FF	CYP4F39	CYP4F39	-0.254553842550655	0.0707044032239586	0.3252582457746136	positive	True	False	False
ENSMUSG00000042821	0.0035398393284114	0.0134894711563429	0.943340875385503	107.435509364143	363	0.35282651072124754	2.45101644994255	0.6385289778752301	False	WT/FF	SNAI1	SNAI1	0.967159020446505	-0.0584741256735867	-1.0256331461200918	negative	True	False	False
ENSMUSG00000049988	0.0035703852866765	0.0135889876886167	0.746043690416847	80.745580132301	364	0.3538011695906433	2.4472849158629035	0.6375674800002306	False	WT/FF	LRRC25	LRRC25	0.726092738020817	0.397255505050706	-0.32883723297011097	negative	True	False	False
ENSMUSG00000039760	0.0035795474912478	0.0136142038354227	-1.01178526522055	14.5361922322072	365	0.35477582846003897	2.4461718712542386	0.6365967510515085	False	WT/FF	IL22RA2	IL22RA2	-0.97525221852495	-1.35347201455006	-0.37821979602511	negative	True	False	False
ENSMUSG00000031494	0.0036411640156488	0.0138094040211868	0.885653759937673	52.5934206977853	366	0.3557504873294347	2.4387597579001956	0.6356482284811651	False	WT/FF	CD209A	CD209A	0.868035940265836	0.31521113348613	-0.5528248067797059	negative	True	False	False
ENSMUSG00000037795	0.0036852415506312	0.0139642356797619	0.472619454066412	186.395722565363	367	0.3567251461988304	2.433534040866486	0.6346919981136953	False	WT/FF	N4BP2	N4BP2	0.47054273375262	0.0863402291426754	-0.3842025046099446	negative	True	False	False
ENSMUSG00000074923	0.0037564914696327	0.0142041299783576	0.892769507241544	16.2746655363836	368	0.35769980506822613	2.4252175930336346	0.6337466636326441	False	WT/FF	PAK6	PAK6	0.928676855073969	0.35496478609841	-0.573712068975559	negative	True	False	False
ENSMUSG00000112441	0.003759096618408	0.0142089748214028	-0.674573277573224	50.9582663204319	369	0.3586744639376218	2.424916511662567	0.6327730722349452	False	WT/FF	GM48898	GM48898	-0.698150033439968	-0.271838775626112	0.426311257813856	positive	True	False	False
ENSMUSG00000027579	0.0037780844491992	0.0142732067558097	-0.700875222718381	47.6698565921882	370	0.35964912280701755	2.4227283387881093	0.6318061334822092	False	WT/FF	SRMS	SRMS	-0.681016293688254	-0.364353930595828	0.316662363092426	positive	True	False	False
ENSMUSG00000072601	0.0037818962819121	0.0142850933639848	1.60996492840706	32.8098199376097	371	0.36062378167641324	2.422290385805868	0.630833024603897	False	WT/FF	EAR1	EAR1	1.38177148150068	-0.331034403179287	-1.712805884679967	negative	True	False	False
ENSMUSG00000028841	0.0040155417205634	0.0150432144107532	1.99184144089025	21.0854197298448	372	0.361598440545809	2.396255857513247	0.6299501524350927	False	WT/FF	CNKSR1	CNKSR1	2.0415252729302	0.587682120708426	-1.4538431522217738	negative	True	False	False
ENSMUSG00000060703	0.0040191824874081	0.0150542263609672	0.541753928503454	396.02890769534	373	0.36257309941520466	2.3958622746053986	0.628976887137046	False	WT/FF	CD302	CD302	0.49944802327577	-0.0308461704435606	-0.5302941937193306	negative	True	False	False
ENSMUSG00000060743	0.0040391061508127	0.0151156646850325	0.226046807707449	4186.38849243377	374	0.3635477582846004	2.3937147330873976	0.6280098051448387	False	WT/FF	H3F3A	H3F3A	0.237217693394811	-0.106509709666276	-0.343727403061087	negative	True	False	False
ENSMUSG00000114851	0.0040591397693406	0.0151798561599939	-0.689911908049745	38.87487257375	375	0.3645224171539961	2.3915659942584027	0.6270427273735638	False	WT/FF	GM46409	GM46409	-0.641247619680696	-0.278472999921851	0.362774619758845	positive	True	False	False
ENSMUSG00000120246	0.0040988848641977	0.0153126805594968	1.67023308096354	8.44340140202437	376	0.3654970760233918	2.387334280645655	0.6260829928030174	False	WT/FF	LINCRED1	LINCRED1	1.44550138307976	1.02840103565103	-0.41710034742873003	negative	True	False	False
ENSMUSG00000094151	0.0041252184483258	0.0154015381375193	-1.15362403265746	18.9302714240417	377	0.3664717348927875	2.384553048716355	0.6251181447869133	False	WT/FF	GM7233	GM7233	-1.32983225300928	-0.866548344208477	0.46328390880080306	positive	True	False	False
ENSMUSG00000045930	0.0041255401234853	0.0154015381375193	0.508498965580832	483.813035670601	378	0.36744639376218324	2.3845191847399483	0.6241436113562228	False	WT/FF	CLEC14A	CLEC14A	0.517568315513782	0.0108207406715511	-0.5067475748422309	negative	True	False	False
ENSMUSG00000030921	0.004152483517882	0.0154886552901575	0.778361953570286	197.383542009996	379	0.3684210526315789	2.3816920826832155	0.6231789250480548	False	WT/FF	TRIM30A	TRIM30A	0.754614908891043	0.0760111809433414	-0.6786037279477016	negative	True	False	False
ENSMUSG00000058587	0.0042110326482931	0.0156906833584901	0.309982110888289	2544.34622636816	380	0.36939571150097467	2.3756113914653745	0.6222257087579041	False	WT/FF	TMOD3	TMOD3	0.279919656283055	-0.109996264363517	-0.389915920646572	negative	True	False	False
ENSMUSG00000025776	0.0042998720680008	0.0159705505810613	0.322617458402978	346.306682860092	381	0.37037037037037035	2.366544465580374	0.6212830199694568	False	WT/FF	CRISPLD1	CRISPLD1	0.27664056077775	-0.0461125494684007	-0.3227531102461507	negative	True	False	False
ENSMUSG00000029710	0.0043907815456803	0.0162532361889247	0.409227042137936	743.710059064738	382	0.3713450292397661	2.3574581697882726	0.6203403994665774	False	WT/FF	EPHB4	EPHB4	0.386377829094846	-0.0151589181444146	-0.40153674723926064	negative	True	False	False
ENSMUSG00000022371	0.0046136026951678	0.0169726813118204	0.352890891463253	1275.9709433197	383	0.3723196881091618	2.335959807891558	0.6194415357549834	False	WT/FF	COL14A1	COL14A1	0.345464047385391	-0.027725315430488	-0.373189362815879	negative	True	False	False
ENSMUSG00000028266	0.0046801253957815	0.0171908918114044	0.312947513276262	2240.25730251524	384	0.3732943469785575	2.329742510608271	0.6184888010480795	False	WT/FF	LMO4	LMO4	0.29920313508607	-0.121731193436452	-0.420934328522522	negative	True	False	False
ENSMUSG00000024913	0.0047819096508168	0.0174929230682402	0.403591288045831	868.946315258469	385	0.3742690058479532	2.3203986336828932	0.6175470886070644	False	WT/FF	LRP5	LRP5	0.386574654896427	-0.144837569047145	-0.531412223943572	negative	True	False	False
ENSMUSG00000009487	0.0051573061880205	0.018675225140359	-1.32363631936209	6.73062232481193	386	0.37524366471734893	2.287577083869554	0.6166881430175767	False	WT/FF	OTOG	OTOG	-1.01693667340457	0.44800944438523	1.4649461177898	positive	True	False	False
ENSMUSG00000042861	0.0056043738821722	0.0201109143688917	-1.1393778730053	12.2616014826717	387	0.3762183235867446	2.251472899519753	0.6158407698410188	False	WT/FF	KCNA10	KCNA10	-0.960574688534408	-0.5384864669433	0.4220882215911079	positive	True	False	False
ENSMUSG00000035187	0.0056175161149869	0.0201547051519821	1.32930284230158	20.7406816767807	388	0.37719298245614036	2.250455673045042	0.6148697031005016	False	WT/FF	NKX6-1	NKX6-1	1.18383773053288	0.0723467366259133	-1.1114909939069666	negative	True	False	False
ENSMUSG00000032128	0.0056655300801493	0.0202998278585353	-1.391183032791	7.25003415888581	389	0.37816764132553604	2.2467594502994475	0.6139080807409353	False	WT/FF	ROBO3	ROBO3	-1.18678638919483	0.113999025040235	1.300785414235065	positive	True	False	False
ENSMUSG00000024905	0.005711701522578	0.0204379704756893	1.32260621943218	7.62036979628128	390	0.3791423001949318	2.243234495644393	0.6129458546025919	False	WT/FF	TESMIN	TESMIN	1.24779036836901	0.44881341030341	-0.7989769580655999	negative	True	False	False
ENSMUSG00000031877	0.0058041490565458	0.0207135267909913	0.477354366026076	216.627956759205	391	0.38011695906432746	2.2362614429599907	0.6119957841927576	False	WT/FF	CES2G	CES2G	0.462137167606304	-0.328050029747417	-0.790187197353721	negative	True	False	False
ENSMUSG00000017309	0.0058832711676712	0.0209506136173241	0.432879044778543	253.290596704357	392	0.3810916179337232	2.230381133949929	0.6110418614865782	False	WT/FF	CD300LG	CD300LG	0.41469538485946	-0.158853209099136	-0.573548593958596	negative	True	False	False
ENSMUSG00000120478	0.0060686992866043	0.0215287731569538	0.649342325531573	39.7304183196351	393	0.3820662768031189	2.2169043819367866	0.6101147188481327	False	WT/FF	GM57344	GM57344	0.74938387476519	0.384676585118224	-0.36470728964696597	negative	False	False	False
ENSMUSG00000022941	0.0060874916589265	0.021581188431134	1.05862308572454	20.6081514628626	394	0.3830409356725146	2.2155616208466604	0.6091447997288175	False	WT/FF	RIPPLY3	RIPPLY3	0.834189088977589	-0.0649479224437142	-0.8991370114213032	negative	True	False	False
ENSMUSG00000020847	0.0061783210734497	0.0218382743557834	0.484971611422229	53.0968462514609	395	0.3840155945419103	2.209129526140715	0.60819282225652	False	WT/FF	RPH3AL	RPH3AL	0.546473685935251	-0.0381774644306889	-0.58465115036594	negative	True	False	False
ENSMUSG00000047735	0.006188551293825	0.0218708334002715	0.420313956963281	959.041107868495	396	0.38499025341130605	2.20841100505646	0.6072207024770232	False	WT/FF	SAMD9L	SAMD9L	0.416504431095927	0.0120773244210388	-0.4044271066748882	negative	True	False	False
ENSMUSG00000032204	0.0061979658563219	0.0218968951731086	1.07468958735692	21.3540828536638	397	0.38596491228070173	2.207750820554276	0.6062483770410607	False	WT/FF	AQP9	AQP9	1.05461854630206	0.317633722682208	-0.7369848236198521	negative	True	False	False
ENSMUSG00000041859	0.0062799386788585	0.0221260191562942	0.560572495215361	186.768840027174	398	0.38693957115009747	2.2020445969576126	0.6052938406240749	False	WT/FF	MCM3	MCM3	0.53456035438168	0.103044344868312	-0.43151600951336805	negative	True	False	False
ENSMUSG00000071398	0.0063719538765275	0.0224083161719431	2.01866732881843	9.80445888014664	399	0.38791423001949316	2.195727376505886	0.6043414581806209	False	WT/FF	2410004P03RIK	2410004P03RIK	1.73378864433745	-0.14210867827126	-1.87589732260871	negative	True	False	False
ENSMUSG00000000094	0.006542577981462	0.0229068479715148	-1.14173764511801	12.3248218417327	400	0.3888888888888889	2.1842510922697693	0.6034072632069514	False	WT/FF	TBX4	TBX4	-1.0461889848839	-0.511931848491567	0.5342571363923331	positive	True	False	False
ENSMUSG00000086851	0.0066149943918731	0.0231153295809781	-0.649851471390944	25.4525532481245	401	0.3898635477582846	2.179470519666896	0.602449463552645	False	WT/FF	A430108G06RIK	A430108G06RIK	-0.487198842166713	-0.0083047935667963	0.4788940485999167	positive	True	False	False
ENSMUSG00000046768	0.0066556779583393	0.0232121499681093	0.396057162205599	897.824752567298	402	0.3908382066276803	2.1768076999835264	0.6014841980927498	False	WT/FF	RHOJ	RHOJ	0.374351434251759	-0.172053599973937	-0.546405034225696	negative	True	False	False
ENSMUSG00000107985	0.0066626952637492	0.0232232448516028	1.51112872471338	6.14942861860957	403	0.391812865497076	2.1763500499014112	0.6005111586534719	False	WT/FF	GM35037	GM35037	1.57113207069953	2.97975951287339	1.40862744217386	positive	True	False	False
ENSMUSG00000118443	0.0066805033804815	0.023279819085295	-0.892962164932682	14.8038696338953	404	0.39278752436647174	2.1751908119063708	0.5995405925522844	False	WT/FF	GM18589	GM18589	-0.410442883573862	-1.60870138516368	-1.198258501589818	negative	True	False	False
ENSMUSG00000052821	0.0066961244616126	0.0233266808979192	0.799590994622547	64.4365576197828	405	0.3937621832358674	2.1741764826597767	0.5985695155980442	False	WT/FF	CYSLTR1	CYSLTR1	0.729466673751913	0.0916790156460172	-0.6377876581058958	negative	True	False	False
ENSMUSG00000026556	0.006780507747043	0.0235801851654607	0.360102732855077	158.711760561953	406	0.39473684210526316	2.168737783495408	0.5976140360656537	False	WT/FF	VANGL2	VANGL2	0.31902872773047	-0.137808299545949	-0.45683702727641895	negative	True	False	False
ENSMUSG00000036949	0.0069989505053337	0.0242282650455563	1.52105964255993	7.979922483776	407	0.39571150097465885	2.1549670776876795	0.5966879297151823	False	WT/FF	SLC39A12	SLC39A12	0.95358777544892	-0.482548345057441	-1.436136120506361	negative	True	False	False
ENSMUSG00000115680	0.0071548959553038	0.0246924431795101	-0.913738773494912	14.5888964524382	408	0.3966861598440546	2.145396677259337	0.5957470158472296	False	WT/FF	GM35167	GM35167	-0.915455576772674	-0.486834975618094	0.42862060115457995	positive	True	False	False
ENSMUSG00000018774	0.0072775933131695	0.0250876534543916	0.644306410009983	204.374214908542	409	0.39766081871345027	2.1380122173374794	0.5947983957890507	False	WT/FF	CD68	CD68	0.597188461619072	0.27422608659387	-0.32296237502520203	negative	True	False	False
ENSMUSG00000034641	0.007523056107764	0.0257724102153307	0.702108074590097	119.136180362336	410	0.398635477582846	2.1236056991536385	0.5938745308953362	False	WT/FF	CD300LD	CD300LD	0.684071071747114	0.217432274356437	-0.46663879739067704	negative	True	False	False
ENSMUSG00000097068	0.007535363965479	0.025810455223069	-0.410324357782428	77.272981112045	411	0.3996101364522417	2.122895765992794	0.5929023808404631	False	WT/FF	GM26760	GM26760	-0.440164500311654	-0.107662505469841	0.332501994841813	positive	True	False	False
ENSMUSG00000041044	0.0076005853703691	0.0260089535406255	1.35526246156628	6.38857194841881	412	0.40058479532163743	2.119152958596678	0.5919409227077718	False	WT/FF	LRIT1	LRIT1	1.29271065287018	0.303468119762182	-0.9892425331079979	negative	True	False	False
ENSMUSG00000041390	0.0076159585611342	0.0260491023698705	0.408212225399409	878.867141769918	413	0.4015594541910331	2.1182754276382503	0.5909693634926336	False	WT/FF	MDFIC	MDFIC	0.419134494164096	0.0532894095532261	-0.3658450846108699	negative	True	False	False
ENSMUSG00000086451	0.00787905446064	0.026867638292629	-1.21886283899621	8.00786634481158	414	0.40253411306042886	2.103525897632959	0.5900467078332684	False	WT/FF	4933431K23RIK	4933431K23RIK	-0.324193904200291	-0.642830945712237	-0.318637041511946	negative	False	False	False
ENSMUSG00000047636	0.0078862046371843	0.0268877491648347	-1.4977092330321	5.76445243399685	415	0.40350877192982454	2.1031319577158953	0.5890734437938016	False	WT/FF	CDCP2	CDCP2	-0.896572140329472	-0.504367882093688	0.392204258235784	positive	True	False	False
ENSMUSG00000022150	0.0079663815160576	0.0271309448871478	0.650469117781862	1203.1276131521	416	0.4044834307992203	2.0987388987362574	0.5881142780210271	False	WT/FF	DAB2	DAB2	0.624307103687141	-0.0339704706956256	-0.6582775743827667	negative	True	False	False
ENSMUSG00000029019	0.0079860556382913	0.0271893212262587	0.307794418625808	631.389170714504	417	0.40545808966861596	2.097667668431849	0.5871434016625369	False	WT/FF	NPPB	NPPB	0.296422141391315	0.644620843594162	0.34819870220284704	positive	True	False	False
ENSMUSG00000085421	0.0080817551856101	0.027471568775029	1.51568732026232	5.93024040066008	418	0.4064327485380117	2.092494309442612	0.5861869867149976	False	WT/FF	4732490B19RIK	4732490B19RIK	1.21507166562325	2.95027130236531	1.73519963674206	positive	True	False	False
ENSMUSG00000093896	0.0082376769400633	0.0279264013258685	4.04206966773635	4.80318395869623	419	0.4074074074074074	2.084195243928394	0.5852415909553098	False	WT/FF	IGHV1-76	IGHV1-76	3.90632406503138	2.21264262007781	-1.6936814449535698	negative	True	False	False
ENSMUSG00000031250	0.0083906041066805	0.0283642059455124	1.28852516976438	32.3190506151592	420	0.4083820662768031	2.0762067697132673	0.5842951002547367	False	WT/FF	TNMD	TNMD	1.18057533818375	-0.540765795631525	-1.721341133815275	negative	True	False	False
ENSMUSG00000046470	0.0085141893632159	0.0286961200927608	0.626787911922631	243.685893777853	421	0.4093567251461988	2.0698566949522585	0.5833428336339942	False	WT/FF	SOX18	SOX18	0.589061611594663	0.227317023179085	-0.361744588415578	negative	True	False	False
ENSMUSG00000058620	0.0085489074904277	0.0287905315640921	-0.877371573092339	24.7281612518545	422	0.41033138401559455	2.06808938248761	0.5823744112039272	False	WT/FF	ADRA2B	ADRA2B	-0.84559660366184	-0.503750910259241	0.34184569340259896	positive	True	False	False
ENSMUSG00000022129	0.0085621076435837	0.0288259414487404	2.34844919773946	7.61566379876444	423	0.41130604288499023	2.067419316478287	0.5814021206036675	False	WT/FF	DCT	DCT	2.25451886022294	1.02913513421707	-1.22538372600587	negative	True	False	False
ENSMUSG00000028457	0.0086441003868799	0.0290655167457338	-0.526415225872943	50.9632373816046	424	0.41228070175438597	2.0632801981498745	0.5804420596029768	False	WT/FF	ATP8B5	ATP8B5	-0.524699234163252	-0.0926330662390825	0.4320661679241695	positive	True	False	False
ENSMUSG00000036256	0.008844110742428	0.0296776115674473	0.506013533417804	4227.25915072719	425	0.41325536062378165	2.0533458279969556	0.5795024288531722	False	WT/FF	IGFBP7	IGFBP7	0.46371581199338	-0.06421098532834	-0.52792679732172	negative	True	False	False
ENSMUSG00000042436	0.0091234758448778	0.0304768958117256	1.15461722282721	283.322860832636	426	0.4142300194931774	2.0398396734409987	0.5785753898687774	False	WT/FF	MFAP4	MFAP4	1.03399448802945	-0.800339088295262	-1.834333576324712	negative	True	False	False
ENSMUSG00000021751	0.0093146721861019	0.0310142319135821	1.0829786982599	10.9461322291682	427	0.4152046783625731	2.0308324247475777	0.5776324906977561	False	WT/FF	ACOX2	ACOX2	1.03594295024885	0.721725601131049	-0.31421734911780097	negative	False	False	False
ENSMUSG00000048779	0.0094743543939814	0.0314532154997224	0.641593144566324	117.158665010784	428	0.4161793372319688	2.0234503742553143	0.5766838621455113	False	WT/FF	P2RY6	P2RY6	0.597292461746406	0.204664777074624	-0.39262768467178205	negative	True	False	False
ENSMUSG00000074342	0.0095696001213289	0.0317154602755051	0.886352812151745	31.4231274847164	429	0.4171539961013645	2.0191062094257326	0.5757245240040835	False	WT/FF	I830077J02RIK	I830077J02RIK	0.946361360514314	-0.111357032085695	-1.0577183926000089	negative	True	False	False
ENSMUSG00000039109	0.0098388747456371	0.0324825108104964	0.635488619787941	818.376707566295	430	0.41812865497076024	2.007054568205333	0.574792357361174	False	WT/FF	F13A1	F13A1	0.576508444282425	-0.0856509121924243	-0.6621593564748492	negative	True	False	False
ENSMUSG00000035683	0.00989830157886	0.0326385471108771	-0.715624770657636	37.3172028018622	431	0.4191033138401559	2.0044393183527576	0.5738269242013052	False	WT/FF	MELK	MELK	-0.802550569642472	-0.434132205325543	0.368418364316929	positive	True	False	False
ENSMUSG00000043621	0.0101268045191181	0.0332897374896461	1.21374799786264	14.415528055619	432	0.42007797270955166	1.9945275732622014	0.5728872136903936	False	WT/FF	UBXN10	UBXN10	1.16906151160691	0.277816358000517	-0.891245153606393	negative	True	False	False
ENSMUSG00000016756	0.0104749210726726	0.0342870777288794	0.609832209815952	91.7114189955582	433	0.42105263157894735	1.9798492407083879	0.571964307035586	False	WT/FF	CMAH	CMAH	0.605305834541259	0.241863376817934	-0.36344245772332495	negative	True	False	False
ENSMUSG00000052865	0.010616464002548	0.0346499948728439	-1.09475188122041	8.77280240033117	434	0.4220272904483431	1.9740201084798636	0.5710102039136944	False	WT/FF	GM13619	GM13619	-0.730911717026602	-0.329779970349999	0.40113174667660295	positive	True	False	False
ENSMUSG00000026433	0.0107752158467146	0.0350987531662481	0.315394758619877	236.053868184159	435	0.42300194931773877	1.9675740213901374	0.5700582757693502	False	WT/FF	RAB29	RAB29	0.304088390724986	-0.128529815938297	-0.432618206663283	negative	True	False	False
ENSMUSG00000031616	0.0108384167498289	0.035278404952812	-0.289618348088749	430.492394393927	436	0.4239766081871345	1.9650341538706568	0.5690925768608954	False	WT/FF	EDNRA	EDNRA	-0.328217440477035	-0.641197466943461	-0.31298002646642603	negative	True	False	False
ENSMUSG00000033967	0.0108412971684314	0.0352818806879242	0.853208829860552	12.3126886977684	437	0.4249512670565302	1.9649187510644468	0.5681183308825538	False	WT/FF	RNF225	RNF225	0.790300342219381	0.41855214263753	-0.37174819958185096	negative	True	False	False
ENSMUSG00000035273	0.0109196032671567	0.0354990464535491	-0.394019924372719	218.918665254056	438	0.42592592592592593	1.9617931402040465	0.5671546969203295	False	WT/FF	HPSE	HPSE	-0.427988291408283	-0.743401107391379	-0.315412815983096	negative	True	False	False
ENSMUSG00000028539	0.0109834348391239	0.0356849420700217	1.16732052385994	16.4183094638337	439	0.4269005847953216	1.9592618221446243	0.566188967872095	False	WT/FF	ARTN	ARTN	1.18705054905868	0.201730254789291	-0.985320294269389	negative	True	False	False
ENSMUSG00000024254	0.0110893269960049	0.0360017382480704	-1.01171941599733	14.0704055083063	440	0.42787524366471735	1.9550948100988463	0.5652290052063278	False	WT/FF	ABCG8	ABCG8	-0.834856085071796	-1.13575472197411	-0.300898636902314	negative	True	False	False
ENSMUSG00000085338	0.0113058212201921	0.036549812998892	1.44149276847756	8.31238232752057	441	0.42884990253411304	1.9466978863531628	0.5642839544304786	False	WT/FF	2410004I01RIK	2410004I01RIK	1.30150884828268	0.82575446349406	-0.47575438478862	negative	True	False	False
ENSMUSG00000116940	0.0116117373287319	0.0374204403991231	1.0981368165421	9.632317330448	442	0.4298245614035088	1.9351027969854342	0.563350178285657	False	WT/FF	GM7450	GM7450	0.991278901838367	2.118557079842	1.1272781780036332	positive	True	False	False
ENSMUSG00000023022	0.0116655900322314	0.0375657899237744	0.344706822196039	1693.80824580283	443	0.43079922027290446	1.9330932901954088	0.5623826096736775	False	WT/FF	LIMA1	LIMA1	0.327430344325919	-0.0771928712451529	-0.4046232155710719	negative	True	False	False
ENSMUSG00000096515	0.0117559015307215	0.0378058493412407	6.41530787288594	14.4494548502194	444	0.4317738791423002	1.9297440603030138	0.5614197640452593	False	WT/FF	IGKV14-100	IGKV14-100	6.88675337071533	4.74999961846892	-2.1367537522464097	negative	True	False	False
ENSMUSG00000038173	0.0119951522327678	0.038442510873185	0.855885299720438	71.7525123269618	445	0.4327485380116959	1.9209942359469645	0.5604759573651328	False	WT/FF	ENPP6	ENPP6	0.679648577041006	0.0926499328595188	-0.5869986441814872	negative	True	False	False
ENSMUSG00000110179	0.0120827853019098	0.0386887036531617	-1.05381854510306	11.5113148574423	446	0.4337231968810916	1.917832941392289	0.5595124492001731	False	WT/FF	GM39168	GM39168	-0.920486857459888	-0.435481741384596	0.485005116075292	positive	True	False	False
ENSMUSG00000026787	0.0124406619548219	0.0397393097806183	1.04286813635123	17.5088916011249	447	0.4346978557504873	1.9051565106678738	0.5585824851546148	False	WT/FF	GAD2	GAD2	1.12020754040668	-0.128372360500763	-1.248579900907443	negative	True	False	False
ENSMUSG00000002603	0.0126232732064068	0.0401855528175485	0.343262612544494	500.569345071757	448	0.43567251461988304	1.8988280182168396	0.5576301424488255	False	WT/FF	TGFB1	TGFB1	0.35135442814468	-0.0233407146210437	-0.3746951427657237	negative	True	False	False
ENSMUSG00000005339	0.012639681557418	0.0402198939092107	1.06694069772459	16.1169497438783	449	0.43664717348927873	1.8982638674775483	0.5566574784609021	False	WT/FF	FCER1A	FCER1A	1.07194993487324	0.597948239108357	-0.47400169576488294	negative	True	False	False
ENSMUSG00000087200	0.0126722150435267	0.040305492387664	-0.448274564559822	55.2685517855196	450	0.43762183235867447	1.8971474658504945	0.5556867613468213	False	WT/FF	LRP8OS3	LRP8OS3	-0.508276667645349	-0.912244832142239	-0.40396816449689	negative	True	False	False
ENSMUSG00000100277	0.0126827969519192	0.0403271988401566	1.23431333208214	8.87355892342185	451	0.43859649122807015	1.8967849604262794	0.5547133864899828	False	WT/FF	1810053B23RIK	1810053B23RIK	1.29006466702216	1.80113216048715	0.5110674934649899	positive	True	False	False
ENSMUSG00000018800	0.0127892250212675	0.040617473636119	-0.234348354700889	5801.56304214391	452	0.4395711500974659	1.8931557713293459	0.5537515278138072	False	WT/FF	ABCA5	ABCA5	-0.237351813816332	0.0972517720945584	0.3346035859108904	positive	True	False	False
ENSMUSG00000100665	0.0130825556077303	0.0413837516468521	-0.424495681146471	78.3037310243032	453	0.4405458089668616	1.8833074106048004	0.55281159385126	False	WT/FF	MRGPRC1-PS	MRGPRC1-PS	-0.441612660181706	0.0603446176566679	0.5019572778383738	positive	True	False	False
ENSMUSG00000048904	0.0131229541591341	0.041487088951395	0.61462220528643	23.5975504958433	454	0.4415204678362573	1.8819683882384055	0.551841661551661	False	WT/FF	NEUROG1	NEUROG1	0.612613503704452	1.09777206170256	0.4851585579981079	positive	True	False	False
ENSMUSG00000119993	0.0132177007383407	0.0417497298483257	-0.588614985648253	30.538316724271	455	0.442495126705653	1.878844085205683	0.5508780229788957	False	WT/FF	GM32085	GM32085	-0.68919897172312	-0.364711180645885	0.32448779107723497	positive	True	False	False
ENSMUSG00000120485	0.0132661086826589	0.0418595162401815	1.2114480937779	7.14358975918674	456	0.44346978557504874	1.8772564490634458	0.5499089671281494	False	WT/FF	GM35340	GM35340	1.06004817798453	0.348468245348502	-0.7115799326360281	negative	True	False	False
ENSMUSG00000109769	0.0132756745814775	0.041877388767964	-0.989812388863616	9.9608818998188	457	0.4444444444444444	1.876943401728992	0.5489354179145768	False	WT/FF	GM39232	GM39232	-1.31529656829669	-0.627170581891309	0.6881259864053809	positive	True	False	False
ENSMUSG00000105337	0.0132920880302867	0.0419168446684492	-1.37066098793629	7.33925680638716	458	0.44541910331384016	1.8764067911564053	0.5479626568381173	False	WT/FF	1700094M23RIK	1700094M23RIK	-0.775791043522353	-0.151714673066581	0.6240763704557719	positive	True	False	False
ENSMUSG00000063260	0.0135899925563933	0.0427374027154367	-0.3786620944801	59.9720393573376	459	0.44639376218323584	1.8667807811422814	0.5470219390130329	False	WT/FF	SYT10	SYT10	-0.369370184182785	-0.689442674241306	-0.320072490058521	negative	True	False	False
ENSMUSG00000060470	0.0135901197677989	0.0427374027154367	0.896897820193402	29.7528612227939	460	0.4473684210526316	1.8667767158749395	0.5460473005316696	False	WT/FF	ADGRG3	ADGRG3	0.763093202863513	0.102810842045958	-0.660282360817555	negative	True	False	False
ENSMUSG00000113031	0.0137405068192743	0.0431597482268864	-0.710186637662179	16.7534564642041	461	0.44834307992202727	1.8619972480075646	0.5450894969827915	False	WT/FF	GM34552	GM34552	-0.901628870086641	-0.261204378158933	0.640424491927708	positive	True	False	False
ENSMUSG00000025551	0.0137722327919536	0.0432404196448846	-0.415615432965999	81.3016110365999	462	0.449317738791423	1.8609956450287621	0.5441183751640912	False	WT/FF	FGF14	FGF14	-0.239367264097702	-0.612179294617357	-0.37281203051965495	negative	True	False	False
ENSMUSG00000091898	0.0138048881136333	0.0433176038952275	0.786560710626824	54.6150782965121	463	0.4502923976608187	1.8599671088964	0.5431473482939972	False	WT/FF	TNNC1	TNNC1	0.75734249540237	1.32931870765957	0.5719762122572001	positive	True	False	False
ENSMUSG00000037034	0.0138431411552803	0.0434249405288976	1.13043122211732	38.8666070990756	464	0.4512670565302144	1.8587653526813448	0.5421769320841222	False	WT/FF	PAX1	PAX1	1.08019833756571	-0.518054027381603	-1.598252364947313	negative	True	False	False
ENSMUSG00000067235	0.0138828143970259	0.0435430294924837	1.2198954809093	13.5710576489804	465	0.4522417153996101	1.8575224824981202	0.5412066608150901	False	WT/FF	H2-Q10	H2-Q10	1.20097132008791	0.262348884148931	-0.938622435938979	negative	True	False	False
ENSMUSG00000020363	0.0140523078019876	0.0440167575189647	0.504526706702838	235.049113934855	466	0.45321637426900585	1.8522523459821545	0.5402505870415344	False	WT/FF	GFPT2	GFPT2	0.473274880265277	-0.130737015132849	-0.6040118953981259	negative	True	False	False
ENSMUSG00000029602	0.0141793308812925	0.0443563854120991	0.958709005155452	10.9110160656088	467	0.45419103313840153	1.8483442629060436	0.5392897115623171	False	WT/FF	RASAL1	RASAL1	0.930343082888875	0.461434169374169	-0.46890891351470604	negative	True	False	False
ENSMUSG00000056031	0.0144728932393294	0.0451103711740154	1.88283337032675	3.84001373432579	468	0.4551656920077973	1.8394446414950907	0.5383464329682008	False	WT/FF	9330154J02RIK	9330154J02RIK	0.969261355060929	1.40743407623887	0.4381727211779409	positive	True	False	False
ENSMUSG00000084989	0.0145940934933176	0.0454551379755595	1.28622017505075	17.6419462048946	469	0.45614035087719296	1.8358228758782076	0.5373845481217113	False	WT/FF	CROCC2	CROCC2	0.964244537356184	0.310996155711035	-0.653248381645149	negative	True	False	False
ENSMUSG00000113415	0.0150309864944373	0.0465793498036078	-0.499084891228025	50.3284762505705	470	0.4571150097465887	1.823012515419001	0.5364550562244161	False	WT/FF	GM3234	GM3234	-0.496315891186715	-0.0384461791449209	0.4578697120417941	positive	True	False	False
ENSMUSG00000086021	0.0150947068364155	0.0467161154772917	1.06635568854379	11.767416425634	471	0.4580896686159844	1.8211753172591947	0.5354868801654006	False	WT/FF	GM15767	GM15767	1.07178296542221	0.0171648333425948	-1.054618132079615	negative	True	False	False
ENSMUSG00000050195	0.0151454836318019	0.0468462466340432	0.432399439148103	47.4141441245902	472	0.4590643274853801	1.8197168540399875	0.5345173689357847	False	WT/FF	SCD4	SCD4	0.795567101255354	0.485620531085596	-0.309946570169758	negative	True	False	False
ENSMUSG00000026674	0.0154411402913151	0.0476166524196768	0.586980750912428	2225.68001254764	473	0.4600389863547758	1.811320631206243	0.5335723156889806	False	WT/FF	DDR2	DDR2	0.565136766845077	-0.385994276029012	-0.9511310428740889	negative	True	False	False
ENSMUSG00000052563	0.0161907220729961	0.0495367787940329	-0.686235252334218	28.6404472696492	474	0.46101364522417154	1.7907337821715894	0.5326702385818307	False	WT/FF	D930048N14RIK	D930048N14RIK	-0.683248736182334	-0.0526524599415802	0.6305962762407538	positive	True	False	False
ENSMUSG00000075330	0.0163995884851915	0.0500787898005217	1.19227193999291	8.50918351541871	475	0.4619883040935672	1.7851670495652794	0.5317152104112481	False	WT/FF	A930003A15RIK	A930003A15RIK	1.29912682653282	0.789039117179588	-0.510087709353232	negative	True	False	False
ENSMUSG00000085025	0.016884626401756	0.0513524214140117	0.841799438247679	11.9224279118598	476	0.46296296296296297	1.7725085443534638	0.5307851831721081	False	WT/FF	GM13715	GM13715	0.858711860114273	-0.388705310386029	-1.247417170500302	negative	True	False	False
ENSMUSG00000025020	0.0172103716295976	0.0521878566748047	0.263532837385272	7019.69910017628	477	0.46393762183235865	1.764209751697949	0.5298397864504998	False	WT/FF	SLIT1	SLIT1	0.239780056444403	0.574156041778438	0.334375985334035	positive	True	False	False
ENSMUSG00000056399	0.0174600318778103	0.0528255171654795	1.21537056237075	19.4706358363187	478	0.4649122807017544	1.7579549677126673	0.5288871838970811	False	WT/FF	PRSS34	PRSS34	1.23800032887931	0.180383738325361	-1.057616590553949	negative	True	False	False
ENSMUSG00000030402	0.0175166240929031	0.0529519578620277	-0.570834268559623	39.3777975368262	479	0.46588693957115007	1.7565495898971555	0.527917485523205	False	WT/FF	PPM1N	PPM1N	-0.724647093928824	-0.315920575390859	0.408726518537965	positive	True	False	False
ENSMUSG00000031737	0.0179714042425483	0.0540906005987859	1.48827884133979	8.25260001049251	480	0.4668615984405458	1.7454179868329815	0.5269820754301531	False	WT/FF	IRX5	IRX5	1.50455918441263	-1.08803991064696	-2.5925990950595903	negative	True	False	False
ENSMUSG00000035186	0.0179998293308376	0.0541457870537781	-2.24658923172052	7.61270546584917	481	0.4678362573099415	1.7447316127315193	0.526009842321513	False	WT/FF	UBD	UBD	-2.22765750036747	-1.15959202969134	1.06806547067613	positive	True	False	False
ENSMUSG00000085761	0.018125266914025	0.0544773144184348	0.689325172559795	29.7444083865187	482	0.46881091617933723	1.7417155892571243	0.5250458220261565	False	WT/FF	4930455G09RIK	4930455G09RIK	0.327847336060225	0.648554752422521	0.32070741636229605	positive	True	False	False
ENSMUSG00000120374	0.0184850064979187	0.0553802023006731	-0.550632099492941	27.1276249482633	483	0.4697855750487329	1.7331803924260252	0.5241012587103714	False	WT/FF	GM57280	GM57280	-0.498607719950527	-0.115153063064356	0.383454656886171	positive	True	False	False
ENSMUSG00000043832	0.0185106579447126	0.055433842555971	0.663640247694457	86.6498131132647	484	0.47076023391812866	1.732578144365421	0.5231287290285759	False	WT/FF	CLEC4A3	CLEC4A3	0.607075213391105	-0.00752373194374866	-0.6145989453348537	negative	True	False	False
ENSMUSG00000021680	0.0189220063692598	0.0564692114571669	-0.46493861757334	35.940962781293	485	0.47173489278752434	1.7230328156667798	0.5221877267741746	False	WT/FF	CRHBP	CRHBP	-0.501194672872302	-0.151439663477074	0.349755009395228	positive	True	False	False
ENSMUSG00000020534	0.0196086685435571	0.0582345986380737	0.673264048204451	17.688467885916	486	0.4727095516569201	1.7075518945432002	0.5212676495194232	False	WT/FF	SHMT1	SHMT1	0.269055534722826	-0.102741495559885	-0.371797030282711	negative	True	False	False
ENSMUSG00000112739	0.0197208891622762	0.0585354821290682	0.323027518929728	141.887243036052	487	0.47368421052631576	1.705073507773889	0.5203017338702317	False	WT/FF	GM20597	GM20597	0.226758759565748	0.55034078474932	0.32358202518357204	positive	True	False	False
ENSMUSG00000057596	0.0197521960732801	0.058620301522056	0.70823610232253	75.2382122844734	488	0.4746588693957115	1.7043846119622648	0.5193295096514849	False	WT/FF	TRIM30D	TRIM30D	0.558103509997615	-0.0472611208166799	-0.6053646308142949	negative	True	False	False
ENSMUSG00000026415	0.020178984656683	0.0596477670945134	1.43007928697886	5.75114665914451	489	0.4756335282651072	1.695100689887683	0.518387585849052	False	WT/FF	FCAMR	FCAMR	1.41551789111199	1.93202957213721	0.5165116810252202	positive	True	False	False
ENSMUSG00000102985	0.0205992532713952	0.0607386599365898	-0.846325692712422	10.5123745331747	490	0.4766081871345029	1.686148522640092	0.5174444924970372	False	WT/FF	4930456G14RIK	4930456G14RIK	-0.792177256688452	-0.383809850839566	0.408367405848886	positive	True	False	False
ENSMUSG00000110534	0.0209943035677251	0.0617770692782435	-0.621508071549557	17.1902094714554	491	0.4775828460038986	1.6778985273947278	0.5164989237478169	False	WT/FF	GM45708	GM45708	-0.584630021420698	-0.143050951000013	0.441579070420685	positive	True	False	False
ENSMUSG00000060548	0.0215489108107547	0.0631171965644101	0.283028977132248	203.585850036501	492	0.47855750487329435	1.6665746763539873	0.5155641913948377	False	WT/FF	TNFRSF19	TNFRSF19	0.221251065894724	-0.506170159257557	-0.727421225152281	negative	True	False	False
ENSMUSG00000120991	0.0216124013356917	0.063257677539127	-1.23548299164879	6.55818167566929	493	0.47953216374269003	1.6652969763420795	0.5145940429129008	False	WT/FF	GM57126	GM57126	-0.839823638803268	-0.439345477269892	0.40047816153337606	positive	True	False	False
ENSMUSG00000051669	0.0217841540845302	0.0636475638462671	0.417229958262676	65.7468257984649	494	0.48050682261208577	1.661859299788522	0.513631509089307	False	WT/FF	AU021092	AU021092	0.444563189324197	-0.140415353056862	-0.584978542381059	negative	True	False	False
ENSMUSG00000029193	0.0223544229927502	0.0650040698946596	-0.235880449319713	1883.8133754957	495	0.48148148148148145	1.6506365355610435	0.5126964203706307	False	WT/FF	CCKAR	CCKAR	-0.239589596286801	0.133181205248044	0.372770801534845	positive	True	False	False
ENSMUSG00000117246	0.0224769424589761	0.0652807531896065	-0.801883543781822	10.9680457534661	496	0.4824561403508772	1.6482627662126805	0.5117301359091386	False	WT/FF	GM17891	GM17891	-0.877938808116465	-0.259376106254201	0.6185627018622639	positive	True	False	False
ENSMUSG00000103082	0.0229101034693385	0.0663861070562662	-0.877757433795796	16.3279251319995	497	0.4834307992202729	1.6399729493936979	0.5107847075446271	False	WT/FF	GM38124	GM38124	-1.04086995831311	-0.414683480266262	0.626186478046848	positive	True	False	False
ENSMUSG00000071540	0.0229297082339099	0.066421056143455	-0.493945392330685	286.500375153651	498	0.4844054580896686	1.6396014713585523	0.5098113643193205	False	WT/FF	3425401B19RIK	3425401B19RIK	-0.489604331236493	-1.25624594724962	-0.7666416160131269	negative	True	False	False
ENSMUSG00000115009	0.0237157868847379	0.068342472985338	1.2534792818889	7.46803010201547	499	0.4853801169590643	1.624962460974999	0.5088883190403721	False	WT/FF	G930009F23RIK	G930009F23RIK	1.00973849264116	0.674841403717856	-0.33489708892330394	negative	True	False	False
ENSMUSG00000056316	0.0237510401983644	0.0684348763621598	-0.62534059587685	20.060036882159	500	0.48635477582846004	1.6243173653015506	0.5079159404111118	False	WT/FF	GM9996	GM9996	0.0828670923377377	0.473491171023852	0.3906240786861143	positive	True	False	False
ENSMUSG00000021732	0.0240800791087175	0.0692435335763872	0.757172790434863	16.958882309216	501	0.4873294346978557	1.6183420906524586	0.5069623524913905	False	WT/FF	FGF10	FGF10	0.619025754741658	-0.318989048233118	-0.938014802974776	negative	True	False	False
ENSMUSG00000047502	0.0250164011264715	0.07146687071877	-0.621030521476149	19.7719627602281	502	0.48830409356725146	1.6017751679972767	0.5060461037646176	False	WT/FF	MROH7	MROH7	-0.704530840425387	-0.255382994257143	0.44914784616824405	positive	True	False	False
ENSMUSG00000106416	0.0250426404205314	0.0715321318170241	0.370554368384835	61.1331414696688	503	0.48927875243664715	1.601319882346144	0.5050730559899096	False	WT/FF	GM5857	GM5857	0.434194135361337	1.11515701159577	0.6809628762344331	positive	True	False	False
ENSMUSG00000028417	0.0256000860777826	0.0727374517201431	0.687204121359392	21.8411895968544	504	0.4902534113060429	1.5917585744130274	0.5041321100677919	False	WT/FF	TAL2	TAL2	0.695922320092114	1.13101415162231	0.43509183153019604	positive	True	False	False
ENSMUSG00000003974	0.0257390448259694	0.0730742410043988	-0.542136456231151	36.4271125697582	505	0.49122807017543857	1.5894075737683744	0.5031657453388081	False	WT/FF	GRM3	GRM3	-0.498333653237328	-0.116805673285614	0.38152797995171395	positive	True	False	False
ENSMUSG00000069053	0.0268004067550507	0.0755677829244607	-0.703494717979902	20.4116093012443	506	0.4922027290448343	1.5718586145483209	0.5022529586278384	False	WT/FF	UBA1Y	UBA1Y	-0.677194600697548	-0.359799169247836	0.317395431449712	positive	True	False	False
ENSMUSG00000066113	0.0279123288968634	0.0781792865475039	0.370357098086063	343.552194222797	507	0.49317738791423	1.5542039261462404	0.5013405446485084	False	WT/FF	ADAMTSL1	ADAMTSL1	0.391952058662208	-0.424758300852874	-0.816710359515082	negative	True	False	False
ENSMUSG00000047428	0.0280077582800649	0.078338547014096	1.43255214883831	5.08384632484144	508	0.49415204678362573	1.552721650389517	0.5003711173662571	False	WT/FF	DLK2	DLK2	0.575027229791283	1.42592793471655	0.8509007049252671	positive	True	False	False
ENSMUSG00000102418	0.0296408072495862	0.0818142687951161	0.747014648343673	13.5195081771981	509	0.4951267056530214	1.528109972782224	0.49948322916064286	False	WT/FF	SH2D1B1	SH2D1B1	0.779514029353585	0.398155512599777	-0.38135851675380805	negative	True	False	False
ENSMUSG00000110156	0.029678641840364	0.0818871112783102	-0.46055268363092	29.5030673580135	510	0.49610136452241715	1.5275559772047176	0.4985105293722901	False	WT/FF	GM42067	GM42067	-0.468700130912204	-0.0115729118249071	0.4571272190872969	positive	True	False	False
ENSMUSG00000026358	0.0306847146512108	0.0841008790478667	-1.26938433313815	5.76154765662652	511	0.49707602339181284	1.5130779110302295	0.49758691670978905	False	WT/FF	RGS1	RGS1	-1.54733317281784	0.193589989338892	1.740923162156732	positive	True	False	False
ENSMUSG00000090302	0.0307754318596969	0.0842849477290449	-0.571462231598853	16.6210746517488	512	0.4980506822612086	1.511795844067893	0.4966167836228507	False	WT/FF	SMR2L	SMR2L	-0.567378420977564	-0.23172719561386	0.33565122536370395	positive	True	False	False
ENSMUSG00000086517	0.0312330312471997	0.085287908504311	1.57540044540881	5.02819079139574	513	0.49902534113060426	1.5053858643113511	0.4956647281877695	False	WT/FF	GM12534	GM12534	1.62877020071821	3.13507646364032	1.50630626292211	positive	True	False	False
ENSMUSG00000031891	0.0318449963043271	0.0866723330377438	1.21003343014428	35.337706560793	514	0.5	1.4969587971790246	0.4947197836776997	False	WT/FF	HSD11B2	HSD11B2	1.06322888538676	-1.97581984302241	-3.03904872840917	negative	True	False	False
ENSMUSG00000044400	0.0320717973445584	0.087163939737274	-0.67365342221375	32.1895080832487	515	0.5009746588693957	1.4938767009711191	0.4937559963113965	False	WT/FF	SOWAHD	SOWAHD	-0.668972385479856	0.0584649047476553	0.7274372902275114	positive	True	False	False
ENSMUSG00000114807	0.0322349301085171	0.0874563965760147	1.05811638463521	6.65821590263084	516	0.5019493177387915	1.4916732670852086	0.4927891113589616	False	WT/FF	GM32090	GM32090	1.22558408747363	0.100150905458401	-1.1254331820152288	negative	True	False	False
ENSMUSG00000113835	0.0331188475743519	0.0893014925299633	-0.617332574814928	18.0408335831064	517	0.5029239766081871	1.4799247836265115	0.49185587598093644	False	WT/FF	GM19554	GM19554	-0.888637459885046	-0.489199386540091	0.39943807334495507	positive	False	False	False
ENSMUSG00000055385	0.0333983379966606	0.0899985844132962	-1.21376957256832	5.39889308935223	518	0.5038986354775828	1.4762751444710214	0.49089408939823326	False	WT/FF	RNF212	RNF212	-1.24275518494871	-0.533840556714889	0.708914628233821	positive	True	False	False
ENSMUSG00000025358	0.0346803960041321	0.0928704317146581	0.2852548632439	96.8918896889355	519	0.5048732943469786	1.459915952100456	0.4899771083509402	False	WT/FF	CDK2	CDK2	0.320919389855939	-0.187800322745262	-0.508719712601201	negative	True	False	False
ENSMUSG00000038756	0.035240032930164	0.0940289057649349	-0.419321438186524	45.8548591420548	520	0.5058479532163743	1.4529636944319013	0.4890269646315407	False	WT/FF	TTLL6	TTLL6	-0.471446381725729	-0.0496210320208885	0.4218253497048405	positive	True	False	False
ENSMUSG00000027220	0.0365581483471608	0.0969075342578605	-0.351292924115836	159.290205384175	521	0.50682261208577	1.4370158091902672	0.48810853358550915	False	WT/FF	SYT13	SYT13	-0.407105839557571	0.1326257492162	0.539731588773771	positive	True	False	False
ENSMUSG00000049641	0.0376710601690912	0.0993970229823016	-0.942758065733287	26.0988695711363	522	0.5077972709551657	1.4239921573622407	0.48717979361346386	False	WT/FF	VGLL2	VGLL2	-1.09546542361361	-1.5507701889777	-0.4553047653640898	negative	True	False	False
ENSMUSG00000051758	0.0383256395688413	0.100771457494457	1.11755441498082	5.91093921891884	523	0.5087719298245614	1.4165105890136798	0.48623151589580443	False	WT/FF	4930544M13RIK	4930544M13RIK	0.866187251115954	1.23576372347048	0.36957647235452595	positive	True	False	False
ENSMUSG00000042707	0.0386423698339028	0.101504785958708	1.27605720022057	11.8412560694508	524	0.5097465886939572	1.4129362473127778	0.48526946386374126	False	WT/FF	DNALI1	DNALI1	0.970984026281433	0.409177327416569	-0.561806698864864	negative	True	False	False
ENSMUSG00000058207	0.0390360963811746	0.10241369407459	0.830706196354437	8.91172662418457	525	0.5107212475633528	1.408533618384411	0.48431033182831934	False	WT/FF	SERPINA3K	SERPINA3K	0.783313489828273	1.5407232502188	0.757409760390527	positive	True	False	False
ENSMUSG00000105664	0.0392241997347976	0.102769031063977	1.26033298631055	4.83015364345191	526	0.5116959064327485	1.4064459082714746	0.4833430389098827	False	WT/FF	GM42797	GM42797	1.3414662290898	1.83885561788966	0.49738938879985994	positive	True	False	False
ENSMUSG00000037833	0.0406895508384017	0.105798682677158	-0.246617260056346	179.302636488863	527	0.5126705653021443	1.3905171041865347	0.4824245405962275	False	WT/FF	SH2D4B	SH2D4B	-0.310070495851129	0.018588509968637	0.328659005819766	positive	True	False	False
ENSMUSG00000004473	0.0421259584493476	0.108843984602034	0.621729437432622	169.269767328801	528	0.51364522417154	1.3754502049448765	0.48150300377230176	False	WT/FF	CLEC11A	CLEC11A	0.587272600189736	-0.836889826228901	-1.424162426418637	negative	True	False	False
ENSMUSG00000091455	0.0427750866602363	0.110149953244798	0.500440713451182	23.0975594714859	529	0.5146198830409356	1.368809101926563	0.480551763126011	False	WT/FF	OTOGL	OTOGL	0.535102920298661	0.187723445221681	-0.34737947507698	negative	True	False	False
ENSMUSG00000035385	0.0435073209080036	0.111753996722652	0.631274639943785	142.967108170689	530	0.5155945419103314	1.3614376588514625	0.4796030971789814	False	WT/FF	CCL2	CCL2	0.597665999187697	1.12863360834427	0.530967609156573	positive	True	False	False
ENSMUSG00000022218	0.043634307033286	0.1119863743157	0.9070529205667	18.7702490371381	531	0.5165692007797271	1.3601719167755169	0.47863290654121793	False	WT/FF	TGM1	TGM1	0.50453111208307	1.0546680982803	0.5501369861972301	positive	True	False	False
ENSMUSG00000036412	0.0442884089918347	0.113305569989865	0.836654673642789	119.125387565091	532	0.5175438596491229	1.3537099209452654	0.47768103448064186	False	WT/FF	ARSI	ARSI	0.849566331774445	-1.09006174494501	-1.9396280767194551	negative	True	False	False
ENSMUSG00000055409	0.0451791246771859	0.11517993946799	-0.219714515171395	308.351562077833	533	0.5185185185185185	1.3450621875712692	0.4767368678947791	False	WT/FF	NELL1	NELL1	-0.28514134166762	0.231768043879144	0.516909385546764	positive	True	False	False
ENSMUSG00000033022	0.0480985279327628	0.121183450775198	-0.224197037191555	707.406798519805	534	0.5194931773879142	1.3178682151118468	0.4758580831644389	False	WT/FF	CDO1	CDO1	-0.245873946100137	-0.585675216165484	-0.339801270065347	negative	True	False	False
ENSMUSG00000101955	0.0498101250479422	0.124749054285279	1.18885722192711	5.09749620736321	535	0.52046783625731	1.302682367973236	0.4749369656726581	False	WT/FF	TUBA5-PS	TUBA5-PS	1.024785135731	1.83900070815997	0.8142155724289699	positive	True	False	False
ENSMUSG00000096446	0.0499833743779786	0.125077448141523	-0.731227855361814	26.9568379234142	536	0.5214424951267057	1.301174427996128	0.47396762886558813	False	WT/FF	GM8104	GM8104	-0.764440910416221	-1.23321325977629	-0.46877234936006895	negative	True	False	False
ENSMUSG00000042515	0.0508073400019363	0.12680273927236	-0.300442953201233	94.5454237207224	537	0.5224171539961013	1.2940735418092677	0.4730180091127065	False	WT/FF	PWWP3B	PWWP3B	-0.335470192137849	-0.712829755977357	-0.37735956383950797	negative	True	False	False
ENSMUSG00000033576	0.0509456953889176	0.127015133242567	-0.947759139388181	19.2884480287761	538	0.5233918128654971	1.29289250543218	0.4720475198582941	False	WT/FF	APOL6	APOL6	-0.859546972962622	-1.35304772484338	-0.49350075188075815	negative	True	False	False
ENSMUSG00000042118	0.0527154899511412	0.130427697935823	-0.492524722119881	20.7005815731425	539	0.5243664717348928	1.278061752684105	0.47112515053696274	False	WT/FF	BHMT2	BHMT2	-0.463703030346447	-0.808520579981115	-0.34481754963466804	negative	True	False	False
ENSMUSG00000045509	0.0543454330282895	0.13356755958155	-0.295446722618899	76.4191999475042	540	0.5253411306042886	1.2648369464065639	0.47019711970336286	False	WT/FF	GPR150	GPR150	-0.350243007738591	-0.00310802741389129	0.34713498032469975	positive	True	False	False
ENSMUSG00000070547	0.0544344335829381	0.133751627001029	0.772914515250626	18.7120335306313	541	0.5263157894736842	1.2641262917679978	0.4692249721919463	False	WT/FF	MRGPRB1	MRGPRB1	0.896648838707176	0.0572689797072069	-0.8393798589999691	negative	True	False	False
ENSMUSG00000037406	0.0544390182198822	0.133751627001029	0.353621692406354	221.721170099905	542	0.5272904483430799	1.2640897156790698	0.4682504483223828	False	WT/FF	HTRA4	HTRA4	0.226934126283958	-0.502442109185174	-0.729376235469132	negative	True	False	False
ENSMUSG00000115149	0.0561747155623635	0.13724635149803	-0.324939218474957	54.6804175384259	543	0.5282651072124757	1.2504591179299054	0.4673238480429373	False	WT/FF	9330188P03RIK	9330188P03RIK	-0.322101607611981	0.101019025365239	0.42312063297721997	positive	True	False	False
ENSMUSG00000112080	0.0562345061350511	0.137376796255264	0.298573756011952	105.92347677023	544	0.5292397660818714	1.2499971145845432	0.466350823950406	False	WT/FF	GM47595	GM47595	0.173524066737202	0.737460016894978	0.563935950157776	positive	True	False	False
ENSMUSG00000089957	0.0565565349663937	0.137975063028595	-0.777985725075149	10.141894372825	545	0.530214424951267	1.2475172061961701	0.4653849136654437	False	WT/FF	A830011K09RIK	A830011K09RIK	-0.57662882053899	-1.02673363247413	-0.45010481193514007	negative	False	False	False
ENSMUSG00000011171	0.056929744970246	0.138664916093419	0.569542338687528	32.606154897379	546	0.5311890838206628	1.2446607617051038	0.46442033079942346	False	WT/FF	VIPR2	VIPR2	0.567662456161792	-0.686951837847579	-1.254614294009371	negative	True	False	False
ENSMUSG00000024306	0.0581070494100752	0.141052349048589	-0.682413549991375	12.3099665499307	547	0.5321637426900585	1.2357711768320334	0.46347701682306786	False	WT/FF	CCDC178	CCDC178	-0.628588691430947	-0.146661167310853	0.481927524120094	positive	True	False	False
ENSMUSG00000018126	0.0589659662094636	0.142749907595844	-0.518082071565414	25.0557293121116	548	0.5331384015594542	1.2293985807670607	0.46252482959764846	False	WT/FF	BAIAP2L2	BAIAP2L2	-0.601024923685965	-0.169916447747738	0.43110847593822704	positive	True	False	False
ENSMUSG00000120475	0.05958596962592	0.143861480597233	-0.364452590248648	39.9247148585784	549	0.5341130604288499	1.2248559891081683	0.4615661909788693	False	WT/FF	GM57141	GM57141	-0.418681264060751	-0.0357816494606625	0.38289961460008853	positive	True	False	False
ENSMUSG00000118196	0.0599111336691458	0.144467804464377	-0.801037043434003	9.40034685339913	550	0.5350877192982456	1.2224924623893365	0.46059987040859424	False	WT/FF	GM29946	GM29946	0.187220725287515	0.511355070491622	0.324134345204107	positive	True	False	False
ENSMUSG00000097134	0.0603121884779382	0.145241332713128	0.676540457031309	13.8886631476849	551	0.5360623781676414	1.2195949125065253	0.459635432453182	False	WT/FF	1110002J07RIK	1110002J07RIK	0.97878355404558	0.57477767943507	-0.4040058746105101	negative	False	False	False
ENSMUSG00000061969	0.0632208125660819	0.150889255341729	-0.629542280344818	16.4473576358231	552	0.5370370370370371	1.1991399265493068	0.4587328904834454	False	WT/FF	GM5581	GM5581	-0.516368948055494	-1.09830639749827	-0.581937449442776	negative	True	False	False
ENSMUSG00000051517	0.0636457623190392	0.151650564317959	-0.663278131511506	14.6481605283683	553	0.5380116959064327	1.1962305073712851	0.4577684943713708	False	WT/FF	ARHGEF39	ARHGEF39	-0.6917461552619	-0.315246123536442	0.376500031725458	positive	True	False	False
ENSMUSG00000020186	0.0641966567355424	0.152675097882246	0.154034305712151	845.078723479371	554	0.5389863547758285	1.1924875887397572	0.4568070366308225	False	WT/FF	CSRP2	CSRP2	0.119369568706676	-0.23061004555913	-0.34997961426580604	negative	True	False	False
ENSMUSG00000104876	0.0642654511925164	0.152821776370727	0.876614487810183	9.20680550909423	555	0.5399610136452242	1.1920224390331655	0.45583402363029407	False	WT/FF	TRDC	TRDC	0.903866135517583	1.55202877490832	0.6481626393907369	positive	True	False	False
ENSMUSG00000018672	0.0643069942509171	0.152886691614817	0.25402958195837	487.303910416706	556	0.5409356725146199	1.1917417891382298	0.45486036020463216	False	WT/FF	COPZ2	COPZ2	0.225009409024053	-0.358682670700854	-0.583692079724907	negative	True	False	False
ENSMUSG00000031842	0.0644975514906918	0.153203988082239	0.136511285888542	518.166104058393	557	0.5419103313840156	1.190456772097531	0.45389023751773244	False	WT/FF	PDE4C	PDE4C	0.108332723448616	0.523125455266506	0.41479273181789	positive	True	False	False
ENSMUSG00000085289	0.0648829882302569	0.153902082849774	-0.625497624709177	11.4513393379635	558	0.5428849902534113	1.1878691566078454	0.45292470693725373	False	WT/FF	GM15337	GM15337	-0.202971620910645	0.113228878831899	0.316200499742544	positive	True	False	False
ENSMUSG00000074651	0.0662302431683561	0.156316481567007	-0.856734389381784	7.54731918281498	559	0.543859649122807	1.1789436504116448	0.45198151959588595	False	WT/FF	MCIDAS	MCIDAS	-0.427627492975344	-0.808897532228378	-0.381270039253034	negative	True	False	False
ENSMUSG00000085051	0.0667007093832638	0.157236704109504	-0.699048624107176	17.7632297031901	560	0.5448343079922028	1.175869547198912	0.45101770405153263	False	WT/FF	GM11542	GM11542	-0.325696284579084	-0.827288819418692	-0.501592534839608	negative	True	False	False
ENSMUSG00000042761	0.0672905297584004	0.158253793676037	-0.387743317224632	260.119054544324	561	0.5458089668615984	1.1720460526121508	0.4500565303688702	False	WT/FF	MRAP2	MRAP2	-0.362119151014223	-0.807334996378531	-0.445215845364308	negative	True	False	False
ENSMUSG00000035020	0.0672943551977484	0.158253793676037	0.978493658428043	7.33919214222893	562	0.5467836257309941	1.172021363848614	0.4490819645924064	False	WT/FF	EPGN	EPGN	1.20218971576477	1.65561188988518	0.45342217412040986	positive	True	False	False
ENSMUSG00000094152	0.0688636585429404	0.160956804691067	-0.590462606978245	14.4393071675889	563	0.5477582846003899	1.1620099081082047	0.4481426055957438	False	WT/FF	SLC6A16	SLC6A16	-0.677463749768614	-0.0872689936858149	0.5901947560827991	positive	True	False	False
ENSMUSG00000095007	0.0690710264599688	0.161265896670621	2.09543767006961	4.03994411126855	564	0.5487329434697856	1.1607040899242436	0.4471725562400101	False	WT/FF	IGKV12-41	IGKV12-41	1.68485302121492	4.25290290095966	2.5680498797447404	positive	True	False	False
ENSMUSG00000086952	0.0695539604204577	0.162164148407249	0.433299548797476	25.629932138188	565	0.5497076023391813	1.157678136127987	0.4462085709524451	False	WT/FF	GM12596	GM12596	0.263467799337232	0.578472570255709	0.31500477091847695	positive	True	False	False
ENSMUSG00000052504	0.0698062959649297	0.162522987980822	0.455205045067747	161.087995285593	566	0.550682261208577	1.156105405750514	0.44523946255376445	False	WT/FF	EPHA3	EPHA3	0.418875618273089	-0.770093781716204	-1.188969399989293	negative	True	False	False
ENSMUSG00000064354	0.0706293983518727	0.164047897102499	-0.317041129120507	142.833746547439	567	0.5516569200779727	1.1510144932189534	0.4442827569541764	False	WT/FF	MT-CO2	MT-CO2	0.0952714528962133	-0.243451878093195	-0.3387233309894083	negative	False	False	False
ENSMUSG00000074388	0.0712403642603607	0.16496716927863	0.678049252389547	14.2891533229003	568	0.5526315789473685	1.1472738686043558	0.4433212911264315	False	WT/FF	GM5544	GM5544	0.721229900156743	0.342986470802558	-0.37824342935418503	negative	True	False	False
ENSMUSG00000085926	0.0746654098601624	0.171382344745321	-0.630132982407283	13.9803007257955	569	0.5536062378167641	1.1268805465916165	0.4424185317701352	False	WT/FF	GM12299	GM12299	-0.80496730141927	-0.354022498349085	0.450944803070185	positive	True	False	False
ENSMUSG00000103346	0.074862596991236	0.171661038485203	-0.890211042008915	6.85751162843959	570	0.5545808966861598	1.1257351112397596	0.44144791700989516	False	WT/FF	C230057A21RIK	C230057A21RIK	-0.93110597011073	-1.3600507290882	-0.42894475897747	negative	True	False	False
ENSMUSG00000000125	0.07665505151308	0.174846173178172	-0.35144270908036	30.0448925049631	571	0.5555555555555556	1.115459220170755	0.4405094902384869	False	WT/FF	WNT3	WNT3	-0.415835121252071	-0.778569223126304	-0.36273410187423305	negative	True	False	False
ENSMUSG00000084856	0.0769300237570705	0.175398819964873	-0.746627293044934	8.61863192612104	572	0.5565302144249513	1.1139041334460036	0.43954031963987733	False	WT/FF	GM11528	GM11528	-0.717982375585369	-0.269119132636091	0.44886324294927804	positive	True	False	False
ENSMUSG00000022996	0.0789737195878375	0.178955965868523	0.848827598812584	15.5259779511415	573	0.557504873294347	1.1025174066440173	0.43860580894552764	False	WT/FF	WNT10B	WNT10B	0.829863546102329	-1.23213167294506	-2.061995219047389	negative	True	False	False
ENSMUSG00000055026	0.0797563185433365	0.180291610557209	-0.394071938226936	146.408148018928	574	0.5584795321637427	1.098234900749735	0.43764625343519936	False	WT/FF	GABRG3	GABRG3	-0.283608684721951	-0.611424793326777	-0.327816108604826	negative	True	False	False
ENSMUSG00000024386	0.0809964811518613	0.182556747627662	-0.644690957753415	12.3391247534259	575	0.5594541910331384	1.0915338483994377	0.43669522413087064	False	WT/FF	PROC	PROC	-0.410774266853069	-0.859587019266733	-0.448812752413664	negative	True	False	False
ENSMUSG00000035279	0.0814857333233528	0.183301981589105	-0.31295155427416	166.800755020116	576	0.5604288499025342	1.0889184217055412	0.4357297915944283	False	WT/FF	SSC5D	SSC5D	-0.392938585094588	-0.984347537045116	-0.591408951950528	negative	True	False	False
ENSMUSG00000086196	0.0820432363185608	0.184238948719973	0.720984313490269	9.13037435252604	577	0.5614035087719298	1.085957216568287	0.43476557804562654	False	WT/FF	GM13571	GM13571	-0.295223961173808	0.0300370201976184	0.3252609813714264	positive	True	False	False
ENSMUSG00000120851	0.0823031889324642	0.184668156540637	0.730916665020102	7.29252374071467	578	0.5623781676413255	1.084583337218574	0.4337957686288524	False	WT/FF	GM57366	GM57366	1.41521070341477	1.77609873287508	0.36088802946030984	positive	True	False	False
ENSMUSG00000043461	0.0835938570563227	0.186958297100544	-0.417977452549422	112.637541004887	579	0.5633528265107213	1.0778256357734648	0.4328449390320178	False	WT/FF	SPTSSB	SPTSSB	-0.443713433360597	-1.08293745681794	-0.639224023457343	negative	True	False	False
ENSMUSG00000026736	0.084670793133116	0.188874908593523	-0.444901938752217	21.8677328021487	580	0.564327485380117	1.0722663720610797	0.43188988453102156	False	WT/FF	4930426L09RIK	4930426L09RIK	-0.569180104165484	0.0233422347237491	0.5925223388892331	positive	True	False	False
ENSMUSG00000036867	0.0888017860789683	0.196234212473866	-0.360278526653861	191.210536284299	581	0.5653021442495126	1.0515782991263605	0.430988164272847	False	WT/FF	SMAD6	SMAD6	-0.326184994029726	-1.01241695481063	-0.6862319607809041	negative	True	False	False
ENSMUSG00000052861	0.0902361397961499	0.198643421117125	-0.380224088811969	92.8814603913936	582	0.5662768031189084	1.0446194916086196	0.4300380436439129	False	WT/FF	DNAH6	DNAH6	-0.360778028359159	-0.90174013847711	-0.5409621101179509	negative	True	False	False
ENSMUSG00000052616	0.0911800054958789	0.200252711067581	-0.400360179125987	25.0635764316775	583	0.5672514619883041	1.0401003859569364	0.42907932222890083	False	WT/FF	TERB1	TERB1	-0.350300347972517	0.0092124768414153	0.3595128248139323	positive	True	False	False
ENSMUSG00000086911	0.0932818052362719	0.204096140169383	-0.875052572654842	6.6131658824094	584	0.5682261208576999	1.0302030578191397	0.4281395608932847	False	WT/FF	GM12027	GM12027	-1.01341929792003	-0.341102702469193	0.672316595450837	positive	True	False	False
ENSMUSG00000115384	0.0957529639653207	0.207868267778149	-0.2240891005268	74.6856619161092	585	0.5692007797270955	1.0188477738725468	0.4272049393520826	False	WT/FF	GM49205	GM49205	-0.18132258991546	-0.586593295806315	-0.405270705890855	negative	True	False	False
ENSMUSG00000087670	0.096717998410766	0.209394710427181	-0.305008481250791	73.8937587930262	586	0.5701754385964912	1.014492699824644	0.42624563966939205	False	WT/FF	9530036M11RIK	9530036M11RIK	-0.335622121033615	-0.668935149703579	-0.33331302866996404	negative	True	False	False
ENSMUSG00000031595	0.0971914955692972	0.210186645566244	0.473551325713225	191.242415221196	587	0.571150097465887	1.0123717349596515	0.42527846398536534	False	WT/FF	PDGFRL	PDGFRL	0.373529389963626	-0.793552508861111	-1.167081898824737	negative	True	False	False
ENSMUSG00000096940	0.09796494872008	0.21156092446934	0.686351618802555	9.13151976304755	588	0.5721247563352827	1.008929284515692	0.42431594699137276	False	WT/FF	GM4755	GM4755	0.578357157976682	0.261889033024328	-0.316468124952354	negative	True	False	False
ENSMUSG00000037362	0.0984948233439956	0.212256789268368	0.56363045865664	3474.04167500216	589	0.5730994152046783	1.0065865943979848	0.4233495529649303	False	WT/FF	CCN3	CCN3	0.526176009365021	-1.04740362644481	-1.573579635809831	negative	True	False	False
ENSMUSG00000044317	0.0988061344455095	0.212839807483616	0.544843661102345	146.870619299108	590	0.5740740740740741	1.0052160911094403	0.4223797316463821	False	WT/FF	GPR4	GPR4	0.490976975853034	-0.880130311245433	-1.371107287098467	negative	True	False	False
ENSMUSG00000121005	0.0989155083775332	0.212949584077036	0.930202246408051	13.6842245294145	591	0.5750487329434698	1.0047356126012832	0.42140677268513815	False	WT/FF	GM56769	GM56769	0.694105670733431	-1.21185931306156	-1.905964983794991	negative	True	False	False
ENSMUSG00000111761	0.100465247019442	0.215486310203772	-0.228065882698527	88.5845424285605	592	0.5760233918128655	0.9979841435955155	0.4204559211168167	False	WT/FF	9230112J17RIK	9230112J17RIK	-0.263014386879825	-0.676208198442521	-0.413193811562696	negative	True	False	False
ENSMUSG00000049699	0.100702886576398	0.215887415216035	1.00988392560492	7.99067026484491	593	0.5769980506822612	0.9969580805264818	0.41948488552832625	False	WT/FF	UCN2	UCN2	0.981093935386937	2.89953331758416	1.9184393821972232	positive	True	False	False
ENSMUSG00000020614	0.101063463986076	0.216423415595083	-0.191982096327367	423.341080434505	594	0.5779727095516569	0.9954058202452636	0.4185157049655334	False	WT/FF	FAM20A	FAM20A	-0.198883912073672	-0.520586812876572	-0.32170290080290004	negative	True	False	False
ENSMUSG00000113096	0.10155612944992	0.217081036811297	-0.639104236969169	10.9222270537703	595	0.5789473684210527	0.993293859497547	0.4175484975389041	False	WT/FF	GM40884	GM40884	-0.725856916637258	-1.38135749454072	-0.6555005779034621	negative	True	False	False
ENSMUSG00000026343	0.102244573141401	0.218147500949539	-0.397995087603423	31.9630771122263	596	0.5799220272904484	0.9903597338564658	0.41658418852558804	False	WT/FF	GPR39	GPR39	-0.578023649187975	-0.169583853421942	0.408439795766033	positive	True	False	False
ENSMUSG00000031375	0.102977729569344	0.219080271846931	0.524675458669736	7902.99241599338	597	0.580896686159844	0.9872566876338114	0.41562047501527444	False	WT/FF	BGN	BGN	0.486970326863641	-0.744550189103465	-1.231520515967106	negative	True	False	False
ENSMUSG00000086534	0.103589407528551	0.220119236219816	-0.418571232392683	23.3867741606837	598	0.5818713450292398	0.984684650836828	0.4146548895145594	False	WT/FF	GM16758	GM16758	-0.602483681794854	0.0652251786373045	0.6677088604321585	positive	True	False	False
ENSMUSG00000096490	0.110850416494602	0.231673161374075	2.24669225188821	16.5850807458066	599	0.5828460038986355	0.9552626707861409	0.41378395927535155	False	WT/FF	IGKV10-94	IGKV10-94	3.68279721431171	0.515859691381413	-3.166937522930297	negative	True	False	False
ENSMUSG00000051251	0.112068347643765	0.233649878644237	-0.819797673453964	7.71985752551181	600	0.5838206627680312	0.9505170313365894	0.412826036469695	False	WT/FF	NHLH1	NHLH1	-0.689494296994323	-1.1629837963915	-0.473489499397177	negative	True	False	False
ENSMUSG00000072244	0.114356990716025	0.237108776461913	0.273166054906374	46.330151497427	601	0.5847953216374269	0.9417372815461256	0.41188233528699175	False	WT/FF	TRIM6	TRIM6	0.244135123801923	0.637653743640252	0.3935186198383289	positive	True	False	False
ENSMUSG00000063628	0.115278284255068	0.23862716005972	0.891217140079699	6.36497499312729	602	0.5857699805068226	0.9382524959701031	0.41091996753886395	False	WT/FF	GM7665	GM7665	0.792945532691822	0.448858388116025	-0.344087144575797	negative	True	False	False
ENSMUSG00000021678	0.115676400813243	0.239289738831751	0.425376508173474	35.3022855242117	603	0.5867446393762183	0.9367552325950589	0.4099505930931088	False	WT/FF	F2RL1	F2RL1	0.42512327637	0.997619540128742	0.572496263758742	positive	True	False	False
ENSMUSG00000022146	0.117301202501397	0.241858381797616	0.12249094432271	3436.2031672785	604	0.5877192982456141	0.9306975357357551	0.40899729573995547	False	WT/FF	OSMR	OSMR	0.108305545491898	0.427644382041065	0.31933883654916695	positive	True	False	False
ENSMUSG00000035539	0.117536743151288	0.242274220134968	1.16842030064643	7.33863836921774	605	0.5886939571150097	0.9298263474060356	0.4080257141648751	False	WT/FF	CCDC180	CCDC180	0.174004917111148	-0.980819592419131	-1.154824509530279	negative	True	False	False
ENSMUSG00000098919	0.120859391382107	0.247294604461758	-0.756381605321693	6.76341188203005	606	0.5896686159844055	0.9177195970812579	0.4070937418004652	False	WT/FF	MIR8102	MIR8102	-1.08585656912494	-0.351442710502311	0.734413858622629	positive	True	False	False
ENSMUSG00000032243	0.124203269422643	0.252170033012722	-0.248334461295888	255.568118464477	607	0.5906432748538012	0.9058669720054557	0.40616087355736846	False	WT/FF	ITGA11	ITGA11	-0.224358115098668	-0.773788589977122	-0.549430474878454	negative	True	False	False
ENSMUSG00000021055	0.12655271141782	0.25587082069275	0.358568359471635	34.8124413174575	608	0.5916179337231969	0.8977285455576226	0.4052149114898605	False	WT/FF	ESR2	ESR2	0.204264623975405	0.688852959898115	0.48458833592271	positive	True	False	False
ENSMUSG00000005611	0.126973614359321	0.256504386018933	0.158649764692378	443.444001990439	609	0.5925925925925926	0.8962865178526572	0.4042453423194186	False	WT/FF	IRAG1	IRAG1	0.120180197789021	-0.349885164016338	-0.470065361805359	negative	True	False	False
ENSMUSG00000022579	0.127580198494532	0.257409403130495	0.270730942483029	76.8989694331603	610	0.5935672514619883	0.894216726491775	0.40327798623123345	False	WT/FF	GPIHBP1	GPIHBP1	0.244061381412137	-0.460509601774491	-0.704570983186628	negative	True	False	False
ENSMUSG00000076435	0.132956839234753	0.264607037920751	0.112704729739461	447.759266989154	611	0.594541910331384	0.8762893178621738	0.40236653368426895	False	WT/FF	ACSF2	ACSF2	0.137867876422996	-0.788010373207907	-0.925878249630903	negative	True	False	False
ENSMUSG00000024538	0.138255186104998	0.272348887302	0.361067494451854	422.391894957889	612	0.5955165692007798	0.8593185688511874	0.40145170858394297	False	WT/FF	PPIC	PPIC	0.373521905844073	-0.658886802300692	-1.032408708144765	negative	True	False	False
ENSMUSG00000040152	0.138364140671103	0.272463502765425	0.741835157992226	4676.37408368252	613	0.5964912280701754	0.8589764498110174	0.4004782618581068	False	WT/FF	THBS1	THBS1	0.718176156626578	-1.26952549689148	-1.9877016535180578	negative	True	False	False
ENSMUSG00000115100	0.141440766493939	0.277073142321491	0.332212727950041	44.4784443707155	614	0.5974658869395711	0.8494253988016884	0.39953727977681386	False	WT/FF	GM34934	GM34934	0.0779021363673168	-0.407831532214419	-0.4857336685817358	negative	True	False	False
ENSMUSG00000024011	0.141518363734932	0.277132763807779	0.565587311458372	1362.22956794963	615	0.5984405458089669	0.8491872014733907	0.3985634666912903	False	WT/FF	PI16	PI16	0.523791998236797	-0.986787834804431	-1.510579833041228	negative	True	False	False
ENSMUSG00000069170	0.142555794741251	0.278662433320551	0.434421638295258	25.0655349382311	616	0.5994152046783626	0.8460151243874947	0.3975999965384523	False	WT/FF	ADGRV1	ADGRV1	0.00320239900639468	-0.4168915185159	-0.4200939175222947	negative	True	False	False
ENSMUSG00000058488	0.142680839796907	0.278815376156614	-0.452312071653249	157.009770169806	617	0.6003898635477583	0.8456343431373752	0.3966266861101702	False	WT/FF	KL	KL	-0.479019213220646	-1.08438780591082	-0.6053685926901741	negative	True	False	False
ENSMUSG00000070576	0.143211077853688	0.279571571226561	0.461181189320312	83.618507110194	618	0.601364522417154	0.8440233866046448	0.39565771247180115	False	WT/FF	MN1	MN1	0.449585011456687	-0.916097587762651	-1.365682599219338	negative	True	False	False
ENSMUSG00000060560	0.143897213882605	0.280435108269507	0.622943171370406	8.39006054448162	619	0.6023391812865497	0.8419476147299992	0.3946903774669788	False	WT/FF	CES4A	CES4A	0.229225981984379	0.825732965072408	0.596506983088029	positive	True	False	False
ENSMUSG00000104965	0.14487864251965	0.282082987784744	0.195635382057129	92.7670356390917	620	0.6033138401559455	0.8389956319167151	0.3937261314063212	False	WT/FF	GM43437	GM43437	0.122353634080567	0.452775424516501	0.330421790435934	positive	True	False	False
ENSMUSG00000059994	0.145903203558742	0.283489461368886	0.776263477270512	6.82545362768326	621	0.6042884990253411	0.8359351723107299	0.39276226776357337	False	WT/FF	FCRL1	FCRL1	1.12086579470106	1.45194058076657	0.3310747860655099	positive	True	False	False
ENSMUSG00000086596	0.146813978246695	0.284817790966431	-0.302180104860917	174.714164251821	622	0.6052631578947368	0.833232593013948	0.391797142469956	False	WT/FF	SUSD5	SUSD5	-0.308528104730848	-0.685079360157594	-0.37655125542674595	negative	True	False	False
ENSMUSG00000074203	0.149833801379977	0.288822950828178	-0.514044825785603	12.2547367447393	623	0.6062378167641326	0.8243902020113238	0.390853662119016	False	WT/FF	G430095P16RIK	G430095P16RIK	0.112654628317491	-0.572392053155248	-0.685046681472739	negative	True	False	False
ENSMUSG00000087102	0.152772927557624	0.293093543922777	-0.494718136108573	11.1757877663369	624	0.6072124756335283	0.815953598993459	0.3899087512262144	False	WT/FF	GM13661	GM13661	-0.368542441199808	-0.895739164032877	-0.527196722833069	negative	True	False	False
ENSMUSG00000026235	0.157834813234788	0.29993537348093	-0.235512139041657	278.765724825712	625	0.6081871345029239	0.801797199299975	0.388984004579012	False	WT/FF	EPHA4	EPHA4	-0.239414619246853	-0.639236131700464	-0.39982151245361097	negative	True	False	False
ENSMUSG00000081892	0.163917984627339	0.308408780667071	0.680804532355116	7.02195277814426	626	0.6091617933723197	0.7853733942274466	0.38806725131366043	False	WT/FF	GM8864	GM8864	-0.426481666877534	1.02157436052476	1.448056027402294	positive	False	False	False
ENSMUSG00000053889	0.163931062490044	0.308408780667071	0.243559607898647	242.635489341385	627	0.6101364522417154	0.7853387463084679	0.38709272064663625	False	WT/FF	KIRREL3OS	KIRREL3OS	0.230381791465244	0.668003179448384	0.43762138798314004	positive	True	False	False
ENSMUSG00000076498	0.16417560060327	0.308760595982985	0.677989316739677	37.8918789894174	628	0.6111111111111112	0.7846913862588312	0.3861203500000788	False	WT/FF	TRBC2	TRBC2	0.672616672329444	1.86343006994205	1.190813397612606	positive	True	False	False
ENSMUSG00000050541	0.16464801528344	0.309419743575925	-0.308510339984494	188.146556498322	629	0.6120857699805068	0.783443500036466	0.3851500964143056	False	WT/FF	ADRA1B	ADRA1B	-0.288602303633286	-0.955461674207038	-0.666859370573752	negative	True	False	False
ENSMUSG00000058571	0.166454228438954	0.311707796185169	0.267039773619218	623.211363050681	630	0.6130604288499025	0.7787051679787484	0.3841921478475859	False	WT/FF	GPC6	GPC6	0.220635383977296	-0.460601503574177	-0.681236887551473	negative	True	False	False
ENSMUSG00000056174	0.168501994496007	0.314609360167982	0.553948438464206	1443.76823909427	631	0.6140350877192983	0.7733949541784968	0.38323621536020674	False	WT/FF	COL8A2	COL8A2	0.529427928858612	-1.20669536248426	-1.7361232913428721	negative	True	False	False
ENSMUSG00000022817	0.170168986058326	0.317004899308168	0.179592444533982	2333.69913998728	632	0.615009746588694	0.7691195888522616	0.3822766346769263	False	WT/FF	ITGB5	ITGB5	0.168606499131374	-0.367686114643206	-0.53629261377458	negative	True	False	False
ENSMUSG00000113019	0.17112138190028	0.318287297882756	-0.284788190905765	35.224868622827	633	0.6159844054580896	0.7666957212530148	0.3813105268289562	False	WT/FF	GM47467	GM47467	-0.172903062254467	-0.594598474450527	-0.42169541219606005	negative	True	False	False
ENSMUSG00000035606	0.174162765786178	0.322430179419242	-0.414411268961527	60.3537799765886	634	0.6169590643274854	0.7590446871127037	0.38036284653635216	False	WT/FF	KY	KY	-0.310590934301399	-1.01215376779823	-0.7015628334968309	negative	True	False	False
ENSMUSG00000101111	0.177198120532625	0.326697144666609	0.815956358727932	247.756530185687	635	0.6179337231968811	0.7515408888069739	0.3794146471869183	False	WT/FF	GM28437	GM28437	0.0445853683989176	-0.286921382373242	-0.3315067507721596	negative	True	False	False
ENSMUSG00000064351	0.180518784248815	0.331141362389767	0.0968478406482065	508718.365992172	636	0.6189083820662769	0.7434776000123446	0.3784684202334049	False	WT/FF	MT-CO1	MT-CO1	0.116046739918064	-0.217604264965216	-0.33365100488328003	negative	True	False	False
ENSMUSG00000035105	0.180845907915497	0.331514795842362	-0.23337258457759	481.828877680731	637	0.6198830409356725	0.7426913137744953	0.3774965393493231	False	WT/FF	EGLN3	EGLN3	-0.251782030567011	-0.757076079685525	-0.505294049118514	negative	True	False	False
ENSMUSG00000101227	0.180897887862494	0.33152514819912	0.369098355602694	17.5481477189334	638	0.6208576998050682	0.7425665038699758	0.37652232653423023	False	WT/FF	GM29506	GM29506	0.149491265580774	0.492778358651571	0.34328709307079697	positive	True	False	False
ENSMUSG00000030074	0.182316595165407	0.333398844386981	0.680585841719335	470.4352731115	639	0.621832358674464	0.739173798373332	0.37555963417223215	False	WT/FF	GXYLT2	GXYLT2	0.665158269467035	-1.26575043562548	-1.930908705092515	negative	True	False	False
ENSMUSG00000086670	0.183444360286574	0.334706046571321	-0.68790256509269	6.18388998003742	640	0.6228070175438597	0.7364956354156373	0.37459442280264277	False	WT/FF	GM13194	GM13194	-1.10632447732653	0.0855963881252293	1.1919208654517592	positive	True	False	False
ENSMUSG00000029070	0.184085336365748	0.335533313273936	0.192532962283661	1827.1370274324	641	0.6237816764132553	0.7349808045925302	0.37362511028816925	False	WT/FF	MXRA8	MXRA8	0.169303630943807	-0.392168942145709	-0.561472573089516	negative	True	False	False
ENSMUSG00000061535	0.184300835172764	0.335829003201304	-0.249974203763683	509.703602584126	642	0.6247563352826511	0.734472696739141	0.37265224872984604	False	WT/FF	C1QTNF7	C1QTNF7	-0.243842362100291	-0.827450194775154	-0.583607832674863	negative	True	False	False
ENSMUSG00000112150	0.184935535083306	0.3363404385409	-0.237491790105919	42.9872442356555	643	0.6257309941520468	0.7329796317947765	0.3716828594831826	False	WT/FF	9530018F02RIK	9530018F02RIK	-0.226607783346253	-0.600185655664382	-0.373577872318129	negative	True	False	False
ENSMUSG00000121048	0.18897346731429	0.341456603482201	-0.663998529281355	8.27586686917568	644	0.6267056530214425	0.7235991683553026	0.37074127602218154	False	WT/FF	GM53066	GM53066	-0.656389287319753	-1.29251570260239	-0.6361264152826369	negative	True	False	False
ENSMUSG00000027204	0.189165038135825	0.341687706885192	0.395308224283824	1628.99691891877	645	0.6276803118908382	0.7231591277003306	0.3697681745036319	False	WT/FF	FBN1	FBN1	0.372814380899067	-0.900833714517435	-1.273648095416502	negative	True	False	False
ENSMUSG00000052957	0.190309758606192	0.343091398189343	0.497933907119069	1036.86467976881	646	0.6286549707602339	0.7205389416123037	0.36880275874568663	False	WT/FF	GAS1	GAS1	0.473659323644397	-1.01166339387761	-1.4853227175220072	negative	True	False	False
ENSMUSG00000120550	0.190978758597085	0.343865896963395	-0.369692988629445	14.8960705131266	647	0.6296296296296297	0.7190149339935104	0.36783347858256593	False	WT/FF	GM30693	GM30693	-0.95919096679799	-0.137670491751324	0.821520475046666	positive	True	False	False
ENSMUSG00000097254	0.193300721520233	0.346683704040962	-0.629572422075594	6.75512661928986	648	0.6306042884990254	0.7137665249074482	0.36687732821236574	False	WT/FF	C430042M11RIK	C430042M11RIK	-0.893687260271262	-0.395636979830732	0.49805028044053	positive	True	False	False
ENSMUSG00000031394	0.19772656458171	0.352232235295517	0.438297156796011	12.8919561932216	649	0.631578947368421	0.7039349792638314	0.36593733497088937	False	WT/FF	OPN1MW	OPN1MW	0.0808344714821937	0.430305569417855	0.34947109793566133	positive	False	False	False
ENSMUSG00000110026	0.197855904099825	0.352404151792802	-0.368125467036642	25.2512977030789	650	0.6325536062378168	0.7036509856824262	0.36496368333286955	False	WT/FF	GM35625	GM35625	-0.455337975511497	-0.777087802353283	-0.321749826841786	negative	True	False	False
ENSMUSG00000045404	0.202640579617359	0.358812396441989	0.11370377907263	953.916717629044	651	0.6335282651072125	0.6932735809935614	0.3640256144317981	False	WT/FF	KCNK13	KCNK13	0.0531639289785157	0.35504617946693	0.3018822504884143	positive	True	False	False
ENSMUSG00000020241	0.203151692469999	0.359539469911863	0.505220839313933	4412.25175918381	652	0.6345029239766082	0.6921795551868457	0.3630548184352741	False	WT/FF	COL6A2	COL6A2	0.478341719156834	-1.05131091838551	-1.529652637542344	negative	True	False	False
ENSMUSG00000074971	0.209527539487594	0.368001813339936	-0.371089298625379	263.56970064789	653	0.6354775828460039	0.6787588869628038	0.36212747808223106	False	WT/FF	FIBIN	FIBIN	-0.407062751953762	-1.09941476428734	-0.692352012333578	negative	True	False	False
ENSMUSG00000096844	0.209977640625088	0.368529895896975	-1.30499705174848	5.81893182696736	654	0.6364522417153996	0.6778269484572078	0.3611561106723626	False	WT/FF	IGKV6-14	IGKV6-14	-1.90436772718729	4.15794843491734	6.062316162104629	positive	True	False	False
ENSMUSG00000003420	0.211420758671802	0.370296834664564	0.192300011864798	1857.5614364374	655	0.6374269005847953	0.6748523730645127	0.3601919442582982	False	WT/FF	FCGRT	FCGRT	0.165169716073646	-0.427983820583502	-0.593153536657148	negative	True	False	False
ENSMUSG00000026904	0.21197105306116	0.371048733997461	0.574654864281242	1104.80549495314	656	0.6384015594541911	0.6737234426285786	0.35922127131256704	False	WT/FF	SLC4A10	SLC4A10	0.566085485695473	-1.11228536029786	-1.6783708459933329	negative	True	False	False
ENSMUSG00000116009	0.212656535898148	0.371854447669408	-0.370166433075679	17.0054262154779	657	0.6393762183235867	0.6723212649091421	0.35825156165725464	False	WT/FF	GM49503	GM49503	-0.118979733287583	-0.48568560348576	-0.366705870198177	negative	True	False	False
ENSMUSG00000058897	0.213861658216572	0.373403610867546	-0.286542882388032	475.243449154532	658	0.6403508771929824	0.6698670701155103	0.35728556072304907	False	WT/FF	COL25A1	COL25A1	-0.27259273085799	-0.932231381181162	-0.6596386503231719	negative	True	False	False
ENSMUSG00000027690	0.214483089956757	0.374255731508027	-0.418213073244089	13.159884095149	659	0.6413255360623782	0.6686069423042592	0.3563153502930764	False	WT/FF	SLC2A2	SLC2A2	-0.28499948597409	-0.882130486352735	-0.597131000378645	negative	True	False	False
ENSMUSG00000121819	0.21725230990551	0.377797965362256	-0.321407913161339	25.7348764992782	660	0.6423001949317739	0.6630355972779904	0.35536033838285647	False	WT/FF	6330549D23RIK	6330549D23RIK	0.219260823372393	-0.201665027746345	-0.42092585111873804	negative	True	False	False
ENSMUSG00000002732	0.217612634763449	0.378210089695749	0.167956388639301	428.884498845158	661	0.6432748538011696	0.6623158927571889	0.35438822277537957	False	WT/FF	FKBP7	FKBP7	0.169362300947246	-0.382309175476114	-0.55167147642336	negative	True	False	False
ENSMUSG00000037621	0.217643202306776	0.378225237744236	0.278229372638859	108.252638933795	662	0.6442495126705653	0.662254892700287	0.35341378500868237	False	WT/FF	ATOH8	ATOH8	0.289202387587389	-0.775481096856771	-1.06468348444416	negative	True	False	False
ENSMUSG00000045591	0.220121297048217	0.381410046579168	0.359183269573023	23.3859862221207	663	0.645224171539961	0.6573379368057121	0.3524564661522689	False	WT/FF	OLIG3	OLIG3	0.329170799514538	0.85549925143017	0.526328451915632	positive	True	False	False
ENSMUSG00000060962	0.222046564871287	0.383999812410864	0.582951980309341	44.9499521655412	664	0.6461988304093568	0.6535559411076634	0.35149514617178634	False	WT/FF	DMKN	DMKN	0.506802948515293	-1.15972660953977	-1.666529558055063	negative	True	False	False
ENSMUSG00000040280	0.223278525399175	0.385510012860552	0.318824131617064	57.961432492487	665	0.6471734892787524	0.6511530447257853	0.35052896439308034	False	WT/FF	NDUFA4L2	NDUFA4L2	0.284588543200925	-0.654454572665077	-0.939043115866002	negative	True	False	False
ENSMUSG00000028996	0.224625065034313	0.387106747433089	0.321433521032635	26.7350988079213	666	0.6481481481481481	0.6485417841443424	0.3495635171696621	False	WT/FF	RBP7	RBP7	0.25360659151636	-0.787606601788747	-1.041213193305107	negative	True	False	False
ENSMUSG00000099528	0.224695769734025	0.387166430655851	-0.36172536822001	16.6594797208587	667	0.6491228070175439	0.6484051038090144	0.34858934620191045	False	WT/FF	2410012E07RIK	2410012E07RIK	-0.541480161189492	-0.0195082624503524	0.5219718987391396	positive	True	False	False
ENSMUSG00000116237	0.225240732724636	0.387856374832908	-0.543845877055418	8.01748977505547	668	0.6500974658869396	0.6473530685369046	0.347618402174346	False	WT/FF	GM30339	GM30339	-0.607857345581925	-0.952943414374512	-0.3450860687925871	negative	True	False	False
ENSMUSG00000037166	0.225985792515532	0.388796266902173	0.293953413489209	38.9624270657014	669	0.6510721247563352	0.6459188636227763	0.3466488054258826	False	WT/FF	PPP1R14A	PPP1R14A	0.225555927273995	-0.545483435233186	-0.771039362507181	negative	True	False	False
ENSMUSG00000032691	0.226419423970777	0.389389758137715	0.341022644919471	25.3385580119814	670	0.652046783625731	0.6450863188200088	0.3456770876191121	False	WT/FF	NLRP3	NLRP3	0.587693013169594	0.209797821911196	-0.377895191258398	negative	True	False	False
ENSMUSG00000022479	0.229762199040859	0.393684176613272	-0.257447255005861	77.1476385173018	671	0.6530214424951267	0.6387214208102682	0.34472487325540696	False	WT/FF	VDR	VDR	-0.275370802626311	-0.762242949157496	-0.48687214653118505	negative	True	False	False
ENSMUSG00000036158	0.233406545144639	0.397806500992122	-0.116678286997558	498.813205849853	672	0.6539961013645225	0.6318869697116217	0.343774314227432	False	WT/FF	PRICKLE1	PRICKLE1	-0.105745427753191	-0.410128650988098	-0.30438322323490696	negative	True	False	False
ENSMUSG00000046561	0.233616846921769	0.398070867813855	-0.239593852488769	71.1399533816726	673	0.6549707602339181	0.6314958419477161	0.3428010402741605	False	WT/FF	ARSJ	ARSJ	-0.231250962649234	-0.536716863530528	-0.30546590088129405	negative	True	False	False
ENSMUSG00000097456	0.234228991048285	0.398886118353232	0.552243749929419	7.23216875396162	674	0.6559454191033138	0.6303593523333569	0.3418303939771267	False	WT/FF	GM16958	GM16958	-0.0900709654886995	-0.418281441052614	-0.32821047556391447	negative	True	False	False
ENSMUSG00000085067	0.234755297837185	0.399560515649621	-0.428371116438184	14.2156684440893	675	0.6569200779727096	0.6293845980160863	0.3408591775076833	False	WT/FF	GM15631	GM15631	-0.265454189690286	-0.733896652502439	-0.46844246281215296	negative	True	False	False
ENSMUSG00000050578	0.235157364886605	0.400022822304133	1.58345750550642	153.771385778647	676	0.6578947368421053	0.6286414150487776	0.3398871446697851	False	WT/FF	MMP13	MMP13	1.54591326374113	-3.56975232517321	-5.115665588914339	negative	True	False	False
ENSMUSG00000001249	0.235216672243304	0.400092003674704	-0.354480724439157	22.5678299566545	677	0.6588693957115009	0.6285318985540139	0.3389128779401762	False	WT/FF	HPN	HPN	-0.467209696934088	-0.806159049923942	-0.33894935298985407	negative	True	False	False
ENSMUSG00000023403	0.237389825283833	0.402480845868632	-0.637781297936919	6.84127175709719	678	0.6598440545808967	0.6245378991884286	0.3379523053453549	False	WT/FF	STK31	STK31	0.00506480885472193	-1.15328313059337	-1.1583479394480918	negative	True	False	False
ENSMUSG00000011118	0.237421782022057	0.402503235893657	-0.920411330415306	7.23076273439472	679	0.6608187134502924	0.6244794396441474	0.3369778586224791	False	WT/FF	PANX3	PANX3	-0.818568430561342	-1.63255735289024	-0.813988922328898	negative	True	False	False
ENSMUSG00000115771	0.237547535554798	0.402646358339681	-0.518075448516605	7.71074267410879	680	0.6617933723196882	0.6242494708246707	0.3360040165286389	False	WT/FF	GM49312	GM49312	-0.700851728467952	-0.334819034062246	0.36603269440570596	positive	False	False	False
ENSMUSG00000074240	0.240403628567448	0.406234693091529	-0.45388919307095	9.14169129671565	681	0.6627680311890838	0.6190589815323304	0.33504766197129504	False	WT/FF	CIB3	CIB3	-0.31684602668848	0.926558203772515	1.243404230460995	positive	True	False	False
ENSMUSG00000029597	0.243860512035207	0.410275864201563	-0.724631403936842	6.8564349864376	682	0.6637426900584795	0.6128585186433211	0.3340948679173758	False	WT/FF	SDS	SDS	-0.0276881348872221	0.314626374055704	0.3423145089429261	positive	True	False	False
ENSMUSG00000064370	0.243935379452926	0.410305348326007	0.095162536130697	241652.824033374	683	0.6647173489278753	0.6127252067101442	0.3331206850748508	False	WT/FF	MT-CYTB	MT-CYTB	0.114058442171574	-0.24960005202065	-0.363658494192224	negative	True	False	False
ENSMUSG00000108325	0.244099597397274	0.410549397299215	0.127519813546295	134.884562551376	684	0.665692007797271	0.6124329368805849	0.332147062613445	False	WT/FF	GM44898	GM44898	0.0782955453075494	0.43942177125619	0.3611262259486406	positive	True	False	False
ENSMUSG00000075592	0.244156803187623	0.410613439143333	0.117916974093518	669.436823200866	685	0.6666666666666666	0.6123311700254431	0.3311727685636978	False	WT/FF	NYNRIN	NYNRIN	0.114919570068644	-0.246068191441545	-0.36098776151018896	negative	True	False	False
ENSMUSG00000071636	0.249958995072866	0.417265711815394	-0.562377753168269	6.40082741176493	686	0.6676413255360624	0.6021312300247378	0.33023407403871696	False	WT/FF	RIMBP3	RIMBP3	-0.574216561730021	1.57221419717925	2.146430758909271	positive	True	False	False
ENSMUSG00000091119	0.253754367303525	0.421601489824881	-0.358870919624324	29.5985001172972	687	0.6686159844054581	0.5955864744797166	0.3292824937345283	False	WT/FF	CCDC152	CCDC152	0.106680484818515	-0.280099416160648	-0.386779900979163	negative	True	False	False
ENSMUSG00000037053	0.254321521867851	0.422216998330648	-0.477723984063429	14.0039602143982	688	0.6695906432748538	0.5946168862538987	0.3283112590528401	False	WT/FF	AZGP1	AZGP1	-0.552949321646076	-1.08706674960515	-0.534117427959074	negative	True	False	False
ENSMUSG00000087400	0.25460832939621	0.42255734676448	-0.251656381182648	49.5236455687915	689	0.6705653021442495	0.5941273927026307	0.327338331872716	False	WT/FF	GM15270	GM15270	0.0114640024214812	-1.11507445189944	-1.1265384543209211	negative	True	False	False
ENSMUSG00000030218	0.257929428654913	0.426041690290847	0.477045855664342	3611.99053814742	690	0.6715399610136452	0.5884991038748628	0.3263835207089324	False	WT/FF	MGP	MGP	0.447148427007667	-0.924124811495795	-1.3712732385034618	negative	True	False	False
ENSMUSG00000030137	0.260329845293131	0.42853465577823	-0.182522473956678	164.79981628239	691	0.672514619883041	0.5844760397159631	0.325423050577479	False	WT/FF	TUBA8	TUBA8	-0.220206351559261	-0.698264051422693	-0.478057699863432	negative	True	False	False
ENSMUSG00000032334	0.262085413417557	0.430709346533554	0.384495008074932	815.996346802793	692	0.6734892787524367	0.5815571494026855	0.3244586878544054	False	WT/FF	LOXL1	LOXL1	0.381949496375163	-0.834071397661695	-1.216020894036858	negative	True	False	False
ENSMUSG00000064367	0.267211410816317	0.43629422260463	0.0941222824837268	149611.018368951	693	0.6744639376218323	0.5731449999811196	0.3235136907542875	False	WT/FF	MT-ND5	MT-ND5	0.0968575061160783	-0.213468831903303	-0.3103263380193813	negative	True	False	False
ENSMUSG00000025993	0.27044963271264	0.44010854490255	-0.188745081098969	166.389621686748	694	0.6754385964912281	0.5679136040203344	0.32255748040698373	False	WT/FF	SLC40A1	SLC40A1	-0.175893772825831	-0.48132791378917	-0.305434140963339	negative	True	False	False
ENSMUSG00000056427	0.270589350988249	0.440208933422095	0.205419961886925	370.778002311516	695	0.6764132553606238	0.5676892990098088	0.32158361834627397	False	WT/FF	SLIT3	SLIT3	0.164375351529187	-0.479351914927658	-0.643727266456845	negative	True	False	False
ENSMUSG00000072387	0.27160098067552	0.441326169800175	0.519983988345873	6.57115714707353	696	0.6773879142300195	0.5660686662722503	0.32061467881984657	False	WT/FF	GM10356	GM10356	-0.103496569078497	-0.56118633098751	-0.457689761909013	negative	True	False	False
ENSMUSG00000112058	0.275157609593893	0.445458589169239	0.187940687184205	123.449751410233	697	0.6783625730994152	0.5604184720989123	0.31965994487992144	False	WT/FF	GM47593	GM47593	0.174456867768118	0.78049899222353	0.6060421244554121	positive	True	False	False
ENSMUSG00000120046	0.27613192882572	0.44654572729945	-0.229439043255695	32.6976561493996	698	0.6793372319688109	0.5588833734726228	0.31869070381640735	False	WT/FF	GM33318	GM33318	-0.197481242611252	-0.519857217040386	-0.322375974429134	negative	True	False	False
ENSMUSG00000054580	0.277498768252038	0.448131171301423	-0.0886129753623042	299.233327643644	699	0.6803118908382066	0.5567389402621346	0.31772361086634976	False	WT/FF	PLA2R1	PLA2R1	-0.116221420999362	0.292937733973289	0.409159154972651	positive	True	False	False
ENSMUSG00000030319	0.278017438910714	0.448841549092382	0.112290273975584	256.735947822109	700	0.6812865497076024	0.555927961689272	0.31675181703122013	False	WT/FF	CAND2	CAND2	0.090124290853628	-0.21221421372952	-0.30233850458314804	negative	True	False	False
ENSMUSG00000073699	0.278174826641614	0.449017195322136	-0.387767713712765	11.7565632094292	701	0.682261208576998	0.5556821739316674	0.3157780307045639	False	WT/FF	GM833	GM833	-0.460437854980857	-0.971184727766233	-0.510746872785376	negative	True	False	False
ENSMUSG00000001657	0.279765203384932	0.450994281755854	-0.0961112043218493	349.405774395251	702	0.6832358674463938	0.5532063031310825	0.3148121061857195	False	WT/FF	HOXC8	HOXC8	-0.0981842259830586	-0.426854314331847	-0.3286700883487884	negative	True	False	False
ENSMUSG00000039007	0.280231293356409	0.45144768912698	0.143489106732832	1248.0060021814	703	0.6842105263157895	0.5524833687891635	0.3138400019644699	False	WT/FF	CPQ	CPQ	0.128904973402435	-0.344282289474143	-0.47318726287657803	negative	True	False	False
ENSMUSG00000029307	0.281646535501887	0.452947205994475	-0.62288883082993	48.2224399432118	704	0.6851851851851852	0.5502955865968073	0.31287306183444547	False	WT/FF	DMP1	DMP1	-0.548810089294806	-1.81168480288969	-1.262874713594884	negative	True	False	False
ENSMUSG00000073529	0.283770395632296	0.455179037100957	-0.424899384876052	13.4900206969951	705	0.6861598440545809	0.5470329143195779	0.3119099110607379	False	WT/FF	F830208F22RIK	F830208F22RIK	-0.134379356937367	0.337804287669821	0.472183644607188	positive	True	False	False
ENSMUSG00000027460	0.284413397251592	0.455851413828318	-0.228014433222794	44.6555640547838	706	0.6871345029239766	0.5460499500822129	0.3109387235340795	False	WT/FF	ANGPT4	ANGPT4	-0.302920482784601	-1.06750705966749	-0.764586576882889	negative	True	False	False
ENSMUSG00000032443	0.287403432400205	0.459340486925977	-0.243647793392443	29.0936965524649	707	0.6881091617933723	0.5415080494809605	0.309980082479085	False	WT/FF	ZCWPW2	ZCWPW2	-0.352888611140172	-0.0462333151175151	0.3066552960226569	positive	False	False	False
ENSMUSG00000031613	0.288828046198244	0.460862472288077	-0.195880971408767	252.519484998431	708	0.6890838206627681	0.5393606375645121	0.30901300002998805	False	WT/FF	HPGD	HPGD	-0.231766609129206	-0.637450886538662	-0.405684277409456	negative	True	False	False
ENSMUSG00000116895	0.28912760169677	0.461134786984387	-0.247823434173315	25.1103710098752	709	0.6900584795321637	0.5389104462318142	0.30803993429605975	False	WT/FF	ERMARDL1	ERMARDL1	-0.0364182132783429	-0.603958948048549	-0.5675407347702061	negative	False	False	False
ENSMUSG00000039005	0.289681242392281	0.461846223202072	0.0972885221597407	372.983564795266	710	0.6910331384015594	0.5380796255738294	0.30706821041108745	False	WT/FF	TLR4	TLR4	0.0613321120154422	-0.246068587527018	-0.3074006995424602	negative	True	False	False
ENSMUSG00000117648	0.294488019627368	0.467254034246514	-0.298835197578359	20.291343653576	711	0.6920077972709552	0.5309323685018653	0.3061187541314843	False	WT/FF	GM32282	GM32282	0.000741783007376568	-0.431229677774556	-0.4319714607819326	negative	True	False	False
ENSMUSG00000039308	0.296573219065031	0.469521404266535	0.0732152437772801	410.945326505877	712	0.6929824561403509	0.5278680688754046	0.30515490402612605	False	WT/FF	NDST2	NDST2	0.0491182341846503	-0.25422762521797	-0.30334585940262027	negative	True	False	False
ENSMUSG00000062345	0.297105906487986	0.469983447949233	0.959774955857296	7.28900097470817	713	0.6939571150097466	0.5270887143032298	0.30418299870554455	False	WT/FF	SERPINB2	SERPINB2	0.461594779399385	1.93979707036975	1.4782022909703652	positive	True	False	False
ENSMUSG00000054764	0.303392011208041	0.47742928763227	-0.734398343677326	4.69281773828494	714	0.6949317738791423	0.5179958590599772	0.3032404013269808	False	WT/FF	MTNR1A	MTNR1A	-0.936582158261063	-2.17429267242449	-1.2377105141634273	negative	True	False	False
ENSMUSG00000062329	0.303938050947475	0.477928284332028	-0.65058358546605	90.6926855799922	715	0.695906432748538	0.5172149258428982	0.3022685015716642	False	WT/FF	CYTL1	CYTL1	-0.660357867613839	-2.22648716208484	-1.566129294471001	negative	True	False	False
ENSMUSG00000112276	0.30541349874888	0.479755353257994	-0.216717581029074	37.3874710598035	716	0.6968810916179338	0.515111771789766	0.3013012630984151	False	WT/FF	5033421B08RIK	5033421B08RIK	-0.0646214724285587	0.240519755451545	0.30514122788010367	positive	True	False	False
ENSMUSG00000033149	0.307602708480796	0.4818652660183	0.213395565462422	612.353532621604	717	0.6978557504873294	0.5120098448358686	0.3003375456422953	False	WT/FF	PHLDB2	PHLDB2	0.169232551733721	-0.597506479013064	-0.766739030746785	negative	True	False	False
ENSMUSG00000025094	0.311949762809992	0.486473927241504	0.229045825536303	32.5114338837888	718	0.6988304093567251	0.5059153402479177	0.2993843780490131	False	WT/FF	SLC18A2	SLC18A2	-0.00759141383303637	0.296085668090447	0.30367708192348336	positive	False	False	False
ENSMUSG00000047759	0.314042953121292	0.48885032862231	-0.289709949108232	61.1591601353561	719	0.6998050682261209	0.5030109473797106	0.2984199642174721	False	WT/FF	HS3ST3A1	HS3ST3A1	-0.366182208907686	-0.805176930702424	-0.43899472179473803	negative	True	False	False
ENSMUSG00000027188	0.315100563629178	0.489917753278963	0.436491076867926	297.067362588493	720	0.7007797270955166	0.5015508199906372	0.2974504588546261	False	WT/FF	PAMR1	PAMR1	0.385040601384794	-1.11644988795208	-1.501490489336874	negative	True	False	False
ENSMUSG00000119895	0.316128277530712	0.490921623777347	-0.675516514656772	12.1636331317508	721	0.7017543859649122	0.5001366549788993	0.2964807914586316	False	WT/FF	GM22513	GM22513	-0.654650995492644	-1.29575764877762	-0.6411066532849758	negative	True	False	False
ENSMUSG00000021647	0.321964035049721	0.497111598236971	-0.210935608793708	739.876497701689	722	0.702729044834308	0.4921926384029144	0.29553414402962813	False	WT/FF	CARTPT	CARTPT	-0.212361023343922	-0.56986369796383	-0.3575026746199079	negative	True	False	False
ENSMUSG00000110332	0.322175588003102	0.497111930137621	-0.153498158559954	117.222840340028	723	0.7037037037037037	0.49190737017752045	0.2945604968851656	False	WT/FF	GM19935	GM19935	-0.187408214491422	-0.659235311021979	-0.471827096530557	negative	True	False	False
ENSMUSG00000030693	0.323857080592059	0.498845873420575	-0.394742552739189	23.7587377497922	724	0.7046783625730995	0.4896466033856197	0.29359381405089374	False	WT/FF	KLK10	KLK10	-0.38771395752748	-0.85628785048929	-0.46857389296181	negative	True	False	False
ENSMUSG00000068122	0.326697526002529	0.501852661597987	-0.470422890553613	8.14110247178693	725	0.7056530214424951	0.48585415431402734	0.2926325309221394	False	WT/FF	AGTR2	AGTR2	-0.312923140408412	-1.28628789795219	-0.9733647575437778	negative	True	False	False
ENSMUSG00000109372	0.327036484509425	0.502193660238881	0.194421170582812	39.5116576142262	726	0.7066276803118908	0.48540379432062414	0.2916594657827979	False	WT/FF	GM19410	GM19410	0.227873440253302	0.640090525263589	0.412217085010287	positive	True	False	False
ENSMUSG00000054320	0.327432693966318	0.502581547556061	-0.231267870141197	26.0656839307837	727	0.7076023391812866	0.4848779587045649	0.29068666672092003	False	WT/FF	LRRC36	LRRC36	-0.627373345905724	-0.286862430574986	0.340510915330738	positive	False	False	False
ENSMUSG00000117545	0.327544809034046	0.502644462032257	-0.36794380175083	14.8854308407158	728	0.7085769980506823	0.48472927892394657	0.28971253805532976	False	WT/FF	GM30794	GM30794	-0.360376522753379	-0.896138880146104	-0.535762357392725	negative	True	False	False
ENSMUSG00000040037	0.328643576739644	0.503796544904178	-0.162133235418284	1811.4115476097	729	0.7095516569200779	0.48327485148277416	0.2887430125982119	False	WT/FF	NEGR1	NEGR1	-0.15355582574732	-0.50424031341879	-0.3506844876714701	negative	True	False	False
ENSMUSG00000001911	0.330433208804246	0.505997733004774	0.15766810715322	1445.38412080888	730	0.7105263157894737	0.4809163122121914	0.28777667444547067	False	WT/FF	NFIX	NFIX	0.150763591582091	-0.493017628967164	-0.643781220549255	negative	True	False	False
ENSMUSG00000108118	0.33284837694506	0.508752724259659	-0.553383139155856	6.71136348521745	731	0.7115009746588694	0.4777535564395836	0.28681317143180546	False	WT/FF	GM34312	GM34312	-0.973721032255639	-0.58114986165176	0.392571170603879	positive	True	False	False
ENSMUSG00000017969	0.333664370720931	0.509584063127663	0.436426318339043	484.785149917466	732	0.7124756335282652	0.4766901656119551	0.28584226743647007	False	WT/FF	PTGIS	PTGIS	-0.17332757712557	-0.607869813893288	-0.43454223676771797	negative	True	False	False
ENSMUSG00000063804	0.334324994575253	0.510137925330706	0.125398996747732	114.749722383655	733	0.7134502923976608	0.4758311537683871	0.2848706429350986	False	WT/FF	LIN28B	LIN28B	0.0376781245485016	0.36431833591838	0.32664021136987836	positive	True	False	False
ENSMUSG00000048368	0.337395872445853	0.513691736855286	0.283564020186873	227.061220162209	734	0.7144249512670565	0.4718602346839254	0.28390998897436814	False	WT/FF	OMD	OMD	0.247585352848715	-0.827349125360028	-1.074934478208743	negative	True	False	False
ENSMUSG00000003341	0.338074663021861	0.514345647265339	-0.20117485980003	64.5847438140227	735	0.7153996101364523	0.4709873761792758	0.2829384132872274	False	WT/FF	ATP8B3	ATP8B3	-0.235162766338621	-0.638336698013069	-0.40317393167444804	negative	True	False	False
ENSMUSG00000072568	0.341794396683196	0.518476328118259	0.103555719611836	150.61141522968	736	0.716374269005848	0.4662350613037411	0.28198051401473767	False	WT/FF	LRATD2	LRATD2	0.129291709160187	-0.26998107067555	-0.399272779835737	negative	True	False	False
ENSMUSG00000053963	0.343042432281029	0.519692620903241	-0.223487645706697	267.351347857993	737	0.7173489278752436	0.4646521570250555	0.2810114414825492	False	WT/FF	STUM	STUM	-0.215823422674425	-0.727659729358431	-0.511836306684006	negative	True	False	False
ENSMUSG00000019933	0.343825947747057	0.520595381249737	0.430920244948685	12.7928214409832	738	0.7183235867446394	0.46366135121460716	0.2800402816001261	False	WT/FF	MRLN	MRLN	0.311205506784774	-1.13313879288632	-1.4443442996710938	negative	True	False	False
ENSMUSG00000054293	0.347273634460466	0.524194911562362	-0.388154565714217	12.4614075234809	739	0.7192982456140351	0.4593281877315273	0.27908090467517765	False	WT/FF	P2RY10B	P2RY10B	-0.496183449296259	-0.964694247527871	-0.468510798231612	negative	True	False	False
ENSMUSG00000010307	0.34933240658544	0.526561999842922	-0.0993518353355986	1310.89026715758	740	0.7202729044834308	0.4567611242151704	0.2781153016419421	False	WT/FF	TMEM86A	TMEM86A	-0.108174753826516	-0.55512361981287	-0.44694886598635397	negative	True	False	False
ENSMUSG00000066878	0.350321943652494	0.527591088375599	0.412613693729129	7.66615911079071	741	0.7212475633528265	0.45553265826120604	0.27714497959306034	False	WT/FF	KPNA2RT	KPNA2RT	0.291168696926448	0.794904710196064	0.503736013269616	positive	True	False	False
ENSMUSG00000031209	0.35052264286529	0.527763137528674	0.300790765597072	60.9117313211711	742	0.7222222222222222	0.4552839224795534	0.27617120365920017	False	WT/FF	HEPH	HEPH	0.19185606153221	-0.40941344039283	-0.60126950192504	negative	True	False	False
ENSMUSG00000005493	0.352174778972841	0.529285430611987	0.367642785426554	10.7572006919552	743	0.723196881091618	0.4532417492918719	0.2752037502074796	False	WT/FF	MSH4	MSH4	0.157674764041897	-0.902678563080526	-1.060353327122423	negative	True	False	False
ENSMUSG00000101655	0.35666191942161	0.533712426790121	-0.271843950581453	53.7854938985095	744	0.7241715399610137	0.4477432575467513	0.2742484814644494	False	WT/FF	2310040G24RIK	2310040G24RIK	-0.265908541504429	-0.748965548356993	-0.48305700685256403	negative	True	False	False
ENSMUSG00000083863	0.357329948656692	0.534361434876095	0.209683134955249	43.2569978508632	745	0.7251461988304093	0.4469305830383313	0.2732766936080746	False	WT/FF	GM13341	GM13341	0.0226561656037381	-0.344934775287061	-0.36759094089079913	negative	True	False	False
ENSMUSG00000020866	0.362938277350149	0.540392698434848	0.386336508753546	197.195847689872	746	0.7261208576998051	0.44016722643897754	0.2723258839475988	False	WT/FF	CACNA1G	CACNA1G	0.348702503089682	-1.13569875696818	-1.484401260057862	negative	True	False	False
ENSMUSG00000025324	0.364903341216334	0.542292737579958	0.184568129310571	275.515446888652	747	0.7270955165692008	0.43782216002484653	0.2713594982984165	False	WT/FF	ATP10A	ATP10A	0.135867782557232	-0.603563145852171	-0.7394309284094029	negative	True	False	False
ENSMUSG00000022665	0.367792174115707	0.544973204222252	0.155761567941448	749.975741798623	748	0.7280701754385965	0.4343975159204628	0.2703969185309679	False	WT/FF	CCDC80	CCDC80	0.13335985542443	-0.680765517676453	-0.814125373100883	negative	True	False	False
ENSMUSG00000043243	0.370181998434454	0.547580687679719	-0.328394732745825	12.8540821052523	749	0.7290448343079922	0.4315847043585585	0.2694321818439031	False	WT/FF	NIBAN3	NIBAN3	-0.695132467425922	-0.0826266056422715	0.6125058617836505	positive	True	False	False
ENSMUSG00000034959	0.374069236429927	0.550776475012334	-0.21139431301624	28.3944886244084	750	0.7300194931773879	0.4270480068461548	0.2684735224462354	False	WT/FF	RUBCNL	RUBCNL	-0.283616184360544	0.154473525845118	0.438089710205662	positive	True	False	False
ENSMUSG00000026574	0.377090141640929	0.553970502358622	0.301712282322915	161.008835355276	751	0.7309941520467836	0.42355482131198763	0.2675111843108417	False	WT/FF	DPT	DPT	0.327671465373873	-1.13186864170288	-1.459540107076753	negative	True	False	False
ENSMUSG00000047420	0.381275519258364	0.558208995798666	0.362758837747118	134.901517156996	752	0.7319688109161794	0.4187610787869649	0.2665534310850292	False	WT/FF	FAM180A	FAM180A	0.35972897464066	-1.22015423122631	-1.57988320586697	negative	True	False	False
ENSMUSG00000009214	0.383344787845261	0.560390202661285	-0.152518058449165	63.6176798946797	753	0.732943469785575	0.4164104372608327	0.26558706509002933	False	WT/FF	MYMK	MYMK	-0.235440520286825	-0.581783411517164	-0.34634289123033896	negative	True	False	False
ENSMUSG00000012187	0.385106817292098	0.561927090462627	-0.190625011560621	33.7855723089225	754	0.7339181286549707	0.41441879328032327	0.26461943350551803	False	WT/FF	MOGAT1	MOGAT1	-0.310809882055304	-0.689232506518216	-0.37842262446291197	negative	True	False	False
ENSMUSG00000022123	0.386590288428713	0.563431890731434	0.276590772876803	65.024906077057	755	0.7348927875243665	0.41274906012328705	0.2636506670749145	False	WT/FF	SCEL	SCEL	0.20242425374206	-0.846279380979867	-1.048703634721927	negative	True	False	False
ENSMUSG00000103469	0.386605492114271	0.563431890731434	0.433468905142589	6.21309075165438	756	0.7358674463937622	0.41273198067999617	0.2626760744729863	False	WT/FF	GM9910	GM9910	0.224517715953054	0.545984086742324	0.32146637078927	positive	False	False	False
ENSMUSG00000102202	0.387846893111772	0.564556954467844	-0.477631836319024	6.41950521492755	757	0.7368421052631579	0.4113396831673727	0.2617063299865552	False	WT/FF	GM33280	GM33280	-0.27479395396616	-0.694396683184976	-0.41960272921881603	negative	True	False	False
ENSMUSG00000021714	0.391431803398223	0.567965059601613	-0.166161903831563	42.5310862191301	758	0.7378167641325536	0.40734389130133813	0.26074576371091296	False	WT/FF	CENPK	CENPK	-0.164047666934793	-0.525005107344223	-0.36095744040943	negative	True	False	False
ENSMUSG00000069378	0.393043996520251	0.569697547608788	0.492236991218697	126.626854784101	759	0.7387914230019493	0.4055588328904655	0.25977740384139436	False	WT/FF	PRDM6	PRDM6	0.425037937352922	-1.40834917932595	-1.833387116678872	negative	True	False	False
ENSMUSG00000105096	0.394320285897922	0.570767313357033	-0.866439497880882	13.3785031620232	760	0.7397660818713451	0.4041508799724109	0.25880771454563833	False	WT/FF	GBP10	GBP10	-0.668225587422502	-1.42721827538101	-0.758992687958508	negative	True	False	False
ENSMUSG00000117113	0.397327970919927	0.573653322303899	0.125627619960115	87.0057179693306	761	0.7407407407407407	0.40085086059631914	0.25784469543326716	False	WT/FF	GM49883	GM49883	0.10910026323391	0.417384186381698	0.30828392314778796	positive	True	False	False
ENSMUSG00000061758	0.401845268817006	0.578064999896013	0.0772533194607083	319.668024815037	762	0.7417153996101364	0.39594114053447477	0.25688735106806093	False	WT/FF	AKR1B10	AKR1B10	0.0496736647224127	-0.25248042973865	-0.30215409446106267	negative	True	False	False
ENSMUSG00000054889	0.403066648365042	0.579403246086118	0.459920669047083	48.774280820478	763	0.7426900584795322	0.3946231359334366	0.2559173446736282	False	WT/FF	DSP	DSP	0.36467928641758	-1.8164207663671	-2.18110005278468	negative	True	False	False
ENSMUSG00000039084	0.403231056336479	0.579600767063001	0.448657308323529	281.172985047038	764	0.7436647173489279	0.39444602647287585	0.25494331623241306	False	WT/FF	CHAD	CHAD	0.427920292279731	-2.55880265004778	-2.986722942327511	negative	True	False	False
ENSMUSG00000115699	0.407828622785253	0.583980335982139	-0.228447758342878	30.7530679502098	765	0.7446393762183235	0.3895222972399115	0.2539860212543413	False	WT/FF	GM6961	GM6961	0.146799542581711	0.475895478314266	0.329095935732555	positive	True	False	False
ENSMUSG00000020053	0.412716186817595	0.588936094278169	0.290513674959447	877.610315237832	766	0.7456140350877193	0.38434849766558565	0.25302960786001544	False	WT/FF	IGF1	IGF1	0.267740812756381	-1.22177942962151	-1.489520242377891	negative	True	False	False
ENSMUSG00000042745	0.413357220614206	0.589537312982828	-0.159990644724059	624.630913419995	767	0.746588693957115	0.38367447161908996	0.2520573312202454	False	WT/FF	ID1	ID1	-0.18461576904468	-0.682853231922101	-0.498237462877421	negative	True	False	False
ENSMUSG00000113771	0.4138632226853	0.590023772209779	-0.358785925936882	8.28837678579682	768	0.7475633528265108	0.3831431647915187	0.2510845514462652	False	WT/FF	GM36529	GM36529	-0.678760486417338	-1.16993475413081	-0.49117426771347206	negative	True	False	False
ENSMUSG00000046318	0.414750859097666	0.590857575085645	-0.169849614094506	61.1027734253619	769	0.7485380116959064	0.3822127057231572	0.2501131788208729	False	WT/FF	CCBE1	CCBE1	-0.197331644709048	-0.781982627393153	-0.5846509826841051	negative	True	False	False
ENSMUSG00000058914	0.416180395473348	0.592068948852203	0.572101650591682	87.5627641195535	770	0.7495126705653021	0.38071838144845466	0.24914379401378084	False	WT/FF	C1QTNF3	C1QTNF3	0.427224943728554	-1.75587995746388	-2.1831049011924337	negative	True	False	False
ENSMUSG00000120064	0.418303637012722	0.5939872906076	-0.303912226459985	9.79680823347137	771	0.7504873294346979	0.37850835935508814	0.24817693228703738	False	WT/FF	GM56823	GM56823	-0.658553790149861	0.0274546189126882	0.6860084090625492	positive	True	False	False
ENSMUSG00000075297	0.420089631159001	0.59585331191087	-0.17240866503372	36.5402149195077	772	0.7514619883040936	0.37665803778122553	0.2472088024925585	False	WT/FF	H60B	H60B	0.419873919113852	-0.11605423771566	-0.535928156829512	negative	True	False	False
ENSMUSG00000031274	0.421134206853367	0.596979917078147	0.152733286361722	144.594814460524	773	0.7524366471734892	0.3755794813431947	0.2462379519612029	False	WT/FF	COL4A5	COL4A5	0.150735792843882	-0.465548898280288	-0.61628469112417	negative	True	False	False
ENSMUSG00000056973	0.423535579748408	0.59935491824638	-0.67301137364327	41.409725771072	774	0.753411306042885	0.37311010023446706	0.24527200456396805	False	WT/FF	CES1D	CES1D	-0.658511343514682	-2.08225657476289	-1.423745231248208	negative	True	False	False
ENSMUSG00000025557	0.424134840156958	0.59979876335905	0.283256788270623	17.4174194669951	775	0.7543859649122807	0.3724960513638173	0.24429951648407647	False	WT/FF	SLC15A1	SLC15A1	0.120874953349879	0.852401910504444	0.7315269571545651	positive	True	False	False
ENSMUSG00000035258	0.427570141214372	0.603076460431547	0.13932016136842	822.934855143614	776	0.7553606237816765	0.3689926307752526	0.24333721443076098	False	WT/FF	ABI3BP	ABI3BP	0.100939296166453	-0.456321320912824	-0.557260617079277	negative	True	False	False
ENSMUSG00000055373	0.427642572472831	0.603099366710583	-0.227819233607439	21.0773088338528	777	0.7563352826510721	0.36891906663047824	0.24236282095678408	False	WT/FF	FUT9	FUT9	-0.25856318902548	-0.661464365845149	-0.402901176819669	negative	True	False	False
ENSMUSG00000004948	0.429066789982144	0.604234580709618	0.233265293181131	19.4247445024727	778	0.7573099415204678	0.3674750988107349	0.24139325862591218	False	WT/FF	ZP3	ZP3	0.350294495317254	0.819271434713084	0.46897693939582996	positive	True	False	False
ENSMUSG00000062391	0.43446145492154	0.609751526076873	-0.265695137769188	18.2587016753244	779	0.7582846003898636	0.3620487477709736	0.24043773556214598	False	WT/FF	4932435O22RIK	4932435O22RIK	-0.688693863457474	-0.314087142228348	0.37460672122912597	positive	True	False	False
ENSMUSG00000080893	0.436548838433108	0.611641365825017	-0.225620513921087	22.3679639208866	780	0.7592592592592593	0.35996716301105364	0.23947042104973865	False	WT/FF	NDUFA12-PS	NDUFA12-PS	0.04728093876263	-0.588104447818609	-0.635385386581239	negative	False	False	False
ENSMUSG00000021943	0.440669367379747	0.615486280185675	0.224774933439493	150.407731960561	781	0.7602339181286549	0.3558871379183153	0.2385101517251189	False	WT/FF	GDF10	GDF10	0.125406024649118	-0.834756994015817	-0.960163018664935	negative	True	False	False
ENSMUSG00000140766	0.441845519529711	0.616727740569918	-0.336282110182728	9.87829680189261	782	0.7612085769980507	0.354729544548267	0.23753957982606405	False	WT/FF	GM7931	GM7931	0.179057986088575	-0.440528323536128	-0.619586309624703	negative	True	False	False
ENSMUSG00000022832	0.446231021106913	0.620561911898044	-0.358227511182059	7.30537078869741	783	0.7621832358674464	0.35044024170063426	0.23658004827732815	False	WT/FF	ROPN1	ROPN1	-0.225624748508887	-1.25060414187807	-1.024979393369183	negative	True	False	False
ENSMUSG00000064341	0.453755266306177	0.627435618817855	0.0546972982385091	163195.008134175	784	0.7631578947368421	0.3431783214832352	0.2356309962246507	False	WT/FF	MT-ND1	MT-ND1	0.0909626106551082	-0.255590027690387	-0.3465526383454952	negative	True	False	False
ENSMUSG00000040140	0.454234617344049	0.627936649659155	0.181525750567991	44.313928351587	785	0.7641325536062378	0.3427197711541374	0.23465795995905245	False	WT/FF	TDRD6	TDRD6	0.0289127476318279	0.380636115127125	0.3517233674952971	positive	True	False	False
ENSMUSG00000083672	0.457015239775105	0.630437413580948	0.198718057715362	20.1868463719633	786	0.7651072124756335	0.34006931756717346	0.23369265090442495	False	WT/FF	KPNA2-PS	KPNA2-PS	0.167738348261644	0.809989851864934	0.64225150360329	positive	True	False	False
ENSMUSG00000032346	0.457043397290202	0.630437413580948	-0.076990997318451	184.702711176352	787	0.7660818713450293	0.3400425607423075	0.23271809241858676	False	WT/FF	OOEP	OOEP	-0.0800113367689041	0.331920630254017	0.4119319670229211	positive	True	False	False
ENSMUSG00000087694	0.459000226464055	0.632244536786281	-0.226714968823963	20.1809626279137	788	0.767056530214425	0.338187100188087	0.2317499807407768	False	WT/FF	GJD2OS	GJD2OS	-0.197975024800881	-1.14522082902522	-0.9472458042243389	negative	True	False	False
ENSMUSG00000064369	0.459473831167902	0.63271241029432	-0.395339961436758	7.5284875417223	789	0.7680311890838206	0.33773921834318416	0.23077690686511174	False	WT/FF	MT-TE	MT-TE	0.089502120576731	-0.291285014181614	-0.380787134758345	negative	False	False	False
ENSMUSG00000026725	0.460061351366335	0.633218579663359	0.467354316644558	14.8033573778741	790	0.7690058479532164	0.33718424922453843	0.22980421050882555	False	WT/FF	TNN	TNN	0.476975521126697	-1.73784721801416	-2.214822739140857	negative	True	False	False
ENSMUSG00000101086	0.461218370148833	0.63428237129956	-0.316979655414885	9.86475608493127	791	0.7699805068226121	0.33609340325204284	0.2288334033022949	False	WT/FF	GM28651	GM28651	-0.172701904609055	-0.750533993925139	-0.577832089316084	negative	True	False	False
ENSMUSG00000034353	0.465200885370006	0.637567040917069	0.348481148457102	194.255238611201	792	0.7709551656920078	0.33235946739384253	0.22787191389438885	False	WT/FF	RAMP1	RAMP1	0.342646115825743	-1.29130520214617	-1.633951317971913	negative	True	False	False
ENSMUSG00000031111	0.465361261181465	0.637732688490892	0.36107802234746	23.8854624894471	793	0.7719298245614035	0.3322097722211019	0.22689778880840422	False	WT/FF	IGSF1	IGSF1	0.278613680997199	-1.61565762087769	-1.8942713018748891	negative	True	False	False
ENSMUSG00000033715	0.466378576945719	0.638448226452185	0.0958859104483281	165.080279562276	794	0.7729044834307992	0.33126140706538815	0.2259264793081128	False	WT/FF	AKR1C14	AKR1C14	0.0426926622701229	-0.419918112444273	-0.46261077471439593	negative	True	False	False
ENSMUSG00000026147	0.467454161145806	0.639145414825535	-0.592957555009084	13.9304246379508	795	0.7738791423001949	0.33026096989836273	0.224955353379526	False	WT/FF	COL9A1	COL9A1	-0.457854844788175	-3.28842260763417	-2.8305677628459947	negative	True	False	False
ENSMUSG00000041703	0.467847707069437	0.639406379259612	0.348655842155612	45.4213853637156	796	0.7748538011695907	0.32989549466752366	0.2239819889922747	False	WT/FF	ZIC5	ZIC5	0.414872700875346	-1.0940460087622	-1.508918709637546	negative	True	False	False
ENSMUSG00000026170	0.471060259159965	0.642131079847736	-0.182717544042905	149.480239255033	797	0.7758284600389863	0.32692353332395563	0.22301781336279045	False	WT/FF	CYP27A1	CYP27A1	-0.174635350321431	-0.581295021065793	-0.40665967074436205	negative	True	False	False
ENSMUSG00000096768	0.475117387246678	0.645418703910812	0.322154422921296	15.9860419605134	798	0.776803118908382	0.32319907598551845	0.22205629053985038	False	WT/FF	ERDR1Y	ERDR1Y	1.22794210125259	-0.404327175916929	-1.6322692771695189	negative	True	False	False
ENSMUSG00000041559	0.475248332869778	0.645418703910812	0.446804013746573	1424.71459858455	799	0.7777777777777778	0.323079397927487	0.2210820596332381	False	WT/FF	FMOD	FMOD	0.432331561585002	-1.56000405161541	-1.992335613200412	negative	True	False	False
ENSMUSG00000035948	0.475269423866496	0.645418703910812	0.0754433757877364	154.502822615493	800	0.7787524366471735	0.32306012484515045	0.2201074747646401	False	WT/FF	ACSS3	ACSS3	0.107859444078343	-0.412438501039551	-0.520297945117894	negative	True	False	False
ENSMUSG00000032289	0.478054778738747	0.647685172961749	0.280058166539709	962.112349567745	801	0.7797270955165692	0.3205223361475126	0.2191417685276253	False	WT/FF	THSD4	THSD4	0.257754208917488	-0.947933139699534	-1.205687348617022	negative	True	False	False
ENSMUSG00000025934	0.479303911007775	0.648845163252374	-0.323809034486565	14.6263812030559	802	0.7807017543859649	0.31938902725239005	0.2181711110174649	False	WT/FF	GSTA3	GSTA3	-0.516425494394651	-0.925807261431926	-0.409381767037275	negative	True	False	False
ENSMUSG00000033182	0.480928174897276	0.650182907314833	0.154403602689368	43.7999454030412	803	0.7816764132553606	0.31791977929137727	0.21720163780776405	False	WT/FF	KBTBD12	KBTBD12	0.614386571121354	0.27421248379202	-0.34017408732933396	negative	True	False	False
ENSMUSG00000038119	0.481512586523084	0.650763007629039	0.155851737425078	664.453717389993	804	0.7826510721247564	0.31739235612806904	0.21622884434253486	False	WT/FF	CDON	CDON	0.142124581520032	-0.68776125458308	-0.8298858361031121	negative	True	False	False
ENSMUSG00000087203	0.484715031716616	0.653676745983436	-0.36689439672474	6.11090196460506	805	0.783625730994152	0.3145135119662144	0.21526434044303885	False	WT/FF	GM13986	GM13986	0.192419265917328	-1.24898857244612	-1.441407838363448	negative	True	False	False
ENSMUSG00000064360	0.488335827511617	0.656476507600474	0.158359170924946	38.9548918090974	806	0.7846003898635477	0.31128141186209546	0.21430108189193256	False	WT/FF	MT-ND3	MT-ND3	0.0479376218547856	-0.407438048017888	-0.45537566987267364	negative	True	False	False
ENSMUSG00000030553	0.493434507419408	0.660985134097405	-0.275651846424309	11.1329004363441	807	0.7855750487329435	0.3067704822119109	0.21334233165371022	False	WT/FF	PGPEP1L	PGPEP1L	-0.215244179521435	-0.798275367224689	-0.5830311877032539	negative	True	False	False
ENSMUSG00000032180	0.495936650991335	0.663701754998753	0.0688279741786652	565.484113447151	808	0.7865497076023392	0.3045737950460285	0.21237542291677255	False	WT/FF	TMED1	TMED1	0.0512347735143345	-0.250125449479293	-0.3013602229936275	negative	True	False	False
ENSMUSG00000030259	0.498000647032551	0.665285312844218	0.0711385078121	1319.98407850619	809	0.7875243664717348	0.3027700929782665	0.21140712877254073	False	WT/FF	RASSF8	RASSF8	0.0506750125421066	-0.28875383543359	-0.3394288479756966	negative	True	False	False
ENSMUSG00000032352	0.505992506478363	0.672172482459592	0.0712390131009643	227.87309004115	810	0.7884990253411306	0.29585591481868884	0.21045685080980797	False	WT/FF	LRRC1	LRRC1	0.0470517255935555	-0.321292476020482	-0.36834420161403747	negative	True	False	False
ENSMUSG00000053279	0.507130035106276	0.672844805781039	-0.212968335562065	1186.23101585977	811	0.7894736842105263	0.29488066731716467	0.2094856360790083	False	WT/FF	ALDH1A1	ALDH1A1	-0.216079489728394	-0.857788103626018	-0.641708613897624	negative	True	False	False
ENSMUSG00000078349	0.507932450675634	0.673665615458953	0.0642096134220465	210.062433557622	812	0.7904483430799221	0.29419404017561124	0.20851340386242145	False	WT/FF	AW011738	AW011738	0.0435743028330546	-0.389211915349104	-0.43278621818215857	negative	True	False	False
ENSMUSG00000067279	0.50825021779726	0.67375404034064	0.271499702318294	440.964154874372	813	0.7914230019493177	0.2939224265844089	0.20753970858068888	False	WT/FF	PPP1R3C	PPP1R3C	0.255328315265809	-1.08402595740942	-1.339354272675229	negative	True	False	False
ENSMUSG00000038393	0.510599583735225	0.675635101073295	0.0871605148223344	4189.83720242763	814	0.7923976608187134	0.29191954358889444	0.2065721166175613	False	WT/FF	TXNIP	TXNIP	0.0715532854277599	-0.383009873073073	-0.4545631585008329	negative	True	False	False
ENSMUSG00000107061	0.511676660494795	0.676541496407839	-0.158901254847861	38.1639380196529	815	0.7933723196881092	0.29100439238784553	0.20560069002668493	False	WT/FF	GM19590	GM19590	-0.235001782176101	-0.544526380930992	-0.309524598754891	negative	True	False	False
ENSMUSG00000047654	0.514941910655639	0.679477689582859	0.250565420600989	10.2564984008738	816	0.7943469785575049	0.2882417598997951	0.20463577644116937	False	WT/FF	TSSK6	TSSK6	-0.489151478540978	-0.158633101228362	0.330518377312616	positive	False	False	False
ENSMUSG00000042251	0.516603284116037	0.680943705332061	0.160908390415592	57.7563163832471	817	0.7953216374269005	0.28684283728593185	0.20366605531049303	False	WT/FF	PM20D1	PM20D1	0.161956969447587	-0.657270674933221	-0.819227644380808	negative	True	False	False
ENSMUSG00000021337	0.518514564755107	0.682681160882798	0.119136389646104	82.0631162769569	818	0.7962962962962963	0.2852390400388086	0.2026970564331861	False	WT/FF	SCGN	SCGN	0.139392108877296	-0.450329352859803	-0.589721461737099	negative	True	False	False
ENSMUSG00000100017	0.519057957047578	0.683114139081778	-0.0831380318515314	112.763220384102	819	0.797270955165692	0.28478414692869686	0.2017240072746363	False	WT/FF	2410022M11RIK	2410022M11RIK	-0.0441970138974108	-0.363568835003088	-0.3193718211056772	negative	True	False	False
ENSMUSG00000015312	0.519601829478439	0.68348713629969	-0.0812325121844693	441.021257963898	820	0.7982456140350878	0.2843293284785477	0.2007509578528844	False	WT/FF	GADD45B	GADD45B	-0.0926642885322225	-0.406673605867393	-0.31400931733517046	negative	True	False	False
ENSMUSG00000057719	0.521568066270222	0.685118586072238	-0.310157672952751	46.7753199223358	821	0.7992202729044834	0.2826890067454306	0.19978208773692138	False	WT/FF	SH3RF2	SH3RF2	-0.329533016201088	-1.2702591578342	-0.940726141633112	negative	True	False	False
ENSMUSG00000064358	0.521569789125826	0.685118586072238	0.0896831679006147	158.74638376727	822	0.8001949317738791	0.2826875721763024	0.19880743998144432	False	WT/FF	MT-CO3	MT-CO3	0.0830792023473406	-0.256004698633507	-0.3390839009808476	negative	True	False	False
ENSMUSG00000028836	0.524580341239643	0.688029468132303	-0.203994019296994	13.7372510312835	823	0.8011695906432749	0.28018798871920314	0.19784159905784934	False	WT/FF	SLC30A2	SLC30A2	-0.0565929179174481	-0.647130268140763	-0.5905373502233149	negative	True	False	False
ENSMUSG00000115247	0.531524695085892	0.693768035067114	-0.268850632693284	7.46339461225369	824	0.8021442495126706	0.27447655298379964	0.1968870810154407	False	WT/FF	GM6201	GM6201	-0.542531396541418	-0.0726545684133415	0.4698768281280765	positive	True	False	False
ENSMUSG00000053615	0.535024602610495	0.696684144351646	0.213176295879333	13.8177318480545	825	0.8031189083820662	0.271626246890342	0.19592247650946298	False	WT/FF	GM9913	GM9913	0.222982341518852	-0.679152612894487	-0.902134954413339	negative	False	False	False
ENSMUSG00000107704	0.535835244287386	0.697198350663413	-0.192148523129241	17.0210789836911	826	0.804093567251462	0.2709687242923227	0.19495014168937505	False	WT/FF	GM36355	GM36355	-0.123032232091028	-0.548861110375115	-0.425828878284087	negative	True	False	False
ENSMUSG00000039099	0.536393276173779	0.697635339733885	0.336294169475642	6.37385311100651	827	0.8050682261208577	0.27051667477817026	0.19397708250617388	False	WT/FF	WDR93	WDR93	1.11881590887417	0.551287506667747	-0.5675284022064231	negative	True	False	False
ENSMUSG00000028497	0.539954081225371	0.700871569990699	0.20229151041347	457.99690154297	828	0.8060428849902534	0.2676431718777322	0.1930125597768989	False	WT/FF	HACD4	HACD4	0.0353359674282715	-0.628838186799462	-0.6641741542277335	negative	True	False	False
ENSMUSG00000038670	0.544302933813996	0.704365009479819	0.765074489662963	497.689729141335	829	0.8070175438596491	0.2641593248124586	0.19205018872019877	False	WT/FF	MYBPC2	MYBPC2	0.523093773095311	-2.5632862127475	-3.086379985842811	negative	True	False	False
ENSMUSG00000038086	0.549838806156317	0.708794127609387	0.0801230697294791	164.798975277062	830	0.8079922027290448	0.2597646120647441	0.19109102877752407	False	WT/FF	HSPB2	HSPB2	0.0353387624460791	-0.385182929544735	-0.4205216919908141	negative	True	False	False
ENSMUSG00000120413	0.550501817763407	0.709222903619572	0.110820856127256	38.7612783745389	831	0.8089668615984406	0.2592412426444298	0.1901182210214601	False	WT/FF	GM32652	GM32652	-0.142644203933842	-0.935179335024655	-0.792535131090813	negative	True	False	False
ENSMUSG00000026989	0.551726928286421	0.709933110672174	0.418453086106978	75.285094476523	832	0.8099415204678363	0.2582758187959318	0.1891469716589133	False	WT/FF	DAPL1	DAPL1	0.270890821976967	-1.75920617713464	-2.030096999111607	negative	True	False	False
ENSMUSG00000057003	0.553411452662408	0.711476926564727	0.961418617143054	2742.79445367008	833	0.8109161793372319	0.25695185752498967	0.18817698626378576	False	WT/FF	MYH4	MYH4	0.945629702792462	-4.55514906606392	-5.500778768856382	negative	True	False	False
ENSMUSG00000108181	0.55617351386914	0.713844172011038	0.0929661384608468	75.7582002030284	834	0.8118908382066277	0.25478969697917353	0.1872099558086672	False	WT/FF	C030015A19RIK	C030015A19RIK	0.0888274923269081	0.565884197395537	0.47705670506862885	positive	True	False	False
ENSMUSG00000117059	0.559214860836587	0.716320933447797	0.164970777076032	24.6259767416016	835	0.8128654970760234	0.25242129596486085	0.18624365242195584	False	WT/FF	GM7912	GM7912	0.225926795310331	1.0332967605788	0.8073699652684689	positive	True	False	False
ENSMUSG00000027186	0.55987372799815	0.716737204509081	-0.112557136704537	51.8367930874349	836	0.8138401559454191	0.25190991123894935	0.18527080241573257	False	WT/FF	ELF5	ELF5	-0.131911142998262	-0.551022449301515	-0.419111306303253	negative	True	False	False
ENSMUSG00000028173	0.562611421637423	0.719224807427304	0.0586615402483411	3102.87874586816	837	0.8148148148148148	0.249791455420451	0.18430361788645622	False	WT/FF	WLS	WLS	0.0280860107827158	-0.316416066869151	-0.3445020776518668	negative	True	False	False
ENSMUSG00000073532	0.563442120899073	0.719518079899201	-0.256619252944281	6.59379225575478	838	0.8157894736842105	0.24915068984888133	0.18333122399210122	False	WT/FF	GM7276	GM7276	-0.611430621266637	-0.193844683702051	0.41758593756458606	positive	False	False	False
ENSMUSG00000114731	0.571226224880531	0.725281191033711	-0.241279100390209	9.29769104883159	839	0.8167641325536062	0.24319186240229787	0.18237757809034835	False	WT/FF	GM47914	GM47914	-0.718905775720629	-0.415216854064109	0.30368892165651995	positive	False	False	False
ENSMUSG00000115154	0.573911431440098	0.727479723803719	-0.138175684619455	24.9198024650155	840	0.817738791423002	0.2411551246834116	0.18141010547673536	False	WT/FF	GM49067	GM49067	-0.040983407065282	0.352900105620303	0.39388351268558497	positive	False	False	False
ENSMUSG00000036545	0.574456990273809	0.727853485610765	0.14484200002183	1428.25323382171	841	0.8187134502923976	0.2407424814856729	0.18043690737274953	False	WT/FF	ADAMTS2	ADAMTS2	0.145879816670376	-0.778192558319865	-0.924072374990241	negative	True	False	False
ENSMUSG00000060284	0.580580375602304	0.732800514063565	0.43334638378017	17.5623564578978	842	0.8196881091617934	0.23613764799395742	0.17947848817778472	False	WT/FF	SP7	SP7	0.361993428266023	-2.21004770761286	-2.5720411358788833	negative	True	False	False
ENSMUSG00000064368	0.580678588451809	0.732838296178878	-0.0617765160339551	1437.43958002222	843	0.8206627680311891	0.23606418755143083	0.17850409433822167	False	WT/FF	MT-ND6	MT-ND6	0.104399030559876	-0.219843844253211	-0.324242874813087	negative	True	False	False
ENSMUSG00000046491	0.582024474443487	0.734062125053107	0.139140242903093	156.915822749563	844	0.8216374269005848	0.23505875264861512	0.17753298602836798	False	WT/FF	C1QTNF2	C1QTNF2	0.112258805849114	-0.811202795180756	-0.92346160102987	negative	True	False	False
ENSMUSG00000006457	0.583367818221612	0.735159320167751	0.64726497824766	933.028547267247	845	0.8226120857699805	0.23405753262647563	0.17656186285961414	False	WT/FF	ACTN3	ACTN3	0.612782804455153	-2.97440479876575	-3.5871876032209027	negative	True	False	False
ENSMUSG00000084865	0.584914804723495	0.736150398580825	-0.247239028453742	17.5159153355016	846	0.8235867446393762	0.23290738611086192	0.17559126470784253	False	WT/FF	GM15723	GM15723	-0.50075487275478	-0.126495968684941	0.374258904069839	positive	True	False	False
ENSMUSG00000022780	0.587791978540667	0.738472586407232	-0.306553415511077	28.5908622330183	847	0.8245614035087719	0.2307763449379477	0.17462412454625825	False	WT/FF	MELTF	MELTF	-0.284793410811023	-1.69564410667272	-1.4108506958616969	negative	True	False	False
ENSMUSG00000074704	0.592971602476941	0.742762935097743	0.168508247646333	14.8396391428324	848	0.8255360623781677	0.22696610458324445	0.17366290413788038	False	WT/FF	RAD21L	RAD21L	0.287780202589089	0.657758611030852	0.369978408441763	positive	True	False	False
ENSMUSG00000034968	0.594146586963391	0.743323851017377	-0.256328731335923	7.81161126060316	849	0.8265107212475633	0.22610639330939927	0.17269128210224075	False	WT/FF	LBX2	LBX2	-0.192344801857393	-1.31293331077948	-1.120588508922087	negative	True	False	False
ENSMUSG00000100862	0.595563363858303	0.744315508184813	-0.0744174204467791	206.684085619563	850	0.827485380116959	0.22507202576799232	0.17172027578986424	False	WT/FF	ATP6-PS	ATP6-PS	0.0173444681552138	-0.306575500408246	-0.3239199685634598	negative	True	False	False
ENSMUSG00000045620	0.596671877184208	0.745136919869464	-0.258001964854327	7.41269872805603	851	0.8284600389863548	0.22426443118814554	0.17074847002499818	False	WT/FF	CIMAP1C	CIMAP1C	-0.300812250894443	-0.939377483184119	-0.638565232289676	negative	True	False	False
ENSMUSG00000098702	0.604637840825176	0.750934731031777	0.105972498963837	43.408177630255	852	0.8294346978557505	0.21850467629929182	0.16979412232418256	False	WT/FF	1500015A07RIK	1500015A07RIK	-0.0126134449540693	-0.354495743271928	-0.3418822983178587	negative	True	False	False
ENSMUSG00000041075	0.607218558456932	0.753311771128504	0.0970583147087936	974.686777164228	853	0.8304093567251462	0.21665496354164338	0.16882599038341778	False	WT/FF	FZD7	FZD7	0.0861297408269285	-0.529657412996912	-0.6157871538238405	negative	True	False	False
ENSMUSG00000071342	0.61013173495852	0.755441415620903	0.270433126834178	15.5705001193518	854	0.8313840155945419	0.2145763853355413	0.16785866527187668	False	WT/FF	LSMEM1	LSMEM1	1.13101063424737	-0.11277536352976	-1.24378599777713	negative	True	False	False
ENSMUSG00000095562	0.610229013127237	0.755518283296186	1.87580421257271	19.6376111781289	855	0.8323586744639376	0.21450714782189761	0.16688425654504055	False	WT/FF	ERDR1X	ERDR1X	1.28250090311448	-0.0271675346588933	-1.3096684377733734	negative	True	False	False
ENSMUSG00000099094	0.614049116107115	0.758420554509973	-0.135723707464841	19.0386047073525	856	0.8333333333333334	0.21179688944324346	0.1659191583228212	False	WT/FF	GM19569	GM19569	0.0607154335947614	-0.712632478732272	-0.7733479123270334	negative	True	False	False
ENSMUSG00000020229	0.614868780025122	0.758855472432545	-0.239869506175455	6.20326338813202	857	0.834307992202729	0.21121755770674136	0.16494654785312127	False	WT/FF	SLC5A4A	SLC5A4A	-0.265692071568872	-1.08045265562983	-0.814760584060958	negative	True	False	False
ENSMUSG00000042793	0.617224355628361	0.76055712435475	0.110516146271649	49.0258395314166	858	0.8352826510721247	0.2095569450419682	0.16397774926965342	False	WT/FF	LGR6	LGR6	0.0441036616971191	-0.557327006111253	-0.6014306678083721	negative	True	False	False
ENSMUSG00000006641	0.617574224192205	0.760882069477694	-0.0676071244961744	1432.10453436222	859	0.8362573099415205	0.20931083852189572	0.16300396406674422	False	WT/FF	SLC5A6	SLC5A6	-0.0793960749670618	-0.494360618549695	-0.4149645435826332	negative	True	False	False
ENSMUSG00000020599	0.617833007410424	0.760997933283213	-0.0689757712303571	348.14174332218	860	0.8372319688109162	0.20912889345560418	0.16202995267269835	False	WT/FF	RGS9	RGS9	-0.168343397687914	-0.471006671790799	-0.302663274102885	negative	True	False	False
ENSMUSG00000033470	0.618495498075246	0.761568018950204	-0.0508933753431481	814.929140417065	861	0.8382066276803118	0.20866345717987955	0.16105694068242443	False	WT/FF	CYSLTR2	CYSLTR2	-0.0632470365650393	0.267468047177509	0.3307150837425483	positive	True	False	False
ENSMUSG00000010721	0.618606271791616	0.761568018950204	0.0214185984837406	2475.23525611592	862	0.8391812865497076	0.20858568117945692	0.16008256205668364	False	WT/FF	LMBR1	LMBR1	-0.321087464487859	0.121405048411029	0.442492512898888	positive	True	False	False
ENSMUSG00000010461	0.620020687317899	0.762583170455854	0.19437570723804	57.5040814122324	863	0.8401559454191033	0.2075938197950964	0.1591114058955206	False	WT/FF	EYA4	EYA4	0.0520738097971235	-1.12838132211715	-1.1804551319142733	negative	True	False	False
ENSMUSG00000020424	0.621014782805499	0.763499617852396	0.0628369248582647	177.765031760224	864	0.8411306042884991	0.20689806163591276	0.15813920586890354	False	WT/FF	CASTOR1	CASTOR1	0.0271826207451463	-0.366855045101691	-0.3940376658468373	negative	True	False	False
ENSMUSG00000061702	0.621700128332613	0.763992154498962	-0.180815253521999	25.2417909050448	865	0.8421052631578947	0.20641904298387906	0.15716624176116592	False	WT/FF	TMEM91	TMEM91	-0.312803998105349	-0.724713014815469	-0.41190901671012004	negative	True	False	False
ENSMUSG00000040705	0.629890080273285	0.770264353602958	-0.211505559906859	35.6491810595754	866	0.8430799220272904	0.20073523101589452	0.15621162633550015	False	WT/FF	A930016O22RIK	A930016O22RIK	0.542281969458705	-3.43438718140633	-3.976669150865035	negative	True	False	False
ENSMUSG00000085423	0.633463624453489	0.773180767755648	0.207406562145526	8.899920908249	867	0.8440545808966862	0.19827831866956108	0.15524563498160018	False	WT/FF	GM54621	GM54621	0.184498588118074	0.503973694441763	0.31947510632368903	positive	False	False	False
ENSMUSG00000030399	0.633923931068496	0.77355541391867	0.723188543925713	2076.75197722609	868	0.8450292397660819	0.19796285300035826	0.15427209429348718	False	WT/FF	CKM	CKM	0.67296685948767	-3.49733154437415	-4.17029840386182	negative	True	False	False
ENSMUSG00000047686	0.638596673174171	0.777060041174352	0.256009346853854	9.60971520512983	869	0.8460038986354775	0.19477334828618126	0.15330868557901783	False	WT/FF	RTL3	RTL3	0.04728213475538	-1.67845566158118	-1.72573779633656	negative	True	False	False
ENSMUSG00000015133	0.639392489350663	0.77749674088238	-0.0671661301321718	634.918693171181	870	0.8469785575048733	0.19423246949179432	0.15233593954950456	False	WT/FF	LRRK1	LRRK1	-0.0695923033193257	-0.52136973933842	-0.4517774360190943	negative	True	False	False
ENSMUSG00000074346	0.639557949030282	0.777524547425046	-0.105182072632494	27.9578407051961	871	0.847953216374269	0.194120098872761	0.15136168288166288	False	WT/FF	KCND3OS	KCND3OS	-0.374011638981281	-0.0343293616155501	0.33968227736573087	positive	False	False	False
ENSMUSG00000005716	0.640472572249443	0.778083295930368	0.0985561456580806	4907.4090561253	872	0.8489278752436648	0.19349946385179995	0.15038921802021057	False	WT/FF	PVALB	PVALB	0.0927971421007877	-0.478533489456334	-0.5713306315571217	negative	True	False	False
ENSMUSG00000085022	0.648951169511144	0.784372183853714	-0.189174470242009	24.4083624262189	873	0.8499025341130604	0.18778798056433751	0.14943470014543944	False	WT/FF	GM5860	GM5860	-0.353467044358795	-0.988120863987831	-0.6346538196290361	negative	True	False	False
ENSMUSG00000097705	0.655095411988724	0.789217539215959	0.187846971140735	20.9550077756175	874	0.8508771929824561	0.1836954421723306	0.14847447493449248	False	WT/FF	GM26740	GM26740	-0.043550294226533	-0.487190399137521	-0.443640104910988	negative	True	False	False
ENSMUSG00000042717	0.657353895299714	0.790917477523886	-0.270698218737557	59.5171403140013	875	0.8518518518518519	0.18220075921253678	0.14750509139188842	False	WT/FF	PPP1R3A	PPP1R3A	-0.163363274365965	-1.76953334175074	-1.606170067384775	negative	True	False	False
ENSMUSG00000105044	0.658909357758599	0.792011197085008	0.128587873699865	16.4475220959115	876	0.8528265107212476	0.18117432460595576	0.14653405711319503	False	WT/FF	GM10416	GM10416	-0.0115625044908657	-0.893406161310004	-0.8818436568191383	negative	True	False	False
ENSMUSG00000031239	0.659594496647221	0.792502824640616	0.052643723838932	2308.11946786015	877	0.8538011695906432	0.18072297656559447	0.14556099545705825	False	WT/FF	ITM2A	ITM2A	0.0340404810857729	-0.325325360684383	-0.3593658417701559	negative	True	False	False
ENSMUSG00000111253	0.663598689235475	0.795488594499095	-0.132998099455668	17.2462827886688	878	0.854775828460039	0.1780944804812551	0.14459560899470078	False	WT/FF	GM34654	GM34654	-0.271477190520551	-0.839307400857369	-0.567830210336818	negative	True	False	False
ENSMUSG00000097250	0.666083679804175	0.797223637089803	-0.128550123048982	19.8469426363927	879	0.8557504873294347	0.17647120717457915	0.1436266787771856	False	WT/FF	GM26771	GM26771	0.976901646316205	-0.130534715536556	-1.107436361852761	negative	True	False	False
ENSMUSG00000095700	0.669687416720579	0.800017256793586	0.609187217501602	4.5858598140553	880	0.8567251461988304	0.1741278612850511	0.14266028706256362	False	WT/FF	IGHV10-3	IGHV10-3	0.332412188222127	6.04297662277961	5.710564434557482	positive	True	False	False
ENSMUSG00000022464	0.669930221230569	0.800145593277718	-0.18880350454333	41.7871770429415	881	0.8576998050682261	0.17397043030319886	0.14168618924796006	False	WT/FF	SLC38A4	SLC38A4	-0.0772278936902419	-1.30433266397152	-1.227104770281278	negative	True	False	False
ENSMUSG00000020251	0.671687322669646	0.801312631370296	-0.0680630736589635	191.031887349524	882	0.8586744639376218	0.17283284843582347	0.14071554680149276	False	WT/FF	GLT8D2	GLT8D2	-0.1492280520057	-0.604729109404323	-0.455501057398623	negative	True	False	False
ENSMUSG00000032648	0.675001216257792	0.803589937709601	0.411490451850069	839.193464183212	883	0.8596491228070176	0.17069544463035027	0.13974842907037097	False	WT/FF	PYGM	PYGM	0.39422790426952	-2.51941161392556	-2.91363951819508	negative	True	False	False
ENSMUSG00000070424	0.683923179591915	0.809999921146252	-0.163384981819802	11.8134714875259	884	0.8606237816764133	0.16499267686608174	0.1387938804703904	False	WT/FF	ART5	ART5	-0.411158345861129	-1.29020235318988	-0.8790440073287511	negative	True	False	False
ENSMUSG00000036006	0.686306384869202	0.81146303546284	0.0633657813944389	253.393584207728	885	0.8615984405458089	0.16348196074714946	0.1378245534501729	False	WT/FF	RIPOR2	RIPOR2	0.0447241818165767	-0.490216466862533	-0.5349406486791097	negative	True	False	False
ENSMUSG00000024299	0.687726216424525	0.812612482070174	0.0869041164357889	126.165910919868	886	0.8625730994152047	0.1625844198465906	0.13685306477694575	False	WT/FF	ADAMTS10	ADAMTS10	0.0487114947900085	-0.558272171527798	-0.6069836663178064	negative	True	False	False
ENSMUSG00000092183	0.68803795905813	0.812801872717066	0.121306051290954	22.1581672116398	887	0.8635477582846004	0.16238760107448041	0.1358791058178156	False	WT/FF	4930515G01RIK	4930515G01RIK	0.169825189843019	0.914291780009803	0.7444665901667841	positive	True	False	False
ENSMUSG00000024608	0.688307745667513	0.81290769646251	-0.0474136435987951	10298.3348723498	888	0.8645224171539961	0.1622173432143444	0.13490505322235843	False	WT/FF	RPS14	RPS14	-0.0054550741664455	-0.332152221824268	-0.32669714765782254	negative	True	False	False
ENSMUSG00000063415	0.688682220686968	0.813026043516826	-0.211353159165454	636.065335630526	889	0.8654970760233918	0.16198112880096005	0.13393123314637947	False	WT/FF	CYP26B1	CYP26B1	-0.224899803210717	-1.44176208837078	-1.216862285160063	negative	True	False	False
ENSMUSG00000065947	0.689091544416438	0.81324091992101	0.16735687943963	12.9929015041278	890	0.8664717348927875	0.16172307911710992	0.13295749004722007	False	WT/FF	MT-ND4L	MT-ND4L	0.0778488092191544	-0.25176733452235	-0.3296161437415044	negative	False	False	False
ENSMUSG00000120309	0.689682900968983	0.813670412322076	0.190508608472751	8.37839184856644	891	0.8674463937621832	0.16135054116615627	0.1319841505584802	False	WT/FF	GM56745	GM56745	0.288530661698088	-0.77389562502314	-1.062426286721228	negative	True	False	False
ENSMUSG00000015289	0.689906651834002	0.813844929838363	-0.0332023687380873	345.028361385868	892	0.868421052631579	0.16120966772063988	0.1310099943728804	False	WT/FF	LAGE3	LAGE3	-0.0360139103825728	-0.417509932515191	-0.3814960221326182	negative	True	False	False
ENSMUSG00000119990	0.689985545408139	0.813893269465386	-0.175742311976792	7.8554016891253	893	0.8693957115009746	0.16116000725584256	0.1300355166302308	False	WT/FF	GM53610	GM53610	0.443181627078752	-0.144618113787604	-0.587799740866356	negative	True	False	False
ENSMUSG00000029134	0.696804414099131	0.818966466987076	0.161503563054329	16.4294146857004	894	0.8703703703703703	0.1568891068338846	0.129075920206631	False	WT/FF	PLB1	PLB1	0.209011231958211	-1.42998222069809	-1.6389934526563008	negative	True	False	False
ENSMUSG00000049538	0.697733081179098	0.819654042608795	0.189269473359472	21.3236021269833	895	0.8713450292397661	0.15631068560198622	0.12810330652708976	False	WT/FF	ADAMTS16	ADAMTS16	0.244236165321424	-1.06601897270902	-1.310255138030444	negative	True	False	False
ENSMUSG00000022483	0.698207403461317	0.820031740586564	-0.334447921487258	268.567351548515	896	0.8723196881091618	0.1560155504439966	0.12712969416694966	False	WT/FF	COL2A1	COL2A1	-0.350193802203769	-2.71167214711301	-2.3614783449092407	negative	True	False	False
ENSMUSG00000105879	0.699671182422909	0.820942421529935	-0.132896636562769	17.4374113363306	897	0.8732943469785575	0.15510601314294728	0.12615824778514997	False	WT/FF	GM6204	GM6204	0.0423657433207592	-0.294023790318736	-0.3363895336394952	negative	True	False	False
ENSMUSG00000033044	0.700429681495284	0.821425963995699	0.499266670107061	18.7534094396563	898	0.8742690058479532	0.15463545848167018	0.12518525383894105	False	WT/FF	DHRS7C	DHRS7C	0.480493764662469	-3.17830613458062	-3.658799899243089	negative	True	False	False
ENSMUSG00000098098	0.701054004976714	0.821444509636234	0.0413449401240308	181.575124798297	899	0.8752436647173489	0.1542485253143982	0.1242119650982774	False	WT/FF	BVHT	BVHT	0.0982053941001208	-0.293745890551388	-0.3919512846515088	negative	True	False	False
ENSMUSG00000029759	0.703542385982223	0.822852602051922	0.0645264361094856	239.687405895032	900	0.8762183235867447	0.15270973270873883	0.12324273705730783	False	WT/FF	PON3	PON3	0.0455660940805825	-0.426004945257972	-0.4715710393385545	negative	True	False	False
ENSMUSG00000060019	0.703974377688763	0.822964391224347	-0.0589017712313683	72.0641083100594	901	0.8771929824561403	0.15244314743585027	0.12226902404902817	False	WT/FF	GM10073	GM10073	0.154946587555703	-0.189768455358743	-0.344715042914446	negative	True	False	False
ENSMUSG00000064363	0.70533789517709	0.823898528479697	0.0279614157930729	94407.994050474	902	0.878167641325536	0.15160278250420228	0.12129733381089487	False	WT/FF	MT-ND4	MT-ND4	0.0764265092549169	-0.251720002564138	-0.3281465118190549	negative	True	False	False
ENSMUSG00000029685	0.70641271765108	0.824436220143428	-0.274831435898391	15.874659763102	903	0.8791423001949318	0.15094149069327237	0.12032501227857562	False	WT/FF	ASB15	ASB15	-0.329340959457645	-1.82593857731631	-1.4965976178586649	negative	True	False	False
ENSMUSG00000114442	0.709661035363053	0.826878564028839	0.0629689865723213	45.220028285455	904	0.8801169590643275	0.14894903948207538	0.11935738353982944	False	WT/FF	F630042J09RIK	F630042J09RIK	-0.0459304750621193	-0.370149417178361	-0.3242189421162417	negative	True	False	False
ENSMUSG00000045502	0.710680707561262	0.827757036079269	-0.244219311606173	6.45993054311756	905	0.8810916179337231	0.14832547393904122	0.11838492900947295	False	WT/FF	HCAR2	HCAR2	-0.27590452760632	-1.69320725808915	-1.41730273048283	negative	True	False	False
ENSMUSG00000031849	0.713632896083269	0.829974738436552	-0.0964284406440806	1380.19567686289	906	0.8820662768031189	0.1465251386513378	0.11741662299618638	False	WT/FF	COMP	COMP	-0.128113500212015	-1.3316336930973	-1.203520192885285	negative	True	False	False
ENSMUSG00000111334	0.714004905703299	0.830137534844121	0.0736084251529997	36.7045991209489	907	0.8830409356725146	0.14629880431268621	0.11644276808955435	False	WT/FF	GM30015	GM30015	-0.0151265880384275	0.304687741550009	0.3198143295884365	positive	False	False	False
ENSMUSG00000045827	0.716920994299742	0.83175421036105	-0.045515995332737	1131.76266954148	908	0.8840155945419104	0.14452870155701503	0.11547435549622027	False	WT/FF	SERPINB9	SERPINB9	-0.0479402586141024	-0.503333108927746	-0.45539285031364357	negative	True	False	False
ENSMUSG00000020183	0.719604976663378	0.833353497467418	-0.144887302377169	112.901898060753	909	0.884990253411306	0.14290584181068633	0.11450542382076312	False	WT/FF	CPM	CPM	-0.16760896036002	-1.04211715774178	-0.8745081973817601	negative	True	False	False
ENSMUSG00000092258	0.721114003632357	0.834519784841874	-0.226522414372599	6.0185966093806	910	0.8859649122807017	0.14199607060020866	0.11353397826357417	False	WT/FF	GM20444	GM20444	0.360757161330016	-0.416961577695022	-0.777718739025038	negative	True	False	False
ENSMUSG00000057137	0.721117464317149	0.834519784841874	-0.0482902851203141	480.952996953291	911	0.8869395711500975	0.1419939863906457	0.11255933279830253	False	WT/FF	TMEM140	TMEM140	-0.0909090672032511	-0.406383032240019	-0.3154739650367679	negative	True	False	False
ENSMUSG00000034768	0.723398024469542	0.835990311218968	0.0996642015583869	46.7457117626667	912	0.8879142300194932	0.140622681589257	0.11158951430536217	False	WT/FF	ASB16	ASB16	0.0846692200367012	-0.756256477830727	-0.8409256978674282	negative	True	False	False
ENSMUSG00000074300	0.723854424806166	0.835990311218968	-0.144944232842058	8.64472840058981	913	0.8888888888888888	0.14034876648287112	0.11061582713726024	False	WT/FF	SMIM31	SMIM31	-0.302375798338363	-0.920085910956798	-0.617710112618435	negative	True	False	False
ENSMUSG00000031097	0.724353356517846	0.83624223737176	0.510195936035113	847.110476973067	914	0.8898635477582846	0.14004952309998595	0.10964222926002251	False	WT/FF	TNNI2	TNNI2	0.433858248592248	-3.51718866056092	-3.951046909153168	negative	True	False	False
ENSMUSG00000047419	0.724397857259288	0.83624223737176	0.325508705280806	403.630872642253	915	0.8908382066276803	0.14002284298228027	0.10866767050376522	False	WT/FF	CMYA5	CMYA5	0.288604359342825	-2.4684286706895	-2.757033030032325	negative	True	False	False
ENSMUSG00000085427	0.725706150989722	0.836860173040463	-0.145133802378652	7.56422521920633	916	0.8918128654970761	0.13923919588004874	0.10769578031582488	False	WT/FF	6430710C18RIK	6430710C18RIK	-0.576726334707097	-0.907973208083666	-0.331246873376569	negative	True	False	False
ENSMUSG00000022803	0.725814786044336	0.836887801322862	-0.0835684024329939	40.7380159845617	917	0.8927875243664717	0.13917418875043114	0.1067213566754337	False	WT/FF	POPDC2	POPDC2	-0.180315591613423	-0.488777905542716	-0.308462313929293	negative	True	False	False
ENSMUSG00000019880	0.726148682743333	0.83713789601334	0.181745267359224	136.965679325182	918	0.8937621832358674	0.1389744461266345	0.10574740802388397	False	WT/FF	RSPO3	RSPO3	0.226065187242139	-1.26283175818759	-1.4888969454297292	negative	True	False	False
ENSMUSG00000030792	0.727590831376898	0.837959638963368	0.0544940254939501	71.9699573900246	919	0.8947368421052632	0.1381127822686809	0.104775792871773	False	WT/FF	DKKL1	DKKL1	0.00399573519622811	0.405621505295193	0.4016257700989649	positive	True	False	False
ENSMUSG00000073652	0.727705913381868	0.837959638963368	-0.283075192286152	4.69377930808457	920	0.8957115009746589	0.13804409596121953	0.103801382201746	False	WT/FF	APOL7D	APOL7D	0.128804098291816	-0.80539984946634	-0.9342039477581561	negative	True	False	False
ENSMUSG00000060534	0.733975812907435	0.842496379865836	0.0744441338975096	106.31853760456	921	0.8966861598440545	0.13431825138353382	0.10283986426930025	False	WT/FF	DCC	DCC	0.0798145919501193	-0.836534558249061	-0.9163491501991803	negative	True	False	False
ENSMUSG00000061723	0.73439875296575	0.842666433138914	0.47829385220233	1704.26986547446	922	0.8976608187134503	0.13406806925310122	0.10186609343431598	False	WT/FF	TNNT3	TNNT3	0.398044006826547	-3.34766086093949	-3.7457048677660367	negative	True	False	False
ENSMUSG00000040287	0.736718618868316	0.844335390957143	-0.21585538093942	23.2249463567225	923	0.898635477582846	0.1326983542124572	0.10089626933692344	False	WT/FF	STAC3	STAC3	-0.209930819985886	-2.0014128776355	-1.791482057649614	negative	True	False	False
ENSMUSG00000039543	0.737499490627442	0.844779299136002	-0.0503875144153429	61.2753471114084	924	0.8996101364522417	0.1322382753060944	0.09992323846008445	False	WT/FF	CFAP70	CFAP70	-0.0419780723187109	-0.439920409655233	-0.39794233733652207	negative	True	False	False
ENSMUSG00000026062	0.737691106122528	0.844863537535409	-0.144358686200444	382.139939286075	925	0.9005847953216374	0.1321254525253441	0.09894898338626804	False	WT/FF	SLC9A2	SLC9A2	-0.165617981348167	-1.11060416232277	-0.9449861809746031	negative	True	False	False
ENSMUSG00000070385	0.740212851497235	0.84612717686915	0.564209879050222	65.1633137430542	926	0.9015594541910331	0.13064337900059114	0.09797955539107941	False	WT/FF	AMPD1	AMPD1	0.454279574091937	-3.75842253220554	-4.212702106297477	negative	True	False	False
ENSMUSG00000005803	0.74049076929585	0.846218848685303	0.0323175159718811	418.255748040051	927	0.9025341130604289	0.1304803508752005	0.09700547730832687	False	WT/FF	SQOR	SQOR	0.0102550719595428	-0.321566082740888	-0.3318211547004308	negative	True	False	False
ENSMUSG00000113960	0.742766107290628	0.847804687497873	0.114889472590876	12.0854578494685	928	0.9035087719298246	0.12914792150802226	0.09603552176614367	False	WT/FF	4933412O06RIK	4933412O06RIK	0.582127505261437	-0.0148027796501195	-0.5969302849115564	negative	True	False	False
ENSMUSG00000029659	0.745490949870492	0.849438932074492	0.068265963546199	275.444919111644	929	0.9044834307992202	0.12755762443789884	0.09506647529608145	False	WT/FF	MEDAG	MEDAG	0.0766842173439886	-0.455617204648692	-0.5323014219926806	negative	True	False	False
ENSMUSG00000090210	0.746518896886983	0.850165772220064	0.165647013373053	58.1411958783738	930	0.905458089668616	0.12695919435574068	0.09409393215460202	False	WT/FF	ITGA10	ITGA10	0.288106887663193	-1.32878440434209	-1.616891292005283	negative	True	False	False
ENSMUSG00000121628	0.747599451941962	0.851143118666738	0.109857640967261	13.6839727559312	931	0.9064327485380117	0.1263310256702373	0.0931214938519018	False	WT/FF	GM4832	GM4832	-0.0235119382839377	0.574618173689571	0.5981301119735087	positive	True	False	False
ENSMUSG00000024534	0.750866257482545	0.853307958398066	0.0789967449645847	115.569852963012	932	0.9074074074074074	0.12443741161085072	0.09215351667828701	False	WT/FF	SNCAIP	SNCAIP	-0.0441265045606993	-0.587927651254364	-0.5438011466936646	negative	True	False	False
ENSMUSG00000121233	0.752158412726082	0.854367260428515	0.145854733368569	7.73394040084116	933	0.9083820662768031	0.12369068264304775	0.09118149634125722	False	WT/FF	GM57251	GM57251	0.722834053414031	0.295595421362547	-0.42723863205148394	negative	True	False	False
ENSMUSG00000006958	0.756531847279326	0.857610510862802	0.106776295459448	80.9835645226309	934	0.9093567251461988	0.12117278501481828	0.09021571998139843	False	WT/FF	CHRD	CHRD	0.0250530113745937	-0.862297588787816	-0.8873506001624097	negative	True	False	False
ENSMUSG00000064356	0.761524059067243	0.861223088980424	-0.103673078282689	12.0823648616453	935	0.9103313840155945	0.11831637131009648	0.08925113700684567	False	WT/FF	MT-ATP8	MT-ATP8	0.0666904593494514	-0.299615656745368	-0.3663061160948194	negative	False	False	False
ENSMUSG00000031273	0.762004811012531	0.861609140539247	-0.186751834957209	9.2724114761896	936	0.9113060428849903	0.11804228667929878	0.08827745043637526	False	WT/FF	COL4A6	COL4A6	0.0190249644335631	-1.186425393999	-1.205450358432563	negative	True	False	False
ENSMUSG00000040569	0.762682075069897	0.862129449450031	0.114161086215849	758.534447346949	937	0.9122807017543859	0.11765646049434807	0.08730415779321923	False	WT/FF	SLC26A7	SLC26A7	0.0830221411103728	-1.08755836130951	-1.1705805024198828	negative	True	False	False
ENSMUSG00000074486	0.762897449336748	0.862185776953913	0.32350762712201	34.5699363847875	938	0.9132553606237817	0.1175338371177724	0.08632993726986532	False	WT/FF	BGLAP2	BGLAP2	0.222006504542745	-2.95361638167269	-3.175622886215435	negative	True	False	False
ENSMUSG00000064337	0.763911638626274	0.862696087686847	0.0479128593162725	14009.8922679803	939	0.9142300194931774	0.11695687319962383	0.08535731845279325	False	WT/FF	MT-RNR1	MT-RNR1	0.0709244137942235	-0.391050325785462	-0.4619747395796855	negative	True	False	False
ENSMUSG00000027577	0.764314574976151	0.862933794543766	0.0301410658996936	426.607582532534	940	0.9152046783625731	0.11672785862598639	0.08438347299490886	False	WT/FF	CHRNA4	CHRNA4	-0.000487196825797159	0.573287333251988	0.5737745300777851	positive	True	False	False
ENSMUSG00000033080	0.764505623872324	0.863049051908667	0.155504860533845	21.0465965461256	941	0.9161793372319688	0.11661931547372288	0.08340920283393402	False	WT/FF	VSX1	VSX1	0.10343788362134	-1.29397127175999	-1.3974091553813301	negative	True	False	False
ENSMUSG00000110924	0.765267497941159	0.863500426345927	-0.0408221792280274	914.202412500141	942	0.9171539961013645	0.11618673141712192	0.08243607502831658	False	WT/FF	GM40518	GM40518	-0.050137571060845	0.325309582801302	0.375447153862147	positive	True	False	False
ENSMUSG00000106535	0.768646268207947	0.865811029718833	-0.156400348270284	6.61599377241943	943	0.9181286549707602	0.11427347698510651	0.08146816709375358	False	WT/FF	GM43031	GM43031	0.145690847047919	0.488443341727719	0.34275249467980007	positive	True	False	False
ENSMUSG00000047414	0.768817490627225	0.865913020295084	0.0458136431706835	1084.65493616585	944	0.919103313840156	0.11417674501109974	0.08049385529432292	False	WT/FF	FLRT2	FLRT2	0.0403879143389228	-0.372630778263285	-0.4130186926022078	negative	True	False	False
ENSMUSG00000078897	0.769923815575791	0.866795228675195	0.12926270608899	12.9848217618465	945	0.9200779727095516	0.11355224640147947	0.07952140405334625	False	WT/FF	GM4724	GM4724	-0.148263883321512	-1.60101143860591	-1.452747555284398	negative	True	False	False
ENSMUSG00000027559	0.770603007470544	0.8671960240295	-0.21742836058938	1140.00595851295	946	0.9210526315789473	0.11316930037711469	0.07854810125663582	False	WT/FF	CAR3	CAR3	-0.209610957998806	-1.93216765192642	-1.722556693927614	negative	True	False	False
ENSMUSG00000062044	0.771151562752978	0.867360911576162	-0.0274416374245627	266.249633995935	947	0.9220272904483431	0.11286025697055174	0.07757453792784363	False	WT/FF	LMTK3	LMTK3	-0.0369939325596265	0.270318808919891	0.30731274147951754	positive	True	False	False
ENSMUSG00000044534	0.779330872544753	0.872202143668874	0.0981708171498375	22.6989664392206	948	0.9230019493177388	0.10827811920511851	0.07661603872265718	False	WT/FF	ACKR2	ACKR2	-0.007003912942954	-1.10822718044635	-1.101223267503396	negative	True	False	False
ENSMUSG00000107881	0.779399120462887	0.872202143668874	0.033139505207387	299.254415928081	949	0.9239766081871345	0.10824008863613109	0.07564151998063508	False	WT/FF	GM44250	GM44250	-0.000710121327547467	-0.443955102810035	-0.44324498148248753	negative	True	False	False
ENSMUSG00000021403	0.780058157772321	0.872617034470725	0.237068474818153	10.547307573234	950	0.9249512670565302	0.10787301697871633	0.074668161221335	False	WT/FF	SERPINB9B	SERPINB9B	0.110810748392531	-1.64758226821215	-1.7583930166046808	negative	True	False	False
ENSMUSG00000042770	0.7832815464111	0.874729325729043	-0.0221067437240797	285.955928136819	951	0.9259259259259259	0.1060821050241434	0.07369982198756626	False	WT/FF	HEBP1	HEBP1	-0.0275893557979146	-0.35365153502553	-0.3260621792276154	negative	True	False	False
ENSMUSG00000106662	0.783983519550925	0.875142497695276	0.0455156032784648	59.7259767276096	952	0.9269005847953217	0.10569306670755269	0.07272654066827619	False	WT/FF	GM43034	GM43034	0.0124925164734306	-0.331883633024879	-0.3443761494983096	negative	True	False	False
ENSMUSG00000119957	0.784170519771762	0.875205422205431	-0.0644902624130599	24.2003488037021	953	0.9278752436647173	0.10558948866308428	0.07175225300359256	False	WT/FF	GM57374	GM57374	0.107045211600655	0.409054941908532	0.302009730307877	positive	True	False	False
ENSMUSG00000044938	0.785638423286083	0.876351818450378	0.481172036251509	28.3372481381624	954	0.928849902534113	0.10477728462403571	0.07078046348865162	False	WT/FF	KLHL31	KLHL31	0.484739991070221	-3.84588390377258	-4.330623894842801	negative	True	False	False
ENSMUSG00000033544	0.785746124559465	0.876426412563964	-0.0691002515258915	270.539203966193	955	0.9298245614035088	0.1047177523232235	0.06980602054761059	False	WT/FF	ANGPTL1	ANGPTL1	-0.0893157322284198	-0.635028761453463	-0.5457130292250432	negative	True	False	False
ENSMUSG00000061848	0.787678521560578	0.877697986597808	-0.0821618707780023	105.558756347934	956	0.9307992202729045	0.10365099672301234	0.06883512841425299	False	WT/FF	GM5805	GM5805	-0.00399415012399687	-0.347209595203862	-0.3432154450798651	negative	True	False	False
ENSMUSG00000046169	0.791431135740929	0.880206246298885	0.0640432997817547	40.8289386140242	957	0.9317738791423001	0.10158686812800792	0.06786775236287551	False	WT/FF	ADAMTS6	ADAMTS6	-0.0133762580553265	-0.399054569834471	-0.3856783117791445	negative	True	False	False
ENSMUSG00000120173	0.794904525042199	0.882431573200342	-0.0777853272444844	18.8505047899999	958	0.9327485380116959	0.09968503076156982	0.06689980417923919	False	WT/FF	GM56774	GM56774	0.194288807357658	-1.02385009195281	-1.218138899310468	negative	True	False	False
ENSMUSG00000048416	0.796137096919619	0.88319787713057	-0.0620928816535051	238.599747435518	959	0.9337231968810916	0.09901213916073336	0.06592752354015903	False	WT/FF	MLF1	MLF1	-0.0754673597148776	-0.685968604708411	-0.6105012449935334	negative	True	False	False
ENSMUSG00000033032	0.800490307123793	0.886069850754865	-0.0406377676747888	502.55352664596	960	0.9346978557504874	0.09664392244316551	0.06496121950373855	False	WT/FF	AFAP1L1	AFAP1L1	-0.0271159850675897	-0.468951106835397	-0.44183512176780726	negative	True	False	False
ENSMUSG00000030345	0.803624498553744	0.887893648041001	-0.0381250900097946	94.5732180701734	961	0.935672514619883	0.09494683222178539	0.0639925495161723	False	WT/FF	DYRK4	DYRK4	-0.0443160144610849	0.406218260142089	0.4505342746031739	positive	True	False	False
ENSMUSG00000086228	0.804085673361765	0.888160083584627	0.108965338163555	6.50671130878703	962	0.9366471734892787	0.09469767577143948	0.06301877506531361	False	WT/FF	UBAP1L	UBAP1L	0.10277294647494	0.722764468628599	0.619991522153659	positive	True	False	False
ENSMUSG00000026614	0.80415680894874	0.888192953995042	-0.143595896888369	35.9385898752597	963	0.9376218323586745	0.09465925644941539	0.06204425769377919	False	WT/FF	SLC30A10	SLC30A10	-0.0243638424055225	-1.44004084305861	-1.4156770006530874	negative	True	False	False
ENSMUSG00000004814	0.806096245243784	0.889374074856244	0.105230438891854	14.2758187422601	964	0.9385964912280702	0.09361310176455317	0.061073292935127234	False	WT/FF	CCL24	CCL24	0.0488437599305292	-0.91808232871838	-0.9669260886489093	negative	True	False	False
ENSMUSG00000027887	0.809277914869669	0.891534068158135	0.252799790595744	34.8812067830754	965	0.9395711500974658	0.09190231130781681	0.06010467124559097	False	WT/FF	SYPL2	SYPL2	0.215707549414992	-2.60205250253941	-2.817760051954402	negative	True	False	False
ENSMUSG00000002500	0.810043075392404	0.892031607023268	0.25448400946876	43.2664040315421	966	0.9405458089668616	0.09149188617342514	0.05913146532217099	False	WT/FF	RPL3L	RPL3L	0.178817038845222	-2.90996645485784	-3.0887834937030623	negative	True	False	False
ENSMUSG00000053101	0.810252358715236	0.892031607023268	-0.0653457413332458	40.7320820221153	967	0.9415204678362573	0.09137969602482325	0.058157208018109	False	WT/FF	GPR141	GPR141	-0.11150796280372	-0.601164242066607	-0.489656279262887	negative	True	False	False
ENSMUSG00000041845	0.814206347898868	0.894185688324828	0.0419857344423731	87.2167166157228	968	0.942495126705653	0.08926551599898823	0.0571900084151964	False	WT/FF	RHOD	RHOD	0.0301990662691404	-0.500404767589791	-0.5306038338589314	negative	True	False	False
ENSMUSG00000030996	0.821809048206433	0.898490018783706	-0.211799444942318	24.7811713498168	969	0.9434697855750487	0.08522908141864458	0.05622958541906594	False	WT/FF	ART1	ART1	-0.52781952423042	-1.11366358764351	-0.5858440634130899	negative	True	False	False
ENSMUSG00000038893	0.831217772806014	0.904819772635325	-0.0225522068088942	370.531106858203	970	0.9444444444444444	0.08028517941976648	0.05527236155691437	False	WT/FF	FAM117A	FAM117A	-0.0578087633477662	-0.358218085768724	-0.3004093224209578	negative	True	False	False
ENSMUSG00000087410	0.832096601790941	0.905183238146304	0.104988341572934	19.012284615218	971	0.9454191033138402	0.0798262516066774	0.05429932662207678	False	WT/FF	2310065F04RIK	2310065F04RIK	0.0432133785262647	-1.5137133371015	-1.5569267156277646	negative	True	False	False
ENSMUSG00000038167	0.833771225464198	0.905793121062004	0.0748452069282959	13.7853984689404	972	0.9463937621832359	0.07895309702185027	0.053327751978720334	False	WT/FF	PLEKHG6	PLEKHG6	0.804894499239583	0.414504479008036	-0.390390020231547	negative	True	False	False
ENSMUSG00000043795	0.840404071902899	0.910289323214635	0.390980505443574	16.1245612884417	973	0.9473684210526315	0.07551185202920288	0.052365230735098404	False	WT/FF	PRR33	PRR33	0.333106062750738	-1.89233432689428	-2.225440389645018	negative	True	False	False
ENSMUSG00000025963	0.841659188804238	0.910843337296793	0.0385753008066572	44.4927562320689	974	0.9483430799220273	0.07486373081011026	0.051392862771924314	False	WT/FF	MDH1B	MDH1B	-0.0115175319311587	-0.486868220759822	-0.4753506888286633	negative	True	False	False
ENSMUSG00000024526	0.84204909684768	0.910975288683656	-0.0334369965661615	163.322194877871	975	0.949317738791423	0.07466258561627041	0.050418919064914934	False	WT/FF	CIDEA	CIDEA	-0.0887193853877106	-0.573325622713315	-0.48460623732560437	negative	True	False	False
ENSMUSG00000031870	0.844390548632501	0.912443368585213	-0.0226915180002816	624.200111373177	976	0.9502923976608187	0.07345663644884744	0.04944851763663564	False	WT/FF	PGR	PGR	-0.0474995857786747	-0.347699980992944	-0.30020039521426933	negative	True	False	False
ENSMUSG00000071984	0.848308419098174	0.914849543382056	0.0301938759958143	330.383756189217	977	0.9512670565302144	0.07144622278999528	0.04848095222168002	False	WT/FF	FNDC1	FNDC1	-0.0391972087357594	-0.431656895919648	-0.39245968718388863	negative	True	False	False
ENSMUSG00000058743	0.851058901376926	0.916557815420284	-0.0295218604803306	77.6199327427584	978	0.9522417153996101	0.07004038156318357	0.04751125548148787	False	WT/FF	KCNJ14	KCNJ14	-0.0187805972511756	-0.570953688703861	-0.5521730914526853	negative	True	False	False
ENSMUSG00000027574	0.854831005825707	0.919420902447872	0.0222801526021531	418.315602022362	979	0.9532163742690059	0.06811973379996629	0.04654337361095363	False	WT/FF	NKAIN4	NKAIN4	0.000343811750148878	-0.380128737384845	-0.38047254913499384	negative	True	False	False
ENSMUSG00000023999	0.856538862753259	0.920523330770827	-0.0603678095882694	27.0503832312907	980	0.9541910331384016	0.06725292750711538	0.04557177658768992	False	WT/FF	KIF6	KIF6	-0.0251557323116899	-0.640291125244504	-0.6151353929328142	negative	True	False	False
ENSMUSG00000063903	0.857492030754138	0.920990890231579	-0.118559269250828	22.0853388426764	981	0.9551656920077972	0.06676990745497081	0.04459882658626051	False	WT/FF	KLK1	KLK1	-0.215189676351349	-1.67035345893754	-1.455163782586191	negative	True	False	False
ENSMUSG00000093405	0.858825096167322	0.92162755838135	-0.0541631774613863	13.9986912240769	982	0.956140350877193	0.0660952733092183	0.04362655209024893	False	WT/FF	GM20684	GM20684	-0.00488123622123205	-0.773037339729388	-0.768156103508156	negative	True	False	False
ENSMUSG00000039497	0.858951451452344	0.92162755838135	0.0209341058026388	1146.30206153422	983	0.9571150097465887	0.0660313821084456	0.042652124515825486	False	WT/FF	DSE	DSE	0.00288081513640346	-0.320721032696256	-0.3236018478326595	negative	True	False	False
ENSMUSG00000074398	0.864486419486513	0.925539425471196	-0.0608342001335204	15.1305825523759	984	0.9580896686159844	0.06324182481735185	0.04168730584947809	False	WT/FF	GM15441	GM15441	0.0718819287334192	-0.381946896503623	-0.4538288252370422	negative	True	False	False
ENSMUSG00000038663	0.865766933529945	0.926263606217793	-0.0750065437241928	74.7649652905093	985	0.9590643274853801	0.06259900533242124	0.040714919195872334	False	WT/FF	FSD2	FSD2	-0.0634756538889457	-1.25210089058845	-1.1886252366995045	negative	True	False	False
ENSMUSG00000006360	0.867770727086236	0.927329977489176	0.0202842730647005	1101.29983900054	986	0.9600389863547758	0.06159500421757248	0.03974380583142427	False	WT/FF	CRIP1	CRIP1	0.0219716589751471	-0.290899342009323	-0.31287100098447007	negative	True	False	False
ENSMUSG00000120113	0.875961733836293	0.931322168327383	0.0191175599134982	271.112803186181	987	0.9610136452241715	0.05751486546060637	0.0387835369075098	False	WT/FF	FAM120AOS	FAM120AOS	0.0179291699242081	-0.376776457496391	-0.3947056274205991	negative	True	False	False
ENSMUSG00000098332	0.876766766018793	0.931993433661455	-0.0162564003954756	233.034677034869	988	0.9619883040935673	0.05711592054788503	0.03781029051236975	False	WT/FF	PIGBOS1	PIGBOS1	-0.00340018718075385	-0.310575587159257	-0.3071753999785031	negative	True	False	False
ENSMUSG00000027376	0.882303307386431	0.935166179694142	0.0323823031157664	63.9502555702419	989	0.9629629629629629	0.05438209278167316	0.03684527538032773	False	WT/FF	PROM2	PROM2	-0.40520485891933	-0.0190205821905569	0.3861842767287731	positive	True	False	False
ENSMUSG00000100001	0.883288012445404	0.93560013005971	0.0458373155827228	14.4031146023136	990	0.9639376218323586	0.05389766355623329	0.03587233034671729	False	WT/FF	1810007D17RIK	1810007D17RIK	0.19564339629553	0.541127940817686	0.34548454452215605	positive	True	False	False
ENSMUSG00000046607	0.887627405295862	0.938190579366721	0.0288616214250642	48.1460831820075	991	0.9649122807017544	0.05176929748889069	0.03490518075446818	False	WT/FF	HRK	HRK	-0.0781956317516024	-0.80318772882451	-0.7249920970729076	negative	True	False	False
ENSMUSG00000039476	0.890006816163312	0.939138097417375	0.0434714437492637	168.173174709224	992	0.9658869395711501	0.05060666727556067	0.033934626612013796	False	WT/FF	PRRX2	PRRX2	0.100707731739238	-0.977158958866404	-1.077866690605642	negative	True	False	False
ENSMUSG00000021950	0.894888084256666	0.941696534960223	-0.0868851072603155	75.569549674202	993	0.9668615984405458	0.048231274660514946	0.032968347873093905	False	WT/FF	ANXA8	ANXA8	-0.135748629282784	-1.5911092104158	-1.455360581133016	negative	True	False	False
ENSMUSG00000037337	0.897534793618068	0.943328435040364	-0.0258066284340681	92.3547916803978	994	0.9678362573099415	0.04694870666781576	0.03199821655245954	False	WT/FF	MAP4K1	MAP4K1	-0.0262304086429241	-0.500337244990706	-0.4741068363477819	negative	True	False	False
ENSMUSG00000042842	0.8998297284544	0.944426161056417	-0.0320057361506933	174.236748053103	995	0.9688109161793372	0.04583966277033556	0.03102747349985784	False	WT/FF	SERPINB6B	SERPINB6B	-0.112485054845992	-0.62802387141087	-0.515538816564878	negative	True	False	False
ENSMUSG00000024074	0.900878563269694	0.94485518685197	-0.0150562307295668	1814.79784978105	996	0.969785575048733	0.04533374715222645	0.03005460421315314	False	WT/FF	CRIM1	CRIM1	-0.00950841446303444	-0.444799169899134	-0.4352907554360995	negative	True	False	False
ENSMUSG00000044022	0.90215536093751	0.945479402003485	0.0117062590568265	242.525660901013	997	0.9707602339181286	0.04471866579753604	0.02908211977312217	False	WT/FF	PCDHB21	PCDHB21	0.0174770633309219	0.353350212905009	0.3358731495740871	positive	True	False	False
ENSMUSG00000029306	0.905418395714118	0.947672420487255	-0.0554741988269473	430.717621361779	998	0.9717348927875243	0.043150686032535635	0.028112994626902425	False	WT/FF	IBSP	IBSP	-0.0953361545351979	-1.44322171102321	-1.3478855564880121	negative	True	False	False
ENSMUSG00000082193	0.914355212399041	0.952487227196031	0.0683486389791855	6.4451181303725	999	0.9727095516569201	0.03888505501470815	0.02715337962684542	False	WT/FF	RPL5-PS1	RPL5-PS1	-0.0498840378029118	-0.351032025912404	-0.3011479881094922	negative	True	False	False
ENSMUSG00000074483	0.920838901825831	0.95650270070728	-0.139016140064111	55.1582328639993	1000	0.9736842105263158	0.03581634175509038	0.02618954508105831	False	WT/FF	BGLAP	BGLAP	-0.00114498428346588	-3.73982436991355	-3.738679385630084	negative	True	False	False
ENSMUSG00000079057	0.92163867817091	0.956821759873379	0.0089084390353891	790.554876388333	1001	0.9746588693957114	0.03543930761474477	0.025216221442928607	False	WT/FF	CYP4V3	CYP4V3	-0.022893211526243	-0.339480492514083	-0.31658728098784	negative	True	False	False
ENSMUSG00000039323	0.927537236761939	0.960514861926488	-0.0483318695297364	1053.02958832087	1002	0.9756335282651072	0.032668646245945024	0.024251336161972316	False	WT/FF	IGFBP2	IGFBP2	-0.0373877391393696	-1.30138585387105	-1.2639981147316806	negative	True	False	False
ENSMUSG00000070469	0.930711559154138	0.962371056448827	-0.0264348062406001	529.131723770418	1003	0.9766081871345029	0.031184892248435934	0.023281914091026513	False	WT/FF	ADAMTSL3	ADAMTSL3	-0.0535520499624407	-0.916715193175579	-0.8631631432131384	negative	True	False	False
ENSMUSG00000021721	0.935225465432657	0.965170665431607	-0.0049436687296079	736.109369998505	1004	0.9775828460038987	0.029083676197894773	0.02231466878565364	False	WT/FF	HTR1A	HTR1A	-0.0324886513980552	0.339749803188822	0.37223845458687715	positive	True	False	False
ENSMUSG00000030433	0.941615410839058	0.968403988015656	-0.0998450762738243	18.545167387412	1005	0.9785575048732943	0.026126442276351483	0.02135044123695417	False	WT/FF	SBK2	SBK2	-0.245456541985096	-1.35183789839484	-1.106381356409744	negative	True	False	False
ENSMUSG00000046413	0.944702099993119	0.970192689258472	-0.0275279206031239	8.30301680856638	1006	0.97953216374269	0.024705119242703404	0.020380799075442504	False	WT/FF	IRX3OS	IRX3OS	0.398483665443634	-0.0200237622007164	-0.4185074276443504	negative	True	False	False
ENSMUSG00000014852	0.946559929402892	0.971403903263492	-0.0257771663778057	9.0222431013784	1007	0.9805068226120858	0.023851884410125947	0.019409154208125317	False	WT/FF	ADAMTS13	ADAMTS13	0.364217336769261	0.706224000535059	0.34200666376579797	positive	True	False	False
ENSMUSG00000028125	0.948038609733443	0.972348288209945	-0.0371802929728586	39.4023670706413	1008	0.9814814814814815	0.023173975264537624	0.018436891257611845	False	WT/FF	ABCA4	ABCA4	-0.073262470907853	-0.73335889939051	-0.660096428482657	negative	True	False	False
ENSMUSG00000019102	0.950321451520777	0.973542057762002	0.0284487435502044	45.3530893948271	1009	0.9824561403508771	0.02212946733432063	0.017465920693584817	False	WT/FF	ALDH3A1	ALDH3A1	0.0119759731977209	-1.39975264420939	-1.4117286174071109	negative	True	False	False
ENSMUSG00000014704	0.953278321287349	0.975082075896037	0.0197608374960084	13.5529962013583	1010	0.9834307992202729	0.02078028325218845	0.016496024217520028	False	WT/FF	HOXA2	HOXA2	-0.15785663196671	-0.640349974306399	-0.482493342339689	negative	True	False	False
ENSMUSG00000040254	0.953876305791929	0.975321938655308	0.0112504499685688	924.859011987032	1011	0.9844054580896686	0.020507938917412566	0.015522331511908969	False	WT/FF	SEMA3D	SEMA3D	-0.0179354467174451	-0.732005802349467	-0.7140703556320219	negative	True	False	False
ENSMUSG00000032012	0.955180041323309	0.976190000335467	0.0046443634312997	2513.36616157243	1012	0.9853801169590644	0.019914760789362274	0.014549769855489456	False	WT/FF	NECTIN1	NECTIN1	-0.0186526629348383	0.317284074103324	0.3359367370381623	positive	True	False	False
ENSMUSG00000103947	0.95542748741951	0.976300758008645	-0.0222760236091298	10.1092386623813	1013	0.98635477582846	0.01980226832491549	0.01357551361719482	False	WT/FF	GM37345	GM37345	-0.171705150235064	-0.90181666943461	-0.730111519199546	negative	True	False	False
ENSMUSG00000029838	0.960131046950964	0.978501308163576	-0.0048088909702118	7660.55612866949	1014	0.9873294346978557	0.017669486665107332	0.012608379591423809	False	WT/FF	PTN	PTN	-0.00635689014861079	-0.360884103587893	-0.35452721343928223	negative	True	False	False
ENSMUSG00000066258	0.962046998261348	0.979132748173778	-0.0060199610136436	190.790278729957	1015	0.9883040935672515	0.016803711135794566	0.011636778934364989	False	WT/FF	TRIM12A	TRIM12A	0.0138476198661329	-0.342845851030944	-0.3566934708970769	negative	True	False	False
ENSMUSG00000050625	0.962072033999009	0.979132748173778	0.0233484040596005	8.28921849979436	1016	0.9892787524366472	0.016792409462109244	0.010662165963816724	False	WT/FF	CCDC121RT1	CCDC121RT1	-0.189049818578061	-0.984593054470528	-0.795543235892467	negative	True	False	False
ENSMUSG00000035818	0.963392462405394	0.980066523580884	0.0223745203006897	7.99634575548759	1017	0.9902534113060428	0.016196755933719154	0.009689613034032794	False	WT/FF	PLEKHS1	PLEKHS1	-0.80705611266256	0.344500174668037	1.1515562873305971	positive	True	False	False
ENSMUSG00000022309	0.968120104732584	0.982445334855087	0.0084036491438958	399.820880734733	1018	0.9912280701754386	0.014070760886907216	0.008722455083122542	False	WT/FF	ANGPT1	ANGPT1	0.0246960855496548	-0.620294910699326	-0.6449909962489808	negative	True	False	False
ENSMUSG00000064339	0.969858469166444	0.983279738304769	0.0049898511527433	20976.2969239593	1019	0.9922027290448343	0.013291637429287144	0.0077505489477829375	False	WT/FF	MT-RNR2	MT-RNR2	0.0305933757031537	-0.400476283878628	-0.4310696595817817	negative	True	False	False
ENSMUSG00000023903	0.969984044611975	0.98336060742612	0.0022452731272383	6700.83787579517	1020	0.99317738791423	0.013235409438875096	0.0067760943579141895	False	WT/FF	MMP25	MMP25	-0.0129272786693768	0.307452834866627	0.3203801135360038	positive	True	False	False
ENSMUSG00000120798	0.970837138064787	0.983632800727311	0.0140673127026384	28.6805299715379	1021	0.9941520467836257	0.012853618672913127	0.005802787488521706	False	WT/FF	BMNCR	BMNCR	-0.00135891535818029	-0.754830486541001	-0.7534715711828207	negative	True	False	False
ENSMUSG00000028883	0.972497534984032	0.984141495864852	-0.0161184278389397	17.15854695446	1022	0.9951267056530214	0.012111490818901918	0.004830750930987225	False	WT/FF	SEMA3A	SEMA3A	-0.0967727884249176	-1.31276084473045	-1.2159880563055323	negative	True	False	False
ENSMUSG00000110710	0.977650377783299	0.986937918312432	0.0058712014768285	71.1704504517393	1023	0.9961013645224172	0.009816427570438201	0.003864189003490898	False	WT/FF	C78859	C78859	0.0623807181436782	0.664475441935995	0.6020947237923168	positive	True	False	False
ENSMUSG00000064345	0.980107474036024	0.988366594534784	0.0020151023756131	98460.6929142101	1024	0.9970760233918129	0.00872629897934517	0.002893379267944633	False	WT/FF	MT-ND2	MT-ND2	0.0537957290776235	-0.315658216639855	-0.36945394571747847	negative	True	False	False
ENSMUSG00000064357	0.981432052960436	0.988987909531908	-0.0032296103031888	103.40891494526	1025	0.9980506822612085	0.008139762335817242	0.00192079419801392	False	WT/FF	MT-ATP6	MT-ATP6	0.0709294682670532	-0.292571098383891	-0.3635005666509442	negative	True	False	False
ENSMUSG00000051504	0.996948569810015	0.99811100226397	0.0011341257050611	48.2196486966309	1026	0.9990253411306043	0.001327245323078751	0.0009701578448610117	False	WT/FF	SIGLECH	SIGLECH	0.0859376464117506	-0.665105385262211	-0.7510430316739616	negative	True	False	False
ENSMUSG00000067578	0.999879809515216	0.999980768623045	-5.97332382696953e-05	22.4414620655207	1027	1.0	5.2201201425645576e-05	0.0	False	WT/FF	CBLN4	CBLN4	-0.170439917721362	-1.06585833448576	-0.8954184167643979	negative	True	False	False
