branch	go_direction	native	name	gene_id	symbol
WT/FF	up	GO:0048518	positive regulation of biological process	ENSMUSG00000030898	Cckbr
WT/FF	up	GO:0048518	positive regulation of biological process	ENSMUSG00000046223	Plaur
WT/FF	up	GO:0048518	positive regulation of biological process	ENSMUSG00000031074	Fgf3
WT/FF	up	GO:0048518	positive regulation of biological process	ENSMUSG00000025746	Il6
WT/FF	up	GO:0048518	positive regulation of biological process	ENSMUSG00000054136	Adm2
WT/FF	up	GO:0048518	positive regulation of biological process	ENSMUSG00000015316	Slamf1
WT/FF	up	GO:0048518	positive regulation of biological process	ENSMUSG00000037411	Serpine1
WT/FF	up	GO:0048518	positive regulation of biological process	ENSMUSG00000024803	Ankrd1
WT/FF	up	GO:0048518	positive regulation of biological process	ENSMUSG00000039910	Cited2
WT/FF	up	GO:0048518	positive regulation of biological process	ENSMUSG00000024517	Grp
WT/FF	up	GO:0048518	positive regulation of biological process	ENSMUSG00000038676	Ucn
WT/FF	up	GO:0048518	positive regulation of biological process	ENSMUSG00000038331	Satb2
WT/FF	up	GO:0048522	positive regulation of cellular process	ENSMUSG00000030898	Cckbr
WT/FF	up	GO:0048522	positive regulation of cellular process	ENSMUSG00000046223	Plaur
WT/FF	up	GO:0048522	positive regulation of cellular process	ENSMUSG00000031074	Fgf3
WT/FF	up	GO:0048522	positive regulation of cellular process	ENSMUSG00000025746	Il6
WT/FF	up	GO:0048522	positive regulation of cellular process	ENSMUSG00000054136	Adm2
WT/FF	up	GO:0048522	positive regulation of cellular process	ENSMUSG00000015316	Slamf1
WT/FF	up	GO:0048522	positive regulation of cellular process	ENSMUSG00000037411	Serpine1
WT/FF	up	GO:0048522	positive regulation of cellular process	ENSMUSG00000024803	Ankrd1
WT/FF	up	GO:0048522	positive regulation of cellular process	ENSMUSG00000039910	Cited2
WT/FF	up	GO:0048522	positive regulation of cellular process	ENSMUSG00000024517	Grp
WT/FF	up	GO:0048522	positive regulation of cellular process	ENSMUSG00000038676	Ucn
WT/FF	up	GO:0048522	positive regulation of cellular process	ENSMUSG00000038331	Satb2
WT/FF	up	GO:0048519	negative regulation of biological process	ENSMUSG00000073680	Tmem88b
WT/FF	up	GO:0048519	negative regulation of biological process	ENSMUSG00000046223	Plaur
WT/FF	up	GO:0048519	negative regulation of biological process	ENSMUSG00000031074	Fgf3
WT/FF	up	GO:0048519	negative regulation of biological process	ENSMUSG00000027611	Procr
WT/FF	up	GO:0048519	negative regulation of biological process	ENSMUSG00000025746	Il6
WT/FF	up	GO:0048519	negative regulation of biological process	ENSMUSG00000015316	Slamf1
WT/FF	up	GO:0048519	negative regulation of biological process	ENSMUSG00000037411	Serpine1
WT/FF	up	GO:0048519	negative regulation of biological process	ENSMUSG00000031383	Dusp9
WT/FF	up	GO:0048519	negative regulation of biological process	ENSMUSG00000024803	Ankrd1
WT/FF	up	GO:0048519	negative regulation of biological process	ENSMUSG00000039910	Cited2
WT/FF	up	GO:0048519	negative regulation of biological process	ENSMUSG00000024517	Grp
WT/FF	up	GO:0048519	negative regulation of biological process	ENSMUSG00000038676	Ucn
WT/FF	up	GO:0048519	negative regulation of biological process	ENSMUSG00000038331	Satb2
WT/FF	up	GO:0048523	negative regulation of cellular process	ENSMUSG00000073680	Tmem88b
WT/FF	up	GO:0048523	negative regulation of cellular process	ENSMUSG00000046223	Plaur
WT/FF	up	GO:0048523	negative regulation of cellular process	ENSMUSG00000025746	Il6
WT/FF	up	GO:0048523	negative regulation of cellular process	ENSMUSG00000015316	Slamf1
WT/FF	up	GO:0048523	negative regulation of cellular process	ENSMUSG00000037411	Serpine1
WT/FF	up	GO:0048523	negative regulation of cellular process	ENSMUSG00000031383	Dusp9
WT/FF	up	GO:0048523	negative regulation of cellular process	ENSMUSG00000024803	Ankrd1
WT/FF	up	GO:0048523	negative regulation of cellular process	ENSMUSG00000039910	Cited2
WT/FF	up	GO:0048523	negative regulation of cellular process	ENSMUSG00000024517	Grp
WT/FF	up	GO:0048523	negative regulation of cellular process	ENSMUSG00000038676	Ucn
WT/FF	up	GO:0048523	negative regulation of cellular process	ENSMUSG00000038331	Satb2
WT/FF	up	GO:0065007	biological regulation	ENSMUSG00000073680	Tmem88b
WT/FF	up	GO:0065007	biological regulation	ENSMUSG00000042816	Gpr151
WT/FF	up	GO:0065007	biological regulation	ENSMUSG00000030898	Cckbr
WT/FF	up	GO:0065007	biological regulation	ENSMUSG00000046223	Plaur
WT/FF	up	GO:0065007	biological regulation	ENSMUSG00000037428	Vgf
WT/FF	up	GO:0065007	biological regulation	ENSMUSG00000031074	Fgf3
WT/FF	up	GO:0065007	biological regulation	ENSMUSG00000027611	Procr
WT/FF	up	GO:0065007	biological regulation	ENSMUSG00000024883	Rin1
WT/FF	up	GO:0065007	biological regulation	ENSMUSG00000025746	Il6
WT/FF	up	GO:0065007	biological regulation	ENSMUSG00000078532	Nkain1
WT/FF	up	GO:0065007	biological regulation	ENSMUSG00000054136	Adm2
WT/FF	up	GO:0065007	biological regulation	ENSMUSG00000015316	Slamf1
WT/FF	up	GO:0065007	biological regulation	ENSMUSG00000039364	Sectm1b
WT/FF	up	GO:0065007	biological regulation	ENSMUSG00000023387	Kcnk16
WT/FF	up	GO:0065007	biological regulation	ENSMUSG00000037411	Serpine1
WT/FF	up	GO:0065007	biological regulation	ENSMUSG00000031383	Dusp9
WT/FF	up	GO:0065007	biological regulation	ENSMUSG00000024803	Ankrd1
WT/FF	up	GO:0065007	biological regulation	ENSMUSG00000044667	Plppr4
WT/FF	up	GO:0065007	biological regulation	ENSMUSG00000026247	Ecel1
WT/FF	up	GO:0065007	biological regulation	ENSMUSG00000039910	Cited2
WT/FF	up	GO:0065007	biological regulation	ENSMUSG00000024517	Grp
WT/FF	up	GO:0065007	biological regulation	ENSMUSG00000058354	Krt6a
WT/FF	up	GO:0065007	biological regulation	ENSMUSG00000061039	Or8b53
WT/FF	up	GO:0065007	biological regulation	ENSMUSG00000004105	Angptl2
WT/FF	up	GO:0065007	biological regulation	ENSMUSG00000038676	Ucn
WT/FF	up	GO:0065007	biological regulation	ENSMUSG00000040148	Hmx3
WT/FF	up	GO:0065007	biological regulation	ENSMUSG00000038331	Satb2
WT/FF	up	GO:0065007	biological regulation	ENSMUSG00000028602	Tnfrsf8
WT/FF	up	GO:0035556	intracellular signal transduction	ENSMUSG00000030898	Cckbr
WT/FF	up	GO:0035556	intracellular signal transduction	ENSMUSG00000046223	Plaur
WT/FF	up	GO:0035556	intracellular signal transduction	ENSMUSG00000025746	Il6
WT/FF	up	GO:0035556	intracellular signal transduction	ENSMUSG00000015316	Slamf1
WT/FF	up	GO:0035556	intracellular signal transduction	ENSMUSG00000031383	Dusp9
WT/FF	up	GO:0035556	intracellular signal transduction	ENSMUSG00000024803	Ankrd1
WT/FF	up	GO:0035556	intracellular signal transduction	ENSMUSG00000026247	Ecel1
WT/FF	up	GO:0035556	intracellular signal transduction	ENSMUSG00000039910	Cited2
WT/FF	up	GO:0035556	intracellular signal transduction	ENSMUSG00000038676	Ucn
WT/FF	up	GO:0023051	regulation of signaling	ENSMUSG00000073680	Tmem88b
WT/FF	up	GO:0023051	regulation of signaling	ENSMUSG00000042816	Gpr151
WT/FF	up	GO:0023051	regulation of signaling	ENSMUSG00000030898	Cckbr
WT/FF	up	GO:0023051	regulation of signaling	ENSMUSG00000046223	Plaur
WT/FF	up	GO:0023051	regulation of signaling	ENSMUSG00000037428	Vgf
WT/FF	up	GO:0023051	regulation of signaling	ENSMUSG00000024883	Rin1
WT/FF	up	GO:0023051	regulation of signaling	ENSMUSG00000025746	Il6
WT/FF	up	GO:0023051	regulation of signaling	ENSMUSG00000015316	Slamf1
WT/FF	up	GO:0023051	regulation of signaling	ENSMUSG00000037411	Serpine1
WT/FF	up	GO:0023051	regulation of signaling	ENSMUSG00000031383	Dusp9
WT/FF	up	GO:0023051	regulation of signaling	ENSMUSG00000024803	Ankrd1
WT/FF	up	GO:0023051	regulation of signaling	ENSMUSG00000044667	Plppr4
WT/FF	up	GO:0023051	regulation of signaling	ENSMUSG00000039910	Cited2
WT/FF	up	GO:0023051	regulation of signaling	ENSMUSG00000024517	Grp
WT/FF	up	GO:0023051	regulation of signaling	ENSMUSG00000038676	Ucn
WT/FF	up	GO:0048583	regulation of response to stimulus	ENSMUSG00000073680	Tmem88b
WT/FF	up	GO:0048583	regulation of response to stimulus	ENSMUSG00000030898	Cckbr
WT/FF	up	GO:0048583	regulation of response to stimulus	ENSMUSG00000046223	Plaur
WT/FF	up	GO:0048583	regulation of response to stimulus	ENSMUSG00000025746	Il6
WT/FF	up	GO:0048583	regulation of response to stimulus	ENSMUSG00000015316	Slamf1
WT/FF	up	GO:0048583	regulation of response to stimulus	ENSMUSG00000037411	Serpine1
WT/FF	up	GO:0048583	regulation of response to stimulus	ENSMUSG00000031383	Dusp9
WT/FF	up	GO:0048583	regulation of response to stimulus	ENSMUSG00000024803	Ankrd1
WT/FF	up	GO:0048583	regulation of response to stimulus	ENSMUSG00000039910	Cited2
WT/FF	up	GO:0048583	regulation of response to stimulus	ENSMUSG00000024517	Grp
WT/FF	up	GO:0048583	regulation of response to stimulus	ENSMUSG00000038676	Ucn
WT/FF	up	GO:0006950	response to stress	ENSMUSG00000030898	Cckbr
WT/FF	up	GO:0006950	response to stress	ENSMUSG00000046223	Plaur
WT/FF	up	GO:0006950	response to stress	ENSMUSG00000037428	Vgf
WT/FF	up	GO:0006950	response to stress	ENSMUSG00000027611	Procr
WT/FF	up	GO:0006950	response to stress	ENSMUSG00000025746	Il6
WT/FF	up	GO:0006950	response to stress	ENSMUSG00000015316	Slamf1
WT/FF	up	GO:0006950	response to stress	ENSMUSG00000034783	Cd207
WT/FF	up	GO:0006950	response to stress	ENSMUSG00000028255	Clca1
WT/FF	up	GO:0006950	response to stress	ENSMUSG00000037411	Serpine1
WT/FF	up	GO:0006950	response to stress	ENSMUSG00000024803	Ankrd1
WT/FF	up	GO:0006950	response to stress	ENSMUSG00000039910	Cited2
WT/FF	up	GO:0006950	response to stress	ENSMUSG00000024517	Grp
WT/FF	up	GO:0006950	response to stress	ENSMUSG00000058354	Krt6a
WT/FF	up	GO:0006950	response to stress	ENSMUSG00000004105	Angptl2
WT/FF	up	GO:0006950	response to stress	ENSMUSG00000038676	Ucn
WT/FF	up	GO:0006950	response to stress	ENSMUSG00000050108	Bpifc
WT/FF	up	GO:0010646	regulation of cell communication	ENSMUSG00000073680	Tmem88b
WT/FF	up	GO:0010646	regulation of cell communication	ENSMUSG00000042816	Gpr151
WT/FF	up	GO:0010646	regulation of cell communication	ENSMUSG00000030898	Cckbr
WT/FF	up	GO:0010646	regulation of cell communication	ENSMUSG00000046223	Plaur
WT/FF	up	GO:0010646	regulation of cell communication	ENSMUSG00000037428	Vgf
WT/FF	up	GO:0010646	regulation of cell communication	ENSMUSG00000024883	Rin1
WT/FF	up	GO:0010646	regulation of cell communication	ENSMUSG00000025746	Il6
WT/FF	up	GO:0010646	regulation of cell communication	ENSMUSG00000015316	Slamf1
WT/FF	up	GO:0010646	regulation of cell communication	ENSMUSG00000037411	Serpine1
WT/FF	up	GO:0010646	regulation of cell communication	ENSMUSG00000031383	Dusp9
WT/FF	up	GO:0010646	regulation of cell communication	ENSMUSG00000024803	Ankrd1
WT/FF	up	GO:0010646	regulation of cell communication	ENSMUSG00000044667	Plppr4
WT/FF	up	GO:0010646	regulation of cell communication	ENSMUSG00000039910	Cited2
WT/FF	up	GO:0010646	regulation of cell communication	ENSMUSG00000024517	Grp
WT/FF	up	GO:0010646	regulation of cell communication	ENSMUSG00000038676	Ucn
WT/FF	up	GO:0051179	localization	ENSMUSG00000042816	Gpr151
WT/FF	up	GO:0051179	localization	ENSMUSG00000030898	Cckbr
WT/FF	up	GO:0051179	localization	ENSMUSG00000037428	Vgf
WT/FF	up	GO:0051179	localization	ENSMUSG00000024883	Rin1
WT/FF	up	GO:0051179	localization	ENSMUSG00000025746	Il6
WT/FF	up	GO:0051179	localization	ENSMUSG00000078532	Nkain1
WT/FF	up	GO:0051179	localization	ENSMUSG00000015316	Slamf1
WT/FF	up	GO:0051179	localization	ENSMUSG00000023387	Kcnk16
WT/FF	up	GO:0051179	localization	ENSMUSG00000029321	Slc10a6
WT/FF	up	GO:0051179	localization	ENSMUSG00000028255	Clca1
WT/FF	up	GO:0051179	localization	ENSMUSG00000037411	Serpine1
WT/FF	up	GO:0051179	localization	ENSMUSG00000024803	Ankrd1
WT/FF	up	GO:0051179	localization	ENSMUSG00000044667	Plppr4
WT/FF	up	GO:0051179	localization	ENSMUSG00000024517	Grp
WT/FF	up	GO:0051179	localization	ENSMUSG00000038676	Ucn
WT/FF	up	GO:0006810	transport	ENSMUSG00000042816	Gpr151
WT/FF	up	GO:0006810	transport	ENSMUSG00000030898	Cckbr
WT/FF	up	GO:0006810	transport	ENSMUSG00000037428	Vgf
WT/FF	up	GO:0006810	transport	ENSMUSG00000024883	Rin1
WT/FF	up	GO:0006810	transport	ENSMUSG00000025746	Il6
WT/FF	up	GO:0006810	transport	ENSMUSG00000078532	Nkain1
WT/FF	up	GO:0006810	transport	ENSMUSG00000015316	Slamf1
WT/FF	up	GO:0006810	transport	ENSMUSG00000023387	Kcnk16
WT/FF	up	GO:0006810	transport	ENSMUSG00000029321	Slc10a6
WT/FF	up	GO:0006810	transport	ENSMUSG00000028255	Clca1
WT/FF	up	GO:0006810	transport	ENSMUSG00000037411	Serpine1
WT/FF	up	GO:0006810	transport	ENSMUSG00000024803	Ankrd1
WT/FF	up	GO:0006810	transport	ENSMUSG00000044667	Plppr4
WT/FF	up	GO:0006810	transport	ENSMUSG00000024517	Grp
WT/FF	up	GO:0006810	transport	ENSMUSG00000038676	Ucn
WT/FF	up	GO:0048731	system development	ENSMUSG00000030898	Cckbr
WT/FF	up	GO:0048731	system development	ENSMUSG00000046223	Plaur
WT/FF	up	GO:0048731	system development	ENSMUSG00000037428	Vgf
WT/FF	up	GO:0048731	system development	ENSMUSG00000031074	Fgf3
WT/FF	up	GO:0048731	system development	ENSMUSG00000025746	Il6
WT/FF	up	GO:0048731	system development	ENSMUSG00000054136	Adm2
WT/FF	up	GO:0048731	system development	ENSMUSG00000037411	Serpine1
WT/FF	up	GO:0048731	system development	ENSMUSG00000024803	Ankrd1
WT/FF	up	GO:0048731	system development	ENSMUSG00000044667	Plppr4
WT/FF	up	GO:0048731	system development	ENSMUSG00000039910	Cited2
WT/FF	up	GO:0048731	system development	ENSMUSG00000038676	Ucn
WT/FF	up	GO:0048731	system development	ENSMUSG00000040148	Hmx3
WT/FF	up	GO:0048731	system development	ENSMUSG00000038331	Satb2
WT/FF	up	GO:0009966	regulation of signal transduction	ENSMUSG00000073680	Tmem88b
WT/FF	up	GO:0009966	regulation of signal transduction	ENSMUSG00000046223	Plaur
WT/FF	up	GO:0009966	regulation of signal transduction	ENSMUSG00000025746	Il6
WT/FF	up	GO:0009966	regulation of signal transduction	ENSMUSG00000015316	Slamf1
WT/FF	up	GO:0009966	regulation of signal transduction	ENSMUSG00000037411	Serpine1
WT/FF	up	GO:0009966	regulation of signal transduction	ENSMUSG00000031383	Dusp9
WT/FF	up	GO:0009966	regulation of signal transduction	ENSMUSG00000024803	Ankrd1
WT/FF	up	GO:0009966	regulation of signal transduction	ENSMUSG00000039910	Cited2
WT/FF	up	GO:0009966	regulation of signal transduction	ENSMUSG00000024517	Grp
WT/FF	up	GO:0009966	regulation of signal transduction	ENSMUSG00000038676	Ucn
WT/FF	up	GO:0051234	establishment of localization	ENSMUSG00000042816	Gpr151
WT/FF	up	GO:0051234	establishment of localization	ENSMUSG00000030898	Cckbr
WT/FF	up	GO:0051234	establishment of localization	ENSMUSG00000037428	Vgf
WT/FF	up	GO:0051234	establishment of localization	ENSMUSG00000024883	Rin1
WT/FF	up	GO:0051234	establishment of localization	ENSMUSG00000025746	Il6
WT/FF	up	GO:0051234	establishment of localization	ENSMUSG00000078532	Nkain1
WT/FF	up	GO:0051234	establishment of localization	ENSMUSG00000015316	Slamf1
WT/FF	up	GO:0051234	establishment of localization	ENSMUSG00000023387	Kcnk16
WT/FF	up	GO:0051234	establishment of localization	ENSMUSG00000029321	Slc10a6
WT/FF	up	GO:0051234	establishment of localization	ENSMUSG00000028255	Clca1
WT/FF	up	GO:0051234	establishment of localization	ENSMUSG00000037411	Serpine1
WT/FF	up	GO:0051234	establishment of localization	ENSMUSG00000024803	Ankrd1
WT/FF	up	GO:0051234	establishment of localization	ENSMUSG00000044667	Plppr4
WT/FF	up	GO:0051234	establishment of localization	ENSMUSG00000024517	Grp
WT/FF	up	GO:0051234	establishment of localization	ENSMUSG00000038676	Ucn
WT/FF	up	GO:0051239	regulation of multicellular organismal process	ENSMUSG00000030898	Cckbr
WT/FF	up	GO:0051239	regulation of multicellular organismal process	ENSMUSG00000046223	Plaur
WT/FF	up	GO:0051239	regulation of multicellular organismal process	ENSMUSG00000031074	Fgf3
WT/FF	up	GO:0051239	regulation of multicellular organismal process	ENSMUSG00000027611	Procr
WT/FF	up	GO:0051239	regulation of multicellular organismal process	ENSMUSG00000025746	Il6
WT/FF	up	GO:0051239	regulation of multicellular organismal process	ENSMUSG00000054136	Adm2
WT/FF	up	GO:0051239	regulation of multicellular organismal process	ENSMUSG00000015316	Slamf1
WT/FF	up	GO:0051239	regulation of multicellular organismal process	ENSMUSG00000037411	Serpine1
WT/FF	up	GO:0051239	regulation of multicellular organismal process	ENSMUSG00000039910	Cited2
WT/FF	up	GO:0051239	regulation of multicellular organismal process	ENSMUSG00000024517	Grp
WT/FF	up	GO:0051239	regulation of multicellular organismal process	ENSMUSG00000038676	Ucn
WT/FF	up	GO:0050789	regulation of biological process	ENSMUSG00000073680	Tmem88b
WT/FF	up	GO:0050789	regulation of biological process	ENSMUSG00000042816	Gpr151
WT/FF	up	GO:0050789	regulation of biological process	ENSMUSG00000030898	Cckbr
WT/FF	up	GO:0050789	regulation of biological process	ENSMUSG00000046223	Plaur
WT/FF	up	GO:0050789	regulation of biological process	ENSMUSG00000037428	Vgf
WT/FF	up	GO:0050789	regulation of biological process	ENSMUSG00000031074	Fgf3
WT/FF	up	GO:0050789	regulation of biological process	ENSMUSG00000027611	Procr
WT/FF	up	GO:0050789	regulation of biological process	ENSMUSG00000024883	Rin1
WT/FF	up	GO:0050789	regulation of biological process	ENSMUSG00000025746	Il6
WT/FF	up	GO:0050789	regulation of biological process	ENSMUSG00000078532	Nkain1
WT/FF	up	GO:0050789	regulation of biological process	ENSMUSG00000054136	Adm2
WT/FF	up	GO:0050789	regulation of biological process	ENSMUSG00000015316	Slamf1
WT/FF	up	GO:0050789	regulation of biological process	ENSMUSG00000039364	Sectm1b
WT/FF	up	GO:0050789	regulation of biological process	ENSMUSG00000037411	Serpine1
WT/FF	up	GO:0050789	regulation of biological process	ENSMUSG00000031383	Dusp9
WT/FF	up	GO:0050789	regulation of biological process	ENSMUSG00000024803	Ankrd1
WT/FF	up	GO:0050789	regulation of biological process	ENSMUSG00000044667	Plppr4
WT/FF	up	GO:0050789	regulation of biological process	ENSMUSG00000026247	Ecel1
WT/FF	up	GO:0050789	regulation of biological process	ENSMUSG00000039910	Cited2
WT/FF	up	GO:0050789	regulation of biological process	ENSMUSG00000024517	Grp
WT/FF	up	GO:0050789	regulation of biological process	ENSMUSG00000058354	Krt6a
WT/FF	up	GO:0050789	regulation of biological process	ENSMUSG00000061039	Or8b53
WT/FF	up	GO:0050789	regulation of biological process	ENSMUSG00000038676	Ucn
WT/FF	up	GO:0050789	regulation of biological process	ENSMUSG00000040148	Hmx3
WT/FF	up	GO:0050789	regulation of biological process	ENSMUSG00000038331	Satb2
WT/FF	up	GO:0050789	regulation of biological process	ENSMUSG00000028602	Tnfrsf8
WT/FF	up	GO:0048856	anatomical structure development	ENSMUSG00000030898	Cckbr
WT/FF	up	GO:0048856	anatomical structure development	ENSMUSG00000046223	Plaur
WT/FF	up	GO:0048856	anatomical structure development	ENSMUSG00000037428	Vgf
WT/FF	up	GO:0048856	anatomical structure development	ENSMUSG00000031074	Fgf3
WT/FF	up	GO:0048856	anatomical structure development	ENSMUSG00000025746	Il6
WT/FF	up	GO:0048856	anatomical structure development	ENSMUSG00000054136	Adm2
WT/FF	up	GO:0048856	anatomical structure development	ENSMUSG00000015316	Slamf1
WT/FF	up	GO:0048856	anatomical structure development	ENSMUSG00000103523	2210017I01Rik
WT/FF	up	GO:0048856	anatomical structure development	ENSMUSG00000037411	Serpine1
WT/FF	up	GO:0048856	anatomical structure development	ENSMUSG00000024803	Ankrd1
WT/FF	up	GO:0048856	anatomical structure development	ENSMUSG00000027919	Lce1g
WT/FF	up	GO:0048856	anatomical structure development	ENSMUSG00000044667	Plppr4
WT/FF	up	GO:0048856	anatomical structure development	ENSMUSG00000039910	Cited2
WT/FF	up	GO:0048856	anatomical structure development	ENSMUSG00000058354	Krt6a
WT/FF	up	GO:0048856	anatomical structure development	ENSMUSG00000027800	Tm4sf1
WT/FF	up	GO:0048856	anatomical structure development	ENSMUSG00000038676	Ucn
WT/FF	up	GO:0048856	anatomical structure development	ENSMUSG00000040148	Hmx3
WT/FF	up	GO:0048856	anatomical structure development	ENSMUSG00000038331	Satb2
WT/FF	up	GO:0007275	multicellular organism development	ENSMUSG00000030898	Cckbr
WT/FF	up	GO:0007275	multicellular organism development	ENSMUSG00000046223	Plaur
WT/FF	up	GO:0007275	multicellular organism development	ENSMUSG00000037428	Vgf
WT/FF	up	GO:0007275	multicellular organism development	ENSMUSG00000031074	Fgf3
WT/FF	up	GO:0007275	multicellular organism development	ENSMUSG00000025746	Il6
WT/FF	up	GO:0007275	multicellular organism development	ENSMUSG00000054136	Adm2
WT/FF	up	GO:0007275	multicellular organism development	ENSMUSG00000037411	Serpine1
WT/FF	up	GO:0007275	multicellular organism development	ENSMUSG00000024803	Ankrd1
WT/FF	up	GO:0007275	multicellular organism development	ENSMUSG00000044667	Plppr4
WT/FF	up	GO:0007275	multicellular organism development	ENSMUSG00000039910	Cited2
WT/FF	up	GO:0007275	multicellular organism development	ENSMUSG00000027800	Tm4sf1
WT/FF	up	GO:0007275	multicellular organism development	ENSMUSG00000038676	Ucn
WT/FF	up	GO:0007275	multicellular organism development	ENSMUSG00000040148	Hmx3
WT/FF	up	GO:0007275	multicellular organism development	ENSMUSG00000038331	Satb2
WT/FF	up	GO:0009893	positive regulation of metabolic process	ENSMUSG00000025746	Il6
WT/FF	up	GO:0009893	positive regulation of metabolic process	ENSMUSG00000054136	Adm2
WT/FF	up	GO:0009893	positive regulation of metabolic process	ENSMUSG00000015316	Slamf1
WT/FF	up	GO:0009893	positive regulation of metabolic process	ENSMUSG00000037411	Serpine1
WT/FF	up	GO:0009893	positive regulation of metabolic process	ENSMUSG00000024803	Ankrd1
WT/FF	up	GO:0009893	positive regulation of metabolic process	ENSMUSG00000039910	Cited2
WT/FF	up	GO:0009893	positive regulation of metabolic process	ENSMUSG00000038676	Ucn
WT/FF	up	GO:0009893	positive regulation of metabolic process	ENSMUSG00000038331	Satb2
WT/FF	up	GO:0023057	negative regulation of signaling	ENSMUSG00000073680	Tmem88b
WT/FF	up	GO:0023057	negative regulation of signaling	ENSMUSG00000046223	Plaur
WT/FF	up	GO:0023057	negative regulation of signaling	ENSMUSG00000025746	Il6
WT/FF	up	GO:0023057	negative regulation of signaling	ENSMUSG00000015316	Slamf1
WT/FF	up	GO:0023057	negative regulation of signaling	ENSMUSG00000037411	Serpine1
WT/FF	up	GO:0023057	negative regulation of signaling	ENSMUSG00000031383	Dusp9
WT/FF	up	GO:0023057	negative regulation of signaling	ENSMUSG00000038676	Ucn
WT/FF	up	GO:0010648	negative regulation of cell communication	ENSMUSG00000073680	Tmem88b
WT/FF	up	GO:0010648	negative regulation of cell communication	ENSMUSG00000046223	Plaur
WT/FF	up	GO:0010648	negative regulation of cell communication	ENSMUSG00000025746	Il6
WT/FF	up	GO:0010648	negative regulation of cell communication	ENSMUSG00000015316	Slamf1
WT/FF	up	GO:0010648	negative regulation of cell communication	ENSMUSG00000037411	Serpine1
WT/FF	up	GO:0010648	negative regulation of cell communication	ENSMUSG00000031383	Dusp9
WT/FF	up	GO:0010648	negative regulation of cell communication	ENSMUSG00000038676	Ucn
WT/FF	up	GO:0007166	cell surface receptor signaling pathway	ENSMUSG00000073680	Tmem88b
WT/FF	up	GO:0007166	cell surface receptor signaling pathway	ENSMUSG00000046223	Plaur
WT/FF	up	GO:0007166	cell surface receptor signaling pathway	ENSMUSG00000031074	Fgf3
WT/FF	up	GO:0007166	cell surface receptor signaling pathway	ENSMUSG00000025746	Il6
WT/FF	up	GO:0007166	cell surface receptor signaling pathway	ENSMUSG00000015316	Slamf1
WT/FF	up	GO:0007166	cell surface receptor signaling pathway	ENSMUSG00000037411	Serpine1
WT/FF	up	GO:0007166	cell surface receptor signaling pathway	ENSMUSG00000039910	Cited2
WT/FF	up	GO:0007166	cell surface receptor signaling pathway	ENSMUSG00000058354	Krt6a
WT/FF	up	GO:0050794	regulation of cellular process	ENSMUSG00000073680	Tmem88b
WT/FF	up	GO:0050794	regulation of cellular process	ENSMUSG00000042816	Gpr151
WT/FF	up	GO:0050794	regulation of cellular process	ENSMUSG00000030898	Cckbr
WT/FF	up	GO:0050794	regulation of cellular process	ENSMUSG00000046223	Plaur
WT/FF	up	GO:0050794	regulation of cellular process	ENSMUSG00000037428	Vgf
WT/FF	up	GO:0050794	regulation of cellular process	ENSMUSG00000031074	Fgf3
WT/FF	up	GO:0050794	regulation of cellular process	ENSMUSG00000024883	Rin1
WT/FF	up	GO:0050794	regulation of cellular process	ENSMUSG00000025746	Il6
WT/FF	up	GO:0050794	regulation of cellular process	ENSMUSG00000054136	Adm2
WT/FF	up	GO:0050794	regulation of cellular process	ENSMUSG00000015316	Slamf1
WT/FF	up	GO:0050794	regulation of cellular process	ENSMUSG00000039364	Sectm1b
WT/FF	up	GO:0050794	regulation of cellular process	ENSMUSG00000037411	Serpine1
WT/FF	up	GO:0050794	regulation of cellular process	ENSMUSG00000031383	Dusp9
WT/FF	up	GO:0050794	regulation of cellular process	ENSMUSG00000024803	Ankrd1
WT/FF	up	GO:0050794	regulation of cellular process	ENSMUSG00000044667	Plppr4
WT/FF	up	GO:0050794	regulation of cellular process	ENSMUSG00000026247	Ecel1
WT/FF	up	GO:0050794	regulation of cellular process	ENSMUSG00000039910	Cited2
WT/FF	up	GO:0050794	regulation of cellular process	ENSMUSG00000024517	Grp
WT/FF	up	GO:0050794	regulation of cellular process	ENSMUSG00000058354	Krt6a
WT/FF	up	GO:0050794	regulation of cellular process	ENSMUSG00000061039	Or8b53
WT/FF	up	GO:0050794	regulation of cellular process	ENSMUSG00000038676	Ucn
WT/FF	up	GO:0050794	regulation of cellular process	ENSMUSG00000040148	Hmx3
WT/FF	up	GO:0050794	regulation of cellular process	ENSMUSG00000038331	Satb2
WT/FF	up	GO:0050794	regulation of cellular process	ENSMUSG00000028602	Tnfrsf8
WT/FF	up	GO:0010604	positive regulation of macromolecule metabolic process	ENSMUSG00000025746	Il6
WT/FF	up	GO:0010604	positive regulation of macromolecule metabolic process	ENSMUSG00000054136	Adm2
WT/FF	up	GO:0010604	positive regulation of macromolecule metabolic process	ENSMUSG00000015316	Slamf1
WT/FF	up	GO:0010604	positive regulation of macromolecule metabolic process	ENSMUSG00000037411	Serpine1
WT/FF	up	GO:0010604	positive regulation of macromolecule metabolic process	ENSMUSG00000024803	Ankrd1
WT/FF	up	GO:0010604	positive regulation of macromolecule metabolic process	ENSMUSG00000039910	Cited2
WT/FF	up	GO:0010604	positive regulation of macromolecule metabolic process	ENSMUSG00000038676	Ucn
WT/FF	up	GO:0010604	positive regulation of macromolecule metabolic process	ENSMUSG00000038331	Satb2
WT/FF	up	GO:0032502	developmental process	ENSMUSG00000030898	Cckbr
WT/FF	up	GO:0032502	developmental process	ENSMUSG00000046223	Plaur
WT/FF	up	GO:0032502	developmental process	ENSMUSG00000037428	Vgf
WT/FF	up	GO:0032502	developmental process	ENSMUSG00000031074	Fgf3
WT/FF	up	GO:0032502	developmental process	ENSMUSG00000025746	Il6
WT/FF	up	GO:0032502	developmental process	ENSMUSG00000054136	Adm2
WT/FF	up	GO:0032502	developmental process	ENSMUSG00000015316	Slamf1
WT/FF	up	GO:0032502	developmental process	ENSMUSG00000103523	2210017I01Rik
WT/FF	up	GO:0032502	developmental process	ENSMUSG00000037411	Serpine1
WT/FF	up	GO:0032502	developmental process	ENSMUSG00000024803	Ankrd1
WT/FF	up	GO:0032502	developmental process	ENSMUSG00000027919	Lce1g
WT/FF	up	GO:0032502	developmental process	ENSMUSG00000044667	Plppr4
WT/FF	up	GO:0032502	developmental process	ENSMUSG00000039910	Cited2
WT/FF	up	GO:0032502	developmental process	ENSMUSG00000058354	Krt6a
WT/FF	up	GO:0032502	developmental process	ENSMUSG00000027800	Tm4sf1
WT/FF	up	GO:0032502	developmental process	ENSMUSG00000038676	Ucn
WT/FF	up	GO:0032502	developmental process	ENSMUSG00000040148	Hmx3
WT/FF	up	GO:0032502	developmental process	ENSMUSG00000038331	Satb2
WT/FF	up	GO:0050896	response to stimulus	ENSMUSG00000073680	Tmem88b
WT/FF	up	GO:0050896	response to stimulus	ENSMUSG00000042816	Gpr151
WT/FF	up	GO:0050896	response to stimulus	ENSMUSG00000030898	Cckbr
WT/FF	up	GO:0050896	response to stimulus	ENSMUSG00000046223	Plaur
WT/FF	up	GO:0050896	response to stimulus	ENSMUSG00000037428	Vgf
WT/FF	up	GO:0050896	response to stimulus	ENSMUSG00000031074	Fgf3
WT/FF	up	GO:0050896	response to stimulus	ENSMUSG00000027611	Procr
WT/FF	up	GO:0050896	response to stimulus	ENSMUSG00000024883	Rin1
WT/FF	up	GO:0050896	response to stimulus	ENSMUSG00000025746	Il6
WT/FF	up	GO:0050896	response to stimulus	ENSMUSG00000054136	Adm2
WT/FF	up	GO:0050896	response to stimulus	ENSMUSG00000015316	Slamf1
WT/FF	up	GO:0050896	response to stimulus	ENSMUSG00000039364	Sectm1b
WT/FF	up	GO:0050896	response to stimulus	ENSMUSG00000034783	Cd207
WT/FF	up	GO:0050896	response to stimulus	ENSMUSG00000028255	Clca1
WT/FF	up	GO:0050896	response to stimulus	ENSMUSG00000037411	Serpine1
WT/FF	up	GO:0050896	response to stimulus	ENSMUSG00000031383	Dusp9
WT/FF	up	GO:0050896	response to stimulus	ENSMUSG00000024803	Ankrd1
WT/FF	up	GO:0050896	response to stimulus	ENSMUSG00000044667	Plppr4
WT/FF	up	GO:0050896	response to stimulus	ENSMUSG00000026247	Ecel1
WT/FF	up	GO:0050896	response to stimulus	ENSMUSG00000039910	Cited2
WT/FF	up	GO:0050896	response to stimulus	ENSMUSG00000024517	Grp
WT/FF	up	GO:0050896	response to stimulus	ENSMUSG00000058354	Krt6a
WT/FF	up	GO:0050896	response to stimulus	ENSMUSG00000061039	Or8b53
WT/FF	up	GO:0050896	response to stimulus	ENSMUSG00000004105	Angptl2
WT/FF	up	GO:0050896	response to stimulus	ENSMUSG00000038676	Ucn
WT/FF	up	GO:0050896	response to stimulus	ENSMUSG00000028602	Tnfrsf8
WT/FF	up	GO:0050896	response to stimulus	ENSMUSG00000050108	Bpifc
WT/FF	up	GO:0065008	regulation of biological quality	ENSMUSG00000030898	Cckbr
WT/FF	up	GO:0065008	regulation of biological quality	ENSMUSG00000046223	Plaur
WT/FF	up	GO:0065008	regulation of biological quality	ENSMUSG00000037428	Vgf
WT/FF	up	GO:0065008	regulation of biological quality	ENSMUSG00000027611	Procr
WT/FF	up	GO:0065008	regulation of biological quality	ENSMUSG00000024883	Rin1
WT/FF	up	GO:0065008	regulation of biological quality	ENSMUSG00000025746	Il6
WT/FF	up	GO:0065008	regulation of biological quality	ENSMUSG00000054136	Adm2
WT/FF	up	GO:0065008	regulation of biological quality	ENSMUSG00000023387	Kcnk16
WT/FF	up	GO:0065008	regulation of biological quality	ENSMUSG00000037411	Serpine1
WT/FF	up	GO:0065008	regulation of biological quality	ENSMUSG00000044667	Plppr4
WT/FF	up	GO:0065008	regulation of biological quality	ENSMUSG00000024517	Grp
WT/FF	up	GO:0065008	regulation of biological quality	ENSMUSG00000004105	Angptl2
WT/FF	up	GO:0065008	regulation of biological quality	ENSMUSG00000038676	Ucn
WT/FF	up	GO:0030154	cell differentiation	ENSMUSG00000046223	Plaur
WT/FF	up	GO:0030154	cell differentiation	ENSMUSG00000031074	Fgf3
WT/FF	up	GO:0030154	cell differentiation	ENSMUSG00000025746	Il6
WT/FF	up	GO:0030154	cell differentiation	ENSMUSG00000015316	Slamf1
WT/FF	up	GO:0030154	cell differentiation	ENSMUSG00000103523	2210017I01Rik
WT/FF	up	GO:0030154	cell differentiation	ENSMUSG00000037411	Serpine1
WT/FF	up	GO:0030154	cell differentiation	ENSMUSG00000024803	Ankrd1
WT/FF	up	GO:0030154	cell differentiation	ENSMUSG00000027919	Lce1g
WT/FF	up	GO:0030154	cell differentiation	ENSMUSG00000044667	Plppr4
WT/FF	up	GO:0030154	cell differentiation	ENSMUSG00000039910	Cited2
WT/FF	up	GO:0030154	cell differentiation	ENSMUSG00000058354	Krt6a
WT/FF	up	GO:0030154	cell differentiation	ENSMUSG00000038676	Ucn
WT/FF	up	GO:0030154	cell differentiation	ENSMUSG00000040148	Hmx3
WT/FF	up	GO:0030154	cell differentiation	ENSMUSG00000038331	Satb2
WT/FF	up	GO:0048869	cellular developmental process	ENSMUSG00000046223	Plaur
WT/FF	up	GO:0048869	cellular developmental process	ENSMUSG00000031074	Fgf3
WT/FF	up	GO:0048869	cellular developmental process	ENSMUSG00000025746	Il6
WT/FF	up	GO:0048869	cellular developmental process	ENSMUSG00000015316	Slamf1
WT/FF	up	GO:0048869	cellular developmental process	ENSMUSG00000103523	2210017I01Rik
WT/FF	up	GO:0048869	cellular developmental process	ENSMUSG00000037411	Serpine1
WT/FF	up	GO:0048869	cellular developmental process	ENSMUSG00000024803	Ankrd1
WT/FF	up	GO:0048869	cellular developmental process	ENSMUSG00000027919	Lce1g
WT/FF	up	GO:0048869	cellular developmental process	ENSMUSG00000044667	Plppr4
WT/FF	up	GO:0048869	cellular developmental process	ENSMUSG00000039910	Cited2
WT/FF	up	GO:0048869	cellular developmental process	ENSMUSG00000058354	Krt6a
WT/FF	up	GO:0048869	cellular developmental process	ENSMUSG00000038676	Ucn
WT/FF	up	GO:0048869	cellular developmental process	ENSMUSG00000040148	Hmx3
WT/FF	up	GO:0048869	cellular developmental process	ENSMUSG00000038331	Satb2
WT/FF	up	GO:0032879	regulation of localization	ENSMUSG00000042816	Gpr151
WT/FF	up	GO:0032879	regulation of localization	ENSMUSG00000030898	Cckbr
WT/FF	up	GO:0032879	regulation of localization	ENSMUSG00000025746	Il6
WT/FF	up	GO:0032879	regulation of localization	ENSMUSG00000078532	Nkain1
WT/FF	up	GO:0032879	regulation of localization	ENSMUSG00000015316	Slamf1
WT/FF	up	GO:0032879	regulation of localization	ENSMUSG00000037411	Serpine1
WT/FF	up	GO:0032879	regulation of localization	ENSMUSG00000024803	Ankrd1
WT/FF	up	GO:0032879	regulation of localization	ENSMUSG00000024517	Grp
WT/FF	up	GO:0032879	regulation of localization	ENSMUSG00000038676	Ucn
WT/FF	up	GO:0048585	negative regulation of response to stimulus	ENSMUSG00000073680	Tmem88b
WT/FF	up	GO:0048585	negative regulation of response to stimulus	ENSMUSG00000046223	Plaur
WT/FF	up	GO:0048585	negative regulation of response to stimulus	ENSMUSG00000025746	Il6
WT/FF	up	GO:0048585	negative regulation of response to stimulus	ENSMUSG00000015316	Slamf1
WT/FF	up	GO:0048585	negative regulation of response to stimulus	ENSMUSG00000037411	Serpine1
WT/FF	up	GO:0048585	negative regulation of response to stimulus	ENSMUSG00000031383	Dusp9
WT/FF	up	GO:0048585	negative regulation of response to stimulus	ENSMUSG00000038676	Ucn
WT/FF	up	GO:0009968	negative regulation of signal transduction	ENSMUSG00000073680	Tmem88b
WT/FF	up	GO:0009968	negative regulation of signal transduction	ENSMUSG00000046223	Plaur
WT/FF	up	GO:0009968	negative regulation of signal transduction	ENSMUSG00000025746	Il6
WT/FF	up	GO:0009968	negative regulation of signal transduction	ENSMUSG00000015316	Slamf1
WT/FF	up	GO:0009968	negative regulation of signal transduction	ENSMUSG00000037411	Serpine1
WT/FF	up	GO:0009968	negative regulation of signal transduction	ENSMUSG00000031383	Dusp9
WT/FF	up	GO:0032501	multicellular organismal process	ENSMUSG00000030898	Cckbr
WT/FF	up	GO:0032501	multicellular organismal process	ENSMUSG00000046223	Plaur
WT/FF	up	GO:0032501	multicellular organismal process	ENSMUSG00000037428	Vgf
WT/FF	up	GO:0032501	multicellular organismal process	ENSMUSG00000031074	Fgf3
WT/FF	up	GO:0032501	multicellular organismal process	ENSMUSG00000027611	Procr
WT/FF	up	GO:0032501	multicellular organismal process	ENSMUSG00000024883	Rin1
WT/FF	up	GO:0032501	multicellular organismal process	ENSMUSG00000025746	Il6
WT/FF	up	GO:0032501	multicellular organismal process	ENSMUSG00000054136	Adm2
WT/FF	up	GO:0032501	multicellular organismal process	ENSMUSG00000015316	Slamf1
WT/FF	up	GO:0032501	multicellular organismal process	ENSMUSG00000103523	2210017I01Rik
WT/FF	up	GO:0032501	multicellular organismal process	ENSMUSG00000037411	Serpine1
WT/FF	up	GO:0032501	multicellular organismal process	ENSMUSG00000024803	Ankrd1
WT/FF	up	GO:0032501	multicellular organismal process	ENSMUSG00000027919	Lce1g
WT/FF	up	GO:0032501	multicellular organismal process	ENSMUSG00000044667	Plppr4
WT/FF	up	GO:0032501	multicellular organismal process	ENSMUSG00000026247	Ecel1
WT/FF	up	GO:0032501	multicellular organismal process	ENSMUSG00000039910	Cited2
WT/FF	up	GO:0032501	multicellular organismal process	ENSMUSG00000024517	Grp
WT/FF	up	GO:0032501	multicellular organismal process	ENSMUSG00000058354	Krt6a
WT/FF	up	GO:0032501	multicellular organismal process	ENSMUSG00000061039	Or8b53
WT/FF	up	GO:0032501	multicellular organismal process	ENSMUSG00000004105	Angptl2
WT/FF	up	GO:0032501	multicellular organismal process	ENSMUSG00000027800	Tm4sf1
WT/FF	up	GO:0032501	multicellular organismal process	ENSMUSG00000038676	Ucn
WT/FF	up	GO:0032501	multicellular organismal process	ENSMUSG00000040148	Hmx3
WT/FF	up	GO:0032501	multicellular organismal process	ENSMUSG00000038331	Satb2
WT/FF	up	GO:0009653	anatomical structure morphogenesis	ENSMUSG00000025746	Il6
WT/FF	up	GO:0009653	anatomical structure morphogenesis	ENSMUSG00000054136	Adm2
WT/FF	up	GO:0009653	anatomical structure morphogenesis	ENSMUSG00000037411	Serpine1
WT/FF	up	GO:0009653	anatomical structure morphogenesis	ENSMUSG00000024803	Ankrd1
WT/FF	up	GO:0009653	anatomical structure morphogenesis	ENSMUSG00000044667	Plppr4
WT/FF	up	GO:0009653	anatomical structure morphogenesis	ENSMUSG00000039910	Cited2
WT/FF	up	GO:0009653	anatomical structure morphogenesis	ENSMUSG00000058354	Krt6a
WT/FF	up	GO:0009653	anatomical structure morphogenesis	ENSMUSG00000027800	Tm4sf1
WT/FF	up	GO:0009653	anatomical structure morphogenesis	ENSMUSG00000040148	Hmx3
WT/FF	up	GO:0009653	anatomical structure morphogenesis	ENSMUSG00000038331	Satb2
WT/FF	up	GO:0007399	nervous system development	ENSMUSG00000025746	Il6
WT/FF	up	GO:0007399	nervous system development	ENSMUSG00000024803	Ankrd1
WT/FF	up	GO:0007399	nervous system development	ENSMUSG00000044667	Plppr4
WT/FF	up	GO:0007399	nervous system development	ENSMUSG00000039910	Cited2
WT/FF	up	GO:0007399	nervous system development	ENSMUSG00000038676	Ucn
WT/FF	up	GO:0007399	nervous system development	ENSMUSG00000040148	Hmx3
WT/FF	up	GO:0007399	nervous system development	ENSMUSG00000038331	Satb2
WT/FF	up	GO:0006915	apoptotic process	ENSMUSG00000046223	Plaur
WT/FF	up	GO:0006915	apoptotic process	ENSMUSG00000025746	Il6
WT/FF	up	GO:0006915	apoptotic process	ENSMUSG00000037411	Serpine1
WT/FF	up	GO:0006915	apoptotic process	ENSMUSG00000024803	Ankrd1
WT/FF	up	GO:0006915	apoptotic process	ENSMUSG00000039910	Cited2
WT/FF	up	GO:0006915	apoptotic process	ENSMUSG00000024517	Grp
WT/FF	up	GO:0006915	apoptotic process	ENSMUSG00000038676	Ucn
WT/FF	up	GO:0008219	cell death	ENSMUSG00000046223	Plaur
WT/FF	up	GO:0008219	cell death	ENSMUSG00000025746	Il6
WT/FF	up	GO:0008219	cell death	ENSMUSG00000037411	Serpine1
WT/FF	up	GO:0008219	cell death	ENSMUSG00000024803	Ankrd1
WT/FF	up	GO:0008219	cell death	ENSMUSG00000039910	Cited2
WT/FF	up	GO:0008219	cell death	ENSMUSG00000024517	Grp
WT/FF	up	GO:0008219	cell death	ENSMUSG00000038676	Ucn
WT/FF	up	GO:0012501	programmed cell death	ENSMUSG00000046223	Plaur
WT/FF	up	GO:0012501	programmed cell death	ENSMUSG00000025746	Il6
WT/FF	up	GO:0012501	programmed cell death	ENSMUSG00000037411	Serpine1
WT/FF	up	GO:0012501	programmed cell death	ENSMUSG00000024803	Ankrd1
WT/FF	up	GO:0012501	programmed cell death	ENSMUSG00000039910	Cited2
WT/FF	up	GO:0012501	programmed cell death	ENSMUSG00000024517	Grp
WT/FF	up	GO:0012501	programmed cell death	ENSMUSG00000038676	Ucn
WT/FF	up	GO:0023052	signaling	ENSMUSG00000073680	Tmem88b
WT/FF	up	GO:0023052	signaling	ENSMUSG00000042816	Gpr151
WT/FF	up	GO:0023052	signaling	ENSMUSG00000030898	Cckbr
WT/FF	up	GO:0023052	signaling	ENSMUSG00000046223	Plaur
WT/FF	up	GO:0023052	signaling	ENSMUSG00000037428	Vgf
WT/FF	up	GO:0023052	signaling	ENSMUSG00000031074	Fgf3
WT/FF	up	GO:0023052	signaling	ENSMUSG00000024883	Rin1
WT/FF	up	GO:0023052	signaling	ENSMUSG00000025746	Il6
WT/FF	up	GO:0023052	signaling	ENSMUSG00000054136	Adm2
WT/FF	up	GO:0023052	signaling	ENSMUSG00000015316	Slamf1
WT/FF	up	GO:0023052	signaling	ENSMUSG00000039364	Sectm1b
WT/FF	up	GO:0023052	signaling	ENSMUSG00000037411	Serpine1
WT/FF	up	GO:0023052	signaling	ENSMUSG00000031383	Dusp9
WT/FF	up	GO:0023052	signaling	ENSMUSG00000024803	Ankrd1
WT/FF	up	GO:0023052	signaling	ENSMUSG00000044667	Plppr4
WT/FF	up	GO:0023052	signaling	ENSMUSG00000026247	Ecel1
WT/FF	up	GO:0023052	signaling	ENSMUSG00000039910	Cited2
WT/FF	up	GO:0023052	signaling	ENSMUSG00000024517	Grp
WT/FF	up	GO:0023052	signaling	ENSMUSG00000058354	Krt6a
WT/FF	up	GO:0023052	signaling	ENSMUSG00000061039	Or8b53
WT/FF	up	GO:0023052	signaling	ENSMUSG00000038676	Ucn
WT/FF	up	GO:0023052	signaling	ENSMUSG00000028602	Tnfrsf8
WT/FF	up	GO:0141124	intracellular signaling cassette	ENSMUSG00000030898	Cckbr
WT/FF	up	GO:0141124	intracellular signaling cassette	ENSMUSG00000025746	Il6
WT/FF	up	GO:0141124	intracellular signaling cassette	ENSMUSG00000015316	Slamf1
WT/FF	up	GO:0141124	intracellular signaling cassette	ENSMUSG00000031383	Dusp9
WT/FF	up	GO:0141124	intracellular signaling cassette	ENSMUSG00000038676	Ucn
WT/FF	up	GO:0019538	protein metabolic process	ENSMUSG00000046223	Plaur
WT/FF	up	GO:0019538	protein metabolic process	ENSMUSG00000025746	Il6
WT/FF	up	GO:0019538	protein metabolic process	ENSMUSG00000028255	Clca1
WT/FF	up	GO:0019538	protein metabolic process	ENSMUSG00000037411	Serpine1
WT/FF	up	GO:0019538	protein metabolic process	ENSMUSG00000031383	Dusp9
WT/FF	up	GO:0019538	protein metabolic process	ENSMUSG00000026247	Ecel1
WT/FF	up	GO:0019538	protein metabolic process	ENSMUSG00000038676	Ucn
WT/FF	up	GO:0080090	regulation of primary metabolic process	ENSMUSG00000046223	Plaur
WT/FF	up	GO:0080090	regulation of primary metabolic process	ENSMUSG00000025746	Il6
WT/FF	up	GO:0080090	regulation of primary metabolic process	ENSMUSG00000037411	Serpine1
WT/FF	up	GO:0080090	regulation of primary metabolic process	ENSMUSG00000024803	Ankrd1
WT/FF	up	GO:0080090	regulation of primary metabolic process	ENSMUSG00000039910	Cited2
WT/FF	up	GO:0080090	regulation of primary metabolic process	ENSMUSG00000038676	Ucn
WT/FF	up	GO:0080090	regulation of primary metabolic process	ENSMUSG00000040148	Hmx3
WT/FF	up	GO:0080090	regulation of primary metabolic process	ENSMUSG00000038331	Satb2
WT/FF	up	GO:0007154	cell communication	ENSMUSG00000073680	Tmem88b
WT/FF	up	GO:0007154	cell communication	ENSMUSG00000042816	Gpr151
WT/FF	up	GO:0007154	cell communication	ENSMUSG00000030898	Cckbr
WT/FF	up	GO:0007154	cell communication	ENSMUSG00000046223	Plaur
WT/FF	up	GO:0007154	cell communication	ENSMUSG00000037428	Vgf
WT/FF	up	GO:0007154	cell communication	ENSMUSG00000031074	Fgf3
WT/FF	up	GO:0007154	cell communication	ENSMUSG00000024883	Rin1
WT/FF	up	GO:0007154	cell communication	ENSMUSG00000025746	Il6
WT/FF	up	GO:0007154	cell communication	ENSMUSG00000054136	Adm2
WT/FF	up	GO:0007154	cell communication	ENSMUSG00000015316	Slamf1
WT/FF	up	GO:0007154	cell communication	ENSMUSG00000039364	Sectm1b
WT/FF	up	GO:0007154	cell communication	ENSMUSG00000037411	Serpine1
WT/FF	up	GO:0007154	cell communication	ENSMUSG00000031383	Dusp9
WT/FF	up	GO:0007154	cell communication	ENSMUSG00000024803	Ankrd1
WT/FF	up	GO:0007154	cell communication	ENSMUSG00000044667	Plppr4
WT/FF	up	GO:0007154	cell communication	ENSMUSG00000026247	Ecel1
WT/FF	up	GO:0007154	cell communication	ENSMUSG00000039910	Cited2
WT/FF	up	GO:0007154	cell communication	ENSMUSG00000024517	Grp
WT/FF	up	GO:0007154	cell communication	ENSMUSG00000058354	Krt6a
WT/FF	up	GO:0007154	cell communication	ENSMUSG00000061039	Or8b53
WT/FF	up	GO:0007154	cell communication	ENSMUSG00000038676	Ucn
WT/FF	up	GO:0007154	cell communication	ENSMUSG00000028602	Tnfrsf8
WT/FF	up	GO:0022008	neurogenesis	ENSMUSG00000025746	Il6
WT/FF	up	GO:0022008	neurogenesis	ENSMUSG00000024803	Ankrd1
WT/FF	up	GO:0022008	neurogenesis	ENSMUSG00000044667	Plppr4
WT/FF	up	GO:0022008	neurogenesis	ENSMUSG00000038676	Ucn
WT/FF	up	GO:0022008	neurogenesis	ENSMUSG00000038331	Satb2
WT/FF	up	GO:0051716	cellular response to stimulus	ENSMUSG00000073680	Tmem88b
WT/FF	up	GO:0051716	cellular response to stimulus	ENSMUSG00000042816	Gpr151
WT/FF	up	GO:0051716	cellular response to stimulus	ENSMUSG00000030898	Cckbr
WT/FF	up	GO:0051716	cellular response to stimulus	ENSMUSG00000046223	Plaur
WT/FF	up	GO:0051716	cellular response to stimulus	ENSMUSG00000037428	Vgf
WT/FF	up	GO:0051716	cellular response to stimulus	ENSMUSG00000031074	Fgf3
WT/FF	up	GO:0051716	cellular response to stimulus	ENSMUSG00000024883	Rin1
WT/FF	up	GO:0051716	cellular response to stimulus	ENSMUSG00000025746	Il6
WT/FF	up	GO:0051716	cellular response to stimulus	ENSMUSG00000054136	Adm2
WT/FF	up	GO:0051716	cellular response to stimulus	ENSMUSG00000015316	Slamf1
WT/FF	up	GO:0051716	cellular response to stimulus	ENSMUSG00000039364	Sectm1b
WT/FF	up	GO:0051716	cellular response to stimulus	ENSMUSG00000028255	Clca1
WT/FF	up	GO:0051716	cellular response to stimulus	ENSMUSG00000037411	Serpine1
WT/FF	up	GO:0051716	cellular response to stimulus	ENSMUSG00000031383	Dusp9
WT/FF	up	GO:0051716	cellular response to stimulus	ENSMUSG00000024803	Ankrd1
WT/FF	up	GO:0051716	cellular response to stimulus	ENSMUSG00000044667	Plppr4
WT/FF	up	GO:0051716	cellular response to stimulus	ENSMUSG00000026247	Ecel1
WT/FF	up	GO:0051716	cellular response to stimulus	ENSMUSG00000039910	Cited2
WT/FF	up	GO:0051716	cellular response to stimulus	ENSMUSG00000024517	Grp
WT/FF	up	GO:0051716	cellular response to stimulus	ENSMUSG00000058354	Krt6a
WT/FF	up	GO:0051716	cellular response to stimulus	ENSMUSG00000061039	Or8b53
WT/FF	up	GO:0051716	cellular response to stimulus	ENSMUSG00000038676	Ucn
WT/FF	up	GO:0051716	cellular response to stimulus	ENSMUSG00000028602	Tnfrsf8
WT/FF	up	GO:0060255	regulation of macromolecule metabolic process	ENSMUSG00000046223	Plaur
WT/FF	up	GO:0060255	regulation of macromolecule metabolic process	ENSMUSG00000025746	Il6
WT/FF	up	GO:0060255	regulation of macromolecule metabolic process	ENSMUSG00000054136	Adm2
WT/FF	up	GO:0060255	regulation of macromolecule metabolic process	ENSMUSG00000015316	Slamf1
WT/FF	up	GO:0060255	regulation of macromolecule metabolic process	ENSMUSG00000037411	Serpine1
WT/FF	up	GO:0060255	regulation of macromolecule metabolic process	ENSMUSG00000024803	Ankrd1
WT/FF	up	GO:0060255	regulation of macromolecule metabolic process	ENSMUSG00000039910	Cited2
WT/FF	up	GO:0060255	regulation of macromolecule metabolic process	ENSMUSG00000024517	Grp
WT/FF	up	GO:0060255	regulation of macromolecule metabolic process	ENSMUSG00000038676	Ucn
WT/FF	up	GO:0060255	regulation of macromolecule metabolic process	ENSMUSG00000040148	Hmx3
WT/FF	up	GO:0060255	regulation of macromolecule metabolic process	ENSMUSG00000038331	Satb2
WT/FF	up	GO:0016477	cell migration	ENSMUSG00000015316	Slamf1
WT/FF	up	GO:0016477	cell migration	ENSMUSG00000037411	Serpine1
WT/FF	up	GO:0016477	cell migration	ENSMUSG00000039910	Cited2
WT/FF	up	GO:0016477	cell migration	ENSMUSG00000073747	Zpld2
WT/FF	up	GO:0016477	cell migration	ENSMUSG00000038331	Satb2
WT/FF	up	GO:0019222	regulation of metabolic process	ENSMUSG00000046223	Plaur
WT/FF	up	GO:0019222	regulation of metabolic process	ENSMUSG00000025746	Il6
WT/FF	up	GO:0019222	regulation of metabolic process	ENSMUSG00000054136	Adm2
WT/FF	up	GO:0019222	regulation of metabolic process	ENSMUSG00000015316	Slamf1
WT/FF	up	GO:0019222	regulation of metabolic process	ENSMUSG00000037411	Serpine1
WT/FF	up	GO:0019222	regulation of metabolic process	ENSMUSG00000024803	Ankrd1
WT/FF	up	GO:0019222	regulation of metabolic process	ENSMUSG00000039910	Cited2
WT/FF	up	GO:0019222	regulation of metabolic process	ENSMUSG00000024517	Grp
WT/FF	up	GO:0019222	regulation of metabolic process	ENSMUSG00000038676	Ucn
WT/FF	up	GO:0019222	regulation of metabolic process	ENSMUSG00000040148	Hmx3
WT/FF	up	GO:0019222	regulation of metabolic process	ENSMUSG00000038331	Satb2
WT/FF	up	GO:0050793	regulation of developmental process	ENSMUSG00000031074	Fgf3
WT/FF	up	GO:0050793	regulation of developmental process	ENSMUSG00000025746	Il6
WT/FF	up	GO:0050793	regulation of developmental process	ENSMUSG00000054136	Adm2
WT/FF	up	GO:0050793	regulation of developmental process	ENSMUSG00000037411	Serpine1
WT/FF	up	GO:0050793	regulation of developmental process	ENSMUSG00000039910	Cited2
WT/FF	up	GO:0051049	regulation of transport	ENSMUSG00000042816	Gpr151
WT/FF	up	GO:0051049	regulation of transport	ENSMUSG00000030898	Cckbr
WT/FF	up	GO:0051049	regulation of transport	ENSMUSG00000025746	Il6
WT/FF	up	GO:0051049	regulation of transport	ENSMUSG00000078532	Nkain1
WT/FF	up	GO:0051049	regulation of transport	ENSMUSG00000015316	Slamf1
WT/FF	up	GO:0051049	regulation of transport	ENSMUSG00000037411	Serpine1
WT/FF	up	GO:0051049	regulation of transport	ENSMUSG00000024803	Ankrd1
WT/FF	up	GO:0051049	regulation of transport	ENSMUSG00000024517	Grp
WT/FF	up	GO:0051049	regulation of transport	ENSMUSG00000038676	Ucn
WT/FF	up	GO:1902531	regulation of intracellular signal transduction	ENSMUSG00000046223	Plaur
WT/FF	up	GO:1902531	regulation of intracellular signal transduction	ENSMUSG00000025746	Il6
WT/FF	up	GO:1902531	regulation of intracellular signal transduction	ENSMUSG00000015316	Slamf1
WT/FF	up	GO:1902531	regulation of intracellular signal transduction	ENSMUSG00000031383	Dusp9
WT/FF	up	GO:1902531	regulation of intracellular signal transduction	ENSMUSG00000024803	Ankrd1
WT/FF	up	GO:1902531	regulation of intracellular signal transduction	ENSMUSG00000039910	Cited2
WT/FF	up	GO:1902531	regulation of intracellular signal transduction	ENSMUSG00000038676	Ucn
WT/FF	up	GO:0010557	positive regulation of macromolecule biosynthetic process	ENSMUSG00000025746	Il6
WT/FF	up	GO:0010557	positive regulation of macromolecule biosynthetic process	ENSMUSG00000054136	Adm2
WT/FF	up	GO:0010557	positive regulation of macromolecule biosynthetic process	ENSMUSG00000015316	Slamf1
WT/FF	up	GO:0010557	positive regulation of macromolecule biosynthetic process	ENSMUSG00000037411	Serpine1
WT/FF	up	GO:0010557	positive regulation of macromolecule biosynthetic process	ENSMUSG00000024803	Ankrd1
WT/FF	up	GO:0010557	positive regulation of macromolecule biosynthetic process	ENSMUSG00000039910	Cited2
WT/FF	up	GO:0010557	positive regulation of macromolecule biosynthetic process	ENSMUSG00000038676	Ucn
WT/FF	up	GO:0010557	positive regulation of macromolecule biosynthetic process	ENSMUSG00000038331	Satb2
WT/FF	up	GO:0007165	signal transduction	ENSMUSG00000073680	Tmem88b
WT/FF	up	GO:0007165	signal transduction	ENSMUSG00000042816	Gpr151
WT/FF	up	GO:0007165	signal transduction	ENSMUSG00000030898	Cckbr
WT/FF	up	GO:0007165	signal transduction	ENSMUSG00000046223	Plaur
WT/FF	up	GO:0007165	signal transduction	ENSMUSG00000037428	Vgf
WT/FF	up	GO:0007165	signal transduction	ENSMUSG00000031074	Fgf3
WT/FF	up	GO:0007165	signal transduction	ENSMUSG00000024883	Rin1
WT/FF	up	GO:0007165	signal transduction	ENSMUSG00000025746	Il6
WT/FF	up	GO:0007165	signal transduction	ENSMUSG00000054136	Adm2
WT/FF	up	GO:0007165	signal transduction	ENSMUSG00000015316	Slamf1
WT/FF	up	GO:0007165	signal transduction	ENSMUSG00000039364	Sectm1b
WT/FF	up	GO:0007165	signal transduction	ENSMUSG00000037411	Serpine1
WT/FF	up	GO:0007165	signal transduction	ENSMUSG00000031383	Dusp9
WT/FF	up	GO:0007165	signal transduction	ENSMUSG00000024803	Ankrd1
WT/FF	up	GO:0007165	signal transduction	ENSMUSG00000044667	Plppr4
WT/FF	up	GO:0007165	signal transduction	ENSMUSG00000026247	Ecel1
WT/FF	up	GO:0007165	signal transduction	ENSMUSG00000039910	Cited2
WT/FF	up	GO:0007165	signal transduction	ENSMUSG00000024517	Grp
WT/FF	up	GO:0007165	signal transduction	ENSMUSG00000058354	Krt6a
WT/FF	up	GO:0007165	signal transduction	ENSMUSG00000061039	Or8b53
WT/FF	up	GO:0007165	signal transduction	ENSMUSG00000038676	Ucn
WT/FF	up	GO:0007165	signal transduction	ENSMUSG00000028602	Tnfrsf8
WT/FF	up	GO:0009719	response to endogenous stimulus	ENSMUSG00000037428	Vgf
WT/FF	up	GO:0009719	response to endogenous stimulus	ENSMUSG00000031074	Fgf3
WT/FF	up	GO:0009719	response to endogenous stimulus	ENSMUSG00000025746	Il6
WT/FF	up	GO:0009719	response to endogenous stimulus	ENSMUSG00000024803	Ankrd1
WT/FF	up	GO:0009719	response to endogenous stimulus	ENSMUSG00000039910	Cited2
WT/FF	up	GO:0009719	response to endogenous stimulus	ENSMUSG00000038676	Ucn
WT/FF	up	GO:0043067	regulation of programmed cell death	ENSMUSG00000046223	Plaur
WT/FF	up	GO:0043067	regulation of programmed cell death	ENSMUSG00000025746	Il6
WT/FF	up	GO:0043067	regulation of programmed cell death	ENSMUSG00000037411	Serpine1
WT/FF	up	GO:0043067	regulation of programmed cell death	ENSMUSG00000024803	Ankrd1
WT/FF	up	GO:0043067	regulation of programmed cell death	ENSMUSG00000039910	Cited2
WT/FF	up	GO:0043067	regulation of programmed cell death	ENSMUSG00000024517	Grp
WT/FF	up	GO:0043067	regulation of programmed cell death	ENSMUSG00000038676	Ucn
WT/FF	up	GO:0048513	animal organ development	ENSMUSG00000030898	Cckbr
WT/FF	up	GO:0048513	animal organ development	ENSMUSG00000046223	Plaur
WT/FF	up	GO:0048513	animal organ development	ENSMUSG00000037428	Vgf
WT/FF	up	GO:0048513	animal organ development	ENSMUSG00000031074	Fgf3
WT/FF	up	GO:0048513	animal organ development	ENSMUSG00000025746	Il6
WT/FF	up	GO:0048513	animal organ development	ENSMUSG00000103523	2210017I01Rik
WT/FF	up	GO:0048513	animal organ development	ENSMUSG00000037411	Serpine1
WT/FF	up	GO:0048513	animal organ development	ENSMUSG00000024803	Ankrd1
WT/FF	up	GO:0048513	animal organ development	ENSMUSG00000027919	Lce1g
WT/FF	up	GO:0048513	animal organ development	ENSMUSG00000044667	Plppr4
WT/FF	up	GO:0048513	animal organ development	ENSMUSG00000039910	Cited2
WT/FF	up	GO:0048513	animal organ development	ENSMUSG00000058354	Krt6a
WT/FF	up	GO:0048513	animal organ development	ENSMUSG00000040148	Hmx3
WT/FF	up	GO:0048513	animal organ development	ENSMUSG00000038331	Satb2
WT/FF	up	GO:0006796	phosphate-containing compound metabolic process	ENSMUSG00000025746	Il6
WT/FF	up	GO:0006796	phosphate-containing compound metabolic process	ENSMUSG00000031383	Dusp9
WT/FF	up	GO:0006796	phosphate-containing compound metabolic process	ENSMUSG00000044667	Plppr4
WT/FF	up	GO:0006796	phosphate-containing compound metabolic process	ENSMUSG00000038676	Ucn
WT/FF	up	GO:0006793	phosphorus metabolic process	ENSMUSG00000025746	Il6
WT/FF	up	GO:0006793	phosphorus metabolic process	ENSMUSG00000031383	Dusp9
WT/FF	up	GO:0006793	phosphorus metabolic process	ENSMUSG00000044667	Plppr4
WT/FF	up	GO:0006793	phosphorus metabolic process	ENSMUSG00000038676	Ucn
WT/FF	up	GO:0042981	regulation of apoptotic process	ENSMUSG00000046223	Plaur
WT/FF	up	GO:0042981	regulation of apoptotic process	ENSMUSG00000025746	Il6
WT/FF	up	GO:0042981	regulation of apoptotic process	ENSMUSG00000037411	Serpine1
WT/FF	up	GO:0042981	regulation of apoptotic process	ENSMUSG00000024803	Ankrd1
WT/FF	up	GO:0042981	regulation of apoptotic process	ENSMUSG00000039910	Cited2
WT/FF	up	GO:0042981	regulation of apoptotic process	ENSMUSG00000024517	Grp
WT/FF	up	GO:0042981	regulation of apoptotic process	ENSMUSG00000038676	Ucn
WT/FF	up	GO:0009891	positive regulation of biosynthetic process	ENSMUSG00000025746	Il6
WT/FF	up	GO:0009891	positive regulation of biosynthetic process	ENSMUSG00000054136	Adm2
WT/FF	up	GO:0009891	positive regulation of biosynthetic process	ENSMUSG00000015316	Slamf1
WT/FF	up	GO:0009891	positive regulation of biosynthetic process	ENSMUSG00000037411	Serpine1
WT/FF	up	GO:0009891	positive regulation of biosynthetic process	ENSMUSG00000024803	Ankrd1
WT/FF	up	GO:0009891	positive regulation of biosynthetic process	ENSMUSG00000039910	Cited2
WT/FF	up	GO:0009891	positive regulation of biosynthetic process	ENSMUSG00000038676	Ucn
WT/FF	up	GO:0009891	positive regulation of biosynthetic process	ENSMUSG00000038331	Satb2
WT/FF	up	GO:0048468	cell development	ENSMUSG00000025746	Il6
WT/FF	up	GO:0048468	cell development	ENSMUSG00000015316	Slamf1
WT/FF	up	GO:0048468	cell development	ENSMUSG00000024803	Ankrd1
WT/FF	up	GO:0048468	cell development	ENSMUSG00000044667	Plppr4
WT/FF	up	GO:0048468	cell development	ENSMUSG00000039910	Cited2
WT/FF	up	GO:0048468	cell development	ENSMUSG00000038676	Ucn
WT/FF	up	GO:0048468	cell development	ENSMUSG00000038331	Satb2
WT/FF	up	GO:0045935	positive regulation of nucleobase-containing compound metabolic process	ENSMUSG00000025746	Il6
WT/FF	up	GO:0045935	positive regulation of nucleobase-containing compound metabolic process	ENSMUSG00000024803	Ankrd1
WT/FF	up	GO:0045935	positive regulation of nucleobase-containing compound metabolic process	ENSMUSG00000039910	Cited2
WT/FF	up	GO:0045935	positive regulation of nucleobase-containing compound metabolic process	ENSMUSG00000038676	Ucn
WT/FF	up	GO:0045935	positive regulation of nucleobase-containing compound metabolic process	ENSMUSG00000038331	Satb2
WT/FF	up	GO:0051240	positive regulation of multicellular organismal process	ENSMUSG00000030898	Cckbr
WT/FF	up	GO:0051240	positive regulation of multicellular organismal process	ENSMUSG00000025746	Il6
WT/FF	up	GO:0051240	positive regulation of multicellular organismal process	ENSMUSG00000054136	Adm2
WT/FF	up	GO:0051240	positive regulation of multicellular organismal process	ENSMUSG00000015316	Slamf1
WT/FF	up	GO:0051240	positive regulation of multicellular organismal process	ENSMUSG00000037411	Serpine1
WT/FF	up	GO:0051240	positive regulation of multicellular organismal process	ENSMUSG00000039910	Cited2
WT/FF	up	GO:0051240	positive regulation of multicellular organismal process	ENSMUSG00000024517	Grp
WT/FF	up	GO:0051240	positive regulation of multicellular organismal process	ENSMUSG00000038676	Ucn
WT/FF	up	GO:0043069	negative regulation of programmed cell death	ENSMUSG00000046223	Plaur
WT/FF	up	GO:0043069	negative regulation of programmed cell death	ENSMUSG00000025746	Il6
WT/FF	up	GO:0043069	negative regulation of programmed cell death	ENSMUSG00000037411	Serpine1
WT/FF	up	GO:0043069	negative regulation of programmed cell death	ENSMUSG00000039910	Cited2
WT/FF	up	GO:0043069	negative regulation of programmed cell death	ENSMUSG00000038676	Ucn
WT/FF	up	GO:0016310	phosphorylation	ENSMUSG00000025746	Il6
WT/FF	up	GO:0016310	phosphorylation	ENSMUSG00000038676	Ucn
WT/FF	up	GO:0006952	defense response	ENSMUSG00000030898	Cckbr
WT/FF	up	GO:0006952	defense response	ENSMUSG00000037428	Vgf
WT/FF	up	GO:0006952	defense response	ENSMUSG00000025746	Il6
WT/FF	up	GO:0006952	defense response	ENSMUSG00000015316	Slamf1
WT/FF	up	GO:0006952	defense response	ENSMUSG00000034783	Cd207
WT/FF	up	GO:0006952	defense response	ENSMUSG00000037411	Serpine1
WT/FF	up	GO:0006952	defense response	ENSMUSG00000024517	Grp
WT/FF	up	GO:0006952	defense response	ENSMUSG00000058354	Krt6a
WT/FF	up	GO:0006952	defense response	ENSMUSG00000038676	Ucn
WT/FF	up	GO:0006952	defense response	ENSMUSG00000050108	Bpifc
WT/FF	up	GO:0048584	positive regulation of response to stimulus	ENSMUSG00000030898	Cckbr
WT/FF	up	GO:0048584	positive regulation of response to stimulus	ENSMUSG00000046223	Plaur
WT/FF	up	GO:0048584	positive regulation of response to stimulus	ENSMUSG00000025746	Il6
WT/FF	up	GO:0048584	positive regulation of response to stimulus	ENSMUSG00000015316	Slamf1
WT/FF	up	GO:0048584	positive regulation of response to stimulus	ENSMUSG00000037411	Serpine1
WT/FF	up	GO:0048584	positive regulation of response to stimulus	ENSMUSG00000024803	Ankrd1
WT/FF	up	GO:0048584	positive regulation of response to stimulus	ENSMUSG00000039910	Cited2
WT/FF	up	GO:0048584	positive regulation of response to stimulus	ENSMUSG00000024517	Grp
WT/FF	up	GO:0048584	positive regulation of response to stimulus	ENSMUSG00000038676	Ucn
WT/FF	up	GO:0043066	negative regulation of apoptotic process	ENSMUSG00000046223	Plaur
WT/FF	up	GO:0043066	negative regulation of apoptotic process	ENSMUSG00000025746	Il6
WT/FF	up	GO:0043066	negative regulation of apoptotic process	ENSMUSG00000037411	Serpine1
WT/FF	up	GO:0043066	negative regulation of apoptotic process	ENSMUSG00000039910	Cited2
WT/FF	up	GO:0043066	negative regulation of apoptotic process	ENSMUSG00000038676	Ucn
WT/FF	up	GO:0051254	positive regulation of RNA metabolic process	ENSMUSG00000025746	Il6
WT/FF	up	GO:0051254	positive regulation of RNA metabolic process	ENSMUSG00000024803	Ankrd1
WT/FF	up	GO:0051254	positive regulation of RNA metabolic process	ENSMUSG00000039910	Cited2
WT/FF	up	GO:0051254	positive regulation of RNA metabolic process	ENSMUSG00000038676	Ucn
WT/FF	up	GO:0051254	positive regulation of RNA metabolic process	ENSMUSG00000038331	Satb2
WT/FF	up	GO:0051641	cellular localization	ENSMUSG00000042816	Gpr151
WT/FF	up	GO:0051641	cellular localization	ENSMUSG00000037428	Vgf
WT/FF	up	GO:0051641	cellular localization	ENSMUSG00000025746	Il6
WT/FF	up	GO:0051641	cellular localization	ENSMUSG00000024803	Ankrd1
WT/FF	up	GO:0051641	cellular localization	ENSMUSG00000024517	Grp
WT/FF	up	GO:0051241	negative regulation of multicellular organismal process	ENSMUSG00000046223	Plaur
WT/FF	up	GO:0051241	negative regulation of multicellular organismal process	ENSMUSG00000031074	Fgf3
WT/FF	up	GO:0051241	negative regulation of multicellular organismal process	ENSMUSG00000027611	Procr
WT/FF	up	GO:0051241	negative regulation of multicellular organismal process	ENSMUSG00000025746	Il6
WT/FF	up	GO:0051241	negative regulation of multicellular organismal process	ENSMUSG00000015316	Slamf1
WT/FF	up	GO:0051241	negative regulation of multicellular organismal process	ENSMUSG00000037411	Serpine1
WT/FF	up	GO:0051241	negative regulation of multicellular organismal process	ENSMUSG00000039910	Cited2
WT/FF	up	GO:0051241	negative regulation of multicellular organismal process	ENSMUSG00000038676	Ucn
WT/FF	up	GO:0006468	protein phosphorylation	ENSMUSG00000025746	Il6
WT/FF	up	GO:0006468	protein phosphorylation	ENSMUSG00000038676	Ucn
WT/FF	up	GO:1902680	positive regulation of RNA biosynthetic process	ENSMUSG00000025746	Il6
WT/FF	up	GO:1902680	positive regulation of RNA biosynthetic process	ENSMUSG00000024803	Ankrd1
WT/FF	up	GO:1902680	positive regulation of RNA biosynthetic process	ENSMUSG00000039910	Cited2
WT/FF	up	GO:1902680	positive regulation of RNA biosynthetic process	ENSMUSG00000038676	Ucn
WT/FF	up	GO:1902680	positive regulation of RNA biosynthetic process	ENSMUSG00000038331	Satb2
WT/FF	up	GO:0051094	positive regulation of developmental process	ENSMUSG00000025746	Il6
WT/FF	up	GO:0051094	positive regulation of developmental process	ENSMUSG00000054136	Adm2
WT/FF	up	GO:0051094	positive regulation of developmental process	ENSMUSG00000037411	Serpine1
WT/FF	up	GO:0051094	positive regulation of developmental process	ENSMUSG00000039910	Cited2
WT/FF	up	GO:0097190	apoptotic signaling pathway	ENSMUSG00000046223	Plaur
WT/FF	up	GO:0097190	apoptotic signaling pathway	ENSMUSG00000037411	Serpine1
WT/FF	up	GO:0051246	regulation of protein metabolic process	ENSMUSG00000046223	Plaur
WT/FF	up	GO:0051246	regulation of protein metabolic process	ENSMUSG00000025746	Il6
WT/FF	up	GO:0051246	regulation of protein metabolic process	ENSMUSG00000037411	Serpine1
WT/FF	up	GO:0051246	regulation of protein metabolic process	ENSMUSG00000038676	Ucn
WT/FF	up	GO:0010556	regulation of macromolecule biosynthetic process	ENSMUSG00000046223	Plaur
WT/FF	up	GO:0010556	regulation of macromolecule biosynthetic process	ENSMUSG00000025746	Il6
WT/FF	up	GO:0010556	regulation of macromolecule biosynthetic process	ENSMUSG00000054136	Adm2
WT/FF	up	GO:0010556	regulation of macromolecule biosynthetic process	ENSMUSG00000015316	Slamf1
WT/FF	up	GO:0010556	regulation of macromolecule biosynthetic process	ENSMUSG00000037411	Serpine1
WT/FF	up	GO:0010556	regulation of macromolecule biosynthetic process	ENSMUSG00000024803	Ankrd1
WT/FF	up	GO:0010556	regulation of macromolecule biosynthetic process	ENSMUSG00000039910	Cited2
WT/FF	up	GO:0010556	regulation of macromolecule biosynthetic process	ENSMUSG00000024517	Grp
WT/FF	up	GO:0010556	regulation of macromolecule biosynthetic process	ENSMUSG00000038676	Ucn
WT/FF	up	GO:0010556	regulation of macromolecule biosynthetic process	ENSMUSG00000040148	Hmx3
WT/FF	up	GO:0010556	regulation of macromolecule biosynthetic process	ENSMUSG00000038331	Satb2
WT/FF	up	GO:0008283	cell population proliferation	ENSMUSG00000030898	Cckbr
WT/FF	up	GO:0008283	cell population proliferation	ENSMUSG00000031074	Fgf3
WT/FF	up	GO:0008283	cell population proliferation	ENSMUSG00000025746	Il6
WT/FF	up	GO:0008283	cell population proliferation	ENSMUSG00000015316	Slamf1
WT/FF	up	GO:0008283	cell population proliferation	ENSMUSG00000039910	Cited2
WT/FF	up	GO:0030182	neuron differentiation	ENSMUSG00000025746	Il6
WT/FF	up	GO:0030182	neuron differentiation	ENSMUSG00000024803	Ankrd1
WT/FF	up	GO:0030182	neuron differentiation	ENSMUSG00000044667	Plppr4
WT/FF	up	GO:0030182	neuron differentiation	ENSMUSG00000038676	Ucn
WT/FF	up	GO:0045893	positive regulation of DNA-templated transcription	ENSMUSG00000025746	Il6
WT/FF	up	GO:0045893	positive regulation of DNA-templated transcription	ENSMUSG00000024803	Ankrd1
WT/FF	up	GO:0045893	positive regulation of DNA-templated transcription	ENSMUSG00000039910	Cited2
WT/FF	up	GO:0045893	positive regulation of DNA-templated transcription	ENSMUSG00000038676	Ucn
WT/FF	up	GO:0045893	positive regulation of DNA-templated transcription	ENSMUSG00000038331	Satb2
WT/FF	up	GO:0070848	response to growth factor	ENSMUSG00000031074	Fgf3
WT/FF	up	GO:0070848	response to growth factor	ENSMUSG00000025746	Il6
WT/FF	up	GO:0070848	response to growth factor	ENSMUSG00000024803	Ankrd1
WT/FF	up	GO:0070848	response to growth factor	ENSMUSG00000039910	Cited2
WT/FF	up	GO:0048870	cell motility	ENSMUSG00000015316	Slamf1
WT/FF	up	GO:0048870	cell motility	ENSMUSG00000037411	Serpine1
WT/FF	up	GO:0048870	cell motility	ENSMUSG00000039910	Cited2
WT/FF	up	GO:0048870	cell motility	ENSMUSG00000073747	Zpld2
WT/FF	up	GO:0048870	cell motility	ENSMUSG00000038331	Satb2
WT/FF	up	GO:0010468	regulation of gene expression	ENSMUSG00000046223	Plaur
WT/FF	up	GO:0010468	regulation of gene expression	ENSMUSG00000025746	Il6
WT/FF	up	GO:0010468	regulation of gene expression	ENSMUSG00000054136	Adm2
WT/FF	up	GO:0010468	regulation of gene expression	ENSMUSG00000015316	Slamf1
WT/FF	up	GO:0010468	regulation of gene expression	ENSMUSG00000037411	Serpine1
WT/FF	up	GO:0010468	regulation of gene expression	ENSMUSG00000024803	Ankrd1
WT/FF	up	GO:0010468	regulation of gene expression	ENSMUSG00000039910	Cited2
WT/FF	up	GO:0010468	regulation of gene expression	ENSMUSG00000024517	Grp
WT/FF	up	GO:0010468	regulation of gene expression	ENSMUSG00000038676	Ucn
WT/FF	up	GO:0010468	regulation of gene expression	ENSMUSG00000040148	Hmx3
WT/FF	up	GO:0010468	regulation of gene expression	ENSMUSG00000038331	Satb2
WT/FF	up	GO:0009605	response to external stimulus	ENSMUSG00000046223	Plaur
WT/FF	up	GO:0009605	response to external stimulus	ENSMUSG00000037428	Vgf
WT/FF	up	GO:0009605	response to external stimulus	ENSMUSG00000025746	Il6
WT/FF	up	GO:0009605	response to external stimulus	ENSMUSG00000015316	Slamf1
WT/FF	up	GO:0009605	response to external stimulus	ENSMUSG00000034783	Cd207
WT/FF	up	GO:0009605	response to external stimulus	ENSMUSG00000037411	Serpine1
WT/FF	up	GO:0009605	response to external stimulus	ENSMUSG00000024803	Ankrd1
WT/FF	up	GO:0009605	response to external stimulus	ENSMUSG00000039910	Cited2
WT/FF	up	GO:0009605	response to external stimulus	ENSMUSG00000024517	Grp
WT/FF	up	GO:0009605	response to external stimulus	ENSMUSG00000058354	Krt6a
WT/FF	up	GO:0009605	response to external stimulus	ENSMUSG00000038676	Ucn
WT/FF	up	GO:0009605	response to external stimulus	ENSMUSG00000050108	Bpifc
WT/FF	up	GO:0048699	generation of neurons	ENSMUSG00000025746	Il6
WT/FF	up	GO:0048699	generation of neurons	ENSMUSG00000024803	Ankrd1
WT/FF	up	GO:0048699	generation of neurons	ENSMUSG00000044667	Plppr4
WT/FF	up	GO:0048699	generation of neurons	ENSMUSG00000038676	Ucn
WT/FF	up	GO:0048699	generation of neurons	ENSMUSG00000038331	Satb2
WT/FF	up	GO:0051128	regulation of cellular component organization	ENSMUSG00000046223	Plaur
WT/FF	up	GO:0051128	regulation of cellular component organization	ENSMUSG00000025746	Il6
WT/FF	up	GO:0051128	regulation of cellular component organization	ENSMUSG00000015316	Slamf1
WT/FF	up	GO:0051128	regulation of cellular component organization	ENSMUSG00000037411	Serpine1
WT/FF	up	GO:0051128	regulation of cellular component organization	ENSMUSG00000024803	Ankrd1
WT/FF	up	GO:0051128	regulation of cellular component organization	ENSMUSG00000044667	Plppr4
WT/FF	up	GO:0051128	regulation of cellular component organization	ENSMUSG00000038676	Ucn
WT/FF	up	GO:0071363	cellular response to growth factor stimulus	ENSMUSG00000031074	Fgf3
WT/FF	up	GO:0071363	cellular response to growth factor stimulus	ENSMUSG00000025746	Il6
WT/FF	up	GO:0071363	cellular response to growth factor stimulus	ENSMUSG00000024803	Ankrd1
WT/FF	up	GO:0071363	cellular response to growth factor stimulus	ENSMUSG00000039910	Cited2
WT/FF	up	GO:0036211	protein modification process	ENSMUSG00000025746	Il6
WT/FF	up	GO:0036211	protein modification process	ENSMUSG00000031383	Dusp9
WT/FF	up	GO:0036211	protein modification process	ENSMUSG00000038676	Ucn
WT/FF	up	GO:0009889	regulation of biosynthetic process	ENSMUSG00000046223	Plaur
WT/FF	up	GO:0009889	regulation of biosynthetic process	ENSMUSG00000025746	Il6
WT/FF	up	GO:0009889	regulation of biosynthetic process	ENSMUSG00000054136	Adm2
WT/FF	up	GO:0009889	regulation of biosynthetic process	ENSMUSG00000015316	Slamf1
WT/FF	up	GO:0009889	regulation of biosynthetic process	ENSMUSG00000037411	Serpine1
WT/FF	up	GO:0009889	regulation of biosynthetic process	ENSMUSG00000024803	Ankrd1
WT/FF	up	GO:0009889	regulation of biosynthetic process	ENSMUSG00000039910	Cited2
WT/FF	up	GO:0009889	regulation of biosynthetic process	ENSMUSG00000024517	Grp
WT/FF	up	GO:0009889	regulation of biosynthetic process	ENSMUSG00000038676	Ucn
WT/FF	up	GO:0009889	regulation of biosynthetic process	ENSMUSG00000040148	Hmx3
WT/FF	up	GO:0009889	regulation of biosynthetic process	ENSMUSG00000038331	Satb2
WT/FF	up	GO:1902532	negative regulation of intracellular signal transduction	ENSMUSG00000046223	Plaur
WT/FF	up	GO:1902532	negative regulation of intracellular signal transduction	ENSMUSG00000031383	Dusp9
WT/FF	up	GO:0043412	macromolecule modification	ENSMUSG00000025746	Il6
WT/FF	up	GO:0043412	macromolecule modification	ENSMUSG00000031383	Dusp9
WT/FF	up	GO:0043412	macromolecule modification	ENSMUSG00000038676	Ucn
WT/FF	up	GO:0045944	positive regulation of transcription by RNA polymerase II	ENSMUSG00000025746	Il6
WT/FF	up	GO:0045944	positive regulation of transcription by RNA polymerase II	ENSMUSG00000039910	Cited2
WT/FF	up	GO:0045944	positive regulation of transcription by RNA polymerase II	ENSMUSG00000038676	Ucn
WT/FF	up	GO:0045944	positive regulation of transcription by RNA polymerase II	ENSMUSG00000038331	Satb2
WT/FF	up	GO:0045595	regulation of cell differentiation	ENSMUSG00000025746	Il6
WT/FF	up	GO:0045595	regulation of cell differentiation	ENSMUSG00000037411	Serpine1
WT/FF	up	GO:0051050	positive regulation of transport	ENSMUSG00000030898	Cckbr
WT/FF	up	GO:0051050	positive regulation of transport	ENSMUSG00000025746	Il6
WT/FF	up	GO:0051050	positive regulation of transport	ENSMUSG00000037411	Serpine1
WT/FF	up	GO:0051050	positive regulation of transport	ENSMUSG00000024803	Ankrd1
WT/FF	up	GO:0051050	positive regulation of transport	ENSMUSG00000024517	Grp
WT/FF	up	GO:0051050	positive regulation of transport	ENSMUSG00000038676	Ucn
WT/FF	up	GO:0007167	enzyme-linked receptor protein signaling pathway	ENSMUSG00000046223	Plaur
WT/FF	up	GO:0007167	enzyme-linked receptor protein signaling pathway	ENSMUSG00000031074	Fgf3
WT/FF	up	GO:0007167	enzyme-linked receptor protein signaling pathway	ENSMUSG00000039910	Cited2
WT/FF	up	GO:0006357	regulation of transcription by RNA polymerase II	ENSMUSG00000025746	Il6
WT/FF	up	GO:0006357	regulation of transcription by RNA polymerase II	ENSMUSG00000024803	Ankrd1
WT/FF	up	GO:0006357	regulation of transcription by RNA polymerase II	ENSMUSG00000039910	Cited2
WT/FF	up	GO:0006357	regulation of transcription by RNA polymerase II	ENSMUSG00000038676	Ucn
WT/FF	up	GO:0006357	regulation of transcription by RNA polymerase II	ENSMUSG00000040148	Hmx3
WT/FF	up	GO:0006357	regulation of transcription by RNA polymerase II	ENSMUSG00000038331	Satb2
WT/FF	up	GO:0040012	regulation of locomotion	ENSMUSG00000015316	Slamf1
WT/FF	up	GO:0040012	regulation of locomotion	ENSMUSG00000037411	Serpine1
WT/FF	up	GO:0040012	regulation of locomotion	ENSMUSG00000039910	Cited2
WT/FF	up	GO:0030334	regulation of cell migration	ENSMUSG00000015316	Slamf1
WT/FF	up	GO:0030334	regulation of cell migration	ENSMUSG00000037411	Serpine1
WT/FF	up	GO:0030334	regulation of cell migration	ENSMUSG00000039910	Cited2
WT/FF	up	GO:0002376	immune system process	ENSMUSG00000025746	Il6
WT/FF	up	GO:0002376	immune system process	ENSMUSG00000015316	Slamf1
WT/FF	up	GO:0002376	immune system process	ENSMUSG00000039364	Sectm1b
WT/FF	up	GO:0002376	immune system process	ENSMUSG00000037411	Serpine1
WT/FF	up	GO:0002376	immune system process	ENSMUSG00000039910	Cited2
WT/FF	up	GO:0002376	immune system process	ENSMUSG00000024517	Grp
WT/FF	up	GO:0002376	immune system process	ENSMUSG00000058354	Krt6a
WT/FF	up	GO:0002376	immune system process	ENSMUSG00000073747	Zpld2
WT/FF	up	GO:0002376	immune system process	ENSMUSG00000050108	Bpifc
WT/FF	up	GO:2000145	regulation of cell motility	ENSMUSG00000015316	Slamf1
WT/FF	up	GO:2000145	regulation of cell motility	ENSMUSG00000037411	Serpine1
WT/FF	up	GO:2000145	regulation of cell motility	ENSMUSG00000039910	Cited2
WT/FF	up	GO:2000026	regulation of multicellular organismal development	ENSMUSG00000025746	Il6
WT/FF	up	GO:2000026	regulation of multicellular organismal development	ENSMUSG00000054136	Adm2
WT/FF	up	GO:2000026	regulation of multicellular organismal development	ENSMUSG00000037411	Serpine1
WT/FF	up	GO:2000026	regulation of multicellular organismal development	ENSMUSG00000039910	Cited2
WT/FF	up	GO:0032940	secretion by cell	ENSMUSG00000042816	Gpr151
WT/FF	up	GO:0032940	secretion by cell	ENSMUSG00000030898	Cckbr
WT/FF	up	GO:0032940	secretion by cell	ENSMUSG00000037428	Vgf
WT/FF	up	GO:0032940	secretion by cell	ENSMUSG00000025746	Il6
WT/FF	up	GO:0032940	secretion by cell	ENSMUSG00000024803	Ankrd1
WT/FF	up	GO:0032940	secretion by cell	ENSMUSG00000024517	Grp
WT/FF	up	GO:0032940	secretion by cell	ENSMUSG00000038676	Ucn
WT/FF	up	GO:0033036	macromolecule localization	ENSMUSG00000037428	Vgf
WT/FF	up	GO:0033036	macromolecule localization	ENSMUSG00000025746	Il6
WT/FF	up	GO:0033036	macromolecule localization	ENSMUSG00000029321	Slc10a6
WT/FF	up	GO:0033036	macromolecule localization	ENSMUSG00000024803	Ankrd1
WT/FF	up	GO:0033036	macromolecule localization	ENSMUSG00000044667	Plppr4
WT/FF	up	GO:0019219	regulation of nucleobase-containing compound metabolic process	ENSMUSG00000025746	Il6
WT/FF	up	GO:0019219	regulation of nucleobase-containing compound metabolic process	ENSMUSG00000024803	Ankrd1
WT/FF	up	GO:0019219	regulation of nucleobase-containing compound metabolic process	ENSMUSG00000039910	Cited2
WT/FF	up	GO:0019219	regulation of nucleobase-containing compound metabolic process	ENSMUSG00000038676	Ucn
WT/FF	up	GO:0019219	regulation of nucleobase-containing compound metabolic process	ENSMUSG00000040148	Hmx3
WT/FF	up	GO:0019219	regulation of nucleobase-containing compound metabolic process	ENSMUSG00000038331	Satb2
WT/FF	up	GO:0044419	biological process involved in interspecies interaction between organisms	ENSMUSG00000037428	Vgf
WT/FF	up	GO:0044419	biological process involved in interspecies interaction between organisms	ENSMUSG00000025746	Il6
WT/FF	up	GO:0044419	biological process involved in interspecies interaction between organisms	ENSMUSG00000015316	Slamf1
WT/FF	up	GO:0044419	biological process involved in interspecies interaction between organisms	ENSMUSG00000034783	Cd207
WT/FF	up	GO:0044419	biological process involved in interspecies interaction between organisms	ENSMUSG00000037411	Serpine1
WT/FF	up	GO:0044419	biological process involved in interspecies interaction between organisms	ENSMUSG00000024803	Ankrd1
WT/FF	up	GO:0044419	biological process involved in interspecies interaction between organisms	ENSMUSG00000058354	Krt6a
WT/FF	up	GO:0044419	biological process involved in interspecies interaction between organisms	ENSMUSG00000050108	Bpifc
WT/FF	up	GO:0060341	regulation of cellular localization	ENSMUSG00000025746	Il6
WT/FF	up	GO:0060341	regulation of cellular localization	ENSMUSG00000024803	Ankrd1
WT/FF	up	GO:0046903	secretion	ENSMUSG00000042816	Gpr151
WT/FF	up	GO:0046903	secretion	ENSMUSG00000030898	Cckbr
WT/FF	up	GO:0046903	secretion	ENSMUSG00000037428	Vgf
WT/FF	up	GO:0046903	secretion	ENSMUSG00000025746	Il6
WT/FF	up	GO:0046903	secretion	ENSMUSG00000024803	Ankrd1
WT/FF	up	GO:0046903	secretion	ENSMUSG00000024517	Grp
WT/FF	up	GO:0046903	secretion	ENSMUSG00000038676	Ucn
WT/FF	up	GO:0001932	regulation of protein phosphorylation	ENSMUSG00000025746	Il6
WT/FF	up	GO:0001932	regulation of protein phosphorylation	ENSMUSG00000038676	Ucn
WT/FF	up	GO:0071495	cellular response to endogenous stimulus	ENSMUSG00000031074	Fgf3
WT/FF	up	GO:0071495	cellular response to endogenous stimulus	ENSMUSG00000025746	Il6
WT/FF	up	GO:0071495	cellular response to endogenous stimulus	ENSMUSG00000024803	Ankrd1
WT/FF	up	GO:0071495	cellular response to endogenous stimulus	ENSMUSG00000039910	Cited2
WT/FF	up	GO:0010628	positive regulation of gene expression	ENSMUSG00000025746	Il6
WT/FF	up	GO:0010628	positive regulation of gene expression	ENSMUSG00000054136	Adm2
WT/FF	up	GO:0010628	positive regulation of gene expression	ENSMUSG00000015316	Slamf1
WT/FF	up	GO:0010628	positive regulation of gene expression	ENSMUSG00000037411	Serpine1
WT/FF	up	GO:0010628	positive regulation of gene expression	ENSMUSG00000039910	Cited2
WT/FF	up	GO:0010628	positive regulation of gene expression	ENSMUSG00000038676	Ucn
WT/FF	up	GO:0006366	transcription by RNA polymerase II	ENSMUSG00000025746	Il6
WT/FF	up	GO:0006366	transcription by RNA polymerase II	ENSMUSG00000024803	Ankrd1
WT/FF	up	GO:0006366	transcription by RNA polymerase II	ENSMUSG00000039910	Cited2
WT/FF	up	GO:0006366	transcription by RNA polymerase II	ENSMUSG00000038676	Ucn
WT/FF	up	GO:0006366	transcription by RNA polymerase II	ENSMUSG00000040148	Hmx3
WT/FF	up	GO:0006366	transcription by RNA polymerase II	ENSMUSG00000038331	Satb2
WT/FF	up	GO:0007169	cell surface receptor protein tyrosine kinase signaling pathway	ENSMUSG00000046223	Plaur
WT/FF	up	GO:0007169	cell surface receptor protein tyrosine kinase signaling pathway	ENSMUSG00000031074	Fgf3
WT/FF	up	GO:0022603	regulation of anatomical structure morphogenesis	ENSMUSG00000025746	Il6
WT/FF	up	GO:0022603	regulation of anatomical structure morphogenesis	ENSMUSG00000054136	Adm2
WT/FF	up	GO:0022603	regulation of anatomical structure morphogenesis	ENSMUSG00000037411	Serpine1
WT/FF	up	GO:0022603	regulation of anatomical structure morphogenesis	ENSMUSG00000039910	Cited2
WT/FF	up	GO:0032101	regulation of response to external stimulus	ENSMUSG00000046223	Plaur
WT/FF	up	GO:0032101	regulation of response to external stimulus	ENSMUSG00000015316	Slamf1
WT/FF	up	GO:0032101	regulation of response to external stimulus	ENSMUSG00000037411	Serpine1
WT/FF	up	GO:0033554	cellular response to stress	ENSMUSG00000028255	Clca1
WT/FF	up	GO:0033554	cellular response to stress	ENSMUSG00000024803	Ankrd1
WT/FF	up	GO:0033554	cellular response to stress	ENSMUSG00000039910	Cited2
WT/FF	up	GO:0040011	locomotion	ENSMUSG00000015316	Slamf1
WT/FF	up	GO:0040011	locomotion	ENSMUSG00000037411	Serpine1
WT/FF	up	GO:0040011	locomotion	ENSMUSG00000039910	Cited2
WT/FF	up	GO:0080134	regulation of response to stress	ENSMUSG00000030898	Cckbr
WT/FF	up	GO:0080134	regulation of response to stress	ENSMUSG00000046223	Plaur
WT/FF	up	GO:0080134	regulation of response to stress	ENSMUSG00000037411	Serpine1
WT/FF	up	GO:0080134	regulation of response to stress	ENSMUSG00000024803	Ankrd1
WT/FF	up	GO:0080134	regulation of response to stress	ENSMUSG00000024517	Grp
WT/FF	up	GO:0080134	regulation of response to stress	ENSMUSG00000038676	Ucn
WT/FF	up	GO:0140352	export from cell	ENSMUSG00000042816	Gpr151
WT/FF	up	GO:0140352	export from cell	ENSMUSG00000030898	Cckbr
WT/FF	up	GO:0140352	export from cell	ENSMUSG00000037428	Vgf
WT/FF	up	GO:0140352	export from cell	ENSMUSG00000025746	Il6
WT/FF	up	GO:0140352	export from cell	ENSMUSG00000024803	Ankrd1
WT/FF	up	GO:0140352	export from cell	ENSMUSG00000024517	Grp
WT/FF	up	GO:0140352	export from cell	ENSMUSG00000038676	Ucn
WT/FF	up	GO:0042325	regulation of phosphorylation	ENSMUSG00000025746	Il6
WT/FF	up	GO:0042325	regulation of phosphorylation	ENSMUSG00000038676	Ucn
WT/FF	up	GO:0032880	regulation of protein localization	ENSMUSG00000025746	Il6
WT/FF	up	GO:0032880	regulation of protein localization	ENSMUSG00000024803	Ankrd1
WT/FF	up	GO:0042127	regulation of cell population proliferation	ENSMUSG00000030898	Cckbr
WT/FF	up	GO:0042127	regulation of cell population proliferation	ENSMUSG00000031074	Fgf3
WT/FF	up	GO:0042127	regulation of cell population proliferation	ENSMUSG00000025746	Il6
WT/FF	up	GO:0042127	regulation of cell population proliferation	ENSMUSG00000015316	Slamf1
WT/FF	up	GO:0042127	regulation of cell population proliferation	ENSMUSG00000039910	Cited2
WT/FF	up	GO:0002682	regulation of immune system process	ENSMUSG00000025746	Il6
WT/FF	up	GO:0002682	regulation of immune system process	ENSMUSG00000015316	Slamf1
WT/FF	up	GO:0002682	regulation of immune system process	ENSMUSG00000037411	Serpine1
WT/FF	up	GO:0009987	cellular process	ENSMUSG00000073680	Tmem88b
WT/FF	up	GO:0009987	cellular process	ENSMUSG00000042816	Gpr151
WT/FF	up	GO:0009987	cellular process	ENSMUSG00000030898	Cckbr
WT/FF	up	GO:0009987	cellular process	ENSMUSG00000046223	Plaur
WT/FF	up	GO:0009987	cellular process	ENSMUSG00000037428	Vgf
WT/FF	up	GO:0009987	cellular process	ENSMUSG00000031074	Fgf3
WT/FF	up	GO:0009987	cellular process	ENSMUSG00000024883	Rin1
WT/FF	up	GO:0009987	cellular process	ENSMUSG00000025746	Il6
WT/FF	up	GO:0009987	cellular process	ENSMUSG00000054136	Adm2
WT/FF	up	GO:0009987	cellular process	ENSMUSG00000015316	Slamf1
WT/FF	up	GO:0009987	cellular process	ENSMUSG00000039364	Sectm1b
WT/FF	up	GO:0009987	cellular process	ENSMUSG00000023387	Kcnk16
WT/FF	up	GO:0009987	cellular process	ENSMUSG00000029321	Slc10a6
WT/FF	up	GO:0009987	cellular process	ENSMUSG00000106350	Kif19b
WT/FF	up	GO:0009987	cellular process	ENSMUSG00000103523	2210017I01Rik
WT/FF	up	GO:0009987	cellular process	ENSMUSG00000028255	Clca1
WT/FF	up	GO:0009987	cellular process	ENSMUSG00000037411	Serpine1
WT/FF	up	GO:0009987	cellular process	ENSMUSG00000031383	Dusp9
WT/FF	up	GO:0009987	cellular process	ENSMUSG00000024803	Ankrd1
WT/FF	up	GO:0009987	cellular process	ENSMUSG00000027919	Lce1g
WT/FF	up	GO:0009987	cellular process	ENSMUSG00000044667	Plppr4
WT/FF	up	GO:0009987	cellular process	ENSMUSG00000026247	Ecel1
WT/FF	up	GO:0009987	cellular process	ENSMUSG00000039910	Cited2
WT/FF	up	GO:0009987	cellular process	ENSMUSG00000024517	Grp
WT/FF	up	GO:0009987	cellular process	ENSMUSG00000058354	Krt6a
WT/FF	up	GO:0009987	cellular process	ENSMUSG00000061039	Or8b53
WT/FF	up	GO:0009987	cellular process	ENSMUSG00000038676	Ucn
WT/FF	up	GO:0009987	cellular process	ENSMUSG00000040148	Hmx3
WT/FF	up	GO:0009987	cellular process	ENSMUSG00000073747	Zpld2
WT/FF	up	GO:0009987	cellular process	ENSMUSG00000038331	Satb2
WT/FF	up	GO:0009987	cellular process	ENSMUSG00000028602	Tnfrsf8
WT/FF	up	GO:0070727	cellular macromolecule localization	ENSMUSG00000037428	Vgf
WT/FF	up	GO:0070727	cellular macromolecule localization	ENSMUSG00000025746	Il6
WT/FF	up	GO:0070727	cellular macromolecule localization	ENSMUSG00000024803	Ankrd1
WT/FF	up	GO:1901700	response to oxygen-containing compound	ENSMUSG00000037428	Vgf
WT/FF	up	GO:1901700	response to oxygen-containing compound	ENSMUSG00000025746	Il6
WT/FF	up	GO:1901700	response to oxygen-containing compound	ENSMUSG00000037411	Serpine1
WT/FF	up	GO:1901700	response to oxygen-containing compound	ENSMUSG00000024803	Ankrd1
WT/FF	up	GO:1901700	response to oxygen-containing compound	ENSMUSG00000038676	Ucn
WT/FF	up	GO:0070887	cellular response to chemical stimulus	ENSMUSG00000025746	Il6
WT/FF	up	GO:0070887	cellular response to chemical stimulus	ENSMUSG00000015316	Slamf1
WT/FF	up	GO:0070887	cellular response to chemical stimulus	ENSMUSG00000028255	Clca1
WT/FF	up	GO:0070887	cellular response to chemical stimulus	ENSMUSG00000037411	Serpine1
WT/FF	up	GO:0070887	cellular response to chemical stimulus	ENSMUSG00000024803	Ankrd1
WT/FF	up	GO:0070887	cellular response to chemical stimulus	ENSMUSG00000039910	Cited2
WT/FF	up	GO:0070887	cellular response to chemical stimulus	ENSMUSG00000024517	Grp
WT/FF	up	GO:0031175	neuron projection development	ENSMUSG00000025746	Il6
WT/FF	up	GO:0031175	neuron projection development	ENSMUSG00000024803	Ankrd1
WT/FF	up	GO:0031175	neuron projection development	ENSMUSG00000044667	Plppr4
WT/FF	up	GO:0031175	neuron projection development	ENSMUSG00000038676	Ucn
WT/FF	up	GO:0071705	nitrogen compound transport	ENSMUSG00000030898	Cckbr
WT/FF	up	GO:0071705	nitrogen compound transport	ENSMUSG00000037428	Vgf
WT/FF	up	GO:0071705	nitrogen compound transport	ENSMUSG00000025746	Il6
WT/FF	up	GO:0071705	nitrogen compound transport	ENSMUSG00000024803	Ankrd1
WT/FF	up	GO:0071705	nitrogen compound transport	ENSMUSG00000024517	Grp
WT/FF	up	GO:0071705	nitrogen compound transport	ENSMUSG00000038676	Ucn
WT/FF	up	GO:0009888	tissue development	ENSMUSG00000046223	Plaur
WT/FF	up	GO:0009888	tissue development	ENSMUSG00000031074	Fgf3
WT/FF	up	GO:0009888	tissue development	ENSMUSG00000025746	Il6
WT/FF	up	GO:0009888	tissue development	ENSMUSG00000103523	2210017I01Rik
WT/FF	up	GO:0009888	tissue development	ENSMUSG00000037411	Serpine1
WT/FF	up	GO:0009888	tissue development	ENSMUSG00000024803	Ankrd1
WT/FF	up	GO:0009888	tissue development	ENSMUSG00000027919	Lce1g
WT/FF	up	GO:0009888	tissue development	ENSMUSG00000039910	Cited2
WT/FF	up	GO:0009888	tissue development	ENSMUSG00000058354	Krt6a
WT/FF	up	GO:0009888	tissue development	ENSMUSG00000038331	Satb2
WT/FF	up	GO:0019220	regulation of phosphate metabolic process	ENSMUSG00000025746	Il6
WT/FF	up	GO:0019220	regulation of phosphate metabolic process	ENSMUSG00000038676	Ucn
WT/FF	up	GO:0023056	positive regulation of signaling	ENSMUSG00000030898	Cckbr
WT/FF	up	GO:0023056	positive regulation of signaling	ENSMUSG00000046223	Plaur
WT/FF	up	GO:0023056	positive regulation of signaling	ENSMUSG00000025746	Il6
WT/FF	up	GO:0023056	positive regulation of signaling	ENSMUSG00000015316	Slamf1
WT/FF	up	GO:0023056	positive regulation of signaling	ENSMUSG00000024803	Ankrd1
WT/FF	up	GO:0023056	positive regulation of signaling	ENSMUSG00000039910	Cited2
WT/FF	up	GO:0023056	positive regulation of signaling	ENSMUSG00000024517	Grp
WT/FF	up	GO:0023056	positive regulation of signaling	ENSMUSG00000038676	Ucn
WT/FF	up	GO:0048666	neuron development	ENSMUSG00000025746	Il6
WT/FF	up	GO:0048666	neuron development	ENSMUSG00000024803	Ankrd1
WT/FF	up	GO:0048666	neuron development	ENSMUSG00000044667	Plppr4
WT/FF	up	GO:0048666	neuron development	ENSMUSG00000038676	Ucn
WT/FF	up	GO:0008104	protein localization	ENSMUSG00000037428	Vgf
WT/FF	up	GO:0008104	protein localization	ENSMUSG00000025746	Il6
WT/FF	up	GO:0008104	protein localization	ENSMUSG00000024803	Ankrd1
WT/FF	up	GO:0051174	regulation of phosphorus metabolic process	ENSMUSG00000025746	Il6
WT/FF	up	GO:0051174	regulation of phosphorus metabolic process	ENSMUSG00000038676	Ucn
WT/FF	up	GO:0009967	positive regulation of signal transduction	ENSMUSG00000046223	Plaur
WT/FF	up	GO:0009967	positive regulation of signal transduction	ENSMUSG00000025746	Il6
WT/FF	up	GO:0009967	positive regulation of signal transduction	ENSMUSG00000015316	Slamf1
WT/FF	up	GO:0009967	positive regulation of signal transduction	ENSMUSG00000024803	Ankrd1
WT/FF	up	GO:0009967	positive regulation of signal transduction	ENSMUSG00000039910	Cited2
WT/FF	up	GO:0009967	positive regulation of signal transduction	ENSMUSG00000024517	Grp
WT/FF	up	GO:0009967	positive regulation of signal transduction	ENSMUSG00000038676	Ucn
WT/FF	up	GO:0120036	plasma membrane bounded cell projection organization	ENSMUSG00000025746	Il6
WT/FF	up	GO:0120036	plasma membrane bounded cell projection organization	ENSMUSG00000024803	Ankrd1
WT/FF	up	GO:0120036	plasma membrane bounded cell projection organization	ENSMUSG00000044667	Plppr4
WT/FF	up	GO:0120036	plasma membrane bounded cell projection organization	ENSMUSG00000038676	Ucn
WT/FF	up	GO:0051649	establishment of localization in cell	ENSMUSG00000042816	Gpr151
WT/FF	up	GO:0051649	establishment of localization in cell	ENSMUSG00000025746	Il6
WT/FF	up	GO:0051649	establishment of localization in cell	ENSMUSG00000024517	Grp
WT/FF	up	GO:0043207	response to external biotic stimulus	ENSMUSG00000037428	Vgf
WT/FF	up	GO:0043207	response to external biotic stimulus	ENSMUSG00000025746	Il6
WT/FF	up	GO:0043207	response to external biotic stimulus	ENSMUSG00000015316	Slamf1
WT/FF	up	GO:0043207	response to external biotic stimulus	ENSMUSG00000034783	Cd207
WT/FF	up	GO:0043207	response to external biotic stimulus	ENSMUSG00000037411	Serpine1
WT/FF	up	GO:0043207	response to external biotic stimulus	ENSMUSG00000024803	Ankrd1
WT/FF	up	GO:0043207	response to external biotic stimulus	ENSMUSG00000024517	Grp
WT/FF	up	GO:0043207	response to external biotic stimulus	ENSMUSG00000058354	Krt6a
WT/FF	up	GO:0043207	response to external biotic stimulus	ENSMUSG00000050108	Bpifc
WT/FF	up	GO:0071840	cellular component organization or biogenesis	ENSMUSG00000046223	Plaur
WT/FF	up	GO:0071840	cellular component organization or biogenesis	ENSMUSG00000025746	Il6
WT/FF	up	GO:0071840	cellular component organization or biogenesis	ENSMUSG00000015316	Slamf1
WT/FF	up	GO:0071840	cellular component organization or biogenesis	ENSMUSG00000037411	Serpine1
WT/FF	up	GO:0071840	cellular component organization or biogenesis	ENSMUSG00000024803	Ankrd1
WT/FF	up	GO:0071840	cellular component organization or biogenesis	ENSMUSG00000044667	Plppr4
WT/FF	up	GO:0071840	cellular component organization or biogenesis	ENSMUSG00000058354	Krt6a
WT/FF	up	GO:0071840	cellular component organization or biogenesis	ENSMUSG00000038676	Ucn
WT/FF	up	GO:0071840	cellular component organization or biogenesis	ENSMUSG00000038331	Satb2
WT/FF	up	GO:0009607	response to biotic stimulus	ENSMUSG00000037428	Vgf
WT/FF	up	GO:0009607	response to biotic stimulus	ENSMUSG00000025746	Il6
WT/FF	up	GO:0009607	response to biotic stimulus	ENSMUSG00000015316	Slamf1
WT/FF	up	GO:0009607	response to biotic stimulus	ENSMUSG00000034783	Cd207
WT/FF	up	GO:0009607	response to biotic stimulus	ENSMUSG00000037411	Serpine1
WT/FF	up	GO:0009607	response to biotic stimulus	ENSMUSG00000024803	Ankrd1
WT/FF	up	GO:0009607	response to biotic stimulus	ENSMUSG00000024517	Grp
WT/FF	up	GO:0009607	response to biotic stimulus	ENSMUSG00000058354	Krt6a
WT/FF	up	GO:0009607	response to biotic stimulus	ENSMUSG00000050108	Bpifc
WT/FF	up	GO:0051252	regulation of RNA metabolic process	ENSMUSG00000025746	Il6
WT/FF	up	GO:0051252	regulation of RNA metabolic process	ENSMUSG00000024803	Ankrd1
WT/FF	up	GO:0051252	regulation of RNA metabolic process	ENSMUSG00000039910	Cited2
WT/FF	up	GO:0051252	regulation of RNA metabolic process	ENSMUSG00000038676	Ucn
WT/FF	up	GO:0051252	regulation of RNA metabolic process	ENSMUSG00000040148	Hmx3
WT/FF	up	GO:0051252	regulation of RNA metabolic process	ENSMUSG00000038331	Satb2
WT/FF	up	GO:0043068	positive regulation of programmed cell death	ENSMUSG00000024803	Ankrd1
WT/FF	up	GO:0043068	positive regulation of programmed cell death	ENSMUSG00000024517	Grp
WT/FF	up	GO:0097193	intrinsic apoptotic signaling pathway	ENSMUSG00000046223	Plaur
WT/FF	up	GO:0010647	positive regulation of cell communication	ENSMUSG00000030898	Cckbr
WT/FF	up	GO:0010647	positive regulation of cell communication	ENSMUSG00000046223	Plaur
WT/FF	up	GO:0010647	positive regulation of cell communication	ENSMUSG00000025746	Il6
WT/FF	up	GO:0010647	positive regulation of cell communication	ENSMUSG00000015316	Slamf1
WT/FF	up	GO:0010647	positive regulation of cell communication	ENSMUSG00000024803	Ankrd1
WT/FF	up	GO:0010647	positive regulation of cell communication	ENSMUSG00000039910	Cited2
WT/FF	up	GO:0010647	positive regulation of cell communication	ENSMUSG00000024517	Grp
WT/FF	up	GO:0010647	positive regulation of cell communication	ENSMUSG00000038676	Ucn
WT/FF	up	GO:0001817	regulation of cytokine production	ENSMUSG00000025746	Il6
WT/FF	up	GO:0001817	regulation of cytokine production	ENSMUSG00000015316	Slamf1
WT/FF	up	GO:0001817	regulation of cytokine production	ENSMUSG00000037411	Serpine1
WT/FF	up	GO:0001817	regulation of cytokine production	ENSMUSG00000038676	Ucn
WT/FF	up	GO:1901698	response to nitrogen compound	ENSMUSG00000037428	Vgf
WT/FF	up	GO:0098657	import into cell	ENSMUSG00000024883	Rin1
WT/FF	up	GO:0098657	import into cell	ENSMUSG00000015316	Slamf1
WT/FF	up	GO:0098657	import into cell	ENSMUSG00000037411	Serpine1
WT/FF	up	GO:0009892	negative regulation of metabolic process	ENSMUSG00000025746	Il6
WT/FF	up	GO:0009892	negative regulation of metabolic process	ENSMUSG00000015316	Slamf1
WT/FF	up	GO:0009892	negative regulation of metabolic process	ENSMUSG00000037411	Serpine1
WT/FF	up	GO:0009892	negative regulation of metabolic process	ENSMUSG00000024803	Ankrd1
WT/FF	up	GO:0009892	negative regulation of metabolic process	ENSMUSG00000039910	Cited2
WT/FF	up	GO:0009892	negative regulation of metabolic process	ENSMUSG00000038676	Ucn
WT/FF	up	GO:0009892	negative regulation of metabolic process	ENSMUSG00000038331	Satb2
WT/FF	up	GO:0051707	response to other organism	ENSMUSG00000037428	Vgf
WT/FF	up	GO:0051707	response to other organism	ENSMUSG00000025746	Il6
WT/FF	up	GO:0051707	response to other organism	ENSMUSG00000015316	Slamf1
WT/FF	up	GO:0051707	response to other organism	ENSMUSG00000034783	Cd207
WT/FF	up	GO:0051707	response to other organism	ENSMUSG00000037411	Serpine1
WT/FF	up	GO:0051707	response to other organism	ENSMUSG00000024803	Ankrd1
WT/FF	up	GO:0051707	response to other organism	ENSMUSG00000058354	Krt6a
WT/FF	up	GO:0051707	response to other organism	ENSMUSG00000050108	Bpifc
WT/FF	up	GO:0043065	positive regulation of apoptotic process	ENSMUSG00000024803	Ankrd1
WT/FF	up	GO:0043065	positive regulation of apoptotic process	ENSMUSG00000024517	Grp
WT/FF	up	GO:0001816	cytokine production	ENSMUSG00000025746	Il6
WT/FF	up	GO:0001816	cytokine production	ENSMUSG00000015316	Slamf1
WT/FF	up	GO:0001816	cytokine production	ENSMUSG00000037411	Serpine1
WT/FF	up	GO:0001816	cytokine production	ENSMUSG00000038676	Ucn
WT/FF	up	GO:2001141	regulation of RNA biosynthetic process	ENSMUSG00000025746	Il6
WT/FF	up	GO:2001141	regulation of RNA biosynthetic process	ENSMUSG00000024803	Ankrd1
WT/FF	up	GO:2001141	regulation of RNA biosynthetic process	ENSMUSG00000039910	Cited2
WT/FF	up	GO:2001141	regulation of RNA biosynthetic process	ENSMUSG00000038676	Ucn
WT/FF	up	GO:2001141	regulation of RNA biosynthetic process	ENSMUSG00000040148	Hmx3
WT/FF	up	GO:2001141	regulation of RNA biosynthetic process	ENSMUSG00000038331	Satb2
WT/FF	up	GO:0045597	positive regulation of cell differentiation	ENSMUSG00000025746	Il6
WT/FF	up	GO:0045597	positive regulation of cell differentiation	ENSMUSG00000037411	Serpine1
WT/FF	up	GO:0030030	cell projection organization	ENSMUSG00000025746	Il6
WT/FF	up	GO:0030030	cell projection organization	ENSMUSG00000024803	Ankrd1
WT/FF	up	GO:0030030	cell projection organization	ENSMUSG00000044667	Plppr4
WT/FF	up	GO:0030030	cell projection organization	ENSMUSG00000038676	Ucn
WT/FF	up	GO:0016043	cellular component organization	ENSMUSG00000046223	Plaur
WT/FF	up	GO:0016043	cellular component organization	ENSMUSG00000025746	Il6
WT/FF	up	GO:0016043	cellular component organization	ENSMUSG00000015316	Slamf1
WT/FF	up	GO:0016043	cellular component organization	ENSMUSG00000037411	Serpine1
WT/FF	up	GO:0016043	cellular component organization	ENSMUSG00000024803	Ankrd1
WT/FF	up	GO:0016043	cellular component organization	ENSMUSG00000044667	Plppr4
WT/FF	up	GO:0016043	cellular component organization	ENSMUSG00000058354	Krt6a
WT/FF	up	GO:0016043	cellular component organization	ENSMUSG00000038676	Ucn
WT/FF	up	GO:0016043	cellular component organization	ENSMUSG00000038331	Satb2
WT/FF	up	GO:0006355	regulation of DNA-templated transcription	ENSMUSG00000025746	Il6
WT/FF	up	GO:0006355	regulation of DNA-templated transcription	ENSMUSG00000024803	Ankrd1
WT/FF	up	GO:0006355	regulation of DNA-templated transcription	ENSMUSG00000039910	Cited2
WT/FF	up	GO:0006355	regulation of DNA-templated transcription	ENSMUSG00000038676	Ucn
WT/FF	up	GO:0006355	regulation of DNA-templated transcription	ENSMUSG00000040148	Hmx3
WT/FF	up	GO:0006355	regulation of DNA-templated transcription	ENSMUSG00000038331	Satb2
WT/FF	up	GO:0031347	regulation of defense response	ENSMUSG00000030898	Cckbr
WT/FF	up	GO:0031347	regulation of defense response	ENSMUSG00000037411	Serpine1
WT/FF	up	GO:0031347	regulation of defense response	ENSMUSG00000024517	Grp
WT/FF	up	GO:0031347	regulation of defense response	ENSMUSG00000038676	Ucn
WT/FF	up	GO:1903829	positive regulation of protein localization	ENSMUSG00000025746	Il6
WT/FF	up	GO:1903829	positive regulation of protein localization	ENSMUSG00000024803	Ankrd1
WT/FF	up	GO:0031399	regulation of protein modification process	ENSMUSG00000025746	Il6
WT/FF	up	GO:0031399	regulation of protein modification process	ENSMUSG00000038676	Ucn
WT/FF	up	GO:0015031	protein transport	ENSMUSG00000037428	Vgf
WT/FF	up	GO:0015031	protein transport	ENSMUSG00000025746	Il6
WT/FF	up	GO:0015031	protein transport	ENSMUSG00000024803	Ankrd1
WT/FF	up	GO:0006351	DNA-templated transcription	ENSMUSG00000025746	Il6
WT/FF	up	GO:0006351	DNA-templated transcription	ENSMUSG00000024803	Ankrd1
WT/FF	up	GO:0006351	DNA-templated transcription	ENSMUSG00000039910	Cited2
WT/FF	up	GO:0006351	DNA-templated transcription	ENSMUSG00000038676	Ucn
WT/FF	up	GO:0006351	DNA-templated transcription	ENSMUSG00000040148	Hmx3
WT/FF	up	GO:0006351	DNA-templated transcription	ENSMUSG00000038331	Satb2
WT/FF	up	GO:0006954	inflammatory response	ENSMUSG00000025746	Il6
WT/FF	up	GO:0006954	inflammatory response	ENSMUSG00000015316	Slamf1
WT/FF	up	GO:0006954	inflammatory response	ENSMUSG00000037411	Serpine1
WT/FF	up	GO:0010605	negative regulation of macromolecule metabolic process	ENSMUSG00000025746	Il6
WT/FF	up	GO:0010605	negative regulation of macromolecule metabolic process	ENSMUSG00000015316	Slamf1
WT/FF	up	GO:0010605	negative regulation of macromolecule metabolic process	ENSMUSG00000037411	Serpine1
WT/FF	up	GO:0010605	negative regulation of macromolecule metabolic process	ENSMUSG00000024803	Ankrd1
WT/FF	up	GO:0010605	negative regulation of macromolecule metabolic process	ENSMUSG00000039910	Cited2
WT/FF	up	GO:0010605	negative regulation of macromolecule metabolic process	ENSMUSG00000038676	Ucn
WT/FF	up	GO:0010605	negative regulation of macromolecule metabolic process	ENSMUSG00000038331	Satb2
WT/FF	up	GO:2001234	negative regulation of apoptotic signaling pathway	ENSMUSG00000046223	Plaur
WT/FF	up	GO:2001234	negative regulation of apoptotic signaling pathway	ENSMUSG00000037411	Serpine1
WT/FF	up	GO:0014812	muscle cell migration	ENSMUSG00000037411	Serpine1
WT/FF	up	GO:0051093	negative regulation of developmental process	ENSMUSG00000031074	Fgf3
WT/FF	up	GO:0051093	negative regulation of developmental process	ENSMUSG00000025746	Il6
WT/FF	up	GO:0051093	negative regulation of developmental process	ENSMUSG00000037411	Serpine1
WT/FF	up	GO:0051093	negative regulation of developmental process	ENSMUSG00000039910	Cited2
WT/FF	up	GO:0016192	vesicle-mediated transport	ENSMUSG00000042816	Gpr151
WT/FF	up	GO:0016192	vesicle-mediated transport	ENSMUSG00000024883	Rin1
WT/FF	up	GO:0016192	vesicle-mediated transport	ENSMUSG00000015316	Slamf1
WT/FF	up	GO:0016192	vesicle-mediated transport	ENSMUSG00000037411	Serpine1
WT/FF	up	GO:0016192	vesicle-mediated transport	ENSMUSG00000024517	Grp
WT/FF	up	GO:0014909	smooth muscle cell migration	ENSMUSG00000037411	Serpine1
WT/FF	up	GO:0060284	regulation of cell development	ENSMUSG00000025746	Il6
WT/FF	up	GO:0045184	establishment of protein localization	ENSMUSG00000037428	Vgf
WT/FF	up	GO:0045184	establishment of protein localization	ENSMUSG00000025746	Il6
WT/FF	up	GO:0045184	establishment of protein localization	ENSMUSG00000024803	Ankrd1
WT/FF	up	GO:0001819	positive regulation of cytokine production	ENSMUSG00000025746	Il6
WT/FF	up	GO:0001819	positive regulation of cytokine production	ENSMUSG00000015316	Slamf1
WT/FF	up	GO:0001819	positive regulation of cytokine production	ENSMUSG00000037411	Serpine1
WT/FF	up	GO:0001819	positive regulation of cytokine production	ENSMUSG00000038676	Ucn
WT/FF	up	GO:0007010	cytoskeleton organization	ENSMUSG00000058354	Krt6a
WT/FF	up	GO:1902533	positive regulation of intracellular signal transduction	ENSMUSG00000025746	Il6
WT/FF	up	GO:1902533	positive regulation of intracellular signal transduction	ENSMUSG00000015316	Slamf1
WT/FF	up	GO:1902533	positive regulation of intracellular signal transduction	ENSMUSG00000024803	Ankrd1
WT/FF	up	GO:1902533	positive regulation of intracellular signal transduction	ENSMUSG00000039910	Cited2
WT/FF	up	GO:1902533	positive regulation of intracellular signal transduction	ENSMUSG00000038676	Ucn
WT/FF	up	GO:1903530	regulation of secretion by cell	ENSMUSG00000042816	Gpr151
WT/FF	up	GO:1903530	regulation of secretion by cell	ENSMUSG00000030898	Cckbr
WT/FF	up	GO:1903530	regulation of secretion by cell	ENSMUSG00000025746	Il6
WT/FF	up	GO:1903530	regulation of secretion by cell	ENSMUSG00000024803	Ankrd1
WT/FF	up	GO:1903530	regulation of secretion by cell	ENSMUSG00000024517	Grp
WT/FF	up	GO:1903530	regulation of secretion by cell	ENSMUSG00000038676	Ucn
WT/FF	up	GO:0014910	regulation of smooth muscle cell migration	ENSMUSG00000037411	Serpine1
WT/FF	up	GO:0060429	epithelium development	ENSMUSG00000046223	Plaur
WT/FF	up	GO:0060429	epithelium development	ENSMUSG00000025746	Il6
WT/FF	up	GO:0060429	epithelium development	ENSMUSG00000103523	2210017I01Rik
WT/FF	up	GO:0060429	epithelium development	ENSMUSG00000037411	Serpine1
WT/FF	up	GO:0060429	epithelium development	ENSMUSG00000027919	Lce1g
WT/FF	up	GO:0060429	epithelium development	ENSMUSG00000039910	Cited2
WT/FF	up	GO:0060429	epithelium development	ENSMUSG00000058354	Krt6a
WT/FF	up	GO:0048638	regulation of developmental growth	ENSMUSG00000039910	Cited2
WT/FF	up	GO:0098542	defense response to other organism	ENSMUSG00000037428	Vgf
WT/FF	up	GO:0098542	defense response to other organism	ENSMUSG00000025746	Il6
WT/FF	up	GO:0098542	defense response to other organism	ENSMUSG00000015316	Slamf1
WT/FF	up	GO:0098542	defense response to other organism	ENSMUSG00000034783	Cd207
WT/FF	up	GO:0098542	defense response to other organism	ENSMUSG00000037411	Serpine1
WT/FF	up	GO:0098542	defense response to other organism	ENSMUSG00000058354	Krt6a
WT/FF	up	GO:0098542	defense response to other organism	ENSMUSG00000050108	Bpifc
WT/FF	up	GO:1901652	response to peptide	ENSMUSG00000025746	Il6
WT/FF	up	GO:1901652	response to peptide	ENSMUSG00000024803	Ankrd1
WT/FF	up	GO:0045934	negative regulation of nucleobase-containing compound metabolic process	ENSMUSG00000024803	Ankrd1
WT/FF	up	GO:0045934	negative regulation of nucleobase-containing compound metabolic process	ENSMUSG00000039910	Cited2
WT/FF	up	GO:0045934	negative regulation of nucleobase-containing compound metabolic process	ENSMUSG00000038331	Satb2
WT/FF	up	GO:0023061	signal release	ENSMUSG00000042816	Gpr151
WT/FF	up	GO:0023061	signal release	ENSMUSG00000030898	Cckbr
WT/FF	up	GO:0023061	signal release	ENSMUSG00000037428	Vgf
WT/FF	up	GO:0023061	signal release	ENSMUSG00000025746	Il6
WT/FF	up	GO:0023061	signal release	ENSMUSG00000024517	Grp
WT/FF	up	GO:0023061	signal release	ENSMUSG00000038676	Ucn
WT/FF	up	GO:0034097	response to cytokine	ENSMUSG00000025746	Il6
WT/FF	up	GO:0034097	response to cytokine	ENSMUSG00000024803	Ankrd1
WT/FF	up	GO:0046907	intracellular transport	ENSMUSG00000025746	Il6
WT/FF	up	GO:0008285	negative regulation of cell population proliferation	ENSMUSG00000025746	Il6
WT/FF	up	GO:0008285	negative regulation of cell population proliferation	ENSMUSG00000039910	Cited2
WT/FF	up	GO:0009890	negative regulation of biosynthetic process	ENSMUSG00000025746	Il6
WT/FF	up	GO:0009890	negative regulation of biosynthetic process	ENSMUSG00000015316	Slamf1
WT/FF	up	GO:0009890	negative regulation of biosynthetic process	ENSMUSG00000037411	Serpine1
WT/FF	up	GO:0009890	negative regulation of biosynthetic process	ENSMUSG00000024803	Ankrd1
WT/FF	up	GO:0009890	negative regulation of biosynthetic process	ENSMUSG00000039910	Cited2
WT/FF	up	GO:0009890	negative regulation of biosynthetic process	ENSMUSG00000038676	Ucn
WT/FF	up	GO:0009890	negative regulation of biosynthetic process	ENSMUSG00000038331	Satb2
WT/FF	up	GO:0030155	regulation of cell adhesion	ENSMUSG00000046223	Plaur
WT/FF	up	GO:0030155	regulation of cell adhesion	ENSMUSG00000025746	Il6
WT/FF	up	GO:0030155	regulation of cell adhesion	ENSMUSG00000015316	Slamf1
WT/FF	up	GO:0030155	regulation of cell adhesion	ENSMUSG00000037411	Serpine1
WT/FF	up	GO:0030155	regulation of cell adhesion	ENSMUSG00000039910	Cited2
WT/FF	up	GO:0051130	positive regulation of cellular component organization	ENSMUSG00000046223	Plaur
WT/FF	up	GO:0051130	positive regulation of cellular component organization	ENSMUSG00000025746	Il6
WT/FF	up	GO:0051130	positive regulation of cellular component organization	ENSMUSG00000037411	Serpine1
WT/FF	up	GO:0051130	positive regulation of cellular component organization	ENSMUSG00000024803	Ankrd1
WT/FF	up	GO:0051247	positive regulation of protein metabolic process	ENSMUSG00000025746	Il6
WT/FF	up	GO:0051247	positive regulation of protein metabolic process	ENSMUSG00000038676	Ucn
WT/FF	up	GO:0000165	MAPK cascade	ENSMUSG00000030898	Cckbr
WT/FF	up	GO:0000165	MAPK cascade	ENSMUSG00000025746	Il6
WT/FF	up	GO:0000165	MAPK cascade	ENSMUSG00000015316	Slamf1
WT/FF	up	GO:0000165	MAPK cascade	ENSMUSG00000031383	Dusp9
WT/FF	up	GO:0051046	regulation of secretion	ENSMUSG00000042816	Gpr151
WT/FF	up	GO:0051046	regulation of secretion	ENSMUSG00000030898	Cckbr
WT/FF	up	GO:0051046	regulation of secretion	ENSMUSG00000025746	Il6
WT/FF	up	GO:0051046	regulation of secretion	ENSMUSG00000024803	Ankrd1
WT/FF	up	GO:0051046	regulation of secretion	ENSMUSG00000024517	Grp
WT/FF	up	GO:0051046	regulation of secretion	ENSMUSG00000038676	Ucn
WT/FF	up	GO:0048646	anatomical structure formation involved in morphogenesis	ENSMUSG00000054136	Adm2
WT/FF	up	GO:0048646	anatomical structure formation involved in morphogenesis	ENSMUSG00000037411	Serpine1
WT/FF	up	GO:0048646	anatomical structure formation involved in morphogenesis	ENSMUSG00000039910	Cited2
WT/FF	up	GO:0048646	anatomical structure formation involved in morphogenesis	ENSMUSG00000027800	Tm4sf1
WT/FF	up	GO:0031344	regulation of cell projection organization	ENSMUSG00000025746	Il6
WT/FF	up	GO:0031344	regulation of cell projection organization	ENSMUSG00000024803	Ankrd1
WT/FF	up	GO:0010558	negative regulation of macromolecule biosynthetic process	ENSMUSG00000025746	Il6
WT/FF	up	GO:0010558	negative regulation of macromolecule biosynthetic process	ENSMUSG00000015316	Slamf1
WT/FF	up	GO:0010558	negative regulation of macromolecule biosynthetic process	ENSMUSG00000037411	Serpine1
WT/FF	up	GO:0010558	negative regulation of macromolecule biosynthetic process	ENSMUSG00000024803	Ankrd1
WT/FF	up	GO:0010558	negative regulation of macromolecule biosynthetic process	ENSMUSG00000039910	Cited2
WT/FF	up	GO:0010558	negative regulation of macromolecule biosynthetic process	ENSMUSG00000038676	Ucn
WT/FF	up	GO:0010558	negative regulation of macromolecule biosynthetic process	ENSMUSG00000038331	Satb2
WT/FF	up	GO:0045087	innate immune response	ENSMUSG00000015316	Slamf1
WT/FF	up	GO:0045087	innate immune response	ENSMUSG00000050108	Bpifc
WT/FF	up	GO:2001233	regulation of apoptotic signaling pathway	ENSMUSG00000046223	Plaur
WT/FF	up	GO:2001233	regulation of apoptotic signaling pathway	ENSMUSG00000037411	Serpine1
WT/FF	up	GO:0007155	cell adhesion	ENSMUSG00000046223	Plaur
WT/FF	up	GO:0007155	cell adhesion	ENSMUSG00000025746	Il6
WT/FF	up	GO:0007155	cell adhesion	ENSMUSG00000015316	Slamf1
WT/FF	up	GO:0007155	cell adhesion	ENSMUSG00000037411	Serpine1
WT/FF	up	GO:0007155	cell adhesion	ENSMUSG00000039910	Cited2
WT/FF	up	GO:0045892	negative regulation of DNA-templated transcription	ENSMUSG00000024803	Ankrd1
WT/FF	up	GO:0045892	negative regulation of DNA-templated transcription	ENSMUSG00000039910	Cited2
WT/FF	up	GO:0045892	negative regulation of DNA-templated transcription	ENSMUSG00000038331	Satb2
WT/FF	up	GO:0051248	negative regulation of protein metabolic process	ENSMUSG00000037411	Serpine1
WT/FF	up	GO:0120035	regulation of plasma membrane bounded cell projection organization	ENSMUSG00000025746	Il6
WT/FF	up	GO:0120035	regulation of plasma membrane bounded cell projection organization	ENSMUSG00000024803	Ankrd1
WT/FF	up	GO:1902679	negative regulation of RNA biosynthetic process	ENSMUSG00000024803	Ankrd1
WT/FF	up	GO:1902679	negative regulation of RNA biosynthetic process	ENSMUSG00000039910	Cited2
WT/FF	up	GO:1902679	negative regulation of RNA biosynthetic process	ENSMUSG00000038331	Satb2
WT/FF	up	GO:0035295	tube development	ENSMUSG00000030898	Cckbr
WT/FF	up	GO:0035295	tube development	ENSMUSG00000054136	Adm2
WT/FF	up	GO:0035295	tube development	ENSMUSG00000037411	Serpine1
WT/FF	up	GO:0035295	tube development	ENSMUSG00000039910	Cited2
WT/FF	up	GO:0006897	endocytosis	ENSMUSG00000024883	Rin1
WT/FF	up	GO:0006897	endocytosis	ENSMUSG00000015316	Slamf1
WT/FF	up	GO:0006897	endocytosis	ENSMUSG00000037411	Serpine1
WT/FF	up	GO:0051253	negative regulation of RNA metabolic process	ENSMUSG00000024803	Ankrd1
WT/FF	up	GO:0051253	negative regulation of RNA metabolic process	ENSMUSG00000039910	Cited2
WT/FF	up	GO:0051253	negative regulation of RNA metabolic process	ENSMUSG00000038331	Satb2
WT/FF	up	GO:0140546	defense response to symbiont	ENSMUSG00000015316	Slamf1
WT/FF	up	GO:0140546	defense response to symbiont	ENSMUSG00000058354	Krt6a
WT/FF	up	GO:0140546	defense response to symbiont	ENSMUSG00000050108	Bpifc
WT/FF	up	GO:0030335	positive regulation of cell migration	ENSMUSG00000015316	Slamf1
WT/FF	up	GO:0030335	positive regulation of cell migration	ENSMUSG00000037411	Serpine1
WT/FF	up	GO:0008152	metabolic process	ENSMUSG00000046223	Plaur
WT/FF	up	GO:0008152	metabolic process	ENSMUSG00000037428	Vgf
WT/FF	up	GO:0008152	metabolic process	ENSMUSG00000025746	Il6
WT/FF	up	GO:0008152	metabolic process	ENSMUSG00000054136	Adm2
WT/FF	up	GO:0008152	metabolic process	ENSMUSG00000015316	Slamf1
WT/FF	up	GO:0008152	metabolic process	ENSMUSG00000028255	Clca1
WT/FF	up	GO:0008152	metabolic process	ENSMUSG00000037411	Serpine1
WT/FF	up	GO:0008152	metabolic process	ENSMUSG00000031383	Dusp9
WT/FF	up	GO:0008152	metabolic process	ENSMUSG00000024803	Ankrd1
WT/FF	up	GO:0008152	metabolic process	ENSMUSG00000044667	Plppr4
WT/FF	up	GO:0008152	metabolic process	ENSMUSG00000026247	Ecel1
WT/FF	up	GO:0008152	metabolic process	ENSMUSG00000039910	Cited2
WT/FF	up	GO:0008152	metabolic process	ENSMUSG00000024517	Grp
WT/FF	up	GO:0008152	metabolic process	ENSMUSG00000038676	Ucn
WT/FF	up	GO:0008152	metabolic process	ENSMUSG00000040148	Hmx3
WT/FF	up	GO:0008152	metabolic process	ENSMUSG00000038331	Satb2
WT/FF	up	GO:0006996	organelle organization	ENSMUSG00000046223	Plaur
WT/FF	up	GO:0006996	organelle organization	ENSMUSG00000015316	Slamf1
WT/FF	up	GO:0006996	organelle organization	ENSMUSG00000058354	Krt6a
WT/FF	up	GO:0009628	response to abiotic stimulus	ENSMUSG00000042816	Gpr151
WT/FF	up	GO:0009628	response to abiotic stimulus	ENSMUSG00000037428	Vgf
WT/FF	up	GO:0009628	response to abiotic stimulus	ENSMUSG00000028255	Clca1
WT/FF	up	GO:0009628	response to abiotic stimulus	ENSMUSG00000024803	Ankrd1
WT/FF	up	GO:0009628	response to abiotic stimulus	ENSMUSG00000039910	Cited2
WT/FF	up	GO:0009628	response to abiotic stimulus	ENSMUSG00000038676	Ucn
WT/FF	up	GO:0050767	regulation of neurogenesis	ENSMUSG00000025746	Il6
WT/FF	up	GO:0009611	response to wounding	ENSMUSG00000046223	Plaur
WT/FF	up	GO:0009611	response to wounding	ENSMUSG00000027611	Procr
WT/FF	up	GO:0009611	response to wounding	ENSMUSG00000025746	Il6
WT/FF	up	GO:0009611	response to wounding	ENSMUSG00000037411	Serpine1
WT/FF	up	GO:0009611	response to wounding	ENSMUSG00000058354	Krt6a
WT/FF	up	GO:0009611	response to wounding	ENSMUSG00000004105	Angptl2
WT/FF	up	GO:1903532	positive regulation of secretion by cell	ENSMUSG00000030898	Cckbr
WT/FF	up	GO:1903532	positive regulation of secretion by cell	ENSMUSG00000024803	Ankrd1
WT/FF	up	GO:1903532	positive regulation of secretion by cell	ENSMUSG00000024517	Grp
WT/FF	up	GO:1903532	positive regulation of secretion by cell	ENSMUSG00000038676	Ucn
WT/FF	up	GO:0000902	cell morphogenesis	ENSMUSG00000025746	Il6
WT/FF	up	GO:0000902	cell morphogenesis	ENSMUSG00000044667	Plppr4
WT/FF	up	GO:0000122	negative regulation of transcription by RNA polymerase II	ENSMUSG00000024803	Ankrd1
WT/FF	up	GO:0000122	negative regulation of transcription by RNA polymerase II	ENSMUSG00000039910	Cited2
WT/FF	up	GO:0000122	negative regulation of transcription by RNA polymerase II	ENSMUSG00000038331	Satb2
WT/FF	up	GO:1901701	cellular response to oxygen-containing compound	ENSMUSG00000025746	Il6
WT/FF	up	GO:1901701	cellular response to oxygen-containing compound	ENSMUSG00000037411	Serpine1
WT/FF	up	GO:1901701	cellular response to oxygen-containing compound	ENSMUSG00000024803	Ankrd1
WT/FF	up	GO:0006955	immune response	ENSMUSG00000025746	Il6
WT/FF	up	GO:0006955	immune response	ENSMUSG00000015316	Slamf1
WT/FF	up	GO:0006955	immune response	ENSMUSG00000039364	Sectm1b
WT/FF	up	GO:0006955	immune response	ENSMUSG00000024517	Grp
WT/FF	up	GO:0006955	immune response	ENSMUSG00000058354	Krt6a
WT/FF	up	GO:0006955	immune response	ENSMUSG00000050108	Bpifc
WT/FF	up	GO:0040017	positive regulation of locomotion	ENSMUSG00000015316	Slamf1
WT/FF	up	GO:0040017	positive regulation of locomotion	ENSMUSG00000037411	Serpine1
WT/FF	up	GO:0048598	embryonic morphogenesis	ENSMUSG00000039910	Cited2
WT/FF	up	GO:0048598	embryonic morphogenesis	ENSMUSG00000040148	Hmx3
WT/FF	up	GO:0048598	embryonic morphogenesis	ENSMUSG00000038331	Satb2
WT/FF	up	GO:0001934	positive regulation of protein phosphorylation	ENSMUSG00000025746	Il6
WT/FF	up	GO:0001934	positive regulation of protein phosphorylation	ENSMUSG00000038676	Ucn
WT/FF	up	GO:0006979	response to oxidative stress	ENSMUSG00000038676	Ucn
WT/FF	up	GO:0090066	regulation of anatomical structure size	ENSMUSG00000038676	Ucn
WT/FF	up	GO:0072359	circulatory system development	ENSMUSG00000031074	Fgf3
WT/FF	up	GO:0072359	circulatory system development	ENSMUSG00000054136	Adm2
WT/FF	up	GO:0072359	circulatory system development	ENSMUSG00000037411	Serpine1
WT/FF	up	GO:0072359	circulatory system development	ENSMUSG00000024803	Ankrd1
WT/FF	up	GO:0072359	circulatory system development	ENSMUSG00000039910	Cited2
WT/FF	up	GO:0042221	response to chemical	ENSMUSG00000037428	Vgf
WT/FF	up	GO:0042221	response to chemical	ENSMUSG00000025746	Il6
WT/FF	up	GO:0042221	response to chemical	ENSMUSG00000015316	Slamf1
WT/FF	up	GO:0042221	response to chemical	ENSMUSG00000028255	Clca1
WT/FF	up	GO:0042221	response to chemical	ENSMUSG00000037411	Serpine1
WT/FF	up	GO:0042221	response to chemical	ENSMUSG00000024803	Ankrd1
WT/FF	up	GO:0042221	response to chemical	ENSMUSG00000039910	Cited2
WT/FF	up	GO:0042221	response to chemical	ENSMUSG00000024517	Grp
WT/FF	up	GO:0042221	response to chemical	ENSMUSG00000061039	Or8b53
WT/FF	up	GO:0042221	response to chemical	ENSMUSG00000038676	Ucn
WT/FF	up	GO:2000147	positive regulation of cell motility	ENSMUSG00000015316	Slamf1
WT/FF	up	GO:2000147	positive regulation of cell motility	ENSMUSG00000037411	Serpine1
WT/FF	up	GO:0055085	transmembrane transport	ENSMUSG00000023387	Kcnk16
WT/FF	up	GO:0055085	transmembrane transport	ENSMUSG00000029321	Slc10a6
WT/FF	up	GO:0055085	transmembrane transport	ENSMUSG00000028255	Clca1
WT/FF	up	GO:0055085	transmembrane transport	ENSMUSG00000024517	Grp
WT/FF	up	GO:0070201	regulation of establishment of protein localization	ENSMUSG00000025746	Il6
WT/FF	up	GO:0070201	regulation of establishment of protein localization	ENSMUSG00000024803	Ankrd1
WT/FF	up	GO:0050776	regulation of immune response	ENSMUSG00000025746	Il6
WT/FF	up	GO:0050776	regulation of immune response	ENSMUSG00000015316	Slamf1
WT/FF	up	GO:0040008	regulation of growth	ENSMUSG00000039910	Cited2
WT/FF	up	GO:0040008	regulation of growth	ENSMUSG00000038676	Ucn
WT/FF	up	GO:0032103	positive regulation of response to external stimulus	ENSMUSG00000015316	Slamf1
WT/FF	up	GO:0032103	positive regulation of response to external stimulus	ENSMUSG00000037411	Serpine1
WT/FF	up	GO:0033993	response to lipid	ENSMUSG00000025746	Il6
WT/FF	up	GO:0033993	response to lipid	ENSMUSG00000037411	Serpine1
WT/FF	up	GO:0033993	response to lipid	ENSMUSG00000024803	Ankrd1
WT/FF	up	GO:0033993	response to lipid	ENSMUSG00000038676	Ucn
WT/FF	up	GO:0065009	regulation of molecular function	ENSMUSG00000024517	Grp
WT/FF	up	GO:0051960	regulation of nervous system development	ENSMUSG00000025746	Il6
WT/FF	up	GO:0009790	embryo development	ENSMUSG00000039910	Cited2
WT/FF	up	GO:0009790	embryo development	ENSMUSG00000027800	Tm4sf1
WT/FF	up	GO:0009790	embryo development	ENSMUSG00000040148	Hmx3
WT/FF	up	GO:0009790	embryo development	ENSMUSG00000038331	Satb2
WT/FF	up	GO:0009914	hormone transport	ENSMUSG00000030898	Cckbr
WT/FF	up	GO:0009914	hormone transport	ENSMUSG00000037428	Vgf
WT/FF	up	GO:0009914	hormone transport	ENSMUSG00000025746	Il6
WT/FF	up	GO:0009914	hormone transport	ENSMUSG00000024517	Grp
WT/FF	up	GO:0009914	hormone transport	ENSMUSG00000038676	Ucn
WT/FF	up	GO:2000146	negative regulation of cell motility	ENSMUSG00000037411	Serpine1
WT/FF	up	GO:2000146	negative regulation of cell motility	ENSMUSG00000039910	Cited2
WT/FF	up	GO:0001525	angiogenesis	ENSMUSG00000054136	Adm2
WT/FF	up	GO:0001525	angiogenesis	ENSMUSG00000037411	Serpine1
WT/FF	up	GO:0051047	positive regulation of secretion	ENSMUSG00000030898	Cckbr
WT/FF	up	GO:0051047	positive regulation of secretion	ENSMUSG00000024803	Ankrd1
WT/FF	up	GO:0051047	positive regulation of secretion	ENSMUSG00000024517	Grp
WT/FF	up	GO:0051047	positive regulation of secretion	ENSMUSG00000038676	Ucn
WT/FF	up	GO:0002684	positive regulation of immune system process	ENSMUSG00000025746	Il6
WT/FF	up	GO:0002684	positive regulation of immune system process	ENSMUSG00000015316	Slamf1
WT/FF	up	GO:0002684	positive regulation of immune system process	ENSMUSG00000037411	Serpine1
WT/FF	up	GO:0061061	muscle structure development	ENSMUSG00000031074	Fgf3
WT/FF	up	GO:0061061	muscle structure development	ENSMUSG00000025746	Il6
WT/FF	up	GO:0061061	muscle structure development	ENSMUSG00000024803	Ankrd1
WT/FF	up	GO:0061061	muscle structure development	ENSMUSG00000039910	Cited2
WT/FF	up	GO:0042327	positive regulation of phosphorylation	ENSMUSG00000025746	Il6
WT/FF	up	GO:0042327	positive regulation of phosphorylation	ENSMUSG00000038676	Ucn
WT/FF	up	GO:0009725	response to hormone	ENSMUSG00000037428	Vgf
WT/FF	up	GO:0009725	response to hormone	ENSMUSG00000039910	Cited2
WT/FF	up	GO:0009725	response to hormone	ENSMUSG00000038676	Ucn
WT/FF	up	GO:0032496	response to lipopolysaccharide	ENSMUSG00000025746	Il6
WT/FF	up	GO:0032496	response to lipopolysaccharide	ENSMUSG00000037411	Serpine1
WT/FF	up	GO:0032496	response to lipopolysaccharide	ENSMUSG00000024803	Ankrd1
WT/FF	up	GO:0010562	positive regulation of phosphorus metabolic process	ENSMUSG00000025746	Il6
WT/FF	up	GO:0010562	positive regulation of phosphorus metabolic process	ENSMUSG00000038676	Ucn
WT/FF	up	GO:0045937	positive regulation of phosphate metabolic process	ENSMUSG00000025746	Il6
WT/FF	up	GO:0045937	positive regulation of phosphate metabolic process	ENSMUSG00000038676	Ucn
WT/FF	up	GO:0060627	regulation of vesicle-mediated transport	ENSMUSG00000042816	Gpr151
WT/FF	up	GO:0060627	regulation of vesicle-mediated transport	ENSMUSG00000015316	Slamf1
WT/FF	up	GO:0060627	regulation of vesicle-mediated transport	ENSMUSG00000037411	Serpine1
WT/FF	up	GO:0030336	negative regulation of cell migration	ENSMUSG00000037411	Serpine1
WT/FF	up	GO:0030336	negative regulation of cell migration	ENSMUSG00000039910	Cited2
WT/FF	up	GO:0001649	osteoblast differentiation	ENSMUSG00000038331	Satb2
WT/FF	up	GO:0035239	tube morphogenesis	ENSMUSG00000054136	Adm2
WT/FF	up	GO:0035239	tube morphogenesis	ENSMUSG00000037411	Serpine1
WT/FF	up	GO:0035239	tube morphogenesis	ENSMUSG00000039910	Cited2
WT/FF	up	GO:0048589	developmental growth	ENSMUSG00000039910	Cited2
WT/FF	up	GO:0033002	muscle cell proliferation	ENSMUSG00000039910	Cited2
WT/FF	up	GO:0014912	negative regulation of smooth muscle cell migration	ENSMUSG00000037411	Serpine1
WT/FF	up	GO:0031401	positive regulation of protein modification process	ENSMUSG00000025746	Il6
WT/FF	up	GO:0031401	positive regulation of protein modification process	ENSMUSG00000038676	Ucn
WT/FF	up	GO:0018193	peptidyl-amino acid modification	ENSMUSG00000025746	Il6
WT/FF	up	GO:0018193	peptidyl-amino acid modification	ENSMUSG00000038676	Ucn
WT/FF	up	GO:0033365	protein localization to organelle	ENSMUSG00000025746	Il6
WT/FF	up	GO:0007610	behavior	ENSMUSG00000030898	Cckbr
WT/FF	up	GO:0007610	behavior	ENSMUSG00000024883	Rin1
WT/FF	up	GO:0007610	behavior	ENSMUSG00000025746	Il6
WT/FF	up	GO:0007610	behavior	ENSMUSG00000054136	Adm2
WT/FF	up	GO:0007610	behavior	ENSMUSG00000024517	Grp
WT/FF	up	GO:0007610	behavior	ENSMUSG00000038676	Ucn
WT/FF	up	GO:0001503	ossification	ENSMUSG00000024517	Grp
WT/FF	up	GO:0001503	ossification	ENSMUSG00000038331	Satb2
WT/FF	up	GO:0040013	negative regulation of locomotion	ENSMUSG00000037411	Serpine1
WT/FF	up	GO:0040013	negative regulation of locomotion	ENSMUSG00000039910	Cited2
WT/FF	up	GO:0051223	regulation of protein transport	ENSMUSG00000025746	Il6
WT/FF	up	GO:0051223	regulation of protein transport	ENSMUSG00000024803	Ankrd1
WT/FF	up	GO:0071345	cellular response to cytokine stimulus	ENSMUSG00000025746	Il6
WT/FF	up	GO:0071345	cellular response to cytokine stimulus	ENSMUSG00000024803	Ankrd1
WT/FF	up	GO:0030855	epithelial cell differentiation	ENSMUSG00000046223	Plaur
WT/FF	up	GO:0030855	epithelial cell differentiation	ENSMUSG00000103523	2210017I01Rik
WT/FF	up	GO:0030855	epithelial cell differentiation	ENSMUSG00000037411	Serpine1
WT/FF	up	GO:0030855	epithelial cell differentiation	ENSMUSG00000027919	Lce1g
WT/FF	up	GO:0030855	epithelial cell differentiation	ENSMUSG00000058354	Krt6a
WT/FF	up	GO:0031349	positive regulation of defense response	ENSMUSG00000030898	Cckbr
WT/FF	up	GO:0031349	positive regulation of defense response	ENSMUSG00000037411	Serpine1
WT/FF	up	GO:0031349	positive regulation of defense response	ENSMUSG00000024517	Grp
WT/FF	up	GO:0031349	positive regulation of defense response	ENSMUSG00000038676	Ucn
WT/FF	up	GO:0009887	animal organ morphogenesis	ENSMUSG00000025746	Il6
WT/FF	up	GO:0009887	animal organ morphogenesis	ENSMUSG00000037411	Serpine1
WT/FF	up	GO:0009887	animal organ morphogenesis	ENSMUSG00000024803	Ankrd1
WT/FF	up	GO:0009887	animal organ morphogenesis	ENSMUSG00000039910	Cited2
WT/FF	up	GO:0009887	animal organ morphogenesis	ENSMUSG00000040148	Hmx3
WT/FF	up	GO:0009887	animal organ morphogenesis	ENSMUSG00000038331	Satb2
WT/FF	up	GO:0007267	cell-cell signaling	ENSMUSG00000042816	Gpr151
WT/FF	up	GO:0007267	cell-cell signaling	ENSMUSG00000030898	Cckbr
WT/FF	up	GO:0007267	cell-cell signaling	ENSMUSG00000037428	Vgf
WT/FF	up	GO:0007267	cell-cell signaling	ENSMUSG00000024883	Rin1
WT/FF	up	GO:0007267	cell-cell signaling	ENSMUSG00000025746	Il6
WT/FF	up	GO:0007267	cell-cell signaling	ENSMUSG00000044667	Plppr4
WT/FF	up	GO:0007267	cell-cell signaling	ENSMUSG00000024517	Grp
WT/FF	up	GO:0007267	cell-cell signaling	ENSMUSG00000038676	Ucn
WT/FF	up	GO:0008284	positive regulation of cell population proliferation	ENSMUSG00000030898	Cckbr
WT/FF	up	GO:0008284	positive regulation of cell population proliferation	ENSMUSG00000031074	Fgf3
WT/FF	up	GO:0008284	positive regulation of cell population proliferation	ENSMUSG00000025746	Il6
WT/FF	up	GO:0008284	positive regulation of cell population proliferation	ENSMUSG00000015316	Slamf1
WT/FF	up	GO:0002237	response to molecule of bacterial origin	ENSMUSG00000025746	Il6
WT/FF	up	GO:0002237	response to molecule of bacterial origin	ENSMUSG00000037411	Serpine1
WT/FF	up	GO:0002237	response to molecule of bacterial origin	ENSMUSG00000024803	Ankrd1
WT/FF	up	GO:0010817	regulation of hormone levels	ENSMUSG00000030898	Cckbr
WT/FF	up	GO:0010817	regulation of hormone levels	ENSMUSG00000037428	Vgf
WT/FF	up	GO:0010817	regulation of hormone levels	ENSMUSG00000025746	Il6
WT/FF	up	GO:0010817	regulation of hormone levels	ENSMUSG00000024517	Grp
WT/FF	up	GO:0010817	regulation of hormone levels	ENSMUSG00000038676	Ucn
WT/FF	up	GO:0048511	rhythmic process	ENSMUSG00000030898	Cckbr
WT/FF	up	GO:0048511	rhythmic process	ENSMUSG00000025746	Il6
WT/FF	up	GO:0031667	response to nutrient levels	ENSMUSG00000037428	Vgf
WT/FF	up	GO:0031667	response to nutrient levels	ENSMUSG00000038676	Ucn
WT/FF	up	GO:0031346	positive regulation of cell projection organization	ENSMUSG00000025746	Il6
WT/FF	up	GO:0031346	positive regulation of cell projection organization	ENSMUSG00000024803	Ankrd1
WT/FF	up	GO:0040007	growth	ENSMUSG00000039910	Cited2
WT/FF	up	GO:0040007	growth	ENSMUSG00000038676	Ucn
WT/FF	up	GO:0009306	protein secretion	ENSMUSG00000037428	Vgf
WT/FF	up	GO:0009306	protein secretion	ENSMUSG00000025746	Il6
WT/FF	up	GO:0009306	protein secretion	ENSMUSG00000024803	Ankrd1
WT/FF	up	GO:1904951	positive regulation of establishment of protein localization	ENSMUSG00000025746	Il6
WT/FF	up	GO:1904951	positive regulation of establishment of protein localization	ENSMUSG00000024803	Ankrd1
WT/FF	up	GO:0035592	establishment of protein localization to extracellular region	ENSMUSG00000037428	Vgf
WT/FF	up	GO:0035592	establishment of protein localization to extracellular region	ENSMUSG00000025746	Il6
WT/FF	up	GO:0035592	establishment of protein localization to extracellular region	ENSMUSG00000024803	Ankrd1
WT/FF	up	GO:0010975	regulation of neuron projection development	ENSMUSG00000025746	Il6
WT/FF	up	GO:0010975	regulation of neuron projection development	ENSMUSG00000024803	Ankrd1
WT/FF	up	GO:0022604	regulation of cell morphogenesis	ENSMUSG00000025746	Il6
WT/FF	up	GO:0046879	hormone secretion	ENSMUSG00000030898	Cckbr
WT/FF	up	GO:0046879	hormone secretion	ENSMUSG00000037428	Vgf
WT/FF	up	GO:0046879	hormone secretion	ENSMUSG00000025746	Il6
WT/FF	up	GO:0046879	hormone secretion	ENSMUSG00000024517	Grp
WT/FF	up	GO:0046879	hormone secretion	ENSMUSG00000038676	Ucn
WT/FF	up	GO:0070498	interleukin-1-mediated signaling pathway	ENSMUSG00000025746	Il6
WT/FF	up	GO:0051051	negative regulation of transport	ENSMUSG00000025746	Il6
WT/FF	up	GO:0051051	negative regulation of transport	ENSMUSG00000024517	Grp
WT/FF	up	GO:0051051	negative regulation of transport	ENSMUSG00000038676	Ucn
WT/FF	up	GO:0010720	positive regulation of cell development	ENSMUSG00000025746	Il6
WT/FF	up	GO:0044238	primary metabolic process	ENSMUSG00000046223	Plaur
WT/FF	up	GO:0044238	primary metabolic process	ENSMUSG00000025746	Il6
WT/FF	up	GO:0044238	primary metabolic process	ENSMUSG00000028255	Clca1
WT/FF	up	GO:0044238	primary metabolic process	ENSMUSG00000037411	Serpine1
WT/FF	up	GO:0044238	primary metabolic process	ENSMUSG00000031383	Dusp9
WT/FF	up	GO:0044238	primary metabolic process	ENSMUSG00000024803	Ankrd1
WT/FF	up	GO:0044238	primary metabolic process	ENSMUSG00000044667	Plppr4
WT/FF	up	GO:0044238	primary metabolic process	ENSMUSG00000026247	Ecel1
WT/FF	up	GO:0044238	primary metabolic process	ENSMUSG00000039910	Cited2
WT/FF	up	GO:0044238	primary metabolic process	ENSMUSG00000038676	Ucn
WT/FF	up	GO:0044238	primary metabolic process	ENSMUSG00000040148	Hmx3
WT/FF	up	GO:0044238	primary metabolic process	ENSMUSG00000038331	Satb2
WT/FF	up	GO:0071692	protein localization to extracellular region	ENSMUSG00000037428	Vgf
WT/FF	up	GO:0071692	protein localization to extracellular region	ENSMUSG00000025746	Il6
WT/FF	up	GO:0071692	protein localization to extracellular region	ENSMUSG00000024803	Ankrd1
WT/FF	up	GO:0046683	response to organophosphorus	ENSMUSG00000037428	Vgf
WT/FF	up	GO:0099173	postsynapse organization	ENSMUSG00000044667	Plppr4
WT/FF	up	GO:0001568	blood vessel development	ENSMUSG00000054136	Adm2
WT/FF	up	GO:0001568	blood vessel development	ENSMUSG00000037411	Serpine1
WT/FF	up	GO:0001568	blood vessel development	ENSMUSG00000039910	Cited2
WT/FF	up	GO:0014074	response to purine-containing compound	ENSMUSG00000037428	Vgf
WT/FF	up	GO:0001944	vasculature development	ENSMUSG00000054136	Adm2
WT/FF	up	GO:0001944	vasculature development	ENSMUSG00000037411	Serpine1
WT/FF	up	GO:0001944	vasculature development	ENSMUSG00000039910	Cited2
WT/FF	up	GO:0043408	regulation of MAPK cascade	ENSMUSG00000025746	Il6
WT/FF	up	GO:0043408	regulation of MAPK cascade	ENSMUSG00000015316	Slamf1
WT/FF	up	GO:0043408	regulation of MAPK cascade	ENSMUSG00000031383	Dusp9
WT/FF	up	GO:0071222	cellular response to lipopolysaccharide	ENSMUSG00000025746	Il6
WT/FF	up	GO:0071222	cellular response to lipopolysaccharide	ENSMUSG00000037411	Serpine1
WT/FF	up	GO:0071222	cellular response to lipopolysaccharide	ENSMUSG00000024803	Ankrd1
WT/FF	up	GO:0006886	intracellular protein transport	ENSMUSG00000025746	Il6
WT/FF	up	GO:0048514	blood vessel morphogenesis	ENSMUSG00000054136	Adm2
WT/FF	up	GO:0048514	blood vessel morphogenesis	ENSMUSG00000037411	Serpine1
WT/FF	up	GO:0048514	blood vessel morphogenesis	ENSMUSG00000039910	Cited2
WT/FF	up	GO:0034762	regulation of transmembrane transport	ENSMUSG00000024517	Grp
WT/FF	up	GO:0045765	regulation of angiogenesis	ENSMUSG00000054136	Adm2
WT/FF	up	GO:0045765	regulation of angiogenesis	ENSMUSG00000037411	Serpine1
WT/FF	up	GO:0071219	cellular response to molecule of bacterial origin	ENSMUSG00000025746	Il6
WT/FF	up	GO:0071219	cellular response to molecule of bacterial origin	ENSMUSG00000037411	Serpine1
WT/FF	up	GO:0071219	cellular response to molecule of bacterial origin	ENSMUSG00000024803	Ankrd1
WT/FF	up	GO:0043523	regulation of neuron apoptotic process	ENSMUSG00000025746	Il6
WT/FF	up	GO:0043523	regulation of neuron apoptotic process	ENSMUSG00000038676	Ucn
WT/FF	up	GO:0043434	response to peptide hormone	ENSMUSG00000037428	Vgf
WT/FF	up	GO:0030097	hemopoiesis	ENSMUSG00000025746	Il6
WT/FF	up	GO:0030097	hemopoiesis	ENSMUSG00000015316	Slamf1
WT/FF	up	GO:0030097	hemopoiesis	ENSMUSG00000039910	Cited2
WT/FF	up	GO:0071216	cellular response to biotic stimulus	ENSMUSG00000025746	Il6
WT/FF	up	GO:0071216	cellular response to biotic stimulus	ENSMUSG00000037411	Serpine1
WT/FF	up	GO:0071216	cellular response to biotic stimulus	ENSMUSG00000024803	Ankrd1
WT/FF	up	GO:1901342	regulation of vasculature development	ENSMUSG00000054136	Adm2
WT/FF	up	GO:1901342	regulation of vasculature development	ENSMUSG00000037411	Serpine1
WT/FF	up	GO:0019221	cytokine-mediated signaling pathway	ENSMUSG00000025746	Il6
WT/FF	up	GO:0007162	negative regulation of cell adhesion	ENSMUSG00000037411	Serpine1
WT/FF	up	GO:0006606	protein import into nucleus	ENSMUSG00000025746	Il6
WT/FF	up	GO:0046942	carboxylic acid transport	ENSMUSG00000029321	Slc10a6
WT/FF	up	GO:0050890	cognition	ENSMUSG00000024883	Rin1
WT/FF	up	GO:0050890	cognition	ENSMUSG00000038676	Ucn
WT/FF	up	GO:0007623	circadian rhythm	ENSMUSG00000025746	Il6
WT/FF	up	GO:0048568	embryonic organ development	ENSMUSG00000039910	Cited2
WT/FF	up	GO:0048568	embryonic organ development	ENSMUSG00000040148	Hmx3
WT/FF	up	GO:0048568	embryonic organ development	ENSMUSG00000038331	Satb2
WT/FF	up	GO:0051402	neuron apoptotic process	ENSMUSG00000025746	Il6
WT/FF	up	GO:0051402	neuron apoptotic process	ENSMUSG00000038676	Ucn
WT/FF	up	GO:0015849	organic acid transport	ENSMUSG00000029321	Slc10a6
WT/FF	up	GO:0002790	peptide secretion	ENSMUSG00000030898	Cckbr
WT/FF	up	GO:0002790	peptide secretion	ENSMUSG00000037428	Vgf
WT/FF	up	GO:0002790	peptide secretion	ENSMUSG00000025746	Il6
WT/FF	up	GO:0002790	peptide secretion	ENSMUSG00000024517	Grp
WT/FF	up	GO:0002790	peptide secretion	ENSMUSG00000038676	Ucn
WT/FF	up	GO:0050778	positive regulation of immune response	ENSMUSG00000025746	Il6
WT/FF	up	GO:0050778	positive regulation of immune response	ENSMUSG00000015316	Slamf1
WT/FF	up	GO:0051591	response to cAMP	ENSMUSG00000037428	Vgf
WT/FF	up	GO:0051170	import into nucleus	ENSMUSG00000025746	Il6
WT/FF	up	GO:0042592	homeostatic process	ENSMUSG00000030898	Cckbr
WT/FF	up	GO:0042592	homeostatic process	ENSMUSG00000037428	Vgf
WT/FF	up	GO:0042592	homeostatic process	ENSMUSG00000025746	Il6
WT/FF	up	GO:0042592	homeostatic process	ENSMUSG00000039910	Cited2
WT/FF	up	GO:0045927	positive regulation of growth	ENSMUSG00000038676	Ucn
WT/FF	up	GO:0050727	regulation of inflammatory response	ENSMUSG00000037411	Serpine1
WT/FF	up	GO:0032740	positive regulation of interleukin-17 production	ENSMUSG00000025746	Il6
WT/FF	up	GO:0001775	cell activation	ENSMUSG00000025746	Il6
WT/FF	up	GO:0001775	cell activation	ENSMUSG00000015316	Slamf1
WT/FF	up	GO:0001775	cell activation	ENSMUSG00000024517	Grp
WT/FF	up	GO:0006913	nucleocytoplasmic transport	ENSMUSG00000025746	Il6
WT/FF	up	GO:0051169	nuclear transport	ENSMUSG00000025746	Il6
WT/FF	up	GO:0046883	regulation of hormone secretion	ENSMUSG00000030898	Cckbr
WT/FF	up	GO:0046883	regulation of hormone secretion	ENSMUSG00000025746	Il6
WT/FF	up	GO:0046883	regulation of hormone secretion	ENSMUSG00000024517	Grp
WT/FF	up	GO:0046883	regulation of hormone secretion	ENSMUSG00000038676	Ucn
WT/FF	up	GO:0008360	regulation of cell shape	ENSMUSG00000025746	Il6
WT/FF	up	GO:0015711	organic anion transport	ENSMUSG00000029321	Slc10a6
WT/FF	up	GO:0032620	interleukin-17 production	ENSMUSG00000025746	Il6
WT/FF	up	GO:0032660	regulation of interleukin-17 production	ENSMUSG00000025746	Il6
WT/FF	up	GO:0002683	negative regulation of immune system process	ENSMUSG00000015316	Slamf1
WT/FF	up	GO:0045837	negative regulation of membrane potential	ENSMUSG00000025746	Il6
WT/FF	up	GO:0070555	response to interleukin-1	ENSMUSG00000025746	Il6
WT/FF	up	GO:0070555	response to interleukin-1	ENSMUSG00000024803	Ankrd1
WT/FF	up	GO:0043170	macromolecule metabolic process	ENSMUSG00000046223	Plaur
WT/FF	up	GO:0043170	macromolecule metabolic process	ENSMUSG00000025746	Il6
WT/FF	up	GO:0043170	macromolecule metabolic process	ENSMUSG00000054136	Adm2
WT/FF	up	GO:0043170	macromolecule metabolic process	ENSMUSG00000015316	Slamf1
WT/FF	up	GO:0043170	macromolecule metabolic process	ENSMUSG00000028255	Clca1
WT/FF	up	GO:0043170	macromolecule metabolic process	ENSMUSG00000037411	Serpine1
WT/FF	up	GO:0043170	macromolecule metabolic process	ENSMUSG00000031383	Dusp9
WT/FF	up	GO:0043170	macromolecule metabolic process	ENSMUSG00000024803	Ankrd1
WT/FF	up	GO:0043170	macromolecule metabolic process	ENSMUSG00000026247	Ecel1
WT/FF	up	GO:0043170	macromolecule metabolic process	ENSMUSG00000039910	Cited2
WT/FF	up	GO:0043170	macromolecule metabolic process	ENSMUSG00000024517	Grp
WT/FF	up	GO:0043170	macromolecule metabolic process	ENSMUSG00000038676	Ucn
WT/FF	up	GO:0043170	macromolecule metabolic process	ENSMUSG00000040148	Hmx3
WT/FF	up	GO:0043170	macromolecule metabolic process	ENSMUSG00000038331	Satb2
WT/FF	up	GO:0050769	positive regulation of neurogenesis	ENSMUSG00000025746	Il6
WT/FF	down	GO:0007399	nervous system development	ENSMUSG00000010086	Rnf112
cKO/CRE	up	GO:0048518	positive regulation of biological process	ENSMUSG00000046223	Plaur
cKO/CRE	up	GO:0048518	positive regulation of biological process	ENSMUSG00000030898	Cckbr
cKO/CRE	up	GO:0048518	positive regulation of biological process	ENSMUSG00000031074	Fgf3
cKO/CRE	up	GO:0048518	positive regulation of biological process	ENSMUSG00000025746	Il6
cKO/CRE	up	GO:0048518	positive regulation of biological process	ENSMUSG00000015316	Slamf1
cKO/CRE	up	GO:0048518	positive regulation of biological process	ENSMUSG00000054136	Adm2
cKO/CRE	up	GO:0048518	positive regulation of biological process	ENSMUSG00000024803	Ankrd1
cKO/CRE	up	GO:0048518	positive regulation of biological process	ENSMUSG00000024517	Grp
cKO/CRE	up	GO:0048518	positive regulation of biological process	ENSMUSG00000038676	Ucn
cKO/CRE	up	GO:0048518	positive regulation of biological process	ENSMUSG00000037411	Serpine1
cKO/CRE	up	GO:0048522	positive regulation of cellular process	ENSMUSG00000046223	Plaur
cKO/CRE	up	GO:0048522	positive regulation of cellular process	ENSMUSG00000030898	Cckbr
cKO/CRE	up	GO:0048522	positive regulation of cellular process	ENSMUSG00000031074	Fgf3
cKO/CRE	up	GO:0048522	positive regulation of cellular process	ENSMUSG00000025746	Il6
cKO/CRE	up	GO:0048522	positive regulation of cellular process	ENSMUSG00000015316	Slamf1
cKO/CRE	up	GO:0048522	positive regulation of cellular process	ENSMUSG00000054136	Adm2
cKO/CRE	up	GO:0048522	positive regulation of cellular process	ENSMUSG00000024803	Ankrd1
cKO/CRE	up	GO:0048522	positive regulation of cellular process	ENSMUSG00000024517	Grp
cKO/CRE	up	GO:0048522	positive regulation of cellular process	ENSMUSG00000038676	Ucn
cKO/CRE	up	GO:0048522	positive regulation of cellular process	ENSMUSG00000037411	Serpine1
cKO/CRE	up	GO:0051179	localization	ENSMUSG00000037428	Vgf
cKO/CRE	up	GO:0051179	localization	ENSMUSG00000042816	Gpr151
cKO/CRE	up	GO:0051179	localization	ENSMUSG00000030898	Cckbr
cKO/CRE	up	GO:0051179	localization	ENSMUSG00000078532	Nkain1
cKO/CRE	up	GO:0051179	localization	ENSMUSG00000024883	Rin1
cKO/CRE	up	GO:0051179	localization	ENSMUSG00000029321	Slc10a6
cKO/CRE	up	GO:0051179	localization	ENSMUSG00000025746	Il6
cKO/CRE	up	GO:0051179	localization	ENSMUSG00000023387	Kcnk16
cKO/CRE	up	GO:0051179	localization	ENSMUSG00000044667	Plppr4
cKO/CRE	up	GO:0051179	localization	ENSMUSG00000015316	Slamf1
cKO/CRE	up	GO:0051179	localization	ENSMUSG00000028255	Clca1
cKO/CRE	up	GO:0051179	localization	ENSMUSG00000024803	Ankrd1
cKO/CRE	up	GO:0051179	localization	ENSMUSG00000024517	Grp
cKO/CRE	up	GO:0051179	localization	ENSMUSG00000038676	Ucn
cKO/CRE	up	GO:0051179	localization	ENSMUSG00000037411	Serpine1
cKO/CRE	up	GO:0051179	localization	ENSMUSG00000051209	ENSMUSG00000051209
cKO/CRE	up	GO:0051179	localization	ENSMUSG00000038115	ENSMUSG00000038115
cKO/CRE	up	GO:0048523	negative regulation of cellular process	ENSMUSG00000073680	Tmem88b
cKO/CRE	up	GO:0048523	negative regulation of cellular process	ENSMUSG00000046223	Plaur
cKO/CRE	up	GO:0048523	negative regulation of cellular process	ENSMUSG00000025746	Il6
cKO/CRE	up	GO:0048523	negative regulation of cellular process	ENSMUSG00000015316	Slamf1
cKO/CRE	up	GO:0048523	negative regulation of cellular process	ENSMUSG00000030223	ENSMUSG00000030223
cKO/CRE	up	GO:0048523	negative regulation of cellular process	ENSMUSG00000024803	Ankrd1
cKO/CRE	up	GO:0048523	negative regulation of cellular process	ENSMUSG00000024517	Grp
cKO/CRE	up	GO:0048523	negative regulation of cellular process	ENSMUSG00000031383	Dusp9
cKO/CRE	up	GO:0048523	negative regulation of cellular process	ENSMUSG00000038676	Ucn
cKO/CRE	up	GO:0048523	negative regulation of cellular process	ENSMUSG00000037411	Serpine1
cKO/CRE	up	GO:0048519	negative regulation of biological process	ENSMUSG00000073680	Tmem88b
cKO/CRE	up	GO:0048519	negative regulation of biological process	ENSMUSG00000046223	Plaur
cKO/CRE	up	GO:0048519	negative regulation of biological process	ENSMUSG00000031074	Fgf3
cKO/CRE	up	GO:0048519	negative regulation of biological process	ENSMUSG00000027611	Procr
cKO/CRE	up	GO:0048519	negative regulation of biological process	ENSMUSG00000025746	Il6
cKO/CRE	up	GO:0048519	negative regulation of biological process	ENSMUSG00000015316	Slamf1
cKO/CRE	up	GO:0048519	negative regulation of biological process	ENSMUSG00000030223	ENSMUSG00000030223
cKO/CRE	up	GO:0048519	negative regulation of biological process	ENSMUSG00000024803	Ankrd1
cKO/CRE	up	GO:0048519	negative regulation of biological process	ENSMUSG00000024517	Grp
cKO/CRE	up	GO:0048519	negative regulation of biological process	ENSMUSG00000031383	Dusp9
cKO/CRE	up	GO:0048519	negative regulation of biological process	ENSMUSG00000038676	Ucn
cKO/CRE	up	GO:0048519	negative regulation of biological process	ENSMUSG00000037411	Serpine1
cKO/CRE	up	GO:0065007	biological regulation	ENSMUSG00000073680	Tmem88b
cKO/CRE	up	GO:0065007	biological regulation	ENSMUSG00000037428	Vgf
cKO/CRE	up	GO:0065007	biological regulation	ENSMUSG00000042816	Gpr151
cKO/CRE	up	GO:0065007	biological regulation	ENSMUSG00000046223	Plaur
cKO/CRE	up	GO:0065007	biological regulation	ENSMUSG00000030898	Cckbr
cKO/CRE	up	GO:0065007	biological regulation	ENSMUSG00000031074	Fgf3
cKO/CRE	up	GO:0065007	biological regulation	ENSMUSG00000027611	Procr
cKO/CRE	up	GO:0065007	biological regulation	ENSMUSG00000078532	Nkain1
cKO/CRE	up	GO:0065007	biological regulation	ENSMUSG00000024883	Rin1
cKO/CRE	up	GO:0065007	biological regulation	ENSMUSG00000039364	Sectm1b
cKO/CRE	up	GO:0065007	biological regulation	ENSMUSG00000025746	Il6
cKO/CRE	up	GO:0065007	biological regulation	ENSMUSG00000023387	Kcnk16
cKO/CRE	up	GO:0065007	biological regulation	ENSMUSG00000061039	Or8b53
cKO/CRE	up	GO:0065007	biological regulation	ENSMUSG00000044667	Plppr4
cKO/CRE	up	GO:0065007	biological regulation	ENSMUSG00000015316	Slamf1
cKO/CRE	up	GO:0065007	biological regulation	ENSMUSG00000026247	Ecel1
cKO/CRE	up	GO:0065007	biological regulation	ENSMUSG00000054136	Adm2
cKO/CRE	up	GO:0065007	biological regulation	ENSMUSG00000030223	ENSMUSG00000030223
cKO/CRE	up	GO:0065007	biological regulation	ENSMUSG00000024803	Ankrd1
cKO/CRE	up	GO:0065007	biological regulation	ENSMUSG00000025279	ENSMUSG00000025279
cKO/CRE	up	GO:0065007	biological regulation	ENSMUSG00000067006	ENSMUSG00000067006
cKO/CRE	up	GO:0065007	biological regulation	ENSMUSG00000024517	Grp
cKO/CRE	up	GO:0065007	biological regulation	ENSMUSG00000028602	Tnfrsf8
cKO/CRE	up	GO:0065007	biological regulation	ENSMUSG00000031383	Dusp9
cKO/CRE	up	GO:0065007	biological regulation	ENSMUSG00000058354	Krt6a
cKO/CRE	up	GO:0065007	biological regulation	ENSMUSG00000061947	ENSMUSG00000061947
cKO/CRE	up	GO:0065007	biological regulation	ENSMUSG00000038676	Ucn
cKO/CRE	up	GO:0065007	biological regulation	ENSMUSG00000037411	Serpine1
cKO/CRE	up	GO:0065007	biological regulation	ENSMUSG00000051209	ENSMUSG00000051209
cKO/CRE	up	GO:0051234	establishment of localization	ENSMUSG00000037428	Vgf
cKO/CRE	up	GO:0051234	establishment of localization	ENSMUSG00000042816	Gpr151
cKO/CRE	up	GO:0051234	establishment of localization	ENSMUSG00000030898	Cckbr
cKO/CRE	up	GO:0051234	establishment of localization	ENSMUSG00000078532	Nkain1
cKO/CRE	up	GO:0051234	establishment of localization	ENSMUSG00000024883	Rin1
cKO/CRE	up	GO:0051234	establishment of localization	ENSMUSG00000029321	Slc10a6
cKO/CRE	up	GO:0051234	establishment of localization	ENSMUSG00000025746	Il6
cKO/CRE	up	GO:0051234	establishment of localization	ENSMUSG00000023387	Kcnk16
cKO/CRE	up	GO:0051234	establishment of localization	ENSMUSG00000044667	Plppr4
cKO/CRE	up	GO:0051234	establishment of localization	ENSMUSG00000015316	Slamf1
cKO/CRE	up	GO:0051234	establishment of localization	ENSMUSG00000028255	Clca1
cKO/CRE	up	GO:0051234	establishment of localization	ENSMUSG00000024803	Ankrd1
cKO/CRE	up	GO:0051234	establishment of localization	ENSMUSG00000024517	Grp
cKO/CRE	up	GO:0051234	establishment of localization	ENSMUSG00000038676	Ucn
cKO/CRE	up	GO:0051234	establishment of localization	ENSMUSG00000037411	Serpine1
cKO/CRE	up	GO:0051234	establishment of localization	ENSMUSG00000051209	ENSMUSG00000051209
cKO/CRE	up	GO:0051234	establishment of localization	ENSMUSG00000038115	ENSMUSG00000038115
cKO/CRE	up	GO:0048856	anatomical structure development	ENSMUSG00000037428	Vgf
cKO/CRE	up	GO:0048856	anatomical structure development	ENSMUSG00000046223	Plaur
cKO/CRE	up	GO:0048856	anatomical structure development	ENSMUSG00000030898	Cckbr
cKO/CRE	up	GO:0048856	anatomical structure development	ENSMUSG00000031074	Fgf3
cKO/CRE	up	GO:0048856	anatomical structure development	ENSMUSG00000025746	Il6
cKO/CRE	up	GO:0048856	anatomical structure development	ENSMUSG00000044667	Plppr4
cKO/CRE	up	GO:0048856	anatomical structure development	ENSMUSG00000015316	Slamf1
cKO/CRE	up	GO:0048856	anatomical structure development	ENSMUSG00000103523	2210017I01Rik
cKO/CRE	up	GO:0048856	anatomical structure development	ENSMUSG00000054136	Adm2
cKO/CRE	up	GO:0048856	anatomical structure development	ENSMUSG00000030223	ENSMUSG00000030223
cKO/CRE	up	GO:0048856	anatomical structure development	ENSMUSG00000024803	Ankrd1
cKO/CRE	up	GO:0048856	anatomical structure development	ENSMUSG00000025279	ENSMUSG00000025279
cKO/CRE	up	GO:0048856	anatomical structure development	ENSMUSG00000067006	ENSMUSG00000067006
cKO/CRE	up	GO:0048856	anatomical structure development	ENSMUSG00000027919	Lce1g
cKO/CRE	up	GO:0048856	anatomical structure development	ENSMUSG00000058354	Krt6a
cKO/CRE	up	GO:0048856	anatomical structure development	ENSMUSG00000061947	ENSMUSG00000061947
cKO/CRE	up	GO:0048856	anatomical structure development	ENSMUSG00000038676	Ucn
cKO/CRE	up	GO:0048856	anatomical structure development	ENSMUSG00000037411	Serpine1
cKO/CRE	up	GO:0006810	transport	ENSMUSG00000037428	Vgf
cKO/CRE	up	GO:0006810	transport	ENSMUSG00000042816	Gpr151
cKO/CRE	up	GO:0006810	transport	ENSMUSG00000030898	Cckbr
cKO/CRE	up	GO:0006810	transport	ENSMUSG00000078532	Nkain1
cKO/CRE	up	GO:0006810	transport	ENSMUSG00000024883	Rin1
cKO/CRE	up	GO:0006810	transport	ENSMUSG00000029321	Slc10a6
cKO/CRE	up	GO:0006810	transport	ENSMUSG00000025746	Il6
cKO/CRE	up	GO:0006810	transport	ENSMUSG00000023387	Kcnk16
cKO/CRE	up	GO:0006810	transport	ENSMUSG00000044667	Plppr4
cKO/CRE	up	GO:0006810	transport	ENSMUSG00000015316	Slamf1
cKO/CRE	up	GO:0006810	transport	ENSMUSG00000028255	Clca1
cKO/CRE	up	GO:0006810	transport	ENSMUSG00000024803	Ankrd1
cKO/CRE	up	GO:0006810	transport	ENSMUSG00000024517	Grp
cKO/CRE	up	GO:0006810	transport	ENSMUSG00000038676	Ucn
cKO/CRE	up	GO:0006810	transport	ENSMUSG00000037411	Serpine1
cKO/CRE	up	GO:0006810	transport	ENSMUSG00000051209	ENSMUSG00000051209
cKO/CRE	up	GO:0006810	transport	ENSMUSG00000038115	ENSMUSG00000038115
cKO/CRE	up	GO:0019538	protein metabolic process	ENSMUSG00000046223	Plaur
cKO/CRE	up	GO:0019538	protein metabolic process	ENSMUSG00000025746	Il6
cKO/CRE	up	GO:0019538	protein metabolic process	ENSMUSG00000026247	Ecel1
cKO/CRE	up	GO:0019538	protein metabolic process	ENSMUSG00000028255	Clca1
cKO/CRE	up	GO:0019538	protein metabolic process	ENSMUSG00000030223	ENSMUSG00000030223
cKO/CRE	up	GO:0019538	protein metabolic process	ENSMUSG00000031383	Dusp9
cKO/CRE	up	GO:0019538	protein metabolic process	ENSMUSG00000038676	Ucn
cKO/CRE	up	GO:0019538	protein metabolic process	ENSMUSG00000037411	Serpine1
cKO/CRE	up	GO:0032502	developmental process	ENSMUSG00000037428	Vgf
cKO/CRE	up	GO:0032502	developmental process	ENSMUSG00000046223	Plaur
cKO/CRE	up	GO:0032502	developmental process	ENSMUSG00000030898	Cckbr
cKO/CRE	up	GO:0032502	developmental process	ENSMUSG00000031074	Fgf3
cKO/CRE	up	GO:0032502	developmental process	ENSMUSG00000025746	Il6
cKO/CRE	up	GO:0032502	developmental process	ENSMUSG00000044667	Plppr4
cKO/CRE	up	GO:0032502	developmental process	ENSMUSG00000015316	Slamf1
cKO/CRE	up	GO:0032502	developmental process	ENSMUSG00000103523	2210017I01Rik
cKO/CRE	up	GO:0032502	developmental process	ENSMUSG00000054136	Adm2
cKO/CRE	up	GO:0032502	developmental process	ENSMUSG00000030223	ENSMUSG00000030223
cKO/CRE	up	GO:0032502	developmental process	ENSMUSG00000024803	Ankrd1
cKO/CRE	up	GO:0032502	developmental process	ENSMUSG00000025279	ENSMUSG00000025279
cKO/CRE	up	GO:0032502	developmental process	ENSMUSG00000067006	ENSMUSG00000067006
cKO/CRE	up	GO:0032502	developmental process	ENSMUSG00000027919	Lce1g
cKO/CRE	up	GO:0032502	developmental process	ENSMUSG00000058354	Krt6a
cKO/CRE	up	GO:0032502	developmental process	ENSMUSG00000061947	ENSMUSG00000061947
cKO/CRE	up	GO:0032502	developmental process	ENSMUSG00000038676	Ucn
cKO/CRE	up	GO:0032502	developmental process	ENSMUSG00000037411	Serpine1
cKO/CRE	up	GO:0048731	system development	ENSMUSG00000037428	Vgf
cKO/CRE	up	GO:0048731	system development	ENSMUSG00000046223	Plaur
cKO/CRE	up	GO:0048731	system development	ENSMUSG00000030898	Cckbr
cKO/CRE	up	GO:0048731	system development	ENSMUSG00000031074	Fgf3
cKO/CRE	up	GO:0048731	system development	ENSMUSG00000025746	Il6
cKO/CRE	up	GO:0048731	system development	ENSMUSG00000044667	Plppr4
cKO/CRE	up	GO:0048731	system development	ENSMUSG00000054136	Adm2
cKO/CRE	up	GO:0048731	system development	ENSMUSG00000030223	ENSMUSG00000030223
cKO/CRE	up	GO:0048731	system development	ENSMUSG00000024803	Ankrd1
cKO/CRE	up	GO:0048731	system development	ENSMUSG00000067006	ENSMUSG00000067006
cKO/CRE	up	GO:0048731	system development	ENSMUSG00000061947	ENSMUSG00000061947
cKO/CRE	up	GO:0048731	system development	ENSMUSG00000038676	Ucn
cKO/CRE	up	GO:0048731	system development	ENSMUSG00000037411	Serpine1
cKO/CRE	up	GO:0007275	multicellular organism development	ENSMUSG00000037428	Vgf
cKO/CRE	up	GO:0007275	multicellular organism development	ENSMUSG00000046223	Plaur
cKO/CRE	up	GO:0007275	multicellular organism development	ENSMUSG00000030898	Cckbr
cKO/CRE	up	GO:0007275	multicellular organism development	ENSMUSG00000031074	Fgf3
cKO/CRE	up	GO:0007275	multicellular organism development	ENSMUSG00000025746	Il6
cKO/CRE	up	GO:0007275	multicellular organism development	ENSMUSG00000044667	Plppr4
cKO/CRE	up	GO:0007275	multicellular organism development	ENSMUSG00000054136	Adm2
cKO/CRE	up	GO:0007275	multicellular organism development	ENSMUSG00000030223	ENSMUSG00000030223
cKO/CRE	up	GO:0007275	multicellular organism development	ENSMUSG00000024803	Ankrd1
cKO/CRE	up	GO:0007275	multicellular organism development	ENSMUSG00000067006	ENSMUSG00000067006
cKO/CRE	up	GO:0007275	multicellular organism development	ENSMUSG00000061947	ENSMUSG00000061947
cKO/CRE	up	GO:0007275	multicellular organism development	ENSMUSG00000038676	Ucn
cKO/CRE	up	GO:0007275	multicellular organism development	ENSMUSG00000037411	Serpine1
cKO/CRE	up	GO:0050789	regulation of biological process	ENSMUSG00000073680	Tmem88b
cKO/CRE	up	GO:0050789	regulation of biological process	ENSMUSG00000037428	Vgf
cKO/CRE	up	GO:0050789	regulation of biological process	ENSMUSG00000042816	Gpr151
cKO/CRE	up	GO:0050789	regulation of biological process	ENSMUSG00000046223	Plaur
cKO/CRE	up	GO:0050789	regulation of biological process	ENSMUSG00000030898	Cckbr
cKO/CRE	up	GO:0050789	regulation of biological process	ENSMUSG00000031074	Fgf3
cKO/CRE	up	GO:0050789	regulation of biological process	ENSMUSG00000027611	Procr
cKO/CRE	up	GO:0050789	regulation of biological process	ENSMUSG00000078532	Nkain1
cKO/CRE	up	GO:0050789	regulation of biological process	ENSMUSG00000024883	Rin1
cKO/CRE	up	GO:0050789	regulation of biological process	ENSMUSG00000039364	Sectm1b
cKO/CRE	up	GO:0050789	regulation of biological process	ENSMUSG00000025746	Il6
cKO/CRE	up	GO:0050789	regulation of biological process	ENSMUSG00000061039	Or8b53
cKO/CRE	up	GO:0050789	regulation of biological process	ENSMUSG00000044667	Plppr4
cKO/CRE	up	GO:0050789	regulation of biological process	ENSMUSG00000015316	Slamf1
cKO/CRE	up	GO:0050789	regulation of biological process	ENSMUSG00000026247	Ecel1
cKO/CRE	up	GO:0050789	regulation of biological process	ENSMUSG00000054136	Adm2
cKO/CRE	up	GO:0050789	regulation of biological process	ENSMUSG00000030223	ENSMUSG00000030223
cKO/CRE	up	GO:0050789	regulation of biological process	ENSMUSG00000024803	Ankrd1
cKO/CRE	up	GO:0050789	regulation of biological process	ENSMUSG00000025279	ENSMUSG00000025279
cKO/CRE	up	GO:0050789	regulation of biological process	ENSMUSG00000067006	ENSMUSG00000067006
cKO/CRE	up	GO:0050789	regulation of biological process	ENSMUSG00000024517	Grp
cKO/CRE	up	GO:0050789	regulation of biological process	ENSMUSG00000028602	Tnfrsf8
cKO/CRE	up	GO:0050789	regulation of biological process	ENSMUSG00000031383	Dusp9
cKO/CRE	up	GO:0050789	regulation of biological process	ENSMUSG00000058354	Krt6a
cKO/CRE	up	GO:0050789	regulation of biological process	ENSMUSG00000038676	Ucn
cKO/CRE	up	GO:0050789	regulation of biological process	ENSMUSG00000037411	Serpine1
cKO/CRE	up	GO:0050789	regulation of biological process	ENSMUSG00000051209	ENSMUSG00000051209
cKO/CRE	up	GO:0006950	response to stress	ENSMUSG00000037428	Vgf
cKO/CRE	up	GO:0006950	response to stress	ENSMUSG00000046223	Plaur
cKO/CRE	up	GO:0006950	response to stress	ENSMUSG00000030898	Cckbr
cKO/CRE	up	GO:0006950	response to stress	ENSMUSG00000027611	Procr
cKO/CRE	up	GO:0006950	response to stress	ENSMUSG00000025746	Il6
cKO/CRE	up	GO:0006950	response to stress	ENSMUSG00000034783	Cd207
cKO/CRE	up	GO:0006950	response to stress	ENSMUSG00000015316	Slamf1
cKO/CRE	up	GO:0006950	response to stress	ENSMUSG00000028255	Clca1
cKO/CRE	up	GO:0006950	response to stress	ENSMUSG00000024803	Ankrd1
cKO/CRE	up	GO:0006950	response to stress	ENSMUSG00000025279	ENSMUSG00000025279
cKO/CRE	up	GO:0006950	response to stress	ENSMUSG00000024517	Grp
cKO/CRE	up	GO:0006950	response to stress	ENSMUSG00000076434	ENSMUSG00000076434
cKO/CRE	up	GO:0006950	response to stress	ENSMUSG00000058354	Krt6a
cKO/CRE	up	GO:0006950	response to stress	ENSMUSG00000061947	ENSMUSG00000061947
cKO/CRE	up	GO:0006950	response to stress	ENSMUSG00000038676	Ucn
cKO/CRE	up	GO:0006950	response to stress	ENSMUSG00000050108	Bpifc
cKO/CRE	up	GO:0006950	response to stress	ENSMUSG00000037411	Serpine1
cKO/CRE	up	GO:0050794	regulation of cellular process	ENSMUSG00000073680	Tmem88b
cKO/CRE	up	GO:0050794	regulation of cellular process	ENSMUSG00000037428	Vgf
cKO/CRE	up	GO:0050794	regulation of cellular process	ENSMUSG00000042816	Gpr151
cKO/CRE	up	GO:0050794	regulation of cellular process	ENSMUSG00000046223	Plaur
cKO/CRE	up	GO:0050794	regulation of cellular process	ENSMUSG00000030898	Cckbr
cKO/CRE	up	GO:0050794	regulation of cellular process	ENSMUSG00000031074	Fgf3
cKO/CRE	up	GO:0050794	regulation of cellular process	ENSMUSG00000024883	Rin1
cKO/CRE	up	GO:0050794	regulation of cellular process	ENSMUSG00000039364	Sectm1b
cKO/CRE	up	GO:0050794	regulation of cellular process	ENSMUSG00000025746	Il6
cKO/CRE	up	GO:0050794	regulation of cellular process	ENSMUSG00000061039	Or8b53
cKO/CRE	up	GO:0050794	regulation of cellular process	ENSMUSG00000044667	Plppr4
cKO/CRE	up	GO:0050794	regulation of cellular process	ENSMUSG00000015316	Slamf1
cKO/CRE	up	GO:0050794	regulation of cellular process	ENSMUSG00000026247	Ecel1
cKO/CRE	up	GO:0050794	regulation of cellular process	ENSMUSG00000054136	Adm2
cKO/CRE	up	GO:0050794	regulation of cellular process	ENSMUSG00000030223	ENSMUSG00000030223
cKO/CRE	up	GO:0050794	regulation of cellular process	ENSMUSG00000024803	Ankrd1
cKO/CRE	up	GO:0050794	regulation of cellular process	ENSMUSG00000025279	ENSMUSG00000025279
cKO/CRE	up	GO:0050794	regulation of cellular process	ENSMUSG00000067006	ENSMUSG00000067006
cKO/CRE	up	GO:0050794	regulation of cellular process	ENSMUSG00000024517	Grp
cKO/CRE	up	GO:0050794	regulation of cellular process	ENSMUSG00000028602	Tnfrsf8
cKO/CRE	up	GO:0050794	regulation of cellular process	ENSMUSG00000031383	Dusp9
cKO/CRE	up	GO:0050794	regulation of cellular process	ENSMUSG00000058354	Krt6a
cKO/CRE	up	GO:0050794	regulation of cellular process	ENSMUSG00000038676	Ucn
cKO/CRE	up	GO:0050794	regulation of cellular process	ENSMUSG00000037411	Serpine1
cKO/CRE	up	GO:0050794	regulation of cellular process	ENSMUSG00000051209	ENSMUSG00000051209
cKO/CRE	up	GO:0048583	regulation of response to stimulus	ENSMUSG00000073680	Tmem88b
cKO/CRE	up	GO:0048583	regulation of response to stimulus	ENSMUSG00000046223	Plaur
cKO/CRE	up	GO:0048583	regulation of response to stimulus	ENSMUSG00000030898	Cckbr
cKO/CRE	up	GO:0048583	regulation of response to stimulus	ENSMUSG00000025746	Il6
cKO/CRE	up	GO:0048583	regulation of response to stimulus	ENSMUSG00000015316	Slamf1
cKO/CRE	up	GO:0048583	regulation of response to stimulus	ENSMUSG00000030223	ENSMUSG00000030223
cKO/CRE	up	GO:0048583	regulation of response to stimulus	ENSMUSG00000024803	Ankrd1
cKO/CRE	up	GO:0048583	regulation of response to stimulus	ENSMUSG00000025279	ENSMUSG00000025279
cKO/CRE	up	GO:0048583	regulation of response to stimulus	ENSMUSG00000024517	Grp
cKO/CRE	up	GO:0048583	regulation of response to stimulus	ENSMUSG00000031383	Dusp9
cKO/CRE	up	GO:0048583	regulation of response to stimulus	ENSMUSG00000038676	Ucn
cKO/CRE	up	GO:0048583	regulation of response to stimulus	ENSMUSG00000037411	Serpine1
cKO/CRE	up	GO:0035556	intracellular signal transduction	ENSMUSG00000046223	Plaur
cKO/CRE	up	GO:0035556	intracellular signal transduction	ENSMUSG00000030898	Cckbr
cKO/CRE	up	GO:0035556	intracellular signal transduction	ENSMUSG00000025746	Il6
cKO/CRE	up	GO:0035556	intracellular signal transduction	ENSMUSG00000015316	Slamf1
cKO/CRE	up	GO:0035556	intracellular signal transduction	ENSMUSG00000026247	Ecel1
cKO/CRE	up	GO:0035556	intracellular signal transduction	ENSMUSG00000024803	Ankrd1
cKO/CRE	up	GO:0035556	intracellular signal transduction	ENSMUSG00000031383	Dusp9
cKO/CRE	up	GO:0035556	intracellular signal transduction	ENSMUSG00000038676	Ucn
cKO/CRE	up	GO:0023051	regulation of signaling	ENSMUSG00000073680	Tmem88b
cKO/CRE	up	GO:0023051	regulation of signaling	ENSMUSG00000037428	Vgf
cKO/CRE	up	GO:0023051	regulation of signaling	ENSMUSG00000042816	Gpr151
cKO/CRE	up	GO:0023051	regulation of signaling	ENSMUSG00000046223	Plaur
cKO/CRE	up	GO:0023051	regulation of signaling	ENSMUSG00000030898	Cckbr
cKO/CRE	up	GO:0023051	regulation of signaling	ENSMUSG00000024883	Rin1
cKO/CRE	up	GO:0023051	regulation of signaling	ENSMUSG00000025746	Il6
cKO/CRE	up	GO:0023051	regulation of signaling	ENSMUSG00000044667	Plppr4
cKO/CRE	up	GO:0023051	regulation of signaling	ENSMUSG00000015316	Slamf1
cKO/CRE	up	GO:0023051	regulation of signaling	ENSMUSG00000030223	ENSMUSG00000030223
cKO/CRE	up	GO:0023051	regulation of signaling	ENSMUSG00000024803	Ankrd1
cKO/CRE	up	GO:0023051	regulation of signaling	ENSMUSG00000024517	Grp
cKO/CRE	up	GO:0023051	regulation of signaling	ENSMUSG00000031383	Dusp9
cKO/CRE	up	GO:0023051	regulation of signaling	ENSMUSG00000038676	Ucn
cKO/CRE	up	GO:0023051	regulation of signaling	ENSMUSG00000037411	Serpine1
cKO/CRE	up	GO:0010646	regulation of cell communication	ENSMUSG00000073680	Tmem88b
cKO/CRE	up	GO:0010646	regulation of cell communication	ENSMUSG00000037428	Vgf
cKO/CRE	up	GO:0010646	regulation of cell communication	ENSMUSG00000042816	Gpr151
cKO/CRE	up	GO:0010646	regulation of cell communication	ENSMUSG00000046223	Plaur
cKO/CRE	up	GO:0010646	regulation of cell communication	ENSMUSG00000030898	Cckbr
cKO/CRE	up	GO:0010646	regulation of cell communication	ENSMUSG00000024883	Rin1
cKO/CRE	up	GO:0010646	regulation of cell communication	ENSMUSG00000025746	Il6
cKO/CRE	up	GO:0010646	regulation of cell communication	ENSMUSG00000044667	Plppr4
cKO/CRE	up	GO:0010646	regulation of cell communication	ENSMUSG00000015316	Slamf1
cKO/CRE	up	GO:0010646	regulation of cell communication	ENSMUSG00000030223	ENSMUSG00000030223
cKO/CRE	up	GO:0010646	regulation of cell communication	ENSMUSG00000024803	Ankrd1
cKO/CRE	up	GO:0010646	regulation of cell communication	ENSMUSG00000024517	Grp
cKO/CRE	up	GO:0010646	regulation of cell communication	ENSMUSG00000031383	Dusp9
cKO/CRE	up	GO:0010646	regulation of cell communication	ENSMUSG00000038676	Ucn
cKO/CRE	up	GO:0010646	regulation of cell communication	ENSMUSG00000037411	Serpine1
cKO/CRE	up	GO:0050896	response to stimulus	ENSMUSG00000073680	Tmem88b
cKO/CRE	up	GO:0050896	response to stimulus	ENSMUSG00000037428	Vgf
cKO/CRE	up	GO:0050896	response to stimulus	ENSMUSG00000042816	Gpr151
cKO/CRE	up	GO:0050896	response to stimulus	ENSMUSG00000046223	Plaur
cKO/CRE	up	GO:0050896	response to stimulus	ENSMUSG00000030898	Cckbr
cKO/CRE	up	GO:0050896	response to stimulus	ENSMUSG00000031074	Fgf3
cKO/CRE	up	GO:0050896	response to stimulus	ENSMUSG00000027611	Procr
cKO/CRE	up	GO:0050896	response to stimulus	ENSMUSG00000024883	Rin1
cKO/CRE	up	GO:0050896	response to stimulus	ENSMUSG00000039364	Sectm1b
cKO/CRE	up	GO:0050896	response to stimulus	ENSMUSG00000025746	Il6
cKO/CRE	up	GO:0050896	response to stimulus	ENSMUSG00000061039	Or8b53
cKO/CRE	up	GO:0050896	response to stimulus	ENSMUSG00000044667	Plppr4
cKO/CRE	up	GO:0050896	response to stimulus	ENSMUSG00000034783	Cd207
cKO/CRE	up	GO:0050896	response to stimulus	ENSMUSG00000015316	Slamf1
cKO/CRE	up	GO:0050896	response to stimulus	ENSMUSG00000026247	Ecel1
cKO/CRE	up	GO:0050896	response to stimulus	ENSMUSG00000054136	Adm2
cKO/CRE	up	GO:0050896	response to stimulus	ENSMUSG00000028255	Clca1
cKO/CRE	up	GO:0050896	response to stimulus	ENSMUSG00000030223	ENSMUSG00000030223
cKO/CRE	up	GO:0050896	response to stimulus	ENSMUSG00000024803	Ankrd1
cKO/CRE	up	GO:0050896	response to stimulus	ENSMUSG00000025279	ENSMUSG00000025279
cKO/CRE	up	GO:0050896	response to stimulus	ENSMUSG00000024517	Grp
cKO/CRE	up	GO:0050896	response to stimulus	ENSMUSG00000028602	Tnfrsf8
cKO/CRE	up	GO:0050896	response to stimulus	ENSMUSG00000031383	Dusp9
cKO/CRE	up	GO:0050896	response to stimulus	ENSMUSG00000076434	ENSMUSG00000076434
cKO/CRE	up	GO:0050896	response to stimulus	ENSMUSG00000058354	Krt6a
cKO/CRE	up	GO:0050896	response to stimulus	ENSMUSG00000061947	ENSMUSG00000061947
cKO/CRE	up	GO:0050896	response to stimulus	ENSMUSG00000038676	Ucn
cKO/CRE	up	GO:0050896	response to stimulus	ENSMUSG00000050108	Bpifc
cKO/CRE	up	GO:0050896	response to stimulus	ENSMUSG00000037411	Serpine1
cKO/CRE	up	GO:0050896	response to stimulus	ENSMUSG00000051209	ENSMUSG00000051209
cKO/CRE	up	GO:0006796	phosphate-containing compound metabolic process	ENSMUSG00000025746	Il6
cKO/CRE	up	GO:0006796	phosphate-containing compound metabolic process	ENSMUSG00000044667	Plppr4
cKO/CRE	up	GO:0006796	phosphate-containing compound metabolic process	ENSMUSG00000030223	ENSMUSG00000030223
cKO/CRE	up	GO:0006796	phosphate-containing compound metabolic process	ENSMUSG00000031383	Dusp9
cKO/CRE	up	GO:0006796	phosphate-containing compound metabolic process	ENSMUSG00000038676	Ucn
cKO/CRE	up	GO:0009893	positive regulation of metabolic process	ENSMUSG00000025746	Il6
cKO/CRE	up	GO:0009893	positive regulation of metabolic process	ENSMUSG00000015316	Slamf1
cKO/CRE	up	GO:0009893	positive regulation of metabolic process	ENSMUSG00000054136	Adm2
cKO/CRE	up	GO:0009893	positive regulation of metabolic process	ENSMUSG00000024803	Ankrd1
cKO/CRE	up	GO:0009893	positive regulation of metabolic process	ENSMUSG00000038676	Ucn
cKO/CRE	up	GO:0009893	positive regulation of metabolic process	ENSMUSG00000037411	Serpine1
cKO/CRE	up	GO:0065008	regulation of biological quality	ENSMUSG00000037428	Vgf
cKO/CRE	up	GO:0065008	regulation of biological quality	ENSMUSG00000046223	Plaur
cKO/CRE	up	GO:0065008	regulation of biological quality	ENSMUSG00000030898	Cckbr
cKO/CRE	up	GO:0065008	regulation of biological quality	ENSMUSG00000027611	Procr
cKO/CRE	up	GO:0065008	regulation of biological quality	ENSMUSG00000024883	Rin1
cKO/CRE	up	GO:0065008	regulation of biological quality	ENSMUSG00000025746	Il6
cKO/CRE	up	GO:0065008	regulation of biological quality	ENSMUSG00000023387	Kcnk16
cKO/CRE	up	GO:0065008	regulation of biological quality	ENSMUSG00000044667	Plppr4
cKO/CRE	up	GO:0065008	regulation of biological quality	ENSMUSG00000054136	Adm2
cKO/CRE	up	GO:0065008	regulation of biological quality	ENSMUSG00000030223	ENSMUSG00000030223
cKO/CRE	up	GO:0065008	regulation of biological quality	ENSMUSG00000024517	Grp
cKO/CRE	up	GO:0065008	regulation of biological quality	ENSMUSG00000061947	ENSMUSG00000061947
cKO/CRE	up	GO:0065008	regulation of biological quality	ENSMUSG00000038676	Ucn
cKO/CRE	up	GO:0065008	regulation of biological quality	ENSMUSG00000037411	Serpine1
cKO/CRE	up	GO:0065008	regulation of biological quality	ENSMUSG00000051209	ENSMUSG00000051209
cKO/CRE	up	GO:0006793	phosphorus metabolic process	ENSMUSG00000025746	Il6
cKO/CRE	up	GO:0006793	phosphorus metabolic process	ENSMUSG00000044667	Plppr4
cKO/CRE	up	GO:0006793	phosphorus metabolic process	ENSMUSG00000030223	ENSMUSG00000030223
cKO/CRE	up	GO:0006793	phosphorus metabolic process	ENSMUSG00000031383	Dusp9
cKO/CRE	up	GO:0006793	phosphorus metabolic process	ENSMUSG00000038676	Ucn
cKO/CRE	up	GO:0030154	cell differentiation	ENSMUSG00000046223	Plaur
cKO/CRE	up	GO:0030154	cell differentiation	ENSMUSG00000031074	Fgf3
cKO/CRE	up	GO:0030154	cell differentiation	ENSMUSG00000025746	Il6
cKO/CRE	up	GO:0030154	cell differentiation	ENSMUSG00000044667	Plppr4
cKO/CRE	up	GO:0030154	cell differentiation	ENSMUSG00000015316	Slamf1
cKO/CRE	up	GO:0030154	cell differentiation	ENSMUSG00000103523	2210017I01Rik
cKO/CRE	up	GO:0030154	cell differentiation	ENSMUSG00000030223	ENSMUSG00000030223
cKO/CRE	up	GO:0030154	cell differentiation	ENSMUSG00000024803	Ankrd1
cKO/CRE	up	GO:0030154	cell differentiation	ENSMUSG00000025279	ENSMUSG00000025279
cKO/CRE	up	GO:0030154	cell differentiation	ENSMUSG00000027919	Lce1g
cKO/CRE	up	GO:0030154	cell differentiation	ENSMUSG00000058354	Krt6a
cKO/CRE	up	GO:0030154	cell differentiation	ENSMUSG00000038676	Ucn
cKO/CRE	up	GO:0030154	cell differentiation	ENSMUSG00000037411	Serpine1
cKO/CRE	up	GO:0048869	cellular developmental process	ENSMUSG00000046223	Plaur
cKO/CRE	up	GO:0048869	cellular developmental process	ENSMUSG00000031074	Fgf3
cKO/CRE	up	GO:0048869	cellular developmental process	ENSMUSG00000025746	Il6
cKO/CRE	up	GO:0048869	cellular developmental process	ENSMUSG00000044667	Plppr4
cKO/CRE	up	GO:0048869	cellular developmental process	ENSMUSG00000015316	Slamf1
cKO/CRE	up	GO:0048869	cellular developmental process	ENSMUSG00000103523	2210017I01Rik
cKO/CRE	up	GO:0048869	cellular developmental process	ENSMUSG00000030223	ENSMUSG00000030223
cKO/CRE	up	GO:0048869	cellular developmental process	ENSMUSG00000024803	Ankrd1
cKO/CRE	up	GO:0048869	cellular developmental process	ENSMUSG00000025279	ENSMUSG00000025279
cKO/CRE	up	GO:0048869	cellular developmental process	ENSMUSG00000027919	Lce1g
cKO/CRE	up	GO:0048869	cellular developmental process	ENSMUSG00000058354	Krt6a
cKO/CRE	up	GO:0048869	cellular developmental process	ENSMUSG00000038676	Ucn
cKO/CRE	up	GO:0048869	cellular developmental process	ENSMUSG00000037411	Serpine1
cKO/CRE	up	GO:0009966	regulation of signal transduction	ENSMUSG00000073680	Tmem88b
cKO/CRE	up	GO:0009966	regulation of signal transduction	ENSMUSG00000046223	Plaur
cKO/CRE	up	GO:0009966	regulation of signal transduction	ENSMUSG00000025746	Il6
cKO/CRE	up	GO:0009966	regulation of signal transduction	ENSMUSG00000015316	Slamf1
cKO/CRE	up	GO:0009966	regulation of signal transduction	ENSMUSG00000030223	ENSMUSG00000030223
cKO/CRE	up	GO:0009966	regulation of signal transduction	ENSMUSG00000024803	Ankrd1
cKO/CRE	up	GO:0009966	regulation of signal transduction	ENSMUSG00000024517	Grp
cKO/CRE	up	GO:0009966	regulation of signal transduction	ENSMUSG00000031383	Dusp9
cKO/CRE	up	GO:0009966	regulation of signal transduction	ENSMUSG00000038676	Ucn
cKO/CRE	up	GO:0009966	regulation of signal transduction	ENSMUSG00000037411	Serpine1
cKO/CRE	up	GO:0008219	cell death	ENSMUSG00000046223	Plaur
cKO/CRE	up	GO:0008219	cell death	ENSMUSG00000025746	Il6
cKO/CRE	up	GO:0008219	cell death	ENSMUSG00000024803	Ankrd1
cKO/CRE	up	GO:0008219	cell death	ENSMUSG00000025279	ENSMUSG00000025279
cKO/CRE	up	GO:0008219	cell death	ENSMUSG00000024517	Grp
cKO/CRE	up	GO:0008219	cell death	ENSMUSG00000038676	Ucn
cKO/CRE	up	GO:0008219	cell death	ENSMUSG00000037411	Serpine1
cKO/CRE	up	GO:0012501	programmed cell death	ENSMUSG00000046223	Plaur
cKO/CRE	up	GO:0012501	programmed cell death	ENSMUSG00000025746	Il6
cKO/CRE	up	GO:0012501	programmed cell death	ENSMUSG00000024803	Ankrd1
cKO/CRE	up	GO:0012501	programmed cell death	ENSMUSG00000025279	ENSMUSG00000025279
cKO/CRE	up	GO:0012501	programmed cell death	ENSMUSG00000024517	Grp
cKO/CRE	up	GO:0012501	programmed cell death	ENSMUSG00000038676	Ucn
cKO/CRE	up	GO:0012501	programmed cell death	ENSMUSG00000037411	Serpine1
cKO/CRE	up	GO:0032879	regulation of localization	ENSMUSG00000042816	Gpr151
cKO/CRE	up	GO:0032879	regulation of localization	ENSMUSG00000030898	Cckbr
cKO/CRE	up	GO:0032879	regulation of localization	ENSMUSG00000078532	Nkain1
cKO/CRE	up	GO:0032879	regulation of localization	ENSMUSG00000025746	Il6
cKO/CRE	up	GO:0032879	regulation of localization	ENSMUSG00000015316	Slamf1
cKO/CRE	up	GO:0032879	regulation of localization	ENSMUSG00000024803	Ankrd1
cKO/CRE	up	GO:0032879	regulation of localization	ENSMUSG00000024517	Grp
cKO/CRE	up	GO:0032879	regulation of localization	ENSMUSG00000038676	Ucn
cKO/CRE	up	GO:0032879	regulation of localization	ENSMUSG00000037411	Serpine1
cKO/CRE	up	GO:0006915	apoptotic process	ENSMUSG00000046223	Plaur
cKO/CRE	up	GO:0006915	apoptotic process	ENSMUSG00000025746	Il6
cKO/CRE	up	GO:0006915	apoptotic process	ENSMUSG00000024803	Ankrd1
cKO/CRE	up	GO:0006915	apoptotic process	ENSMUSG00000025279	ENSMUSG00000025279
cKO/CRE	up	GO:0006915	apoptotic process	ENSMUSG00000024517	Grp
cKO/CRE	up	GO:0006915	apoptotic process	ENSMUSG00000038676	Ucn
cKO/CRE	up	GO:0006915	apoptotic process	ENSMUSG00000037411	Serpine1
cKO/CRE	up	GO:0051239	regulation of multicellular organismal process	ENSMUSG00000046223	Plaur
cKO/CRE	up	GO:0051239	regulation of multicellular organismal process	ENSMUSG00000030898	Cckbr
cKO/CRE	up	GO:0051239	regulation of multicellular organismal process	ENSMUSG00000031074	Fgf3
cKO/CRE	up	GO:0051239	regulation of multicellular organismal process	ENSMUSG00000027611	Procr
cKO/CRE	up	GO:0051239	regulation of multicellular organismal process	ENSMUSG00000025746	Il6
cKO/CRE	up	GO:0051239	regulation of multicellular organismal process	ENSMUSG00000015316	Slamf1
cKO/CRE	up	GO:0051239	regulation of multicellular organismal process	ENSMUSG00000054136	Adm2
cKO/CRE	up	GO:0051239	regulation of multicellular organismal process	ENSMUSG00000030223	ENSMUSG00000030223
cKO/CRE	up	GO:0051239	regulation of multicellular organismal process	ENSMUSG00000024517	Grp
cKO/CRE	up	GO:0051239	regulation of multicellular organismal process	ENSMUSG00000038676	Ucn
cKO/CRE	up	GO:0051239	regulation of multicellular organismal process	ENSMUSG00000037411	Serpine1
cKO/CRE	up	GO:0009653	anatomical structure morphogenesis	ENSMUSG00000025746	Il6
cKO/CRE	up	GO:0009653	anatomical structure morphogenesis	ENSMUSG00000044667	Plppr4
cKO/CRE	up	GO:0009653	anatomical structure morphogenesis	ENSMUSG00000054136	Adm2
cKO/CRE	up	GO:0009653	anatomical structure morphogenesis	ENSMUSG00000030223	ENSMUSG00000030223
cKO/CRE	up	GO:0009653	anatomical structure morphogenesis	ENSMUSG00000024803	Ankrd1
cKO/CRE	up	GO:0009653	anatomical structure morphogenesis	ENSMUSG00000067006	ENSMUSG00000067006
cKO/CRE	up	GO:0009653	anatomical structure morphogenesis	ENSMUSG00000058354	Krt6a
cKO/CRE	up	GO:0009653	anatomical structure morphogenesis	ENSMUSG00000037411	Serpine1
cKO/CRE	up	GO:0032501	multicellular organismal process	ENSMUSG00000037428	Vgf
cKO/CRE	up	GO:0032501	multicellular organismal process	ENSMUSG00000046223	Plaur
cKO/CRE	up	GO:0032501	multicellular organismal process	ENSMUSG00000030898	Cckbr
cKO/CRE	up	GO:0032501	multicellular organismal process	ENSMUSG00000031074	Fgf3
cKO/CRE	up	GO:0032501	multicellular organismal process	ENSMUSG00000027611	Procr
cKO/CRE	up	GO:0032501	multicellular organismal process	ENSMUSG00000024883	Rin1
cKO/CRE	up	GO:0032501	multicellular organismal process	ENSMUSG00000025746	Il6
cKO/CRE	up	GO:0032501	multicellular organismal process	ENSMUSG00000061039	Or8b53
cKO/CRE	up	GO:0032501	multicellular organismal process	ENSMUSG00000044667	Plppr4
cKO/CRE	up	GO:0032501	multicellular organismal process	ENSMUSG00000015316	Slamf1
cKO/CRE	up	GO:0032501	multicellular organismal process	ENSMUSG00000026247	Ecel1
cKO/CRE	up	GO:0032501	multicellular organismal process	ENSMUSG00000103523	2210017I01Rik
cKO/CRE	up	GO:0032501	multicellular organismal process	ENSMUSG00000054136	Adm2
cKO/CRE	up	GO:0032501	multicellular organismal process	ENSMUSG00000030223	ENSMUSG00000030223
cKO/CRE	up	GO:0032501	multicellular organismal process	ENSMUSG00000024803	Ankrd1
cKO/CRE	up	GO:0032501	multicellular organismal process	ENSMUSG00000025279	ENSMUSG00000025279
cKO/CRE	up	GO:0032501	multicellular organismal process	ENSMUSG00000067006	ENSMUSG00000067006
cKO/CRE	up	GO:0032501	multicellular organismal process	ENSMUSG00000027919	Lce1g
cKO/CRE	up	GO:0032501	multicellular organismal process	ENSMUSG00000024517	Grp
cKO/CRE	up	GO:0032501	multicellular organismal process	ENSMUSG00000058354	Krt6a
cKO/CRE	up	GO:0032501	multicellular organismal process	ENSMUSG00000061947	ENSMUSG00000061947
cKO/CRE	up	GO:0032501	multicellular organismal process	ENSMUSG00000038676	Ucn
cKO/CRE	up	GO:0032501	multicellular organismal process	ENSMUSG00000037411	Serpine1
cKO/CRE	up	GO:0010604	positive regulation of macromolecule metabolic process	ENSMUSG00000025746	Il6
cKO/CRE	up	GO:0010604	positive regulation of macromolecule metabolic process	ENSMUSG00000015316	Slamf1
cKO/CRE	up	GO:0010604	positive regulation of macromolecule metabolic process	ENSMUSG00000054136	Adm2
cKO/CRE	up	GO:0010604	positive regulation of macromolecule metabolic process	ENSMUSG00000024803	Ankrd1
cKO/CRE	up	GO:0010604	positive regulation of macromolecule metabolic process	ENSMUSG00000038676	Ucn
cKO/CRE	up	GO:0010604	positive regulation of macromolecule metabolic process	ENSMUSG00000037411	Serpine1
cKO/CRE	up	GO:0051641	cellular localization	ENSMUSG00000037428	Vgf
cKO/CRE	up	GO:0051641	cellular localization	ENSMUSG00000042816	Gpr151
cKO/CRE	up	GO:0051641	cellular localization	ENSMUSG00000025746	Il6
cKO/CRE	up	GO:0051641	cellular localization	ENSMUSG00000024803	Ankrd1
cKO/CRE	up	GO:0051641	cellular localization	ENSMUSG00000024517	Grp
cKO/CRE	up	GO:0051641	cellular localization	ENSMUSG00000051209	ENSMUSG00000051209
cKO/CRE	up	GO:0051641	cellular localization	ENSMUSG00000038115	ENSMUSG00000038115
cKO/CRE	up	GO:0080090	regulation of primary metabolic process	ENSMUSG00000046223	Plaur
cKO/CRE	up	GO:0080090	regulation of primary metabolic process	ENSMUSG00000025746	Il6
cKO/CRE	up	GO:0080090	regulation of primary metabolic process	ENSMUSG00000030223	ENSMUSG00000030223
cKO/CRE	up	GO:0080090	regulation of primary metabolic process	ENSMUSG00000024803	Ankrd1
cKO/CRE	up	GO:0080090	regulation of primary metabolic process	ENSMUSG00000038676	Ucn
cKO/CRE	up	GO:0080090	regulation of primary metabolic process	ENSMUSG00000037411	Serpine1
cKO/CRE	up	GO:0016310	phosphorylation	ENSMUSG00000025746	Il6
cKO/CRE	up	GO:0016310	phosphorylation	ENSMUSG00000030223	ENSMUSG00000030223
cKO/CRE	up	GO:0016310	phosphorylation	ENSMUSG00000038676	Ucn
cKO/CRE	up	GO:0023057	negative regulation of signaling	ENSMUSG00000073680	Tmem88b
cKO/CRE	up	GO:0023057	negative regulation of signaling	ENSMUSG00000046223	Plaur
cKO/CRE	up	GO:0023057	negative regulation of signaling	ENSMUSG00000025746	Il6
cKO/CRE	up	GO:0023057	negative regulation of signaling	ENSMUSG00000015316	Slamf1
cKO/CRE	up	GO:0023057	negative regulation of signaling	ENSMUSG00000030223	ENSMUSG00000030223
cKO/CRE	up	GO:0023057	negative regulation of signaling	ENSMUSG00000031383	Dusp9
cKO/CRE	up	GO:0023057	negative regulation of signaling	ENSMUSG00000038676	Ucn
cKO/CRE	up	GO:0023057	negative regulation of signaling	ENSMUSG00000037411	Serpine1
cKO/CRE	up	GO:0007166	cell surface receptor signaling pathway	ENSMUSG00000073680	Tmem88b
cKO/CRE	up	GO:0007166	cell surface receptor signaling pathway	ENSMUSG00000046223	Plaur
cKO/CRE	up	GO:0007166	cell surface receptor signaling pathway	ENSMUSG00000031074	Fgf3
cKO/CRE	up	GO:0007166	cell surface receptor signaling pathway	ENSMUSG00000025746	Il6
cKO/CRE	up	GO:0007166	cell surface receptor signaling pathway	ENSMUSG00000015316	Slamf1
cKO/CRE	up	GO:0007166	cell surface receptor signaling pathway	ENSMUSG00000030223	ENSMUSG00000030223
cKO/CRE	up	GO:0007166	cell surface receptor signaling pathway	ENSMUSG00000058354	Krt6a
cKO/CRE	up	GO:0007166	cell surface receptor signaling pathway	ENSMUSG00000037411	Serpine1
cKO/CRE	up	GO:0010648	negative regulation of cell communication	ENSMUSG00000073680	Tmem88b
cKO/CRE	up	GO:0010648	negative regulation of cell communication	ENSMUSG00000046223	Plaur
cKO/CRE	up	GO:0010648	negative regulation of cell communication	ENSMUSG00000025746	Il6
cKO/CRE	up	GO:0010648	negative regulation of cell communication	ENSMUSG00000015316	Slamf1
cKO/CRE	up	GO:0010648	negative regulation of cell communication	ENSMUSG00000030223	ENSMUSG00000030223
cKO/CRE	up	GO:0010648	negative regulation of cell communication	ENSMUSG00000031383	Dusp9
cKO/CRE	up	GO:0010648	negative regulation of cell communication	ENSMUSG00000038676	Ucn
cKO/CRE	up	GO:0010648	negative regulation of cell communication	ENSMUSG00000037411	Serpine1
cKO/CRE	up	GO:0007399	nervous system development	ENSMUSG00000025746	Il6
cKO/CRE	up	GO:0007399	nervous system development	ENSMUSG00000044667	Plppr4
cKO/CRE	up	GO:0007399	nervous system development	ENSMUSG00000030223	ENSMUSG00000030223
cKO/CRE	up	GO:0007399	nervous system development	ENSMUSG00000024803	Ankrd1
cKO/CRE	up	GO:0007399	nervous system development	ENSMUSG00000038676	Ucn
cKO/CRE	up	GO:0033036	macromolecule localization	ENSMUSG00000037428	Vgf
cKO/CRE	up	GO:0033036	macromolecule localization	ENSMUSG00000029321	Slc10a6
cKO/CRE	up	GO:0033036	macromolecule localization	ENSMUSG00000025746	Il6
cKO/CRE	up	GO:0033036	macromolecule localization	ENSMUSG00000044667	Plppr4
cKO/CRE	up	GO:0033036	macromolecule localization	ENSMUSG00000024803	Ankrd1
cKO/CRE	up	GO:0033036	macromolecule localization	ENSMUSG00000051209	ENSMUSG00000051209
cKO/CRE	up	GO:0051246	regulation of protein metabolic process	ENSMUSG00000046223	Plaur
cKO/CRE	up	GO:0051246	regulation of protein metabolic process	ENSMUSG00000025746	Il6
cKO/CRE	up	GO:0051246	regulation of protein metabolic process	ENSMUSG00000030223	ENSMUSG00000030223
cKO/CRE	up	GO:0051246	regulation of protein metabolic process	ENSMUSG00000038676	Ucn
cKO/CRE	up	GO:0051246	regulation of protein metabolic process	ENSMUSG00000037411	Serpine1
cKO/CRE	up	GO:0048585	negative regulation of response to stimulus	ENSMUSG00000073680	Tmem88b
cKO/CRE	up	GO:0048585	negative regulation of response to stimulus	ENSMUSG00000046223	Plaur
cKO/CRE	up	GO:0048585	negative regulation of response to stimulus	ENSMUSG00000025746	Il6
cKO/CRE	up	GO:0048585	negative regulation of response to stimulus	ENSMUSG00000015316	Slamf1
cKO/CRE	up	GO:0048585	negative regulation of response to stimulus	ENSMUSG00000030223	ENSMUSG00000030223
cKO/CRE	up	GO:0048585	negative regulation of response to stimulus	ENSMUSG00000031383	Dusp9
cKO/CRE	up	GO:0048585	negative regulation of response to stimulus	ENSMUSG00000038676	Ucn
cKO/CRE	up	GO:0048585	negative regulation of response to stimulus	ENSMUSG00000037411	Serpine1
cKO/CRE	up	GO:0006468	protein phosphorylation	ENSMUSG00000025746	Il6
cKO/CRE	up	GO:0006468	protein phosphorylation	ENSMUSG00000030223	ENSMUSG00000030223
cKO/CRE	up	GO:0006468	protein phosphorylation	ENSMUSG00000038676	Ucn
cKO/CRE	up	GO:0019222	regulation of metabolic process	ENSMUSG00000046223	Plaur
cKO/CRE	up	GO:0019222	regulation of metabolic process	ENSMUSG00000025746	Il6
cKO/CRE	up	GO:0019222	regulation of metabolic process	ENSMUSG00000015316	Slamf1
cKO/CRE	up	GO:0019222	regulation of metabolic process	ENSMUSG00000054136	Adm2
cKO/CRE	up	GO:0019222	regulation of metabolic process	ENSMUSG00000030223	ENSMUSG00000030223
cKO/CRE	up	GO:0019222	regulation of metabolic process	ENSMUSG00000024803	Ankrd1
cKO/CRE	up	GO:0019222	regulation of metabolic process	ENSMUSG00000024517	Grp
cKO/CRE	up	GO:0019222	regulation of metabolic process	ENSMUSG00000038676	Ucn
cKO/CRE	up	GO:0019222	regulation of metabolic process	ENSMUSG00000037411	Serpine1
cKO/CRE	up	GO:0019222	regulation of metabolic process	ENSMUSG00000051209	ENSMUSG00000051209
cKO/CRE	up	GO:0009968	negative regulation of signal transduction	ENSMUSG00000073680	Tmem88b
cKO/CRE	up	GO:0009968	negative regulation of signal transduction	ENSMUSG00000046223	Plaur
cKO/CRE	up	GO:0009968	negative regulation of signal transduction	ENSMUSG00000025746	Il6
cKO/CRE	up	GO:0009968	negative regulation of signal transduction	ENSMUSG00000015316	Slamf1
cKO/CRE	up	GO:0009968	negative regulation of signal transduction	ENSMUSG00000030223	ENSMUSG00000030223
cKO/CRE	up	GO:0009968	negative regulation of signal transduction	ENSMUSG00000031383	Dusp9
cKO/CRE	up	GO:0009968	negative regulation of signal transduction	ENSMUSG00000037411	Serpine1
cKO/CRE	up	GO:0050793	regulation of developmental process	ENSMUSG00000031074	Fgf3
cKO/CRE	up	GO:0050793	regulation of developmental process	ENSMUSG00000025746	Il6
cKO/CRE	up	GO:0050793	regulation of developmental process	ENSMUSG00000054136	Adm2
cKO/CRE	up	GO:0050793	regulation of developmental process	ENSMUSG00000037411	Serpine1
cKO/CRE	up	GO:0036211	protein modification process	ENSMUSG00000025746	Il6
cKO/CRE	up	GO:0036211	protein modification process	ENSMUSG00000030223	ENSMUSG00000030223
cKO/CRE	up	GO:0036211	protein modification process	ENSMUSG00000031383	Dusp9
cKO/CRE	up	GO:0036211	protein modification process	ENSMUSG00000038676	Ucn
cKO/CRE	up	GO:0051716	cellular response to stimulus	ENSMUSG00000073680	Tmem88b
cKO/CRE	up	GO:0051716	cellular response to stimulus	ENSMUSG00000037428	Vgf
cKO/CRE	up	GO:0051716	cellular response to stimulus	ENSMUSG00000042816	Gpr151
cKO/CRE	up	GO:0051716	cellular response to stimulus	ENSMUSG00000046223	Plaur
cKO/CRE	up	GO:0051716	cellular response to stimulus	ENSMUSG00000030898	Cckbr
cKO/CRE	up	GO:0051716	cellular response to stimulus	ENSMUSG00000031074	Fgf3
cKO/CRE	up	GO:0051716	cellular response to stimulus	ENSMUSG00000024883	Rin1
cKO/CRE	up	GO:0051716	cellular response to stimulus	ENSMUSG00000039364	Sectm1b
cKO/CRE	up	GO:0051716	cellular response to stimulus	ENSMUSG00000025746	Il6
cKO/CRE	up	GO:0051716	cellular response to stimulus	ENSMUSG00000061039	Or8b53
cKO/CRE	up	GO:0051716	cellular response to stimulus	ENSMUSG00000044667	Plppr4
cKO/CRE	up	GO:0051716	cellular response to stimulus	ENSMUSG00000015316	Slamf1
cKO/CRE	up	GO:0051716	cellular response to stimulus	ENSMUSG00000026247	Ecel1
cKO/CRE	up	GO:0051716	cellular response to stimulus	ENSMUSG00000054136	Adm2
cKO/CRE	up	GO:0051716	cellular response to stimulus	ENSMUSG00000028255	Clca1
cKO/CRE	up	GO:0051716	cellular response to stimulus	ENSMUSG00000030223	ENSMUSG00000030223
cKO/CRE	up	GO:0051716	cellular response to stimulus	ENSMUSG00000024803	Ankrd1
cKO/CRE	up	GO:0051716	cellular response to stimulus	ENSMUSG00000024517	Grp
cKO/CRE	up	GO:0051716	cellular response to stimulus	ENSMUSG00000028602	Tnfrsf8
cKO/CRE	up	GO:0051716	cellular response to stimulus	ENSMUSG00000031383	Dusp9
cKO/CRE	up	GO:0051716	cellular response to stimulus	ENSMUSG00000058354	Krt6a
cKO/CRE	up	GO:0051716	cellular response to stimulus	ENSMUSG00000038676	Ucn
cKO/CRE	up	GO:0051716	cellular response to stimulus	ENSMUSG00000037411	Serpine1
cKO/CRE	up	GO:0051716	cellular response to stimulus	ENSMUSG00000051209	ENSMUSG00000051209
cKO/CRE	up	GO:0043412	macromolecule modification	ENSMUSG00000025746	Il6
cKO/CRE	up	GO:0043412	macromolecule modification	ENSMUSG00000030223	ENSMUSG00000030223
cKO/CRE	up	GO:0043412	macromolecule modification	ENSMUSG00000031383	Dusp9
cKO/CRE	up	GO:0043412	macromolecule modification	ENSMUSG00000038676	Ucn
cKO/CRE	up	GO:0022008	neurogenesis	ENSMUSG00000025746	Il6
cKO/CRE	up	GO:0022008	neurogenesis	ENSMUSG00000044667	Plppr4
cKO/CRE	up	GO:0022008	neurogenesis	ENSMUSG00000030223	ENSMUSG00000030223
cKO/CRE	up	GO:0022008	neurogenesis	ENSMUSG00000024803	Ankrd1
cKO/CRE	up	GO:0022008	neurogenesis	ENSMUSG00000038676	Ucn
cKO/CRE	up	GO:0016477	cell migration	ENSMUSG00000015316	Slamf1
cKO/CRE	up	GO:0016477	cell migration	ENSMUSG00000073747	Zpld2
cKO/CRE	up	GO:0016477	cell migration	ENSMUSG00000030223	ENSMUSG00000030223
cKO/CRE	up	GO:0016477	cell migration	ENSMUSG00000037411	Serpine1
cKO/CRE	up	GO:0060255	regulation of macromolecule metabolic process	ENSMUSG00000046223	Plaur
cKO/CRE	up	GO:0060255	regulation of macromolecule metabolic process	ENSMUSG00000025746	Il6
cKO/CRE	up	GO:0060255	regulation of macromolecule metabolic process	ENSMUSG00000015316	Slamf1
cKO/CRE	up	GO:0060255	regulation of macromolecule metabolic process	ENSMUSG00000054136	Adm2
cKO/CRE	up	GO:0060255	regulation of macromolecule metabolic process	ENSMUSG00000030223	ENSMUSG00000030223
cKO/CRE	up	GO:0060255	regulation of macromolecule metabolic process	ENSMUSG00000024803	Ankrd1
cKO/CRE	up	GO:0060255	regulation of macromolecule metabolic process	ENSMUSG00000024517	Grp
cKO/CRE	up	GO:0060255	regulation of macromolecule metabolic process	ENSMUSG00000038676	Ucn
cKO/CRE	up	GO:0060255	regulation of macromolecule metabolic process	ENSMUSG00000037411	Serpine1
cKO/CRE	up	GO:0070727	cellular macromolecule localization	ENSMUSG00000037428	Vgf
cKO/CRE	up	GO:0070727	cellular macromolecule localization	ENSMUSG00000025746	Il6
cKO/CRE	up	GO:0070727	cellular macromolecule localization	ENSMUSG00000024803	Ankrd1
cKO/CRE	up	GO:0070727	cellular macromolecule localization	ENSMUSG00000051209	ENSMUSG00000051209
cKO/CRE	up	GO:0048513	animal organ development	ENSMUSG00000037428	Vgf
cKO/CRE	up	GO:0048513	animal organ development	ENSMUSG00000046223	Plaur
cKO/CRE	up	GO:0048513	animal organ development	ENSMUSG00000030898	Cckbr
cKO/CRE	up	GO:0048513	animal organ development	ENSMUSG00000031074	Fgf3
cKO/CRE	up	GO:0048513	animal organ development	ENSMUSG00000025746	Il6
cKO/CRE	up	GO:0048513	animal organ development	ENSMUSG00000044667	Plppr4
cKO/CRE	up	GO:0048513	animal organ development	ENSMUSG00000103523	2210017I01Rik
cKO/CRE	up	GO:0048513	animal organ development	ENSMUSG00000030223	ENSMUSG00000030223
cKO/CRE	up	GO:0048513	animal organ development	ENSMUSG00000024803	Ankrd1
cKO/CRE	up	GO:0048513	animal organ development	ENSMUSG00000067006	ENSMUSG00000067006
cKO/CRE	up	GO:0048513	animal organ development	ENSMUSG00000027919	Lce1g
cKO/CRE	up	GO:0048513	animal organ development	ENSMUSG00000058354	Krt6a
cKO/CRE	up	GO:0048513	animal organ development	ENSMUSG00000061947	ENSMUSG00000061947
cKO/CRE	up	GO:0048513	animal organ development	ENSMUSG00000037411	Serpine1
cKO/CRE	up	GO:0048468	cell development	ENSMUSG00000025746	Il6
cKO/CRE	up	GO:0048468	cell development	ENSMUSG00000044667	Plppr4
cKO/CRE	up	GO:0048468	cell development	ENSMUSG00000015316	Slamf1
cKO/CRE	up	GO:0048468	cell development	ENSMUSG00000030223	ENSMUSG00000030223
cKO/CRE	up	GO:0048468	cell development	ENSMUSG00000024803	Ankrd1
cKO/CRE	up	GO:0048468	cell development	ENSMUSG00000025279	ENSMUSG00000025279
cKO/CRE	up	GO:0048468	cell development	ENSMUSG00000038676	Ucn
cKO/CRE	up	GO:0051128	regulation of cellular component organization	ENSMUSG00000046223	Plaur
cKO/CRE	up	GO:0051128	regulation of cellular component organization	ENSMUSG00000025746	Il6
cKO/CRE	up	GO:0051128	regulation of cellular component organization	ENSMUSG00000044667	Plppr4
cKO/CRE	up	GO:0051128	regulation of cellular component organization	ENSMUSG00000015316	Slamf1
cKO/CRE	up	GO:0051128	regulation of cellular component organization	ENSMUSG00000030223	ENSMUSG00000030223
cKO/CRE	up	GO:0051128	regulation of cellular component organization	ENSMUSG00000024803	Ankrd1
cKO/CRE	up	GO:0051128	regulation of cellular component organization	ENSMUSG00000038676	Ucn
cKO/CRE	up	GO:0051128	regulation of cellular component organization	ENSMUSG00000037411	Serpine1
cKO/CRE	up	GO:0008104	protein localization	ENSMUSG00000037428	Vgf
cKO/CRE	up	GO:0008104	protein localization	ENSMUSG00000025746	Il6
cKO/CRE	up	GO:0008104	protein localization	ENSMUSG00000024803	Ankrd1
cKO/CRE	up	GO:0008104	protein localization	ENSMUSG00000051209	ENSMUSG00000051209
cKO/CRE	up	GO:0023052	signaling	ENSMUSG00000073680	Tmem88b
cKO/CRE	up	GO:0023052	signaling	ENSMUSG00000037428	Vgf
cKO/CRE	up	GO:0023052	signaling	ENSMUSG00000042816	Gpr151
cKO/CRE	up	GO:0023052	signaling	ENSMUSG00000046223	Plaur
cKO/CRE	up	GO:0023052	signaling	ENSMUSG00000030898	Cckbr
cKO/CRE	up	GO:0023052	signaling	ENSMUSG00000031074	Fgf3
cKO/CRE	up	GO:0023052	signaling	ENSMUSG00000024883	Rin1
cKO/CRE	up	GO:0023052	signaling	ENSMUSG00000039364	Sectm1b
cKO/CRE	up	GO:0023052	signaling	ENSMUSG00000025746	Il6
cKO/CRE	up	GO:0023052	signaling	ENSMUSG00000061039	Or8b53
cKO/CRE	up	GO:0023052	signaling	ENSMUSG00000044667	Plppr4
cKO/CRE	up	GO:0023052	signaling	ENSMUSG00000015316	Slamf1
cKO/CRE	up	GO:0023052	signaling	ENSMUSG00000026247	Ecel1
cKO/CRE	up	GO:0023052	signaling	ENSMUSG00000054136	Adm2
cKO/CRE	up	GO:0023052	signaling	ENSMUSG00000030223	ENSMUSG00000030223
cKO/CRE	up	GO:0023052	signaling	ENSMUSG00000024803	Ankrd1
cKO/CRE	up	GO:0023052	signaling	ENSMUSG00000024517	Grp
cKO/CRE	up	GO:0023052	signaling	ENSMUSG00000028602	Tnfrsf8
cKO/CRE	up	GO:0023052	signaling	ENSMUSG00000031383	Dusp9
cKO/CRE	up	GO:0023052	signaling	ENSMUSG00000058354	Krt6a
cKO/CRE	up	GO:0023052	signaling	ENSMUSG00000038676	Ucn
cKO/CRE	up	GO:0023052	signaling	ENSMUSG00000037411	Serpine1
cKO/CRE	up	GO:0023052	signaling	ENSMUSG00000051209	ENSMUSG00000051209
cKO/CRE	up	GO:0051649	establishment of localization in cell	ENSMUSG00000042816	Gpr151
cKO/CRE	up	GO:0051649	establishment of localization in cell	ENSMUSG00000025746	Il6
cKO/CRE	up	GO:0051649	establishment of localization in cell	ENSMUSG00000024517	Grp
cKO/CRE	up	GO:0051649	establishment of localization in cell	ENSMUSG00000038115	ENSMUSG00000038115
cKO/CRE	up	GO:0043067	regulation of programmed cell death	ENSMUSG00000046223	Plaur
cKO/CRE	up	GO:0043067	regulation of programmed cell death	ENSMUSG00000025746	Il6
cKO/CRE	up	GO:0043067	regulation of programmed cell death	ENSMUSG00000024803	Ankrd1
cKO/CRE	up	GO:0043067	regulation of programmed cell death	ENSMUSG00000024517	Grp
cKO/CRE	up	GO:0043067	regulation of programmed cell death	ENSMUSG00000038676	Ucn
cKO/CRE	up	GO:0043067	regulation of programmed cell death	ENSMUSG00000037411	Serpine1
cKO/CRE	up	GO:0042981	regulation of apoptotic process	ENSMUSG00000046223	Plaur
cKO/CRE	up	GO:0042981	regulation of apoptotic process	ENSMUSG00000025746	Il6
cKO/CRE	up	GO:0042981	regulation of apoptotic process	ENSMUSG00000024803	Ankrd1
cKO/CRE	up	GO:0042981	regulation of apoptotic process	ENSMUSG00000024517	Grp
cKO/CRE	up	GO:0042981	regulation of apoptotic process	ENSMUSG00000038676	Ucn
cKO/CRE	up	GO:0042981	regulation of apoptotic process	ENSMUSG00000037411	Serpine1
cKO/CRE	up	GO:0051049	regulation of transport	ENSMUSG00000042816	Gpr151
cKO/CRE	up	GO:0051049	regulation of transport	ENSMUSG00000030898	Cckbr
cKO/CRE	up	GO:0051049	regulation of transport	ENSMUSG00000078532	Nkain1
cKO/CRE	up	GO:0051049	regulation of transport	ENSMUSG00000025746	Il6
cKO/CRE	up	GO:0051049	regulation of transport	ENSMUSG00000015316	Slamf1
cKO/CRE	up	GO:0051049	regulation of transport	ENSMUSG00000024803	Ankrd1
cKO/CRE	up	GO:0051049	regulation of transport	ENSMUSG00000024517	Grp
cKO/CRE	up	GO:0051049	regulation of transport	ENSMUSG00000038676	Ucn
cKO/CRE	up	GO:0051049	regulation of transport	ENSMUSG00000037411	Serpine1
cKO/CRE	up	GO:0007154	cell communication	ENSMUSG00000073680	Tmem88b
cKO/CRE	up	GO:0007154	cell communication	ENSMUSG00000037428	Vgf
cKO/CRE	up	GO:0007154	cell communication	ENSMUSG00000042816	Gpr151
cKO/CRE	up	GO:0007154	cell communication	ENSMUSG00000046223	Plaur
cKO/CRE	up	GO:0007154	cell communication	ENSMUSG00000030898	Cckbr
cKO/CRE	up	GO:0007154	cell communication	ENSMUSG00000031074	Fgf3
cKO/CRE	up	GO:0007154	cell communication	ENSMUSG00000024883	Rin1
cKO/CRE	up	GO:0007154	cell communication	ENSMUSG00000039364	Sectm1b
cKO/CRE	up	GO:0007154	cell communication	ENSMUSG00000025746	Il6
cKO/CRE	up	GO:0007154	cell communication	ENSMUSG00000061039	Or8b53
cKO/CRE	up	GO:0007154	cell communication	ENSMUSG00000044667	Plppr4
cKO/CRE	up	GO:0007154	cell communication	ENSMUSG00000015316	Slamf1
cKO/CRE	up	GO:0007154	cell communication	ENSMUSG00000026247	Ecel1
cKO/CRE	up	GO:0007154	cell communication	ENSMUSG00000054136	Adm2
cKO/CRE	up	GO:0007154	cell communication	ENSMUSG00000030223	ENSMUSG00000030223
cKO/CRE	up	GO:0007154	cell communication	ENSMUSG00000024803	Ankrd1
cKO/CRE	up	GO:0007154	cell communication	ENSMUSG00000024517	Grp
cKO/CRE	up	GO:0007154	cell communication	ENSMUSG00000028602	Tnfrsf8
cKO/CRE	up	GO:0007154	cell communication	ENSMUSG00000031383	Dusp9
cKO/CRE	up	GO:0007154	cell communication	ENSMUSG00000058354	Krt6a
cKO/CRE	up	GO:0007154	cell communication	ENSMUSG00000038676	Ucn
cKO/CRE	up	GO:0007154	cell communication	ENSMUSG00000037411	Serpine1
cKO/CRE	up	GO:0007154	cell communication	ENSMUSG00000051209	ENSMUSG00000051209
cKO/CRE	up	GO:0009719	response to endogenous stimulus	ENSMUSG00000037428	Vgf
cKO/CRE	up	GO:0009719	response to endogenous stimulus	ENSMUSG00000031074	Fgf3
cKO/CRE	up	GO:0009719	response to endogenous stimulus	ENSMUSG00000025746	Il6
cKO/CRE	up	GO:0009719	response to endogenous stimulus	ENSMUSG00000024803	Ankrd1
cKO/CRE	up	GO:0009719	response to endogenous stimulus	ENSMUSG00000038676	Ucn
cKO/CRE	up	GO:0141124	intracellular signaling cassette	ENSMUSG00000030898	Cckbr
cKO/CRE	up	GO:0141124	intracellular signaling cassette	ENSMUSG00000025746	Il6
cKO/CRE	up	GO:0141124	intracellular signaling cassette	ENSMUSG00000015316	Slamf1
cKO/CRE	up	GO:0141124	intracellular signaling cassette	ENSMUSG00000031383	Dusp9
cKO/CRE	up	GO:0141124	intracellular signaling cassette	ENSMUSG00000038676	Ucn
cKO/CRE	up	GO:0006952	defense response	ENSMUSG00000037428	Vgf
cKO/CRE	up	GO:0006952	defense response	ENSMUSG00000030898	Cckbr
cKO/CRE	up	GO:0006952	defense response	ENSMUSG00000025746	Il6
cKO/CRE	up	GO:0006952	defense response	ENSMUSG00000034783	Cd207
cKO/CRE	up	GO:0006952	defense response	ENSMUSG00000015316	Slamf1
cKO/CRE	up	GO:0006952	defense response	ENSMUSG00000025279	ENSMUSG00000025279
cKO/CRE	up	GO:0006952	defense response	ENSMUSG00000024517	Grp
cKO/CRE	up	GO:0006952	defense response	ENSMUSG00000076434	ENSMUSG00000076434
cKO/CRE	up	GO:0006952	defense response	ENSMUSG00000058354	Krt6a
cKO/CRE	up	GO:0006952	defense response	ENSMUSG00000038676	Ucn
cKO/CRE	up	GO:0006952	defense response	ENSMUSG00000050108	Bpifc
cKO/CRE	up	GO:0006952	defense response	ENSMUSG00000037411	Serpine1
cKO/CRE	up	GO:0010557	positive regulation of macromolecule biosynthetic process	ENSMUSG00000025746	Il6
cKO/CRE	up	GO:0010557	positive regulation of macromolecule biosynthetic process	ENSMUSG00000015316	Slamf1
cKO/CRE	up	GO:0010557	positive regulation of macromolecule biosynthetic process	ENSMUSG00000054136	Adm2
cKO/CRE	up	GO:0010557	positive regulation of macromolecule biosynthetic process	ENSMUSG00000024803	Ankrd1
cKO/CRE	up	GO:0010557	positive regulation of macromolecule biosynthetic process	ENSMUSG00000038676	Ucn
cKO/CRE	up	GO:0010557	positive regulation of macromolecule biosynthetic process	ENSMUSG00000037411	Serpine1
cKO/CRE	up	GO:0071705	nitrogen compound transport	ENSMUSG00000037428	Vgf
cKO/CRE	up	GO:0071705	nitrogen compound transport	ENSMUSG00000030898	Cckbr
cKO/CRE	up	GO:0071705	nitrogen compound transport	ENSMUSG00000025746	Il6
cKO/CRE	up	GO:0071705	nitrogen compound transport	ENSMUSG00000024803	Ankrd1
cKO/CRE	up	GO:0071705	nitrogen compound transport	ENSMUSG00000024517	Grp
cKO/CRE	up	GO:0071705	nitrogen compound transport	ENSMUSG00000038676	Ucn
cKO/CRE	up	GO:0071705	nitrogen compound transport	ENSMUSG00000051209	ENSMUSG00000051209
cKO/CRE	up	GO:0030182	neuron differentiation	ENSMUSG00000025746	Il6
cKO/CRE	up	GO:0030182	neuron differentiation	ENSMUSG00000044667	Plppr4
cKO/CRE	up	GO:0030182	neuron differentiation	ENSMUSG00000030223	ENSMUSG00000030223
cKO/CRE	up	GO:0030182	neuron differentiation	ENSMUSG00000024803	Ankrd1
cKO/CRE	up	GO:0030182	neuron differentiation	ENSMUSG00000038676	Ucn
cKO/CRE	up	GO:0045184	establishment of protein localization	ENSMUSG00000037428	Vgf
cKO/CRE	up	GO:0045184	establishment of protein localization	ENSMUSG00000025746	Il6
cKO/CRE	up	GO:0045184	establishment of protein localization	ENSMUSG00000024803	Ankrd1
cKO/CRE	up	GO:0045184	establishment of protein localization	ENSMUSG00000051209	ENSMUSG00000051209
cKO/CRE	up	GO:0007165	signal transduction	ENSMUSG00000073680	Tmem88b
cKO/CRE	up	GO:0007165	signal transduction	ENSMUSG00000037428	Vgf
cKO/CRE	up	GO:0007165	signal transduction	ENSMUSG00000042816	Gpr151
cKO/CRE	up	GO:0007165	signal transduction	ENSMUSG00000046223	Plaur
cKO/CRE	up	GO:0007165	signal transduction	ENSMUSG00000030898	Cckbr
cKO/CRE	up	GO:0007165	signal transduction	ENSMUSG00000031074	Fgf3
cKO/CRE	up	GO:0007165	signal transduction	ENSMUSG00000024883	Rin1
cKO/CRE	up	GO:0007165	signal transduction	ENSMUSG00000039364	Sectm1b
cKO/CRE	up	GO:0007165	signal transduction	ENSMUSG00000025746	Il6
cKO/CRE	up	GO:0007165	signal transduction	ENSMUSG00000061039	Or8b53
cKO/CRE	up	GO:0007165	signal transduction	ENSMUSG00000044667	Plppr4
cKO/CRE	up	GO:0007165	signal transduction	ENSMUSG00000015316	Slamf1
cKO/CRE	up	GO:0007165	signal transduction	ENSMUSG00000026247	Ecel1
cKO/CRE	up	GO:0007165	signal transduction	ENSMUSG00000054136	Adm2
cKO/CRE	up	GO:0007165	signal transduction	ENSMUSG00000030223	ENSMUSG00000030223
cKO/CRE	up	GO:0007165	signal transduction	ENSMUSG00000024803	Ankrd1
cKO/CRE	up	GO:0007165	signal transduction	ENSMUSG00000024517	Grp
cKO/CRE	up	GO:0007165	signal transduction	ENSMUSG00000028602	Tnfrsf8
cKO/CRE	up	GO:0007165	signal transduction	ENSMUSG00000031383	Dusp9
cKO/CRE	up	GO:0007165	signal transduction	ENSMUSG00000058354	Krt6a
cKO/CRE	up	GO:0007165	signal transduction	ENSMUSG00000038676	Ucn
cKO/CRE	up	GO:0007165	signal transduction	ENSMUSG00000037411	Serpine1
cKO/CRE	up	GO:0007165	signal transduction	ENSMUSG00000051209	ENSMUSG00000051209
cKO/CRE	up	GO:0030334	regulation of cell migration	ENSMUSG00000015316	Slamf1
cKO/CRE	up	GO:0030334	regulation of cell migration	ENSMUSG00000037411	Serpine1
cKO/CRE	up	GO:0009987	cellular process	ENSMUSG00000073680	Tmem88b
cKO/CRE	up	GO:0009987	cellular process	ENSMUSG00000037428	Vgf
cKO/CRE	up	GO:0009987	cellular process	ENSMUSG00000042816	Gpr151
cKO/CRE	up	GO:0009987	cellular process	ENSMUSG00000046223	Plaur
cKO/CRE	up	GO:0009987	cellular process	ENSMUSG00000030898	Cckbr
cKO/CRE	up	GO:0009987	cellular process	ENSMUSG00000031074	Fgf3
cKO/CRE	up	GO:0009987	cellular process	ENSMUSG00000024883	Rin1
cKO/CRE	up	GO:0009987	cellular process	ENSMUSG00000106350	Kif19b
cKO/CRE	up	GO:0009987	cellular process	ENSMUSG00000029321	Slc10a6
cKO/CRE	up	GO:0009987	cellular process	ENSMUSG00000039364	Sectm1b
cKO/CRE	up	GO:0009987	cellular process	ENSMUSG00000025746	Il6
cKO/CRE	up	GO:0009987	cellular process	ENSMUSG00000023387	Kcnk16
cKO/CRE	up	GO:0009987	cellular process	ENSMUSG00000061039	Or8b53
cKO/CRE	up	GO:0009987	cellular process	ENSMUSG00000044667	Plppr4
cKO/CRE	up	GO:0009987	cellular process	ENSMUSG00000015316	Slamf1
cKO/CRE	up	GO:0009987	cellular process	ENSMUSG00000073747	Zpld2
cKO/CRE	up	GO:0009987	cellular process	ENSMUSG00000026247	Ecel1
cKO/CRE	up	GO:0009987	cellular process	ENSMUSG00000103523	2210017I01Rik
cKO/CRE	up	GO:0009987	cellular process	ENSMUSG00000054136	Adm2
cKO/CRE	up	GO:0009987	cellular process	ENSMUSG00000028255	Clca1
cKO/CRE	up	GO:0009987	cellular process	ENSMUSG00000030223	ENSMUSG00000030223
cKO/CRE	up	GO:0009987	cellular process	ENSMUSG00000024803	Ankrd1
cKO/CRE	up	GO:0009987	cellular process	ENSMUSG00000025279	ENSMUSG00000025279
cKO/CRE	up	GO:0009987	cellular process	ENSMUSG00000067006	ENSMUSG00000067006
cKO/CRE	up	GO:0009987	cellular process	ENSMUSG00000027919	Lce1g
cKO/CRE	up	GO:0009987	cellular process	ENSMUSG00000024517	Grp
cKO/CRE	up	GO:0009987	cellular process	ENSMUSG00000028602	Tnfrsf8
cKO/CRE	up	GO:0009987	cellular process	ENSMUSG00000031383	Dusp9
cKO/CRE	up	GO:0009987	cellular process	ENSMUSG00000058354	Krt6a
cKO/CRE	up	GO:0009987	cellular process	ENSMUSG00000038676	Ucn
cKO/CRE	up	GO:0009987	cellular process	ENSMUSG00000037411	Serpine1
cKO/CRE	up	GO:0009987	cellular process	ENSMUSG00000051209	ENSMUSG00000051209
cKO/CRE	up	GO:0009987	cellular process	ENSMUSG00000038115	ENSMUSG00000038115
cKO/CRE	up	GO:0009891	positive regulation of biosynthetic process	ENSMUSG00000025746	Il6
cKO/CRE	up	GO:0009891	positive regulation of biosynthetic process	ENSMUSG00000015316	Slamf1
cKO/CRE	up	GO:0009891	positive regulation of biosynthetic process	ENSMUSG00000054136	Adm2
cKO/CRE	up	GO:0009891	positive regulation of biosynthetic process	ENSMUSG00000024803	Ankrd1
cKO/CRE	up	GO:0009891	positive regulation of biosynthetic process	ENSMUSG00000038676	Ucn
cKO/CRE	up	GO:0009891	positive regulation of biosynthetic process	ENSMUSG00000037411	Serpine1
cKO/CRE	up	GO:2000145	regulation of cell motility	ENSMUSG00000015316	Slamf1
cKO/CRE	up	GO:2000145	regulation of cell motility	ENSMUSG00000037411	Serpine1
cKO/CRE	up	GO:0070848	response to growth factor	ENSMUSG00000031074	Fgf3
cKO/CRE	up	GO:0070848	response to growth factor	ENSMUSG00000025746	Il6
cKO/CRE	up	GO:0070848	response to growth factor	ENSMUSG00000024803	Ankrd1
cKO/CRE	up	GO:0097190	apoptotic signaling pathway	ENSMUSG00000046223	Plaur
cKO/CRE	up	GO:0097190	apoptotic signaling pathway	ENSMUSG00000037411	Serpine1
cKO/CRE	up	GO:0040012	regulation of locomotion	ENSMUSG00000015316	Slamf1
cKO/CRE	up	GO:0040012	regulation of locomotion	ENSMUSG00000037411	Serpine1
cKO/CRE	up	GO:0071363	cellular response to growth factor stimulus	ENSMUSG00000031074	Fgf3
cKO/CRE	up	GO:0071363	cellular response to growth factor stimulus	ENSMUSG00000025746	Il6
cKO/CRE	up	GO:0071363	cellular response to growth factor stimulus	ENSMUSG00000024803	Ankrd1
cKO/CRE	up	GO:0001932	regulation of protein phosphorylation	ENSMUSG00000025746	Il6
cKO/CRE	up	GO:0001932	regulation of protein phosphorylation	ENSMUSG00000030223	ENSMUSG00000030223
cKO/CRE	up	GO:0001932	regulation of protein phosphorylation	ENSMUSG00000038676	Ucn
cKO/CRE	up	GO:0048699	generation of neurons	ENSMUSG00000025746	Il6
cKO/CRE	up	GO:0048699	generation of neurons	ENSMUSG00000044667	Plppr4
cKO/CRE	up	GO:0048699	generation of neurons	ENSMUSG00000030223	ENSMUSG00000030223
cKO/CRE	up	GO:0048699	generation of neurons	ENSMUSG00000024803	Ankrd1
cKO/CRE	up	GO:0048699	generation of neurons	ENSMUSG00000038676	Ucn
cKO/CRE	up	GO:0009605	response to external stimulus	ENSMUSG00000037428	Vgf
cKO/CRE	up	GO:0009605	response to external stimulus	ENSMUSG00000046223	Plaur
cKO/CRE	up	GO:0009605	response to external stimulus	ENSMUSG00000025746	Il6
cKO/CRE	up	GO:0009605	response to external stimulus	ENSMUSG00000034783	Cd207
cKO/CRE	up	GO:0009605	response to external stimulus	ENSMUSG00000015316	Slamf1
cKO/CRE	up	GO:0009605	response to external stimulus	ENSMUSG00000030223	ENSMUSG00000030223
cKO/CRE	up	GO:0009605	response to external stimulus	ENSMUSG00000024803	Ankrd1
cKO/CRE	up	GO:0009605	response to external stimulus	ENSMUSG00000025279	ENSMUSG00000025279
cKO/CRE	up	GO:0009605	response to external stimulus	ENSMUSG00000024517	Grp
cKO/CRE	up	GO:0009605	response to external stimulus	ENSMUSG00000076434	ENSMUSG00000076434
cKO/CRE	up	GO:0009605	response to external stimulus	ENSMUSG00000058354	Krt6a
cKO/CRE	up	GO:0009605	response to external stimulus	ENSMUSG00000038676	Ucn
cKO/CRE	up	GO:0009605	response to external stimulus	ENSMUSG00000050108	Bpifc
cKO/CRE	up	GO:0009605	response to external stimulus	ENSMUSG00000037411	Serpine1
cKO/CRE	up	GO:0007167	enzyme-linked receptor protein signaling pathway	ENSMUSG00000046223	Plaur
cKO/CRE	up	GO:0007167	enzyme-linked receptor protein signaling pathway	ENSMUSG00000031074	Fgf3
cKO/CRE	up	GO:0120036	plasma membrane bounded cell projection organization	ENSMUSG00000025746	Il6
cKO/CRE	up	GO:0120036	plasma membrane bounded cell projection organization	ENSMUSG00000044667	Plppr4
cKO/CRE	up	GO:0120036	plasma membrane bounded cell projection organization	ENSMUSG00000030223	ENSMUSG00000030223
cKO/CRE	up	GO:0120036	plasma membrane bounded cell projection organization	ENSMUSG00000024803	Ankrd1
cKO/CRE	up	GO:0120036	plasma membrane bounded cell projection organization	ENSMUSG00000038676	Ucn
cKO/CRE	up	GO:0048584	positive regulation of response to stimulus	ENSMUSG00000046223	Plaur
cKO/CRE	up	GO:0048584	positive regulation of response to stimulus	ENSMUSG00000030898	Cckbr
cKO/CRE	up	GO:0048584	positive regulation of response to stimulus	ENSMUSG00000025746	Il6
cKO/CRE	up	GO:0048584	positive regulation of response to stimulus	ENSMUSG00000015316	Slamf1
cKO/CRE	up	GO:0048584	positive regulation of response to stimulus	ENSMUSG00000024803	Ankrd1
cKO/CRE	up	GO:0048584	positive regulation of response to stimulus	ENSMUSG00000024517	Grp
cKO/CRE	up	GO:0048584	positive regulation of response to stimulus	ENSMUSG00000038676	Ucn
cKO/CRE	up	GO:0048584	positive regulation of response to stimulus	ENSMUSG00000037411	Serpine1
cKO/CRE	up	GO:0048870	cell motility	ENSMUSG00000015316	Slamf1
cKO/CRE	up	GO:0048870	cell motility	ENSMUSG00000073747	Zpld2
cKO/CRE	up	GO:0048870	cell motility	ENSMUSG00000030223	ENSMUSG00000030223
cKO/CRE	up	GO:0048870	cell motility	ENSMUSG00000037411	Serpine1
cKO/CRE	up	GO:0031175	neuron projection development	ENSMUSG00000025746	Il6
cKO/CRE	up	GO:0031175	neuron projection development	ENSMUSG00000044667	Plppr4
cKO/CRE	up	GO:0031175	neuron projection development	ENSMUSG00000030223	ENSMUSG00000030223
cKO/CRE	up	GO:0031175	neuron projection development	ENSMUSG00000024803	Ankrd1
cKO/CRE	up	GO:0031175	neuron projection development	ENSMUSG00000038676	Ucn
cKO/CRE	up	GO:0042325	regulation of phosphorylation	ENSMUSG00000025746	Il6
cKO/CRE	up	GO:0042325	regulation of phosphorylation	ENSMUSG00000030223	ENSMUSG00000030223
cKO/CRE	up	GO:0042325	regulation of phosphorylation	ENSMUSG00000038676	Ucn
cKO/CRE	up	GO:0015031	protein transport	ENSMUSG00000037428	Vgf
cKO/CRE	up	GO:0015031	protein transport	ENSMUSG00000025746	Il6
cKO/CRE	up	GO:0015031	protein transport	ENSMUSG00000024803	Ankrd1
cKO/CRE	up	GO:0015031	protein transport	ENSMUSG00000051209	ENSMUSG00000051209
cKO/CRE	up	GO:0009057	macromolecule catabolic process	ENSMUSG00000025279	ENSMUSG00000025279
cKO/CRE	up	GO:0019220	regulation of phosphate metabolic process	ENSMUSG00000025746	Il6
cKO/CRE	up	GO:0019220	regulation of phosphate metabolic process	ENSMUSG00000030223	ENSMUSG00000030223
cKO/CRE	up	GO:0019220	regulation of phosphate metabolic process	ENSMUSG00000038676	Ucn
cKO/CRE	up	GO:0040011	locomotion	ENSMUSG00000015316	Slamf1
cKO/CRE	up	GO:0040011	locomotion	ENSMUSG00000030223	ENSMUSG00000030223
cKO/CRE	up	GO:0040011	locomotion	ENSMUSG00000037411	Serpine1
cKO/CRE	up	GO:0051174	regulation of phosphorus metabolic process	ENSMUSG00000025746	Il6
cKO/CRE	up	GO:0051174	regulation of phosphorus metabolic process	ENSMUSG00000030223	ENSMUSG00000030223
cKO/CRE	up	GO:0051174	regulation of phosphorus metabolic process	ENSMUSG00000038676	Ucn
cKO/CRE	up	GO:0007169	cell surface receptor protein tyrosine kinase signaling pathway	ENSMUSG00000046223	Plaur
cKO/CRE	up	GO:0007169	cell surface receptor protein tyrosine kinase signaling pathway	ENSMUSG00000031074	Fgf3
cKO/CRE	up	GO:0046907	intracellular transport	ENSMUSG00000025746	Il6
cKO/CRE	up	GO:0051050	positive regulation of transport	ENSMUSG00000030898	Cckbr
cKO/CRE	up	GO:0051050	positive regulation of transport	ENSMUSG00000025746	Il6
cKO/CRE	up	GO:0051050	positive regulation of transport	ENSMUSG00000024803	Ankrd1
cKO/CRE	up	GO:0051050	positive regulation of transport	ENSMUSG00000024517	Grp
cKO/CRE	up	GO:0051050	positive regulation of transport	ENSMUSG00000038676	Ucn
cKO/CRE	up	GO:0051050	positive regulation of transport	ENSMUSG00000037411	Serpine1
cKO/CRE	up	GO:0071840	cellular component organization or biogenesis	ENSMUSG00000046223	Plaur
cKO/CRE	up	GO:0071840	cellular component organization or biogenesis	ENSMUSG00000025746	Il6
cKO/CRE	up	GO:0071840	cellular component organization or biogenesis	ENSMUSG00000044667	Plppr4
cKO/CRE	up	GO:0071840	cellular component organization or biogenesis	ENSMUSG00000015316	Slamf1
cKO/CRE	up	GO:0071840	cellular component organization or biogenesis	ENSMUSG00000030223	ENSMUSG00000030223
cKO/CRE	up	GO:0071840	cellular component organization or biogenesis	ENSMUSG00000024803	Ankrd1
cKO/CRE	up	GO:0071840	cellular component organization or biogenesis	ENSMUSG00000025279	ENSMUSG00000025279
cKO/CRE	up	GO:0071840	cellular component organization or biogenesis	ENSMUSG00000067006	ENSMUSG00000067006
cKO/CRE	up	GO:0071840	cellular component organization or biogenesis	ENSMUSG00000058354	Krt6a
cKO/CRE	up	GO:0071840	cellular component organization or biogenesis	ENSMUSG00000038676	Ucn
cKO/CRE	up	GO:0071840	cellular component organization or biogenesis	ENSMUSG00000037411	Serpine1
cKO/CRE	up	GO:0032101	regulation of response to external stimulus	ENSMUSG00000046223	Plaur
cKO/CRE	up	GO:0032101	regulation of response to external stimulus	ENSMUSG00000015316	Slamf1
cKO/CRE	up	GO:0032101	regulation of response to external stimulus	ENSMUSG00000025279	ENSMUSG00000025279
cKO/CRE	up	GO:0032101	regulation of response to external stimulus	ENSMUSG00000037411	Serpine1
cKO/CRE	up	GO:0043069	negative regulation of programmed cell death	ENSMUSG00000046223	Plaur
cKO/CRE	up	GO:0043069	negative regulation of programmed cell death	ENSMUSG00000025746	Il6
cKO/CRE	up	GO:0043069	negative regulation of programmed cell death	ENSMUSG00000038676	Ucn
cKO/CRE	up	GO:0043069	negative regulation of programmed cell death	ENSMUSG00000037411	Serpine1
cKO/CRE	up	GO:0030030	cell projection organization	ENSMUSG00000025746	Il6
cKO/CRE	up	GO:0030030	cell projection organization	ENSMUSG00000044667	Plppr4
cKO/CRE	up	GO:0030030	cell projection organization	ENSMUSG00000030223	ENSMUSG00000030223
cKO/CRE	up	GO:0030030	cell projection organization	ENSMUSG00000024803	Ankrd1
cKO/CRE	up	GO:0030030	cell projection organization	ENSMUSG00000038676	Ucn
cKO/CRE	up	GO:0022603	regulation of anatomical structure morphogenesis	ENSMUSG00000025746	Il6
cKO/CRE	up	GO:0022603	regulation of anatomical structure morphogenesis	ENSMUSG00000054136	Adm2
cKO/CRE	up	GO:0022603	regulation of anatomical structure morphogenesis	ENSMUSG00000037411	Serpine1
cKO/CRE	up	GO:0045893	positive regulation of DNA-templated transcription	ENSMUSG00000025746	Il6
cKO/CRE	up	GO:0045893	positive regulation of DNA-templated transcription	ENSMUSG00000024803	Ankrd1
cKO/CRE	up	GO:0045893	positive regulation of DNA-templated transcription	ENSMUSG00000038676	Ucn
cKO/CRE	up	GO:1902680	positive regulation of RNA biosynthetic process	ENSMUSG00000025746	Il6
cKO/CRE	up	GO:1902680	positive regulation of RNA biosynthetic process	ENSMUSG00000024803	Ankrd1
cKO/CRE	up	GO:1902680	positive regulation of RNA biosynthetic process	ENSMUSG00000038676	Ucn
cKO/CRE	up	GO:0060341	regulation of cellular localization	ENSMUSG00000025746	Il6
cKO/CRE	up	GO:0060341	regulation of cellular localization	ENSMUSG00000024803	Ankrd1
cKO/CRE	up	GO:0045935	positive regulation of nucleobase-containing compound metabolic process	ENSMUSG00000025746	Il6
cKO/CRE	up	GO:0045935	positive regulation of nucleobase-containing compound metabolic process	ENSMUSG00000024803	Ankrd1
cKO/CRE	up	GO:0045935	positive regulation of nucleobase-containing compound metabolic process	ENSMUSG00000038676	Ucn
cKO/CRE	up	GO:1902531	regulation of intracellular signal transduction	ENSMUSG00000046223	Plaur
cKO/CRE	up	GO:1902531	regulation of intracellular signal transduction	ENSMUSG00000025746	Il6
cKO/CRE	up	GO:1902531	regulation of intracellular signal transduction	ENSMUSG00000015316	Slamf1
cKO/CRE	up	GO:1902531	regulation of intracellular signal transduction	ENSMUSG00000024803	Ankrd1
cKO/CRE	up	GO:1902531	regulation of intracellular signal transduction	ENSMUSG00000031383	Dusp9
cKO/CRE	up	GO:1902531	regulation of intracellular signal transduction	ENSMUSG00000038676	Ucn
cKO/CRE	up	GO:0048666	neuron development	ENSMUSG00000025746	Il6
cKO/CRE	up	GO:0048666	neuron development	ENSMUSG00000044667	Plppr4
cKO/CRE	up	GO:0048666	neuron development	ENSMUSG00000030223	ENSMUSG00000030223
cKO/CRE	up	GO:0048666	neuron development	ENSMUSG00000024803	Ankrd1
cKO/CRE	up	GO:0048666	neuron development	ENSMUSG00000038676	Ucn
cKO/CRE	up	GO:0043066	negative regulation of apoptotic process	ENSMUSG00000046223	Plaur
cKO/CRE	up	GO:0043066	negative regulation of apoptotic process	ENSMUSG00000025746	Il6
cKO/CRE	up	GO:0043066	negative regulation of apoptotic process	ENSMUSG00000038676	Ucn
cKO/CRE	up	GO:0043066	negative regulation of apoptotic process	ENSMUSG00000037411	Serpine1
cKO/CRE	up	GO:0051254	positive regulation of RNA metabolic process	ENSMUSG00000025746	Il6
cKO/CRE	up	GO:0051254	positive regulation of RNA metabolic process	ENSMUSG00000024803	Ankrd1
cKO/CRE	up	GO:0051254	positive regulation of RNA metabolic process	ENSMUSG00000038676	Ucn
cKO/CRE	up	GO:0033554	cellular response to stress	ENSMUSG00000028255	Clca1
cKO/CRE	up	GO:0033554	cellular response to stress	ENSMUSG00000024803	Ankrd1
cKO/CRE	up	GO:0045944	positive regulation of transcription by RNA polymerase II	ENSMUSG00000025746	Il6
cKO/CRE	up	GO:0045944	positive regulation of transcription by RNA polymerase II	ENSMUSG00000038676	Ucn
cKO/CRE	up	GO:0016043	cellular component organization	ENSMUSG00000046223	Plaur
cKO/CRE	up	GO:0016043	cellular component organization	ENSMUSG00000025746	Il6
cKO/CRE	up	GO:0016043	cellular component organization	ENSMUSG00000044667	Plppr4
cKO/CRE	up	GO:0016043	cellular component organization	ENSMUSG00000015316	Slamf1
cKO/CRE	up	GO:0016043	cellular component organization	ENSMUSG00000030223	ENSMUSG00000030223
cKO/CRE	up	GO:0016043	cellular component organization	ENSMUSG00000024803	Ankrd1
cKO/CRE	up	GO:0016043	cellular component organization	ENSMUSG00000025279	ENSMUSG00000025279
cKO/CRE	up	GO:0016043	cellular component organization	ENSMUSG00000067006	ENSMUSG00000067006
cKO/CRE	up	GO:0016043	cellular component organization	ENSMUSG00000058354	Krt6a
cKO/CRE	up	GO:0016043	cellular component organization	ENSMUSG00000038676	Ucn
cKO/CRE	up	GO:0016043	cellular component organization	ENSMUSG00000037411	Serpine1
cKO/CRE	up	GO:0051094	positive regulation of developmental process	ENSMUSG00000025746	Il6
cKO/CRE	up	GO:0051094	positive regulation of developmental process	ENSMUSG00000054136	Adm2
cKO/CRE	up	GO:0051094	positive regulation of developmental process	ENSMUSG00000037411	Serpine1
cKO/CRE	up	GO:0002376	immune system process	ENSMUSG00000039364	Sectm1b
cKO/CRE	up	GO:0002376	immune system process	ENSMUSG00000025746	Il6
cKO/CRE	up	GO:0002376	immune system process	ENSMUSG00000015316	Slamf1
cKO/CRE	up	GO:0002376	immune system process	ENSMUSG00000073747	Zpld2
cKO/CRE	up	GO:0002376	immune system process	ENSMUSG00000030223	ENSMUSG00000030223
cKO/CRE	up	GO:0002376	immune system process	ENSMUSG00000025279	ENSMUSG00000025279
cKO/CRE	up	GO:0002376	immune system process	ENSMUSG00000024517	Grp
cKO/CRE	up	GO:0002376	immune system process	ENSMUSG00000076434	ENSMUSG00000076434
cKO/CRE	up	GO:0002376	immune system process	ENSMUSG00000058354	Krt6a
cKO/CRE	up	GO:0002376	immune system process	ENSMUSG00000050108	Bpifc
cKO/CRE	up	GO:0002376	immune system process	ENSMUSG00000037411	Serpine1
cKO/CRE	up	GO:0032940	secretion by cell	ENSMUSG00000037428	Vgf
cKO/CRE	up	GO:0032940	secretion by cell	ENSMUSG00000042816	Gpr151
cKO/CRE	up	GO:0032940	secretion by cell	ENSMUSG00000030898	Cckbr
cKO/CRE	up	GO:0032940	secretion by cell	ENSMUSG00000025746	Il6
cKO/CRE	up	GO:0032940	secretion by cell	ENSMUSG00000024803	Ankrd1
cKO/CRE	up	GO:0032940	secretion by cell	ENSMUSG00000024517	Grp
cKO/CRE	up	GO:0032940	secretion by cell	ENSMUSG00000038676	Ucn
cKO/CRE	up	GO:0032940	secretion by cell	ENSMUSG00000051209	ENSMUSG00000051209
cKO/CRE	up	GO:0010468	regulation of gene expression	ENSMUSG00000046223	Plaur
cKO/CRE	up	GO:0010468	regulation of gene expression	ENSMUSG00000025746	Il6
cKO/CRE	up	GO:0010468	regulation of gene expression	ENSMUSG00000015316	Slamf1
cKO/CRE	up	GO:0010468	regulation of gene expression	ENSMUSG00000054136	Adm2
cKO/CRE	up	GO:0010468	regulation of gene expression	ENSMUSG00000024803	Ankrd1
cKO/CRE	up	GO:0010468	regulation of gene expression	ENSMUSG00000024517	Grp
cKO/CRE	up	GO:0010468	regulation of gene expression	ENSMUSG00000038676	Ucn
cKO/CRE	up	GO:0010468	regulation of gene expression	ENSMUSG00000037411	Serpine1
cKO/CRE	up	GO:0032880	regulation of protein localization	ENSMUSG00000025746	Il6
cKO/CRE	up	GO:0032880	regulation of protein localization	ENSMUSG00000024803	Ankrd1
cKO/CRE	up	GO:0071495	cellular response to endogenous stimulus	ENSMUSG00000031074	Fgf3
cKO/CRE	up	GO:0071495	cellular response to endogenous stimulus	ENSMUSG00000025746	Il6
cKO/CRE	up	GO:0071495	cellular response to endogenous stimulus	ENSMUSG00000024803	Ankrd1
cKO/CRE	up	GO:0080134	regulation of response to stress	ENSMUSG00000046223	Plaur
cKO/CRE	up	GO:0080134	regulation of response to stress	ENSMUSG00000030898	Cckbr
cKO/CRE	up	GO:0080134	regulation of response to stress	ENSMUSG00000024803	Ankrd1
cKO/CRE	up	GO:0080134	regulation of response to stress	ENSMUSG00000025279	ENSMUSG00000025279
cKO/CRE	up	GO:0080134	regulation of response to stress	ENSMUSG00000024517	Grp
cKO/CRE	up	GO:0080134	regulation of response to stress	ENSMUSG00000038676	Ucn
cKO/CRE	up	GO:0080134	regulation of response to stress	ENSMUSG00000037411	Serpine1
cKO/CRE	up	GO:0044419	biological process involved in interspecies interaction between organisms	ENSMUSG00000037428	Vgf
cKO/CRE	up	GO:0044419	biological process involved in interspecies interaction between organisms	ENSMUSG00000025746	Il6
cKO/CRE	up	GO:0044419	biological process involved in interspecies interaction between organisms	ENSMUSG00000034783	Cd207
cKO/CRE	up	GO:0044419	biological process involved in interspecies interaction between organisms	ENSMUSG00000015316	Slamf1
cKO/CRE	up	GO:0044419	biological process involved in interspecies interaction between organisms	ENSMUSG00000024803	Ankrd1
cKO/CRE	up	GO:0044419	biological process involved in interspecies interaction between organisms	ENSMUSG00000076434	ENSMUSG00000076434
cKO/CRE	up	GO:0044419	biological process involved in interspecies interaction between organisms	ENSMUSG00000058354	Krt6a
cKO/CRE	up	GO:0044419	biological process involved in interspecies interaction between organisms	ENSMUSG00000050108	Bpifc
cKO/CRE	up	GO:0044419	biological process involved in interspecies interaction between organisms	ENSMUSG00000037411	Serpine1
cKO/CRE	up	GO:0016192	vesicle-mediated transport	ENSMUSG00000042816	Gpr151
cKO/CRE	up	GO:0016192	vesicle-mediated transport	ENSMUSG00000024883	Rin1
cKO/CRE	up	GO:0016192	vesicle-mediated transport	ENSMUSG00000015316	Slamf1
cKO/CRE	up	GO:0016192	vesicle-mediated transport	ENSMUSG00000024517	Grp
cKO/CRE	up	GO:0016192	vesicle-mediated transport	ENSMUSG00000037411	Serpine1
cKO/CRE	up	GO:0010556	regulation of macromolecule biosynthetic process	ENSMUSG00000046223	Plaur
cKO/CRE	up	GO:0010556	regulation of macromolecule biosynthetic process	ENSMUSG00000025746	Il6
cKO/CRE	up	GO:0010556	regulation of macromolecule biosynthetic process	ENSMUSG00000015316	Slamf1
cKO/CRE	up	GO:0010556	regulation of macromolecule biosynthetic process	ENSMUSG00000054136	Adm2
cKO/CRE	up	GO:0010556	regulation of macromolecule biosynthetic process	ENSMUSG00000024803	Ankrd1
cKO/CRE	up	GO:0010556	regulation of macromolecule biosynthetic process	ENSMUSG00000024517	Grp
cKO/CRE	up	GO:0010556	regulation of macromolecule biosynthetic process	ENSMUSG00000038676	Ucn
cKO/CRE	up	GO:0010556	regulation of macromolecule biosynthetic process	ENSMUSG00000037411	Serpine1
cKO/CRE	up	GO:0009056	catabolic process	ENSMUSG00000025279	ENSMUSG00000025279
cKO/CRE	up	GO:0031344	regulation of cell projection organization	ENSMUSG00000025746	Il6
cKO/CRE	up	GO:0031344	regulation of cell projection organization	ENSMUSG00000024803	Ankrd1
cKO/CRE	up	GO:0009889	regulation of biosynthetic process	ENSMUSG00000046223	Plaur
cKO/CRE	up	GO:0009889	regulation of biosynthetic process	ENSMUSG00000025746	Il6
cKO/CRE	up	GO:0009889	regulation of biosynthetic process	ENSMUSG00000015316	Slamf1
cKO/CRE	up	GO:0009889	regulation of biosynthetic process	ENSMUSG00000054136	Adm2
cKO/CRE	up	GO:0009889	regulation of biosynthetic process	ENSMUSG00000024803	Ankrd1
cKO/CRE	up	GO:0009889	regulation of biosynthetic process	ENSMUSG00000024517	Grp
cKO/CRE	up	GO:0009889	regulation of biosynthetic process	ENSMUSG00000038676	Ucn
cKO/CRE	up	GO:0009889	regulation of biosynthetic process	ENSMUSG00000037411	Serpine1
cKO/CRE	up	GO:0031399	regulation of protein modification process	ENSMUSG00000025746	Il6
cKO/CRE	up	GO:0031399	regulation of protein modification process	ENSMUSG00000030223	ENSMUSG00000030223
cKO/CRE	up	GO:0031399	regulation of protein modification process	ENSMUSG00000038676	Ucn
cKO/CRE	up	GO:0120035	regulation of plasma membrane bounded cell projection organization	ENSMUSG00000025746	Il6
cKO/CRE	up	GO:0120035	regulation of plasma membrane bounded cell projection organization	ENSMUSG00000024803	Ankrd1
cKO/CRE	up	GO:0046903	secretion	ENSMUSG00000037428	Vgf
cKO/CRE	up	GO:0046903	secretion	ENSMUSG00000042816	Gpr151
cKO/CRE	up	GO:0046903	secretion	ENSMUSG00000030898	Cckbr
cKO/CRE	up	GO:0046903	secretion	ENSMUSG00000025746	Il6
cKO/CRE	up	GO:0046903	secretion	ENSMUSG00000024803	Ankrd1
cKO/CRE	up	GO:0046903	secretion	ENSMUSG00000024517	Grp
cKO/CRE	up	GO:0046903	secretion	ENSMUSG00000038676	Ucn
cKO/CRE	up	GO:0046903	secretion	ENSMUSG00000051209	ENSMUSG00000051209
cKO/CRE	up	GO:0031347	regulation of defense response	ENSMUSG00000030898	Cckbr
cKO/CRE	up	GO:0031347	regulation of defense response	ENSMUSG00000025279	ENSMUSG00000025279
cKO/CRE	up	GO:0031347	regulation of defense response	ENSMUSG00000024517	Grp
cKO/CRE	up	GO:0031347	regulation of defense response	ENSMUSG00000038676	Ucn
cKO/CRE	up	GO:0031347	regulation of defense response	ENSMUSG00000037411	Serpine1
cKO/CRE	up	GO:0098657	import into cell	ENSMUSG00000024883	Rin1
cKO/CRE	up	GO:0098657	import into cell	ENSMUSG00000015316	Slamf1
cKO/CRE	up	GO:0098657	import into cell	ENSMUSG00000037411	Serpine1
cKO/CRE	up	GO:0002682	regulation of immune system process	ENSMUSG00000025746	Il6
cKO/CRE	up	GO:0002682	regulation of immune system process	ENSMUSG00000015316	Slamf1
cKO/CRE	up	GO:0002682	regulation of immune system process	ENSMUSG00000025279	ENSMUSG00000025279
cKO/CRE	up	GO:0002682	regulation of immune system process	ENSMUSG00000037411	Serpine1
cKO/CRE	up	GO:0009607	response to biotic stimulus	ENSMUSG00000037428	Vgf
cKO/CRE	up	GO:0009607	response to biotic stimulus	ENSMUSG00000025746	Il6
cKO/CRE	up	GO:0009607	response to biotic stimulus	ENSMUSG00000034783	Cd207
cKO/CRE	up	GO:0009607	response to biotic stimulus	ENSMUSG00000015316	Slamf1
cKO/CRE	up	GO:0009607	response to biotic stimulus	ENSMUSG00000024803	Ankrd1
cKO/CRE	up	GO:0009607	response to biotic stimulus	ENSMUSG00000024517	Grp
cKO/CRE	up	GO:0009607	response to biotic stimulus	ENSMUSG00000076434	ENSMUSG00000076434
cKO/CRE	up	GO:0009607	response to biotic stimulus	ENSMUSG00000058354	Krt6a
cKO/CRE	up	GO:0009607	response to biotic stimulus	ENSMUSG00000050108	Bpifc
cKO/CRE	up	GO:0009607	response to biotic stimulus	ENSMUSG00000037411	Serpine1
cKO/CRE	up	GO:0033365	protein localization to organelle	ENSMUSG00000025746	Il6
cKO/CRE	up	GO:1901698	response to nitrogen compound	ENSMUSG00000037428	Vgf
cKO/CRE	up	GO:0008283	cell population proliferation	ENSMUSG00000030898	Cckbr
cKO/CRE	up	GO:0008283	cell population proliferation	ENSMUSG00000031074	Fgf3
cKO/CRE	up	GO:0008283	cell population proliferation	ENSMUSG00000025746	Il6
cKO/CRE	up	GO:0008283	cell population proliferation	ENSMUSG00000015316	Slamf1
cKO/CRE	up	GO:0008283	cell population proliferation	ENSMUSG00000067006	ENSMUSG00000067006
cKO/CRE	up	GO:0051240	positive regulation of multicellular organismal process	ENSMUSG00000030898	Cckbr
cKO/CRE	up	GO:0051240	positive regulation of multicellular organismal process	ENSMUSG00000025746	Il6
cKO/CRE	up	GO:0051240	positive regulation of multicellular organismal process	ENSMUSG00000015316	Slamf1
cKO/CRE	up	GO:0051240	positive regulation of multicellular organismal process	ENSMUSG00000054136	Adm2
cKO/CRE	up	GO:0051240	positive regulation of multicellular organismal process	ENSMUSG00000024517	Grp
cKO/CRE	up	GO:0051240	positive regulation of multicellular organismal process	ENSMUSG00000038676	Ucn
cKO/CRE	up	GO:0051240	positive regulation of multicellular organismal process	ENSMUSG00000037411	Serpine1
cKO/CRE	up	GO:1902532	negative regulation of intracellular signal transduction	ENSMUSG00000046223	Plaur
cKO/CRE	up	GO:1902532	negative regulation of intracellular signal transduction	ENSMUSG00000031383	Dusp9
cKO/CRE	up	GO:0140352	export from cell	ENSMUSG00000037428	Vgf
cKO/CRE	up	GO:0140352	export from cell	ENSMUSG00000042816	Gpr151
cKO/CRE	up	GO:0140352	export from cell	ENSMUSG00000030898	Cckbr
cKO/CRE	up	GO:0140352	export from cell	ENSMUSG00000025746	Il6
cKO/CRE	up	GO:0140352	export from cell	ENSMUSG00000024803	Ankrd1
cKO/CRE	up	GO:0140352	export from cell	ENSMUSG00000024517	Grp
cKO/CRE	up	GO:0140352	export from cell	ENSMUSG00000038676	Ucn
cKO/CRE	up	GO:0140352	export from cell	ENSMUSG00000051209	ENSMUSG00000051209
cKO/CRE	up	GO:0009888	tissue development	ENSMUSG00000046223	Plaur
cKO/CRE	up	GO:0009888	tissue development	ENSMUSG00000031074	Fgf3
cKO/CRE	up	GO:0009888	tissue development	ENSMUSG00000025746	Il6
cKO/CRE	up	GO:0009888	tissue development	ENSMUSG00000103523	2210017I01Rik
cKO/CRE	up	GO:0009888	tissue development	ENSMUSG00000030223	ENSMUSG00000030223
cKO/CRE	up	GO:0009888	tissue development	ENSMUSG00000024803	Ankrd1
cKO/CRE	up	GO:0009888	tissue development	ENSMUSG00000067006	ENSMUSG00000067006
cKO/CRE	up	GO:0009888	tissue development	ENSMUSG00000027919	Lce1g
cKO/CRE	up	GO:0009888	tissue development	ENSMUSG00000058354	Krt6a
cKO/CRE	up	GO:0009888	tissue development	ENSMUSG00000037411	Serpine1
cKO/CRE	up	GO:0051130	positive regulation of cellular component organization	ENSMUSG00000046223	Plaur
cKO/CRE	up	GO:0051130	positive regulation of cellular component organization	ENSMUSG00000025746	Il6
cKO/CRE	up	GO:0051130	positive regulation of cellular component organization	ENSMUSG00000024803	Ankrd1
cKO/CRE	up	GO:0051130	positive regulation of cellular component organization	ENSMUSG00000037411	Serpine1
cKO/CRE	up	GO:0043068	positive regulation of programmed cell death	ENSMUSG00000024803	Ankrd1
cKO/CRE	up	GO:0043068	positive regulation of programmed cell death	ENSMUSG00000024517	Grp
cKO/CRE	up	GO:0043207	response to external biotic stimulus	ENSMUSG00000037428	Vgf
cKO/CRE	up	GO:0043207	response to external biotic stimulus	ENSMUSG00000025746	Il6
cKO/CRE	up	GO:0043207	response to external biotic stimulus	ENSMUSG00000034783	Cd207
cKO/CRE	up	GO:0043207	response to external biotic stimulus	ENSMUSG00000015316	Slamf1
cKO/CRE	up	GO:0043207	response to external biotic stimulus	ENSMUSG00000024803	Ankrd1
cKO/CRE	up	GO:0043207	response to external biotic stimulus	ENSMUSG00000024517	Grp
cKO/CRE	up	GO:0043207	response to external biotic stimulus	ENSMUSG00000076434	ENSMUSG00000076434
cKO/CRE	up	GO:0043207	response to external biotic stimulus	ENSMUSG00000058354	Krt6a
cKO/CRE	up	GO:0043207	response to external biotic stimulus	ENSMUSG00000050108	Bpifc
cKO/CRE	up	GO:0043207	response to external biotic stimulus	ENSMUSG00000037411	Serpine1
cKO/CRE	up	GO:0043065	positive regulation of apoptotic process	ENSMUSG00000024803	Ankrd1
cKO/CRE	up	GO:0043065	positive regulation of apoptotic process	ENSMUSG00000024517	Grp
cKO/CRE	up	GO:0006357	regulation of transcription by RNA polymerase II	ENSMUSG00000025746	Il6
cKO/CRE	up	GO:0006357	regulation of transcription by RNA polymerase II	ENSMUSG00000024803	Ankrd1
cKO/CRE	up	GO:0006357	regulation of transcription by RNA polymerase II	ENSMUSG00000038676	Ucn
cKO/CRE	up	GO:0019219	regulation of nucleobase-containing compound metabolic process	ENSMUSG00000025746	Il6
cKO/CRE	up	GO:0019219	regulation of nucleobase-containing compound metabolic process	ENSMUSG00000024803	Ankrd1
cKO/CRE	up	GO:0019219	regulation of nucleobase-containing compound metabolic process	ENSMUSG00000038676	Ucn
cKO/CRE	up	GO:0031346	positive regulation of cell projection organization	ENSMUSG00000025746	Il6
cKO/CRE	up	GO:0031346	positive regulation of cell projection organization	ENSMUSG00000024803	Ankrd1
cKO/CRE	up	GO:1901700	response to oxygen-containing compound	ENSMUSG00000037428	Vgf
cKO/CRE	up	GO:1901700	response to oxygen-containing compound	ENSMUSG00000025746	Il6
cKO/CRE	up	GO:1901700	response to oxygen-containing compound	ENSMUSG00000024803	Ankrd1
cKO/CRE	up	GO:1901700	response to oxygen-containing compound	ENSMUSG00000038676	Ucn
cKO/CRE	up	GO:1901700	response to oxygen-containing compound	ENSMUSG00000037411	Serpine1
cKO/CRE	up	GO:0051707	response to other organism	ENSMUSG00000037428	Vgf
cKO/CRE	up	GO:0051707	response to other organism	ENSMUSG00000025746	Il6
cKO/CRE	up	GO:0051707	response to other organism	ENSMUSG00000034783	Cd207
cKO/CRE	up	GO:0051707	response to other organism	ENSMUSG00000015316	Slamf1
cKO/CRE	up	GO:0051707	response to other organism	ENSMUSG00000024803	Ankrd1
cKO/CRE	up	GO:0051707	response to other organism	ENSMUSG00000076434	ENSMUSG00000076434
cKO/CRE	up	GO:0051707	response to other organism	ENSMUSG00000058354	Krt6a
cKO/CRE	up	GO:0051707	response to other organism	ENSMUSG00000050108	Bpifc
cKO/CRE	up	GO:0051707	response to other organism	ENSMUSG00000037411	Serpine1
cKO/CRE	up	GO:0070887	cellular response to chemical stimulus	ENSMUSG00000025746	Il6
cKO/CRE	up	GO:0070887	cellular response to chemical stimulus	ENSMUSG00000015316	Slamf1
cKO/CRE	up	GO:0070887	cellular response to chemical stimulus	ENSMUSG00000028255	Clca1
cKO/CRE	up	GO:0070887	cellular response to chemical stimulus	ENSMUSG00000030223	ENSMUSG00000030223
cKO/CRE	up	GO:0070887	cellular response to chemical stimulus	ENSMUSG00000024803	Ankrd1
cKO/CRE	up	GO:0070887	cellular response to chemical stimulus	ENSMUSG00000024517	Grp
cKO/CRE	up	GO:0070887	cellular response to chemical stimulus	ENSMUSG00000037411	Serpine1
cKO/CRE	up	GO:0097193	intrinsic apoptotic signaling pathway	ENSMUSG00000046223	Plaur
cKO/CRE	up	GO:0009967	positive regulation of signal transduction	ENSMUSG00000046223	Plaur
cKO/CRE	up	GO:0009967	positive regulation of signal transduction	ENSMUSG00000025746	Il6
cKO/CRE	up	GO:0009967	positive regulation of signal transduction	ENSMUSG00000015316	Slamf1
cKO/CRE	up	GO:0009967	positive regulation of signal transduction	ENSMUSG00000024803	Ankrd1
cKO/CRE	up	GO:0009967	positive regulation of signal transduction	ENSMUSG00000024517	Grp
cKO/CRE	up	GO:0009967	positive regulation of signal transduction	ENSMUSG00000038676	Ucn
cKO/CRE	up	GO:0045595	regulation of cell differentiation	ENSMUSG00000025746	Il6
cKO/CRE	up	GO:0045595	regulation of cell differentiation	ENSMUSG00000037411	Serpine1
cKO/CRE	up	GO:0006366	transcription by RNA polymerase II	ENSMUSG00000025746	Il6
cKO/CRE	up	GO:0006366	transcription by RNA polymerase II	ENSMUSG00000024803	Ankrd1
cKO/CRE	up	GO:0006366	transcription by RNA polymerase II	ENSMUSG00000038676	Ucn
cKO/CRE	up	GO:0051252	regulation of RNA metabolic process	ENSMUSG00000025746	Il6
cKO/CRE	up	GO:0051252	regulation of RNA metabolic process	ENSMUSG00000024803	Ankrd1
cKO/CRE	up	GO:0051252	regulation of RNA metabolic process	ENSMUSG00000038676	Ucn
cKO/CRE	up	GO:0006996	organelle organization	ENSMUSG00000046223	Plaur
cKO/CRE	up	GO:0006996	organelle organization	ENSMUSG00000015316	Slamf1
cKO/CRE	up	GO:0006996	organelle organization	ENSMUSG00000058354	Krt6a
cKO/CRE	up	GO:0010628	positive regulation of gene expression	ENSMUSG00000025746	Il6
cKO/CRE	up	GO:0010628	positive regulation of gene expression	ENSMUSG00000015316	Slamf1
cKO/CRE	up	GO:0010628	positive regulation of gene expression	ENSMUSG00000054136	Adm2
cKO/CRE	up	GO:0010628	positive regulation of gene expression	ENSMUSG00000038676	Ucn
cKO/CRE	up	GO:0010628	positive regulation of gene expression	ENSMUSG00000037411	Serpine1
cKO/CRE	up	GO:2001234	negative regulation of apoptotic signaling pathway	ENSMUSG00000046223	Plaur
cKO/CRE	up	GO:2001234	negative regulation of apoptotic signaling pathway	ENSMUSG00000037411	Serpine1
cKO/CRE	up	GO:2000026	regulation of multicellular organismal development	ENSMUSG00000025746	Il6
cKO/CRE	up	GO:2000026	regulation of multicellular organismal development	ENSMUSG00000054136	Adm2
cKO/CRE	up	GO:2000026	regulation of multicellular organismal development	ENSMUSG00000037411	Serpine1
cKO/CRE	up	GO:0045087	innate immune response	ENSMUSG00000015316	Slamf1
cKO/CRE	up	GO:0045087	innate immune response	ENSMUSG00000076434	ENSMUSG00000076434
cKO/CRE	up	GO:0045087	innate immune response	ENSMUSG00000050108	Bpifc
cKO/CRE	up	GO:0006886	intracellular protein transport	ENSMUSG00000025746	Il6
cKO/CRE	up	GO:0006954	inflammatory response	ENSMUSG00000025746	Il6
cKO/CRE	up	GO:0006954	inflammatory response	ENSMUSG00000015316	Slamf1
cKO/CRE	up	GO:0006954	inflammatory response	ENSMUSG00000025279	ENSMUSG00000025279
cKO/CRE	up	GO:0006954	inflammatory response	ENSMUSG00000037411	Serpine1
cKO/CRE	up	GO:0009892	negative regulation of metabolic process	ENSMUSG00000025746	Il6
cKO/CRE	up	GO:0009892	negative regulation of metabolic process	ENSMUSG00000015316	Slamf1
cKO/CRE	up	GO:0009892	negative regulation of metabolic process	ENSMUSG00000030223	ENSMUSG00000030223
cKO/CRE	up	GO:0009892	negative regulation of metabolic process	ENSMUSG00000024803	Ankrd1
cKO/CRE	up	GO:0009892	negative regulation of metabolic process	ENSMUSG00000038676	Ucn
cKO/CRE	up	GO:0009892	negative regulation of metabolic process	ENSMUSG00000037411	Serpine1
cKO/CRE	up	GO:0098542	defense response to other organism	ENSMUSG00000037428	Vgf
cKO/CRE	up	GO:0098542	defense response to other organism	ENSMUSG00000025746	Il6
cKO/CRE	up	GO:0098542	defense response to other organism	ENSMUSG00000034783	Cd207
cKO/CRE	up	GO:0098542	defense response to other organism	ENSMUSG00000015316	Slamf1
cKO/CRE	up	GO:0098542	defense response to other organism	ENSMUSG00000076434	ENSMUSG00000076434
cKO/CRE	up	GO:0098542	defense response to other organism	ENSMUSG00000058354	Krt6a
cKO/CRE	up	GO:0098542	defense response to other organism	ENSMUSG00000050108	Bpifc
cKO/CRE	up	GO:0098542	defense response to other organism	ENSMUSG00000037411	Serpine1
cKO/CRE	up	GO:0023056	positive regulation of signaling	ENSMUSG00000046223	Plaur
cKO/CRE	up	GO:0023056	positive regulation of signaling	ENSMUSG00000030898	Cckbr
cKO/CRE	up	GO:0023056	positive regulation of signaling	ENSMUSG00000025746	Il6
cKO/CRE	up	GO:0023056	positive regulation of signaling	ENSMUSG00000015316	Slamf1
cKO/CRE	up	GO:0023056	positive regulation of signaling	ENSMUSG00000024803	Ankrd1
cKO/CRE	up	GO:0023056	positive regulation of signaling	ENSMUSG00000024517	Grp
cKO/CRE	up	GO:0023056	positive regulation of signaling	ENSMUSG00000038676	Ucn
cKO/CRE	up	GO:0051247	positive regulation of protein metabolic process	ENSMUSG00000025746	Il6
cKO/CRE	up	GO:0051247	positive regulation of protein metabolic process	ENSMUSG00000038676	Ucn
cKO/CRE	up	GO:0051241	negative regulation of multicellular organismal process	ENSMUSG00000046223	Plaur
cKO/CRE	up	GO:0051241	negative regulation of multicellular organismal process	ENSMUSG00000031074	Fgf3
cKO/CRE	up	GO:0051241	negative regulation of multicellular organismal process	ENSMUSG00000027611	Procr
cKO/CRE	up	GO:0051241	negative regulation of multicellular organismal process	ENSMUSG00000025746	Il6
cKO/CRE	up	GO:0051241	negative regulation of multicellular organismal process	ENSMUSG00000015316	Slamf1
cKO/CRE	up	GO:0051241	negative regulation of multicellular organismal process	ENSMUSG00000030223	ENSMUSG00000030223
cKO/CRE	up	GO:0051241	negative regulation of multicellular organismal process	ENSMUSG00000038676	Ucn
cKO/CRE	up	GO:0051241	negative regulation of multicellular organismal process	ENSMUSG00000037411	Serpine1
cKO/CRE	up	GO:0072359	circulatory system development	ENSMUSG00000031074	Fgf3
cKO/CRE	up	GO:0072359	circulatory system development	ENSMUSG00000054136	Adm2
cKO/CRE	up	GO:0072359	circulatory system development	ENSMUSG00000024803	Ankrd1
cKO/CRE	up	GO:0072359	circulatory system development	ENSMUSG00000037411	Serpine1
cKO/CRE	up	GO:0140546	defense response to symbiont	ENSMUSG00000015316	Slamf1
cKO/CRE	up	GO:0140546	defense response to symbiont	ENSMUSG00000076434	ENSMUSG00000076434
cKO/CRE	up	GO:0140546	defense response to symbiont	ENSMUSG00000058354	Krt6a
cKO/CRE	up	GO:0140546	defense response to symbiont	ENSMUSG00000050108	Bpifc
cKO/CRE	up	GO:2001233	regulation of apoptotic signaling pathway	ENSMUSG00000046223	Plaur
cKO/CRE	up	GO:2001233	regulation of apoptotic signaling pathway	ENSMUSG00000037411	Serpine1
cKO/CRE	up	GO:0010975	regulation of neuron projection development	ENSMUSG00000025746	Il6
cKO/CRE	up	GO:0010975	regulation of neuron projection development	ENSMUSG00000024803	Ankrd1
cKO/CRE	up	GO:0010647	positive regulation of cell communication	ENSMUSG00000046223	Plaur
cKO/CRE	up	GO:0010647	positive regulation of cell communication	ENSMUSG00000030898	Cckbr
cKO/CRE	up	GO:0010647	positive regulation of cell communication	ENSMUSG00000025746	Il6
cKO/CRE	up	GO:0010647	positive regulation of cell communication	ENSMUSG00000015316	Slamf1
cKO/CRE	up	GO:0010647	positive regulation of cell communication	ENSMUSG00000024803	Ankrd1
cKO/CRE	up	GO:0010647	positive regulation of cell communication	ENSMUSG00000024517	Grp
cKO/CRE	up	GO:0010647	positive regulation of cell communication	ENSMUSG00000038676	Ucn
cKO/CRE	up	GO:0010605	negative regulation of macromolecule metabolic process	ENSMUSG00000025746	Il6
cKO/CRE	up	GO:0010605	negative regulation of macromolecule metabolic process	ENSMUSG00000015316	Slamf1
cKO/CRE	up	GO:0010605	negative regulation of macromolecule metabolic process	ENSMUSG00000030223	ENSMUSG00000030223
cKO/CRE	up	GO:0010605	negative regulation of macromolecule metabolic process	ENSMUSG00000024803	Ankrd1
cKO/CRE	up	GO:0010605	negative regulation of macromolecule metabolic process	ENSMUSG00000038676	Ucn
cKO/CRE	up	GO:0010605	negative regulation of macromolecule metabolic process	ENSMUSG00000037411	Serpine1
cKO/CRE	up	GO:0030335	positive regulation of cell migration	ENSMUSG00000015316	Slamf1
cKO/CRE	up	GO:0030335	positive regulation of cell migration	ENSMUSG00000037411	Serpine1
cKO/CRE	up	GO:0051248	negative regulation of protein metabolic process	ENSMUSG00000030223	ENSMUSG00000030223
cKO/CRE	up	GO:0051248	negative regulation of protein metabolic process	ENSMUSG00000037411	Serpine1
cKO/CRE	up	GO:0050776	regulation of immune response	ENSMUSG00000025746	Il6
cKO/CRE	up	GO:0050776	regulation of immune response	ENSMUSG00000015316	Slamf1
cKO/CRE	up	GO:1903829	positive regulation of protein localization	ENSMUSG00000025746	Il6
cKO/CRE	up	GO:1903829	positive regulation of protein localization	ENSMUSG00000024803	Ankrd1
cKO/CRE	up	GO:0099173	postsynapse organization	ENSMUSG00000044667	Plppr4
cKO/CRE	up	GO:0042127	regulation of cell population proliferation	ENSMUSG00000030898	Cckbr
cKO/CRE	up	GO:0042127	regulation of cell population proliferation	ENSMUSG00000031074	Fgf3
cKO/CRE	up	GO:0042127	regulation of cell population proliferation	ENSMUSG00000025746	Il6
cKO/CRE	up	GO:0042127	regulation of cell population proliferation	ENSMUSG00000015316	Slamf1
cKO/CRE	up	GO:0042127	regulation of cell population proliferation	ENSMUSG00000067006	ENSMUSG00000067006
cKO/CRE	up	GO:0006897	endocytosis	ENSMUSG00000024883	Rin1
cKO/CRE	up	GO:0006897	endocytosis	ENSMUSG00000015316	Slamf1
cKO/CRE	up	GO:0006897	endocytosis	ENSMUSG00000037411	Serpine1
cKO/CRE	up	GO:2001141	regulation of RNA biosynthetic process	ENSMUSG00000025746	Il6
cKO/CRE	up	GO:2001141	regulation of RNA biosynthetic process	ENSMUSG00000024803	Ankrd1
cKO/CRE	up	GO:2001141	regulation of RNA biosynthetic process	ENSMUSG00000038676	Ucn
cKO/CRE	up	GO:0006955	immune response	ENSMUSG00000039364	Sectm1b
cKO/CRE	up	GO:0006955	immune response	ENSMUSG00000025746	Il6
cKO/CRE	up	GO:0006955	immune response	ENSMUSG00000015316	Slamf1
cKO/CRE	up	GO:0006955	immune response	ENSMUSG00000025279	ENSMUSG00000025279
cKO/CRE	up	GO:0006955	immune response	ENSMUSG00000024517	Grp
cKO/CRE	up	GO:0006955	immune response	ENSMUSG00000076434	ENSMUSG00000076434
cKO/CRE	up	GO:0006955	immune response	ENSMUSG00000058354	Krt6a
cKO/CRE	up	GO:0006955	immune response	ENSMUSG00000050108	Bpifc
cKO/CRE	up	GO:0040017	positive regulation of locomotion	ENSMUSG00000015316	Slamf1
cKO/CRE	up	GO:0040017	positive regulation of locomotion	ENSMUSG00000037411	Serpine1
cKO/CRE	up	GO:0001944	vasculature development	ENSMUSG00000054136	Adm2
cKO/CRE	up	GO:0001944	vasculature development	ENSMUSG00000037411	Serpine1
cKO/CRE	up	GO:0018193	peptidyl-amino acid modification	ENSMUSG00000025746	Il6
cKO/CRE	up	GO:0018193	peptidyl-amino acid modification	ENSMUSG00000038676	Ucn
cKO/CRE	up	GO:0008152	metabolic process	ENSMUSG00000037428	Vgf
cKO/CRE	up	GO:0008152	metabolic process	ENSMUSG00000046223	Plaur
cKO/CRE	up	GO:0008152	metabolic process	ENSMUSG00000025746	Il6
cKO/CRE	up	GO:0008152	metabolic process	ENSMUSG00000044667	Plppr4
cKO/CRE	up	GO:0008152	metabolic process	ENSMUSG00000015316	Slamf1
cKO/CRE	up	GO:0008152	metabolic process	ENSMUSG00000026247	Ecel1
cKO/CRE	up	GO:0008152	metabolic process	ENSMUSG00000054136	Adm2
cKO/CRE	up	GO:0008152	metabolic process	ENSMUSG00000028255	Clca1
cKO/CRE	up	GO:0008152	metabolic process	ENSMUSG00000030223	ENSMUSG00000030223
cKO/CRE	up	GO:0008152	metabolic process	ENSMUSG00000024803	Ankrd1
cKO/CRE	up	GO:0008152	metabolic process	ENSMUSG00000025279	ENSMUSG00000025279
cKO/CRE	up	GO:0008152	metabolic process	ENSMUSG00000024517	Grp
cKO/CRE	up	GO:0008152	metabolic process	ENSMUSG00000031383	Dusp9
cKO/CRE	up	GO:0008152	metabolic process	ENSMUSG00000038676	Ucn
cKO/CRE	up	GO:0008152	metabolic process	ENSMUSG00000037411	Serpine1
cKO/CRE	up	GO:0008152	metabolic process	ENSMUSG00000051209	ENSMUSG00000051209
cKO/CRE	up	GO:0044238	primary metabolic process	ENSMUSG00000046223	Plaur
cKO/CRE	up	GO:0044238	primary metabolic process	ENSMUSG00000025746	Il6
cKO/CRE	up	GO:0044238	primary metabolic process	ENSMUSG00000044667	Plppr4
cKO/CRE	up	GO:0044238	primary metabolic process	ENSMUSG00000026247	Ecel1
cKO/CRE	up	GO:0044238	primary metabolic process	ENSMUSG00000028255	Clca1
cKO/CRE	up	GO:0044238	primary metabolic process	ENSMUSG00000030223	ENSMUSG00000030223
cKO/CRE	up	GO:0044238	primary metabolic process	ENSMUSG00000024803	Ankrd1
cKO/CRE	up	GO:0044238	primary metabolic process	ENSMUSG00000025279	ENSMUSG00000025279
cKO/CRE	up	GO:0044238	primary metabolic process	ENSMUSG00000031383	Dusp9
cKO/CRE	up	GO:0044238	primary metabolic process	ENSMUSG00000038676	Ucn
cKO/CRE	up	GO:0044238	primary metabolic process	ENSMUSG00000037411	Serpine1
cKO/CRE	up	GO:2000147	positive regulation of cell motility	ENSMUSG00000015316	Slamf1
cKO/CRE	up	GO:2000147	positive regulation of cell motility	ENSMUSG00000037411	Serpine1
cKO/CRE	up	GO:0006355	regulation of DNA-templated transcription	ENSMUSG00000025746	Il6
cKO/CRE	up	GO:0006355	regulation of DNA-templated transcription	ENSMUSG00000024803	Ankrd1
cKO/CRE	up	GO:0006355	regulation of DNA-templated transcription	ENSMUSG00000038676	Ucn
cKO/CRE	up	GO:0060429	epithelium development	ENSMUSG00000046223	Plaur
cKO/CRE	up	GO:0060429	epithelium development	ENSMUSG00000025746	Il6
cKO/CRE	up	GO:0060429	epithelium development	ENSMUSG00000103523	2210017I01Rik
cKO/CRE	up	GO:0060429	epithelium development	ENSMUSG00000030223	ENSMUSG00000030223
cKO/CRE	up	GO:0060429	epithelium development	ENSMUSG00000067006	ENSMUSG00000067006
cKO/CRE	up	GO:0060429	epithelium development	ENSMUSG00000027919	Lce1g
cKO/CRE	up	GO:0060429	epithelium development	ENSMUSG00000058354	Krt6a
cKO/CRE	up	GO:0060429	epithelium development	ENSMUSG00000037411	Serpine1
cKO/CRE	up	GO:0007010	cytoskeleton organization	ENSMUSG00000058354	Krt6a
cKO/CRE	up	GO:0030155	regulation of cell adhesion	ENSMUSG00000046223	Plaur
cKO/CRE	up	GO:0030155	regulation of cell adhesion	ENSMUSG00000025746	Il6
cKO/CRE	up	GO:0030155	regulation of cell adhesion	ENSMUSG00000015316	Slamf1
cKO/CRE	up	GO:0030155	regulation of cell adhesion	ENSMUSG00000037411	Serpine1
cKO/CRE	up	GO:0060627	regulation of vesicle-mediated transport	ENSMUSG00000042816	Gpr151
cKO/CRE	up	GO:0060627	regulation of vesicle-mediated transport	ENSMUSG00000015316	Slamf1
cKO/CRE	up	GO:0060627	regulation of vesicle-mediated transport	ENSMUSG00000037411	Serpine1
cKO/CRE	up	GO:0009611	response to wounding	ENSMUSG00000046223	Plaur
cKO/CRE	up	GO:0009611	response to wounding	ENSMUSG00000027611	Procr
cKO/CRE	up	GO:0009611	response to wounding	ENSMUSG00000025746	Il6
cKO/CRE	up	GO:0009611	response to wounding	ENSMUSG00000058354	Krt6a
cKO/CRE	up	GO:0009611	response to wounding	ENSMUSG00000061947	ENSMUSG00000061947
cKO/CRE	up	GO:0009611	response to wounding	ENSMUSG00000037411	Serpine1
cKO/CRE	up	GO:0006351	DNA-templated transcription	ENSMUSG00000025746	Il6
cKO/CRE	up	GO:0006351	DNA-templated transcription	ENSMUSG00000024803	Ankrd1
cKO/CRE	up	GO:0006351	DNA-templated transcription	ENSMUSG00000038676	Ucn
cKO/CRE	up	GO:0050807	regulation of synapse organization	ENSMUSG00000044667	Plppr4
cKO/CRE	up	GO:0050807	regulation of synapse organization	ENSMUSG00000030223	ENSMUSG00000030223
cKO/CRE	up	GO:0006508	proteolysis	ENSMUSG00000046223	Plaur
cKO/CRE	up	GO:0006508	proteolysis	ENSMUSG00000026247	Ecel1
cKO/CRE	up	GO:0006508	proteolysis	ENSMUSG00000028255	Clca1
cKO/CRE	up	GO:0006508	proteolysis	ENSMUSG00000037411	Serpine1
cKO/CRE	up	GO:0010976	positive regulation of neuron projection development	ENSMUSG00000025746	Il6
cKO/CRE	up	GO:0010976	positive regulation of neuron projection development	ENSMUSG00000024803	Ankrd1
cKO/CRE	up	GO:0001817	regulation of cytokine production	ENSMUSG00000025746	Il6
cKO/CRE	up	GO:0001817	regulation of cytokine production	ENSMUSG00000015316	Slamf1
cKO/CRE	up	GO:0001817	regulation of cytokine production	ENSMUSG00000038676	Ucn
cKO/CRE	up	GO:0001817	regulation of cytokine production	ENSMUSG00000037411	Serpine1
cKO/CRE	up	GO:1903530	regulation of secretion by cell	ENSMUSG00000042816	Gpr151
cKO/CRE	up	GO:1903530	regulation of secretion by cell	ENSMUSG00000030898	Cckbr
cKO/CRE	up	GO:1903530	regulation of secretion by cell	ENSMUSG00000025746	Il6
cKO/CRE	up	GO:1903530	regulation of secretion by cell	ENSMUSG00000024803	Ankrd1
cKO/CRE	up	GO:1903530	regulation of secretion by cell	ENSMUSG00000024517	Grp
cKO/CRE	up	GO:1903530	regulation of secretion by cell	ENSMUSG00000038676	Ucn
cKO/CRE	up	GO:0001816	cytokine production	ENSMUSG00000025746	Il6
cKO/CRE	up	GO:0001816	cytokine production	ENSMUSG00000015316	Slamf1
cKO/CRE	up	GO:0001816	cytokine production	ENSMUSG00000038676	Ucn
cKO/CRE	up	GO:0001816	cytokine production	ENSMUSG00000037411	Serpine1
cKO/CRE	up	GO:0050803	regulation of synapse structure or activity	ENSMUSG00000044667	Plppr4
cKO/CRE	up	GO:0050803	regulation of synapse structure or activity	ENSMUSG00000030223	ENSMUSG00000030223
cKO/CRE	up	GO:0000902	cell morphogenesis	ENSMUSG00000025746	Il6
cKO/CRE	up	GO:0000902	cell morphogenesis	ENSMUSG00000044667	Plppr4
cKO/CRE	up	GO:0000902	cell morphogenesis	ENSMUSG00000030223	ENSMUSG00000030223
cKO/CRE	up	GO:0099175	regulation of postsynapse organization	ENSMUSG00000044667	Plppr4
cKO/CRE	up	GO:0045934	negative regulation of nucleobase-containing compound metabolic process	ENSMUSG00000024803	Ankrd1
cKO/CRE	up	GO:0023061	signal release	ENSMUSG00000037428	Vgf
cKO/CRE	up	GO:0023061	signal release	ENSMUSG00000042816	Gpr151
cKO/CRE	up	GO:0023061	signal release	ENSMUSG00000030898	Cckbr
cKO/CRE	up	GO:0023061	signal release	ENSMUSG00000025746	Il6
cKO/CRE	up	GO:0023061	signal release	ENSMUSG00000024517	Grp
cKO/CRE	up	GO:0023061	signal release	ENSMUSG00000038676	Ucn
cKO/CRE	up	GO:0023061	signal release	ENSMUSG00000051209	ENSMUSG00000051209
cKO/CRE	up	GO:0031667	response to nutrient levels	ENSMUSG00000037428	Vgf
cKO/CRE	up	GO:0031667	response to nutrient levels	ENSMUSG00000038676	Ucn
cKO/CRE	up	GO:2000146	negative regulation of cell motility	ENSMUSG00000037411	Serpine1
cKO/CRE	up	GO:0002684	positive regulation of immune system process	ENSMUSG00000025746	Il6
cKO/CRE	up	GO:0002684	positive regulation of immune system process	ENSMUSG00000015316	Slamf1
cKO/CRE	up	GO:0002684	positive regulation of immune system process	ENSMUSG00000037411	Serpine1
cKO/CRE	up	GO:0045597	positive regulation of cell differentiation	ENSMUSG00000025746	Il6
cKO/CRE	up	GO:0045597	positive regulation of cell differentiation	ENSMUSG00000037411	Serpine1
cKO/CRE	up	GO:0035295	tube development	ENSMUSG00000030898	Cckbr
cKO/CRE	up	GO:0035295	tube development	ENSMUSG00000054136	Adm2
cKO/CRE	up	GO:0035295	tube development	ENSMUSG00000037411	Serpine1
cKO/CRE	up	GO:0070201	regulation of establishment of protein localization	ENSMUSG00000025746	Il6
cKO/CRE	up	GO:0070201	regulation of establishment of protein localization	ENSMUSG00000024803	Ankrd1
cKO/CRE	up	GO:0061024	membrane organization	ENSMUSG00000015316	Slamf1
cKO/CRE	up	GO:0030336	negative regulation of cell migration	ENSMUSG00000037411	Serpine1
cKO/CRE	up	GO:0010562	positive regulation of phosphorus metabolic process	ENSMUSG00000025746	Il6
cKO/CRE	up	GO:0010562	positive regulation of phosphorus metabolic process	ENSMUSG00000038676	Ucn
cKO/CRE	up	GO:0045937	positive regulation of phosphate metabolic process	ENSMUSG00000025746	Il6
cKO/CRE	up	GO:0045937	positive regulation of phosphate metabolic process	ENSMUSG00000038676	Ucn
cKO/CRE	up	GO:0001934	positive regulation of protein phosphorylation	ENSMUSG00000025746	Il6
cKO/CRE	up	GO:0001934	positive regulation of protein phosphorylation	ENSMUSG00000038676	Ucn
cKO/CRE	up	GO:0035239	tube morphogenesis	ENSMUSG00000054136	Adm2
cKO/CRE	up	GO:0035239	tube morphogenesis	ENSMUSG00000037411	Serpine1
cKO/CRE	up	GO:1901701	cellular response to oxygen-containing compound	ENSMUSG00000025746	Il6
cKO/CRE	up	GO:1901701	cellular response to oxygen-containing compound	ENSMUSG00000024803	Ankrd1
cKO/CRE	up	GO:1901701	cellular response to oxygen-containing compound	ENSMUSG00000037411	Serpine1
cKO/CRE	up	GO:1902533	positive regulation of intracellular signal transduction	ENSMUSG00000025746	Il6
cKO/CRE	up	GO:1902533	positive regulation of intracellular signal transduction	ENSMUSG00000015316	Slamf1
cKO/CRE	up	GO:1902533	positive regulation of intracellular signal transduction	ENSMUSG00000024803	Ankrd1
cKO/CRE	up	GO:1902533	positive regulation of intracellular signal transduction	ENSMUSG00000038676	Ucn
cKO/CRE	up	GO:0001525	angiogenesis	ENSMUSG00000054136	Adm2
cKO/CRE	up	GO:0001525	angiogenesis	ENSMUSG00000037411	Serpine1
cKO/CRE	up	GO:0034504	protein localization to nucleus	ENSMUSG00000025746	Il6
cKO/CRE	up	GO:0001568	blood vessel development	ENSMUSG00000054136	Adm2
cKO/CRE	up	GO:0001568	blood vessel development	ENSMUSG00000037411	Serpine1
cKO/CRE	up	GO:0006887	exocytosis	ENSMUSG00000042816	Gpr151
cKO/CRE	up	GO:0006887	exocytosis	ENSMUSG00000024517	Grp
cKO/CRE	up	GO:0040008	regulation of growth	ENSMUSG00000038676	Ucn
cKO/CRE	up	GO:1904951	positive regulation of establishment of protein localization	ENSMUSG00000025746	Il6
cKO/CRE	up	GO:1904951	positive regulation of establishment of protein localization	ENSMUSG00000024803	Ankrd1
cKO/CRE	up	GO:0040013	negative regulation of locomotion	ENSMUSG00000037411	Serpine1
cKO/CRE	up	GO:0009890	negative regulation of biosynthetic process	ENSMUSG00000025746	Il6
cKO/CRE	up	GO:0009890	negative regulation of biosynthetic process	ENSMUSG00000015316	Slamf1
cKO/CRE	up	GO:0009890	negative regulation of biosynthetic process	ENSMUSG00000024803	Ankrd1
cKO/CRE	up	GO:0009890	negative regulation of biosynthetic process	ENSMUSG00000038676	Ucn
cKO/CRE	up	GO:0009890	negative regulation of biosynthetic process	ENSMUSG00000037411	Serpine1
cKO/CRE	up	GO:0072594	establishment of protein localization to organelle	ENSMUSG00000025746	Il6
cKO/CRE	up	GO:0010563	negative regulation of phosphorus metabolic process	ENSMUSG00000030223	ENSMUSG00000030223
cKO/CRE	up	GO:0045936	negative regulation of phosphate metabolic process	ENSMUSG00000030223	ENSMUSG00000030223
cKO/CRE	up	GO:0001819	positive regulation of cytokine production	ENSMUSG00000025746	Il6
cKO/CRE	up	GO:0001819	positive regulation of cytokine production	ENSMUSG00000015316	Slamf1
cKO/CRE	up	GO:0001819	positive regulation of cytokine production	ENSMUSG00000038676	Ucn
cKO/CRE	up	GO:0001819	positive regulation of cytokine production	ENSMUSG00000037411	Serpine1
cKO/CRE	up	GO:0007155	cell adhesion	ENSMUSG00000046223	Plaur
cKO/CRE	up	GO:0007155	cell adhesion	ENSMUSG00000025746	Il6
cKO/CRE	up	GO:0007155	cell adhesion	ENSMUSG00000015316	Slamf1
cKO/CRE	up	GO:0007155	cell adhesion	ENSMUSG00000037411	Serpine1
cKO/CRE	up	GO:0048646	anatomical structure formation involved in morphogenesis	ENSMUSG00000054136	Adm2
cKO/CRE	up	GO:0048646	anatomical structure formation involved in morphogenesis	ENSMUSG00000037411	Serpine1
cKO/CRE	up	GO:0000165	MAPK cascade	ENSMUSG00000030898	Cckbr
cKO/CRE	up	GO:0000165	MAPK cascade	ENSMUSG00000025746	Il6
cKO/CRE	up	GO:0000165	MAPK cascade	ENSMUSG00000015316	Slamf1
cKO/CRE	up	GO:0000165	MAPK cascade	ENSMUSG00000031383	Dusp9
cKO/CRE	up	GO:0051253	negative regulation of RNA metabolic process	ENSMUSG00000024803	Ankrd1
cKO/CRE	up	GO:0050808	synapse organization	ENSMUSG00000044667	Plppr4
cKO/CRE	up	GO:0050808	synapse organization	ENSMUSG00000030223	ENSMUSG00000030223
cKO/CRE	up	GO:0051046	regulation of secretion	ENSMUSG00000042816	Gpr151
cKO/CRE	up	GO:0051046	regulation of secretion	ENSMUSG00000030898	Cckbr
cKO/CRE	up	GO:0051046	regulation of secretion	ENSMUSG00000025746	Il6
cKO/CRE	up	GO:0051046	regulation of secretion	ENSMUSG00000024803	Ankrd1
cKO/CRE	up	GO:0051046	regulation of secretion	ENSMUSG00000024517	Grp
cKO/CRE	up	GO:0051046	regulation of secretion	ENSMUSG00000038676	Ucn
cKO/CRE	up	GO:0042592	homeostatic process	ENSMUSG00000037428	Vgf
cKO/CRE	up	GO:0042592	homeostatic process	ENSMUSG00000030898	Cckbr
cKO/CRE	up	GO:0042592	homeostatic process	ENSMUSG00000025746	Il6
cKO/CRE	up	GO:0051169	nuclear transport	ENSMUSG00000025746	Il6
cKO/CRE	up	GO:0006913	nucleocytoplasmic transport	ENSMUSG00000025746	Il6
cKO/CRE	up	GO:0010558	negative regulation of macromolecule biosynthetic process	ENSMUSG00000025746	Il6
cKO/CRE	up	GO:0010558	negative regulation of macromolecule biosynthetic process	ENSMUSG00000015316	Slamf1
cKO/CRE	up	GO:0010558	negative regulation of macromolecule biosynthetic process	ENSMUSG00000024803	Ankrd1
cKO/CRE	up	GO:0010558	negative regulation of macromolecule biosynthetic process	ENSMUSG00000038676	Ucn
cKO/CRE	up	GO:0010558	negative regulation of macromolecule biosynthetic process	ENSMUSG00000037411	Serpine1
cKO/CRE	up	GO:0051223	regulation of protein transport	ENSMUSG00000025746	Il6
cKO/CRE	up	GO:0051223	regulation of protein transport	ENSMUSG00000024803	Ankrd1
cKO/CRE	up	GO:0042327	positive regulation of phosphorylation	ENSMUSG00000025746	Il6
cKO/CRE	up	GO:0042327	positive regulation of phosphorylation	ENSMUSG00000038676	Ucn
cKO/CRE	up	GO:0032102	negative regulation of response to external stimulus	ENSMUSG00000046223	Plaur
cKO/CRE	up	GO:0032102	negative regulation of response to external stimulus	ENSMUSG00000037411	Serpine1
cKO/CRE	up	GO:0031401	positive regulation of protein modification process	ENSMUSG00000025746	Il6
cKO/CRE	up	GO:0031401	positive regulation of protein modification process	ENSMUSG00000038676	Ucn
cKO/CRE	up	GO:0006606	protein import into nucleus	ENSMUSG00000025746	Il6
cKO/CRE	up	GO:1902679	negative regulation of RNA biosynthetic process	ENSMUSG00000024803	Ankrd1
cKO/CRE	up	GO:0051093	negative regulation of developmental process	ENSMUSG00000031074	Fgf3
cKO/CRE	up	GO:0051093	negative regulation of developmental process	ENSMUSG00000025746	Il6
cKO/CRE	up	GO:0051093	negative regulation of developmental process	ENSMUSG00000037411	Serpine1
cKO/CRE	up	GO:0022604	regulation of cell morphogenesis	ENSMUSG00000025746	Il6
cKO/CRE	up	GO:0050778	positive regulation of immune response	ENSMUSG00000025746	Il6
cKO/CRE	up	GO:0050778	positive regulation of immune response	ENSMUSG00000015316	Slamf1
cKO/CRE	up	GO:0031589	cell-substrate adhesion	ENSMUSG00000037411	Serpine1
cKO/CRE	up	GO:0051170	import into nucleus	ENSMUSG00000025746	Il6
cKO/CRE	up	GO:0032103	positive regulation of response to external stimulus	ENSMUSG00000015316	Slamf1
cKO/CRE	up	GO:0032103	positive regulation of response to external stimulus	ENSMUSG00000037411	Serpine1
cKO/CRE	up	GO:0034330	cell junction organization	ENSMUSG00000044667	Plppr4
cKO/CRE	up	GO:0034330	cell junction organization	ENSMUSG00000030223	ENSMUSG00000030223
cKO/CRE	up	GO:0044281	small molecule metabolic process	ENSMUSG00000025746	Il6
cKO/CRE	up	GO:0045892	negative regulation of DNA-templated transcription	ENSMUSG00000024803	Ankrd1
cKO/CRE	up	GO:0090066	regulation of anatomical structure size	ENSMUSG00000038676	Ucn
cKO/CRE	up	GO:0048514	blood vessel morphogenesis	ENSMUSG00000054136	Adm2
cKO/CRE	up	GO:0048514	blood vessel morphogenesis	ENSMUSG00000037411	Serpine1
cKO/CRE	up	GO:0042326	negative regulation of phosphorylation	ENSMUSG00000030223	ENSMUSG00000030223
cKO/CRE	up	GO:0031400	negative regulation of protein modification process	ENSMUSG00000030223	ENSMUSG00000030223
cKO/CRE	up	GO:0055085	transmembrane transport	ENSMUSG00000029321	Slc10a6
cKO/CRE	up	GO:0055085	transmembrane transport	ENSMUSG00000023387	Kcnk16
cKO/CRE	up	GO:0055085	transmembrane transport	ENSMUSG00000028255	Clca1
cKO/CRE	up	GO:0055085	transmembrane transport	ENSMUSG00000024517	Grp
cKO/CRE	up	GO:0055085	transmembrane transport	ENSMUSG00000038115	ENSMUSG00000038115
cKO/CRE	up	GO:0030855	epithelial cell differentiation	ENSMUSG00000046223	Plaur
cKO/CRE	up	GO:0030855	epithelial cell differentiation	ENSMUSG00000103523	2210017I01Rik
cKO/CRE	up	GO:0030855	epithelial cell differentiation	ENSMUSG00000030223	ENSMUSG00000030223
cKO/CRE	up	GO:0030855	epithelial cell differentiation	ENSMUSG00000027919	Lce1g
cKO/CRE	up	GO:0030855	epithelial cell differentiation	ENSMUSG00000058354	Krt6a
cKO/CRE	up	GO:0030855	epithelial cell differentiation	ENSMUSG00000037411	Serpine1
cKO/CRE	up	GO:0009628	response to abiotic stimulus	ENSMUSG00000037428	Vgf
cKO/CRE	up	GO:0009628	response to abiotic stimulus	ENSMUSG00000042816	Gpr151
cKO/CRE	up	GO:0009628	response to abiotic stimulus	ENSMUSG00000028255	Clca1
cKO/CRE	up	GO:0009628	response to abiotic stimulus	ENSMUSG00000024803	Ankrd1
cKO/CRE	up	GO:0009628	response to abiotic stimulus	ENSMUSG00000038676	Ucn
cKO/CRE	up	GO:1900180	regulation of protein localization to nucleus	ENSMUSG00000025746	Il6
cKO/CRE	up	GO:1903532	positive regulation of secretion by cell	ENSMUSG00000030898	Cckbr
cKO/CRE	up	GO:1903532	positive regulation of secretion by cell	ENSMUSG00000024803	Ankrd1
cKO/CRE	up	GO:1903532	positive regulation of secretion by cell	ENSMUSG00000024517	Grp
cKO/CRE	up	GO:1903532	positive regulation of secretion by cell	ENSMUSG00000038676	Ucn
cKO/CRE	up	GO:0000122	negative regulation of transcription by RNA polymerase II	ENSMUSG00000024803	Ankrd1
cKO/CRE	up	GO:0015711	organic anion transport	ENSMUSG00000029321	Slc10a6
cKO/CRE	up	GO:0001933	negative regulation of protein phosphorylation	ENSMUSG00000030223	ENSMUSG00000030223
cKO/CRE	up	GO:0060284	regulation of cell development	ENSMUSG00000025746	Il6
cKO/CRE	up	GO:0040007	growth	ENSMUSG00000038676	Ucn
cKO/CRE	up	GO:0030162	regulation of proteolysis	ENSMUSG00000046223	Plaur
cKO/CRE	up	GO:0030162	regulation of proteolysis	ENSMUSG00000037411	Serpine1
cKO/CRE	up	GO:0031349	positive regulation of defense response	ENSMUSG00000030898	Cckbr
cKO/CRE	up	GO:0031349	positive regulation of defense response	ENSMUSG00000024517	Grp
cKO/CRE	up	GO:0031349	positive regulation of defense response	ENSMUSG00000038676	Ucn
cKO/CRE	up	GO:0031349	positive regulation of defense response	ENSMUSG00000037411	Serpine1
cKO/CRE	up	GO:0008285	negative regulation of cell population proliferation	ENSMUSG00000025746	Il6
cKO/CRE	up	GO:0051222	positive regulation of protein transport	ENSMUSG00000025746	Il6
cKO/CRE	up	GO:0051222	positive regulation of protein transport	ENSMUSG00000024803	Ankrd1
cKO/CRE	up	GO:0007610	behavior	ENSMUSG00000030898	Cckbr
cKO/CRE	up	GO:0007610	behavior	ENSMUSG00000024883	Rin1
cKO/CRE	up	GO:0007610	behavior	ENSMUSG00000025746	Il6
cKO/CRE	up	GO:0007610	behavior	ENSMUSG00000054136	Adm2
cKO/CRE	up	GO:0007610	behavior	ENSMUSG00000024517	Grp
cKO/CRE	up	GO:0007610	behavior	ENSMUSG00000038676	Ucn
cKO/CRE	up	GO:0061564	axon development	ENSMUSG00000044667	Plppr4
cKO/CRE	up	GO:0061564	axon development	ENSMUSG00000030223	ENSMUSG00000030223
cKO/CRE	up	GO:0014812	muscle cell migration	ENSMUSG00000037411	Serpine1
cKO/CRE	up	GO:0014909	smooth muscle cell migration	ENSMUSG00000037411	Serpine1
cKO/CRE	up	GO:0010817	regulation of hormone levels	ENSMUSG00000037428	Vgf
cKO/CRE	up	GO:0010817	regulation of hormone levels	ENSMUSG00000030898	Cckbr
cKO/CRE	up	GO:0010817	regulation of hormone levels	ENSMUSG00000025746	Il6
cKO/CRE	up	GO:0010817	regulation of hormone levels	ENSMUSG00000024517	Grp
cKO/CRE	up	GO:0010817	regulation of hormone levels	ENSMUSG00000038676	Ucn
cKO/CRE	up	GO:0010817	regulation of hormone levels	ENSMUSG00000051209	ENSMUSG00000051209
cKO/CRE	up	GO:0006417	regulation of translation	ENSMUSG00000038676	Ucn
cKO/CRE	up	GO:0014912	negative regulation of smooth muscle cell migration	ENSMUSG00000037411	Serpine1
cKO/CRE	up	GO:0071216	cellular response to biotic stimulus	ENSMUSG00000025746	Il6
cKO/CRE	up	GO:0071216	cellular response to biotic stimulus	ENSMUSG00000024803	Ankrd1
cKO/CRE	up	GO:0071216	cellular response to biotic stimulus	ENSMUSG00000037411	Serpine1
cKO/CRE	up	GO:0048729	tissue morphogenesis	ENSMUSG00000025746	Il6
cKO/CRE	up	GO:0048729	tissue morphogenesis	ENSMUSG00000024803	Ankrd1
cKO/CRE	up	GO:0048729	tissue morphogenesis	ENSMUSG00000067006	ENSMUSG00000067006
cKO/CRE	up	GO:0048729	tissue morphogenesis	ENSMUSG00000058354	Krt6a
cKO/CRE	up	GO:0009914	hormone transport	ENSMUSG00000037428	Vgf
cKO/CRE	up	GO:0009914	hormone transport	ENSMUSG00000030898	Cckbr
cKO/CRE	up	GO:0009914	hormone transport	ENSMUSG00000025746	Il6
cKO/CRE	up	GO:0009914	hormone transport	ENSMUSG00000024517	Grp
cKO/CRE	up	GO:0009914	hormone transport	ENSMUSG00000038676	Ucn
cKO/CRE	up	GO:0009914	hormone transport	ENSMUSG00000051209	ENSMUSG00000051209
cKO/CRE	up	GO:2001243	negative regulation of intrinsic apoptotic signaling pathway	ENSMUSG00000046223	Plaur
cKO/CRE	up	GO:0007267	cell-cell signaling	ENSMUSG00000037428	Vgf
cKO/CRE	up	GO:0007267	cell-cell signaling	ENSMUSG00000042816	Gpr151
cKO/CRE	up	GO:0007267	cell-cell signaling	ENSMUSG00000030898	Cckbr
cKO/CRE	up	GO:0007267	cell-cell signaling	ENSMUSG00000024883	Rin1
cKO/CRE	up	GO:0007267	cell-cell signaling	ENSMUSG00000025746	Il6
cKO/CRE	up	GO:0007267	cell-cell signaling	ENSMUSG00000044667	Plppr4
cKO/CRE	up	GO:0007267	cell-cell signaling	ENSMUSG00000024517	Grp
cKO/CRE	up	GO:0007267	cell-cell signaling	ENSMUSG00000038676	Ucn
cKO/CRE	up	GO:0007267	cell-cell signaling	ENSMUSG00000051209	ENSMUSG00000051209
cKO/CRE	up	GO:0018209	peptidyl-serine modification	ENSMUSG00000025746	Il6
cKO/CRE	up	GO:0018209	peptidyl-serine modification	ENSMUSG00000038676	Ucn
cKO/CRE	up	GO:0051047	positive regulation of secretion	ENSMUSG00000030898	Cckbr
cKO/CRE	up	GO:0051047	positive regulation of secretion	ENSMUSG00000024803	Ankrd1
cKO/CRE	up	GO:0051047	positive regulation of secretion	ENSMUSG00000024517	Grp
cKO/CRE	up	GO:0051047	positive regulation of secretion	ENSMUSG00000038676	Ucn
cKO/CRE	up	GO:0014910	regulation of smooth muscle cell migration	ENSMUSG00000037411	Serpine1
cKO/CRE	up	GO:0050767	regulation of neurogenesis	ENSMUSG00000025746	Il6
cKO/CRE	up	GO:0009306	protein secretion	ENSMUSG00000037428	Vgf
cKO/CRE	up	GO:0009306	protein secretion	ENSMUSG00000025746	Il6
cKO/CRE	up	GO:0009306	protein secretion	ENSMUSG00000024803	Ankrd1
cKO/CRE	up	GO:0009306	protein secretion	ENSMUSG00000051209	ENSMUSG00000051209
cKO/CRE	up	GO:0045765	regulation of angiogenesis	ENSMUSG00000054136	Adm2
cKO/CRE	up	GO:0045765	regulation of angiogenesis	ENSMUSG00000037411	Serpine1
cKO/CRE	up	GO:0006979	response to oxidative stress	ENSMUSG00000038676	Ucn
cKO/CRE	up	GO:0032386	regulation of intracellular transport	ENSMUSG00000025746	Il6
cKO/CRE	up	GO:0018105	peptidyl-serine phosphorylation	ENSMUSG00000025746	Il6
cKO/CRE	up	GO:0018105	peptidyl-serine phosphorylation	ENSMUSG00000038676	Ucn
cKO/CRE	up	GO:0035592	establishment of protein localization to extracellular region	ENSMUSG00000037428	Vgf
cKO/CRE	up	GO:0035592	establishment of protein localization to extracellular region	ENSMUSG00000025746	Il6
cKO/CRE	up	GO:0035592	establishment of protein localization to extracellular region	ENSMUSG00000024803	Ankrd1
cKO/CRE	up	GO:0035592	establishment of protein localization to extracellular region	ENSMUSG00000051209	ENSMUSG00000051209
cKO/CRE	up	GO:0016055	Wnt signaling pathway	ENSMUSG00000073680	Tmem88b
cKO/CRE	up	GO:0016055	Wnt signaling pathway	ENSMUSG00000030223	ENSMUSG00000030223
cKO/CRE	up	GO:0016055	Wnt signaling pathway	ENSMUSG00000058354	Krt6a
cKO/CRE	up	GO:0007049	cell cycle	ENSMUSG00000037411	Serpine1
cKO/CRE	up	GO:0007162	negative regulation of cell adhesion	ENSMUSG00000037411	Serpine1
cKO/CRE	up	GO:0043408	regulation of MAPK cascade	ENSMUSG00000025746	Il6
cKO/CRE	up	GO:0043408	regulation of MAPK cascade	ENSMUSG00000015316	Slamf1
cKO/CRE	up	GO:0043408	regulation of MAPK cascade	ENSMUSG00000031383	Dusp9
cKO/CRE	up	GO:0071559	response to transforming growth factor beta	ENSMUSG00000024803	Ankrd1
cKO/CRE	up	GO:0043170	macromolecule metabolic process	ENSMUSG00000046223	Plaur
cKO/CRE	up	GO:0043170	macromolecule metabolic process	ENSMUSG00000025746	Il6
cKO/CRE	up	GO:0043170	macromolecule metabolic process	ENSMUSG00000015316	Slamf1
cKO/CRE	up	GO:0043170	macromolecule metabolic process	ENSMUSG00000026247	Ecel1
cKO/CRE	up	GO:0043170	macromolecule metabolic process	ENSMUSG00000054136	Adm2
cKO/CRE	up	GO:0043170	macromolecule metabolic process	ENSMUSG00000028255	Clca1
cKO/CRE	up	GO:0043170	macromolecule metabolic process	ENSMUSG00000030223	ENSMUSG00000030223
cKO/CRE	up	GO:0043170	macromolecule metabolic process	ENSMUSG00000024803	Ankrd1
cKO/CRE	up	GO:0043170	macromolecule metabolic process	ENSMUSG00000025279	ENSMUSG00000025279
cKO/CRE	up	GO:0043170	macromolecule metabolic process	ENSMUSG00000024517	Grp
cKO/CRE	up	GO:0043170	macromolecule metabolic process	ENSMUSG00000031383	Dusp9
cKO/CRE	up	GO:0043170	macromolecule metabolic process	ENSMUSG00000038676	Ucn
cKO/CRE	up	GO:0043170	macromolecule metabolic process	ENSMUSG00000037411	Serpine1
cKO/CRE	up	GO:0051896	regulation of phosphatidylinositol 3-kinase/protein kinase B signal transduction	ENSMUSG00000025746	Il6
cKO/CRE	up	GO:0043549	regulation of kinase activity	ENSMUSG00000030223	ENSMUSG00000030223
cKO/CRE	up	GO:1901342	regulation of vasculature development	ENSMUSG00000054136	Adm2
cKO/CRE	up	GO:1901342	regulation of vasculature development	ENSMUSG00000037411	Serpine1
cKO/CRE	up	GO:0071692	protein localization to extracellular region	ENSMUSG00000037428	Vgf
cKO/CRE	up	GO:0071692	protein localization to extracellular region	ENSMUSG00000025746	Il6
cKO/CRE	up	GO:0071692	protein localization to extracellular region	ENSMUSG00000024803	Ankrd1
cKO/CRE	up	GO:0071692	protein localization to extracellular region	ENSMUSG00000051209	ENSMUSG00000051209
cKO/CRE	up	GO:0048511	rhythmic process	ENSMUSG00000030898	Cckbr
cKO/CRE	up	GO:0048511	rhythmic process	ENSMUSG00000025746	Il6
cKO/CRE	up	GO:0070498	interleukin-1-mediated signaling pathway	ENSMUSG00000025746	Il6
cKO/CRE	up	GO:0065009	regulation of molecular function	ENSMUSG00000030223	ENSMUSG00000030223
cKO/CRE	up	GO:0065009	regulation of molecular function	ENSMUSG00000024517	Grp
cKO/CRE	up	GO:0051960	regulation of nervous system development	ENSMUSG00000025746	Il6
cKO/CRE	up	GO:0043588	skin development	ENSMUSG00000103523	2210017I01Rik
cKO/CRE	up	GO:0043588	skin development	ENSMUSG00000027919	Lce1g
cKO/CRE	up	GO:0043588	skin development	ENSMUSG00000058354	Krt6a
cKO/CRE	up	GO:0043434	response to peptide hormone	ENSMUSG00000037428	Vgf
cKO/CRE	up	GO:0030097	hemopoiesis	ENSMUSG00000025746	Il6
cKO/CRE	up	GO:0030097	hemopoiesis	ENSMUSG00000015316	Slamf1
cKO/CRE	up	GO:0001503	ossification	ENSMUSG00000024517	Grp
cKO/CRE	up	GO:2000300	regulation of synaptic vesicle exocytosis	ENSMUSG00000042816	Gpr151
cKO/CRE	up	GO:0045859	regulation of protein kinase activity	ENSMUSG00000030223	ENSMUSG00000030223
cKO/CRE	down	GO:0023051	regulation of signaling	ENSMUSG00000009633	ENSMUSG00000009633
cKO/CRE	down	GO:0010646	regulation of cell communication	ENSMUSG00000009633	ENSMUSG00000009633
cKO/CRE	down	GO:0009966	regulation of signal transduction	ENSMUSG00000009633	ENSMUSG00000009633
