gene_id	pvalue	padj	log2FoldChange	baseMean	rank	rank_frac	neglog10_pvalue	distance_to_line	selected_by_source_constrained_bend	branch	source_gene_symbol	source_symbol_norm	source_log2fc_control	source_log2fc_cko	source_rss_shift	source_rss_sign	direction_consistent_with_source_rss	appears_in_retained_go_terms	appears_in_anchor_gene_table
ENSMUSG00000073680	1.4723406915260598e-280	4.51503789775691e-277	5.54718215950102	829.441405581674	1	0.0	279.831991685019	0.0	True	cKO/CRE	TMEM88B	TMEM88B	4.9325246556392	5.36324665795542	0.4307220023162204	positive	True	True	True
ENSMUSG00000037428	2.14788593951927e-231	5.76331494721509e-228	2.23334483939714	16683.7522086158	2	0.0009746588693957114	230.6679887849616	0.17471749404503817	True	cKO/CRE	VGF	VGF	1.54490229419383	1.94282722902284	0.39792493482901015	positive	True	True	True
ENSMUSG00000042816	4.12567580510634e-226	9.840195203601421e-223	4.65751605272948	871.386730841559	3	0.001949317738791423	225.38450490180765	0.192623863502347	True	cKO/CRE	GPR151	GPR151	3.99881410997022	4.50903849023692	0.5102243802666999	positive	True	True	True
ENSMUSG00000046223	3.82978808968239e-189	7.47365737573838e-186	3.12497870564791	1607.30022271194	4	0.0029239766081871343	188.41682525580362	0.3237566596415367	True	cKO/CRE	PLAUR	PLAUR	2.63952680958932	3.00559693519283	0.36607012560350993	positive	True	True	False
ENSMUSG00000030898	2.0741756563695103e-149	2.12020260188704e-146	6.17845771760935	448.701168850465	5	0.003898635477582846	148.68315446715545	0.4647739829329836	True	cKO/CRE	CCKBR	CCKBR	4.82708076418308	5.4833586940833	0.6562779299002202	positive	True	True	False
ENSMUSG00000031074	1.96632775700487e-95	6.59518619247913e-93	7.7778419559648	419.275608392955	6	0.004873294346978557	94.70634409016881	0.6566904930742259	True	cKO/CRE	FGF3	FGF3	5.95297849848021	6.26088261977332	0.3079041212931104	positive	True	True	False
ENSMUSG00000027611	2.60628982113209e-80	5.95176779791718e-78	2.89149901664077	1010.27671808777	7	0.005847953216374269	79.58397729210776	0.7097570276603758	True	cKO/CRE	PROCR	PROCR	3.43851486656922	2.80696908308428	-0.6315457834849401	negative	True	True	False
ENSMUSG00000078532	1.42236384423718e-71	2.52334399011532e-69	1.71892343954909	962.568400453881	8	0.00682261208576998	70.84698929577758	0.7400048159497385	True	cKO/CRE	NKAIN1	NKAIN1	1.32205010213963	1.63075791532942	0.30870781318979	positive	True	True	False
ENSMUSG00000024883	9.29013388057113e-69	1.54590708434372e-66	2.97754832589864	279.320328959232	9	0.007797270955165692	68.03197802732237	0.7490898684445974	True	cKO/CRE	RIN1	RIN1	3.29951497598228	2.91482323457616	-0.38469174140612017	negative	True	True	False
ENSMUSG00000106350	6.52124544423788e-64	9.588017445617149e-62	2.21357804507891	260.520731767091	10	0.008771929824561403	63.18566945366892	0.7654339511865108	True	cKO/CRE	KIF19B	KIF19B	1.52402376991837	2.17057650602648	0.6465527361081098	positive	True	True	False
ENSMUSG00000029321	1.3457729384935098e-57	1.7298420298025e-55	1.34304022226962	668.561526583977	11	0.009746588693957114	56.871028208966294	0.7870252575842664	True	cKO/CRE	SLC10A6	SLC10A6	1.01078045546905	1.31964083088104	0.30886037541198985	positive	True	True	False
ENSMUSG00000039364	3.15908352118818e-51	3.60706845030987e-49	2.1975148315151	282.517515015456	12	0.010721247563352826	50.50043889188161	0.8088164996333155	True	cKO/CRE	SECTM1B	SECTM1B	1.87410908784227	2.22738000452285	0.35327091668057986	positive	True	True	False
ENSMUSG00000025746	1.4955856544993e-48	1.53608811767856e-46	4.38540533326156	63.9019948519848	13	0.011695906432748537	47.82518870920495	0.8174021028617221	True	cKO/CRE	IL6	IL6	3.31743510142868	4.29974811862375	0.9823130171950702	positive	True	True	False
ENSMUSG00000023387	3.4918540982800696e-48	3.51906760909296e-46	2.90286558377865	97.8304266714923	14	0.012670565302144249	47.45694391091023	0.8177434073247579	True	cKO/CRE	KCNK16	KCNK16	2.37123525607778	2.82437514916805	0.45313989309027036	positive	True	True	False
ENSMUSG00000061039	3.03288747400037e-39	2.22197824289734e-37	1.73819930325965	475.087971247752	15	0.01364522417153996	38.518143702556884	0.8487123903636792	True	cKO/CRE	OR8B53	OR8B53	1.26104889599284	1.72115347578259	0.46010457978974983	positive	True	True	False
ENSMUSG00000044667	5.53701268365178e-39	4.02906828024641e-37	1.23330347894815	533.592553098279	16	0.014619883040935672	38.25672448164724	0.8486719436692588	True	cKO/CRE	PLPPR4	PLPPR4	0.929924169120289	1.23408924429171	0.304165075171421	positive	True	True	False
ENSMUSG00000034783	1.20259655225229e-36	8.221317704027911e-35	4.92451715009523	54.757532016138	17	0.015594541910331383	35.91988004557613	0.8560482224210855	True	cKO/CRE	CD207	CD207	3.54087698970461	4.52501367867959	0.9841366889749801	positive	True	True	False
ENSMUSG00000015316	2.53105421771802e-35	1.64143836367175e-33	4.66159478716864	53.4497156216035	18	0.016569200779727095	34.596698551719044	0.8598020821705239	True	cKO/CRE	SLAMF1	SLAMF1	4.04044671236119	4.41167557311982	0.37122886075863004	positive	True	True	False
ENSMUSG00000073747	5.79105890419927e-35	3.66698732854105e-33	1.62666049548065	131.184844467752	19	0.017543859649122806	34.23724201758457	0.8601119809524737	True	cKO/CRE	ZPLD2	ZPLD2	1.05070321846752	1.53569979961216	0.48499658114463995	positive	True	True	False
ENSMUSG00000026247	2.5547644263948e-34	1.55355731379577e-32	3.53861528606199	315.809457496734	20	0.018518518518518517	33.592649139769414	0.8614408410346799	True	cKO/CRE	ECEL1	ECEL1	2.98232219486478	3.51542936799815	0.5331071731333701	positive	True	True	False
ENSMUSG00000103523	2.032856875025e-32	1.1762077002503198e-30	3.79947011455554	40.500388760953	21	0.01949317738791423	31.69189319714896	0.867258716909562	True	cKO/CRE	2210017I01RIK	2210017I01RIK	3.14602799945508	3.46441057538157	0.3183825759264898	positive	True	True	False
ENSMUSG00000054136	2.97886562696794e-32	1.70518212129317e-30	7.20494447133697	101.915627579169	22	0.02046783625730994	31.525949086842875	0.8668770810086485	True	cKO/CRE	ADM2	ADM2	6.54366883783967	7.082943153426	0.5392743155863302	positive	True	True	False
ENSMUSG00000028255	1.46264221998192e-30	7.92855502377066e-29	4.04431837275088	41.9654622701542	23	0.021442495126705652	29.834861894578847	0.8719456860619701	True	cKO/CRE	CLCA1	CLCA1	3.27251753219739	3.82457942482227	0.5520618926248804	positive	True	True	False
ENSMUSG00000030223	2.1527739772359e-30	1.14953846257079e-28	1.17950773863878	926.63147404633	24	0.022417153996101363	29.66700156497078	0.8715708979493334	True	cKO/CRE	PTPRO	PTPRO	0.666129125852645	1.16023782644685	0.494108700594205	positive	True	True	False
ENSMUSG00000024803	1.69626328990581e-28	8.42870087525881e-27	4.83285994247812	39.6574137235373	25	0.023391812865497075	27.77050673670279	0.8773735463349199	True	cKO/CRE	ANKRD1	ANKRD1	4.03198390148895	4.66916006929476	0.6371761678058103	positive	True	True	False
ENSMUSG00000025279	1.46327063706322e-26	6.6407119440167e-25	1.4021945771366	1288.33657468181	26	0.024366471734892786	25.83467534215007	0.8833167676064871	True	cKO/CRE	DNASE1L3	DNASE1L3	0.877848992801342	1.35390740256185	0.47605840976050806	positive	True	True	False
ENSMUSG00000067006	1.91403435643248e-26	8.595535877652641e-25	1.55860012579709	141.175838844715	27	0.025341130604288498	25.71805027101313	0.882758885522325	True	cKO/CRE	SERPINB5	SERPINB5	1.16117701261291	1.53843023953209	0.37725322691917995	positive	True	True	False
ENSMUSG00000027919	3.8073090626614e-25	1.62158127656924e-23	6.35345033436601	51.5193639826028	28	0.02631578947368421	24.419381867404084	0.8864251454590212	True	cKO/CRE	LCE1G	LCE1G	4.31988483775046	5.23621122504233	0.9163263872918694	positive	False	True	False
ENSMUSG00000024517	4.35498203972912e-24	1.72798603446997e-22	4.58301667470974	30.3608456360142	29	0.02729044834307992	23.361013631715473	0.8892326703484927	True	cKO/CRE	GRP	GRP	4.5650003211906	4.09976670453528	-0.46523361665532015	negative	False	True	False
ENSMUSG00000028602	1.03492049262943e-22	3.82368387173552e-21	2.85331634179464	37.6811746526024	30	0.028265107212475632	21.9850930134328	0.8931749982746127	True	cKO/CRE	TNFRSF8	TNFRSF8	2.26657910594635	2.77005502378999	0.5034759178436401	positive	True	True	False
ENSMUSG00000031383	3.4643637494925797e-22	1.24150304251432e-20	4.68661274460865	29.4880205943383	31	0.029239766081871343	21.460376514430767	0.8940754689440604	True	cKO/CRE	DUSP9	DUSP9	3.7986357694871	4.72533269427622	0.9266969247891206	positive	True	True	False
ENSMUSG00000112143	8.515407888173101e-21	2.80355438232398e-19	-0.840180304083205	168.361375316594	32	0.030214424951267055	20.06979454449056	0.8980701905768388	True	cKO/CRE	GM35721	GM35721	-0.447556461583698	-0.749359375635241	-0.301802914051543	negative	True	False	False
ENSMUSG00000076434	9.3032810998279e-21	3.0441876698927403e-19	2.04744264227511	52.1200893779821	33	0.031189083820662766	20.031363856581464	0.8972328735761097	True	cKO/CRE	WFDC3	WFDC3	1.62493743670031	2.20119089995928	0.57625346325897	positive	True	True	False
ENSMUSG00000058354	1.27050327255741e-20	4.0949884757833904e-19	9.09346253216542	61.801105758582	34	0.03216374269005848	19.896024211958125	0.8967418697645917	True	cKO/CRE	KRT6A	KRT6A	9.66604379647563	9.24116841758154	-0.4248753788940913	negative	True	True	False
ENSMUSG00000061947	1.80536129082585e-20	5.749834639297881e-19	1.81870344640262	55.4936569454114	35	0.03313840155945419	19.743435873586122	0.8963125057678478	True	cKO/CRE	SERPINA10	SERPINA10	0.840591357713025	1.55448782777104	0.7138964700580152	positive	True	True	False
ENSMUSG00000038676	5.1634305558191105e-20	1.5947942490822001e-18	3.90806673044054	24.4984527287889	36	0.0341130604288499	19.28706165953149	0.8969687489121981	True	cKO/CRE	UCN	UCN	4.40829573201756	3.92730857402449	-0.48098715799307	negative	True	True	False
ENSMUSG00000046610	1.0018052352219901e-19	3.02883819426411e-18	2.10410883130928	56.512174932518	37	0.03508771929824561	18.99921670310959	0.8970227370466396	True	cKO/CRE	OACYL	OACYL	1.53097395374618	1.96384176930854	0.43286781556236	positive	True	False	False
ENSMUSG00000059816	1.58470426965247e-19	4.73778020227855e-18	3.76129678629925	26.9512960755784	38	0.036062378167641324	18.800051771958035	0.8967598188453617	True	cKO/CRE	SHISAL2A	SHISAL2A	3.60916631300215	3.93502721373355	0.3258609007313997	positive	True	False	False
ENSMUSG00000050108	7.56380907056534e-19	2.14768155434862e-17	4.68662749620077	24.0465370897272	39	0.037037037037037035	18.12125944236619	0.8982108938560497	True	cKO/CRE	BPIFC	BPIFC	3.5080377812102	4.37461911584874	0.8665813346385405	positive	True	True	False
ENSMUSG00000037411	7.96648728715612e-19	2.25605034440756e-17	3.3211346017843	954.657096351988	40	0.038011695906432746	18.09873313256759	0.8973167410777761	True	cKO/CRE	SERPINE1	SERPINE1	4.16117107981447	3.26160312553979	-0.89956795427468	negative	True	True	False
ENSMUSG00000009633	1.0936921353573799e-18	3.07293133214417e-17	-0.769876700407598	324.405510160619	41	0.03898635477582846	17.961104910847133	0.8968339157098215	True	cKO/CRE	G0S2	G0S2	-0.492287994623396	-0.794006539290527	-0.301718544667131	negative	True	True	False
ENSMUSG00000069355	1.7238615326109999e-18	4.7871166441174303e-17	8.36889588527465	36.2820388871264	42	0.03996101364522417	17.763497621364014	0.8965654311308616	True	cKO/CRE	SPEER1C	SPEER1C	8.93484903847775	8.45743784075877	-0.4774111977189808	negative	False	False	False
ENSMUSG00000051209	2.02134835381909e-18	5.58433253064099e-17	1.37388226372466	106.506827134373	43	0.04093567251461988	17.694358834874436	0.895837852382556	True	cKO/CRE	GPR119	GPR119	0.962500945261181	1.38287280850373	0.42037186324254905	positive	True	True	False
ENSMUSG00000038115	8.19347516600947e-18	2.15013616031246e-16	1.66808533694211	79.2521644036433	44	0.04191033138401559	17.086531858274746	0.8970353260900056	True	cKO/CRE	ANO2	ANO2	1.26694703652758	1.58812265588379	0.3211756193562101	positive	True	True	False
ENSMUSG00000085905	1.62440659865572e-17	4.1660109972214697e-16	1.83820367257062	43.8432914636842	45	0.042884990253411304	16.789305254989717	0.8971228404139282	True	cKO/CRE	GM14273	GM14273	1.58975858429459	1.96823684160063	0.3784782573060399	positive	True	False	False
ENSMUSG00000117926	8.50783568864527e-17	2.09677612964936e-15	3.91017394086509	19.486380051293	46	0.043859649122807015	16.07018090619335	0.8987180456543866	True	cKO/CRE	C030004G16RIK	C030004G16RIK	4.02354583787641	2.90657108829608	-1.1169747495803306	negative	True	False	False
ENSMUSG00000059832	9.78534489337659e-17	2.3923942309934203e-15	7.83264880926399	22.8042470953735	47	0.04483430799220273	16.00942386263239	0.8979605139665059	True	cKO/CRE	KPRP	KPRP	7.74031869965204	8.71924435842428	0.9789256587722406	positive	True	False	False
ENSMUSG00000020123	2.51727187548935e-16	5.899100226992841e-15	1.70440172920181	93.2867164038169	48	0.04580896686159844	15.599069876367281	0.898452299537538	True	cKO/CRE	AVPR1A	AVPR1A	1.40070703300995	1.74878213534469	0.3480751023347399	positive	True	False	False
ENSMUSG00000029819	3.7867078152630297e-16	8.693633151062701e-15	4.89119136793954	176.847397531706	49	0.04678362573099415	15.42173820401951	0.8981113581509574	True	cKO/CRE	NPY	NPY	3.5833735459939	4.79989514313513	1.21652159714123	positive	True	False	False
ENSMUSG00000040148	6.9535966815324e-16	1.56135885319848e-14	7.54829730201796	40.3753303851325	50	0.04775828460038986	15.157790502618042	0.8980799472172414	True	cKO/CRE	HMX3	HMX3	8.58480504090827	7.39689044344255	-1.1879145974657197	negative	True	True	False
ENSMUSG00000113724	2.42747854840789e-15	5.2370105045350505e-14	2.30122535100535	26.7426267642678	51	0.04873294346978557	14.614844599256928	0.8990455623622368	True	cKO/CRE	GM48398	GM48398	1.74900001940587	2.15079912062123	0.4017991012153601	positive	True	False	False
ENSMUSG00000066867	1.05965911904026e-14	2.14793603865138e-13	3.75397141897987	17.2019665759131	52	0.049707602339181284	13.974833820140065	0.9003580478876706	True	cKO/CRE	OAS1E	OAS1E	2.89255934649966	4.08044315366515	1.1878838071654898	positive	True	False	False
ENSMUSG00000035451	3.0179623409184104e-14	5.8840671762175e-13	4.96158964683852	22.9344668268795	53	0.050682261208576995	13.52028618378951	0.9010077635863492	True	cKO/CRE	FOXA1	FOXA1	5.61548596850314	4.88650628552387	-0.7289796829792703	negative	True	False	False
ENSMUSG00000071633	3.94562031525025e-14	7.60293408322818e-13	1.62226832546475	35.8010863194419	54	0.05165692007797271	13.403884708978733	0.9004490824598752	False	cKO/CRE	GM4952	GM4952	1.19308231096471	1.50643791626025	0.31335560529553996	positive	True	False	False
ENSMUSG00000119946	6.8321916436984e-14	1.28875066628849e-12	2.43165854873642	20.8963249048184	55	0.05263157894736842	13.165439960142033	0.9003265343481679	False	cKO/CRE	GM57269	GM57269	1.89358644696908	2.4850164666631	0.5914300196940201	positive	True	False	False
ENSMUSG00000038331	8.76884896547319e-14	1.6368009729812799e-12	2.35169500410097	96.2098566277148	56	0.05360623781676413	13.05705741014031	0.8997391968464854	False	cKO/CRE	SATB2	SATB2	2.64247063159373	2.28007266750061	-0.3623979640931201	negative	True	True	False
ENSMUSG00000004791	1.85473425110449e-13	3.35697516308676e-12	-0.774433497302365	420.748503970821	57	0.05458089668615984	12.73171830790704	0.8999271738056231	False	cKO/CRE	PGF	PGF	-0.335062126865825	-0.763930518826995	-0.42886839196117005	negative	True	False	False
ENSMUSG00000031842	3.16207400171533e-13	5.595802186382629e-12	0.548667796799273	518.166104058393	58	0.05555555555555555	12.500027970532669	0.8997804881750109	False	cKO/CRE	PDE4C	PDE4C	0.108332723448616	0.523125455266506	0.41479273181789	positive	True	False	False
ENSMUSG00000036480	4.29675148767613e-13	7.53546302569084e-12	6.86550755826781	12.7514861469803	59	0.056530214424951264	12.366859763991684	0.8992817245271169	False	cKO/CRE	PRSS56	PRSS56	5.52188984397371	6.68858659919546	1.16669675522175	positive	True	False	False
ENSMUSG00000035930	9.44705216629849e-13	1.59803326872942e-11	4.5452284363996	16.0857205442814	60	0.057504873294346975	12.024703686477919	0.8995297985148445	False	cKO/CRE	CHST4	CHST4	2.71505989133455	3.77682998458764	1.0617700932530902	positive	True	False	False
ENSMUSG00000028972	1.75736469587621e-12	2.8995842091989697e-11	6.83728456097143	14.3973647767786	61	0.05847953216374269	11.755138102493856	0.8995184636081517	False	cKO/CRE	CAR6	CAR6	5.21534820911977	6.14084512667263	0.9254969175528602	positive	True	False	False
ENSMUSG00000041255	5.3449217803600395e-12	8.423942065874349e-11	6.03671177636421	19.0925088349867	62	0.0594541910331384	11.272058646041092	0.900270140425272	False	cKO/CRE	TMCO5B	TMCO5B	4.32526533383082	4.8338713690009	0.5086060351700805	positive	True	False	False
ENSMUSG00000072621	6.4206366002937e-12	1.00382654961329e-10	2.48601168252338	19.2839826470046	63	0.06042884990253411	11.19242190989247	0.8995800770785337	False	cKO/CRE	SLFN10-PS	SLFN10-PS	3.01338429543247	2.09852977620037	-0.9148545192321	negative	False	False	False
ENSMUSG00000004105	6.84578628542785e-12	1.0664125428374e-10	0.870718624544036	1975.25647285144	64	0.06140350877192982	11.164576662970292	0.8987049320178226	False	cKO/CRE	ANGPTL2	ANGPTL2	1.10049276886442	0.779225242578974	-0.32126752628544597	negative	True	True	False
ENSMUSG00000019890	7.70491641101457e-12	1.1924566379152002e-10	1.06733423198356	741.524949089345	65	0.06237816764132553	11.113232068487683	0.8979137640658736	False	cKO/CRE	NTS	NTS	0.695030720528743	1.02776390381277	0.3327331832840269	positive	True	False	False
ENSMUSG00000105157	1.55042022365188e-11	2.33389344466418e-10	5.86563600083936	18.361197767719	66	0.06335282651072124	10.809550575327409	0.8980243455403931	False	cKO/CRE	GM31831	GM31831	4.97316081291686	6.35524320717273	1.3820823942558702	positive	False	False	False
ENSMUSG00000035355	2.2959703491846197e-11	3.39430437435241e-10	2.58781898550678	15.6365123801946	67	0.06432748538011696	10.63903372484055	0.8976590507527175	False	cKO/CRE	KCNH4	KCNH4	2.03834640013756	2.35476893882619	0.3164225386886299	positive	True	False	False
ENSMUSG00000023045	2.5184593856106497e-11	3.70282528572042e-10	1.02003836577758	80.0773624975503	68	0.06530214424951267	10.59886504847806	0.8968279446157157	False	cKO/CRE	SOAT2	SOAT2	0.419858043760404	1.01553562367715	0.595677579916746	positive	True	False	False
ENSMUSG00000075600	3.6589969470865295e-11	5.26081905332615e-10	0.662332037055803	212.287079831129	69	0.06627680311890838	10.436637952870328	0.8964330256163334	False	cKO/CRE	ZC3H3	ZC3H3	0.404478845830453	0.724483586513132	0.32000474068267903	positive	True	False	False
ENSMUSG00000106416	6.87780712920661e-11	9.59317789704672e-10	1.12992862738593	61.1331414696688	70	0.06725146198830409	10.162550007039119	0.8964378517912078	False	cKO/CRE	GM5857	GM5857	0.434194135361337	1.11515701159577	0.6809628762344331	positive	True	False	False
ENSMUSG00000049796	1.37759159751412e-10	1.8551682077941101e-09	3.28913307823708	18.057989801605	71	0.0682261208576998	9.860879514819269	0.8965412467664315	False	cKO/CRE	CRH	CRH	2.62912946824427	3.14021751187838	0.5110880436341101	positive	True	False	False
ENSMUSG00000026100	1.72768647008571e-10	2.29922614797644e-09	1.44002302131534	87.8429653999765	72	0.06920077972709551	9.762535067798138	0.8959180371681471	False	cKO/CRE	MSTN	MSTN	1.96568814224895	1.50207941855611	-0.4636087236928401	negative	True	False	False
ENSMUSG00000012889	2.2954061078531301e-10	3.0081311056883502e-09	1.58044931992619	42.3806776954633	73	0.07017543859649122	9.639140467077985	0.8953843466289041	False	cKO/CRE	PODNL1	PODNL1	1.96855868264061	1.49781153376539	-0.4707471488752202	negative	True	False	False
ENSMUSG00000006522	2.41914851007765e-10	3.15872517745298e-09	1.53569198149733	67.1854014982487	74	0.07115009746588694	9.616337469741687	0.8944911826193352	False	cKO/CRE	ITIH3	ITIH3	1.2093209989039	1.55329500711712	0.3439740082132201	positive	True	False	False
ENSMUSG00000039883	4.03573419870392e-10	5.1321724116930305e-09	-0.998341832444787	89.854571263187	75	0.07212475633528265	9.394077444971675	0.8943107968876797	False	cKO/CRE	LRRC17	LRRC17	-0.579242477966971	-0.972182954850004	-0.392940476883033	negative	True	False	False
ENSMUSG00000039910	5.43819050015581e-10	6.759478707373751e-09	0.725099197255428	1024.63374992411	76	0.07309941520467836	9.26454558311899	0.8937990384231167	False	cKO/CRE	CITED2	CITED2	1.14336522603794	0.709016238597918	-0.43434898744002215	negative	True	True	False
ENSMUSG00000020932	1.4535061969344402e-09	1.72190750680986e-08	2.35559155172459	158.142216325766	77	0.07407407407407407	8.837583112301743	0.8943501759616885	False	cKO/CRE	GFAP	GFAP	2.38229273276648	2.00775914788851	-0.37453358487797006	negative	True	False	False
ENSMUSG00000068999	1.8249023992773402e-09	2.13014436666054e-08	5.78039758076768	7.30246928714197	78	0.07504873294346978	8.738760357831485	0.8937286756396542	False	cKO/CRE	VMN2R5	VMN2R5	3.50907952310043	4.90172906375249	1.39264954065206	positive	True	False	False
ENSMUSG00000043020	2.17779539558692e-09	2.5120126792944e-08	3.34451580678253	11.1760013312188	79	0.07602339181286549	8.661982924737078	0.8930283943069507	False	cKO/CRE	DNAI3	DNAI3	1.23381619001977	1.91539545202174	0.68157926200197	positive	True	False	False
ENSMUSG00000029019	2.61800527884264e-09	2.99085158678212e-08	0.695428501171119	631.389170714504	80	0.0769980506822612	8.582029482090107	0.8923394627404029	False	cKO/CRE	NPPB	NPPB	0.296422141391315	0.644620843594162	0.34819870220284704	positive	True	False	False
ENSMUSG00000048217	3.11820522052754e-09	3.52848672977566e-08	5.85576263318202	8.85358109658684	81	0.07797270955165692	8.506095305693117	0.8916361679512953	False	cKO/CRE	NAGS	NAGS	4.88030816281124	5.22900408055195	0.3486959177407094	positive	False	False	False
ENSMUSG00000007946	4.3092357664779405e-09	4.81781536266747e-08	5.31803011343012	15.1097133817493	82	0.07894736842105263	8.365599744185175	0.8911635892893214	False	cKO/CRE	PHOX2A	PHOX2A	2.97296627764387	2.33785942405004	-0.6351068535938302	negative	True	False	False
ENSMUSG00000071540	4.39689304185378e-09	4.91325903365088e-08	-1.27200261903596	286.500375153651	83	0.07992202729044834	8.356854098832802	0.8902201900222234	False	cKO/CRE	3425401B19RIK	3425401B19RIK	-0.489604331236493	-1.25624594724962	-0.7666416160131269	negative	True	False	False
ENSMUSG00000031616	7.63997616924238e-09	8.26195105536307e-08	-0.648065877980445	430.492394393927	84	0.08089668615984405	8.116907996081729	0.8901030071386627	False	cKO/CRE	EDNRA	EDNRA	-0.328217440477035	-0.641197466943461	-0.31298002646642603	negative	True	False	False
ENSMUSG00000048329	8.88726882881612e-09	9.53339717545792e-08	5.60221854615897	8.11998495353036	85	0.08187134502923976	8.051231682765723	0.8893630549197519	False	cKO/CRE	MFSD6L	MFSD6L	6.37638625258784	5.87309775555549	-0.5032884970323499	negative	True	False	False
ENSMUSG00000023903	9.159034830363291e-09	9.80587738995403e-08	0.343057687636692	6700.83787579517	86	0.08284600389863547	8.038150289425193	0.8884351498522026	False	cKO/CRE	MMP25	MMP25	-0.0129272786693768	0.307452834866627	0.3203801135360038	positive	True	False	False
ENSMUSG00000022146	1.02107191753296e-08	1.08992191853617e-07	0.448828143549456	3436.2031672785	87	0.08382066276803118	7.990943668013232	0.8876291944678064	False	cKO/CRE	OSMR	OSMR	0.108305545491898	0.427644382041065	0.31933883654916695	positive	True	False	False
ENSMUSG00000099839	1.23219422099434e-08	1.29849195620346e-07	5.98843122526243	10.909164311694	88	0.0847953216374269	7.909320832384156	0.8869462286326758	False	cKO/CRE	GM29374	GM29374	4.9263406729367	5.46679697977374	0.54045630683704	positive	True	False	False
ENSMUSG00000022715	1.36682765823119e-08	1.43123524446784e-07	1.11008595937895	49.5283401647321	89	0.08576998050682261	7.864286241685059	0.886132511294083	False	cKO/CRE	TMEM114	TMEM114	0.647561277563329	1.1204204522231	0.472859174659771	positive	True	False	False
ENSMUSG00000021721	1.46226563439395e-08	1.52818861284812e-07	0.351272826621645	736.109369998505	90	0.08674463937621832	7.83497372650783	0.8852626096532379	False	cKO/CRE	HTR1A	HTR1A	-0.0324886513980552	0.339749803188822	0.37223845458687715	positive	True	False	False
ENSMUSG00000036036	1.47276577320352e-08	1.53841314294826e-07	0.749562974192739	77.8582536296725	91	0.08771929824561403	7.831866317307931	0.8842990616237377	False	cKO/CRE	ZFP57	ZFP57	0.447046890793639	0.752989747507035	0.30594285671339594	positive	True	False	False
ENSMUSG00000050296	1.4770387335412e-08	1.54137644405423e-07	1.13652178213807	67.01652392347	92	0.08869395711500974	7.830608115695064	0.8833289052785698	False	cKO/CRE	ABCA12	ABCA12	0.618765521649701	1.0129544526966	0.3941889310468989	positive	True	False	False
ENSMUSG00000001131	1.85971444990882e-08	1.92203323937134e-07	1.83021585364131	529.494183498802	93	0.08966861598440545	7.730553734464451	0.8827118062895574	False	cKO/CRE	TIMP1	TIMP1	2.59247595664134	1.73725406652144	-0.8552218901198998	negative	True	False	False
ENSMUSG00000027577	2.35667552511297e-08	2.40553479895744e-07	0.567232737544078	426.607582532534	94	0.09064327485380116	7.6277002084614685	0.882104710305283	False	cKO/CRE	CHRNA4	CHRNA4	-0.000487196825797159	0.573287333251988	0.5737745300777851	positive	True	False	False
ENSMUSG00000085843	3.27579897025595e-08	3.29977947890728e-07	1.11023965746511	48.3255061241187	95	0.09161793372319688	7.484682757945621	0.8816411438487313	False	cKO/CRE	KANK4OS	KANK4OS	1.54279846084311	1.08803832428579	-0.45476013655731995	negative	True	False	False
ENSMUSG00000078612	3.54748835162429e-08	3.55389488557333e-07	0.901408731418977	124.158587298835	96	0.09259259259259259	7.450079021898283	0.8807901508788334	False	cKO/CRE	FYB2	FYB2	0.545270178205005	0.849954878935753	0.30468470073074805	positive	True	False	False
ENSMUSG00000025020	3.68610040380988e-08	3.68489146032683e-07	0.609272969754667	7019.69910017628	97	0.0935672514619883	7.433432839429825	0.8798749849174888	False	cKO/CRE	SLIT1	SLIT1	0.239780056444403	0.574156041778438	0.334375985334035	positive	True	False	False
ENSMUSG00000038094	3.81283722829553e-08	3.80680762523683e-07	1.53244443170438	31.4336351243386	98	0.09454191033138401	7.418751734553749	0.8789527965682129	False	cKO/CRE	ATP13A4	ATP13A4	1.05347688361157	1.52497483074781	0.47149794713623994	positive	True	False	False
ENSMUSG00000035279	5.1044923379792e-08	4.98739337856447e-07	-0.955258608074088	166.800755020116	99	0.09551656920077972	7.292047443739165	0.8784309335150017	False	cKO/CRE	SSC5D	SSC5D	-0.392938585094588	-0.984347537045116	-0.591408951950528	negative	True	False	False
ENSMUSG00000086006	5.11798061289337e-08	4.99602418537376e-07	1.49481116529764	31.0024632026048	100	0.09649122807017543	7.290901363569852	0.8774603764934051	False	cKO/CRE	GM13293	GM13293	1.15061801014224	1.48723446811868	0.3366164579764399	positive	True	False	False
ENSMUSG00000010307	5.33181109821419e-08	5.1953089892994e-07	-0.574475805131667	1310.89026715758	101	0.09746588693957114	7.273125245690374	0.8765492484615673	False	cKO/CRE	TMEM86A	TMEM86A	-0.108174753826516	-0.55512361981287	-0.44694886598635397	negative	True	False	False
ENSMUSG00000112238	6.20394423336874e-08	5.97996708188115e-07	2.09212813021839	12.4455025065055	102	0.09844054580896686	7.207332114670342	0.8758097137016098	False	cKO/CRE	GM48844	GM48844	1.66716403922843	2.1439183203831	0.4767542811546699	positive	True	False	False
ENSMUSG00000024770	6.67537089092599e-08	6.4056107082976e-07	4.41483325676778	11.2315454816886	103	0.09941520467836257	7.175524599415419	0.8749487281760887	False	cKO/CRE	LIPN	LIPN	3.05495207479567	4.27163240658388	1.2166803317882096	positive	True	False	False
ENSMUSG00000051054	6.79662711298082e-08	6.498725951325e-07	1.83155043067086	14.984245783865	104	0.10038986354775828	7.167706556356553	0.8740020140357377	False	cKO/CRE	SPATA31D1E	SPATA31D1E	2.18222896264133	1.75267292705571	-0.42955603558562006	negative	True	False	False
ENSMUSG00000043088	6.9150934721903e-08	6.5973065099572e-07	-1.44486256331588	46.8903913115149	105	0.10136452241715399	7.160201945101728	0.8730541798176217	False	cKO/CRE	IL17RE	IL17RE	-1.01063903662809	-1.42212167901566	-0.41148264238756993	negative	True	False	False
ENSMUSG00000010086	7.62654139579171e-08	7.21831294541732e-07	-0.46816388888221	4555.06883756042	106	0.1023391812865497	7.117672368107839	0.8722315105790738	False	cKO/CRE	RNF112	RNF112	-0.759833227977373	-0.458084628806987	0.30174859917038593	positive	True	True	False
ENSMUSG00000027460	7.65998851962474e-08	7.24677450693102e-07	-1.11903671838575	44.6555640547838	107	0.10331384015594541	7.115771881263918	0.8712636495000432	False	cKO/CRE	ANGPT4	ANGPT4	-0.302920482784601	-1.06750705966749	-0.764586576882889	negative	True	False	False
ENSMUSG00000052861	1.19311000190806e-07	1.10203525391388e-06	-1.20538978361202	92.8814603913936	108	0.10428849902534112	6.923319513564098	0.8709767433276266	False	cKO/CRE	DNAH6	DNAH6	-0.360778028359159	-0.90174013847711	-0.5409621101179509	negative	True	False	False
ENSMUSG00000107857	1.32770556955162e-07	1.21953477774904e-06	5.53009456155557	6.26537519785415	109	0.10526315789473684	6.8768982229319215	0.8701679814904919	False	cKO/CRE	GM19596	GM19596	6.02642486677389	4.42052071307909	-1.6059041536948007	negative	False	False	False
ENSMUSG00000033022	1.62702498730863e-07	1.47241645773891e-06	-0.591889498954364	707.406798519805	110	0.10623781676413255	6.788605777261711	0.869508850128484	False	cKO/CRE	CDO1	CDO1	-0.245873946100137	-0.585675216165484	-0.339801270065347	negative	True	False	False
ENSMUSG00000031849	1.8488230872256e-07	1.66053708746379e-06	-1.36675578381564	1380.19567686289	111	0.10721247563352826	6.733104644231632	0.8687325359544443	False	cKO/CRE	COMP	COMP	-0.128113500212015	-1.3316336930973	-1.203520192885285	negative	True	False	False
ENSMUSG00000035273	1.87976934444811e-07	1.68692009815732e-06	-0.797743697683747	218.918665254056	112	0.10818713450292397	6.725895437214481	0.8677836460817518	False	cKO/CRE	HPSE	HPSE	-0.427988291408283	-0.743401107391379	-0.315412815983096	negative	True	False	False
ENSMUSG00000073494	1.93275894109285e-07	1.72797182130358e-06	5.1092077191448	7.34880175337625	113	0.10916179337231968	6.713822308972772	0.8668521378848967	False	cKO/CRE	SH2D1B2	SH2D1B2	4.02197791290346	4.76822533822484	0.7462474253213802	positive	True	False	False
ENSMUSG00000032243	2.24801515742092e-07	1.9850223516741e-06	-0.823323805083348	255.568118464477	114	0.1101364522417154	6.648200764828033	0.8661119899432477	False	cKO/CRE	ITGA11	ITGA11	-0.224358115098668	-0.773788589977122	-0.549430474878454	negative	True	False	False
ENSMUSG00000056632	2.54653676513264e-07	2.22936207994851e-06	3.01372705513681	9.0985930316193	115	0.1111111111111111	6.59405004939985	0.865330849926042	False	cKO/CRE	DSG3	DSG3	3.99710400484708	2.48899234178623	-1.5081116630608498	negative	True	False	False
ENSMUSG00000015289	3.18839750502852e-07	2.75310301057692e-06	-0.416916566115017	345.028361385868	116	0.11208576998050682	6.496427539384266	0.8647050604185802	False	cKO/CRE	LAGE3	LAGE3	-0.0360139103825728	-0.417509932515191	-0.3814960221326182	negative	True	False	False
ENSMUSG00000027800	3.5930145951787e-07	3.07649187475492e-06	0.644180611176077	1383.95417050635	117	0.11306042884990253	6.444541018644864	0.8639158290906201	False	cKO/CRE	TM4SF1	TM4SF1	1.17711435979611	0.593001327711489	-0.5841130320846211	negative	True	True	False
ENSMUSG00000087200	3.95512220892765e-07	3.35974093141436e-06	-0.917658072807039	55.2685517855196	118	0.11403508771929824	6.402840092736991	0.863090198590182	False	cKO/CRE	LRP8OS3	LRP8OS3	-0.508276667645349	-0.912244832142239	-0.40396816449689	negative	True	False	False
ENSMUSG00000085057	5.15326816978158e-07	4.27930578462404e-06	2.23492551144085	11.4353008962182	119	0.11500974658869395	6.287917256796453	0.8625262334098888	False	cKO/CRE	GM13415	GM13415	0.198561422756759	0.622025943953137	0.423464521196378	positive	False	False	False
ENSMUSG00000038567	5.33818406195183e-07	4.42088962476304e-06	5.0392111047183	6.3354894517086	120	0.11598440545808966	6.272606455705524	0.8616062953387275	False	cKO/CRE	CYP24A1	CYP24A1	2.98286870247029	5.09568259355572	2.1128138910854304	positive	True	False	False
ENSMUSG00000005124	5.52535521301072e-07	4.5706078999032e-06	0.523270929604162	396.701915575358	121	0.11695906432748537	6.25763979690229	0.8606851274430252	False	cKO/CRE	CCN4	CCN4	0.928012879343838	0.544012283385338	-0.3840005959585	negative	True	True	False
ENSMUSG00000036867	5.81166898601093e-07	4.79635857184585e-06	-1.04481369403259	191.210536284299	122	0.11793372319688109	6.235699129687641	0.8597888818163932	False	cKO/CRE	SMAD6	SMAD6	-0.326184994029726	-1.01241695481063	-0.6862319607809041	negative	True	False	False
ENSMUSG00000042515	6.49771675706149e-07	5.32773063052261e-06	-0.741816005461446	94.5454237207224	123	0.1189083820662768	6.187239223973844	0.8589874051602617	False	cKO/CRE	PWWP3B	PWWP3B	-0.335470192137849	-0.712829755977357	-0.37735956383950797	negative	True	False	False
ENSMUSG00000051758	7.00943257057727e-07	5.71456435852684e-06	3.62469783919743	5.91093921891884	124	0.11988304093567251	6.154317137731128	0.8581304026580491	False	cKO/CRE	4930544M13RIK	4930544M13RIK	0.866187251115954	1.23576372347048	0.36957647235452595	positive	True	False	False
ENSMUSG00000039084	7.04129556837924e-07	5.7383618326055e-06	-2.64264862875392	281.172985047038	125	0.12085769980506822	6.152347425171595	0.8571627889635655	False	cKO/CRE	CHAD	CHAD	0.427920292279731	-2.55880265004778	-2.986722942327511	negative	True	False	False
ENSMUSG00000025329	8.60402143984965e-07	6.91996718725412e-06	1.60063229400199	20.9296633923761	126	0.12183235867446393	6.065298516090619	0.8564992137076521	False	cKO/CRE	PADI1	PADI1	0.605081011456447	1.04163638765612	0.4365553761996731	positive	True	False	False
ENSMUSG00000040690	8.77372259988238e-07	7.03273821243746e-06	0.676411803583624	1577.35812442212	127	0.12280701754385964	6.0568161008684855	0.8555548737631494	False	cKO/CRE	COL16A1	COL16A1	0.99939729804494	0.647363837100302	-0.35203346094463805	negative	True	False	False
ENSMUSG00000058743	1.04164892650528e-06	8.24485097948464e-06	-0.772810832662182	77.6199327427584	128	0.12378167641325535	5.982278629378581	0.8548465877188766	False	cKO/CRE	KCNJ14	KCNJ14	-0.0187805972511756	-0.570953688703861	-0.5521730914526853	negative	True	False	False
ENSMUSG00000035551	1.0548915765629e-06	8.34044294014704e-06	2.02240724554836	13.9467124149688	129	0.12475633528265107	5.976792175551344	0.8538915414270908	False	cKO/CRE	IGFBPL1	IGFBPL1	1.0487612329552	1.874342510443	0.8255812774878	positive	True	False	False
ENSMUSG00000071113	1.15962680705075e-06	9.12818079946878e-06	1.02019479896428	34.7492635519848	130	0.12573099415204678	5.935681753631243	0.8530638007056144	False	cKO/CRE	MBOAT4	MBOAT4	0.548829827912194	0.873958415074356	0.325128587162162	positive	True	False	False
ENSMUSG00000116940	1.40791489337106e-06	1.08948453861223e-05	2.69499457465939	9.632317330448	131	0.1267056530214425	5.851423596938532	0.8523902524359297	False	cKO/CRE	GM7450	GM7450	0.991278901838367	2.118557079842	1.1272781780036332	positive	True	False	False
ENSMUSG00000019429	1.53305523883807e-06	1.17700839364486e-05	4.858273555941	4.10873449718251	132	0.1276803118908382	5.814442196423933	0.8515477562716156	False	cKO/CRE	FFAR3	FFAR3	2.52127376401421	4.62500156004977	2.1037277960355603	positive	True	False	False
ENSMUSG00000042770	1.6016140441244e-06	1.22436777318997e-05	-0.378989410849129	285.955928136819	133	0.1286549707602339	5.7954421316361175	0.8506410021281327	False	cKO/CRE	HEBP1	HEBP1	-0.0275893557979146	-0.35365153502553	-0.3260621792276154	negative	True	False	False
ENSMUSG00000063260	1.80802009808728e-06	1.36899327779688e-05	-0.705541530498748	59.9720393573376	134	0.12962962962962962	5.742796746183726	0.8498544826739545	False	cKO/CRE	SYT10	SYT10	-0.369370184182785	-0.689442674241306	-0.320072490058521	negative	True	False	False
ENSMUSG00000022738	1.82608972069947e-06	1.38024091353996e-05	4.70805193633187	6.16164604756074	135	0.13060428849902533	5.738477888221521	0.8488952638695192	False	cKO/CRE	GSC2	GSC2	2.46647298902848	4.77206414820684	2.30559115917836	positive	True	False	False
ENSMUSG00000006585	1.85343077468598e-06	1.39942824514278e-05	0.770290500327677	115.387049504853	136	0.13157894736842105	5.732023630154151	0.8479436761163898	False	cKO/CRE	CDT1	CDT1	1.23423361161926	0.815641506227096	-0.41859210539216407	negative	True	False	False
ENSMUSG00000043461	1.94427135487282e-06	1.4618468968021e-05	-1.12375116670088	112.637541004887	137	0.13255360623781676	5.711243122280259	0.8470432845522209	False	cKO/CRE	SPTSSB	SPTSSB	-0.443713433360597	-1.08293745681794	-0.639224023457343	negative	True	False	False
ENSMUSG00000001657	1.94538911061027e-06	1.46217516275771e-05	-0.416118911154804	349.405774395251	138	0.13352826510721247	5.710993519433656	0.8460695238853556	False	cKO/CRE	HOXC8	HOXC8	-0.0981842259830586	-0.426854314331847	-0.3286700883487884	negative	True	False	False
ENSMUSG00000058017	1.96669287941848e-06	1.47766991073144e-05	4.88917807903656	4.81006311373793	139	0.13450292397660818	5.706263454614331	0.8451117745669509	False	cKO/CRE	SERPINB3D	SERPINB3D	4.49880529599392	5.19854433415113	0.69973903815721	positive	True	False	False
ENSMUSG00000086425	2.31489320312492e-06	1.71586662632181e-05	-0.515828533971374	165.244977994612	140	0.1354775828460039	5.635469040224175	0.8443901123592608	False	cKO/CRE	F730016J06RIK	F730016J06RIK	-0.895776649358718	-0.554470420188652	0.34130622917006603	positive	True	False	False
ENSMUSG00000025347	2.51068183805122e-06	1.85013032391375e-05	2.75306016300651	9.49851824346318	141	0.1364522417153996	5.60020831904072	0.843541467186981	False	cKO/CRE	TMT1B	TMT1B	2.82284131296716	2.01342095130239	-0.8094203616647699	negative	False	False	False
ENSMUSG00000087014	2.6003469522271e-06	1.9109567845432e-05	-0.416241068529925	594.218032615426	142	0.13742690058479531	5.584968702265706	0.842621274732032	False	cKO/CRE	GM16364	GM16364	-0.551761093578461	0.211668484970025	0.763429578548486	positive	True	False	False
ENSMUSG00000030137	2.89170954788164e-06	2.10775677945084e-05	-0.762946141753141	164.79981628239	143	0.13840155945419103	5.538845331048004	0.8418114482521022	False	cKO/CRE	TUBA8	TUBA8	-0.220206351559261	-0.698264051422693	-0.478057699863432	negative	True	False	False
ENSMUSG00000046733	3.0293702148761e-06	2.19690746731522e-05	1.60847176656711	60.6385977288063	144	0.13937621832358674	5.5186476489342535	0.8409089739057574	False	cKO/CRE	GPRC5A	GPRC5A	2.84946707996709	1.55151051017563	-1.2979565697914601	negative	True	False	False
ENSMUSG00000053559	3.49423926484408e-06	2.51028581188564e-05	0.752897559984053	162.460533456936	145	0.14035087719298245	5.456647360416683	0.8401558850696056	False	cKO/CRE	SMAGP	SMAGP	1.11164379354329	0.707399503818977	-0.4042442897243129	negative	True	False	False
ENSMUSG00000120500	3.56820380773729e-06	2.55487201257134e-05	2.82481654001425	7.25534864594392	146	0.14132553606237816	5.447550347668166	0.839213741446647	False	cKO/CRE	GM56754	GM56754	2.35043285044074	2.73826114771173	0.3878282972709899	positive	True	False	False
ENSMUSG00000046623	3.74222392644953e-06	2.66967692938403e-05	1.44039033625442	19.6298786842891	147	0.14230019493177387	5.4268702288318105	0.8383129911328958	False	cKO/CRE	GJB4	GJB4	2.09952511802049	1.37046663887963	-0.7290584791408601	negative	True	False	False
ENSMUSG00000078349	3.77531490076641e-06	2.69060125032708e-05	-0.441170367075863	210.062433557622	148	0.14327485380116958	5.4230468178198405	0.8373520018026058	False	cKO/CRE	AW011738	AW011738	0.0435743028330546	-0.389211915349104	-0.43278621818215857	negative	True	False	False
ENSMUSG00000024172	3.90272592647407e-06	2.77495577137107e-05	-0.486001783890962	679.852678591183	149	0.1442495126705653	5.40863194648952	0.8364288620429399	False	cKO/CRE	ST6GAL2	ST6GAL2	-0.885686132073435	-0.507800169004722	0.377885963068713	positive	True	False	False
ENSMUSG00000108325	3.92779349003211e-06	2.79185480321289e-05	0.51710109793119	134.884562551376	150	0.145224171539961	5.405851354005548	0.8354641461034443	False	cKO/CRE	GM44898	GM44898	0.0782955453075494	0.43942177125619	0.3611262259486406	positive	True	False	False
ENSMUSG00000112080	3.99069961616202e-06	2.83375315780793e-05	0.733730936560334	105.92347677023	151	0.14619883040935672	5.398950960753412	0.8345141526559795	False	cKO/CRE	GM47595	GM47595	0.173524066737202	0.737460016894978	0.563935950157776	positive	True	False	False
ENSMUSG00000096999	4.20843920757988e-06	2.9716564483523e-05	4.78675801321372	4.34841421629566	152	0.14717348927875243	5.375878941982983	0.8336219500195796	False	cKO/CRE	GM26793	GM26793	6.61682895873243	5.84326517251206	-0.7735637862203699	negative	True	False	False
ENSMUSG00000046607	4.53134616298705e-06	3.1881309975313e-05	-0.949771933551371	48.1460831820075	153	0.14814814814814814	5.343772759508601	0.8327620318092045	False	cKO/CRE	HRK	HRK	-0.0781956317516024	-0.80318772882451	-0.7249920970729076	negative	True	False	False
ENSMUSG00000101736	4.94697806078379e-06	3.45227019027259e-05	4.9399412403833	4.07291628426285	154	0.14912280701754385	5.305660015672137	0.8319235786056979	False	cKO/CRE	GM29335	GM29335	6.54962467598976	5.18804289260296	-1.3615817833868	negative	True	False	False
ENSMUSG00000112058	4.9899365909549e-06	3.47876762170028e-05	0.798496267478505	123.449751410233	155	0.15009746588693956	5.301904973088706	0.8309623449544562	False	cKO/CRE	GM47593	GM47593	0.174456867768118	0.78049899222353	0.6060421244554121	positive	True	False	False
ENSMUSG00000091897	5.10925410853506e-06	3.55396139642948e-05	4.58783881161377	6.58334545262016	156	0.15107212475633527	5.291642497163066	0.830024366222788	False	cKO/CRE	GM17019	GM17019	3.84983083997094	2.85095848396451	-0.9988723560064301	negative	True	False	False
ENSMUSG00000048982	5.19282919206583e-06	3.60858761530868e-05	4.71511549781461	5.14234294690009	157	0.15204678362573099	5.284595962435423	0.829074895025507	False	cKO/CRE	GPHB5	GPHB5	5.29159242432788	4.76328488060601	-0.52830754372187	negative	True	False	False
ENSMUSG00000086517	5.34556790229415e-06	3.70513272814485e-05	4.79117729061751	5.02819079139574	158	0.1530214424951267	5.272006149439105	0.8281452332497801	False	cKO/CRE	GM12534	GM12534	1.62877020071821	3.13507646364032	1.50630626292211	positive	True	False	False
ENSMUSG00000094845	5.4842137680508e-06	3.79021676577522e-05	1.27143662909712	20.5986283343437	159	0.1539961013645224	5.260885625276492	0.8272103208334609	False	cKO/CRE	TMEM95	TMEM95	1.41113289266682	0.988767842792719	-0.42236504987410106	negative	True	False	False
ENSMUSG00000048904	6.07576006924809e-06	4.15887326678825e-05	1.26623675365053	23.5975504958433	160	0.15497076023391812	5.216399384687295	0.8263946439146415	False	cKO/CRE	NEUROG1	NEUROG1	0.612613503704452	1.09777206170256	0.4851585579981079	positive	True	False	False
ENSMUSG00000035105	6.57177670449432e-06	4.46706012472055e-05	-0.780156124220036	481.828877680731	161	0.15594541910331383	5.182317201422833	0.8255417871272627	False	cKO/CRE	EGLN3	EGLN3	-0.251782030567011	-0.757076079685525	-0.505294049118514	negative	True	False	False
ENSMUSG00000111761	6.93071060342465e-06	4.69468708782308e-05	-0.631718891783188	88.5845424285605	162	0.15692007797270954	5.159222235038308	0.8246496664963007	False	cKO/CRE	9230112J17RIK	9230112J17RIK	-0.263014386879825	-0.676208198442521	-0.413193811562696	negative	True	False	False
ENSMUSG00000025551	7.33870358041727e-06	4.94452639853224e-05	-0.752060420975197	81.3016110365999	163	0.15789473684210525	5.13438065365327	0.823763787556836	False	cKO/CRE	FGF14	FGF14	-0.239367264097702	-0.612179294617357	-0.37281203051965495	negative	True	False	False
ENSMUSG00000050541	7.34174499492344e-06	4.94502347226315e-05	-0.979832645673895	188.146556498322	164	0.15886939571150097	5.134200704171573	0.822789777977179	False	cKO/CRE	ADRA1B	ADRA1B	-0.288602303633286	-0.955461674207038	-0.666859370573752	negative	True	False	False
ENSMUSG00000085008	8.34330873873497e-06	5.56369360305351e-05	2.63706539043227	7.46982261089665	165	0.15984405458089668	5.078661685332865	0.8220135991916077	False	cKO/CRE	DBHOS	DBHOS	1.44592835450777	1.98401882868673	0.53809047417896	positive	True	False	False
ENSMUSG00000049115	8.52265201680866e-06	5.66224847393422e-05	-0.484989146996901	1023.77507508646	166	0.1608187134502924	5.069425243607741	0.8210719538310924	False	cKO/CRE	AGTR1A	AGTR1A	-0.795206754942834	-0.471453512751159	0.323753242191675	positive	True	False	False
ENSMUSG00000046219	9.38888329574481e-06	6.20701474673416e-05	1.29821046950118	25.3778899970035	167	0.1617933723196881	5.027386059207396	0.8202475321289044	False	cKO/CRE	C230012O17RIK	C230012O17RIK	1.06468458847351	1.38902911405156	0.32434452557804994	positive	True	False	False
ENSMUSG00000061535	1.05025331540167e-05	6.87549181714309e-05	-0.824105762990574	509.703602584126	168	0.1627680311890838	4.9787059388226975	0.8194468424304244	False	cKO/CRE	C1QTNF7	C1QTNF7	-0.243842362100291	-0.827450194775154	-0.583607832674863	negative	True	False	False
ENSMUSG00000115384	1.05382714342412e-05	6.89468255432559e-05	-0.580629396855868	74.6856619161092	169	0.16374269005847952	4.977230619496862	0.8184774619756405	False	cKO/CRE	GM49205	GM49205	-0.18132258991546	-0.586593295806315	-0.405270705890855	negative	True	False	False
ENSMUSG00000110332	1.10271427594225e-05	7.17081631244364e-05	-0.675023145263719	117.222840340028	170	0.16471734892787523	4.957537002932879	0.8175731863040722	False	cKO/CRE	GM19935	GM19935	-0.187408214491422	-0.659235311021979	-0.471827096530557	negative	True	False	False
ENSMUSG00000072244	1.13303389795474e-05	7.35238985897715e-05	0.77861927794078	46.330151497427	171	0.16569200779727095	4.945757096778731	0.8166406302507574	False	cKO/CRE	TRIM6	TRIM6	0.244135123801923	0.637653743640252	0.3935186198383289	positive	True	False	False
ENSMUSG00000022893	1.14317212859545e-05	7.40921887452595e-05	0.696646796459752	1445.69393710425	172	0.16666666666666666	4.941888372517257	0.815679802851588	False	cKO/CRE	ADAMTS1	ADAMTS1	1.06889668202867	0.682523445725151	-0.38637323630351905	negative	True	False	False
ENSMUSG00000107985	1.15606387107031e-05	7.48373554173563e-05	3.65584321764598	6.14942861860957	173	0.16764132553606237	4.9370181710304495	0.8147225543246259	False	cKO/CRE	GM35037	GM35037	1.57113207069953	2.97975951287339	1.40862744217386	positive	True	False	False
ENSMUSG00000033219	1.19180101379821e-05	7.70114405845646e-05	3.6210259062191	6.79849583839417	174	0.16861598440545808	4.923796249481142	0.8137951514477287	False	cKO/CRE	GM9758	GM9758	4.76567057403474	3.18275905192817	-1.5829115221065697	negative	True	False	False
ENSMUSG00000083672	1.28334097801423e-05	8.24549459265293e-05	1.14913991508228	20.1868463719633	175	0.1695906432748538	4.891657938172584	0.812935348052737	False	cKO/CRE	KPNA2-PS	KPNA2-PS	0.167738348261644	0.809989851864934	0.64225150360329	positive	True	False	False
ENSMUSG00000037242	1.38494292852449e-05	8.85324148412947e-05	0.433844716954048	9489.71782765587	176	0.1705653021442495	4.85856812287215	0.8120789449459451	False	cKO/CRE	CLIC4	CLIC4	0.701330632567899	0.386716107153569	-0.31461452541432994	negative	True	False	False
ENSMUSG00000111110	1.45835102299419e-05	9.28379687413797e-05	3.5922632976154	5.45133539282328	177	0.17153996101364521	4.836137929378129	0.8111844486870988	False	cKO/CRE	GM36855	GM36855	3.04581802615387	3.54390631231471	0.49808828616084	positive	True	False	False
ENSMUSG00000030713	1.48646161974547e-05	9.44314445973843e-05	3.30926208419264	5.89874593545177	178	0.17251461988304093	4.827846299743902	0.8102394269525155	False	cKO/CRE	KLK7	KLK7	3.73723746410189	3.22272887237921	-0.5145085917226804	negative	True	False	False
ENSMUSG00000031997	1.50143801381387e-05	9.52238599723498e-05	-0.421307137324575	1184.13839704086	179	0.17348927875243664	4.823492592745239	0.8092803326843602	False	cKO/CRE	TRPC6	TRPC6	-0.678492152112364	-0.367367128355182	0.31112502375718204	positive	True	False	False
ENSMUSG00000020614	1.55373229914519e-05	9.806650259762e-05	-0.500661631773414	423.341080434505	180	0.17446393762183235	4.808623806010706	0.8083588150336983	False	cKO/CRE	FAM20A	FAM20A	-0.198883912073672	-0.520586812876572	-0.32170290080290004	negative	True	False	False
ENSMUSG00000064345	1.61728638520274e-05	0.0001016593544502	-0.348467552739747	98460.6929142101	181	0.17543859649122806	4.791213069456283	0.8074463812776402	False	cKO/CRE	MT-ND2	MT-ND2	0.0537957290776235	-0.315658216639855	-0.36945394571747847	negative	True	False	False
ENSMUSG00000036158	1.77979380619965e-05	0.0001109966700868	-0.416269500920455	498.813205849853	182	0.17641325536062377	4.749630308936459	0.8066203285021741	False	cKO/CRE	PRICKLE1	PRICKLE1	-0.105745427753191	-0.410128650988098	-0.30438322323490696	negative	True	False	False
ENSMUSG00000060534	1.8448230390509e-05	0.0001146856975275	-0.90875674273412	106.31853760456	183	0.17738791423001948	4.734045286333962	0.8057013703871433	False	cKO/CRE	DCC	DCC	0.0798145919501193	-0.836534558249061	-0.9163491501991803	negative	True	False	False
ENSMUSG00000020990	2.37370213253586e-05	0.0001447965046235	-0.424897981022325	258.777599318137	184	0.1783625730994152	4.624573780036978	0.8051179243722779	False	cKO/CRE	CDKL1	CDKL1	-0.685391212533636	-0.380539281709986	0.30485193082365	positive	True	False	False
ENSMUSG00000085421	2.65159202508877e-05	0.0001606975562127	3.0552142266742	5.93024040066008	185	0.1793372319688109	4.576493295833852	0.8043150918180141	False	cKO/CRE	4732490B19RIK	4732490B19RIK	1.21507166562325	2.95027130236531	1.73519963674206	positive	True	False	False
ENSMUSG00000042961	2.72519238472365e-05	0.0001649717420487	0.380423740564152	719.874235829105	186	0.18031189083820662	4.564602833323246	0.8033829308481435	False	cKO/CRE	EGFLAM	EGFLAM	0.712620788870133	0.390353607501727	-0.32226718136840604	negative	True	False	False
ENSMUSG00000083750	2.7617038986384e-05	0.0001668995942797	4.37377744751059	3.73889397398552	187	0.18128654970760233	4.558822886974249	0.8024289333792392	False	cKO/CRE	GM14108	GM14108	2.72526973024049	1.58782770198903	-1.13744202825146	negative	True	False	False
ENSMUSG00000027654	2.92053305565984e-05	0.0001757067336681	-0.390171991428469	254.205846373472	188	0.18226120857699804	4.534537873892898	0.8015410654910665	False	cKO/CRE	FAM83D	FAM83D	-0.691157777806102	-0.380408744091856	0.310749033714246	positive	True	False	False
ENSMUSG00000086866	2.97482217622201e-05	0.0001787724883392	2.88795328084188	10.2883432623086	189	0.18323586744639375	4.526538989664401	0.8005949976034905	False	cKO/CRE	4930512H18RIK	4930512H18RIK	1.63520505490878	1.30802531150578	-0.32717974340299993	negative	True	False	False
ENSMUSG00000091255	3.21009440501217e-05	0.000191730346405	2.98682075460869	5.6258888311857	190	0.18421052631578946	4.493482195329405	0.799738476493201	False	cKO/CRE	SPEER4E1	SPEER4E1	4.31526976230253	2.79951781862218	-1.5157519436803502	negative	True	False	False
ENSMUSG00000058897	3.37227205513391e-05	0.0002003021359587	-0.949608088084322	475.243449154532	191	0.18518518518518517	4.472077396301923	0.7988403158916566	False	cKO/CRE	COL25A1	COL25A1	-0.27259273085799	-0.932231381181162	-0.6596386503231719	negative	True	False	False
ENSMUSG00000086196	3.48833967715687e-05	0.0002064535415215	1.96784106279293	9.13037435252604	192	0.1861598440545809	4.457381232245134	0.7979181813577666	False	cKO/CRE	GM13571	GM13571	-0.295223961173808	0.0300370201976184	0.3252609813714264	positive	True	False	False
ENSMUSG00000100277	3.77051618914479e-05	0.0002216262336149	2.18585334559997	8.87355892342185	193	0.1871345029239766	4.423599190178465	0.7970642519878427	False	cKO/CRE	1810053B23RIK	1810053B23RIK	1.29006466702216	1.80113216048715	0.5110674934649899	positive	True	False	False
ENSMUSG00000096878	4.02589450803955e-05	0.0002356048296335	3.18306541920335	4.75627805955509	194	0.1881091617933723	4.395137609272638	0.7961913094540675	False	cKO/CRE	GM21083	GM21083	3.14393762378969	3.64779853238219	0.5038609085925003	positive	False	False	False
ENSMUSG00000026147	4.15575986705006e-05	0.0002423459421518	-3.27498607908389	13.9304246379508	195	0.18908382066276802	4.38134955529871	0.795265929704156	False	cKO/CRE	COL9A1	COL9A1	-0.457854844788175	-3.28842260763417	-2.8305677628459947	negative	True	False	False
ENSMUSG00000054892	4.41366466232433e-05	0.0002562026112532	1.30691991049542	26.6566051813727	196	0.19005847953216373	4.35520066637927	0.7943847225500131	False	cKO/CRE	TXK	TXK	0.869991650099862	1.21378531797911	0.34379366787924803	positive	True	False	False
ENSMUSG00000045404	4.60058607016959e-05	0.0002666923591203	0.364755779011472	953.916717629044	197	0.19103313840155944	4.337186839877593	0.7934744439920924	False	cKO/CRE	KCNK13	KCNK13	0.0531639289785157	0.35504617946693	0.3018822504884143	positive	True	False	False
ENSMUSG00000035606	4.74514986933905e-05	0.0002742274751819	-1.25103508299011	60.3537799765886	198	0.19200779727095516	4.323750066398102	0.7925478089085929	False	cKO/CRE	KY	KY	-0.310590934301399	-1.01215376779823	-0.7015628334968309	negative	True	False	False
ENSMUSG00000020251	4.74590082130399e-05	0.0002742274751819	-0.637938067871843	191.031887349524	199	0.19298245614035087	4.3236813418056705	0.7915734018564275	False	cKO/CRE	GLT8D2	GLT8D2	-0.1492280520057	-0.604729109404323	-0.455501057398623	negative	True	False	False
ENSMUSG00000032012	6.04809166161347e-05	0.0003431888332228	0.332136900408267	2513.36616157243	200	0.19395711500974658	4.218381635524166	0.7909750475253745	False	cKO/CRE	NECTIN1	NECTIN1	-0.0186526629348383	0.317284074103324	0.3359367370381623	positive	True	False	False
ENSMUSG00000021055	6.20380175769796e-05	0.0003514669003186	0.949025402279275	34.8124413174575	201	0.1949317738791423	4.207342088504054	0.7900398457296892	False	cKO/CRE	ESR2	ESR2	0.204264623975405	0.688852959898115	0.48458833592271	positive	True	False	False
ENSMUSG00000053889	6.4547324410318e-05	0.0003647692516778	0.69951768486647	242.635489341385	202	0.195906432748538	4.190121755224325	0.7891267315497823	False	cKO/CRE	KIRREL3OS	KIRREL3OS	0.230381791465244	0.668003179448384	0.43762138798314004	positive	True	False	False
ENSMUSG00000026235	6.45654207518381e-05	0.0003647692516778	-0.657198530811594	278.765724825712	203	0.1968810916179337	4.190000014472761	0.788152513955803	False	cKO/CRE	EPHA4	EPHA4	-0.239414619246853	-0.639236131700464	-0.39982151245361097	negative	True	False	False
ENSMUSG00000060548	6.57948621983001e-05	0.0003706961973618	-0.489948507980949	203.585850036501	204	0.19785575048732942	4.181808018332016	0.7872071361716443	False	cKO/CRE	TNFRSF19	TNFRSF19	0.221251065894724	-0.506170159257557	-0.727421225152281	negative	True	False	False
ENSMUSG00000029838	6.81394773444824e-05	0.0003825005284196	-0.382788762973046	7660.55612866949	205	0.19883040935672514	4.166601201958012	0.7862868265014052	False	cKO/CRE	PTN	PTN	-0.00635689014861079	-0.360884103587893	-0.35452721343928223	negative	True	False	False
ENSMUSG00000091898	7.40488330903441e-05	0.0004124370137823	1.26542026676162	54.6150782965121	206	0.19980506822612085	4.130481780983658	0.7854412499728632	False	cKO/CRE	TNNC1	TNNC1	0.75734249540237	1.32931870765957	0.5719762122572001	positive	True	False	False
ENSMUSG00000022665	7.7610662119297e-05	0.0004296004314215	-0.679309698385132	749.975741798623	207	0.20077972709551656	4.110078611454524	0.7845395099549497	False	cKO/CRE	CCDC80	CCDC80	0.13335985542443	-0.680765517676453	-0.814125373100883	negative	True	False	False
ENSMUSG00000056947	8.05287572208732e-05	0.0004446065592858	-0.48562790368028	382.707381042689	208	0.20175438596491227	4.094049003208352	0.783622140608154	False	cKO/CRE	MAB21L1	MAB21L1	-0.850072943822877	-0.47791513921934	0.37215780460353703	positive	True	False	False
ENSMUSG00000045827	8.73243639465157e-05	0.0004785562411222	-0.490130531456414	1131.76266954148	209	0.20272904483430798	4.058864568994346	0.7827732228172787	False	cKO/CRE	SERPINB9	SERPINB9	-0.0479402586141024	-0.503333108927746	-0.45539285031364357	negative	True	False	False
ENSMUSG00000015133	8.77067015412946e-05	0.0004805288553561	-0.559155831669241	634.918693171181	210	0.2037037037037037	4.056967221557445	0.7818053505192845	False	cKO/CRE	LRRK1	LRRK1	-0.0695923033193257	-0.52136973933842	-0.4517774360190943	negative	True	False	False
ENSMUSG00000113096	9.22678029010625e-05	0.0005032064677525	-1.54179737571046	10.9222270537703	211	0.2046783625730994	4.034949820770673	0.7809093791072245	False	cKO/CRE	GM40884	GM40884	-0.725856916637258	-1.38135749454072	-0.6555005779034621	negative	True	False	False
ENSMUSG00000049699	9.48724968986733e-05	0.000516624307059	3.02941053660881	7.99067026484491	212	0.20565302144249512	4.022859669303941	0.7799779317444507	False	cKO/CRE	UCN2	UCN2	0.981093935386937	2.89953331758416	1.9184393821972232	positive	True	False	False
ENSMUSG00000006641	9.84719863678264e-05	0.0005351391542713	-0.52520845694499	1432.10453436222	213	0.20662768031189083	4.006687301443934	0.779061072562441	False	cKO/CRE	SLC5A6	SLC5A6	-0.0793960749670618	-0.494360618549695	-0.4149645435826332	negative	True	False	False
ENSMUSG00000046318	9.88109776497802e-05	0.0005367096270825	-0.781681247202791	61.1027734253619	214	0.20760233918128654	4.005194803713145	0.778091753496288	False	cKO/CRE	CCBE1	CCBE1	-0.197331644709048	-0.781982627393153	-0.5846509826841051	negative	True	False	False
ENSMUSG00000087400	9.91835628506607e-05	0.0005385971060339	-0.824831157357612	49.5236455687915	215	0.20857699805068225	4.003560295131519	0.7771229419191468	False	cKO/CRE	GM15270	GM15270	0.0114640024214812	-1.11507445189944	-1.1265384543209211	negative	True	False	False
ENSMUSG00000040254	9.96855630965007e-05	0.0005407759154484	-0.753129854189199	924.859011987032	216	0.20955165692007796	4.001367733579203	0.7761561245963096	False	cKO/CRE	SEMA3D	SEMA3D	-0.0179354467174451	-0.732005802349467	-0.7140703556320219	negative	True	False	False
ENSMUSG00000107881	9.98919560726771e-05	0.0005417586480687	-0.45038091209191	299.254415928081	217	0.21052631578947367	4.000469482483747	0.7751846819344186	False	cKO/CRE	GM44250	GM44250	-0.000710121327547467	-0.443955102810035	-0.44324498148248753	negative	True	False	False
ENSMUSG00000091345	0.0001066629158535	0.0005761112066433	1.31665290075447	79.0817927383984	218	0.21150097465886938	3.971986548144461	0.774311815709128	False	cKO/CRE	COL6A5	COL6A5	2.10931352611768	1.34069520561839	-0.7686183204992898	negative	True	False	False
ENSMUSG00000027716	0.0001093999493027	0.0005887137908582	-0.323698878975768	5586.78224616041	219	0.2124756335282651	3.9609828792600172	0.7733764856995808	False	cKO/CRE	TRPC3	TRPC3	-0.62661537498627	-0.32225514555878	0.30436022942748997	positive	True	False	False
ENSMUSG00000095448	0.0001183666676157	0.0006318972611389	1.23492062642977	22.2837341059191	220	0.2134502923976608	3.926770578935986	0.772524093897642	False	cKO/CRE	OR7E168	OR7E168	0.9343707662796	1.27982168034448	0.34545091406487993	positive	True	False	False
ENSMUSG00000103346	0.0001215033789125	0.0006449533955827	-2.06881460308479	6.85751162843959	221	0.21442495126705652	3.915411644513001	0.7715900334626092	False	cKO/CRE	C230057A21RIK	C230057A21RIK	-0.93110597011073	-1.3600507290882	-0.42894475897747	negative	True	False	False
ENSMUSG00000067848	0.0001217990786733	0.0006462034164118	3.34098043295839	4.99653955767303	222	0.21539961013645223	3.914355996831347	0.7706191532720893	False	cKO/CRE	SPEER1M	SPEER1M	6.26919154309254	4.4474955949056	-1.8216959481869397	negative	True	False	False
ENSMUSG00000093405	0.0001229640496801	0.0006515789411096	-1.17715171641848	13.9986912240769	223	0.21637426900584794	3.9102218422815764	0.7696592744127946	False	cKO/CRE	GM20684	GM20684	-0.00488123622123205	-0.773037339729388	-0.768156103508156	negative	True	False	False
ENSMUSG00000094626	0.0001337160766731	0.0007016253487815	1.07467112718327	23.4456547420118	224	0.21734892787524365	3.8738163744083627	0.7688147200995067	False	cKO/CRE	TMEM121B	TMEM121B	0.8126793834474	1.16694636468495	0.35426698123755007	positive	True	False	False
ENSMUSG00000118443	0.0001523493319189	0.0007893629637875	-1.32074422734409	14.8038696338953	225	0.21832358674463936	3.817159445901901	0.7680425362683277	False	cKO/CRE	GM18589	GM18589	-0.410442883573862	-1.60870138516368	-1.198258501589818	negative	True	False	False
ENSMUSG00000042761	0.0001694625123874	0.0008700507751518	-0.791195031783493	260.119054544324	226	0.21929824561403508	3.770926359194945	0.7672331018669248	False	cKO/CRE	MRAP2	MRAP2	-0.362119151014223	-0.807334996378531	-0.445215845364308	negative	True	False	False
ENSMUSG00000049641	0.0001746794779945	0.0008942689421967	-1.72800351962536	26.0988695711363	227	0.2202729044834308	3.7577581145778494	0.7663055071705075	False	cKO/CRE	VGLL2	VGLL2	-1.09546542361361	-1.5507701889777	-0.4553047653640898	negative	True	False	False
ENSMUSG00000040705	0.0001885685787084	0.0009571560914058	-1.63224735789663	35.6491810595754	228	0.2212475633528265	3.724530672311422	0.7654495958865061	False	cKO/CRE	A930016O22RIK	A930016O22RIK	0.542281969458705	-3.43438718140633	-3.976669150865035	negative	True	False	False
ENSMUSG00000015852	0.0001900940664775	0.0009639875339021	0.78434364362563	621.346531883144	229	0.2222222222222222	3.7210314388225982	0.7644874480776223	False	cKO/CRE	FCRL2	FCRL2	1.11293169029616	0.767166216356218	-0.34576547393994195	negative	True	False	False
ENSMUSG00000035385	0.0001947233048089	0.0009849035016562	1.17408247580308	142.967108170689	230	0.22319688109161792	3.710582068283641	0.7635501372312741	False	cKO/CRE	CCL2	CCL2	0.597665999187697	1.12863360834427	0.530967609156573	positive	True	False	False
ENSMUSG00000061969	0.0001991951170691	0.0010051533575473	-1.29082187411606	16.4473576358231	231	0.22417153996101363	3.7007213117754576	0.7626107229178253	False	cKO/CRE	GM5581	GM5581	-0.516368948055494	-1.09830639749827	-0.581937449442776	negative	True	False	False
ENSMUSG00000058488	0.0002000418529593	0.0010089516954008	-1.13446074414414	157.009770169806	232	0.22514619883040934	3.6988791312975744	0.7616426534755613	False	cKO/CRE	KL	KL	-0.479019213220646	-1.08438780591082	-0.6053685926901741	negative	True	False	False
ENSMUSG00000079057	0.0002080661376908	0.0010462280889366	-0.332623953415078	790.554876388333	233	0.22612085769980506	3.68179859451527	0.7607290397198412	False	cKO/CRE	CYP4V3	CYP4V3	-0.022893211526243	-0.339480492514083	-0.31658728098784	negative	True	False	False
ENSMUSG00000074971	0.0002132119532527	0.0010688481523873	-1.08650043526021	263.56970064789	234	0.22709551656920077	3.6711884512112802	0.7597923034099537	False	cKO/CRE	FIBIN	FIBIN	-0.407062751953762	-1.09941476428734	-0.692352012333578	negative	True	False	False
ENSMUSG00000112739	0.0002136305088823	0.0010706963585498	0.525984262556352	141.887243036052	235	0.22807017543859648	3.67033672499052	0.7588206944870868	False	cKO/CRE	GM20597	GM20597	0.226758759565748	0.55034078474932	0.32358202518357204	positive	True	False	False
ENSMUSG00000042567	0.0002145202330054	0.0010744030148611	3.10604761057395	6.6941063857689	236	0.2290448343079922	3.66853173999116	0.7578524921233135	False	cKO/CRE	NEK10	NEK10	2.2129675027069	2.72968797237406	0.5167204696671601	positive	True	False	False
ENSMUSG00000024074	0.0002273255192083	0.0011308851901105	-0.444506369457352	1814.79784978105	237	0.2300194931773879	3.6433518083170346	0.7569678223101428	False	cKO/CRE	CRIM1	CRIM1	-0.00950841446303444	-0.444799169899134	-0.4352907554360995	negative	True	False	False
ENSMUSG00000108181	0.0002419828526234	0.0011935670759227	0.582238405315706	75.7582002030284	238	0.2309941520467836	3.61621540788273	0.7560901441204393	False	cKO/CRE	C030015A19RIK	C030015A19RIK	0.0888274923269081	0.565884197395537	0.47705670506862885	positive	True	False	False
ENSMUSG00000021678	0.0002520481053842	0.0012369603635522	1.03867684289241	35.3022855242117	239	0.23196881091617932	3.59851656275382	0.7551787399472252	False	cKO/CRE	F2RL1	F2RL1	0.42512327637	0.997619540128742	0.572496263758742	positive	True	False	False
ENSMUSG00000021714	0.000267424999229	0.0013067482434442	-0.701139526097183	42.5310862191301	240	0.23294346978557504	3.5727979967758805	0.7542959949939426	False	cKO/CRE	CENPK	CENPK	-0.164047666934793	-0.525005107344223	-0.36095744040943	negative	True	False	False
ENSMUSG00000028417	0.0002742681378297	0.0013347177163125	1.09881716861937	21.8411895968544	241	0.23391812865497075	3.561824642152954	0.7533605566535563	False	cKO/CRE	TAL2	TAL2	0.695922320092114	1.13101415162231	0.43509183153019604	positive	True	False	False
ENSMUSG00000028059	0.0002755815470219	0.0013398943348525	0.445688352172112	926.997774744471	242	0.23489278752436646	3.5597498662087794	0.7523933184128703	False	cKO/CRE	ARHGEF2	ARHGEF2	0.747667905396161	0.444451934733702	-0.30321597066245903	negative	True	False	False
ENSMUSG00000038893	0.000276138535864	0.0013416907675097	-0.377377473051258	370.531106858203	243	0.23586744639376217	3.5588729821862866	0.7514217993937526	False	cKO/CRE	FAM117A	FAM117A	-0.0578087633477662	-0.358218085768724	-0.3004093224209578	negative	True	False	False
ENSMUSG00000117059	0.0002832418235859	0.0013730626926069	1.05075675230087	24.6259767416016	244	0.23684210526315788	3.547842618173403	0.750486564781735	False	cKO/CRE	GM7912	GM7912	0.225926795310331	1.0332967605788	0.8073699652684689	positive	True	False	False
ENSMUSG00000049314	0.0002841495101786	0.001376253020193	4.23722279266617	3.49593668718963	245	0.2378167641325536	3.5464530882622722	0.7495168777504815	False	cKO/CRE	FBXW13	FBXW13	4.21739693460977	4.6847936437254	0.46739670911563014	positive	False	False	False
ENSMUSG00000104965	0.0002999850154625	0.0014441530257723	0.50479288453018	92.7670356390917	246	0.2387914230019493	3.5229004381619387	0.7486263926949362	False	cKO/CRE	GM43437	GM43437	0.122353634080567	0.452775424516501	0.330421790435934	positive	True	False	False
ENSMUSG00000026574	0.000303120694916	0.0014566350653832	-1.217110123415	161.008835355276	247	0.23976608187134502	3.518384412094906	0.7476678784891008	False	cKO/CRE	DPT	DPT	0.327671465373873	-1.13186864170288	-1.459540107076753	negative	True	False	False
ENSMUSG00000064339	0.0003108643042991	0.0014905099745557	-0.476128249161149	20976.2969239593	248	0.24074074074074073	3.5074291439456995	0.746732375515015	False	cKO/CRE	MT-RNR2	MT-RNR2	0.0305933757031537	-0.400476283878628	-0.4310696595817817	negative	True	False	False
ENSMUSG00000039308	0.0003196594415794	0.0015285831082523	-0.247199045332783	410.945326505877	249	0.24171539961013644	3.495312463558359	0.7458010229558116	False	cKO/CRE	NDST2	NDST2	0.0491182341846503	-0.25422762521797	-0.30334585940262027	negative	True	False	False
ENSMUSG00000030553	0.0003302586287367	0.0015722625248308	-1.28664699470302	11.1329004363441	250	0.24269005847953215	3.48114582666187	0.7448769961072597	False	cKO/CRE	PGPEP1L	PGPEP1L	-0.215244179521435	-0.798275367224689	-0.5830311877032539	negative	True	False	False
ENSMUSG00000042118	0.0003409023557993	0.0016175530436758	-0.919003587825486	20.7005815731425	251	0.24366471734892786	3.467369997576913	0.743951572670568	False	cKO/CRE	BHMT2	BHMT2	-0.463703030346447	-0.808520579981115	-0.34481754963466804	negative	True	False	False
ENSMUSG00000028885	0.0003428522547484	0.0016260862793701	0.869344694958873	47.4309788460681	252	0.24463937621832357	3.4648929900761964	0.7429857718418391	False	cKO/CRE	SMPDL3B	SMPDL3B	1.33550683487261	0.782405596323429	-0.553101238549181	negative	True	False	False
ENSMUSG00000031891	0.0003456209618519	0.0016371491641877	-1.94133508392274	35.337706560793	253	0.24561403508771928	3.461399925508715	0.74202360198774	False	cKO/CRE	HSD11B2	HSD11B2	1.06322888538676	-1.97581984302241	-3.03904872840917	negative	True	False	False
ENSMUSG00000022479	0.0003566352755189	0.0016803188815385	-0.774713083496014	77.1476385173018	254	0.246588693957115	3.44777570208743	0.7410976367740789	False	cKO/CRE	VDR	VDR	-0.275370802626311	-0.762242949157496	-0.48687214653118505	negative	True	False	False
ENSMUSG00000062329	0.0003604328387975	0.0016952347321709	-2.23880682660728	90.6926855799922	255	0.2475633528265107	3.4431756476074047	0.7401394228516089	False	cKO/CRE	CYTL1	CYTL1	-0.660357867613839	-2.22648716208484	-1.566129294471001	negative	True	False	False
ENSMUSG00000042745	0.0003664337229911	0.0017193150377546	-0.694040428043055	624.630913419995	256	0.24853801169590642	3.4360045649304887	0.7391903967380332	False	cKO/CRE	ID1	ID1	-0.18461576904468	-0.682853231922101	-0.498237462877421	negative	True	False	False
ENSMUSG00000009214	0.0003693592952446	0.0017317013142234	-0.624374558590431	63.6176798946797	257	0.24951267056530213	3.4325509671110015	0.7382280858458317	False	cKO/CRE	MYMK	MYMK	-0.235440520286825	-0.581783411517164	-0.34634289123033896	negative	True	False	False
ENSMUSG00000012187	0.0003836688947244	0.0017907885397161	-0.784150526671994	33.7855723089225	258	0.25048732943469787	3.416043409029829	0.7373124244973184	False	cKO/CRE	MOGAT1	MOGAT1	-0.310809882055304	-0.689232506518216	-0.37842262446291197	negative	True	False	False
ENSMUSG00000069873	0.000384977890029	0.0017961172326372	1.7548489579746	31.5661089948498	259	0.25146198830409355	3.4145642120866473	0.7363430578995614	False	cKO/CRE	4930438A08RIK	4930438A08RIK	2.43704743969853	1.66473275342099	-0.7723146862775403	negative	True	False	False
ENSMUSG00000052087	0.0004105278203524	0.0019066183885083	-0.299137038370447	333.239127189485	260	0.2524366471734893	3.3866574065929376	0.7354681328241431	False	cKO/CRE	RGS14	RGS14	-0.66664364740429	-0.325759319841456	0.34088432756283404	positive	True	False	False
ENSMUSG00000020773	0.000410678099161	0.0019069037587262	0.586274396854519	450.111769160306	261	0.253411306042885	3.386498456793625	0.734494048200164	False	cKO/CRE	TRIM47	TRIM47	0.897435286973406	0.475799764142935	-0.421635522830471	negative	True	False	False
ENSMUSG00000001249	0.0004198360860801	0.0019452193878258	-1.09669441466008	22.5678299566545	262	0.2543859649122807	3.3769202353298065	0.7335536242214005	False	cKO/CRE	HPN	HPN	-0.467209696934088	-0.806159049923942	-0.33894935298985407	negative	True	False	False
ENSMUSG00000085761	0.0004382565233266	0.0020170700106623	1.08018109629501	29.7444083865187	263	0.2553606237816764	3.358271610833343	0.7326456141732803	False	cKO/CRE	4930455G09RIK	4930455G09RIK	0.327847336060225	0.648554752422521	0.32070741636229605	positive	True	False	False
ENSMUSG00000086596	0.0004419283849112	0.0020326622478048	-0.728070526635069	174.714164251821	264	0.25633528265107214	3.3546481029536555	0.7316839104705153	False	cKO/CRE	SUSD5	SUSD5	-0.308528104730848	-0.685079360157594	-0.37655125542674595	negative	True	False	False
ENSMUSG00000033715	0.0004522072567699	0.0020772696284665	-0.453804246662535	165.080279562276	265	0.2573099415204678	3.3446624726190612	0.730744942405324	False	cKO/CRE	AKR1C14	AKR1C14	0.0426926622701229	-0.419918112444273	-0.46261077471439593	negative	True	False	False
ENSMUSG00000054889	0.0004552904220673	0.0020900375959912	-1.82003998090053	48.774280820478	266	0.25828460038986356	3.341711485837368	0.7297808353857329	False	cKO/CRE	DSP	DSP	0.36467928641758	-1.8164207663671	-2.18110005278468	negative	True	False	False
ENSMUSG00000031613	0.0004679923382902	0.0021424447715372	-0.64123815748305	252.519484998431	267	0.25925925925925924	3.3297612568949475	0.728848887996777	False	cKO/CRE	HPGD	HPGD	-0.231766609129206	-0.637450886538662	-0.405684277409456	negative	True	False	False
ENSMUSG00000047759	0.0004885246930631	0.0022264694397649	-0.979240552527974	61.1591601353561	268	0.260233918128655	3.31111347945798	0.7279408749216109	False	cKO/CRE	HS3ST3A1	HS3ST3A1	-0.366182208907686	-0.805176930702424	-0.43899472179473803	negative	True	False	False
ENSMUSG00000086952	0.0005026159166504	0.0022819698110867	0.890536273719311	25.629932138188	269	0.26120857699805067	3.298763762452582	0.7270103551404823	False	cKO/CRE	GM12596	GM12596	0.263467799337232	0.578472570255709	0.31500477091847695	positive	True	False	False
ENSMUSG00000076498	0.0005190338703972	0.0023505445278372	1.76438516478994	37.8918789894174	270	0.2621832358674464	3.2848043006358583	0.726085587932473	False	cKO/CRE	TRBC2	TRBC2	0.672616672329444	1.86343006994205	1.190813397612606	positive	True	False	False
ENSMUSG00000031111	0.0005406598983844	0.0024351249220981	-1.61155661723103	23.8854624894471	271	0.2631578947368421	3.2670758415511325	0.7251742895874902	False	cKO/CRE	IGSF1	IGSF1	0.278613680997199	-1.61565762087769	-1.8942713018748891	negative	True	False	False
ENSMUSG00000020053	0.000554172609847	0.0024897172965627	-1.22226181923415	877.610315237832	272	0.26413255360623783	3.256354943162716	0.7242379490712197	False	cKO/CRE	IGF1	IGF1	0.267740812756381	-1.22177942962151	-1.489520242377891	negative	True	False	False
ENSMUSG00000096446	0.0005730346295622	0.0025658659487242	-1.38312832001724	26.9568379234142	273	0.2651072124756335	3.241819132005848	0.7233152415012962	False	cKO/CRE	GM8104	GM8104	-0.764440910416221	-1.23321325977629	-0.46877234936006895	negative	True	False	False
ENSMUSG00000006403	0.0006014170617354	0.0026739889492986	0.599393900040881	82.1729531473795	274	0.26608187134502925	3.220824255463254	0.7224156160035453	False	cKO/CRE	ADAMTS4	ADAMTS4	1.08713445038166	0.529546672396001	-0.5575877779856591	negative	True	False	False
ENSMUSG00000000125	0.0006181728997444	0.002736020508436	-0.734980152217212	30.0448925049631	275	0.26705653021442494	3.208890038013323	0.7214836113960286	False	cKO/CRE	WNT3	WNT3	-0.415835121252071	-0.778569223126304	-0.36273410187423305	negative	True	False	False
ENSMUSG00000021751	0.0006198860858599	0.0027430374601257	1.39178749594983	10.9461322291682	276	0.2680311890838207	3.207688111836981	0.7205132539453432	False	cKO/CRE	ACOX2	ACOX2	1.03594295024885	0.721725601131049	-0.31421734911780097	negative	False	False	False
ENSMUSG00000037621	0.0006686949508437	0.0029414356177893	-0.758520282907916	108.252638933795	277	0.26900584795321636	3.1747719560419094	0.719656230250123	False	cKO/CRE	ATOH8	ATOH8	0.289202387587389	-0.775481096856771	-1.06468348444416	negative	True	False	False
ENSMUSG00000034968	0.0007132797386603	0.0031196542115083	-1.60421523504652	7.81161126060316	278	0.2699805068226121	3.1467401123216745	0.7187817520104614	False	cKO/CRE	LBX2	LBX2	-0.192344801857393	-1.31293331077948	-1.120588508922087	negative	True	False	False
ENSMUSG00000087670	0.0007674828108337	0.0033349769265907	-0.611411691454155	73.8937587930262	279	0.2709551656920078	3.1149313425526257	0.7179207709680634	False	cKO/CRE	9530036M11RIK	9530036M11RIK	-0.335622121033615	-0.668935149703579	-0.33331302866996404	negative	True	False	False
ENSMUSG00000030200	0.0007713050587797	0.0033481970458574	-0.341111057407825	355.842846105373	280	0.2719298245614035	3.1127738202089743	0.7169538284293482	False	cKO/CRE	BCL2L14	BCL2L14	-0.627069957866984	-0.298421348051405	0.32864860981557903	positive	True	False	False
ENSMUSG00000028996	0.0007864896056064	0.0034065346799734	-0.870458520658507	26.7350988079213	281	0.2729044834307992	3.1043070127197963	0.7160094327091571	False	cKO/CRE	RBP7	RBP7	0.25360659151636	-0.787606601788747	-1.041213193305107	negative	True	False	False
ENSMUSG00000036853	0.0007952994210279	0.0034405274832295	2.38774723814891	3.80254396461983	282	0.27387914230019494	3.0994693337103016	0.715052067960091	False	cKO/CRE	MCOLN3	MCOLN3	3.33214527472856	2.67059947285213	-0.66154580187643	negative	True	False	False
ENSMUSG00000099762	0.0007961883620903	0.003443679101477	2.93666667887975	3.89826680609733	283	0.27485380116959063	3.098984174801284	0.7140791490747697	False	cKO/CRE	GM21149	GM21149	4.0542936665951	2.24593861354976	-1.8083550530453403	negative	True	False	False
ENSMUSG00000046491	0.0008009473724459	0.0034600665529575	-0.828184625447631	156.915822749563	284	0.27582846003898637	3.0963960190059194	0.7131137454448313	False	cKO/CRE	C1QTNF2	C1QTNF2	0.112258805849114	-0.811202795180756	-0.92346160102987	negative	True	False	False
ENSMUSG00000046169	0.0008311219604056	0.0035696006406696	-0.796695432280474	40.8289386140242	285	0.27680311890838205	3.0803352423473527	0.7121964874812623	False	cKO/CRE	ADAMTS6	ADAMTS6	-0.0133762580553265	-0.399054569834471	-0.3856783117791445	negative	True	False	False
ENSMUSG00000055026	0.000847244371712	0.0036315790102178	-0.743256842912827	146.408148018928	286	0.2777777777777778	3.0719913075216136	0.711251652664156	False	cKO/CRE	GABRG3	GABRG3	-0.283608684721951	-0.611424793326777	-0.327816108604826	negative	True	False	False
ENSMUSG00000019102	0.0008652112390908	0.0037026763274169	-1.47561291444951	45.3530893948271	287	0.2787524366471735	3.0628778477125884	0.7103095678163011	False	cKO/CRE	ALDH3A1	ALDH3A1	0.0119759731977209	-1.39975264420939	-1.4117286174071109	negative	True	False	False
ENSMUSG00000037362	0.0008770147383067	0.0037487053708666	-1.1339799304117	3474.04167500216	288	0.2797270955165692	3.0569931082172097	0.7093559448354725	False	cKO/CRE	CCN3	CCN3	0.526176009365021	-1.04740362644481	-1.573579635809831	negative	True	False	False
ENSMUSG00000028883	0.0008776494220227	0.0037506714101415	-1.50542800956584	17.15854695446	289	0.2807017543859649	3.0566789288387675	0.7083824149388626	False	cKO/CRE	SEMA3A	SEMA3A	-0.0967727884249176	-1.31276084473045	-1.2159880563055323	negative	True	False	False
ENSMUSG00000015312	0.0008983183538236	0.0038321346945903	-0.414269342505294	441.021257963898	290	0.28167641325536064	3.0465697270217564	0.7074438884678811	False	cKO/CRE	GADD45B	GADD45B	-0.0926642885322225	-0.406673605867393	-0.31400931733517046	negative	True	False	False
ENSMUSG00000005803	0.0009065025182534	0.0038578475529003	-0.319564900121497	418.255748040051	291	0.2826510721247563	3.0426309851018023	0.7064833112833403	False	cKO/CRE	SQOR	SQOR	0.0102550719595428	-0.321566082740888	-0.3318211547004308	negative	True	False	False
ENSMUSG00000104876	0.0009371761204009	0.0039671509762427	1.62497544482812	9.20680550909423	292	0.28362573099415206	3.0281787859204052	0.7055603049182294	False	cKO/CRE	TRDC	TRDC	0.903866135517583	1.55202877490832	0.6481626393907369	positive	True	False	False
ENSMUSG00000047428	0.0009537850966794	0.0040295120813462	2.49993281645796	5.08384632484144	293	0.28460038986354774	3.0205494678955107	0.7046129163513795	False	cKO/CRE	DLK2	DLK2	0.575027229791283	1.42592793471655	0.8509007049252671	positive	True	False	False
ENSMUSG00000020848	0.0010112675172441	0.0042484325508573	0.510951442154977	162.398011394178	294	0.2855750487329435	2.9951339424362247	0.7037290884545584	False	cKO/CRE	DOC2B	DOC2B	0.811798748644902	0.483036575734683	-0.328762172910219	negative	True	False	False
ENSMUSG00000028259	0.0010195760515781	0.00427883079632	1.26534901492538	16.4484239329954	295	0.28654970760233917	2.9915803740556823	0.7027671348164745	False	cKO/CRE	FHL5	FHL5	1.6026917315496	1.10027674599593	-0.5024149855536701	negative	True	False	False
ENSMUSG00000010721	0.0010415349003374	0.0043633076055119	0.141003436560249	2475.23525611592	296	0.2875243664717349	2.9823261728885817	0.7018255529209805	False	cKO/CRE	LMBR1	LMBR1	-0.321087464487859	0.121405048411029	0.442492512898888	positive	True	False	False
ENSMUSG00000109372	0.0010456118054586	0.0043778238767264	0.62108036197246	39.5116576142262	297	0.2884990253411306	2.980629522006909	0.7008569634151403	False	cKO/CRE	GM19410	GM19410	0.227873440253302	0.640090525263589	0.412217085010287	positive	True	False	False
ENSMUSG00000070551	0.0010627500468082	0.004437462070567	-0.417722914634681	168.249383661856	298	0.2894736842105263	2.9735688672325944	0.6999075426771623	False	cKO/CRE	MRGPRB5	MRGPRB5	-0.703704792441064	-0.375867942950148	0.32783684949091596	positive	True	False	False
ENSMUSG00000024526	0.0010944414467103	0.0045573773220336	-0.542273527846954	163.322194877871	299	0.290448343079922	2.9608074684960908	0.6989784940790704	False	cKO/CRE	CIDEA	CIDEA	-0.0887193853877106	-0.573325622713315	-0.48460623732560437	negative	True	False	False
ENSMUSG00000026415	0.0010962811714381	0.0045609040863225	2.34436227284847	5.75114665914451	300	0.29142300194931775	2.9600780448084842	0.698006448096702	False	cKO/CRE	FCAMR	FCAMR	1.41551789111199	1.93202957213721	0.5165116810252202	positive	True	False	False
ENSMUSG00000044022	0.0011030762053206	0.0045826657293233	0.313009946379754	242.525660901013	301	0.29239766081871343	2.9573944835643338	0.6970413854070273	False	cKO/CRE	PCDHB21	PCDHB21	0.0174770633309219	0.353350212905009	0.3358731495740871	positive	True	False	False
ENSMUSG00000047686	0.0011301038687705	0.0046822639735627	-1.54554344879347	9.60971520512983	302	0.2933723196881092	2.946881638321204	0.6961043013934506	False	cKO/CRE	RTL3	RTL3	0.04728213475538	-1.67845566158118	-1.72573779633656	negative	True	False	False
ENSMUSG00000028173	0.0011330001167007	0.0046924523451859	-0.329053441083331	3102.87874586816	303	0.29434697855750486	2.9457700454036218	0.6951336211284456	False	cKO/CRE	WLS	WLS	0.0280860107827158	-0.316416066869151	-0.3445020776518668	negative	True	False	False
ENSMUSG00000026094	0.001146773022603	0.0047376115672051	0.472501132124596	552.77820377885	304	0.2953216374269006	2.9405225322170607	0.6941777209600098	False	cKO/CRE	STK17B	STK17B	0.94363497795641	0.479267094763361	-0.46436788319304906	negative	True	False	False
ENSMUSG00000039208	0.0011546509680951	0.0047683219855964	0.309114536194107	860.480254175429	305	0.2962962962962963	2.937549275978296	0.6932136935223994	False	cKO/CRE	METRNL	METRNL	0.593952447893886	0.279869298635929	-0.314083149257957	negative	True	False	False
ENSMUSG00000071636	0.001162231945308	0.0047959382810423	1.78044910359887	6.40082741176493	306	0.297270955165692	2.934707191640045	0.6922491973297764	False	cKO/CRE	RIMBP3	RIMBP3	-0.574216561730021	1.57221419717925	2.146430758909271	positive	True	False	False
ENSMUSG00000070576	0.0011746001741702	0.0048376760051303	-0.983050911217407	83.618507110194	307	0.2982456140350877	2.9301099390956913	0.6912909733943282	False	cKO/CRE	MN1	MN1	0.449585011456687	-0.916097587762651	-1.365682599219338	negative	True	False	False
ENSMUSG00000073699	0.0011767970807791	0.0048448650049873	-1.10596091890408	11.7565632094292	308	0.29922027290448344	2.929298417611509	0.6903192207960878	False	cKO/CRE	GM833	GM833	-0.460437854980857	-0.971184727766233	-0.510746872785376	negative	True	False	False
ENSMUSG00000064363	0.0012203339147156	0.0050068210652304	-0.239136132491763	94407.994050474	309	0.3001949317738791	2.913521318934785	0.6894009490828106	False	cKO/CRE	MT-ND4	MT-ND4	0.0764265092549169	-0.251720002564138	-0.3281465118190549	negative	True	False	False
ENSMUSG00000024066	0.0012295521663625	0.0050388634599347	0.717364963811152	634.249587314083	310	0.30116959064327486	2.910253040668442	0.688437975933913	False	cKO/CRE	XDH	XDH	1.1386577897357	0.725305294690434	-0.41335249504526594	negative	True	False	False
ENSMUSG00000057137	0.0012301808013932	0.0050404773969663	-0.43457486377782	480.952996953291	311	0.30214424951267055	2.910031055002122	0.6874641165744798	False	cKO/CRE	TMEM140	TMEM140	-0.0909090672032511	-0.406383032240019	-0.3154739650367679	negative	True	False	False
ENSMUSG00000001911	0.0012358437546714	0.0050607644235023	-0.522117649837373	1445.38412080888	312	0.3031189083820663	2.9080364327855	0.6864965918969775	False	cKO/CRE	NFIX	NFIX	0.150763591582091	-0.493017628967164	-0.643781220549255	negative	True	False	False
ENSMUSG00000112150	0.0012360750895566	0.0050607644235023	-0.604848314734141	42.9872442356555	313	0.30409356725146197	2.90795514576053	0.6855222297378357	False	cKO/CRE	9530018F02RIK	9530018F02RIK	-0.226607783346253	-0.600185655664382	-0.373577872318129	negative	True	False	False
ENSMUSG00000032360	0.0013488193835276	0.0054722655238717	-0.268747438361656	764.609970156264	314	0.3050682261208577	2.8700462015430364	0.6846830482373955	False	cKO/CRE	HCRTR2	HCRTR2	-0.550090149860948	-0.24774932160247	0.30234082825847797	positive	True	False	False
ENSMUSG00000086848	0.0013632960595979	0.0055257766645259	1.08390849915453	17.4551413521617	315	0.3060428849902534	2.8654098205501524	0.6837249641311053	False	cKO/CRE	LCE6A	LCE6A	1.42488800341674	1.03915490130298	-0.38573310211376	negative	True	False	False
ENSMUSG00000038119	0.0013941709063308	0.0056402700104216	-0.70412643875012	664.453717389993	316	0.30701754385964913	2.855683984396691	0.6827850676671935	False	cKO/CRE	CDON	CDON	0.142124581520032	-0.68776125458308	-0.8298858361031121	negative	True	False	False
ENSMUSG00000053963	0.0014008173921232	0.0056639567035823	-0.751650017640947	267.351347857993	317	0.3079922027290448	2.8536184748227797	0.6818177963122696	False	cKO/CRE	STUM	STUM	-0.215823422674425	-0.727659729358431	-0.511836306684006	negative	True	False	False
ENSMUSG00000062345	0.0014205176576548	0.0057360481638861	3.47098074547029	7.28900097470817	318	0.30896686159844056	2.8475533634374335	0.6808648179072015	False	cKO/CRE	SERPINB2	SERPINB2	0.461594779399385	1.93979707036975	1.4782022909703652	positive	True	False	False
ENSMUSG00000095007	0.0014294270491925	0.005768768760663	4.43560718339848	4.03994411126855	319	0.30994152046783624	2.844838003958726	0.6798998688514816	False	cKO/CRE	IGKV12-41	IGKV12-41	1.68485302121492	4.25290290095966	2.5680498797447404	positive	True	False	False
ENSMUSG00000022483	0.0015353026053098	0.0061518678514841	-2.73262400574632	268.567351548515	320	0.310916179337232	2.813806013109213	0.6790361119172149	False	cKO/CRE	COL2A1	COL2A1	-0.350193802203769	-2.71167214711301	-2.3614783449092407	negative	True	False	False
ENSMUSG00000054580	0.0015732005027602	0.0062898718555135	0.262297067212519	299.233327643644	321	0.31189083820662766	2.8032159234713263	0.6780993039436826	False	cKO/CRE	PLA2R1	PLA2R1	-0.116221420999362	0.292937733973289	0.409159154972651	positive	True	False	False
ENSMUSG00000024679	0.0015756653665988	0.0062975986969831	0.830100119215477	118.764049380468	322	0.3128654970760234	2.802536010749222	0.6771270810292642	False	cKO/CRE	MS4A6D	MS4A6D	1.49196490671778	0.807915955042504	-0.684048951675276	negative	True	False	False
ENSMUSG00000095700	0.0015895647430087	0.0063458428070347	5.24452017666159	4.5858598140553	323	0.3138401559454191	2.7987217785646856	0.676166058897579	False	cKO/CRE	IGHV10-3	IGHV10-3	0.332412188222127	6.04297662277961	5.710564434557482	positive	True	False	False
ENSMUSG00000023279	0.0016061509260204	0.0064013434418779	-0.409359010062321	280.519299386705	324	0.3148148148148148	2.794213647564109	0.6752075164779876	False	cKO/CRE	BMP15	BMP15	-0.90694742885832	-0.399214818328326	0.507732610529994	positive	True	False	False
ENSMUSG00000035413	0.0016254526038921	0.0064650668139982	0.39904337859239	358.184040218478	325	0.3157894736842105	2.789025689451903	0.674251403483943	False	cKO/CRE	TMEM98	TMEM98	0.829486736742383	0.380270640601259	-0.44921609614112407	negative	True	False	False
ENSMUSG00000052504	0.0016337899364593	0.0064958204808366	-0.773592940609003	161.087995285593	326	0.31676413255360625	2.7868037833612584	0.6732846910265484	False	cKO/CRE	EPHA3	EPHA3	0.418875618273089	-0.770093781716204	-1.188969399989293	negative	True	False	False
ENSMUSG00000096844	0.0016612871854441	0.0066012596713348	4.23625584618751	5.81893182696736	327	0.31773879142300193	2.779555284904027	0.6723359415654793	False	cKO/CRE	IGKV6-14	IGKV6-14	-1.90436772718729	4.15794843491734	6.062316162104629	positive	True	False	False
ENSMUSG00000032346	0.0016886880747833	0.0067004395958037	0.325039237533699	184.702711176352	328	0.31871345029239767	2.7724505635201737	0.6713866783036375	False	cKO/CRE	OOEP	OOEP	-0.0800113367689041	0.331920630254017	0.4119319670229211	positive	True	False	False
ENSMUSG00000040037	0.0016957819241569	0.0067248577099486	-0.520285887157546	1811.4115476097	329	0.31968810916179335	2.7706299983203326	0.6704185316171628	False	cKO/CRE	NEGR1	NEGR1	-0.15355582574732	-0.50424031341879	-0.3506844876714701	negative	True	False	False
ENSMUSG00000044534	0.001712855131633	0.0067856852115572	-1.05344143219686	22.6989664392206	330	0.3206627680311891	2.7662793668610646	0.6694594263582808	False	cKO/CRE	ACKR2	ACKR2	-0.007003912942954	-1.10822718044635	-1.101223267503396	negative	True	False	False
ENSMUSG00000010461	0.0017152116946938	0.0067918034311958	-1.1856525841234	57.5040814122324	331	0.3216374269005848	2.765682270861117	0.668486907490587	False	cKO/CRE	EYA4	EYA4	0.0520738097971235	-1.12838132211715	-1.1804551319142733	negative	True	False	False
ENSMUSG00000029307	0.0018150509957003	0.0071358763138649	-1.81743971159212	48.2224399432118	332	0.3226120857699805	2.741111168512103	0.6676000619690772	False	cKO/CRE	DMP1	DMP1	-0.548810089294806	-1.81168480288969	-1.262874713594884	negative	True	False	False
ENSMUSG00000005611	0.0018456501241992	0.0072362969070432	-0.320790526321372	443.444001990439	333	0.3235867446393762	2.7338506237494666	0.6666513555566032	False	cKO/CRE	IRAG1	IRAG1	0.120180197789021	-0.349885164016338	-0.470065361805359	negative	True	False	False
ENSMUSG00000029306	0.001891788028666	0.0073928858225641	-1.45180400413439	430.717621361779	334	0.32456140350877194	2.7231275270980464	0.6657150228960305	False	cKO/CRE	IBSP	IBSP	-0.0953361545351979	-1.44322171102321	-1.3478855564880121	negative	True	False	False
ENSMUSG00000120478	0.001952732884612	0.0076047467527363	0.746018592068326	39.7304183196351	335	0.3255360623781676	2.7093571600265287	0.6647895799403248	False	cKO/CRE	GM57344	GM57344	0.74938387476519	0.384676585118224	-0.36470728964696597	negative	False	False	False
ENSMUSG00000110710	0.0019913317991864	0.0077424249957137	0.658708123220719	71.1704504517393	336	0.32651072124756336	2.7008563710373266	0.6638453056561912	False	cKO/CRE	C78859	C78859	0.0623807181436782	0.664475441935995	0.6020947237923168	positive	True	False	False
ENSMUSG00000024608	0.002060193456208	0.0079826918286936	-0.363991200909474	10298.3348723498	337	0.32748538011695905	2.686091996612001	0.6629234148784106	False	cKO/CRE	RPS14	RPS14	-0.0054550741664455	-0.332152221824268	-0.32669714765782254	negative	True	False	False
ENSMUSG00000004948	0.002089764822843	0.0080826831868736	0.947813284222783	19.4247445024727	338	0.3284600389863548	2.6799025856058925	0.6619708806696226	False	cKO/CRE	ZP3	ZP3	0.350294495317254	0.819271434713084	0.46897693939582996	positive	True	False	False
ENSMUSG00000033576	0.0021173189454182	0.0081671821172233	-1.46811725301506	19.2884480287761	339	0.32943469785575047	2.674213716471929	0.6610165577278015	False	cKO/CRE	APOL6	APOL6	-0.859546972962622	-1.35304772484338	-0.49350075188075815	negative	True	False	False
ENSMUSG00000036545	0.0021241663268241	0.0081891800236362	-0.791026743107173	1428.25323382171	340	0.3304093567251462	2.6728114800605525	0.660046916104411	False	cKO/CRE	ADAMTS2	ADAMTS2	0.145879816670376	-0.778192558319865	-0.924072374990241	negative	True	False	False
ENSMUSG00000056174	0.0021358133592322	0.008228171135908	-1.23346425397107	1443.76823909427	341	0.3313840155945419	2.670436701361219	0.6590807499515321	False	cKO/CRE	COL8A2	COL8A2	0.529427928858612	-1.20669536248426	-1.7361232913428721	negative	True	False	False
ENSMUSG00000062044	0.0021412474355748	0.0082446668075424	0.289247798611195	266.249633995935	342	0.33235867446393763	2.6693331441508374	0.6581100409701784	False	cKO/CRE	LMTK3	LMTK3	-0.0369939325596265	0.270318808919891	0.30731274147951754	positive	True	False	False
ENSMUSG00000064341	0.0021585608453479	0.0083053714117653	-0.223949490127086	163195.008134175	343	0.3333333333333333	2.6658357049755574	0.6571478867491479	False	cKO/CRE	MT-ND1	MT-ND1	0.0909626106551082	-0.255590027690387	-0.3465526383454952	negative	True	False	False
ENSMUSG00000087410	0.0021604225811221	0.0083110450047254	-1.53827871260749	19.012284615218	344	0.33430799220272905	2.6654612920437457	0.656174572102755	False	cKO/CRE	2310065F04RIK	2310065F04RIK	0.0432133785262647	-1.5137133371015	-1.5569267156277646	negative	True	False	False
ENSMUSG00000039476	0.0021653952434895	0.0083271899492557	-0.950444691120203	168.173174709224	345	0.33528265107212474	2.664462821527724	0.6552034875843044	False	cKO/CRE	PRRX2	PRRX2	0.100707731739238	-0.977158958866404	-1.077866690605642	negative	True	False	False
ENSMUSG00000070469	0.0021714016709501	0.0083487924536298	-0.928013086261927	529.131723770418	346	0.3362573099415205	2.6632598323071215	0.6542331339325068	False	cKO/CRE	ADAMTSL3	ADAMTSL3	-0.0535520499624407	-0.916715193175579	-0.8631631432131384	negative	True	False	False
ENSMUSG00000029134	0.002186428776447	0.0083975451986423	-1.19554755648178	16.4294146857004	347	0.33723196881091616	2.6602646653577033	0.653269184794863	False	cKO/CRE	PLB1	PLB1	0.209011231958211	-1.42998222069809	-1.6389934526563008	negative	True	False	False
ENSMUSG00000035020	0.0021948210913139	0.0084222433940194	1.58437881988383	7.33919214222893	348	0.3382066276803119	2.6586008750673416	0.6523004778586369	False	cKO/CRE	EPGN	EPGN	1.20218971576477	1.65561188988518	0.45342217412040986	positive	True	False	False
ENSMUSG00000027204	0.0022526677361721	0.0086180298742952	-0.918122482335184	1628.99691891877	349	0.3391812865497076	2.6473028610895164	0.6513661997187153	False	cKO/CRE	FBN1	FBN1	0.372814380899067	-0.900833714517435	-1.273648095416502	negative	True	False	False
ENSMUSG00000121048	0.0022630205475453	0.0086514691137324	-1.48920935853545	8.27586686917568	350	0.3401559454191033	2.645311502764216	0.6503986633773933	False	cKO/CRE	GM53066	GM53066	-0.656389287319753	-1.29251570260239	-0.6361264152826369	negative	True	False	False
ENSMUSG00000027580	0.0023046578641538	0.0087965479573127	0.478916209938242	269.315478277429	351	0.341130604288499	2.637393538273789	0.6494523063155913	False	cKO/CRE	HELZ2	HELZ2	0.74900101897371	0.434218469805671	-0.31478254916803894	negative	True	False	False
ENSMUSG00000036006	0.0023100888914135	0.0088125765315592	-0.473230883392075	253.393584207728	352	0.34210526315789475	2.6363713082863804	0.6484813067038261	False	cKO/CRE	RIPOR2	RIPOR2	0.0447241818165767	-0.490216466862533	-0.5349406486791097	negative	True	False	False
ENSMUSG00000069132	0.0023198786556497	0.0088452069666391	-1.46280127029702	6.92494703850996	353	0.34307992202729043	2.634534730867709	0.6475132172385079	False	cKO/CRE	NXPH2	NXPH2	-2.17556317771314	-1.32182922762878	0.8537339500843601	positive	True	False	False
ENSMUSG00000067780	0.0023326999293875	0.008883047132204	0.627276910892541	78.636450502013	354	0.34405458089668617	2.6321411237834993	0.6465471183706173	False	cKO/CRE	PI15	PI15	1.23300399127336	0.579177735179799	-0.6538262560935609	negative	True	False	False
ENSMUSG00000031870	0.0023431042970528	0.0089116011411299	-0.350290580203839	624.200111373177	355	0.34502923976608185	2.6302083795095728	0.6455793725665195	False	cKO/CRE	PGR	PGR	-0.0474995857786747	-0.347699980992944	-0.30020039521426933	negative	True	False	False
ENSMUSG00000047420	0.0023674979075005	0.0089916330648277	-1.24073456627426	134.901517156996	356	0.3460038986354776	2.625710396173216	0.6446207938833043	False	cKO/CRE	FAM180A	FAM180A	0.35972897464066	-1.22015423122631	-1.57988320586697	negative	True	False	False
ENSMUSG00000027186	0.0023905449446366	0.0090727435964587	-0.576563645470992	51.8367930874349	357	0.3469785575048733	2.621503086720681	0.643661176449873	False	cKO/CRE	ELF5	ELF5	-0.131911142998262	-0.551022449301515	-0.419111306303253	negative	True	False	False
ENSMUSG00000058207	0.0024706067347537	0.0093435595786159	1.3827636867592	8.91172662418457	358	0.347953216374269	2.6071963790491046	0.6427376501572911	False	cKO/CRE	SERPINA3K	SERPINA3K	0.783313489828273	1.5407232502188	0.757409760390527	positive	True	False	False
ENSMUSG00000056031	0.0025493506428112	0.0095963313067413	2.14653626460452	3.84001373432579	359	0.3489278752436647	2.593570426686503	0.641811691122163	False	cKO/CRE	9330154J02RIK	9330154J02RIK	0.969261355060929	1.40743407623887	0.4381727211779409	positive	True	False	False
ENSMUSG00000040287	0.0025820976816397	0.0096934782850785	-1.98506695024629	23.2249463567225	360	0.34990253411306044	2.5880273322498213	0.6408568472408741	False	cKO/CRE	STAC3	STAC3	-0.209930819985886	-2.0014128776355	-1.791482057649614	negative	True	False	False
ENSMUSG00000038393	0.0026702493488989	0.0099720898614238	-0.397519362240028	4189.83720242763	361	0.3508771929824561	2.5734481821580526	0.6399342945466738	False	cKO/CRE	TXNIP	TXNIP	0.0715532854277599	-0.383009873073073	-0.4545631585008329	negative	True	False	False
ENSMUSG00000002897	0.0026920578784539	0.010044796526837	0.702679815616678	504.325040639357	362	0.35185185185185186	2.5699156071438494	0.6389722658868385	False	cKO/CRE	IL17RA	IL17RA	1.3303987728923	0.70184995123301	-0.6285488216592899	negative	True	False	False
ENSMUSG00000039760	0.0027032387884425	0.0100795073532581	-1.02296115237042	14.5361922322072	363	0.35282651072124754	2.568115589550088	0.6380040457715783	False	cKO/CRE	IL22RA2	IL22RA2	-0.97525221852495	-1.35347201455006	-0.37821979602511	negative	True	False	False
ENSMUSG00000102057	0.0027509228803816	0.0102324225524643	-0.514340048196382	51.362976836785	364	0.3538011695906433	2.560521584490062	0.6370565310105571	False	cKO/CRE	GM29594	GM29594	-0.843151767509531	-0.50918113062845	0.333970636881081	positive	True	False	False
ENSMUSG00000027574	0.0027548368486543	0.0102452057853803	-0.362237032769631	418.315602022362	365	0.35477582846003897	2.559904116531716	0.6360840849439554	False	cKO/CRE	NKAIN4	NKAIN4	0.000343811750148878	-0.380128737384845	-0.38047254913499384	negative	True	False	False
ENSMUSG00000041845	0.0027805581165037	0.0103301247021234	-0.514722248645294	87.2167166157228	366	0.3557504873294347	2.5558680232941136	0.6351238556534218	False	cKO/CRE	RHOD	RHOD	0.0301990662691404	-0.500404767589791	-0.5306038338589314	negative	True	False	False
ENSMUSG00000022464	0.0028252881685529	0.0104745485019268	-1.28506906458906	41.7871770429415	367	0.3567251461988304	2.548937249214541	0.6341739707746755	False	cKO/CRE	SLC38A4	SLC38A4	-0.0772278936902419	-1.30433266397152	-1.227104770281278	negative	True	False	False
ENSMUSG00000042793	0.0028340356061024	0.0105015377732772	-0.636900775988549	49.0258395314166	368	0.35769980506822613	2.547594697688892	0.6332041158617828	False	cKO/CRE	LGR6	LGR6	0.0441036616971191	-0.557327006111253	-0.6014306678083721	negative	True	False	False
ENSMUSG00000025324	0.0028482510380877	0.010548750307728	-0.601997693225704	275.515446888652	369	0.3586744639376218	2.5454217356631603	0.6322372284982107	False	cKO/CRE	ATP10A	ATP10A	0.135867782557232	-0.603563145852171	-0.7394309284094029	negative	True	False	False
ENSMUSG00000063804	0.0029304934678084	0.0108197407602298	0.39698534050839	114.749722383655	370	0.35964912280701755	2.5330592423417135	0.6313067543744382	False	cKO/CRE	LIN28B	LIN28B	0.0376781245485016	0.36431833591838	0.32664021136987836	positive	True	False	False
ENSMUSG00000120773	0.0029625996830571	0.0109326396418266	-0.74096285837213	31.8480562768763	371	0.36062378167641324	2.528327027961314	0.6303490127376904	False	cKO/CRE	GM32113	GM32113	-0.605381587756411	-0.272861153455844	0.33252043430056705	positive	True	False	False
ENSMUSG00000032352	0.0029641182987305	0.0109344841726326	-0.312871199312853	227.87309004115	372	0.361598440545809	2.528104467541348	0.6293751554321927	False	cKO/CRE	LRRC1	LRRC1	0.0470517255935555	-0.321292476020482	-0.36834420161403747	negative	True	False	False
ENSMUSG00000068122	0.0029911598396314	0.0110209813109387	-1.35306720700067	8.14110247178693	373	0.36257309941520466	2.5241603788058162	0.6284145973549957	False	cKO/CRE	AGTR2	AGTR2	-0.312923140408412	-1.28628789795219	-0.9733647575437778	negative	True	False	False
ENSMUSG00000036304	0.0029930852162253	0.0110261828130244	-0.346511623801739	927.958259115914	374	0.3635477582846004	2.523880918171646	0.6274409433877172	False	cKO/CRE	ZDHHC23	ZDHHC23	-0.695306184396969	-0.362824608013544	0.332481576383425	positive	True	False	False
ENSMUSG00000024254	0.0030074119629654	0.0110676782890465	-1.13261936633705	14.0704055083063	375	0.3645224171539961	2.5218070770580905	0.6264737018063267	False	cKO/CRE	ABCG8	ABCG8	-0.834856085071796	-1.13575472197411	-0.300898636902314	negative	True	False	False
ENSMUSG00000044317	0.0030180911794771	0.0110994825935591	-0.96400357228391	146.870619299108	376	0.3654970760233918	2.5202676439025087	0.6255045504682889	False	cKO/CRE	GPR4	GPR4	0.490976975853034	-0.880130311245433	-1.371107287098467	negative	True	False	False
ENSMUSG00000071342	0.0030785110425005	0.0112885749980042	-1.5887193360102	15.5705001193518	377	0.3664717348927875	2.5116592842721315	0.6245606605978677	False	cKO/CRE	LSMEM1	LSMEM1	1.13101063424737	-0.11277536352976	-1.24378599777713	negative	True	False	False
ENSMUSG00000042717	0.0031086613608149	0.0113796938559438	-1.80653098786685	59.5171403140013	378	0.36744639376218324	2.5074265848527797	0.6236011338978493	False	cKO/CRE	PPP1R3A	PPP1R3A	-0.163363274365965	-1.76953334175074	-1.606170067384775	negative	True	False	False
ENSMUSG00000106662	0.0031992748394546	0.0116676238028768	-0.483450896410651	59.7259767276096	379	0.3684210526315789	2.494948449465307	0.6226710730317783	False	cKO/CRE	GM43034	GM43034	0.0124925164734306	-0.331883633024879	-0.3443761494983096	negative	True	False	False
ENSMUSG00000057003	0.0032294896202228	0.0117607877752334	-4.77850205348784	2742.79445367008	380	0.36939571150097467	2.4908661069676206	0.6217110090172863	False	cKO/CRE	MYH4	MYH4	0.945629702792462	-4.55514906606392	-5.500778768856382	negative	True	False	False
ENSMUSG00000027765	0.0032335649200538	0.0117726771665325	-0.336680664576546	3348.84477142376	381	0.37037037037037035	2.4903184153297917	0.6207383135984996	False	cKO/CRE	P2RY1	P2RY1	-0.659107973178449	-0.327653969231755	0.33145400394669405	positive	True	False	False
ENSMUSG00000020599	0.0032892976223941	0.0119634128706053	-0.403509303500564	348.14174332218	382	0.3713450292397661	2.482896828884141	0.6197901826834896	False	cKO/CRE	RGS9	RGS9	-0.168343397687914	-0.471006671790799	-0.302663274102885	negative	True	False	False
ENSMUSG00000060284	0.003297026298785	0.0119893153536082	-2.38582613540239	17.5623564578978	383	0.3723196881091618	2.481877588685887	0.6188191723874343	False	cKO/CRE	SP7	SP7	0.361993428266023	-2.21004770761286	-2.5720411358788833	negative	True	False	False
ENSMUSG00000099094	0.003474126121671	0.0125484757408364	-0.78671956935353	19.0386047073525	384	0.3732943469785575	2.45915441935135	0.6179257231050609	False	cKO/CRE	GM19569	GM19569	0.0607154335947614	-0.712632478732272	-0.7733479123270334	negative	True	False	False
ENSMUSG00000049130	0.0034861457012827	0.012581305249451	0.671228629933396	145.395806399193	385	0.3742690058479532	2.457654465780028	0.6169564306830491	False	cKO/CRE	C5AR1	C5AR1	1.1060435428542	0.675967096495466	-0.4300764463587339	negative	True	False	False
ENSMUSG00000120426	0.0035060045489586	0.0126423473287328	1.1972277717404	13.2447113324392	386	0.37524366471734893	2.455187524754963	0.6159905938808311	False	cKO/CRE	GM56758	GM56758	0.75045110781399	0.374411236392898	-0.3760398714210921	negative	True	False	False
ENSMUSG00000019866	0.0035385595908311	0.0127490299054684	0.641471368166303	372.607866840206	387	0.3762183235867446	2.4511734862954895	0.6150302857754923	False	cKO/CRE	CRYBG1	CRYBG1	0.903823019050248	0.57870840723617	-0.32511461181407797	negative	True	False	False
ENSMUSG00000071984	0.0035975953390215	0.0129356753010781	-0.453780087236069	330.383756189217	388	0.37719298245614036	2.443987688103711	0.6140813122491806	False	cKO/CRE	FNDC1	FNDC1	-0.0391972087357594	-0.431656895919648	-0.39245968718388863	negative	True	False	False
ENSMUSG00000105044	0.0036040517286366	0.0129545503025643	-0.809965460504469	16.4475220959115	389	0.37816764132553604	2.443208984257845	0.6131094423740509	False	cKO/CRE	GM10416	GM10416	-0.0115625044908657	-0.893406161310004	-0.8818436568191383	negative	True	False	False
ENSMUSG00000040569	0.0036500295967546	0.0130978828692635	-1.09604348975178	758.534447346949	390	0.3791423001949318	2.4377036139941852	0.6121544636819136	False	cKO/CRE	SLC26A7	SLC26A7	0.0830221411103728	-1.08755836130951	-1.1705805024198828	negative	True	False	False
ENSMUSG00000026069	0.0036577609883302	0.0131234326216777	0.709253043437973	71.0192424636603	391	0.38011695906432746	2.4367846763447347	0.6111830949453516	False	cKO/CRE	IL1RL1	IL1RL1	0.90870858955913	0.578593444858307	-0.33011514470082304	negative	True	False	False
ENSMUSG00000052415	0.0036700730746907	0.0131587448689288	0.658141243746248	68.810294174056	392	0.3810916179337232	2.4353252884402843	0.6102136575581483	False	cKO/CRE	TCHH	TCHH	1.15066705695452	0.660125421134956	-0.4905416358195641	negative	True	False	False
ENSMUSG00000022309	0.0036712812363744	0.0131587448689288	-0.607867647017558	399.820880734733	393	0.3820662768031189	2.4351823453442334	0.6092395157327231	False	cKO/CRE	ANGPT1	ANGPT1	0.0246960855496548	-0.620294910699326	-0.6449909962489808	negative	True	False	False
ENSMUSG00000031595	0.0036778954523211	0.0131802510483347	-0.816776622494085	191.242415221196	394	0.3830409356725146	2.4344006201564974	0.6082676566546401	False	cKO/CRE	PDGFRL	PDGFRL	0.373529389963626	-0.793552508861111	-1.167081898824737	negative	True	False	False
ENSMUSG00000021943	0.0036888815759141	0.0132130038225553	-0.830129046725923	150.407731960561	395	0.3840155945419103	2.433105286695822	0.6072976330035914	False	cKO/CRE	GDF10	GDF10	0.125406024649118	-0.834756994015817	-0.960163018664935	negative	True	False	False
ENSMUSG00000101955	0.0037222052436327	0.0133206389028951	1.68994082362234	5.09749620736321	396	0.38499025341130605	2.429199683403107	0.6063369373950774	False	cKO/CRE	TUBA5-PS	TUBA5-PS	1.024785135731	1.83900070815997	0.8142155724289699	positive	True	False	False
ENSMUSG00000074483	0.0037226550255505	0.0133206389028951	-4.14014837650313	55.1582328639993	397	0.38596491228070173	2.429147207520918	0.6053624722766314	False	cKO/CRE	BGLAP	BGLAP	-0.00114498428346588	-3.73982436991355	-3.738679385630084	negative	True	False	False
ENSMUSG00000117113	0.0038195393116627	0.0136332276129287	0.432081276643288	87.0057179693306	398	0.38693957115009747	2.417989015744869	0.6044276944690397	False	cKO/CRE	GM49883	GM49883	0.10910026323391	0.417384186381698	0.30828392314778796	positive	True	False	False
ENSMUSG00000100017	0.0038342668017952	0.0136721546789595	-0.366574446369607	112.763220384102	399	0.38791423001949316	2.4163176706660985	0.6034590145305544	False	cKO/CRE	2410022M11RIK	2410022M11RIK	-0.0441970138974108	-0.363568835003088	-0.3193718211056772	negative	True	False	False
ENSMUSG00000061702	0.0039336828821988	0.0139755770852832	-1.05100992381793	25.2417909050448	400	0.3888888888888889	2.4052006540919093	0.602524089579541	False	cKO/CRE	TMEM91	TMEM91	-0.312803998105349	-0.724713014815469	-0.41190901671012004	negative	True	False	False
ENSMUSG00000113771	0.0039408522787871	0.0139941000854333	-1.35402111090187	8.28837678579682	401	0.3898635477582846	2.4044098441777897	0.6015522629665745	False	cKO/CRE	GM36529	GM36529	-0.678760486417338	-1.16993475413081	-0.49117426771347206	negative	True	False	False
ENSMUSG00000003341	0.0039595687264083	0.0140505239758588	-0.59069318715535	64.5847438140227	402	0.3908382066276803	2.4023521145646334	0.6005849638092358	False	cKO/CRE	ATP8B3	ATP8B3	-0.235162766338621	-0.638336698013069	-0.40317393167444804	negative	True	False	False
ENSMUSG00000041075	0.0039804011498774	0.0141135267729217	-0.542086141287474	974.686777164228	403	0.391812865497076	2.400073156971799	0.5996184552307019	False	cKO/CRE	FZD7	FZD7	0.0861297408269285	-0.529657412996912	-0.6157871538238405	negative	True	False	False
ENSMUSG00000048416	0.0040225446915509	0.0142394367329868	-0.688194126455883	238.599747435518	404	0.39278752436647174	2.3954991220738995	0.5986601483248302	False	cKO/CRE	MLF1	MLF1	-0.0754673597148776	-0.685968604708411	-0.6105012449935334	negative	True	False	False
ENSMUSG00000035948	0.004086798069973	0.0144383158936867	-0.302505207320654	154.502822615493	405	0.3937621832358674	2.3886168203904354	0.5977100902254586	False	cKO/CRE	ACSS3	ACSS3	0.107859444078343	-0.412438501039551	-0.520297945117894	negative	True	False	False
ENSMUSG00000048368	0.0040978495428457	0.0144702152141351	-0.839504852128219	227.061220162209	406	0.39473684210526316	2.3874439912524	0.5967396287937948	False	cKO/CRE	OMD	OMD	0.247585352848715	-0.827349125360028	-1.074934478208743	negative	True	False	False
ENSMUSG00000072568	0.0041617275621801	0.0146788767416626	-0.313328745253791	150.61141522968	407	0.39571150097465885	2.3807263532725114	0.595788982253331	False	cKO/CRE	LRATD2	LRATD2	0.129291709160187	-0.26998107067555	-0.399272779835737	negative	True	False	False
ENSMUSG00000087461	0.0041848693386759	0.014748383717619	1.50699050644719	6.64163787710289	408	0.3966861598440546	2.3783180971397555	0.5948229357351807	False	cKO/CRE	C230014O12RIK	C230014O12RIK	1.85677622462665	1.55053831826868	-0.3062379063579699	negative	True	False	False
ENSMUSG00000033032	0.0042062404374218	0.0148139716537649	-0.456294184371428	502.55352664596	409	0.39766081871345027	2.376105905767381	0.5938561885613352	False	cKO/CRE	AFAP1L1	AFAP1L1	-0.0271159850675897	-0.468951106835397	-0.44183512176780726	negative	True	False	False
ENSMUSG00000018672	0.0042185503051321	0.0148500165382038	-0.388449538165693	487.303910416706	410	0.398635477582846	2.3748367676754145	0.5928860712986946	False	cKO/CRE	COPZ2	COPZ2	0.225009409024053	-0.358682670700854	-0.583692079724907	negative	True	False	False
ENSMUSG00000113666	0.0042262710804358	0.0148723172151861	-1.10160241920589	10.1412895570561	411	0.3996101364522417	2.3740426499808955	0.5919142565063897	False	cKO/CRE	GM35725	GM35725	-1.68048623584961	-0.917541197193809	0.762945038655801	positive	True	False	False
ENSMUSG00000021647	0.0042417114328602	0.0149217596882624	-0.60742325090387	739.876497701689	412	0.40058479532163743	2.3724588802275886	0.5909452636093164	False	cKO/CRE	CARTPT	CARTPT	-0.212361023343922	-0.56986369796383	-0.3575026746199079	negative	True	False	False
ENSMUSG00000101995	0.0043184632196841	0.0151793239681907	-0.547111465228655	35.0120517557247	413	0.4015594541910331	2.364670774933033	0.5899984424835744	False	cKO/CRE	GM29480	GM29480	-0.796861739743061	-0.450381541983974	0.34648019775908695	positive	True	False	False
ENSMUSG00000020186	0.0043422198106262	0.0152453533619403	-0.234483770999216	845.078723479371	414	0.40253411306042886	2.3622881955923902	0.5890323042070144	False	cKO/CRE	CSRP2	CSRP2	0.119369568706676	-0.23061004555913	-0.34997961426580604	negative	True	False	False
ENSMUSG00000022579	0.0043854194444749	0.0153693736808325	-0.48752382111784	76.8989694331603	415	0.40350877192982454	2.3579888621134133	0.5880730156300186	False	cKO/CRE	GPIHBP1	GPIHBP1	0.244061381412137	-0.460509601774491	-0.704570983186628	negative	True	False	False
ENSMUSG00000002732	0.0045495611307157	0.0158927386870535	-0.382776779079061	428.884498845158	416	0.4044834307992203	2.342030495145329	0.5871553916958756	False	cKO/CRE	FKBP7	FKBP7	0.169362300947246	-0.382309175476114	-0.55167147642336	negative	True	False	False
ENSMUSG00000067578	0.0045621305728226	0.0159288703442112	-1.0741724049694	22.4414620655207	417	0.40545808966861596	2.340832288931175	0.5861850209515587	False	cKO/CRE	CBLN4	CBLN4	-0.170439917721362	-1.06585833448576	-0.8954184167643979	negative	True	False	False
ENSMUSG00000022780	0.004587739493036	0.0160078699540818	-1.59496374695568	28.5908622330183	418	0.4064327485380117	2.338401250742226	0.5852190558472097	False	cKO/CRE	MELTF	MELTF	-0.284793410811023	-1.69564410667272	-1.4108506958616969	negative	True	False	False
ENSMUSG00000004473	0.0046013516528544	0.0160501486155628	-0.85682998348515	169.269767328801	419	0.4074074074074074	2.3371145750250744	0.5842490012569075	False	cKO/CRE	CLEC11A	CLEC11A	0.587272600189736	-0.836889826228901	-1.424162426418637	negative	True	False	False
ENSMUSG00000006958	0.004652696192701	0.0162029163647827	-0.946481503313864	80.9835645226309	420	0.4083820662768031	2.332295304685974	0.5832915707227421	False	cKO/CRE	CHRD	CHRD	0.0250530113745937	-0.862297588787816	-0.8873506001624097	negative	True	False	False
ENSMUSG00000049538	0.0047612855368668	0.0165461802386891	-1.32303349382454	21.3236021269833	421	0.4093567251461988	2.322275772869709	0.5823527238076553	False	cKO/CRE	ADAMTS16	ADAMTS16	0.244236165321424	-1.06601897270902	-1.310255138030444	negative	True	False	False
ENSMUSG00000098332	0.004763463165206	0.0165510683561528	-0.289449769018843	233.034677034869	422	0.41033138401559455	2.322077188735385	0.5813787808206664	False	cKO/CRE	PIGBOS1	PIGBOS1	-0.00340018718075385	-0.310575587159257	-0.3071753999785031	negative	True	False	False
ENSMUSG00000027568	0.0048230263093686	0.0167417662931611	-0.648941166492272	27.8943030490241	423	0.41130604288499023	2.3166803690168605	0.5804234142130388	False	cKO/CRE	NTSR1	NTSR1	-1.09207991379795	-0.638115997359623	0.453963916438327	positive	True	False	False
ENSMUSG00000063415	0.0048285175581023	0.0167581176883146	-1.48388260097072	636.065335630526	424	0.41228070175438597	2.3161861850160674	0.579450527579724	False	cKO/CRE	CYP26B1	CYP26B1	-0.224899803210717	-1.44176208837078	-1.216862285160063	negative	True	False	False
ENSMUSG00000044519	0.0048409251722817	0.0167904388969912	2.23452210980226	5.08527334174133	425	0.41325536062378165	2.315071630335006	0.5784798578988567	False	cKO/CRE	ZFP488	ZFP488	2.95210346311328	2.16056187463802	-0.7915415884752597	negative	True	False	False
ENSMUSG00000033149	0.0048472906720421	0.0168042541288853	-0.586225960174066	612.353532621604	426	0.4142300194931774	2.314500936646358	0.5775072446800427	False	cKO/CRE	PHLDB2	PHLDB2	0.169232551733721	-0.597506479013064	-0.766739030746785	negative	True	False	False
ENSMUSG00000120113	0.0048537190913728	0.0168228225165579	-0.337739223237438	271.112803186181	427	0.4152046783625731	2.313925362037238	0.5765346489036529	False	cKO/CRE	FAM120AOS	FAM120AOS	0.0179291699242081	-0.376776457496391	-0.3947056274205991	negative	True	False	False
ENSMUSG00000022996	0.004874302130959	0.0168788142511963	-1.26210183230903	15.5259779511415	428	0.4161793372319688	2.3120875548103808	0.5755665638331687	False	cKO/CRE	WNT10B	WNT10B	0.829863546102329	-1.23213167294506	-2.061995219047389	negative	True	False	False
ENSMUSG00000030259	0.0049402277986825	0.0170960712439981	-0.293878539352726	1319.98407850619	429	0.4171539961013645	2.3062530248759803	0.5746127614237942	False	cKO/CRE	RASSF8	RASSF8	0.0506750125421066	-0.28875383543359	-0.3394288479756966	negative	True	False	False
ENSMUSG00000064370	0.0049501487704577	0.0171223137408464	-0.229509307354718	241652.824033374	430	0.41812865497076024	2.3053817486991686	0.5736412223645174	False	cKO/CRE	MT-CYTB	MT-CYTB	0.114058442171574	-0.24960005202065	-0.363658494192224	negative	True	False	False
ENSMUSG00000000579	0.0049686141139186	0.0171804559551189	0.575094836108525	43.8721436798059	431	0.4191033138401559	2.3037647313091005	0.5726723482809728	False	cKO/CRE	DYNLT1C	DYNLT1C	0.729417674982185	0.327691485764638	-0.401726189217547	negative	True	False	False
ENSMUSG00000003420	0.0051249628236424	0.0176386807715744	-0.429676462826781	1857.5614364374	432	0.42007797270955166	2.290309280622554	0.5717457799422136	False	cKO/CRE	FCGRT	FCGRT	0.165169716073646	-0.427983820583502	-0.593153536657148	negative	True	False	False
ENSMUSG00000022832	0.0051611380816155	0.0177319126216324	-1.37154019984364	7.30537078869741	433	0.42105263157894735	2.2872545216156785	0.5707820437623413	False	cKO/CRE	ROPN1	ROPN1	-0.225624748508887	-1.25060414187807	-1.024979393369183	negative	True	False	False
ENSMUSG00000022817	0.0051649021421382	0.0177420050221059	-0.365376770814359	2333.69913998728	434	0.4220272904483431	2.286937902514544	0.5698085225843077	False	cKO/CRE	ITGB5	ITGB5	0.168606499131374	-0.367686114643206	-0.53629261377458	negative	True	False	False
ENSMUSG00000034768	0.0051753635012409	0.0177750964668222	-0.785170366410093	46.7457117626667	435	0.42300194931773877	2.286059141322459	0.5688370102734306	False	cKO/CRE	ASB16	ASB16	0.0846692200367012	-0.756256477830727	-0.8409256978674282	negative	True	False	False
ENSMUSG00000035258	0.0053141996641494	0.0182013905354571	-0.487159025274078	822.934855143614	436	0.4239766081871345	2.274562132385411	0.567903443260543	False	cKO/CRE	ABI3BP	ABI3BP	0.100939296166453	-0.456321320912824	-0.557260617079277	negative	True	False	False
ENSMUSG00000025328	0.0053344569163695	0.0182572468378172	1.48728406438649	4.97129248361752	437	0.4249512670565302	2.2729097880913405	0.5669346954209827	False	cKO/CRE	PADI3	PADI3	2.05148712398392	1.35858960347584	-0.6928975205080798	negative	True	False	False
ENSMUSG00000022574	0.0053934381687487	0.0184326609983063	0.426542228586921	168.023779023437	438	0.42592592592592593	2.2681342957252553	0.5659771084421503	False	cKO/CRE	NAPRT	NAPRT	0.711762081955503	0.400340552654018	-0.3114215293014849	negative	True	False	False
ENSMUSG00000026725	0.0055668665858292	0.0189379331428544	-1.73074873131571	14.8033573778741	439	0.4269005847953216	2.2543891867642816	0.5650515752242323	False	cKO/CRE	TNN	TNN	0.476975521126697	-1.73784721801416	-2.214822739140857	negative	True	False	False
ENSMUSG00000063903	0.0055796612312535	0.0189754448653499	-1.76497252259715	22.0853388426764	440	0.42787524366471735	2.253392168421473	0.5640804855163054	False	cKO/CRE	KLK1	KLK1	-0.215189676351349	-1.67035345893754	-1.455163782586191	negative	True	False	False
ENSMUSG00000120046	0.0056064193736968	0.0190573869003605	-0.571080476811099	32.6976561493996	441	0.42884990253411304	2.2513144190854972	0.5631132579013121	False	cKO/CRE	GM33318	GM33318	-0.197481242611252	-0.519857217040386	-0.322375974429134	negative	True	False	False
ENSMUSG00000039497	0.0056100754159779	0.0190667952627267	-0.324714866852326	1146.30206153422	442	0.4298245614035088	2.2510313005044624	0.5621396170060474	False	cKO/CRE	DSE	DSE	0.00288081513640346	-0.320721032696256	-0.3236018478326595	negative	True	False	False
ENSMUSG00000026614	0.0057032760161213	0.0193437388153043	-1.54044164996096	35.9385898752597	443	0.43079922027290446	2.2438756097619614	0.5611905358879596	False	cKO/CRE	SLC30A10	SLC30A10	-0.0243638424055225	-1.44004084305861	-1.4156770006530874	negative	True	False	False
ENSMUSG00000031239	0.0057177118490117	0.0193865744038677	-0.329603376379665	2308.11946786015	444	0.4317738791423002	2.2427777352210296	0.5602198065990569	False	cKO/CRE	ITM2A	ITM2A	0.0340404810857729	-0.325325360684383	-0.3593658417701559	negative	True	False	False
ENSMUSG00000103947	0.0057242174266898	0.0194025029656283	-1.0105930782768	10.1092386623813	445	0.4327485380116959	2.2422838785079584	0.559246918796149	False	cKO/CRE	GM37345	GM37345	-0.171705150235064	-0.90181666943461	-0.730111519199546	negative	True	False	False
ENSMUSG00000086451	0.0057791765400391	0.0195682506127065	-1.1989392301586	8.00786634481158	446	0.4337231968810916	2.238134038671918	0.5582870959896867	False	cKO/CRE	4933431K23RIK	4933431K23RIK	-0.324193904200291	-0.642830945712237	-0.318637041511946	negative	False	False	False
ENSMUSG00000060962	0.0058033419213534	0.0196273101754803	-1.26884422191219	44.9499521655412	447	0.4346978557504873	2.236321840915318	0.5573189194013737	False	cKO/CRE	DMKN	DMKN	0.506802948515293	-1.15972660953977	-1.666529558055063	negative	True	False	False
ENSMUSG00000064337	0.0059913226639098	0.0201930809080686	-0.438361357790137	14009.8922679803	448	0.43567251461988304	2.2224772907614843	0.5563937415458268	False	cKO/CRE	MT-RNR1	MT-RNR1	0.0709244137942235	-0.391050325785462	-0.4619747395796855	negative	True	False	False
ENSMUSG00000040140	0.0060231643252444	0.0202749326337928	0.670930801730612	44.313928351587	449	0.43664717348927873	2.2201752881537815	0.5554273153208015	False	cKO/CRE	TDRD6	TDRD6	0.0289127476318279	0.380636115127125	0.3517233674952971	positive	True	False	False
ENSMUSG00000025993	0.0060262077904598	0.0202819969316418	-0.466167519308217	166.389621686748	450	0.43762183235867447	2.2199558974395885	0.554453446688065	False	cKO/CRE	SLC40A1	SLC40A1	-0.175893772825831	-0.48132791378917	-0.305434140963339	negative	True	False	False
ENSMUSG00000052957	0.0060414157381811	0.0203172536794291	-1.04179966753844	1036.86467976881	451	0.43859649122807015	2.2188612773999026	0.5534827057688988	False	cKO/CRE	GAS1	GAS1	0.473659323644397	-1.01166339387761	-1.4853227175220072	negative	True	False	False
ENSMUSG00000029070	0.0060937130233798	0.0204740910446136	-0.396453079782166	1827.1370274324	452	0.4395711500974659	2.21511800224614	0.5525214300656505	False	cKO/CRE	MXRA8	MXRA8	0.169303630943807	-0.392168942145709	-0.561472573089516	negative	True	False	False
ENSMUSG00000098098	0.0060972572291762	0.0204825858656489	-0.290958848380402	181.575124798297	453	0.4405458089668616	2.21486548271216	0.5515476798218393	False	cKO/CRE	BVHT	BVHT	0.0982053941001208	-0.293745890551388	-0.3919512846515088	negative	True	False	False
ENSMUSG00000090210	0.006113356972354	0.0205302441753053	-1.37646863412038	58.1411958783738	454	0.4415204678362573	2.2137202440601884	0.550577119793002	False	cKO/CRE	ITGA10	ITGA10	0.288106887663193	-1.32878440434209	-1.616891292005283	negative	True	False	False
ENSMUSG00000059994	0.0061232174362872	0.0205472855224859	1.44894837299309	6.82545362768326	455	0.442495126705653	2.2130203184340953	0.5496049683965615	False	cKO/CRE	FCRL1	FCRL1	1.12086579470106	1.45194058076657	0.3310747860655099	positive	True	False	False
ENSMUSG00000038670	0.0061435010548611	0.0206024673712933	-3.459050406789	497.689729141335	456	0.44346978557504874	2.2115840628202252	0.5486354483439617	False	cKO/CRE	MYBPC2	MYBPC2	0.523093773095311	-2.5632862127475	-3.086379985842811	negative	True	False	False
ENSMUSG00000067279	0.0061830897665906	0.0207093470010351	-1.12085212176543	440.964154874372	457	0.4444444444444444	2.208794448333413	0.5476707646454342	False	cKO/CRE	PPP1R3C	PPP1R3C	0.255328315265809	-1.08402595740942	-1.339354272675229	negative	True	False	False
ENSMUSG00000029759	0.0063759782810434	0.0212295253266447	-0.455409621273682	239.687405895032	458	0.44541910331384016	2.195453170978172	0.546743788297634	False	cKO/CRE	PON3	PON3	0.0455660940805825	-0.426004945257972	-0.4715710393385545	negative	True	False	False
ENSMUSG00000020241	0.0064382771847893	0.0214104557421353	-1.08110466125597	4412.25175918381	459	0.44639376218323584	2.1912303297266575	0.545784226368534	False	cKO/CRE	COL6A2	COL6A2	0.478341719156834	-1.05131091838551	-1.529652637542344	negative	True	False	False
ENSMUSG00000037406	0.0064382973919446	0.0214104557421353	-0.493264572613407	221.721170099905	460	0.4473684210526316	2.191228966653584	0.5448095785937006	False	cKO/CRE	HTRA4	HTRA4	0.226934126283958	-0.502442109185174	-0.729376235469132	negative	True	False	False
ENSMUSG00000051251	0.0064688379600614	0.0214986957192567	-1.3750409809908	7.71985752551181	461	0.44834307992202727	2.1891737275011214	0.5438422705364685	False	cKO/CRE	NHLH1	NHLH1	-0.689494296994323	-1.1629837963915	-0.473489499397177	negative	True	False	False
ENSMUSG00000053279	0.0065712721591606	0.021798628986021	-0.871937926441992	1186.23101585977	462	0.449317738791423	2.1823505454751433	0.5428920011674905	False	cKO/CRE	ALDH1A1	ALDH1A1	-0.216079489728394	-0.857788103626018	-0.641708613897624	negative	True	False	False
ENSMUSG00000024299	0.0066062177524061	0.021887493482505	-0.573728988909439	126.165910919868	463	0.4502923976608187	2.180047115308577	0.54192558004398	False	cKO/CRE	ADAMTS10	ADAMTS10	0.0487114947900085	-0.558272171527798	-0.6069836663178064	negative	True	False	False
ENSMUSG00000032180	0.0066101426310001	0.0218971175489273	-0.271333758378511	565.484113447151	464	0.4512670565302144	2.1797891693815328	0.5409518491918901	False	cKO/CRE	TMED1	TMED1	0.0512347735143345	-0.250125449479293	-0.3013602229936275	negative	True	False	False
ENSMUSG00000027559	0.0066541075395376	0.0220325578349088	-2.02324518488976	1140.00595851295	465	0.4522417153996101	2.17691018461382	0.539987484866391	False	cKO/CRE	CAR3	CAR3	-0.209610957998806	-1.93216765192642	-1.722556693927614	negative	True	False	False
ENSMUSG00000024538	0.0067502813146073	0.0223200152032287	-0.655501852164916	422.391894957889	466	0.45321637426900585	2.170678127785888	0.5390351030564221	False	cKO/CRE	PPIC	PPIC	0.373521905844073	-0.658886802300692	-1.032408708144765	negative	True	False	False
ENSMUSG00000042251	0.006760138811866	0.0223491667542763	-0.657821173484658	57.7563163832471	467	0.45419103313840153	2.1700443862168735	0.5380627151450849	False	cKO/CRE	PM20D1	PM20D1	0.161956969447587	-0.657270674933221	-0.819227644380808	negative	True	False	False
ENSMUSG00000107061	0.0068010430071828	0.0224670959052304	-0.65267571097462	38.1639380196529	468	0.4551656920077973	2.167424478833703	0.537097424982405	False	cKO/CRE	GM19590	GM19590	-0.235001782176101	-0.544526380930992	-0.309524598754891	negative	True	False	False
ENSMUSG00000022123	0.0068335661833072	0.0225606477531333	-0.837723130586988	65.024906077057	469	0.45614035087719296	2.1653525950684185	0.536130176406248	False	cKO/CRE	SCEL	SCEL	0.20242425374206	-0.846279380979867	-1.048703634721927	negative	True	False	False
ENSMUSG00000034205	0.0068498691405529	0.0226040416558202	0.376358651920218	247.654299995913	470	0.4571150097465887	2.164317725161389	0.5351592219644138	False	cKO/CRE	LOXL2	LOXL2	0.69878585676503	0.310835553942248	-0.38795030282278203	negative	True	False	False
ENSMUSG00000034353	0.0069603905941159	0.0228983516464816	-1.28010694120779	194.255238611201	471	0.4580896686159844	2.157366388534626	0.5342094105678465	False	cKO/CRE	RAMP1	RAMP1	0.342646115825743	-1.29130520214617	-1.633951317971913	negative	True	False	False
ENSMUSG00000030345	0.0069682292583162	0.0229206266103306	0.421419125628811	94.5732180701734	472	0.4590643274853801	2.156877569254159	0.5332365047632036	False	cKO/CRE	DYRK4	DYRK4	-0.0443160144610849	0.406218260142089	0.4505342746031739	positive	True	False	False
ENSMUSG00000002500	0.0071158320441591	0.0233346242987963	-2.88025285646697	43.2664040315421	473	0.4600389863547758	2.147774311172111	0.5322943834585264	False	cKO/CRE	RPL3L	RPL3L	0.178817038845222	-2.90996645485784	-3.0887834937030623	negative	True	False	False
ENSMUSG00000050578	0.007130290154197	0.0233641899633635	-3.60663157766512	153.771385778647	474	0.46101364522417154	2.146892796964025	0.5313228809858086	False	cKO/CRE	MMP13	MMP13	1.54591326374113	-3.56975232517321	-5.115665588914339	negative	True	False	False
ENSMUSG00000058914	0.0071344309438778	0.0233714862960027	-1.85889068867868	87.5627641195535	475	0.4619883040935672	2.1466406613425515	0.5303491293700502	False	cKO/CRE	C1QTNF3	C1QTNF3	0.427224943728554	-1.75587995746388	-2.1831049011924337	negative	True	False	False
ENSMUSG00000053101	0.0071820869920605	0.0235016279529836	-0.708273170278384	40.7320820221153	476	0.46296296296296297	2.1437493388447217	0.5293848091345797	False	cKO/CRE	GPR141	GPR141	-0.11150796280372	-0.601164242066607	-0.489656279262887	negative	True	False	False
ENSMUSG00000022098	0.0072163409859346	0.0235957312420523	0.395365251562899	953.36871364926	477	0.46393762183235865	2.1416829537350974	0.5284175409084644	False	cKO/CRE	BMP1	BMP1	0.850365390328623	0.366772711716693	-0.48359267861193	negative	True	False	False
ENSMUSG00000017969	0.0073188671805674	0.0238873046826912	-1.20721190530724	484.785149917466	478	0.4649122807017544	2.1355561341466487	0.5274647830234115	False	cKO/CRE	PTGIS	PTGIS	-0.17332757712557	-0.607869813893288	-0.43454223676771797	negative	True	False	False
ENSMUSG00000047419	0.0074791070886166	0.0243326027226803	-2.4699433348838	403.630872642253	479	0.46588693957115007	2.126150248343311	0.5265237431871027	False	cKO/CRE	CMYA5	CMYA5	0.288604359342825	-2.4684286706895	-2.757033030032325	negative	True	False	False
ENSMUSG00000040280	0.007496465993585	0.0243743015780516	-0.686611380266118	57.961432492487	480	0.4668615984405458	2.1251434247680456	0.5255526885190879	False	cKO/CRE	NDUFA4L2	NDUFA4L2	0.284588543200925	-0.654454572665077	-0.939043115866002	negative	True	False	False
ENSMUSG00000038663	0.0075172341405963	0.0244344258119385	-1.18483520082062	74.7649652905093	481	0.4678362573099415	2.1239419224976417	0.5245823295535351	False	cKO/CRE	FSD2	FSD2	-0.0634756538889457	-1.25210089058845	-1.1886252366995045	negative	True	False	False
ENSMUSG00000057719	0.0075598513384759	0.0245432197265161	-1.25147456972457	46.7753199223358	482	0.46881091617933723	2.121486744646199	0.5236164507145199	False	cKO/CRE	SH3RF2	SH3RF2	-0.329533016201088	-1.2702591578342	-0.940726141633112	negative	True	False	False
ENSMUSG00000030792	0.0076302157344097	0.0247230507101644	0.420513901891654	71.9699573900246	483	0.4697855750487329	2.1174631827608255	0.5226561766420312	False	cKO/CRE	DKKL1	DKKL1	0.00399573519622811	0.405621505295193	0.4016257700989649	positive	True	False	False
ENSMUSG00000061723	0.0076603553537219	0.0248019891437399	-3.76009036318166	1704.26986547446	484	0.47076023391812866	2.1157510835552618	0.5216876423422164	False	cKO/CRE	TNNT3	TNNT3	0.398044006826547	-3.34766086093949	-3.7457048677660367	negative	True	False	False
ENSMUSG00000033470	0.0078691492337104	0.0253907226075086	0.273780350434071	814.929140417065	485	0.47173489278752434	2.1040722184766936	0.5207547252092005	False	cKO/CRE	CYSLTR2	CYSLTR2	-0.0632470365650393	0.267468047177509	0.3307150837425483	positive	True	False	False
ENSMUSG00000105664	0.0078733672871533	0.0253997147859985	1.82837730234597	4.83015364345191	486	0.4727095516569201	2.103839488547392	0.5197809042453925	False	cKO/CRE	GM42797	GM42797	1.3414662290898	1.83885561788966	0.49738938879985994	positive	True	False	False
ENSMUSG00000024011	0.0078827406221365	0.0254261322606737	-1.02036865100913	1362.22956794963	487	0.47368421052631576	2.1033227634571734	0.5188080981647618	False	cKO/CRE	PI16	PI16	0.523791998236797	-0.986787834804431	-1.510579833041228	negative	True	False	False
ENSMUSG00000092183	0.0079458959701732	0.0256106010353963	0.823437700974274	22.1581672116398	488	0.4746588693957115	2.0998571251446734	0.5178458303003841	False	cKO/CRE	4930515G01RIK	4930515G01RIK	0.169825189843019	0.914291780009803	0.7444665901667841	positive	True	False	False
ENSMUSG00000020183	0.0079640525418245	0.0256614157704603	-1.05567445013063	112.901898060753	489	0.4756335282651072	2.0988658834325262	0.5168747199491291	False	cKO/CRE	CPM	CPM	-0.16760896036002	-1.04211715774178	-0.8745081973817601	negative	True	False	False
ENSMUSG00000031273	0.0080414898180061	0.025860467480647	-1.58093026173059	9.2724114761896	490	0.4766081871345029	2.0946634836147484	0.5159150849706604	False	cKO/CRE	COL4A6	COL4A6	0.0190249644335631	-1.186425393999	-1.205450358432563	negative	True	False	False
ENSMUSG00000026639	0.008129704691078	0.0261206766799402	0.804178663319099	45.0500822203976	491	0.4775828460038986	2.08992522972753	0.5149573649166531	False	cKO/CRE	LAMB3	LAMB3	-0.0905119785901501	-0.405765324074002	-0.3152533454838519	negative	True	False	False
ENSMUSG00000046561	0.008140527607965	0.0261476231681247	-0.508449035158406	71.1399533816726	492	0.47855750487329435	2.0893474464864537	0.5139847770330154	False	cKO/CRE	ARSJ	ARSJ	-0.231250962649234	-0.536716863530528	-0.30546590088129405	negative	True	False	False
ENSMUSG00000116009	0.008156900996369	0.0261845426630863	-0.722308036644095	17.0054262154779	493	0.47953216374269003	2.0884748088699325	0.5130132428389701	False	cKO/CRE	GM49503	GM49503	-0.118979733287583	-0.48568560348576	-0.366705870198177	negative	True	False	False
ENSMUSG00000032648	0.008169761942601	0.0262101494335488	-2.59609581729232	839.193464183212	494	0.48050682261208577	2.0877905981213223	0.5120410352839501	False	cKO/CRE	PYGM	PYGM	0.39422790426952	-2.51941161392556	-2.91363951819508	negative	True	False	False
ENSMUSG00000020424	0.0082312391405894	0.0263679718537373	-0.334718518091443	177.765031760224	495	0.48148148148148145	2.0845347806551384	0.5110780176052219	False	cKO/CRE	CASTOR1	CASTOR1	0.0271826207451463	-0.366855045101691	-0.3940376658468373	negative	True	False	False
ENSMUSG00000027859	0.0083094965298168	0.0265948490396674	0.614094115752838	57.6394820243609	496	0.4824561403508772	2.080425289205821	0.5101180506100388	False	cKO/CRE	NGF	NGF	0.903496216699829	0.590466764927573	-0.31302945177225605	negative	True	False	False
ENSMUSG00000033544	0.0083431421328867	0.026682641392215	-0.667334273025274	270.539203966193	497	0.4834307992202729	2.07867035775831	0.5091496693752328	False	cKO/CRE	ANGPTL1	ANGPTL1	-0.0893157322284198	-0.635028761453463	-0.5457130292250432	negative	True	False	False
ENSMUSG00000030996	0.0084581736929726	0.0269902120549057	-2.51583885951975	24.7811713498168	498	0.4844054580896686	2.0727234006356774	0.5081962687348943	False	cKO/CRE	ART1	ART1	-0.52781952423042	-1.11366358764351	-0.5858440634130899	negative	True	False	False
ENSMUSG00000054293	0.0084821002987714	0.02704645944941	-0.983459780658806	12.4614075234809	499	0.4853801169590643	2.0714965964194096	0.5072260001882034	False	cKO/CRE	P2RY10B	P2RY10B	-0.496183449296259	-0.964694247527871	-0.468510798231612	negative	True	False	False
ENSMUSG00000042842	0.0085301287239234	0.0271471820886197	-0.657679250015551	174.236748053103	500	0.48635477582846004	2.069044415061339	0.5062601106409399	False	cKO/CRE	SERPINB6B	SERPINB6B	-0.112485054845992	-0.62802387141087	-0.515538816564878	negative	True	False	False
ENSMUSG00000039543	0.0085377049081702	0.027159485437291	-0.389090654906852	61.2753471114084	501	0.4873294346978557	2.0686588599523197	0.5052868358121557	False	cKO/CRE	CFAP70	CFAP70	-0.0419780723187109	-0.439920409655233	-0.39794233733652207	negative	True	False	False
ENSMUSG00000110026	0.0085377903536215	0.027159485437291	-0.743885470523241	25.2512977030789	502	0.48830409356725146	2.0686545135497783	0.5043121986985283	False	cKO/CRE	GM35625	GM35625	-0.455337975511497	-0.777087802353283	-0.321749826841786	negative	True	False	False
ENSMUSG00000074486	0.0085517623453359	0.0271958711859233	-2.86659829831299	34.5699363847875	503	0.48927875243664715	2.067944376735591	0.5033400837927201	False	cKO/CRE	BGLAP2	BGLAP2	0.222006504542745	-2.95361638167269	-3.175622886215435	negative	True	False	False
ENSMUSG00000045591	0.0085639753836451	0.0272306762828213	0.790325635497301	23.3859862221207	504	0.4902534113060429	2.0673245897151125	0.502367646013503	False	cKO/CRE	OLIG3	OLIG3	0.329170799514538	0.85549925143017	0.526328451915632	positive	True	False	False
ENSMUSG00000031097	0.0085666891563255	0.0272343673823628	-3.80502575562002	847.110476973067	505	0.49122807017543857	2.0671869912574055	0.5013934850885144	False	cKO/CRE	TNNI2	TNNI2	0.433858248592248	-3.51718866056092	-3.951046909153168	negative	True	False	False
ENSMUSG00000036412	0.0086001741090767	0.0273214943651681	-1.07339398431635	119.125387565091	506	0.4922027290448343	2.065492756448775	0.5004248869486122	False	cKO/CRE	ARSI	ARSI	0.849566331774445	-1.09006174494501	-1.9396280767194551	negative	True	False	False
ENSMUSG00000030218	0.0086456162806996	0.0274496079102941	-1.1067034958632	3611.99053814742	507	0.49317738791423	2.0632040437124837	0.4994584132309927	False	cKO/CRE	MGP	MGP	0.447148427007667	-0.924124811495795	-1.3712732385034618	negative	True	False	False
ENSMUSG00000101655	0.0086642192854574	0.0274964711977572	-0.761807683434948	53.7854938985095	508	0.49415204678362573	2.062270564547678	0.49848709645989103	False	cKO/CRE	2310040G24RIK	2310040G24RIK	-0.265908541504429	-0.748965548356993	-0.48305700685256403	negative	True	False	False
ENSMUSG00000040152	0.008707420158492	0.0276090814065273	-1.31258755280672	4676.37408368252	509	0.4951267056530214	2.06011049905581	0.497520163009353	False	cKO/CRE	THBS1	THBS1	0.718176156626578	-1.26952549689148	-1.9877016535180578	negative	True	False	False
ENSMUSG00000030693	0.0089304818109617	0.0281955761956324	-0.997793782589566	23.7587377497922	510	0.49610136452241715	2.0491251097343772	0.4965847676760836	False	cKO/CRE	KLK10	KLK10	-0.38771395752748	-0.85628785048929	-0.46857389296181	negative	True	False	False
ENSMUSG00000033044	0.0090039504702577	0.0283774483621426	-3.43648672774506	18.7534094396563	511	0.49707602339181284	2.0455669026711774	0.49562283061476453	False	cKO/CRE	DHRS7C	DHRS7C	0.480493764662469	-3.17830613458062	-3.658799899243089	negative	True	False	False
ENSMUSG00000033080	0.0090063254078231	0.0283807664715696	-1.2872850611925	21.0465965461256	512	0.4980506822612086	2.0454523655821863	0.49464858727782546	False	cKO/CRE	VSX1	VSX1	0.10343788362134	-1.29397127175999	-1.3974091553813301	negative	True	False	False
ENSMUSG00000026062	0.0090379193324222	0.0284677881716472	-1.12066789237023	382.139939286075	513	0.49902534113060426	2.0439315392650794	0.49367936944651614	False	cKO/CRE	SLC9A2	SLC9A2	-0.165617981348167	-1.11060416232277	-0.9449861809746031	negative	True	False	False
ENSMUSG00000087102	0.009067613070022	0.0285445640359426	-0.85456531534934	11.1757877663369	514	0.5	2.0425070202106705	0.49270980745222726	False	cKO/CRE	GM13661	GM13661	-0.368542441199808	-0.895739164032877	-0.527196722833069	negative	True	False	False
ENSMUSG00000020866	0.0090878163724765	0.0285913918000264	-1.09704525085192	197.195847689872	515	0.5009746588693957	2.0415404568559734	0.49173860891056176	False	cKO/CRE	CACNA1G	CACNA1G	0.348702503089682	-1.13569875696818	-1.484401260057862	negative	True	False	False
ENSMUSG00000005716	0.009152178598087	0.0287501840350491	-0.549903684485429	4907.4090561253	516	0.5019493177387915	2.038475513528449	0.4907749091253085	False	cKO/CRE	PVALB	PVALB	0.0927971421007877	-0.478533489456334	-0.5713306315571217	negative	True	False	False
ENSMUSG00000026170	0.0092741262380979	0.0290837682727552	-0.65140040763222	149.480239255033	517	0.5029239766081871	2.0327269968447657	0.48982079933956596	False	cKO/CRE	CYP27A1	CYP27A1	-0.174635350321431	-0.581295021065793	-0.40665967074436205	negative	True	False	False
ENSMUSG00000039007	0.0093086165920708	0.0291706224475027	-0.344181998252189	1248.0060021814	518	0.5038986354775828	2.0311148572648805	0.48885190782471205	False	cKO/CRE	CPQ	CPQ	0.128904973402435	-0.344282289474143	-0.47318726287657803	negative	True	False	False
ENSMUSG00000039005	0.0093269623947813	0.0292195818398097	-0.23317142803127	372.983564795266	519	0.5048732943469786	2.0302597742580417	0.4878803108976329	False	cKO/CRE	TLR4	TLR4	0.0613321120154422	-0.246068587527018	-0.3074006995424602	negative	True	False	False
ENSMUSG00000006457	0.0096699825443794	0.0301625692548147	-3.05422625743825	933.028547267247	520	0.5058479532163743	2.0145743098763105	0.4869617117206617	False	cKO/CRE	ACTN3	ACTN3	0.612782804455153	-2.97440479876575	-3.5871876032209027	negative	True	False	False
ENSMUSG00000039323	0.0097553730708495	0.0303850167883675	-1.37163666738457	1053.02958832087	521	0.50682261208577	2.0107561174008652	0.4860007037414452	False	cKO/CRE	IGFBP2	IGFBP2	-0.0373877391393696	-1.30138585387105	-1.2639981147316806	negative	True	False	False
ENSMUSG00000027188	0.0098152575231299	0.0305364319119309	-1.11387608856949	297.067362588493	522	0.5077972709551657	2.008098301320513	0.48503554904902796	False	cKO/CRE	PAMR1	PAMR1	0.385040601384794	-1.11644988795208	-1.501490489336874	negative	True	False	False
ENSMUSG00000113019	0.0099109507496955	0.0307751292916195	-0.505884608354111	35.224868622827	523	0.5087719298245614	2.003884681988897	0.4840759541645375	False	cKO/CRE	GM47467	GM47467	-0.172903062254467	-0.594598474450527	-0.42169541219606005	negative	True	False	False
ENSMUSG00000024386	0.0101534551830302	0.0314009608066456	-0.909661557810963	12.3391247534259	524	0.5097465886939572	1.99338614380236	0.4831388190233607	False	cKO/CRE	PROC	PROC	-0.410774266853069	-0.859587019266733	-0.448812752413664	negative	True	False	False
ENSMUSG00000066113	0.010367730707587	0.0319623305140115	-0.422798187014296	343.552194222797	525	0.5107212475633528	1.9843162917327253	0.48219657833918456	False	cKO/CRE	ADAMTSL1	ADAMTSL1	0.391952058662208	-0.424758300852874	-0.816710359515082	negative	True	False	False
ENSMUSG00000110924	0.0103879558481074	0.0320108900711273	0.351965660570682	914.202412500141	526	0.5116959064327485	1.9834699049191375	0.4812249503354484	False	cKO/CRE	GM40518	GM40518	-0.050137571060845	0.325309582801302	0.375447153862147	positive	True	False	False
ENSMUSG00000023349	0.0104810353832426	0.0322652955021778	0.997048669840222	52.8902550617213	527	0.5126705653021443	1.9795958128658429	0.4802641421185833	False	cKO/CRE	CLEC4N	CLEC4N	1.2359672172534	0.924253711965272	-0.311713505288128	negative	True	False	False
ENSMUSG00000058571	0.0105016455952321	0.032324107305313	-0.491200687459342	623.211363050681	528	0.51364522417154	1.9787426421746688	0.47929253835766594	False	cKO/CRE	GPC6	GPC6	0.220635383977296	-0.460601503574177	-0.681236887551473	negative	True	False	False
ENSMUSG00000086915	0.0105084550112992	0.0323404294297561	-0.232438722559274	352.285678594978	529	0.5146198830409356	1.9784611307262607	0.4783188917191632	False	cKO/CRE	GM16364	GM16364	-0.551761093578461	0.211668484970025	0.763429578548486	positive	True	False	False
ENSMUSG00000041559	0.0105413414820583	0.032427692211789	-1.59873141156893	1424.71459858455	530	0.5155945419103314	1.9771041176639426	0.4773490884859197	False	cKO/CRE	FMOD	FMOD	0.432331561585002	-1.56000405161541	-1.992335613200412	negative	True	False	False
ENSMUSG00000030399	0.0105471204487401	0.032432937428245	-3.88431304333763	2076.75197722609	531	0.5165692007797271	1.976866094292483	0.47637528643872057	False	cKO/CRE	CKM	CKM	0.67296685948767	-3.49733154437415	-4.17029840386182	negative	True	False	False
ENSMUSG00000085022	0.0105707927255505	0.0324857031706038	-1.01078126387599	24.4083624262189	532	0.5175438596491229	1.9758924428323157	0.47540411322706067	False	cKO/CRE	GM5860	GM5860	-0.353467044358795	-0.988120863987831	-0.6346538196290361	negative	True	False	False
ENSMUSG00000031274	0.0106162239913093	0.0326159817085223	-0.474024676245868	144.594814460524	533	0.5185185185185185	1.974029926884071	0.4744361164554955	False	cKO/CRE	COL4A5	COL4A5	0.150735792843882	-0.465548898280288	-0.61628469112417	negative	True	False	False
ENSMUSG00000056973	0.0106968552967569	0.0328542990127605	-2.14546973173893	41.409725771072	534	0.5194931773879142	1.970743879136935	0.4734732068074937	False	cKO/CRE	CES1D	CES1D	-0.658511343514682	-2.08225657476289	-1.423745231248208	negative	True	False	False
ENSMUSG00000111990	0.01095792782318	0.0335696986802315	0.824001082285231	21.9531681993526	535	0.52046783625731	1.9602715644687374	0.47253597795412994	False	cKO/CRE	GM47033	GM47033	1.24326165566072	0.860155878955685	-0.3831057767050351	negative	True	False	False
ENSMUSG00000054320	0.011012456243646	0.033717499033819	-0.59245005866093	26.0656839307837	536	0.5214424951267057	1.9581158041808804	0.47156902911854404	False	cKO/CRE	LRRC36	LRRC36	-0.627373345905724	-0.286862430574986	0.340510915330738	positive	False	False	False
ENSMUSG00000026989	0.0110811151415973	0.0338890465350517	-1.75753273843242	75.285094476523	537	0.5224171539961013	1.9554165324349524	0.4706040225718117	False	cKO/CRE	DAPL1	DAPL1	0.270890821976967	-1.75920617713464	-2.030096999111607	negative	True	False	False
ENSMUSG00000085051	0.011149862300764	0.0340604730536788	-0.959981146018143	17.7632297031901	538	0.5233918128654971	1.9527304960586571	0.4696389687272523	False	cKO/CRE	GM11542	GM11542	-0.325696284579084	-0.827288819418692	-0.501592534839608	negative	True	False	False
ENSMUSG00000054764	0.01126431280312	0.0343905189349699	-1.82427049504782	4.69281773828494	539	0.5243664717348928	1.9482952979407144	0.46868016567520704	False	cKO/CRE	MTNR1A	MTNR1A	-0.936582158261063	-2.17429267242449	-1.2377105141634273	negative	True	False	False
ENSMUSG00000029685	0.0112824878307858	0.0344326257685373	-1.90200625461428	15.874659763102	540	0.5253411306042886	1.9475951262346214	0.46770801515815624	False	cKO/CRE	ASB15	ASB15	-0.329340959457645	-1.82593857731631	-1.4965976178586649	negative	True	False	False
ENSMUSG00000056427	0.0113080051759505	0.0344895764573675	-0.468235586337872	370.778002311516	541	0.5263157894736842	1.9466140013952677	0.4667368686533135	False	cKO/CRE	SLIT3	SLIT3	0.164375351529187	-0.479351914927658	-0.643727266456845	negative	True	False	False
ENSMUSG00000026237	0.0113849189466124	0.0346945868977827	-0.388453576653131	66.0264180591916	542	0.5272904483430799	1.9436700569385423	0.46577273646731776	False	cKO/CRE	NMUR1	NMUR1	-0.736770169019255	-0.37150678102327	0.36526338799598496	positive	True	False	False
ENSMUSG00000030074	0.011856022086401	0.0359312960760532	-1.27942822553129	470.4352731115	543	0.5282651072124757	1.92606100032349	0.46486101142648056	False	cKO/CRE	GXYLT2	GXYLT2	0.665158269467035	-1.26575043562548	-1.930908705092515	negative	True	False	False
ENSMUSG00000026904	0.0121437187281576	0.0366376762078188	-1.15283443849398	1104.80549495314	544	0.5292397660818714	1.9156483004261746	0.4639235695341767	False	cKO/CRE	SLC4A10	SLC4A10	0.566085485695473	-1.11228536029786	-1.6783708459933329	negative	True	False	False
ENSMUSG00000034324	0.0121713658162514	0.0367004549250812	-0.280527481674761	810.001658302224	545	0.530214424951267	1.9146606844503962	0.46295244622601495	False	cKO/CRE	TMEM132C	TMEM132C	-0.620066275604704	-0.263814536570896	0.35625173903380797	positive	True	False	False
ENSMUSG00000031375	0.0121995455602813	0.0367647683556084	-0.806212133382684	7902.99241599338	546	0.5311890838206628	1.9136563467300092	0.4619813826745659	False	cKO/CRE	BGN	BGN	0.486970326863641	-0.744550189103465	-1.231520515967106	negative	True	False	False
ENSMUSG00000083863	0.0123465935637498	0.0371349274820587	-0.564546831302043	43.2569978508632	547	0.5321637426900585	1.9084528481153322	0.46102532521595524	False	cKO/CRE	GM13341	GM13341	0.0226561656037381	-0.344934775287061	-0.36759094089079913	negative	True	False	False
ENSMUSG00000061758	0.0128836554991777	0.0385595015403347	-0.226768666900724	319.668024815037	548	0.5331384015594542	1.8899608964576258	0.4601167552828431	False	cKO/CRE	AKR1B10	AKR1B10	0.0496736647224127	-0.25248042973865	-0.30215409446106267	negative	True	False	False
ENSMUSG00000069378	0.0129139613867004	0.0386410782167424	-1.415714666822	126.626854784101	549	0.5341130604288499	1.8889405164874051	0.4591457490598693	False	cKO/CRE	PRDM6	PRDM6	0.425037937352922	-1.40834917932595	-1.833387116678872	negative	True	False	False
ENSMUSG00000006360	0.0129359558527238	0.0386961020533122	-0.301627178079004	1101.29983900054	550	0.5350877192982456	1.888201475240737	0.4581737374467445	False	cKO/CRE	CRIP1	CRIP1	0.0219716589751471	-0.290899342009323	-0.31287100098447007	negative	True	False	False
ENSMUSG00000022218	0.0129734413069828	0.0387866143587317	1.14672276355501	18.7702490371381	551	0.5360623781676414	1.886944808619364	0.45720357561614156	False	cKO/CRE	TGM1	TGM1	0.50453111208307	1.0546680982803	0.5501369861972301	positive	True	False	False
ENSMUSG00000075592	0.0131727346033677	0.0392948750689121	-0.248027002666362	669.436823200866	552	0.5370370370370371	1.880324058001655	0.4562525828396585	False	cKO/CRE	NYNRIN	NYNRIN	0.114919570068644	-0.246068191441545	-0.36098776151018896	negative	True	False	False
ENSMUSG00000026271	0.0133000318239692	0.0396030632727596	-0.189780150865942	2009.89514067828	553	0.5380116959064327	1.8761473198631637	0.4552928561567872	False	cKO/CRE	GPR35	GPR35	-0.485021833962768	-0.168518290163452	0.316503543799316	positive	True	False	False
ENSMUSG00000045502	0.0136627785413523	0.0405090061006449	-1.60869645240242	6.45993054311756	554	0.5389863547758285	1.864460971044862	0.4543599657676128	False	cKO/CRE	HCAR2	HCAR2	-0.27590452760632	-1.69320725808915	-1.41730273048283	negative	True	False	False
ENSMUSG00000032511	0.0138510242240155	0.0409991844998231	-0.328355394454749	619.878510646384	555	0.5399610136452242	1.858518111192191	0.45340655048529815	False	cKO/CRE	SCN5A	SCN5A	-0.632386799730599	-0.320909137220672	0.311477662509927	positive	True	False	False
ENSMUSG00000025963	0.0139556602705013	0.0412172937185356	-0.47228608317525	44.4927562320689	556	0.5409356725146199	1.8552496113393224	0.45244357812826064	False	cKO/CRE	MDH1B	MDH1B	-0.0115175319311587	-0.486868220759822	-0.4753506888286633	negative	True	False	False
ENSMUSG00000032289	0.0142867345741505	0.0420511510172376	-0.96540766634572	962.112349567745	557	0.5419103313840156	1.8450670237271924	0.45150531390825815	False	cKO/CRE	THSD4	THSD4	0.257754208917488	-0.947933139699534	-1.205687348617022	negative	True	False	False
ENSMUSG00000030324	0.0142913283918208	0.0420578125644329	-0.304506045492864	135.142116690571	558	0.5428849902534113	1.8449274012703	0.45053116021621936	False	cKO/CRE	RHO	RHO	-0.654752658332724	-0.296186999721475	0.358565658611249	positive	True	False	False
ENSMUSG00000061353	0.0143469208458366	0.0421960000664429	0.350220145214146	2701.36440000326	559	0.543859649122807	1.8432412977560517	0.4495625330183786	False	cKO/CRE	CXCL12	CXCL12	0.673604274517992	0.340633867018852	-0.33297040749914	negative	True	False	False
ENSMUSG00000019933	0.0145946770191412	0.0427985634795552	-1.09219685988184	12.7928214409832	560	0.5448343079922028	1.835805511526039	0.4486144528476216	False	cKO/CRE	MRLN	MRLN	0.311205506784774	-1.13313879288632	-1.4443442996710938	negative	True	False	False
ENSMUSG00000037337	0.0148063349792014	0.0433605438831564	-0.485229099867458	92.3547916803978	561	0.5458089668615984	1.8295524293443992	0.4476621461737139	False	cKO/CRE	MAP4K1	MAP4K1	-0.0262304086429241	-0.500337244990706	-0.4741068363477819	negative	True	False	False
ENSMUSG00000021950	0.0149815999624134	0.043802100898007	-1.56929894880112	75.569549674202	562	0.5467836257309941	1.824441803609683	0.44670575682521046	False	cKO/CRE	ANXA8	ANXA8	-0.135748629282784	-1.5911092104158	-1.455360581133016	negative	True	False	False
ENSMUSG00000002289	0.0150012141428039	0.0438534744368008	0.393619918692423	844.465288589269	563	0.5477582846003899	1.8238735893322704	0.4457331347459892	False	cKO/CRE	ANGPTL4	ANGPTL4	0.704753400842286	0.383268471574399	-0.321484929267887	negative	True	False	False
ENSMUSG00000019880	0.0153129510776378	0.0446068405255222	-1.24676570553463	136.965679325182	564	0.5487329434697856	1.81494110497589	0.4447904031654863	False	cKO/CRE	RSPO3	RSPO3	0.226065187242139	-1.26283175818759	-1.4888969454297292	negative	True	False	False
ENSMUSG00000066258	0.0154612932502968	0.0449840228938561	-0.302801385444126	190.790278729957	565	0.5497076023391813	1.8107541826054383	0.443830712876917	False	cKO/CRE	TRIM12A	TRIM12A	0.0138476198661329	-0.342845851030944	-0.3566934708970769	negative	True	False	False
ENSMUSG00000048776	0.0156010384519212	0.0453291677597374	0.511188740259968	383.210254030245	566	0.550682261208577	1.8068464927398327	0.4428700247249658	False	cKO/CRE	PTHLH	PTHLH	1.18430813680975	0.488006772019358	-0.696301364790392	negative	True	False	False
ENSMUSG00000030319	0.0157472553426729	0.045716876276145	-0.244434096115993	256.735947822109	567	0.5516569200779727	1.802795130344498	0.4419098500001905	False	cKO/CRE	CAND2	CAND2	0.090124290853628	-0.21221421372952	-0.30233850458314804	negative	True	False	False
ENSMUSG00000011118	0.0160242094420373	0.0463493441973721	-1.75325800099385	7.23076273439472	568	0.5526315789473685	1.7952233872961927	0.4409622556837954	False	cKO/CRE	PANX3	PANX3	-0.818568430561342	-1.63255735289024	-0.813988922328898	negative	True	False	False
ENSMUSG00000051590	0.0160769533850204	0.0464604040606957	1.31277173455044	9.65293891128212	569	0.5536062378167641	1.7937962474677864	0.4399927030550868	False	cKO/CRE	MAP3K19	MAP3K19	1.82069222440191	1.00257599861911	-0.8181162257827999	negative	True	False	False
ENSMUSG00000041703	0.016241278935001	0.04684069509858	-1.1124535953535	45.4213853637156	570	0.5545808966861598	1.7893797748150426	0.4390338330858464	False	cKO/CRE	ZIC5	ZIC5	0.414872700875346	-1.0940460087622	-1.508918709637546	negative	True	False	False
ENSMUSG00000086228	0.0162825934596136	0.0469472332040382	1.17537772801827	6.50671130878703	571	0.5555555555555556	1.7882764203623565	0.43806312337991915	False	cKO/CRE	UBAP1L	UBAP1L	0.10277294647494	0.722764468628599	0.619991522153659	positive	True	False	False
ENSMUSG00000032334	0.0163041050739064	0.0469777073176477	-0.821694413146377	815.996346802793	572	0.5565302144249513	1.78770303446187	0.437090519781975	False	cKO/CRE	LOXL1	LOXL1	0.381949496375163	-0.834071397661695	-1.216020894036858	negative	True	False	False
ENSMUSG00000070385	0.0163167156648713	0.0469989568642901	-4.11869796195877	65.1633137430542	573	0.557504873294347	1.787367254415974	0.4361170670773634	False	cKO/CRE	AMPD1	AMPD1	0.454279574091937	-3.75842253220554	-4.212702106297477	negative	True	False	False
ENSMUSG00000028019	0.0163262613424373	0.0470163034581109	0.29066747246874	279.799914862979	574	0.5584795321637427	1.7871132558171219	0.4351433221191283	False	cKO/CRE	PDGFC	PDGFC	0.601367041849752	0.272795130173057	-0.32857191167669497	negative	True	False	False
ENSMUSG00000040663	0.0163346780199647	0.0470279236020068	0.781118265396837	37.220844761834	575	0.5594541910331384	1.7868894216740516	0.4341694693653991	False	cKO/CRE	CLCF1	CLCF1	1.03113669265199	0.726606029305005	-0.3045306633469851	negative	True	False	False
ENSMUSG00000021403	0.0169351896931262	0.0484513903708711	-1.80609110187812	10.547307573234	576	0.5604288499025342	1.7712099344066214	0.43325084882865283	False	cKO/CRE	SERPINB9B	SERPINB9B	0.110810748392531	-1.64758226821215	-1.7583930166046808	negative	True	False	False
ENSMUSG00000005493	0.016970218494698	0.0485287429376921	-1.01813542274544	10.7572006919552	577	0.5614035087719298	1.7703125660246464	0.4322794030123031	False	cKO/CRE	MSH4	MSH4	0.157674764041897	-0.902678563080526	-1.060353327122423	negative	True	False	False
ENSMUSG00000071679	0.0171673917611482	0.0490112024929921	-0.516811058302934	79.0680465084232	578	0.5623781676413255	1.7652956821125398	0.43132267866865937	False	cKO/CRE	RTL4	RTL4	-0.853521717524255	-0.52587446244585	0.327647255078405	positive	True	False	False
ENSMUSG00000114442	0.0177733858385761	0.0504794258283771	-0.41471998500233	45.220028285455	579	0.5633528265107213	1.7502298310050244	0.43040186524590174	False	cKO/CRE	F630042J09RIK	F630042J09RIK	-0.0459304750621193	-0.370149417178361	-0.3242189421162417	negative	True	False	False
ENSMUSG00000029211	0.0178746916621441	0.050720175970864	-0.37057842553485	67.4488476362849	580	0.564327485380117	1.7477614410281035	0.42943603362164834	False	cKO/CRE	GABRA4	GABRA4	-0.814342775596943	-0.334113243556237	0.480229532040706	positive	True	False	False
ENSMUSG00000027887	0.0189316288324154	0.0531849685272385	-2.47441048464953	34.8812067830754	581	0.5653021442495126	1.7228120187621474	0.4285505400616231	False	cKO/CRE	SYPL2	SYPL2	0.215707549414992	-2.60205250253941	-2.817760051954402	negative	True	False	False
ENSMUSG00000021337	0.0190136376484082	0.053373446549069	-0.433642831818984	82.0631162769569	582	0.5662768031189084	1.7209347868958322	0.42758259587876263	False	cKO/CRE	SCGN	SCGN	0.139392108877296	-0.450329352859803	-0.589721461737099	negative	True	False	False
ENSMUSG00000042759	0.0191097074885998	0.0535730679052218	0.439685090405015	164.970681120607	583	0.5672514619883041	1.7187459606194646	0.42661576520756866	False	cKO/CRE	APOBR	APOBR	0.790864455481983	0.419991823426231	-0.37087263205575205	negative	True	False	False
ENSMUSG00000028497	0.0195799081786218	0.0546699153176764	-0.766666445655977	457.99690154297	584	0.5682261208576999	1.7081893491831044	0.4256788375965628	False	cKO/CRE	HACD4	HACD4	0.0353359674282715	-0.628838186799462	-0.6641741542277335	negative	True	False	False
ENSMUSG00000103451	0.0199513045767089	0.0554975643441276	-0.745263653706219	19.384157924393	585	0.5692007797270955	1.7000287013836477	0.4247333477861849	False	cKO/CRE	GM33973	GM33973	-0.860020617879433	-0.543616839998012	0.31640377788142093	positive	True	False	False
ENSMUSG00000113835	0.0206063178310939	0.0570019611549307	-0.646902439870222	18.0408335831064	586	0.5701754385964912	1.6859996059163485	0.4238088294205161	False	cKO/CRE	GM19554	GM19554	-0.888637459885046	-0.489199386540091	0.39943807334495507	positive	False	False	False
ENSMUSG00000044393	0.0207036769018251	0.0572196637536472	1.18219298804214	31.8984103685216	587	0.571150097465887	1.6839525184867303	0.4228414922323425	False	cKO/CRE	DSG2	DSG2	1.5293462206137	0.833095916306401	-0.6962503043072991	negative	True	False	False
ENSMUSG00000121005	0.0217392642144911	0.0596135725125532	-1.15469714565397	13.6842245294145	588	0.5721247563352827	1.6627551590994947	0.42194259032590925	False	cKO/CRE	GM56769	GM56769	0.694105670733431	-1.21185931306156	-1.905964983794991	negative	True	False	False
ENSMUSG00000074704	0.0221342874698232	0.0605421272715629	0.696713542899489	14.8396391428324	589	0.5730994152046783	1.6549344539383375	0.4209958856988292	False	cKO/CRE	RAD21L	RAD21L	0.287780202589089	0.657758611030852	0.369978408441763	positive	True	False	False
ENSMUSG00000105006	0.0221728088331642	0.0606165963337625	1.01997383745698	10.2498055430152	590	0.5740740740740741	1.6541792873331862	0.42002393171117586	False	cKO/CRE	GM9484	GM9484	1.56255376642535	1.17110282222198	-0.39145094420337	negative	True	False	False
ENSMUSG00000074651	0.0226940379603976	0.0617662252894503	-1.02945620621182	7.54731918281498	591	0.5750487329434698	1.6440882230267229	0.41908534042411	False	cKO/CRE	MCIDAS	MCIDAS	-0.427627492975344	-0.808897532228378	-0.381270039253034	negative	True	False	False
ENSMUSG00000037053	0.0227858980208238	0.0619848038163735	-0.956560770649344	14.0039602143982	592	0.5760233918128655	1.6423338506539262	0.41811695719139835	False	cKO/CRE	AZGP1	AZGP1	-0.552949321646076	-1.08706674960515	-0.534117427959074	negative	True	False	False
ENSMUSG00000064351	0.0228050989134713	0.0620291755292163	-0.164648112886197	508718.365992172	593	0.5769980506822612	1.6419680397360614	0.4171436118049068	False	cKO/CRE	MT-CO1	MT-CO1	0.116046739918064	-0.217604264965216	-0.33365100488328003	negative	True	False	False
ENSMUSG00000051504	0.0230593211404402	0.0625655822799952	-0.656664229692049	48.2196486966309	594	0.5779727095516569	1.6371534823535725	0.41618616442855166	False	cKO/CRE	SIGLECH	SIGLECH	0.0859376464117506	-0.665105385262211	-0.7510430316739616	negative	True	False	False
ENSMUSG00000040133	0.0232009111538875	0.062890612303239	-0.230552465114547	679.02568824113	595	0.5789473684210527	1.634494959017066	0.41522101226358016	False	cKO/CRE	GPR176	GPR176	-0.499484146292146	-0.194299491777706	0.30518465451444	positive	True	False	False
ENSMUSG00000025492	0.0232296140077479	0.0629366268194265	0.362030122888217	2456.3353402572	596	0.5799220272904484	1.6339580065449164	0.414248278467384	False	cKO/CRE	IFITM3	IFITM3	0.723700827607586	0.294891697628047	-0.428809129979539	negative	True	False	False
ENSMUSG00000020229	0.0239637738274972	0.0645590322516384	-1.10443400161581	6.20326338813202	597	0.580896686159844	1.6204447879772432	0.4133219165675323	False	cKO/CRE	SLC5A4A	SLC5A4A	-0.265692071568872	-1.08045265562983	-0.814760584060958	negative	True	False	False
ENSMUSG00000110179	0.024714698661137	0.0662494657167792	-0.917311185754521	11.5113148574423	598	0.5818713450292398	1.6070446803924907	0.41239515045504066	False	cKO/CRE	GM39168	GM39168	-0.920486857459888	-0.435481741384596	0.485005116075292	positive	True	False	False
ENSMUSG00000097134	0.0249490347537937	0.0668275492918562	0.78678232552168	13.8886631476849	599	0.5828460038986355	1.6029462520129418	0.4114351439249467	False	cKO/CRE	1110002J07RIK	1110002J07RIK	0.97878355404558	0.57477767943507	-0.4040058746105101	negative	False	False	False
ENSMUSG00000037583	0.0254083244835096	0.067854577427596	-0.773994554882603	15.614313113013	600	0.5838206627680312	1.595023972948769	0.41048880228167595	False	cKO/CRE	NR0B2	NR0B2	-1.16777348922848	-0.770901791551626	0.39687169767685393	positive	True	False	False
ENSMUSG00000111253	0.0255076933359174	0.0680691378852315	-0.657610817258183	17.2462827886688	601	0.5847953216374269	1.59332881292202	0.409520207448127	False	cKO/CRE	GM34654	GM34654	-0.271477190520551	-0.839307400857369	-0.567830210336818	negative	True	False	False
ENSMUSG00000025557	0.0255362126893087	0.0681198386465392	0.783735709459137	17.4174194669951	602	0.5857699805068226	1.592843513106289	0.4085472890663488	False	cKO/CRE	SLC15A1	SLC15A1	0.120874953349879	0.852401910504444	0.7315269571545651	positive	True	False	False
ENSMUSG00000064360	0.0260009743904019	0.0691619474924867	-0.487190990173166	38.9548918090974	603	0.5867446393762183	1.5850103764735881	0.4076006288642908	False	cKO/CRE	MT-ND3	MT-ND3	0.0479376218547856	-0.407438048017888	-0.45537566987267364	negative	True	False	False
ENSMUSG00000047414	0.0260994023052657	0.0693739069049636	-0.345426390379989	1084.65493616585	604	0.5877192982456141	1.5833694381980095	0.4066318402642601	False	cKO/CRE	FLRT2	FLRT2	0.0403879143389228	-0.372630778263285	-0.4130186926022078	negative	True	False	False
ENSMUSG00000091519	0.0275928374012687	0.0726312504789251	-0.293803615922209	843.106159244539	605	0.5886939571150097	1.559203638253904	0.40574354635683024	False	cKO/CRE	SKOR2	SKOR2	-0.630157989332197	-0.310625898837403	0.31953209049479403	positive	True	False	False
ENSMUSG00000024534	0.0282557731496487	0.0739681007841902	-0.537595193432093	115.569852963012	606	0.5896686159844055	1.5488928048045096	0.4048057404352802	False	cKO/CRE	SNCAIP	SNCAIP	-0.0441265045606993	-0.587927651254364	-0.5438011466936646	negative	True	False	False
ENSMUSG00000064368	0.028352836932496	0.0741514483182186	-0.244561082755591	1437.43958002222	607	0.5906432748538012	1.5474034798932101	0.40383641003076115	False	cKO/CRE	MT-ND6	MT-ND6	0.104399030559876	-0.219843844253211	-0.324242874813087	negative	True	False	False
ENSMUSG00000044938	0.0289084339706046	0.0752910026223002	-3.89890467261168	28.3372481381624	608	0.5916179337231969	1.5389754343184907	0.4028918757912558	False	cKO/CRE	KLHL31	KLHL31	0.484739991070221	-3.84588390377258	-4.330623894842801	negative	True	False	False
ENSMUSG00000060560	0.0295892921829241	0.0767847855414228	0.87994010114512	8.39006054448162	609	0.5925925925925926	1.528865423643928	0.40195335221080236	False	cKO/CRE	CES4A	CES4A	0.229225981984379	0.825732965072408	0.596506983088029	positive	True	False	False
ENSMUSG00000120246	0.029733720211721	0.0770596303221362	1.17389519923482	8.44340140202437	610	0.5935672514619883	1.526750749512065	0.4009862565500086	False	cKO/CRE	LINCRED1	LINCRED1	1.44550138307976	1.02840103565103	-0.41710034742873003	negative	True	False	False
ENSMUSG00000038086	0.0302319192195253	0.0780716932112586	-0.287006018389235	164.798975277062	611	0.594541910331384	1.5195342815356463	0.4000373926250308	False	cKO/CRE	HSPB2	HSPB2	0.0353387624460791	-0.385182929544735	-0.4205216919908141	negative	True	False	False
ENSMUSG00000117545	0.0305934225412766	0.0788093613669799	-0.800957589427374	14.8854308407158	612	0.5955165692007798	1.5143719349916271	0.39908118810566	False	cKO/CRE	GM30794	GM30794	-0.360376522753379	-0.896138880146104	-0.535762357392725	negative	True	False	False
ENSMUSG00000004814	0.0307942590701358	0.0792221434802895	-0.922214411645227	14.2758187422601	613	0.5964912280701754	1.5115302408551883	0.3981166905186146	False	cKO/CRE	CCL24	CCL24	0.0488437599305292	-0.91808232871838	-0.9669260886489093	negative	True	False	False
ENSMUSG00000029659	0.0318335678622634	0.0813643675482524	-0.4469599824413	275.444919111644	614	0.5974658869395711	1.4971146835261264	0.3971935532104291	False	cKO/CRE	MEDAG	MEDAG	0.0766842173439886	-0.455617204648692	-0.5323014219926806	negative	True	False	False
ENSMUSG00000011171	0.0320882528939981	0.0818998599160677	-0.612622208528168	32.606154897379	615	0.5984405458089669	1.493653928250447	0.3962312678960642	False	cKO/CRE	VIPR2	VIPR2	0.567662456161792	-0.686951837847579	-1.254614294009371	negative	True	False	False
ENSMUSG00000022803	0.032360442618475	0.0825195130967196	-0.501182327023936	40.7380159845617	616	0.5994152046783626	1.4899855468420071	0.3952697245530365	False	cKO/CRE	POPDC2	POPDC2	-0.180315591613423	-0.488777905542716	-0.308462313929293	negative	True	False	False
ENSMUSG00000103492	0.0328481268548924	0.0835385774671606	-0.394875308718909	39.9214325252847	617	0.6003898635477583	1.4834893907854234	0.3943182865262766	False	cKO/CRE	GM37412	GM37412	-0.742775609421943	-0.359719227481185	0.383056381940758	positive	True	False	False
ENSMUSG00000041324	0.0333314107708203	0.0845435499948517	0.584578571182434	251.048802110311	618	0.601364522417154	1.4771463041907726	0.39336630149152757	False	cKO/CRE	INHBA	INHBA	1.77351130036762	0.55690018344645	-1.21661111692117	negative	True	False	False
ENSMUSG00000096982	0.0336401474048808	0.0851355109871694	-0.194434114648052	306.770944236633	619	0.6023391812865497	1.473142109872161	0.3924059582072338	False	cKO/CRE	REDRUM	REDRUM	-0.507168007989099	-0.206600143984967	0.300567864004132	positive	True	False	False
ENSMUSG00000055409	0.0338111036637953	0.085477464520908	0.232333083103577	308.351562077833	620	0.6033138401559455	1.4709406527399047	0.3914391726735806	False	cKO/CRE	NELL1	NELL1	-0.28514134166762	0.231768043879144	0.516909385546764	positive	True	False	False
ENSMUSG00000025934	0.0338721208153429	0.0856115560369895	-0.882712440716622	14.6263812030559	621	0.6042884990253411	1.4701576102769784	0.3904673183029034	False	cKO/CRE	GSTA3	GSTA3	-0.516425494394651	-0.925807261431926	-0.409381767037275	negative	True	False	False
ENSMUSG00000030433	0.0347434867260699	0.0875048323432847	-2.92405681024802	18.545167387412	622	0.6052631578947368	1.4591265995358258	0.3895320860020295	False	cKO/CRE	SBK2	SBK2	-0.245456541985096	-1.35183789839484	-1.106381356409744	negative	True	False	False
ENSMUSG00000116237	0.0357272968975127	0.0895832443875724	-0.927619864125667	8.01748977505547	623	0.6062378167641326	1.4469998409736857	0.38860076945812305	False	cKO/CRE	GM30339	GM30339	-0.607857345581925	-0.952943414374512	-0.3450860687925871	negative	True	False	False
ENSMUSG00000109419	0.0361286918577456	0.0904407083398022	-0.466726618132275	28.8466638184656	624	0.6072124756335283	1.4421477630167463	0.38764345616503776	False	cKO/CRE	GM45163	GM45163	-0.714457843271279	-0.327935093463224	0.386522749808055	positive	True	False	False
ENSMUSG00000050105	0.036544570081486	0.0912275545260122	0.470441972515693	141.49700887286	625	0.6081871345029239	1.4371771428875892	0.3866865664934538	False	cKO/CRE	FAM110D	FAM110D	0.834855694343584	0.436161395718406	-0.39869429862517797	negative	True	False	False
ENSMUSG00000014704	0.0374308591014802	0.0930612487227673	-0.674816743964143	13.5529962013583	626	0.6091617933723197	1.4267702049788042	0.3857491040101468	False	cKO/CRE	HOXA2	HOXA2	-0.15785663196671	-0.640349974306399	-0.482493342339689	negative	True	False	False
ENSMUSG00000116652	0.037696045576691	0.0935899503037681	-0.606624624118957	14.8802814051209	627	0.6101364522417154	1.4237042061416427	0.3847854079968555	False	cKO/CRE	FAM246A	FAM246A	-1.33833392026668	-0.652504946116831	0.685828974149849	positive	True	False	False
ENSMUSG00000032733	0.0379028728421891	0.094006131534423	-0.268112967114155	329.976059510311	628	0.6111111111111112	1.4213278715035416	0.383819247404269	False	cKO/CRE	SNX33	SNX33	0.354265478382014	-0.281007003614364	-0.635272481996378	negative	True	False	False
ENSMUSG00000074300	0.0384402601712953	0.0950205694192796	-0.879862671851645	8.64472840058981	629	0.6120857699805068	1.415213681602464	0.3828664443858512	False	cKO/CRE	SMIM31	SMIM31	-0.302375798338363	-0.920085910956798	-0.617710112618435	negative	True	False	False
ENSMUSG00000110534	0.0389905282222952	0.0960710145569087	-0.557306381406958	17.1902094714554	630	0.6130604288499025	1.4090408811886725	0.38191385081756335	False	cKO/CRE	GM45708	GM45708	-0.584630021420698	-0.143050951000013	0.441579070420685	positive	True	False	False
ENSMUSG00000105096	0.0391842812427265	0.0964487766490503	-2.1286180304529	13.3785031620232	631	0.6140350877192983	1.4068881150867085	0.3809468912819752	False	cKO/CRE	GBP10	GBP10	-0.668225587422502	-1.42721827538101	-0.758992687958508	negative	True	False	False
ENSMUSG00000074155	0.0401500949519185	0.0983748360047807	-0.278672500143844	130.711073758039	632	0.615009746588694	1.3963134233106929	0.3800100282827481	False	cKO/CRE	KLK5	KLK5	-0.699327261574896	-0.244628552805235	0.454698708769661	positive	True	False	False
ENSMUSG00000064367	0.0413791831232476	0.100781095301702	-0.173026838277387	149611.018368951	633	0.6159844054580896	1.3832180871011128	0.3790821730413412	False	cKO/CRE	MT-ND5	MT-ND5	0.0968575061160783	-0.213468831903303	-0.3103263380193813	negative	True	False	False
ENSMUSG00000050625	0.0417331535395193	0.101408634127159	-1.01779099112155	8.28921849979436	634	0.6169590643274854	1.3795187968587383	0.37812074015391234	False	cKO/CRE	CCDC121RT1	CCDC121RT1	-0.189049818578061	-0.984593054470528	-0.795543235892467	negative	True	False	False
ENSMUSG00000021508	0.0421686768637511	0.102305283931128	0.630477993009795	76.3880148674922	635	0.6179337231968811	1.3750100257289537	0.3771622000218824	False	cKO/CRE	CXCL14	CXCL14	1.22054501934343	0.68334095723705	-0.5372040621063799	negative	True	False	False
ENSMUSG00000037166	0.0426196153293589	0.103097408424716	-0.47935608783492	38.9624270657014	636	0.6189083820662769	1.370390474403391	0.37620405577320715	False	cKO/CRE	PPP1R14A	PPP1R14A	0.225555927273995	-0.545483435233186	-0.771039362507181	negative	True	False	False
ENSMUSG00000096515	0.0432059021322302	0.104220462430661	4.9373428350356	14.4494548502194	637	0.6198830409356725	1.3644569224356884	0.3752506072282983	False	cKO/CRE	IGKV14-100	IGKV14-100	6.88675337071533	4.74999961846892	-2.1367537522464097	negative	True	False	False
ENSMUSG00000120309	0.0444117571408012	0.106614043702129	-0.982345484989956	8.37839184856644	638	0.6208576998050682	1.3525020437266297	0.3743186764557168	False	cKO/CRE	GM56745	GM56745	0.288530661698088	-0.77389562502314	-1.062426286721228	negative	True	False	False
ENSMUSG00000094151	0.0444240950072873	0.10663173693687	-0.698308358938424	18.9302714240417	639	0.621832358674464	1.3523814107335699	0.373344454903059	False	cKO/CRE	GM7233	GM7233	-1.32983225300928	-0.866548344208477	0.46328390880080306	positive	True	False	False
ENSMUSG00000046413	0.0459756349381438	0.109632634923594	-0.78243299307026	8.30301680856638	640	0.6228070175438597	1.3374722643035206	0.37242308148153075	False	cKO/CRE	IRX3OS	IRX3OS	0.398483665443634	-0.0200237622007164	-0.4185074276443504	negative	True	False	False
ENSMUSG00000017950	0.0462460880639717	0.110155184906926	0.917592679716675	6.46826684099888	641	0.6237816764132553	1.334924998148399	0.37145753172865204	False	cKO/CRE	HNF4A	HNF4A	1.78597844361469	0.853250244515833	-0.932728199098857	negative	True	False	False
ENSMUSG00000031877	0.0469896726447378	0.111407147447751	-0.337281919658153	216.627956759205	642	0.6247563352826511	1.327997580494801	0.37050763485540467	False	cKO/CRE	CES2G	CES2G	0.462137167606304	-0.328050029747417	-0.790187197353721	negative	True	False	False
ENSMUSG00000045440	0.0477310711644345	0.112757363870023	-0.183156957297771	962.408382806268	643	0.6257309941520468	1.3211988192356179	0.36955727821654044	False	cKO/CRE	INSM2	INSM2	-0.497720458107405	-0.189516439432171	0.308204018675234	positive	True	False	False
ENSMUSG00000115009	0.0490402301476099	0.115237830361094	0.96401943471046	7.46803010201547	644	0.6267056530214425	1.3094475003248276	0.36862462000404694	False	cKO/CRE	G930009F23RIK	G930009F23RIK	1.00973849264116	0.674841403717856	-0.33489708892330394	negative	True	False	False
ENSMUSG00000025804	0.0495488198196445	0.116178587247241	0.667453949032281	93.4345943391819	645	0.6276803118908382	1.3049666853143274	0.3676659799682193	False	cKO/CRE	CCR1	CCR1	1.20158594197802	0.650822328078724	-0.550763613899296	negative	True	False	False
ENSMUSG00000074398	0.0498277420189056	0.116679645486836	-0.647703555184002	15.1305825523759	646	0.6286549707602339	1.302528792759671	0.3667000393585849	False	cKO/CRE	GM15441	GM15441	0.0718819287334192	-0.381946896503623	-0.4538288252370422	negative	True	False	False
ENSMUSG00000042436	0.0499605261601693	0.116901313991083	-0.862702137158348	283.322860832636	647	0.6296296296296297	1.3013729964937617	0.365729517058365	False	cKO/CRE	MFAP4	MFAP4	1.03399448802945	-0.800339088295262	-1.834333576324712	negative	True	False	False
ENSMUSG00000055373	0.0524958697563068	0.121561633245834	-0.555389196541806	21.0773088338528	648	0.6306042884990254	1.2798748644532163	0.36483168999104193	False	cKO/CRE	FUT9	FUT9	-0.25856318902548	-0.661464365845149	-0.402901176819669	negative	True	False	False
ENSMUSG00000066279	0.0537243953284041	0.123925195585592	-0.368357581742389	68.1389464841996	649	0.631578947368421	1.2698284638219128	0.36389293909417014	False	cKO/CRE	CHRNA10	CHRNA10	-0.827343594901588	-0.443561367630301	0.383782227271287	positive	True	False	False
ENSMUSG00000117648	0.0539139678922958	0.12425566188276	-0.488407577208623	20.291343653576	650	0.6325536062378168	1.2682987043369156	0.36292375318636877	False	cKO/CRE	GM32282	GM32282	0.000741783007376568	-0.431229677774556	-0.4319714607819326	negative	True	False	False
ENSMUSG00000101086	0.0544386434841758	0.125249723583207	-0.88198979289554	9.86475608493127	651	0.6335282651072125	1.2640927051931155	0.3619641310704271	False	cKO/CRE	GM28651	GM28651	-0.172701904609055	-0.750533993925139	-0.577832089316084	negative	True	False	False
ENSMUSG00000093896	0.0567718492147904	0.12957623766557	2.76230872806492	4.80318395869623	652	0.6345029239766082	1.2458669593821345	0.36105460982591003	False	cKO/CRE	IGHV1-76	IGHV1-76	3.90632406503138	2.21264262007781	-1.6936814449535698	negative	True	False	False
ENSMUSG00000120851	0.0575221438794293	0.130926767099547	0.818461475062986	7.29252374071467	653	0.6354775828460039	1.2401649359482791	0.3601003338922057	False	cKO/CRE	GM57366	GM57366	1.41521070341477	1.77609873287508	0.36088802946030984	positive	True	False	False
ENSMUSG00000075297	0.0576332105832755	0.131108662370489	-0.384908901207754	36.5402149195077	654	0.6364522417153996	1.2393271864265878	0.35912867502230195	False	cKO/CRE	H60B	H60B	0.419873919113852	-0.11605423771566	-0.535928156829512	negative	True	False	False
ENSMUSG00000039037	0.0607944572245428	0.136937441635051	-0.16444722034871	1642.19888913697	655	0.6374269005847953	1.2161360145846185	0.35823689819050886	False	cKO/CRE	ST6GALNAC5	ST6GALNAC5	-0.45226867773172	-0.0643957804853546	0.3878728972463654	positive	True	False	False
ENSMUSG00000031803	0.0614134651177543	0.138070951216769	0.363728925221148	100.317143383637	656	0.6384015594541911	1.2117363978292919	0.35727796798514794	False	cKO/CRE	B3GNT3	B3GNT3	0.742740344497205	0.41439698623215	-0.32834335826505506	negative	True	False	False
ENSMUSG00000114731	0.062909852877903	0.140874494249642	-0.794727125197312	9.29769104883159	657	0.6393762183235867	1.2012813304625791	0.3563406774969448	False	cKO/CRE	GM47914	GM47914	-0.718905775720629	-0.415216854064109	0.30368892165651995	positive	False	False	False
ENSMUSG00000120798	0.0663215551366586	0.146905221603912	-0.665028536424067	28.6805299715379	658	0.6403508771929824	1.178345298812563	0.35544798889789553	False	cKO/CRE	BMNCR	BMNCR	-0.00135891535818029	-0.754830486541001	-0.7534715711828207	negative	True	False	False
ENSMUSG00000107152	0.0671394816099941	0.148349574085449	1.14846980193435	6.72762637196293	659	0.6413255360623782	1.1730220163020095	0.3544923594982011	False	cKO/CRE	GM43152	GM43152	2.11687372185624	1.81391813182701	-0.3029555900292302	negative	True	False	False
ENSMUSG00000101780	0.0684885144780748	0.150787123260139	-0.322938997110643	144.707857981152	660	0.6423001949317739	1.1643822535735968	0.3535485818496777	False	cKO/CRE	GM7255	GM7255	-0.558054739343721	-0.207904157421979	0.350150581921742	positive	True	False	False
ENSMUSG00000015947	0.0690760023938247	0.151815856187759	0.546987274147135	159.350412744806	661	0.6432748538011696	1.1606728041175953	0.35258718526714583	False	cKO/CRE	FCGR1	FCGR1	1.09896112029002	0.537438653160003	-0.561522467130017	negative	True	False	False
ENSMUSG00000074240	0.0695042783546665	0.152491704738478	0.74665710467157	9.14169129671565	662	0.6442495126705653	1.1579884614726885	0.35162212536987936	False	cKO/CRE	CIB3	CIB3	-0.31684602668848	0.926558203772515	1.243404230460995	positive	True	False	False
ENSMUSG00000073652	0.0701320304480862	0.153539435553148	-1.17658898067798	4.69377930808457	663	0.645224171539961	1.1540835873148996	0.3506614271557338	False	cKO/CRE	APOL7D	APOL7D	0.128804098291816	-0.80539984946634	-0.9342039477581561	negative	True	False	False
ENSMUSG00000027690	0.0708197156618169	0.154808148309222	-0.61361633085971	13.159884095149	664	0.6461988304093568	1.1498458212485065	0.3497019185618507	False	cKO/CRE	SLC2A2	SLC2A2	-0.28499948597409	-0.882130486352735	-0.597131000378645	negative	True	False	False
ENSMUSG00000051517	0.0715450246910814	0.15613923343013	-0.630149707993077	14.6481605283683	665	0.6471734892787524	1.1454205621045912	0.3487430799919556	False	cKO/CRE	ARHGEF39	ARHGEF39	-0.6917461552619	-0.315246123536442	0.376500031725458	positive	True	False	False
ENSMUSG00000079654	0.0722831807105921	0.157478002347871	-0.357558704511724	68.7712127540921	666	0.6481481481481481	1.1409627452275168	0.3477843577701543	False	cKO/CRE	PRRT4	PRRT4	-0.834308661664946	-0.310613646390667	0.523695015274279	positive	True	False	False
ENSMUSG00000022221	0.0732061376438787	0.159085133697459	0.53478681139997	30.598628063033	667	0.6491228070175439	1.1354525059207763	0.3468293964779965	False	cKO/CRE	RIPK3	RIPK3	0.868451452193542	0.529449630973197	-0.33900182122034506	negative	True	False	False
ENSMUSG00000023403	0.0737652497339948	0.16013803102649	-1.02018158148864	6.84127175709719	668	0.6500974658869396	1.132148182933626	0.3458665521382682	False	cKO/CRE	STK31	STK31	0.00506480885472193	-1.15328313059337	-1.1583479394480918	negative	True	False	False
ENSMUSG00000043795	0.0742124838784543	0.160884334452489	-3.50216740031189	16.1245612884417	669	0.6510721247563352	1.1295230324098176	0.34490128071244014	False	cKO/CRE	PRR33	PRR33	0.333106062750738	-1.89233432689428	-2.225440389645018	negative	True	False	False
ENSMUSG00000102202	0.0747081918664017	0.161595153759521	-0.932216933240219	6.41950521492755	670	0.652046783625731	1.1266317745257661	0.3439369602460663	False	cKO/CRE	GM33280	GM33280	-0.27479395396616	-0.694396683184976	-0.41960272921881603	negative	True	False	False
ENSMUSG00000003974	0.0748904392904093	0.161844172939487	-0.427027180254043	36.4271125697582	671	0.6530214424951267	1.125573621932644	0.342966089007081	False	cKO/CRE	GRM3	GRM3	-0.498333653237328	-0.116805673285614	0.38152797995171395	positive	True	False	False
ENSMUSG00000120173	0.0785129874110679	0.168132460870509	-0.492406687771895	18.8505047899999	672	0.6539961013645225	1.10505849746585	0.3420647490705718	False	cKO/CRE	GM56774	GM56774	0.194288807357658	-1.02385009195281	-1.218138899310468	negative	True	False	False
ENSMUSG00000015202	0.0795491101338139	0.169944386756812	0.159868726611276	230.103563167009	673	0.6549707602339181	1.0993646741712126	0.3411104438329058	False	cKO/CRE	CNKSR3	CNKSR3	0.547056274341237	0.162312054317603	-0.38474422002363406	negative	True	False	False
ENSMUSG00000026814	0.08014310161764	0.170890217475341	0.269724024398313	1382.01769024362	674	0.6559454191033138	1.0961338539502334	0.3401473368241918	False	cKO/CRE	ENG	ENG	0.592896604326192	0.261737103207868	-0.33115950111832393	negative	True	False	False
ENSMUSG00000041771	0.0804014041846112	0.171304867714825	-0.330387620987193	93.3523438872207	675	0.6569200779727096	1.0947363663721588	0.33917767823040273	False	cKO/CRE	SLC24A4	SLC24A4	-0.649786197578863	-0.312623387838024	0.337162809740839	positive	True	False	False
ENSMUSG00000119993	0.0815001903478396	0.17315078581713	-0.422555440649875	30.538316724271	676	0.6578947368421053	1.0888413769419885	0.3382240918786716	False	cKO/CRE	GM32085	GM32085	-0.68919897172312	-0.364711180645885	0.32448779107723497	positive	True	False	False
ENSMUSG00000058620	0.0851087041995799	0.179393503961919	-0.549263444428569	24.7281612518545	677	0.6588693957115009	1.070026021671727	0.33731667765851187	False	cKO/CRE	ADRA2B	ADRA2B	-0.84559660366184	-0.503750910259241	0.34184569340259896	positive	True	False	False
ENSMUSG00000140766	0.0870503596900763	0.182589703059134	-0.736262032120624	9.87829680189261	678	0.6598440545808967	1.060229430048171	0.3363770340458674	False	cKO/CRE	GM7931	GM7931	0.179057986088575	-0.440528323536128	-0.619586309624703	negative	True	False	False
ENSMUSG00000076469	0.0872233342696352	0.182809616620971	0.77905313368952	7.49479544478372	679	0.6608187134502924	1.0593673156535792	0.33540546224610773	False	cKO/CRE	TRBV13-2	TRBV13-2	1.39165989451568	0.986843745512471	-0.40481614900320895	negative	True	False	False
ENSMUSG00000097705	0.0880059382510528	0.184000727622197	-0.682625545155945	20.9550077756175	680	0.6617933723196882	1.0554880225923953	0.3344446726155292	False	cKO/CRE	GM26740	GM26740	-0.043550294226533	-0.487190399137521	-0.443640104910988	negative	True	False	False
ENSMUSG00000049988	0.0893935420577848	0.186230762210055	0.431277111109359	80.745580132301	681	0.6627680311890838	1.048693854246279	0.33349429956346216	False	cKO/CRE	LRRC25	LRRC25	0.726092738020817	0.397255505050706	-0.32883723297011097	negative	True	False	False
ENSMUSG00000039099	0.091149256232252	0.189263874471031	-0.993631124020207	6.37385311100651	682	0.6637426900584795	1.0402468707890011	0.33254983300024527	False	cKO/CRE	WDR93	WDR93	1.11881590887417	0.551287506667747	-0.5675284022064231	negative	True	False	False
ENSMUSG00000115680	0.0917903080880861	0.19030043977389	-0.537885896018914	14.5888964524382	683	0.6647173489278753	1.0372031724596729	0.3315860572940108	False	cKO/CRE	GM35167	GM35167	-0.915455576772674	-0.486834975618094	0.42862060115457995	positive	True	False	False
ENSMUSG00000033967	0.092807188255071	0.191963683087623	0.558775114908457	12.3126886977684	684	0.665692007797271	1.0324183847874895	0.33062850353282114	False	cKO/CRE	RNF225	RNF225	0.790300342219381	0.41855214263753	-0.37174819958185096	negative	True	False	False
ENSMUSG00000070424	0.0937828384546733	0.193608618029238	-0.705227388991112	11.8134714875259	685	0.6666666666666666	1.0278766269336317	0.3296700812819243	False	cKO/CRE	ART5	ART5	-0.411158345861129	-1.29020235318988	-0.8790440073287511	negative	True	False	False
ENSMUSG00000121819	0.0943500363087122	0.194390247896143	-0.421041836311292	25.7348764992782	686	0.6676413255360624	1.0252579283695287	0.32870478679941667	False	cKO/CRE	6330549D23RIK	6330549D23RIK	0.219260823372393	-0.201665027746345	-0.42092585111873804	negative	True	False	False
ENSMUSG00000021876	0.0965524833539942	0.19806915210979	0.362004703596677	2765.89176579013	687	0.6686159844054581	1.0152365515783572	0.32776594647751967	False	cKO/CRE	RNASE4	RNASE4	0.640154792087497	0.31175696690682	-0.32839782518067706	negative	True	False	False
ENSMUSG00000044576	0.0967587747131267	0.19835964645134	0.539027773144996	20.751226044346	688	0.6695906432748538	1.0143096398832987	0.3267946062369528	False	cKO/CRE	GAREM2	GAREM2	0.984045557753823	0.54271291413083	-0.44133264362299296	negative	True	False	False
ENSMUSG00000005339	0.0977755786890265	0.200004819147955	0.701047924285431	16.1169497438783	689	0.6705653021442495	1.0097696049773943	0.32583617782894075	False	cKO/CRE	FCER1A	FCER1A	1.07194993487324	0.597948239108357	-0.47400169576488294	negative	True	False	False
ENSMUSG00000053615	0.0996517195485773	0.202875930560486	0.558136313318715	13.8177318480545	690	0.6715399610136452	1.0015152028940977	0.3248910230582344	False	cKO/CRE	GM9913	GM9913	0.222982341518852	-0.679152612894487	-0.902134954413339	negative	False	False	False
ENSMUSG00000120991	0.0998094876172303	0.203100811564268	-0.839013428885124	6.55818167566929	691	0.672514619883041	1.0008281739033564	0.32391882557446533	False	cKO/CRE	GM57126	GM57126	-0.839823638803268	-0.439345477269892	0.40047816153337606	positive	True	False	False
ENSMUSG00000042812	0.100373635414998	0.203881572465779	0.42971881923923	35.6914989061851	692	0.6734892787524367	0.9983803459300982	0.3229529204699755	False	cKO/CRE	FOXF1	FOXF1	1.09048138632198	0.359251525846534	-0.7312298604754459	negative	True	False	False
ENSMUSG00000115100	0.102951738523944	0.208174890436628	-0.359874676014461	44.4784443707155	693	0.6744639376218323	0.9873663151461881	0.3220176274896419	False	cKO/CRE	GM34934	GM34934	0.0779021363673168	-0.407831532214419	-0.4857336685817358	negative	True	False	False
ENSMUSG00000110056	0.104885866186081	0.211298661884975	-0.508252263859158	17.3748173719088	694	0.6754385964912281	0.9792830308812888	0.3210718612134625	False	cKO/CRE	1700014L14RIK	1700014L14RIK	-1.0049499625107	-0.445289573797329	0.5596603887133709	positive	True	False	False
ENSMUSG00000074796	0.105735644442632	0.212600350656195	0.0968076479644201	1313.83743535874	695	0.6764132553606238	0.9757785834097246	0.3201097320372319	False	cKO/CRE	SLC4A11	SLC4A11	-0.256664607127161	0.0909256984273089	0.3475903055544699	positive	True	False	False
ENSMUSG00000084856	0.106083594569441	0.213140250938564	-0.618237675310484	8.61863192612104	696	0.6773879142300195	0.9743517729209733	0.3191401782315972	False	cKO/CRE	GM11528	GM11528	-0.717982375585369	-0.269119132636091	0.44886324294927804	positive	True	False	False
ENSMUSG00000040732	0.106801320163521	0.214221373447032	-0.232868585842409	264.589642080553	697	0.6783625730994152	0.9714233789910873	0.3181759904743445	False	cKO/CRE	ERG	ERG	0.509141827842357	-0.250618381203432	-0.7597602090457889	negative	True	False	False
ENSMUSG00000074203	0.108496808834621	0.216853114142208	-0.541451393348721	12.2547367447393	698	0.6793372319688109	0.9645830353260161	0.3172257824340834	False	cKO/CRE	G430095P16RIK	G430095P16RIK	0.112654628317491	-0.572392053155248	-0.685046681472739	negative	True	False	False
ENSMUSG00000031737	0.108986324309053	0.217593079883642	-1.0468708679967	8.25260001049251	699	0.6803118908382066	0.9626279942587481	0.3162581163096548	False	cKO/CRE	IRX5	IRX5	1.50455918441263	-1.08803991064696	-2.5925990950595903	negative	True	False	False
ENSMUSG00000049420	0.109950022084091	0.219063223877585	-0.13208528655331	2902.53983952061	700	0.6812865497076024	0.9588046790726505	0.3152971266369222	False	cKO/CRE	TMEM200A	TMEM200A	-0.448587618244706	-0.118804473185582	0.329783145059124	positive	True	False	False
ENSMUSG00000075330	0.111125496754674	0.220892667222504	0.706444805534288	8.50918351541871	701	0.682261208576998	0.9541862846284198	0.31433897825402396	False	cKO/CRE	A930003A15RIK	A930003A15RIK	1.29912682653282	0.789039117179588	-0.510087709353232	negative	True	False	False
ENSMUSG00000089957	0.111848506731001	0.221877834348736	-0.656362752261598	10.141894372825	702	0.6832358674463938	0.951369809715008	0.31337439054373434	False	cKO/CRE	A830011K09RIK	A830011K09RIK	-0.57662882053899	-1.02673363247413	-0.45010481193514007	negative	False	False	False
ENSMUSG00000101227	0.112522152222983	0.222864044991562	0.416852905703568	17.5481477189334	703	0.6842105263157895	0.9487619696313813	0.31240905725743473	False	cKO/CRE	GM29506	GM29506	0.149491265580774	0.492778358651571	0.34328709307079697	positive	True	False	False
ENSMUSG00000027579	0.113127252215649	0.223814709314389	-0.377536733878266	47.6698565921882	704	0.6851851851851852	0.9464327614654872	0.3114427282540073	False	cKO/CRE	SRMS	SRMS	-0.681016293688254	-0.364353930595828	0.316662363092426	positive	True	False	False
ENSMUSG00000026674	0.117629084783703	0.231054769430354	-0.378661044872129	2225.68001254764	705	0.6861598440545809	0.9294852820070271	0.3105286390055389	False	cKO/CRE	DDR2	DDR2	0.565136766845077	-0.385994276029012	-0.9511310428740889	negative	True	False	False
ENSMUSG00000085926	0.118778339862023	0.23275456640482	-0.553247428430837	13.9803007257955	706	0.6871345029239766	0.9252627490522716	0.30956907597471156	False	cKO/CRE	GM12299	GM12299	-0.80496730141927	-0.354022498349085	0.450944803070185	positive	True	False	False
ENSMUSG00000052865	0.119411203221838	0.23370540557622	-0.64665780056645	8.77280240033117	707	0.6881091617933723	0.9229549255586189	0.3086026705511647	False	cKO/CRE	GM13619	GM13619	-0.730911717026602	-0.329779970349999	0.40113174667660295	positive	True	False	False
ENSMUSG00000030402	0.120044790935398	0.234752799692016	-0.362802817391572	39.3777975368262	708	0.6890838206627681	0.9206566803974141	0.307636230898554	False	cKO/CRE	PPM1N	PPM1N	-0.724647093928824	-0.315920575390859	0.408726518537965	positive	True	False	False
ENSMUSG00000059588	0.120328594268588	0.235179241060685	-0.127760069301213	544.605386386704	709	0.6900584795321637	0.9196311568876655	0.30666524305649806	False	cKO/CRE	CALCRL	CALCRL	0.245888444656966	-0.132332754798807	-0.378221199455773	negative	True	False	False
ENSMUSG00000107761	0.125140771762714	0.242137354124609	-0.15379190788222	305.839208003712	710	0.6910331384015594	0.9026011709882363	0.3057514486524864	False	cKO/CRE	2010008C14RIK	2010008C14RIK	-0.461087691046097	-0.0918875319115075	0.3692001591345895	positive	True	False	False
ENSMUSG00000041380	0.125485997849535	0.242542988460121	-0.521590270506903	12.7699357530506	711	0.6920077972709552	0.9014047315211223	0.3047810715945342	False	cKO/CRE	HTR2C	HTR2C	-1.07441441040419	-0.387323883803038	0.687090526601152	positive	True	False	False
ENSMUSG00000038210	0.127514954552577	0.24553606157388	-0.72987189307602	86.9155714904451	712	0.6929824561403509	0.8944388795530783	0.30383131206989183	False	cKO/CRE	HOXA11	HOXA11	1.58901901125201	-0.705021702759962	-2.294040714011972	negative	True	False	False
ENSMUSG00000074923	0.127577723852494	0.245577186608358	0.462896308269479	16.2746655363836	713	0.6939571150097466	0.8942251504777672	0.3028574232047611	False	cKO/CRE	PAK6	PAK6	0.928676855073969	0.35496478609841	-0.573712068975559	negative	True	False	False
ENSMUSG00000024306	0.127764063536594	0.245883395004172	-0.531137260460119	12.3099665499307	714	0.6949317738791423	0.8935912839120342	0.30188503574011133	False	cKO/CRE	CCDC178	CCDC178	-0.628588691430947	-0.146661167310853	0.481927524120094	positive	True	False	False
ENSMUSG00000035186	0.128550342268924	0.247064343015912	-1.55699246092257	7.61270546584917	715	0.695906432748538	0.8909267626982335	0.30091990500911336	False	cKO/CRE	UBD	UBD	-2.22765750036747	-1.15959202969134	1.06806547067613	positive	True	False	False
ENSMUSG00000028836	0.128724163730032	0.247306274938396	-0.457629335654255	13.7372510312835	716	0.6968810916179338	0.8903399209310032	0.29994734949696306	False	cKO/CRE	SLC30A2	SLC30A2	-0.0565929179174481	-0.647130268140763	-0.5905373502233149	negative	True	False	False
ENSMUSG00000067235	0.130348015205063	0.249647617272651	-0.693568625045602	13.5710576489804	717	0.6978557504873294	0.8848955773997681	0.29899215272010976	False	cKO/CRE	H2-Q10	H2-Q10	1.20097132008791	0.262348884148931	-0.938622435938979	negative	True	False	False
ENSMUSG00000092258	0.130952578598668	0.250492608465425	-0.783879727195659	6.0185966093806	718	0.6988304093567251	0.8828859454239592	0.2980246816813809	False	cKO/CRE	GM20444	GM20444	0.360757161330016	-0.416961577695022	-0.777718739025038	negative	True	False	False
ENSMUSG00000031209	0.135282422904931	0.256648032706783	-0.466905859531935	60.9117313211711	719	0.6998050682261209	0.8687586271369651	0.2971005143241132	False	cKO/CRE	HEPH	HEPH	0.19185606153221	-0.40941344039283	-0.60126950192504	negative	True	False	False
ENSMUSG00000085067	0.135396119953892	0.256818336213683	-0.486571688876202	14.2156684440893	720	0.7007797270955166	0.8683937810479108	0.296127165489716	False	cKO/CRE	GM15631	GM15631	-0.265454189690286	-0.733896652502439	-0.46844246281215296	negative	True	False	False
ENSMUSG00000085338	0.137063991794134	0.259317437674325	0.864257156622099	8.31238232752057	721	0.7017543859649122	0.8630766241243405	0.2951715141996657	False	cKO/CRE	2410004I01RIK	2410004I01RIK	1.30150884828268	0.82575446349406	-0.47575438478862	negative	True	False	False
ENSMUSG00000110260	0.138217871222955	0.260924394424037	-0.415202224385457	20.9636972502098	722	0.702729044834308	0.8594358001475688	0.29420987237758744	False	cKO/CRE	GM30504	GM30504	-1.17460467222613	-0.366332410578891	0.8082722616472391	positive	True	False	False
ENSMUSG00000061848	0.142291264939804	0.266852648251279	-0.4441647454331	105.558756347934	723	0.7037037037037037	0.8468217598235256	0.29328029718047427	False	cKO/CRE	GM5805	GM5805	-0.00399415012399687	-0.347209595203862	-0.3432154450798651	negative	True	False	False
ENSMUSG00000045620	0.143545500559697	0.268714372984603	-0.761443218864057	7.41269872805603	724	0.7046783625730995	0.8430104159345969	0.2923192647271953	False	cKO/CRE	CIMAP1C	CIMAP1C	-0.300812250894443	-0.939377483184119	-0.638565232289676	negative	True	False	False
ENSMUSG00000063628	0.144342002403302	0.269969976787425	0.765323650631451	6.36497499312729	725	0.7056530214424951	0.840607274189468	0.29135319993230435	False	cKO/CRE	GM7665	GM7665	0.792945532691822	0.448858388116025	-0.344087144575797	negative	True	False	False
ENSMUSG00000104694	0.144500830534563	0.270150548726711	0.68325896198488	5.67508349441479	726	0.7066276803118908	0.8401296567445187	0.2903802540968582	False	cKO/CRE	GM43797	GM43797	1.55218310906618	0.988770680571747	-0.563412428494433	negative	True	False	False
ENSMUSG00000021732	0.145586805203138	0.271682722810619	-0.46577316110005	16.958882309216	727	0.7076023391812866	0.8368779841379451	0.28941722160608774	False	cKO/CRE	FGF10	FGF10	0.619025754741658	-0.318989048233118	-0.938014802974776	negative	True	False	False
ENSMUSG00000086179	0.147671477128234	0.274737036577802	-0.337867319129085	36.4989145455782	728	0.7085769980506823	0.8307033809375445	0.28846463448022586	False	cKO/CRE	GM14317	GM14317	-0.841217872136492	-0.311209337844398	0.5300085342920939	positive	True	False	False
ENSMUSG00000027684	0.151258545325161	0.279713640071494	-0.175192926240757	121.800946728698	729	0.7095516569200779	0.8202800805913277	0.2875272304696142	False	cKO/CRE	MECOM	MECOM	0.387976472842982	-0.189542577417021	-0.5775190502600029	negative	True	False	False
ENSMUSG00000017688	0.15408624867334	0.283776537965332	-0.409560233790487	16.2619983095829	730	0.7105263157894737	0.8122361178796895	0.28658132367419925	False	cKO/CRE	HNF4G	HNF4G	-1.16005693210594	-0.488462179124143	0.6715947529817969	positive	True	False	False
ENSMUSG00000114851	0.156228284713256	0.286632167491859	-0.338206187016073	38.87487257375	731	0.7115009746588694	0.8062403354853572	0.2856280975155198	False	cKO/CRE	GM46409	GM46409	-0.641247619680696	-0.278472999921851	0.362774619758845	positive	True	False	False
ENSMUSG00000066878	0.157175214071267	0.287926535693277	0.637388364781251	7.66615911079071	732	0.7124756335282652	0.8036159394720859	0.28466282339337795	False	cKO/CRE	KPNA2RT	KPNA2RT	0.291168696926448	0.794904710196064	0.503736013269616	positive	True	False	False
ENSMUSG00000025358	0.157433811009104	0.288252660109299	-0.175851919742627	96.8918896889355	733	0.7134502923976608	0.8029019914319528	0.283690722107341	False	cKO/CRE	CDK2	CDK2	0.320919389855939	-0.187800322745262	-0.508719712601201	negative	True	False	False
ENSMUSG00000031378	0.161756885335552	0.294385188691221	-0.112200635803399	560.272088576421	734	0.7144249512670565	0.791137224108451	0.2827581119540039	False	cKO/CRE	ABCD1	ABCD1	0.215952198663714	-0.121644226665803	-0.337596425329517	negative	True	False	False
ENSMUSG00000035683	0.16309599860226	0.296194475972599	-0.366609572373975	37.3172028018622	735	0.7153996101364523	0.7875566938111994	0.2817962546668421	False	cKO/CRE	MELK	MELK	-0.802550569642472	-0.434132205325543	0.368418364316929	positive	True	False	False
ENSMUSG00000034845	0.163230876999925	0.296364205842882	0.253676567664375	1009.21950111705	736	0.716374269005848	0.7871976860092129	0.2808228849687818	False	cKO/CRE	PLVAP	PLVAP	0.790018564494975	0.215879671731165	-0.57413889276381	negative	True	False	False
ENSMUSG00000028125	0.164650542331429	0.29823546887912	-0.769419489291995	39.4023670706413	737	0.7173489278752436	0.7834368344561179	0.27986167207643486	False	cKO/CRE	ABCA4	ABCA4	-0.073262470907853	-0.73335889939051	-0.660096428482657	negative	True	False	False
ENSMUSG00000024206	0.16843157931814	0.303649305588578	-0.201219995996256	65.2489971917027	738	0.7183235867446394	0.7735764791199795	0.27892225632936035	False	cKO/CRE	RFX2	RFX2	0.547591361601644	-0.177460052620263	-0.725051414221907	negative	True	False	False
ENSMUSG00000057173	0.169010673233426	0.304429099658612	-0.433442524660375	14.2913508456184	739	0.7192982456140351	0.7720858682856484	0.27795293052020714	False	cKO/CRE	RFX8	RFX8	-0.873589871311954	-0.293177408941742	0.580412462370212	positive	True	False	False
ENSMUSG00000097746	0.170635744428896	0.306618691604779	0.634065341775931	6.14976575492312	740	0.7202729044834308	0.767929988513233	0.27699312929802034	False	cKO/CRE	GM6225	GM6225	0.670397558192681	0.325850902713333	-0.344546655479348	negative	True	False	False
ENSMUSG00000022129	0.17320568058888	0.310249761308486	1.14603641137238	7.61566379876444	741	0.7212475633528265	0.7614378686238196	0.27604167684764086	False	cKO/CRE	DCT	DCT	2.25451886022294	1.02913513421707	-1.22538372600587	negative	True	False	False
ENSMUSG00000115699	0.173867807532466	0.310916890744078	0.377716521122259	30.7530679502098	742	0.7222222222222222	0.7597808222828251	0.2750729458112833	False	cKO/CRE	GM6961	GM6961	0.146799542581711	0.475895478314266	0.329095935732555	positive	True	False	False
ENSMUSG00000098557	0.176357517240989	0.314270635098824	-0.316141747376611	2058.52787205043	743	0.723196881091618	0.7536060237951827	0.2741203593832986	False	cKO/CRE	KCTD12	KCTD12	0.725096206069693	-0.309714454356299	-1.0348106604259921	negative	True	False	False
ENSMUSG00000111334	0.17646243962422	0.314404276973232	-0.273072735276267	36.7045991209489	744	0.7241715399610137	0.7533477208702943	0.2731466298069738	False	cKO/CRE	GM30015	GM30015	-0.0151265880384275	0.304687741550009	0.3198143295884365	positive	False	False	False
ENSMUSG00000032443	0.176579709939939	0.31453489781518	-0.300986919894485	29.0936965524649	745	0.7251461988304093	0.7530592009134346	0.27217300821402923	False	cKO/CRE	ZCWPW2	ZCWPW2	-0.352888611140172	-0.0462333151175151	0.3066552960226569	positive	False	False	False
ENSMUSG00000025355	0.176777437339114	0.314756508785786	0.239565741985767	163.435591948747	746	0.7261208576998051	0.7525731661579095	0.271200092458627	False	cKO/CRE	MMP19	MMP19	0.539083692697781	0.10571506288588	-0.433368629811901	negative	True	False	False
ENSMUSG00000091119	0.177241010036944	0.315294233981358	-0.40718344008607	29.5985001172972	747	0.7270955165692008	0.7514357837350915	0.2702295043548225	False	cKO/CRE	CCDC152	CCDC152	0.106680484818515	-0.280099416160648	-0.386779900979163	negative	True	False	False
ENSMUSG00000078868	0.179679604520474	0.31886593837934	-0.231071231809929	93.7911870199543	748	0.7280701754385965	0.7455012169751201	0.2692760594363682	False	cKO/CRE	GM14412	GM14412	-0.556716610730981	-0.235399226746044	0.32131738398493703	positive	True	False	False
ENSMUSG00000102985	0.181019729228584	0.32058159455662	-0.471228666285434	10.5123745331747	749	0.7290448343079922	0.7422740890636184	0.26831293923284233	False	cKO/CRE	4930456G14RIK	4930456G14RIK	-0.792177256688452	-0.383809850839566	0.408367405848886	positive	True	False	False
ENSMUSG00000038167	0.182126097164524	0.321906838767772	-0.469621732462817	13.7853984689404	750	0.7300194931773879	0.7396278189360879	0.2673477432798864	False	cKO/CRE	PLEKHG6	PLEKHG6	0.804894499239583	0.414504479008036	-0.390390020231547	negative	True	False	False
ENSMUSG00000100862	0.1821942720806	0.32194453774137	-0.185675615591415	206.684085619563	751	0.7309941520467836	0.7394652807268576	0.2663736714794246	False	cKO/CRE	ATP6-PS	ATP6-PS	0.0173444681552138	-0.306575500408246	-0.3239199685634598	negative	True	False	False
ENSMUSG00000084887	0.183417793665641	0.323440923258577	-0.272273089336204	30.9520337879111	752	0.7319688109161794	0.7365585349912402	0.2654094063603318	False	cKO/CRE	GM11749	GM11749	-0.793219561441259	-0.298475487283025	0.49474407415823407	positive	True	False	False
ENSMUSG00000031394	0.183802496407321	0.32393303677172	0.426395784856744	12.8919561932216	753	0.732943469785575	0.7356485943179085	0.264438005472237	False	cKO/CRE	OPN1MW	OPN1MW	0.0808344714821937	0.430305569417855	0.34947109793566133	positive	False	False	False
ENSMUSG00000118196	0.184142018220707	0.3244514949623	-0.515025806361599	9.40034685339913	754	0.7339181286549707	0.7348471012338821	0.26346621703657386	False	cKO/CRE	GM29946	GM29946	0.187220725287515	0.511355070491622	0.324134345204107	positive	True	False	False
ENSMUSG00000029193	0.184317606325061	0.324680923795647	0.137326312051098	1883.8133754957	755	0.7348927875243665	0.7344331782664721	0.26249304358297565	False	cKO/CRE	CCKAR	CCKAR	-0.239589596286801	0.133181205248044	0.372770801534845	positive	True	False	False
ENSMUSG00000071547	0.184540137803927	0.324987482485786	-0.09706820872122	290.058023437387	756	0.7358674463937622	0.7339091594186388	0.26152026356726754	False	cKO/CRE	NT5DC2	NT5DC2	0.238421296446525	-0.084510338217728	-0.322931634664253	negative	True	False	False
ENSMUSG00000029503	0.186265080792016	0.327225323208234	-0.114511650421242	220.700754267413	757	0.7368421052631579	0.7298685548770621	0.2605600503982992	False	cKO/CRE	P2RX2	P2RX2	-0.440908734881402	-0.105784368792514	0.33512436608888796	positive	True	False	False
ENSMUSG00000073489	0.18685560217574	0.328074532845495	0.373044786085221	167.621387057497	758	0.7378167641325536	0.7284938769016437	0.2595903102922692	False	cKO/CRE	IFI204	IFI204	0.952173812487753	0.372554103339355	-0.579619709148398	negative	True	False	False
ENSMUSG00000055385	0.191234842665871	0.33379794541109	-0.764873784165951	5.39889308935223	759	0.7387914230019493	0.7184329771282846	0.25865161120943275	False	cKO/CRE	RNF212	RNF212	-1.24275518494871	-0.533840556714889	0.708914628233821	positive	True	False	False
ENSMUSG00000102207	0.191923792231808	0.33475076575373	-0.240794087516723	62.5727875655513	760	0.7397660818713451	0.7168711837090609	0.25768253977788125	False	cKO/CRE	GM10344	GM10344	-0.729266192578763	-0.300630559110375	0.428635633468388	positive	True	False	False
ENSMUSG00000028583	0.194654271663521	0.338308525263472	0.151190435416217	1574.70597822184	761	0.7407407407407407	0.7107360613034358	0.2567298115637195	False	cKO/CRE	PDPN	PDPN	0.493337545896441	0.130962990194652	-0.362374555701789	negative	True	False	False
ENSMUSG00000020534	0.196779222492352	0.341117886620433	-0.353466088758939	17.688467885916	762	0.7417153996101364	0.7060207597323792	0.25577200948747103	False	cKO/CRE	SHMT1	SHMT1	0.269055534722826	-0.102741495559885	-0.371797030282711	negative	True	False	False
ENSMUSG00000114771	0.202562768738238	0.348773419147253	-0.237159700010161	39.3916831778662	763	0.7426900584795322	0.6934403754486754	0.2548423140173607	False	cKO/CRE	GM49064	GM49064	-0.621734505368055	-0.153151104138563	0.46858340122949194	positive	True	False	False
ENSMUSG00000022220	0.205067504603699	0.351752851946019	0.275257427311486	112.136578983431	764	0.7436647173489279	0.6881031533293154	0.25388673443215776	False	cKO/CRE	ADCY4	ADCY4	0.719518667326754	0.288103574600522	-0.43141509272623196	negative	True	False	False
ENSMUSG00000069053	0.205763233634726	0.352478938089779	-0.390665057166923	20.4116093012443	765	0.7446393762183235	0.6866322236261916	0.25291733829064783	False	cKO/CRE	UBA1Y	UBA1Y	-0.677194600697548	-0.359799169247836	0.317395431449712	positive	True	False	False
ENSMUSG00000026712	0.207274312515133	0.354247642710974	0.326785950487253	915.492373751693	766	0.7456140350877193	0.6834545166431386	0.25195404147682776	False	cKO/CRE	MRC1	MRC1	0.80109582889966	0.33913488285909	-0.46196094604057003	negative	True	False	False
ENSMUSG00000085025	0.20944921414726	0.356715077029917	-0.435284250598226	11.9224279118598	767	0.746588693957115	0.6789212647711257	0.2509955888290118	False	cKO/CRE	GM13715	GM13715	0.858711860114273	-0.388705310386029	-1.247417170500302	negative	True	False	False
ENSMUSG00000113031	0.212051066524702	0.35988995841392	-0.358596549410085	16.7534564642041	768	0.7475633528265108	0.6735595388862896	0.25004009681029865	False	cKO/CRE	GM34552	GM34552	-0.901628870086641	-0.261204378158933	0.640424491927708	positive	True	False	False
ENSMUSG00000072941	0.212941145212469	0.361032353340257	-0.127685854684272	1505.66238655463	769	0.7485380116959064	0.6717404145961868	0.24907194497459872	False	cKO/CRE	SOD3	SOD3	0.314901362659186	-0.118613188836727	-0.433514551495913	negative	True	False	False
ENSMUSG00000034435	0.212984071029409	0.361045255367394	0.209912237056808	183.601287960127	770	0.7495126705653021	0.6716528760106303	0.2480976051559913	False	cKO/CRE	TMEM30B	TMEM30B	0.708114422732431	0.233714015634976	-0.47440040709745496	negative	True	False	False
ENSMUSG00000027435	0.213044657376931	0.361090928958011	0.145234549763974	683.501558140902	771	0.7504873294346979	0.6715293523380212	0.24712339393344643	False	cKO/CRE	CD93	CD93	0.461896956641715	0.152685812085526	-0.309211144556189	negative	True	False	False
ENSMUSG00000030560	0.214031110030578	0.362248033423984	0.21326431536067	1526.38057872508	772	0.7514619883040936	0.669523096124457	0.24615591083111651	False	cKO/CRE	CTSC	CTSC	0.49705168402332	0.191491814600851	-0.30555986942246904	negative	True	False	False
ENSMUSG00000018800	0.216027172964276	0.364562837645531	0.116480116630919	5801.56304214391	773	0.7524366471734892	0.6654916177091961	0.24519566504908527	False	cKO/CRE	ABCA5	ABCA5	-0.237351813816332	0.0972517720945584	0.3346035859108904	positive	True	False	False
ENSMUSG00000080893	0.218122740268047	0.367147235083285	0.355403981872743	22.3679639208866	774	0.753411306042885	0.6612990549251749	0.24423599491705952	False	cKO/CRE	NDUFA12-PS	NDUFA12-PS	0.04728093876263	-0.588104447818609	-0.635385386581239	negative	False	False	False
ENSMUSG00000074207	0.220023224016142	0.369187721936255	0.300927032049989	353.576524456043	775	0.7543859649122807	0.6575314758608187	0.24327480606610094	False	cKO/CRE	ADH1	ADH1	1.07513043722351	0.266495982750211	-0.808634454473299	negative	True	False	False
ENSMUSG00000029602	0.221033040583166	0.3707082779247	0.47230725534516	10.9110160656088	776	0.7553606237816765	0.6555428020144087	0.24230726013154336	False	cKO/CRE	RASAL1	RASAL1	0.930343082888875	0.461434169374169	-0.46890891351470604	negative	True	False	False
ENSMUSG00000081892	0.222164120595773	0.372285324957757	0.562143858416532	7.02195277814426	777	0.7563352826510721	0.6533260780930059	0.2413405291551841	False	cKO/CRE	GM8864	GM8864	-0.426481666877534	1.02157436052476	1.448056027402294	positive	False	False	False
ENSMUSG00000115771	0.222887505958198	0.373089769408818	-0.527158098635703	7.71074267410879	778	0.7573099415204678	0.6519142753757033	0.24037092171787944	False	cKO/CRE	GM49312	GM49312	-0.700851728467952	-0.334819034062246	0.36603269440570596	positive	False	False	False
ENSMUSG00000032369	0.223828901676156	0.374185714579208	0.175748078430662	197.38578168089	779	0.7582846003898636	0.6500838363596535	0.23940281031640728	False	cKO/CRE	PLSCR1	PLSCR1	0.572254856741873	0.18214305720551	-0.39011179953636305	negative	True	False	False
ENSMUSG00000091455	0.224374479141631	0.374848048039089	0.29780942219578	23.0975594714859	780	0.7592592592592593	0.6490265422388449	0.23843193600959095	False	cKO/CRE	OTOGL	OTOGL	0.535102920298661	0.187723445221681	-0.34737947507698	negative	True	False	False
ENSMUSG00000116290	0.225316108451766	0.376099190048648	0.61890031177946	6.45385692626285	781	0.7602339181286549	0.6472077582911121	0.23746378295764597	False	cKO/CRE	GM49518	GM49518	1.33049389412707	0.596064133298066	-0.7344297608290041	negative	True	False	False
ENSMUSG00000032204	0.22538388028436	0.376153815439595	0.448656336553525	21.3540828536638	782	0.7612085769980507	0.6470771484225456	0.2364895970582828	False	cKO/CRE	AQP9	AQP9	1.05461854630206	0.317633722682208	-0.7369848236198521	negative	True	False	False
ENSMUSG00000030562	0.228490364813906	0.379920539976398	0.211411782780632	183.879572004111	783	0.7621832358674464	0.6411321089262078	0.23553618956512798	False	cKO/CRE	NOX4	NOX4	0.540565261486053	0.19901524075627	-0.341550020729783	negative	True	False	False
ENSMUSG00000074346	0.229373427360851	0.380946227599847	-0.274499825551578	27.9578407051961	784	0.7631578947368421	0.6394568960206019	0.23456752344868229	False	cKO/CRE	KCND3OS	KCND3OS	-0.374011638981281	-0.0343293616155501	0.33968227736573087	positive	False	False	False
ENSMUSG00000035818	0.237383564400301	0.390234001640134	0.552892040112479	7.99634575548759	785	0.7641325536062378	0.624549353356792	0.23364614429594596	False	cKO/CRE	PLEKHS1	PLEKHS1	-0.80705611266256	0.344500174668037	1.1515562873305971	positive	True	False	False
ENSMUSG00000064140	0.240385044264476	0.393931243620219	0.353023315916484	18.0309085210945	786	0.7651072124756335	0.6190925557851814	0.2326909920247666	False	cKO/CRE	TRIM38	TRIM38	1.23484819503801	0.457427860624277	-0.7774203344137329	negative	True	False	False
ENSMUSG00000018774	0.240434911759435	0.393966783399657	0.279988423141549	204.374214908542	787	0.7660818713450293	0.6190024714295163	0.23171666130370586	False	cKO/CRE	CD68	CD68	0.597188461619072	0.27422608659387	-0.32296237502520203	negative	True	False	False
ENSMUSG00000031494	0.241105590892287	0.394870879232	0.353839600596076	52.5934206977853	788	0.767056530214425	0.6177927188406428	0.23074633182143517	False	cKO/CRE	CD209A	CD209A	0.868035940265836	0.31521113348613	-0.5528248067797059	negative	True	False	False
ENSMUSG00000031250	0.243278791745421	0.39748991807027	-0.539407554761912	32.3190506151592	789	0.7680311890838206	0.6138957498007849	0.22978560535761397	False	cKO/CRE	TNMD	TNMD	1.18057533818375	-0.540765795631525	-1.721341133815275	negative	True	False	False
ENSMUSG00000026077	0.245735987876931	0.400772581352849	0.130188254920633	207.072854424581	790	0.7690058479532164	0.6095312367154521	0.22882654970601657	False	cKO/CRE	NPAS2	NPAS2	-0.320842120786101	0.11690520237144	0.43774732315754106	positive	True	False	False
ENSMUSG00000075707	0.247466496205154	0.402890846229795	0.44768625749801	12.6292288159645	791	0.7699805068226121	0.6064835906623582	0.22786278810734092	False	cKO/CRE	DIO3	DIO3	1.60410529640395	0.491165122462574	-1.112940173941376	negative	True	False	False
ENSMUSG00000042861	0.265569586767525	0.423561687313448	-0.434553227462129	12.2616014826717	792	0.7709551656920078	0.5758216621930417	0.22699770872066696	False	cKO/CRE	KCNA10	KCNA10	-0.960574688534408	-0.5384864669433	0.4220882215911079	positive	True	False	False
ENSMUSG00000024913	0.267149315619389	0.425102091110883	-0.157971931613582	868.946315258469	793	0.7719298245614035	0.5732459340511804	0.2260322606793506	False	cKO/CRE	LRP5	LRP5	0.386574654896427	-0.144837569047145	-0.531412223943572	negative	True	False	False
ENSMUSG00000037034	0.271906466599789	0.430724242641213	-0.489373217507296	38.8666070990756	794	0.7729044834307992	0.5655804637063234	0.22508500130618567	False	cKO/CRE	PAX1	PAX1	1.08019833756571	-0.518054027381603	-1.598252364947313	negative	True	False	False
ENSMUSG00000119895	0.272027012704976	0.430851608848595	-0.713283412910518	12.1636331317508	795	0.7738791423001949	0.5653879677076523	0.22411103656267642	False	cKO/CRE	GM22513	GM22513	-0.654650995492644	-1.29575764877762	-0.6411066532849758	negative	True	False	False
ENSMUSG00000113853	0.273025921737891	0.432146765670665	-0.162595631854826	91.3482418483017	796	0.7748538011695907	0.5637961180387479	0.22314207253993457	False	cKO/CRE	GM47583	GM47583	-0.686981905473345	-0.123136167926524	0.563845737546821	positive	True	False	False
ENSMUSG00000112441	0.273619020161169	0.432670783556513	-0.256655538590011	50.9582663204319	797	0.7758284600389863	0.5628537166597729	0.22217078765319692	False	cKO/CRE	GM48898	GM48898	-0.698150033439968	-0.271838775626112	0.426311257813856	positive	True	False	False
ENSMUSG00000046768	0.277053395520706	0.43671895588512	-0.157728783622759	897.824752567298	798	0.776803118908382	0.5574365228299419	0.22121549385435502	False	cKO/CRE	RHOJ	RHOJ	0.374351434251759	-0.172053599973937	-0.546405034225696	negative	True	False	False
ENSMUSG00000103082	0.279840438041377	0.439948355280226	-0.394909643836451	16.3279251319995	799	0.7777777777777778	0.5530895280526343	0.22025637559945108	False	cKO/CRE	GM38124	GM38124	-1.04086995831311	-0.414683480266262	0.626186478046848	positive	True	False	False
ENSMUSG00000106498	0.280053152774748	0.440186056781338	-0.114419782989973	132.78057529494	800	0.7787524366471735	0.5527595337791417	0.21928290221884245	False	cKO/CRE	GM43032	GM43032	-0.41943860370278	-0.101865681863735	0.317572921839045	positive	True	False	False
ENSMUSG00000016756	0.282232948595672	0.442834038049463	0.254465014199302	91.7114189955582	801	0.7797270955165692	0.5493922869743119	0.2183202827432416	False	cKO/CRE	CMAH	CMAH	0.605305834541259	0.241863376817934	-0.36344245772332495	negative	True	False	False
ENSMUSG00000064357	0.285291087601032	0.44603484970457	-0.143341393591612	103.40891494526	802	0.7807017543859649	0.5447117953466036	0.21736235627041614	False	cKO/CRE	MT-ATP6	MT-ATP6	0.0709294682670532	-0.292571098383891	-0.3635005666509442	negative	True	False	False
ENSMUSG00000003477	0.285639910038225	0.446352646784636	0.256279904679025	412.120629899843	803	0.7816764132553606	0.5441811123775119	0.2163896000695665	False	cKO/CRE	INMT	INMT	0.966023848514489	0.215506780763618	-0.750517067750871	negative	True	False	False
ENSMUSG00000119957	0.285988992979514	0.446638030068989	0.250565331282595	24.2003488037021	804	0.7826510721247564	0.543650681487212	0.21541684296788982	False	cKO/CRE	GM57374	GM57374	0.107045211600655	0.409054941908532	0.302009730307877	positive	True	False	False
ENSMUSG00000021359	0.292185143912396	0.45334631725504	0.138270090547905	128.590627148321	805	0.783625730994152	0.5343418694451493	0.21447545622944744	False	cKO/CRE	TFAP2A	TFAP2A	0.424991442714682	0.0766121219429717	-0.3483793207717103	negative	True	False	False
ENSMUSG00000026556	0.292799773387746	0.454103022580836	-0.139174899940006	158.711760561953	806	0.7846003898635477	0.5334292637355362	0.21350406486510806	False	cKO/CRE	VANGL2	VANGL2	0.31902872773047	-0.137808299545949	-0.45683702727641895	negative	True	False	False
ENSMUSG00000074569	0.296565053450595	0.458551137172836	-0.17063985729535	64.4673563829968	807	0.7855750487329435	0.5278800265637058	0.2125492429354559	False	cKO/CRE	GCNT7	GCNT7	-0.504990961714771	-0.169880519137764	0.33511044257700695	positive	True	False	False
ENSMUSG00000023073	0.30121526523022	0.463803664258797	-0.251509053666963	27.7321595441822	808	0.7865497076023392	0.5211230223874842	0.21159873707376375	False	cKO/CRE	SLC10A2	SLC10A2	-0.97434925386892	-0.2485954176721	0.72575383619682	positive	True	False	False
ENSMUSG00000058587	0.302625580847457	0.465474399431894	-0.111364568767849	2544.34622636816	809	0.7875243664717348	0.5190943639819222	0.21063133402775508	False	cKO/CRE	TMOD3	TMOD3	0.279919656283055	-0.109996264363517	-0.389915920646572	negative	True	False	False
ENSMUSG00000087694	0.303688312357088	0.466737962918833	-0.308085906947692	20.1809626279137	810	0.7884990253411306	0.5175719218667073	0.20966212197065098	False	cKO/CRE	GJD2OS	GJD2OS	-0.197975024800881	-1.14522082902522	-0.9472458042243389	negative	True	False	False
ENSMUSG00000024905	0.303908009209193	0.466829819856035	0.42608135716421	7.62036979628128	811	0.7894736842105263	0.5172578543474275	0.20868859167430173	False	cKO/CRE	TESMIN	TESMIN	1.24779036836901	0.44881341030341	-0.7989769580655999	negative	True	False	False
ENSMUSG00000069170	0.306481446177318	0.469501550170943	-0.296145553630972	25.0655349382311	812	0.7904483430799221	0.5135958117384111	0.20772702567898352	False	cKO/CRE	ADGRV1	ADGRV1	0.00320239900639468	-0.4168915185159	-0.4200939175222947	negative	True	False	False
ENSMUSG00000048779	0.310070037439936	0.473436430708383	0.249200114987871	117.158665010784	813	0.7914230019493177	0.5085401983005392	0.20677043973890993	False	cKO/CRE	P2RY6	P2RY6	0.597292461746406	0.204664777074624	-0.39262768467178205	negative	True	False	False
ENSMUSG00000043621	0.311406961518922	0.474823793933206	0.499497201562762	14.415528055619	814	0.7923976608187134	0.5066716829835065	0.2058024644066483	False	cKO/CRE	UBXN10	UBXN10	1.16906151160691	0.277816358000517	-0.891245153606393	negative	True	False	False
ENSMUSG00000028457	0.315788806518302	0.479739739612305	-0.193582696159055	50.9632373816046	815	0.7933723196881092	0.5006032681006511	0.20484949780693631	False	cKO/CRE	ATP8B5	ATP8B5	-0.524699234163252	-0.0926330662390825	0.4320661679241695	positive	True	False	False
ENSMUSG00000015053	0.317667041791164	0.481805315524035	0.210346074280537	113.161239556701	816	0.7943469785575049	0.49802784123431704	0.2038840486889837	False	cKO/CRE	GATA2	GATA2	0.548372609651825	0.177474779844789	-0.370897829807036	negative	True	False	False
ENSMUSG00000112276	0.317707100640218	0.481805315524035	0.210568599621405	37.3874710598035	817	0.7953216374269005	0.4979730787378389	0.20290959174196713	False	cKO/CRE	5033421B08RIK	5033421B08RIK	-0.0646214724285587	0.240519755451545	0.30514122788010367	positive	True	False	False
ENSMUSG00000056316	0.318439200120321	0.482368036583126	0.279035727380878	20.060036882159	818	0.7962962962962963	0.4969734756452857	0.20193851127088427	False	cKO/CRE	GM9996	GM9996	0.0828670923377377	0.473491171023852	0.3906240786861143	positive	True	False	False
ENSMUSG00000102418	0.319824249514155	0.483577329018162	0.333106919501193	13.5195081771981	819	0.797270955165692	0.4950886105368682	0.20097059436612597	False	cKO/CRE	SH2D1B1	SH2D1B1	0.779514029353585	0.398155512599777	-0.38135851675380805	negative	True	False	False
ENSMUSG00000043410	0.324297681362658	0.488072216793859	-0.106185057508612	159.46695686732	820	0.7982456140350878	0.4890561563995	0.20001749925733833	False	cKO/CRE	HFM1	HFM1	-0.427060608620672	-0.124053209566438	0.303007399054234	positive	True	False	False
ENSMUSG00000078897	0.324433977650365	0.488132703922401	-0.413630319244689	12.9848217618465	821	0.7992202729044834	0.4888736688464306	0.1990434987477161	False	cKO/CRE	GM4724	GM4724	-0.148263883321512	-1.60101143860591	-1.452747555284398	negative	True	False	False
ENSMUSG00000047636	0.324464963365353	0.488132703922401	-0.554422795126781	5.76445243399685	822	0.8001949317738791	0.48883219266517414	0.1980689943208136	False	cKO/CRE	CDCP2	CDCP2	-0.896572140329472	-0.504367882093688	0.392204258235784	positive	True	False	False
ENSMUSG00000031103	0.325251581929645	0.488993588576954	0.206358744101822	212.582543565941	823	0.8011695906432749	0.4877805824784597	0.19709809970192912	False	cKO/CRE	ELF4	ELF4	0.660837442136374	0.195889343466757	-0.46494809866961695	negative	True	False	False
ENSMUSG00000028266	0.326594640717266	0.490434412595675	-0.108215434080289	2240.25730251524	824	0.8021442495126706	0.4859909461333829	0.1961298424883092	False	cKO/CRE	LMO4	LMO4	0.29920313508607	-0.121731193436452	-0.420934328522522	negative	True	False	False
ENSMUSG00000107704	0.33102627359211	0.495040406083896	-0.299026251890812	17.0210789836911	825	0.8031189083820662	0.48013753485498883	0.19517610755317746	False	cKO/CRE	GM36355	GM36355	-0.123032232091028	-0.548861110375115	-0.425828878284087	negative	True	False	False
ENSMUSG00000095130	0.331746154716165	0.495771578748065	1.26021898702082	5.11895839631514	826	0.804093567251462	0.4791941023602241	0.19420482635122802	False	cKO/CRE	IGHV1-39	IGHV1-39	-4.90898945773134	1.03264972050344	5.94163917823478	positive	True	False	False
ENSMUSG00000059852	0.332723265833443	0.496782195477546	-0.0940526449618732	772.756711449044	827	0.8050682261208577	0.4779168298200815	0.19323473815779632	False	cKO/CRE	KCNG2	KCNG2	-0.47502014853154	-0.100103022937047	0.37491712559449303	positive	True	False	False
ENSMUSG00000111398	0.34396236298332	0.508085334695839	-0.212408654440424	74.2407644525475	828	0.8060428849902534	0.4634890761578517	0.19231164443434412	False	cKO/CRE	D330037F02RIK	D330037F02RIK	-0.689382643558795	-0.245042491360808	0.44434015219798695	positive	True	False	False
ENSMUSG00000024909	0.3454117882004	0.509700243727902	0.102584343247401	857.020606040201	829	0.8070175438596491	0.4616628449300412	0.19134351799594862	False	cKO/CRE	EFEMP2	EFEMP2	0.419597162225331	0.0992978391570752	-0.3202993230682558	negative	True	False	False
ENSMUSG00000115149	0.349881313009853	0.514076495982544	0.161304614563653	54.6804175384259	830	0.8079922027290448	0.4560792523539812	0.19038881883853548	False	cKO/CRE	9330188P03RIK	9330188P03RIK	-0.322101607611981	0.101019025365239	0.42312063297721997	positive	True	False	False
ENSMUSG00000026433	0.350015862019676	0.514126214186011	-0.113241408307564	236.053868184159	831	0.8089668615984406	0.4559122738453766	0.18941476290589726	False	cKO/CRE	RAB29	RAB29	0.304088390724986	-0.128529815938297	-0.432618206663283	negative	True	False	False
ENSMUSG00000097293	0.351606434339594	0.515803240241287	0.344796465979652	10.4255879886398	832	0.8099415204678363	0.4539431860083576	0.18844714697890952	False	cKO/CRE	D630002J18RIK	D630002J18RIK	0.774074748515165	0.101911496990922	-0.672163251524243	negative	True	False	False
ENSMUSG00000045871	0.352413694019147	0.516799587089426	-0.267138040864554	26.3121871935295	833	0.8109161793372319	0.4529472242060712	0.18747605349533666	False	cKO/CRE	SLITRK6	SLITRK6	-0.883949893547079	-0.144001916654591	0.7399479768924879	positive	True	False	False
ENSMUSG00000026344	0.354026499497391	0.518633238122636	-0.181039624995618	684.464951481338	834	0.8118908382066277	0.4509642290624591	0.1865084872674053	False	cKO/CRE	LYPD1	LYPD1	-0.617311453854943	-0.176203647911712	0.441107805943231	positive	True	False	False
ENSMUSG00000097250	0.3550041694802	0.519710802841299	-0.273660030530463	19.8469426363927	835	0.8128654970760234	0.44976654617980866	0.18553811465291445	False	cKO/CRE	GM26771	GM26771	0.976901646316205	-0.130534715536556	-1.107436361852761	negative	True	False	False
ENSMUSG00000119990	0.355271335306824	0.519960079341125	-0.395919777741448	7.8554016891253	836	0.8138401559454191	0.4494398316895975	0.1845646295516946	False	cKO/CRE	GM53610	GM53610	0.443181627078752	-0.144618113787604	-0.587799740866356	negative	True	False	False
ENSMUSG00000025094	0.360660139854915	0.525391877369432	0.206475600514916	32.5114338837888	837	0.8148148148148148	0.4429018532392494	0.18361334098115686	False	cKO/CRE	SLC18A2	SLC18A2	-0.00759141383303637	0.296085668090447	0.30367708192348336	positive	False	False	False
ENSMUSG00000100001	0.36190312297561	0.526649883926137	0.284845705362595	14.4031146023136	838	0.8157894736842105	0.44140766921226876	0.18264402794114057	False	cKO/CRE	1810007D17RIK	1810007D17RIK	0.19564339629553	0.541127940817686	0.34548454452215605	positive	True	False	False
ENSMUSG00000024552	0.362871015677867	0.527698171174914	0.317491472231667	19.7148287145774	839	0.8167641325536062	0.4402477196855642	0.1816735204829853	False	cKO/CRE	SLC14A2	SLC14A2	0.675357354884247	0.139031895566873	-0.536325459317374	negative	True	False	False
ENSMUSG00000085427	0.365113881977728	0.529831440986852	-0.397553244175565	7.56422521920633	840	0.817738791423002	0.4375716544462953	0.18070843100563838	False	cKO/CRE	6430710C18RIK	6430710C18RIK	-0.576726334707097	-0.907973208083666	-0.331246873376569	negative	True	False	False
ENSMUSG00000028841	0.367328712704734	0.531805365004372	0.603815815751838	21.0854197298448	841	0.8187134502923976	0.43494512316067874	0.1797431645140913	False	cKO/CRE	CNKSR1	CNKSR1	2.0415252729302	0.587682120708426	-1.4538431522217738	negative	True	False	False
ENSMUSG00000043953	0.369610873683167	0.533813295733221	0.212451671832775	56.3978901682464	842	0.8196881091617934	0.43225526063609704	0.17877812434262938	False	cKO/CRE	CCRL2	CCRL2	0.704439093024449	0.152577975979527	-0.5518611170449219	negative	True	False	False
ENSMUSG00000019122	0.370917823592831	0.534980985100027	0.240372967272417	218.009956307733	843	0.8206627680311891	0.4307222971593089	0.17780894988459137	False	cKO/CRE	CCL9	CCL9	0.752153899486378	0.243700734179335	-0.508453165307043	negative	True	False	False
ENSMUSG00000087203	0.373907281621463	0.537955342311415	-0.442893370549511	6.11090196460506	844	0.8216374269005848	0.42723607713722767	0.17684675557087123	False	cKO/CRE	GM13986	GM13986	0.192419265917328	-1.24898857244612	-1.441407838363448	negative	True	False	False
ENSMUSG00000017309	0.375292626561117	0.539333970794734	-0.138635159856964	253.290596704357	845	0.8226120857699805	0.42562996816159615	0.17587784250509106	False	cKO/CRE	CD300LG	CD300LG	0.41469538485946	-0.158853209099136	-0.573548593958596	negative	True	False	False
ENSMUSG00000076435	0.376992250197658	0.541052058751283	-0.0651183270413504	447.759266989154	846	0.8235867446393762	0.4236675774626075	0.17491020264525642	False	cKO/CRE	ACSF2	ACSF2	0.137867876422996	-0.788010373207907	-0.925878249630903	negative	True	False	False
ENSMUSG00000021680	0.38104836562436	0.545014939798275	-0.178333961163137	35.940962781293	847	0.8245614035087719	0.4190198967898328	0.17395215891942536	False	cKO/CRE	CRHBP	CRHBP	-0.501194672872302	-0.151439663477074	0.349755009395228	positive	True	False	False
ENSMUSG00000101111	0.382923989161797	0.546932354205013	-0.527109249853553	247.756530185687	848	0.8255360623781677	0.4168874254145325	0.17298512685873982	False	cKO/CRE	GM28437	GM28437	0.0445853683989176	-0.286921382373242	-0.3315067507721596	negative	True	False	False
ENSMUSG00000029597	0.388582683898147	0.552551397228248	-0.496517991233973	6.8564349864376	849	0.8265107212475633	0.4105165564254814	0.17203324110696672	False	cKO/CRE	SDS	SDS	-0.0276881348872221	0.314626374055704	0.3423145089429261	positive	True	False	False
ENSMUSG00000120413	0.395192928784156	0.559599645144789	-0.15491254278642	38.7612783745389	850	0.827485380116959	0.4031908348776685	0.17108476760980917	False	cKO/CRE	GM32652	GM32652	-0.142644203933842	-0.935179335024655	-0.792535131090813	negative	True	False	False
ENSMUSG00000009487	0.395324794880985	0.559599645144789	0.372576239126843	6.73062232481193	851	0.8284600389863548	0.403045945732189	0.17011063273877292	False	cKO/CRE	OTOG	OTOG	-1.01693667340457	0.44800944438523	1.4649461177898	positive	True	False	False
ENSMUSG00000024331	0.405696993477984	0.569265627581452	0.274622531775461	17.7605079768447	852	0.8294346978557505	0.39179821073481463	0.16917617492222853	False	cKO/CRE	DSC2	DSC2	1.1973922638336	0.404312795852206	-0.7930794679813942	negative	True	False	False
ENSMUSG00000097254	0.408321100874694	0.571738725766516	-0.373478368330779	6.75512661928986	853	0.8304093567251462	0.3889981763918344	0.1682115284600283	False	cKO/CRE	C430042M11RIK	C430042M11RIK	-0.893687260271262	-0.395636979830732	0.49805028044053	positive	True	False	False
ENSMUSG00000041044	0.408795873942104	0.572161382669686	0.410755013848167	6.38857194841881	854	0.8313840155945419	0.38849349627162977	0.1672386793355745	False	cKO/CRE	LRIT1	LRIT1	1.29271065287018	0.303468119762182	-0.9892425331079979	negative	True	False	False
ENSMUSG00000020303	0.411873887144565	0.575005519084627	0.256341237243519	20.5746610024321	855	0.8323586744639376	0.3852357414946979	0.1662756685800066	False	cKO/CRE	STC2	STC2	1.21771017010735	0.295867449619166	-0.921842720488184	negative	True	False	False
ENSMUSG00000106535	0.413561748014741	0.576799199719604	0.455755213259637	6.61599377241943	856	0.8333333333333334	0.3834596376954978	0.16530736300657276	False	cKO/CRE	GM43031	GM43031	0.145690847047919	0.488443341727719	0.34275249467980007	positive	True	False	False
ENSMUSG00000060743	0.42347931362365	0.585420333993127	-0.0627860295287066	4186.38849243377	857	0.834307992202729	0.37316779949743784	0.16436948920372169	False	cKO/CRE	H3F3A	H3F3A	0.237217693394811	-0.106509709666276	-0.343727403061087	negative	True	False	False
ENSMUSG00000046470	0.42508496578844	0.586921841873972	0.189204387905479	243.685893777853	858	0.8352826510721247	0.3715242546907956	0.16340070991837274	False	cKO/CRE	SOX18	SOX18	0.589061611594663	0.227317023179085	-0.361744588415578	negative	True	False	False
ENSMUSG00000034959	0.425131671486028	0.586948576030298	-0.191540243479192	28.3944886244084	859	0.8362573099415205	0.37147653973000316	0.16242622778633045	False	cKO/CRE	RUBCNL	RUBCNL	-0.283616184360544	0.154473525845118	0.438089710205662	positive	True	False	False
ENSMUSG00000025076	0.429677621685956	0.591045231938477	0.123718970619012	137.738571600543	860	0.8372319688109162	0.3668572644947893	0.1614680825510207	False	cKO/CRE	CASP7	CASP7	0.497596474500392	0.156741936619713	-0.340854537880679	negative	True	False	False
ENSMUSG00000018339	0.433754845055594	0.594798869551768	-0.0868317351836527	6800.39026236945	861	0.8382066276803118	0.36275566109062135	0.16050808736717326	False	cKO/CRE	GPX3	GPX3	0.291932273199995	-0.10332567697522	-0.395257950175215	negative	True	False	False
ENSMUSG00000057596	0.437568623874807	0.59785964325048	-0.230309058307097	75.2382122844734	862	0.8391812865497076	0.35895382690901917	0.15954702093006895	False	cKO/CRE	TRIM30D	TRIM30D	0.558103509997615	-0.0472611208166799	-0.6053646308142949	negative	True	False	False
ENSMUSG00000086911	0.445906361177991	0.605390294671227	-0.385617939953091	6.6131658824094	863	0.8401559454191033	0.3507563320800981	0.15860166279598506	False	cKO/CRE	GM12027	GM12027	-1.01341929792003	-0.341102702469193	0.672316595450837	positive	True	False	False
ENSMUSG00000032113	0.450562874065374	0.609514913958112	0.103063278292638	72.4660330012175	864	0.8411306042884991	0.3462445965731494	0.15764313325743318	False	cKO/CRE	CHEK1	CHEK1	0.499662430498134	0.135089380523744	-0.36457304997439	negative	True	False	False
ENSMUSG00000105879	0.456467670861985	0.615188452174557	-0.252606727215246	17.4374113363306	865	0.8421052631578947	0.34058997577137884	0.156688687926005	False	cKO/CRE	GM6204	GM6204	0.0423657433207592	-0.294023790318736	-0.3363895336394952	negative	True	False	False
ENSMUSG00000110156	0.458371103990377	0.617011161939851	-0.15258262976225	29.5030673580135	866	0.8430799220272904	0.33878276838159227	0.15572049350415096	False	cKO/CRE	GM42067	GM42067	-0.468700130912204	-0.0115729118249071	0.4571272190872969	positive	True	False	False
ENSMUSG00000034641	0.462054689640629	0.620263913310875	0.191361343605108	119.136180362336	867	0.8440545808966862	0.3353066175099853	0.1547582632073831	False	cKO/CRE	CD300LD	CD300LD	0.684071071747114	0.217432274356437	-0.46663879739067704	negative	True	False	False
ENSMUSG00000006386	0.462076911705479	0.620263913310875	0.0951861973297196	506.827622188263	868	0.8450292397660819	0.33528573104721604	0.15378368520120256	False	cKO/CRE	TEK	TEK	0.395360816082031	0.0772277067610084	-0.31813310932102257	negative	True	False	False
ENSMUSG00000023999	0.465106397824631	0.622947147669778	-0.239340144971807	27.0503832312907	869	0.8460038986354775	0.3324476864596229	0.15281917457215413	False	cKO/CRE	KIF6	KIF6	-0.0251557323116899	-0.640291125244504	-0.6151353929328142	negative	True	False	False
ENSMUSG00000037795	0.466763677089805	0.62434877195973	0.116973302648379	186.395722565363	870	0.8469785575048733	0.3309029475136354	0.15185004219485296	False	cKO/CRE	N4BP2	N4BP2	0.47054273375262	0.0863402291426754	-0.3842025046099446	negative	True	False	False
ENSMUSG00000026295	0.471329189863924	0.628458437767501	0.29755478940766	12.1032937411304	871	0.847953216374269	0.3266756631381525	0.15089049614367048	False	cKO/CRE	SPP2	SPP2	1.22439539010189	0.314341111218911	-0.9100542788829791	negative	True	False	False
ENSMUSG00000017493	0.477702266036367	0.633571630691174	-0.0828362872771271	8392.62473296688	872	0.8489278752436648	0.3208426985852754	0.14993668814025932	False	cKO/CRE	IGFBP4	IGFBP4	0.34635126543373	-0.0881988275718263	-0.4345500930055563	negative	True	False	False
ENSMUSG00000121628	0.482494826417512	0.638153662592625	0.238732432023359	13.6839727559312	873	0.8499025341130604	0.31650733904634865	0.14897752830574665	False	cKO/CRE	GM4832	GM4832	-0.0235119382839377	0.574618173689571	0.5981301119735087	positive	True	False	False
ENSMUSG00000033182	0.485987754218616	0.641114376355507	-0.144899909057056	43.7999454030412	874	0.8508771929824561	0.3133746738288286	0.1480140705309793	False	cKO/CRE	KBTBD12	KBTBD12	0.614386571121354	0.27421248379202	-0.34017408732933396	negative	True	False	False
ENSMUSG00000064358	0.494824192036987	0.649510676006052	-0.0945464631689674	158.74638376727	875	0.8518518518518519	0.3055490757944655	0.1470673833890375	False	cKO/CRE	MT-CO3	MT-CO3	0.0830792023473406	-0.256004698633507	-0.3390839009808476	negative	True	False	False
ENSMUSG00000071398	0.495254464346561	0.649778949758687	-0.528398302818374	9.80445888014664	876	0.8528265107212476	0.3051716009336089	0.14609407968473323	False	cKO/CRE	2410004P03RIK	2410004P03RIK	1.73378864433745	-0.14210867827126	-1.87589732260871	negative	True	False	False
ENSMUSG00000046186	0.495345143234023	0.649784823066581	0.130878287367244	665.513653808942	877	0.8538011695906432	0.30509209082627897	0.1451197111756106	False	cKO/CRE	CD109	CD109	0.697624696275682	0.124358650730582	-0.5732660455451	negative	True	False	False
ENSMUSG00000117335	0.496887979550627	0.651410612497481	-0.131290048364555	36.3108534249332	878	0.854775828460039	0.3037415093482022	0.1441498849585014	False	cKO/CRE	GM49870	GM49870	-0.4114533442178	-0.0486961739488862	0.3627571702689138	positive	True	False	False
ENSMUSG00000045509	0.497894191139006	0.652172120270314	-0.102232684578308	76.4191999475042	879	0.8557504873294347	0.30286294054717977	0.1431783719600968	False	cKO/CRE	GPR150	GPR150	-0.350243007738591	-0.00310802741389129	0.34713498032469975	positive	True	False	False
ENSMUSG00000022676	0.500099739722713	0.654063304264166	0.165597753732668	42.0821971559133	880	0.8567251461988304	0.3009433714811643	0.14221057907316553	False	cKO/CRE	SNAI2	SNAI2	0.924368716408209	0.205688849409946	-0.7186798669982629	negative	True	False	False
ENSMUSG00000062393	0.500205770268887	0.654127744846543	-0.115654305831877	337.960465448034	881	0.8576998050682261	0.30085130264653515	0.14123625544382554	False	cKO/CRE	DGKK	DGKK	-0.595204195820502	-0.0846101410998491	0.5105940547206529	positive	True	False	False
ENSMUSG00000061126	0.504741302817757	0.657969077930769	0.0565457738514493	970.617564306642	882	0.8586744639376218	0.2969311556350372	0.14027561180864612	False	cKO/CRE	CYP4F39	CYP4F39	-0.254553842550655	0.0707044032239586	0.3252582457746136	positive	True	False	False
ENSMUSG00000073532	0.50479333990277	0.65799695374987	-0.306156871474306	6.59379225575478	883	0.8596491228070176	0.296886383681824	0.13930111915949192	False	cKO/CRE	GM7276	GM7276	-0.611430621266637	-0.193844683702051	0.41758593756458606	positive	False	False	False
ENSMUSG00000023022	0.515768032788858	0.66817834113542	-0.0886178559577453	1693.80824580283	884	0.8606237816764133	0.28754557885886173	0.13835984675023383	False	cKO/CRE	LIMA1	LIMA1	0.327430344325919	-0.0771928712451529	-0.4046232155710719	negative	True	False	False
ENSMUSG00000049872	0.520506985673892	0.671843115481688	0.0841062861985795	677.370378498257	885	0.8615984405458089	0.28357343749011144	0.1373993889217364	False	cKO/CRE	CALHM5	CALHM5	0.57544216828105	0.0675527411445573	-0.5078894271364927	negative	True	False	False
ENSMUSG00000025776	0.524236685749993	0.674737060577369	-0.0708238122264041	346.306682860092	886	0.8625730994152047	0.2804725906742272	0.13643581744094513	False	cKO/CRE	CRISPLD1	CRISPLD1	0.27664056077775	-0.0461125494684007	-0.3227531102461507	negative	True	False	False
ENSMUSG00000021396	0.526006574604145	0.676163670306759	-0.0891325558783115	97.7430265693982	887	0.8635477582846004	0.27900882752600165	0.13546639568908325	False	cKO/CRE	NXNL2	NXNL2	-0.434159444480942	-0.054662981616945	0.379496462863997	positive	True	False	False
ENSMUSG00000032691	0.527759534453743	0.677529316958687	0.177787591233767	25.3385580119814	888	0.8645224171539961	0.2775639120264736	0.13449690658339214	False	cKO/CRE	NLRP3	NLRP3	0.587693013169594	0.209797821911196	-0.377895191258398	negative	True	False	False
ENSMUSG00000020363	0.530685801105386	0.680101576509147	-0.127088370804209	235.049113934855	889	0.8654970760233918	0.2751625320881082	0.13353083549252046	False	cKO/CRE	GFPT2	GFPT2	0.473274880265277	-0.130737015132849	-0.6040118953981259	negative	True	False	False
ENSMUSG00000072294	0.531469152027213	0.680645920913887	-0.0548035630144701	635.913102110926	890	0.8664717348927875	0.27452193808923514	0.13255847206897994	False	cKO/CRE	KLF12	KLF12	0.36841854376836	-0.031377060684285	-0.39979560445264495	negative	True	False	False
ENSMUSG00000035539	0.531831053897887	0.68087037433718	0.474040549894473	7.33863836921774	891	0.8674463937621832	0.2742263075784585	0.13158487588626241	False	cKO/CRE	CCDC180	CCDC180	0.174004917111148	-0.980819592419131	-1.154824509530279	negative	True	False	False
ENSMUSG00000030249	0.534512543753908	0.683129689463051	0.0847591743628843	235.016980247602	892	0.868421052631579	0.27204209846421734	0.1306180287152091	False	cKO/CRE	ABCC9	ABCC9	0.396127696657833	0.0901618626776057	-0.30596583398022725	negative	True	False	False
ENSMUSG00000098919	0.539121545876482	0.687424003788807	-0.3077307111637	6.76341188203005	893	0.8693957115009746	0.26831331133908576	0.12965670123764036	False	cKO/CRE	MIR8102	MIR8102	-1.08585656912494	-0.351442710502311	0.734413858622629	positive	True	False	False
ENSMUSG00000105741	0.540639681881019	0.688460070668444	0.0613044822874376	181.100352484159	894	0.8703703703703703	0.2670920811132724	0.12868641277177498	False	cKO/CRE	LMBR1	LMBR1	-0.321087464487859	0.121405048411029	0.442492512898888	positive	True	False	False
ENSMUSG00000019935	0.540714813823765	0.688514900554095	-0.0700432605422417	942.947827120785	895	0.8713450292397661	0.2670317320079025	0.1277119757890259	False	cKO/CRE	SLC17A8	SLC17A8	-0.449944166961002	-0.0737132876340796	0.3762308793269224	positive	True	False	False
ENSMUSG00000090066	0.547346211013783	0.694364030826894	0.465208524223763	62.1943038482092	896	0.8723196881091618	0.26173788395859005	0.12675624120254073	False	cKO/CRE	1110002E22RIK	1110002E22RIK	2.05762772781078	0.468769335551635	-1.5888583922591453	negative	True	False	False
ENSMUSG00000051669	0.550331916722461	0.6969112536853	-0.108823473369773	65.7468257984649	897	0.8732943469785575	0.25937529937402815	0.12579003147285645	False	cKO/CRE	AU021092	AU021092	0.444563189324197	-0.140415353056862	-0.584978542381059	negative	True	False	False
ENSMUSG00000020357	0.552678497549162	0.698980926298944	0.106397381200069	137.442053341508	898	0.8742690058479532	0.2575274317044621	0.12482198235430203	False	cKO/CRE	FLT4	FLT4	0.432776414465202	0.130596664481981	-0.30217974998322095	negative	True	False	False
ENSMUSG00000103469	0.553922043235431	0.699751663780985	0.270446269568993	6.21309075165438	899	0.8752436647173489	0.2565513518328697	0.12385081782079649	False	cKO/CRE	GM9910	GM9910	0.224517715953054	0.545984086742324	0.32146637078927	positive	False	False	False
ENSMUSG00000115154	0.554842968442032	0.700647619511466	-0.146845442558073	24.9198024650155	900	0.8762183235867447	0.2558299134338718	0.12287874330225498	False	cKO/CRE	GM49067	GM49067	-0.040983407065282	0.352900105620303	0.39388351268558497	positive	False	False	False
ENSMUSG00000096490	0.562562516556112	0.707537613204704	0.80003747446077	16.5850807458066	901	0.8771929824561403	0.2498292081735904	0.12192553473589612	False	cKO/CRE	IGKV10-94	IGKV10-94	3.68279721431171	0.515859691381413	-3.166937522930297	negative	True	False	False
ENSMUSG00000074388	0.563071582353857	0.707953762479231	0.206708929076731	14.2891533229003	902	0.878167641325536	0.2494363905036689	0.12095228586055018	False	cKO/CRE	GM5544	GM5544	0.721229900156743	0.342986470802558	-0.37824342935418503	negative	True	False	False
ENSMUSG00000028040	0.586352391158313	0.726168478482289	-0.12437094670764	35.9246789324655	903	0.8791423001949318	0.23184129944574056	0.12004051091249288	False	cKO/CRE	EFNA4	EFNA4	0.77334085616696	-0.142285585500131	-0.9156264416670911	negative	True	False	False
ENSMUSG00000062391	0.586903735401459	0.726597588334259	0.184306612583008	18.2587016753244	904	0.8801169590643275	0.23143312637145158	0.11906731691111555	False	cKO/CRE	4932435O22RIK	4932435O22RIK	-0.688693863457474	-0.314087142228348	0.37460672122912597	positive	True	False	False
ENSMUSG00000090302	0.58870976937369	0.728035713179839	-0.155638402376981	16.6210746517488	905	0.8810916179337231	0.2300987572065477	0.11809743275779436	False	cKO/CRE	SMR2L	SMR2L	-0.567378420977564	-0.23172719561386	0.33565122536370395	positive	True	False	False
ENSMUSG00000064369	0.593108176980123	0.730948451432731	0.286804390474131	7.5284875417223	906	0.8820662768031189	0.22686608845550996	0.11713433235497472	False	cKO/CRE	MT-TE	MT-TE	0.089502120576731	-0.291285014181614	-0.380787134758345	negative	False	False	False
ENSMUSG00000027220	0.593256734466159	0.731005628956464	0.088972037577409	159.290205384175	907	0.8830409356725146	0.22675732310659308	0.1161600683921846	False	cKO/CRE	SYT13	SYT13	-0.407105839557571	0.1326257492162	0.539731588773771	positive	True	False	False
ENSMUSG00000105337	0.596363300734562	0.733336573988678	-0.280671361782345	7.33925680638716	908	0.8840155945419104	0.22448909020037813	0.11519352148798351	False	cKO/CRE	1700094M23RIK	1700094M23RIK	-0.775791043522353	-0.151714673066581	0.6240763704557719	positive	True	False	False
ENSMUSG00000116895	0.596595077250273	0.733561114002427	-0.127213922171329	25.1103710098752	909	0.884990253411306	0.22432033450037686	0.11421947190630445	False	cKO/CRE	ERMARDL1	ERMARDL1	-0.0364182132783429	-0.603958948048549	-0.5675407347702061	negative	False	False	False
ENSMUSG00000025789	0.59688021638682	0.733743598955417	0.0944415716579044	102.959039789619	910	0.8859649122807017	0.22411281557377088	0.11324556084862845	False	cKO/CRE	ST8SIA2	ST8SIA2	0.771726171538348	0.0484049156195143	-0.7233212559188337	negative	True	False	False
ENSMUSG00000120374	0.59711342406675	0.733815254254457	-0.125060598297795	27.1276249482633	911	0.8869395711500975	0.22394316507248258	0.11227151446460504	False	cKO/CRE	GM57280	GM57280	-0.498607719950527	-0.115153063064356	0.383454656886171	positive	True	False	False
ENSMUSG00000052563	0.600179711231388	0.73607139811992	-0.148334252445413	28.6404472696492	912	0.8879142300194932	0.22171868976618428	0.11130481118854216	False	cKO/CRE	D930048N14RIK	D930048N14RIK	-0.683248736182334	-0.0526524599415802	0.6305962762407538	positive	True	False	False
ENSMUSG00000086670	0.600542306770251	0.736431942709523	-0.252381492545051	6.18388998003742	913	0.8888888888888888	0.22145639217504023	0.11033109588752966	False	cKO/CRE	GM13194	GM13194	-1.10632447732653	0.0855963881252293	1.1919208654517592	positive	True	False	False
ENSMUSG00000054690	0.601613444255043	0.737324247466671	0.068668957417349	492.318598302609	914	0.8898635477582846	0.2206824671296147	0.10935920893491112	False	cKO/CRE	EMCN	EMCN	0.438461643530416	0.0773888883257247	-0.3610727552046913	negative	True	False	False
ENSMUSG00000109769	0.608724035191664	0.742731207834039	-0.186585427615942	9.9608818998188	915	0.8908382066276803	0.21557954998835568	0.10840279203903053	False	cKO/CRE	GM39232	GM39232	-1.31529656829669	-0.627170581891309	0.6881259864053809	positive	True	False	False
ENSMUSG00000025150	0.61223442654064	0.745319809455077	-0.0995204830342194	213.810858611584	916	0.8918128654970761	0.2130822532485483	0.10743706371578854	False	cKO/CRE	CBR2	CBR2	0.816882604066275	-0.125261336319457	-0.942143940385732	negative	True	False	False
ENSMUSG00000052821	0.61410896606164	0.746670238769706	0.145611601814862	64.4365576197828	917	0.8927875243664717	0.21175456182208408	0.10646715569894653	False	cKO/CRE	CYSLTR1	CYSLTR1	0.729466673751913	0.0916790156460172	-0.6377876581058958	negative	True	False	False
ENSMUSG00000038756	0.61580957649582	0.748229375052883	0.0988581701431902	45.8548591420548	918	0.8937621832358674	0.21055356163783556	0.10549679493914216	False	cKO/CRE	TTLL6	TTLL6	-0.471446381725729	-0.0496210320208885	0.4218253497048405	positive	True	False	False
ENSMUSG00000072601	0.616733117689902	0.749045495292187	-0.27160168593703	32.8098199376097	919	0.8947368421052632	0.20990272995248205	0.10452446810092843	False	cKO/CRE	EAR1	EAR1	1.38177148150068	-0.331034403179287	-1.712805884679967	negative	True	False	False
ENSMUSG00000039109	0.618016388454265	0.749939489209247	-0.122345940234304	818.376707566295	920	0.8957115009746589	0.20900000821072434	0.10355304141530876	False	cKO/CRE	F13A1	F13A1	0.576508444282425	-0.0856509121924243	-0.6621593564748492	negative	True	False	False
ENSMUSG00000032265	0.618546186968042	0.750297036058926	0.0771990937877641	352.728130965544	921	0.8966861598440545	0.2086278659678556	0.10257971865439725	False	cKO/CRE	TENT5A	TENT5A	0.474524691767688	0.0830759478049192	-0.39144874396276885	negative	True	False	False
ENSMUSG00000099528	0.620228081038479	0.751580379832995	-0.142415773552036	16.6594797208587	922	0.8976608187134503	0.20744857482236698	0.10160928031531942	False	cKO/CRE	2410012E07RIK	2410012E07RIK	-0.541480161189492	-0.0195082624503524	0.5219718987391396	positive	True	False	False
ENSMUSG00000117246	0.620744165313373	0.751903882593112	-0.159338314025884	10.9680457534661	923	0.898635477582846	0.20708735390648672	0.10063591852602795	False	cKO/CRE	GM17891	GM17891	-0.877938808116465	-0.259376106254201	0.6185627018622639	positive	True	False	False
ENSMUSG00000086534	0.62662253549583	0.756486100160479	0.129760709090283	23.3867741606837	924	0.8996101364522417	0.2029939904541604	0.09967589389594446	False	cKO/CRE	GM16758	GM16758	-0.602483681794854	0.0652251786373045	0.6677088604321585	positive	True	False	False
ENSMUSG00000043243	0.629395242797326	0.758789841918983	0.172350095783515	12.8540821052523	925	0.9005847953216374	0.20107654396915775	0.09870809342377222	False	cKO/CRE	NIBAN3	NIBAN3	-0.695132467425922	-0.0826266056422715	0.6125058617836505	positive	True	False	False
ENSMUSG00000000957	0.629567676878074	0.758931866786362	-0.0699941312601087	2124.79281593123	926	0.9015594541910331	0.20095757752612933	0.09773386591554259	False	cKO/CRE	MMP14	MMP14	0.419993274874809	-0.0678605642949543	-0.48785383916976327	negative	True	False	False
ENSMUSG00000065947	0.631183314448559	0.760153782986579	0.203467531880047	12.9929015041278	927	0.9025341130604289	0.1998444903732537	0.09676319099032661	False	cKO/CRE	MT-ND4L	MT-ND4L	0.0778488092191544	-0.25176733452235	-0.3296161437415044	negative	False	False	False
ENSMUSG00000027996	0.634221266071531	0.76265118403519	-0.26189043106743	46.139745423502	928	0.9035087719298246	0.19775919973769993	0.09579599032487017	False	cKO/CRE	SFRP2	SFRP2	0.83886359956923	-0.0570044487443887	-0.8958680483136187	negative	True	False	False
ENSMUSG00000014852	0.63486684263958	0.763134261625111	0.187384205969853	9.0222431013784	929	0.9044834307992202	0.1973173543474406	0.09482291665465259	False	cKO/CRE	ADAMTS13	ADAMTS13	0.364217336769261	0.706224000535059	0.34200666376579797	positive	True	False	False
ENSMUSG00000082193	0.637454006857612	0.765084500264967	-0.289438051393805	6.4451181303725	930	0.905458089668616	0.19555114467992535	0.09385457572361684	False	cKO/CRE	RPL5-PS1	RPL5-PS1	-0.0498840378029118	-0.351032025912404	-0.3011479881094922	negative	True	False	False
ENSMUSG00000115247	0.638526705559174	0.766008446228145	0.184291815254991	7.46339461225369	931	0.9064327485380117	0.19482093421192895	0.09288253255288154	False	cKO/CRE	GM6201	GM6201	-0.542531396541418	-0.0726545684133415	0.4698768281280765	positive	True	False	False
ENSMUSG00000030148	0.638643517945915	0.766043906807499	0.106274972627831	116.583528165543	932	0.9074074074074074	0.19474149143415764	0.09190816380315038	False	cKO/CRE	CLEC4A2	CLEC4A2	0.620941153427295	0.10313307601581	-0.5178080774114849	negative	True	False	False
ENSMUSG00000041859	0.646925615478635	0.772524769796639	0.0933188620144377	186.768840027174	933	0.9083820662768031	0.1891456523209815	0.09095350840987922	False	cKO/CRE	MCM3	MCM3	0.53456035438168	0.103044344868312	-0.43151600951336805	negative	True	False	False
ENSMUSG00000086824	0.658803773018804	0.781268087845507	0.120594353999742	27.5572003360311	934	0.9093567251461988	0.18124392225796862	0.09000709333283756	False	cKO/CRE	4930448D08RIK	4930448D08RIK	-0.694889583766975	0.0204628212443565	0.7153524050113315	positive	True	False	False
ENSMUSG00000060019	0.662556147317252	0.78395051583685	-0.0662888172562491	72.0641083100594	935	0.9103313840155945	0.17877731220350998	0.08904125534786539	False	cKO/CRE	GM10073	GM10073	0.154946587555703	-0.189768455358743	-0.344715042914446	negative	True	False	False
ENSMUSG00000031780	0.665986403352933	0.786318911741601	0.353210019699572	11.6390330125633	936	0.9113060428849903	0.17653463720968438	0.0880746171100822	False	cKO/CRE	CCL17	CCL17	-2.42622730256855	0.110075479020243	2.5363027815887933	positive	True	False	False
ENSMUSG00000072387	0.673894649879154	0.79259097916757	-0.186237191727483	6.57115714707353	937	0.9122807017543859	0.17140799152440134	0.08711828501036538	False	cKO/CRE	GM10356	GM10356	-0.103496569078497	-0.56118633098751	-0.457689761909013	negative	True	False	False
ENSMUSG00000047502	0.674494557691757	0.79291895812767	-0.117347149416498	19.7719627602281	938	0.9132553606237817	0.1710215501788437	0.08614501334863002	False	cKO/CRE	MROH7	MROH7	-0.704530840425387	-0.255382994257143	0.44914784616824405	positive	True	False	False
ENSMUSG00000095562	0.678678169565192	0.795919230107431	1.52444785906547	19.6376111781289	939	0.9142300194931774	0.16833612014675906	0.08517995733724297	False	cKO/CRE	ERDR1X	ERDR1X	1.28250090311448	-0.0271675346588933	-1.3096684377733734	negative	True	False	False
ENSMUSG00000026787	0.681270965263454	0.798278204112046	-0.171378755135572	17.5088916011249	940	0.9152046783625731	0.1666801196391481	0.08421122256350254	False	cKO/CRE	GAD2	GAD2	1.12020754040668	-0.128372360500763	-1.248579900907443	negative	True	False	False
ENSMUSG00000086851	0.683580798479514	0.799912225916178	-0.0999296703600149	25.4525532481245	941	0.9161793372319688	0.16521014494414946	0.08324182300918212	False	cKO/CRE	A430108G06RIK	A430108G06RIK	-0.487198842166713	-0.0083047935667963	0.4788940485999167	positive	True	False	False
ENSMUSG00000027376	0.683610816380895	0.799912225916178	0.0904202713144823	63.9502555702419	942	0.9171539961013645	0.1651910743050547	0.08226723851398632	False	cKO/CRE	PROM2	PROM2	-0.40520485891933	-0.0190205821905569	0.3861842767287731	positive	True	False	False
ENSMUSG00000094152	0.687096259551528	0.80272168866513	0.130697650883535	14.4393071675889	943	0.9181286549707602	0.1629824156863553	0.08130047871551607	False	cKO/CRE	SLC6A16	SLC6A16	-0.677463749768614	-0.0872689936858149	0.5901947560827991	positive	True	False	False
ENSMUSG00000120485	0.687677385861474	0.803050960989142	0.190348442131755	7.14358975918674	944	0.919103313840156	0.1626152571136371	0.08032713814499456	False	cKO/CRE	GM35340	GM35340	1.06004817798453	0.348468245348502	-0.7115799326360281	negative	True	False	False
ENSMUSG00000113960	0.68861185410123	0.803792390437031	-0.136198103084348	12.0854578494685	945	0.9200779727095516	0.16202550540938723	0.07935459303177575	False	cKO/CRE	4933412O06RIK	4933412O06RIK	0.582127505261437	-0.0148027796501195	-0.5969302849115564	negative	True	False	False
ENSMUSG00000086749	0.689613783862171	0.804506908993648	0.161222537943343	7.54453743700031	946	0.9210526315789473	0.16139406650548146	0.07838219689165014	False	cKO/CRE	GM12037	GM12037	1.2122951162581	0.517152802760197	-0.6951423134979029	negative	True	False	False
ENSMUSG00000020847	0.690464978718615	0.805167385548337	-0.0699270133366951	53.0968462514609	947	0.9220272904483431	0.16085834450746753	0.07740945869823987	False	cKO/CRE	RPH3AL	RPH3AL	0.546473685935251	-0.0381774644306889	-0.58465115036594	negative	True	False	False
ENSMUSG00000028517	0.690671064382807	0.805187116761813	-0.0421340547207222	4598.13805263935	948	0.9230019493177388	0.16072873835046475	0.07643526921201986	False	cKO/CRE	PLPP3	PLPP3	0.325366881501827	-0.044347853723818	-0.369714735225645	negative	True	False	False
ENSMUSG00000050195	0.697203351739094	0.809769892242798	0.0716381759713178	47.4141441245902	949	0.9239766081871345	0.1566405337274283	0.0754752261463792	False	cKO/CRE	SCD4	SCD4	0.795567101255354	0.485620531085596	-0.309946570169758	negative	True	False	False
ENSMUSG00000028780	0.708836668647833	0.817390930760208	-0.0450500824450207	1951.77514584371	950	0.9249512670565302	0.14945382416347208	0.07452625587694084	False	cKO/CRE	SEMA3C	SEMA3C	0.35302201089999	-0.0476447483388952	-0.40066675923888523	negative	True	False	False
ENSMUSG00000042707	0.710216877295624	0.818068012879795	0.236661296352804	11.8412560694508	951	0.9259259259259259	0.14860901152008607	0.07355462224776077	False	cKO/CRE	DNALI1	DNALI1	0.970984026281433	0.409177327416569	-0.561806698864864	negative	True	False	False
ENSMUSG00000114807	0.712987689403457	0.820013168887548	0.176800613086583	6.65821590263084	952	0.9269005847953217	0.14691796870395987	0.07258601270097556	False	cKO/CRE	GM32090	GM32090	1.22558408747363	0.100150905458401	-1.1254331820152288	negative	True	False	False
ENSMUSG00000052616	0.723290949029815	0.8270668927578	0.0809518132137704	25.0635764316775	953	0.9278752436647173	0.14068696945424747	0.07163362711165247	False	cKO/CRE	TERB1	TERB1	-0.350300347972517	0.0092124768414153	0.3595128248139323	positive	True	False	False
ENSMUSG00000100665	0.726776212853937	0.829618621915587	0.0600214905977739	78.3037310243032	954	0.928849902534113	0.13859929544673932	0.07066643496339789	False	cKO/CRE	MRGPRC1-PS	MRGPRC1-PS	-0.441612660181706	0.0603446176566679	0.5019572778383738	positive	True	False	False
ENSMUSG00000032128	0.728349549152547	0.830663660721952	0.163657062806661	7.25003415888581	955	0.9298245614035088	0.13766014426575118	0.06969513846177464	False	cKO/CRE	ROBO3	ROBO3	-1.18678638919483	0.113999025040235	1.300785414235065	positive	True	False	False
ENSMUSG00000060591	0.731767553655929	0.833189535181572	0.0530512972085487	728.966922480868	956	0.9307992202729045	0.13562685090377663	0.06872775197921457	False	cKO/CRE	IFITM2	IFITM2	0.441714665118271	0.012661783986628	-0.429052881131643	negative	True	False	False
ENSMUSG00000026358	0.733955375912185	0.834637452723711	0.224268443740802	5.76154765662652	957	0.9317738791423001	0.13433034414964157	0.0677577325210395	False	cKO/CRE	RGS1	RGS1	-1.54733317281784	0.193589989338892	1.740923162156732	positive	True	False	False
ENSMUSG00000079018	0.73405014767404	0.834637452723711	0.0482654467162654	1152.85598359785	958	0.9327485380116959	0.13427426962865405	0.06678328026266467	False	cKO/CRE	LY6C1	LY6C1	0.572984485906794	0.0293918105402182	-0.5435926753665757	negative	True	False	False
ENSMUSG00000064354	0.737635627533415	0.837383594089179	-0.0584256924510442	142.833746547439	959	0.9337231968810916	0.13215811518179468	0.06581618989191469	False	cKO/CRE	MT-CO2	MT-CO2	0.0952714528962133	-0.243451878093195	-0.3387233309894083	negative	False	False	False
ENSMUSG00000038173	0.743154308322932	0.841867664914247	0.110692785453826	71.7525123269618	960	0.9346978557504874	0.12892100010864863	0.06485310537844138	False	cKO/CRE	ENPP6	ENPP6	0.679648577041006	0.0926499328595188	-0.5869986441814872	negative	True	False	False
ENSMUSG00000003746	0.743418677027158	0.841989411758823	0.0630393050619087	863.858597019535	961	0.935672514619883	0.12876653225301674	0.06387900473781893	False	cKO/CRE	MAN1A	MAN1A	0.697055657377305	0.046567465530029	-0.650488191847276	negative	True	False	False
ENSMUSG00000022371	0.743825535845218	0.842139185255983	-0.0405552311668541	1275.9709433197	962	0.9366471734892787	0.12852891620788348	0.06290520123500129	False	cKO/CRE	COL14A1	COL14A1	0.345464047385391	-0.027725315430488	-0.373189362815879	negative	True	False	False
ENSMUSG00000096768	0.744019430213979	0.842269860192662	0.143056193691411	15.9860419605134	963	0.9376218323586745	0.12841572262008014	0.061930953096935276	False	cKO/CRE	ERDR1Y	ERDR1Y	1.22794210125259	-0.404327175916929	-1.6322692771695189	negative	True	False	False
ENSMUSG00000032517	0.749355997187738	0.846169165472487	0.195941928936064	57.937037233188	964	0.9385964912280702	0.12531181262949795	0.06096739256268457	False	cKO/CRE	MOBP	MOBP	1.97264497087371	0.279065290605986	-1.6935796802677239	negative	True	False	False
ENSMUSG00000041390	0.751270479118922	0.847483951062419	0.0482380822956146	878.867141769918	965	0.9395711500974658	0.1242036762575978	0.05999669994539143	False	cKO/CRE	MDFIC	MDFIC	0.419134494164096	0.0532894095532261	-0.3658450846108699	negative	True	False	False
ENSMUSG00000030787	0.753736794780061	0.849551800301853	0.0537329001111985	425.317315676672	966	0.9405458089668616	0.12278028348116383	0.05902713392624309	False	cKO/CRE	LYVE1	LYVE1	0.562804227775438	0.0652921691123075	-0.49751205866313053	negative	True	False	False
ENSMUSG00000050493	0.754504926838077	0.850105120696314	0.0669708953732826	45.6927373826428	967	0.9415204678362573	0.1223379199816928	0.05805406210753703	False	cKO/CRE	FAM167B	FAM167B	0.640738833417736	0.0809767410443692	-0.5597620923733668	negative	True	False	False
ENSMUSG00000070972	0.77360822808122	0.863246567759603	-0.0286279068170224	261.021826651543	968	0.942495126705653	0.11147891975330311	0.057118215111063436	False	cKO/CRE	DNAJC25	DNAJC25	0.509570853841594	-0.0220552629883149	-0.5316261168299089	negative	True	False	False
ENSMUSG00000084865	0.774577070359453	0.863699100947276	0.12327073659782	17.5159153355016	969	0.9434697855750487	0.11093536348698178	0.05614550491414143	False	cKO/CRE	GM15723	GM15723	-0.50075487275478	-0.126495968684941	0.374258904069839	positive	True	False	False
ENSMUSG00000022416	0.777459401426605	0.865339806648528	-0.0416897586882985	764.565518211885	970	0.9444444444444444	0.1093222803676859	0.05517661677111369	False	cKO/CRE	CACNA1I	CACNA1I	-0.540263191043291	-0.04293735797619	0.497325833067101	positive	True	False	False
ENSMUSG00000011263	0.778757923122272	0.866062765102498	0.0578209808308583	169.349090068236	971	0.9454191033138402	0.10859752177639796	0.0542045541175886	False	cKO/CRE	EXOC3L2	EXOC3L2	0.646878301018561	0.0528431062502856	-0.5940351947682754	negative	True	False	False
ENSMUSG00000042821	0.786547207617777	0.870669469818646	-0.085732657818333	107.435509364143	972	0.9463937621832359	0.10427520642576861	0.05324534766845331	False	cKO/CRE	SNAI1	SNAI1	0.967159020446505	-0.0584741256735867	-1.0256331461200918	negative	True	False	False
ENSMUSG00000073529	0.78773686649146	0.871330576360206	0.104611336666625	13.4900206969951	973	0.9473684210526315	0.10361882884940539	0.05227304064899824	False	cKO/CRE	F830208F22RIK	F830208F22RIK	-0.134379356937367	0.337804287669821	0.472183644607188	positive	True	False	False
ENSMUSG00000056399	0.79573700319991	0.877252808883513	0.128084551487077	19.4706358363187	974	0.9483430799220273	0.09923044599587745	0.05131407029824207	False	cKO/CRE	PRSS34	PRSS34	1.23800032887931	0.180383738325361	-1.057616590553949	negative	True	False	False
ENSMUSG00000043832	0.798260780231404	0.878922133178463	0.071315739255597	86.6498131132647	975	0.949317738791423	0.09785520775450653	0.05034433219437479	False	cKO/CRE	CLEC4A3	CLEC4A3	0.607075213391105	-0.00752373194374866	-0.6145989453348537	negative	True	False	False
ENSMUSG00000098702	0.799323297308831	0.879640823338017	0.0506622107520965	43.408177630255	976	0.9502923976608187	0.09727752877262567	0.049371743938156944	False	cKO/CRE	1500015A07RIK	1500015A07RIK	-0.0126134449540693	-0.354495743271928	-0.3418822983178587	negative	True	False	False
ENSMUSG00000044400	0.799583224458558	0.879881760200308	0.0802227274082072	32.1895080832487	977	0.9512670565302144	0.0971363261115809	0.04839759589312507	False	cKO/CRE	SOWAHD	SOWAHD	-0.668972385479856	0.0584649047476553	0.7274372902275114	positive	True	False	False
ENSMUSG00000032440	0.801010900587914	0.880842346526028	-0.0322029893001567	2999.65285789463	978	0.9522417153996101	0.09636157376224354	0.0474257118969543	False	cKO/CRE	TGFBR2	TGFBR2	0.399923551902716	-0.0351950577638664	-0.4351186096665824	negative	True	False	False
ENSMUSG00000121233	0.804184587890352	0.88322467964463	-0.104765252124432	7.73394040084116	979	0.9532163742690059	0.09464425435958532	0.0464571962520002	False	cKO/CRE	GM57251	GM57251	0.722834053414031	0.295595421362547	-0.42723863205148394	negative	True	False	False
ENSMUSG00000036862	0.804739468439433	0.8835468986571	-0.0403399414558223	303.547211173381	980	0.9541910331384016	0.09434469818204246	0.045483614098018856	False	cKO/CRE	DCHS1	DCHS1	0.477735788088313	-0.0443445263508481	-0.5220803144391611	negative	True	False	False
ENSMUSG00000036256	0.805031024149881	0.883651202414519	-0.0476827325899093	4227.25915072719	981	0.9551656920077972	0.09418738254210199	0.04450952363421898	False	cKO/CRE	IGFBP7	IGFBP7	0.46371581199338	-0.06421098532834	-0.52792679732172	negative	True	False	False
ENSMUSG00000033960	0.806046901976823	0.884455492400679	0.034718532287517	2880.04547211526	982	0.956140350877193	0.09363968688337944	0.043536828229801275	False	cKO/CRE	JCAD	JCAD	0.448092703618645	0.022872956345453	-0.425219747273192	negative	True	False	False
ENSMUSG00000056145	0.819517425893591	0.89280151564311	-0.0250426310931725	201.755153763489	983	0.9571150097465887	0.08644180732964186	0.04258789787736242	False	cKO/CRE	AI504432	AI504432	-0.41110466435615	-0.0590409934307754	0.3520636709253746	positive	True	False	False
ENSMUSG00000113415	0.829720714515757	0.899174243644505	0.0443698774766317	50.3284762505705	984	0.9580896686159844	0.08106806732991327	0.04163244879220852	False	cKO/CRE	GM3234	GM3234	-0.496315891186715	-0.0384461791449209	0.4578697120417941	positive	True	False	False
ENSMUSG00000120475	0.8466445302581	0.909567663606445	0.0370664904767239	39.9247148585784	985	0.9590643274853801	0.07229889303567194	0.040689133607977365	False	cKO/CRE	GM57141	GM57141	-0.418681264060751	-0.0357816494606625	0.38289961460008853	positive	True	False	False
ENSMUSG00000018126	0.849000316080818	0.9110953749433	0.0511531705183751	25.0557293121116	986	0.9600389863547758	0.0710921480692045	0.039718793377687675	False	cKO/CRE	BAIAP2L2	BAIAP2L2	-0.601024923685965	-0.169916447747738	0.43110847593822704	positive	True	False	False
ENSMUSG00000047654	0.849116629996122	0.911132030121265	0.0689369590772538	10.2564984008738	987	0.9610136452241715	0.0710326533544491	0.038744353341694036	False	cKO/CRE	TSSK6	TSSK6	-0.489151478540978	-0.158633101228362	0.330518377312616	positive	False	False	False
ENSMUSG00000038400	0.850208746365795	0.911845163601707	0.0159712285925893	4244.20784391452	988	0.9619883040935673	0.07047443162146802	0.03777169555318405	False	cKO/CRE	PMEPA1	PMEPA1	0.298734503994842	-0.00449619551973152	-0.30323069951457354	negative	True	False	False
ENSMUSG00000085289	0.850502872521005	0.912069474023874	0.0640155016835052	11.4513393379635	989	0.9629629629629629	0.07032421524610365	0.036797579719500366	False	cKO/CRE	GM15337	GM15337	-0.202971620910645	0.113228878831899	0.316200499742544	positive	True	False	False
ENSMUSG00000060470	0.850589589915191	0.912071339083845	0.066732881017042	29.7528612227939	990	0.9639376218323586	0.07027993677606836	0.03582308530683799	False	cKO/CRE	ADGRG3	ADGRG3	0.763093202863513	0.102810842045958	-0.660282360817555	negative	True	False	False
ENSMUSG00000085423	0.853271518007874	0.913868484185962	0.0789736236061657	8.899920908249	991	0.9649122807017544	0.06891275076775764	0.03485331842756518	False	cKO/CRE	GM54621	GM54621	0.184498588118074	0.503973694441763	0.31947510632368903	positive	False	False	False
ENSMUSG00000060703	0.86100729069435	0.918443867344993	-0.0326833166081985	396.02890769534	992	0.9658869395711501	0.06499317108418515	0.03389267276498643	False	cKO/CRE	CD302	CD302	0.49944802327577	-0.0308461704435606	-0.5302941937193306	negative	True	False	False
ENSMUSG00000120550	0.861492741505442	0.918714451247246	-0.0537820158632461	14.8960705131266	993	0.9668615984405458	0.06474837734237565	0.032918894912336995	False	cKO/CRE	GM30693	GM30693	-0.95919096679799	-0.137670491751324	0.821520475046666	positive	True	False	False
ENSMUSG00000084989	0.863013466302146	0.919559568531812	0.0858481659784443	17.6419462048946	994	0.9678362573099415	0.0639824275813313	0.0319469794592965	False	cKO/CRE	CROCC2	CROCC2	0.964244537356184	0.310996155711035	-0.653248381645149	negative	True	False	False
ENSMUSG00000000094	0.864540008570656	0.920284947270342	0.0741723759515399	12.3248218417327	995	0.9688109161793372	0.06321490395233396	0.030975069630619658	False	cKO/CRE	TBX4	TBX4	-1.0461889848839	-0.511931848491567	0.5342571363923331	positive	True	False	False
ENSMUSG00000097456	0.865202468640275	0.92065811688059	0.0732409856446998	7.23216875396162	996	0.969785575048733	0.06288225007977959	0.030001605754336247	False	cKO/CRE	GM16958	GM16958	-0.0900709654886995	-0.418281441052614	-0.32821047556391447	negative	True	False	False
ENSMUSG00000029710	0.865643050604365	0.9207617919961	-0.0242120068602568	743.710059064738	997	0.9707602339181286	0.06266115314439678	0.029027743218940253	False	cKO/CRE	EPHB4	EPHB4	0.386377829094846	-0.0151589181444146	-0.40153674723926064	negative	True	False	False
ENSMUSG00000006498	0.870034619450374	0.923693710921496	0.0188019351147928	1496.73493479322	998	0.9717348927875243	0.06046346607433407	0.028060944212618316	False	cKO/CRE	PTBP1	PTBP1	0.35901960614498	0.0116742817134326	-0.3473453244315474	negative	True	False	False
ENSMUSG00000030921	0.875060930114066	0.926571864782454	0.0424643700438099	197.383542009996	999	0.9727095516569201	0.05796170618792226	0.027095231838846837	False	cKO/CRE	TRIM30A	TRIM30A	0.754614908891043	0.0760111809433414	-0.6786037279477016	negative	True	False	False
ENSMUSG00000028539	0.876236044946074	0.927269494434259	0.0686918737845015	16.4183094638337	1000	0.9736842105263158	0.05737888560294594	0.02612266195662703	False	cKO/CRE	ARTN	ARTN	1.18705054905868	0.201730254789291	-0.985320294269389	negative	True	False	False
ENSMUSG00000000555	0.883915778952671	0.931977803968664	-0.0295074920854687	328.58371781805	1001	0.9746588693957114	0.05358911335639247	0.0251615524150736	False	cKO/CRE	ITGA5	ITGA5	0.589313346358832	-0.0270086164092919	-0.6163219627681239	negative	True	False	False
ENSMUSG00000074342	0.888119011961528	0.934715556958675	-0.0466869519872939	31.4231274847164	1002	0.9756335282651072	0.05152883289828791	0.02419426237341712	False	cKO/CRE	I830077J02RIK	I830077J02RIK	0.946361360514314	-0.111357032085695	-1.0577183926000089	negative	True	False	False
ENSMUSG00000002603	0.891611472674592	0.936983213965373	-0.0186333769818303	500.569345071757	1003	0.9766081871345029	0.049824351937860986	0.02322570084909315	False	cKO/CRE	TGFB1	TGFB1	0.35135442814468	-0.0233407146210437	-0.3746951427657237	negative	True	False	False
ENSMUSG00000036949	0.905481603804255	0.946038074856075	-0.0703527700961917	7.979922483776	1004	0.9775828460038987	0.043120368593939785	0.022275005512515093	False	cKO/CRE	SLC39A12	SLC39A12	0.95358777544892	-0.482548345057441	-1.436136120506361	negative	True	False	False
ENSMUSG00000029648	0.90899176236344	0.947756808378357	0.0133514031652847	1517.13786366834	1005	0.9785575048732943	0.04144005250554904	0.021306357632768735	False	cKO/CRE	FLT1	FLT1	0.354550563782029	-0.00533279312036962	-0.3598833569023986	negative	True	False	False
ENSMUSG00000047735	0.910584816648623	0.94858845356592	0.0172013823530373	959.041107868495	1006	0.97953216374269	0.04067959551772028	0.02033442255079106	False	cKO/CRE	SAMD9L	SAMD9L	0.416504431095927	0.0120773244210388	-0.4044271066748882	negative	True	False	False
ENSMUSG00000035448	0.911171491991895	0.948914937643906	-0.0525440288554872	8.09897277034187	1007	0.9805068226120858	0.04039987657633255	0.019360769506597396	False	cKO/CRE	CCR3	CCR3	1.72194089402034	-0.0781373745700382	-1.8000782685903782	negative	True	False	False
ENSMUSG00000096940	0.915447028148392	0.951621593522197	-0.0434744798332504	9.13151976304755	1008	0.9814814814814815	0.038366780852654804	0.01839338231775841	False	cKO/CRE	GM4755	GM4755	0.578357157976682	0.261889033024328	-0.316468124952354	negative	True	False	False
ENSMUSG00000026736	0.918068133719896	0.953166378211752	-0.0259683122729218	21.8677328021487	1009	0.9824561403508771	0.03712508677201243	0.017423166981385727	False	cKO/CRE	4930426L09RIK	4930426L09RIK	-0.569180104165484	0.0233422347237491	0.5925223388892331	positive	True	False	False
ENSMUSG00000035187	0.923259692326514	0.956269845861565	0.043398864277004	20.7406816767807	1010	0.9834307992202729	0.03467612445485842	0.01645726593057953	False	cKO/CRE	NKX6-1	NKX6-1	1.18383773053288	0.0723467366259133	-1.1114909939069666	negative	True	False	False
ENSMUSG00000086021	0.924336083715775	0.956743648409955	-0.0411041040592759	11.767416425634	1011	0.9844054580896686	0.034170092887050925	0.01548442163564959	False	cKO/CRE	GM15767	GM15767	1.07178296542221	0.0171648333425948	-1.054618132079615	negative	True	False	False
ENSMUSG00000042631	0.92845287428036	0.959031064920151	-0.0086526527775336	243.743627915994	1012	0.9853801169590644	0.03224013496070775	0.014516665874279062	False	cKO/CRE	XKR7	XKR7	-0.421779860953047	-0.0100887977630347	0.4116910631900123	positive	True	False	False
ENSMUSG00000029553	0.934207822423487	0.962131416597542	0.0385941334456681	11.097609757519	1013	0.98635477582846	0.029556500545204183	0.013551603446088993	False	cKO/CRE	TFEC	TFEC	1.13771621998009	-0.106463699218085	-1.244179919198175	negative	True	False	False
ENSMUSG00000097068	0.937850683803071	0.963757545279242	0.0117277760745786	77.272981112045	1014	0.9873294346978557	0.02786630059994055	0.012582990887226204	False	cKO/CRE	GM26760	GM26760	-0.440164500311654	-0.107662505469841	0.332501994841813	positive	True	False	False
ENSMUSG00000022941	0.938590227019482	0.964066708718687	-0.0297053727424116	20.6081514628626	1015	0.9883040935672515	0.027523972149528352	0.011609561583948573	False	cKO/CRE	RIPPLY3	RIPPLY3	0.834189088977589	-0.0649479224437142	-0.8991370114213032	negative	True	False	False
ENSMUSG00000064356	0.939779655480727	0.964630138409089	-0.0258738257198662	12.0823648616453	1016	0.9892787524366472	0.02697396089648145	0.010636874454522981	False	cKO/CRE	MT-ATP8	MT-ATP8	0.0666904593494514	-0.299615656745368	-0.3663061160948194	negative	False	False	False
ENSMUSG00000070547	0.941140860635873	0.965519485490808	0.0281907704357049	18.7120335306313	1017	0.9902534113060428	0.026345370814384952	0.009664468133867177	False	cKO/CRE	MRGPRB1	MRGPRB1	0.896648838707176	0.0572689797072069	-0.8393798589999691	negative	True	False	False
ENSMUSG00000045930	0.948060198133107	0.969795810868712	0.0115290873585645	483.813035670601	1018	0.9912280701754386	0.023164085776913118	0.008701184106558249	False	cKO/CRE	CLEC14A	CLEC14A	0.517568315513782	0.0108207406715511	-0.5067475748422309	negative	True	False	False
ENSMUSG00000040896	0.954687150310824	0.974245050074584	-0.0059112686211916	9228.16233740171	1019	0.9922027290448343	0.02013892281758286	0.00773734216245139	False	cKO/CRE	KCND3	KCND3	-0.331802428113836	-0.0102739393924739	0.3215284887213621	positive	True	False	False
ENSMUSG00000022150	0.955206662995489	0.974500557381359	-0.0137368709857052	1203.1276131521	1020	0.99317738791423	0.01990265680507324	0.006763533835166354	False	cKO/CRE	DAB2	DAB2	0.624307103687141	-0.0339704706956256	-0.6582775743827667	negative	True	False	False
ENSMUSG00000108118	0.958995253104971	0.976622473340707	0.0269119647863409	6.71136348521745	1021	0.9941520467836257	0.018183542522161682	0.005795024604384463	False	cKO/CRE	GM34312	GM34312	-0.973721032255639	-0.58114986165176	0.392571170603879	positive	True	False	False
ENSMUSG00000026343	0.961181906012952	0.977725371288807	0.0119338549568499	31.9630771122263	1022	0.9951267056530214	0.017194413266279008	0.004823906704069899	False	cKO/CRE	GPR39	GPR39	-0.578023649187975	-0.169583853421942	0.408439795766033	positive	True	False	False
ENSMUSG00000120064	0.964552298674954	0.979797446685433	-0.0161520904485847	9.79680823347137	1023	0.9961013645224172	0.0156742196425182	0.0038546866117721177	False	cKO/CRE	GM56823	GM56823	-0.658553790149861	0.0274546189126882	0.6860084090625492	positive	True	False	False
ENSMUSG00000037833	0.96507720332389	0.98007902716066	-0.0052258434134767	179.302636488863	1024	0.9970760233918129	0.015437942991539342	0.0028808783225044536	False	cKO/CRE	SH2D4B	SH2D4B	-0.310070495851129	0.018588509968637	0.328659005819766	positive	True	False	False
ENSMUSG00000120849	0.982418178817268	0.989978787216867	-0.0031521406071428	737.591977621	1025	0.9980506822612085	0.007703609876582423	0.0019338650368668998	False	cKO/CRE	GM56768	GM56768	0.384290526310555	-0.0247708589397791	-0.4090613852503341	negative	True	False	False
ENSMUSG00000033767	0.991796216301953	0.995413202690187	-0.0008925890325921	2353.98343179725	1026	0.9990253411306043	0.0035775528732184796	0.0009739572402353885	False	cKO/CRE	TMEM131L	TMEM131L	-0.338667382380771	0.000924839416519039	0.33959222179729004	positive	True	False	False
ENSMUSG00000044813	0.992240713010027	0.995767428226967	-0.0015280782753312	161.358438486286	1027	1.0	0.0033829572304474595	0.0	False	cKO/CRE	SHB	SHB	0.446275907801108	-0.0272263557367863	-0.47350226353789426	negative	True	False	False
